[2026-07-13T09:11:25.085+0000] {processor.py:161} INFO - Started process (PID=109) to work on /home/airflow/.local/lib/python3.8/site-packages/airflow/example_dags/example_python_decorator.py
[2026-07-13T09:11:25.088+0000] {processor.py:830} INFO - Processing file /home/airflow/.local/lib/python3.8/site-packages/airflow/example_dags/example_python_decorator.py for tasks to queue
[2026-07-13T09:11:25.091+0000] {logging_mixin.py:188} INFO - [2026-07-13T09:11:25.090+0000] {dagbag.py:538} INFO - Filling up the DagBag from /home/airflow/.local/lib/python3.8/site-packages/airflow/example_dags/example_python_decorator.py
[2026-07-13T09:11:25.122+0000] {processor.py:840} INFO - DAG(s) 'example_python_decorator' retrieved from /home/airflow/.local/lib/python3.8/site-packages/airflow/example_dags/example_python_decorator.py
[2026-07-13T09:11:25.334+0000] {logging_mixin.py:188} INFO - [2026-07-13T09:11:25.333+0000] {dag.py:3036} INFO - Sync 1 DAGs
[2026-07-13T09:11:25.355+0000] {logging_mixin.py:188} INFO - [2026-07-13T09:11:25.354+0000] {dag.py:3823} INFO - Setting next_dagrun for example_python_decorator to None, run_after=None
[2026-07-13T09:11:25.395+0000] {processor.py:183} INFO - Processing /home/airflow/.local/lib/python3.8/site-packages/airflow/example_dags/example_python_decorator.py took 0.317 seconds
[2026-07-13T09:11:56.056+0000] {processor.py:161} INFO - Started process (PID=165) to work on /home/airflow/.local/lib/python3.8/site-packages/airflow/example_dags/example_python_decorator.py
[2026-07-13T09:11:56.058+0000] {processor.py:830} INFO - Processing file /home/airflow/.local/lib/python3.8/site-packages/airflow/example_dags/example_python_decorator.py for tasks to queue
[2026-07-13T09:11:56.062+0000] {logging_mixin.py:188} INFO - [2026-07-13T09:11:56.061+0000] {dagbag.py:538} INFO - Filling up the DagBag from /home/airflow/.local/lib/python3.8/site-packages/airflow/example_dags/example_python_decorator.py
[2026-07-13T09:11:56.085+0000] {processor.py:840} INFO - DAG(s) 'example_python_decorator' retrieved from /home/airflow/.local/lib/python3.8/site-packages/airflow/example_dags/example_python_decorator.py
[2026-07-13T09:11:56.103+0000] {logging_mixin.py:188} INFO - [2026-07-13T09:11:56.102+0000] {dag.py:3036} INFO - Sync 1 DAGs
[2026-07-13T09:11:56.125+0000] {logging_mixin.py:188} INFO - [2026-07-13T09:11:56.124+0000] {dag.py:3823} INFO - Setting next_dagrun for example_python_decorator to None, run_after=None
[2026-07-13T09:11:56.161+0000] {processor.py:183} INFO - Processing /home/airflow/.local/lib/python3.8/site-packages/airflow/example_dags/example_python_decorator.py took 0.111 seconds
[2026-07-13T09:12:26.497+0000] {processor.py:161} INFO - Started process (PID=215) to work on /home/airflow/.local/lib/python3.8/site-packages/airflow/example_dags/example_python_decorator.py
[2026-07-13T09:12:26.498+0000] {processor.py:830} INFO - Processing file /home/airflow/.local/lib/python3.8/site-packages/airflow/example_dags/example_python_decorator.py for tasks to queue
[2026-07-13T09:12:26.500+0000] {logging_mixin.py:188} INFO - [2026-07-13T09:12:26.500+0000] {dagbag.py:538} INFO - Filling up the DagBag from /home/airflow/.local/lib/python3.8/site-packages/airflow/example_dags/example_python_decorator.py
[2026-07-13T09:12:26.513+0000] {processor.py:840} INFO - DAG(s) 'example_python_decorator' retrieved from /home/airflow/.local/lib/python3.8/site-packages/airflow/example_dags/example_python_decorator.py
[2026-07-13T09:12:26.609+0000] {logging_mixin.py:188} INFO - [2026-07-13T09:12:26.608+0000] {dag.py:3036} INFO - Sync 1 DAGs
[2026-07-13T09:12:26.617+0000] {logging_mixin.py:188} INFO - [2026-07-13T09:12:26.617+0000] {dag.py:3823} INFO - Setting next_dagrun for example_python_decorator to None, run_after=None
[2026-07-13T09:12:26.634+0000] {processor.py:183} INFO - Processing /home/airflow/.local/lib/python3.8/site-packages/airflow/example_dags/example_python_decorator.py took 0.141 seconds
[2026-07-13T09:12:56.678+0000] {processor.py:161} INFO - Started process (PID=281) to work on /home/airflow/.local/lib/python3.8/site-packages/airflow/example_dags/example_python_decorator.py
[2026-07-13T09:12:56.680+0000] {processor.py:830} INFO - Processing file /home/airflow/.local/lib/python3.8/site-packages/airflow/example_dags/example_python_decorator.py for tasks to queue
[2026-07-13T09:12:56.683+0000] {logging_mixin.py:188} INFO - [2026-07-13T09:12:56.683+0000] {dagbag.py:538} INFO - Filling up the DagBag from /home/airflow/.local/lib/python3.8/site-packages/airflow/example_dags/example_python_decorator.py
[2026-07-13T09:12:56.704+0000] {processor.py:840} INFO - DAG(s) 'example_python_decorator' retrieved from /home/airflow/.local/lib/python3.8/site-packages/airflow/example_dags/example_python_decorator.py
[2026-07-13T09:12:56.737+0000] {logging_mixin.py:188} INFO - [2026-07-13T09:12:56.737+0000] {dag.py:3036} INFO - Sync 1 DAGs
[2026-07-13T09:12:56.753+0000] {logging_mixin.py:188} INFO - [2026-07-13T09:12:56.752+0000] {dag.py:3823} INFO - Setting next_dagrun for example_python_decorator to None, run_after=None
[2026-07-13T09:12:56.782+0000] {processor.py:183} INFO - Processing /home/airflow/.local/lib/python3.8/site-packages/airflow/example_dags/example_python_decorator.py took 0.109 seconds
[2026-07-13T09:13:27.095+0000] {processor.py:161} INFO - Started process (PID=335) to work on /home/airflow/.local/lib/python3.8/site-packages/airflow/example_dags/example_python_decorator.py
[2026-07-13T09:13:27.097+0000] {processor.py:830} INFO - Processing file /home/airflow/.local/lib/python3.8/site-packages/airflow/example_dags/example_python_decorator.py for tasks to queue
[2026-07-13T09:13:27.098+0000] {logging_mixin.py:188} INFO - [2026-07-13T09:13:27.098+0000] {dagbag.py:538} INFO - Filling up the DagBag from /home/airflow/.local/lib/python3.8/site-packages/airflow/example_dags/example_python_decorator.py
[2026-07-13T09:13:27.115+0000] {processor.py:840} INFO - DAG(s) 'example_python_decorator' retrieved from /home/airflow/.local/lib/python3.8/site-packages/airflow/example_dags/example_python_decorator.py
[2026-07-13T09:13:27.141+0000] {logging_mixin.py:188} INFO - [2026-07-13T09:13:27.141+0000] {dag.py:3036} INFO - Sync 1 DAGs
[2026-07-13T09:13:27.159+0000] {logging_mixin.py:188} INFO - [2026-07-13T09:13:27.159+0000] {dag.py:3823} INFO - Setting next_dagrun for example_python_decorator to None, run_after=None
[2026-07-13T09:13:27.186+0000] {processor.py:183} INFO - Processing /home/airflow/.local/lib/python3.8/site-packages/airflow/example_dags/example_python_decorator.py took 0.096 seconds
[2026-07-13T09:13:57.512+0000] {processor.py:161} INFO - Started process (PID=391) to work on /home/airflow/.local/lib/python3.8/site-packages/airflow/example_dags/example_python_decorator.py
[2026-07-13T09:13:57.513+0000] {processor.py:830} INFO - Processing file /home/airflow/.local/lib/python3.8/site-packages/airflow/example_dags/example_python_decorator.py for tasks to queue
[2026-07-13T09:13:57.516+0000] {logging_mixin.py:188} INFO - [2026-07-13T09:13:57.515+0000] {dagbag.py:538} INFO - Filling up the DagBag from /home/airflow/.local/lib/python3.8/site-packages/airflow/example_dags/example_python_decorator.py
[2026-07-13T09:13:57.527+0000] {processor.py:840} INFO - DAG(s) 'example_python_decorator' retrieved from /home/airflow/.local/lib/python3.8/site-packages/airflow/example_dags/example_python_decorator.py
[2026-07-13T09:13:57.549+0000] {logging_mixin.py:188} INFO - [2026-07-13T09:13:57.549+0000] {dag.py:3036} INFO - Sync 1 DAGs
[2026-07-13T09:13:57.561+0000] {logging_mixin.py:188} INFO - [2026-07-13T09:13:57.561+0000] {dag.py:3823} INFO - Setting next_dagrun for example_python_decorator to None, run_after=None
[2026-07-13T09:13:57.580+0000] {processor.py:183} INFO - Processing /home/airflow/.local/lib/python3.8/site-packages/airflow/example_dags/example_python_decorator.py took 0.072 seconds
[2026-07-13T09:14:27.813+0000] {processor.py:161} INFO - Started process (PID=447) to work on /home/airflow/.local/lib/python3.8/site-packages/airflow/example_dags/example_python_decorator.py
[2026-07-13T09:14:27.815+0000] {processor.py:830} INFO - Processing file /home/airflow/.local/lib/python3.8/site-packages/airflow/example_dags/example_python_decorator.py for tasks to queue
[2026-07-13T09:14:27.818+0000] {logging_mixin.py:188} INFO - [2026-07-13T09:14:27.818+0000] {dagbag.py:538} INFO - Filling up the DagBag from /home/airflow/.local/lib/python3.8/site-packages/airflow/example_dags/example_python_decorator.py
[2026-07-13T09:14:27.840+0000] {processor.py:840} INFO - DAG(s) 'example_python_decorator' retrieved from /home/airflow/.local/lib/python3.8/site-packages/airflow/example_dags/example_python_decorator.py
[2026-07-13T09:14:27.871+0000] {logging_mixin.py:188} INFO - [2026-07-13T09:14:27.870+0000] {dag.py:3036} INFO - Sync 1 DAGs
[2026-07-13T09:14:27.887+0000] {logging_mixin.py:188} INFO - [2026-07-13T09:14:27.887+0000] {dag.py:3823} INFO - Setting next_dagrun for example_python_decorator to None, run_after=None
[2026-07-13T09:14:27.914+0000] {processor.py:183} INFO - Processing /home/airflow/.local/lib/python3.8/site-packages/airflow/example_dags/example_python_decorator.py took 0.107 seconds
[2026-07-13T09:14:58.019+0000] {processor.py:161} INFO - Started process (PID=503) to work on /home/airflow/.local/lib/python3.8/site-packages/airflow/example_dags/example_python_decorator.py
[2026-07-13T09:14:58.021+0000] {processor.py:830} INFO - Processing file /home/airflow/.local/lib/python3.8/site-packages/airflow/example_dags/example_python_decorator.py for tasks to queue
[2026-07-13T09:14:58.024+0000] {logging_mixin.py:188} INFO - [2026-07-13T09:14:58.023+0000] {dagbag.py:538} INFO - Filling up the DagBag from /home/airflow/.local/lib/python3.8/site-packages/airflow/example_dags/example_python_decorator.py
[2026-07-13T09:14:58.039+0000] {processor.py:840} INFO - DAG(s) 'example_python_decorator' retrieved from /home/airflow/.local/lib/python3.8/site-packages/airflow/example_dags/example_python_decorator.py
[2026-07-13T09:14:58.065+0000] {logging_mixin.py:188} INFO - [2026-07-13T09:14:58.065+0000] {dag.py:3036} INFO - Sync 1 DAGs
[2026-07-13T09:14:58.078+0000] {logging_mixin.py:188} INFO - [2026-07-13T09:14:58.078+0000] {dag.py:3823} INFO - Setting next_dagrun for example_python_decorator to None, run_after=None
[2026-07-13T09:14:58.100+0000] {processor.py:183} INFO - Processing /home/airflow/.local/lib/python3.8/site-packages/airflow/example_dags/example_python_decorator.py took 0.084 seconds
[2026-07-13T09:15:28.156+0000] {processor.py:161} INFO - Started process (PID=564) to work on /home/airflow/.local/lib/python3.8/site-packages/airflow/example_dags/example_python_decorator.py
[2026-07-13T09:15:28.158+0000] {processor.py:830} INFO - Processing file /home/airflow/.local/lib/python3.8/site-packages/airflow/example_dags/example_python_decorator.py for tasks to queue
[2026-07-13T09:15:28.160+0000] {logging_mixin.py:188} INFO - [2026-07-13T09:15:28.160+0000] {dagbag.py:538} INFO - Filling up the DagBag from /home/airflow/.local/lib/python3.8/site-packages/airflow/example_dags/example_python_decorator.py
[2026-07-13T09:15:28.173+0000] {processor.py:840} INFO - DAG(s) 'example_python_decorator' retrieved from /home/airflow/.local/lib/python3.8/site-packages/airflow/example_dags/example_python_decorator.py
[2026-07-13T09:15:28.195+0000] {logging_mixin.py:188} INFO - [2026-07-13T09:15:28.195+0000] {dag.py:3036} INFO - Sync 1 DAGs
[2026-07-13T09:15:28.206+0000] {logging_mixin.py:188} INFO - [2026-07-13T09:15:28.206+0000] {dag.py:3823} INFO - Setting next_dagrun for example_python_decorator to None, run_after=None
[2026-07-13T09:15:28.226+0000] {processor.py:183} INFO - Processing /home/airflow/.local/lib/python3.8/site-packages/airflow/example_dags/example_python_decorator.py took 0.073 seconds
[2026-07-13T09:15:58.399+0000] {processor.py:161} INFO - Started process (PID=621) to work on /home/airflow/.local/lib/python3.8/site-packages/airflow/example_dags/example_python_decorator.py
[2026-07-13T09:15:58.401+0000] {processor.py:830} INFO - Processing file /home/airflow/.local/lib/python3.8/site-packages/airflow/example_dags/example_python_decorator.py for tasks to queue
[2026-07-13T09:15:58.402+0000] {logging_mixin.py:188} INFO - [2026-07-13T09:15:58.402+0000] {dagbag.py:538} INFO - Filling up the DagBag from /home/airflow/.local/lib/python3.8/site-packages/airflow/example_dags/example_python_decorator.py
[2026-07-13T09:15:58.412+0000] {processor.py:840} INFO - DAG(s) 'example_python_decorator' retrieved from /home/airflow/.local/lib/python3.8/site-packages/airflow/example_dags/example_python_decorator.py
[2026-07-13T09:15:58.429+0000] {logging_mixin.py:188} INFO - [2026-07-13T09:15:58.428+0000] {dag.py:3036} INFO - Sync 1 DAGs
[2026-07-13T09:15:58.438+0000] {logging_mixin.py:188} INFO - [2026-07-13T09:15:58.438+0000] {dag.py:3823} INFO - Setting next_dagrun for example_python_decorator to None, run_after=None
[2026-07-13T09:15:58.454+0000] {processor.py:183} INFO - Processing /home/airflow/.local/lib/python3.8/site-packages/airflow/example_dags/example_python_decorator.py took 0.057 seconds
[2026-07-13T10:09:02.640+0000] {processor.py:161} INFO - Started process (PID=180) to work on /home/airflow/.local/lib/python3.8/site-packages/airflow/example_dags/example_python_decorator.py
[2026-07-13T10:09:02.642+0000] {processor.py:830} INFO - Processing file /home/airflow/.local/lib/python3.8/site-packages/airflow/example_dags/example_python_decorator.py for tasks to queue
[2026-07-13T10:09:02.644+0000] {logging_mixin.py:188} INFO - [2026-07-13T10:09:02.644+0000] {dagbag.py:538} INFO - Filling up the DagBag from /home/airflow/.local/lib/python3.8/site-packages/airflow/example_dags/example_python_decorator.py
[2026-07-13T10:09:02.662+0000] {processor.py:840} INFO - DAG(s) 'example_python_decorator' retrieved from /home/airflow/.local/lib/python3.8/site-packages/airflow/example_dags/example_python_decorator.py
[2026-07-13T10:09:02.819+0000] {logging_mixin.py:188} INFO - [2026-07-13T10:09:02.818+0000] {dag.py:3036} INFO - Sync 1 DAGs
[2026-07-13T10:09:02.837+0000] {logging_mixin.py:188} INFO - [2026-07-13T10:09:02.837+0000] {dag.py:3823} INFO - Setting next_dagrun for example_python_decorator to None, run_after=None
[2026-07-13T10:09:02.873+0000] {processor.py:183} INFO - Processing /home/airflow/.local/lib/python3.8/site-packages/airflow/example_dags/example_python_decorator.py took 0.237 seconds
[2026-07-13T10:09:33.612+0000] {processor.py:161} INFO - Started process (PID=236) to work on /home/airflow/.local/lib/python3.8/site-packages/airflow/example_dags/example_python_decorator.py
[2026-07-13T10:09:33.614+0000] {processor.py:830} INFO - Processing file /home/airflow/.local/lib/python3.8/site-packages/airflow/example_dags/example_python_decorator.py for tasks to queue
[2026-07-13T10:09:33.617+0000] {logging_mixin.py:188} INFO - [2026-07-13T10:09:33.616+0000] {dagbag.py:538} INFO - Filling up the DagBag from /home/airflow/.local/lib/python3.8/site-packages/airflow/example_dags/example_python_decorator.py
[2026-07-13T10:09:33.638+0000] {processor.py:840} INFO - DAG(s) 'example_python_decorator' retrieved from /home/airflow/.local/lib/python3.8/site-packages/airflow/example_dags/example_python_decorator.py
[2026-07-13T10:09:33.675+0000] {logging_mixin.py:188} INFO - [2026-07-13T10:09:33.675+0000] {dag.py:3036} INFO - Sync 1 DAGs
[2026-07-13T10:09:33.687+0000] {logging_mixin.py:188} INFO - [2026-07-13T10:09:33.687+0000] {dag.py:3823} INFO - Setting next_dagrun for example_python_decorator to None, run_after=None
[2026-07-13T10:09:33.716+0000] {processor.py:183} INFO - Processing /home/airflow/.local/lib/python3.8/site-packages/airflow/example_dags/example_python_decorator.py took 0.108 seconds
[2026-07-13T10:10:04.241+0000] {processor.py:161} INFO - Started process (PID=292) to work on /home/airflow/.local/lib/python3.8/site-packages/airflow/example_dags/example_python_decorator.py
[2026-07-13T10:10:04.243+0000] {processor.py:830} INFO - Processing file /home/airflow/.local/lib/python3.8/site-packages/airflow/example_dags/example_python_decorator.py for tasks to queue
[2026-07-13T10:10:04.244+0000] {logging_mixin.py:188} INFO - [2026-07-13T10:10:04.244+0000] {dagbag.py:538} INFO - Filling up the DagBag from /home/airflow/.local/lib/python3.8/site-packages/airflow/example_dags/example_python_decorator.py
[2026-07-13T10:10:04.259+0000] {processor.py:840} INFO - DAG(s) 'example_python_decorator' retrieved from /home/airflow/.local/lib/python3.8/site-packages/airflow/example_dags/example_python_decorator.py
[2026-07-13T10:10:04.284+0000] {logging_mixin.py:188} INFO - [2026-07-13T10:10:04.283+0000] {dag.py:3036} INFO - Sync 1 DAGs
[2026-07-13T10:10:04.299+0000] {logging_mixin.py:188} INFO - [2026-07-13T10:10:04.298+0000] {dag.py:3823} INFO - Setting next_dagrun for example_python_decorator to None, run_after=None
[2026-07-13T10:10:04.322+0000] {processor.py:183} INFO - Processing /home/airflow/.local/lib/python3.8/site-packages/airflow/example_dags/example_python_decorator.py took 0.085 seconds
[2026-07-13T10:10:34.999+0000] {processor.py:161} INFO - Started process (PID=348) to work on /home/airflow/.local/lib/python3.8/site-packages/airflow/example_dags/example_python_decorator.py
[2026-07-13T10:10:35.000+0000] {processor.py:830} INFO - Processing file /home/airflow/.local/lib/python3.8/site-packages/airflow/example_dags/example_python_decorator.py for tasks to queue
[2026-07-13T10:10:35.002+0000] {logging_mixin.py:188} INFO - [2026-07-13T10:10:35.002+0000] {dagbag.py:538} INFO - Filling up the DagBag from /home/airflow/.local/lib/python3.8/site-packages/airflow/example_dags/example_python_decorator.py
[2026-07-13T10:10:35.016+0000] {processor.py:840} INFO - DAG(s) 'example_python_decorator' retrieved from /home/airflow/.local/lib/python3.8/site-packages/airflow/example_dags/example_python_decorator.py
[2026-07-13T10:10:35.044+0000] {logging_mixin.py:188} INFO - [2026-07-13T10:10:35.044+0000] {dag.py:3036} INFO - Sync 1 DAGs
[2026-07-13T10:10:35.058+0000] {logging_mixin.py:188} INFO - [2026-07-13T10:10:35.058+0000] {dag.py:3823} INFO - Setting next_dagrun for example_python_decorator to None, run_after=None
[2026-07-13T10:10:35.083+0000] {processor.py:183} INFO - Processing /home/airflow/.local/lib/python3.8/site-packages/airflow/example_dags/example_python_decorator.py took 0.089 seconds
[2026-07-13T10:11:05.198+0000] {processor.py:161} INFO - Started process (PID=404) to work on /home/airflow/.local/lib/python3.8/site-packages/airflow/example_dags/example_python_decorator.py
[2026-07-13T10:11:05.199+0000] {processor.py:830} INFO - Processing file /home/airflow/.local/lib/python3.8/site-packages/airflow/example_dags/example_python_decorator.py for tasks to queue
[2026-07-13T10:11:05.202+0000] {logging_mixin.py:188} INFO - [2026-07-13T10:11:05.201+0000] {dagbag.py:538} INFO - Filling up the DagBag from /home/airflow/.local/lib/python3.8/site-packages/airflow/example_dags/example_python_decorator.py
[2026-07-13T10:11:05.217+0000] {processor.py:840} INFO - DAG(s) 'example_python_decorator' retrieved from /home/airflow/.local/lib/python3.8/site-packages/airflow/example_dags/example_python_decorator.py
[2026-07-13T10:11:05.241+0000] {logging_mixin.py:188} INFO - [2026-07-13T10:11:05.240+0000] {dag.py:3036} INFO - Sync 1 DAGs
[2026-07-13T10:11:05.254+0000] {logging_mixin.py:188} INFO - [2026-07-13T10:11:05.254+0000] {dag.py:3823} INFO - Setting next_dagrun for example_python_decorator to None, run_after=None
[2026-07-13T10:11:05.277+0000] {processor.py:183} INFO - Processing /home/airflow/.local/lib/python3.8/site-packages/airflow/example_dags/example_python_decorator.py took 0.084 seconds
[2026-07-13T10:11:36.062+0000] {processor.py:161} INFO - Started process (PID=460) to work on /home/airflow/.local/lib/python3.8/site-packages/airflow/example_dags/example_python_decorator.py
[2026-07-13T10:11:36.064+0000] {processor.py:830} INFO - Processing file /home/airflow/.local/lib/python3.8/site-packages/airflow/example_dags/example_python_decorator.py for tasks to queue
[2026-07-13T10:11:36.066+0000] {logging_mixin.py:188} INFO - [2026-07-13T10:11:36.066+0000] {dagbag.py:538} INFO - Filling up the DagBag from /home/airflow/.local/lib/python3.8/site-packages/airflow/example_dags/example_python_decorator.py
[2026-07-13T10:11:36.081+0000] {processor.py:840} INFO - DAG(s) 'example_python_decorator' retrieved from /home/airflow/.local/lib/python3.8/site-packages/airflow/example_dags/example_python_decorator.py
[2026-07-13T10:11:36.095+0000] {logging_mixin.py:188} INFO - [2026-07-13T10:11:36.094+0000] {dag.py:3036} INFO - Sync 1 DAGs
[2026-07-13T10:11:36.108+0000] {logging_mixin.py:188} INFO - [2026-07-13T10:11:36.108+0000] {dag.py:3823} INFO - Setting next_dagrun for example_python_decorator to None, run_after=None
[2026-07-13T10:11:36.130+0000] {processor.py:183} INFO - Processing /home/airflow/.local/lib/python3.8/site-packages/airflow/example_dags/example_python_decorator.py took 0.072 seconds
[2026-07-13T10:12:09.182+0000] {processor.py:161} INFO - Started process (PID=516) to work on /home/airflow/.local/lib/python3.8/site-packages/airflow/example_dags/example_python_decorator.py
[2026-07-13T10:12:09.185+0000] {processor.py:830} INFO - Processing file /home/airflow/.local/lib/python3.8/site-packages/airflow/example_dags/example_python_decorator.py for tasks to queue
[2026-07-13T10:12:09.190+0000] {logging_mixin.py:188} INFO - [2026-07-13T10:12:09.189+0000] {dagbag.py:538} INFO - Filling up the DagBag from /home/airflow/.local/lib/python3.8/site-packages/airflow/example_dags/example_python_decorator.py
[2026-07-13T10:12:09.229+0000] {processor.py:840} INFO - DAG(s) 'example_python_decorator' retrieved from /home/airflow/.local/lib/python3.8/site-packages/airflow/example_dags/example_python_decorator.py
[2026-07-13T10:12:09.474+0000] {logging_mixin.py:188} INFO - [2026-07-13T10:12:09.474+0000] {dag.py:3036} INFO - Sync 1 DAGs
[2026-07-13T10:12:09.498+0000] {logging_mixin.py:188} INFO - [2026-07-13T10:12:09.497+0000] {dag.py:3823} INFO - Setting next_dagrun for example_python_decorator to None, run_after=None
[2026-07-13T10:12:09.548+0000] {processor.py:183} INFO - Processing /home/airflow/.local/lib/python3.8/site-packages/airflow/example_dags/example_python_decorator.py took 0.373 seconds
[2026-07-13T10:12:40.137+0000] {processor.py:161} INFO - Started process (PID=572) to work on /home/airflow/.local/lib/python3.8/site-packages/airflow/example_dags/example_python_decorator.py
[2026-07-13T10:12:40.139+0000] {processor.py:830} INFO - Processing file /home/airflow/.local/lib/python3.8/site-packages/airflow/example_dags/example_python_decorator.py for tasks to queue
[2026-07-13T10:12:40.143+0000] {logging_mixin.py:188} INFO - [2026-07-13T10:12:40.142+0000] {dagbag.py:538} INFO - Filling up the DagBag from /home/airflow/.local/lib/python3.8/site-packages/airflow/example_dags/example_python_decorator.py
[2026-07-13T10:12:40.157+0000] {processor.py:840} INFO - DAG(s) 'example_python_decorator' retrieved from /home/airflow/.local/lib/python3.8/site-packages/airflow/example_dags/example_python_decorator.py
[2026-07-13T10:12:40.180+0000] {logging_mixin.py:188} INFO - [2026-07-13T10:12:40.179+0000] {dag.py:3036} INFO - Sync 1 DAGs
[2026-07-13T10:12:40.193+0000] {logging_mixin.py:188} INFO - [2026-07-13T10:12:40.192+0000] {dag.py:3823} INFO - Setting next_dagrun for example_python_decorator to None, run_after=None
[2026-07-13T10:12:40.216+0000] {processor.py:183} INFO - Processing /home/airflow/.local/lib/python3.8/site-packages/airflow/example_dags/example_python_decorator.py took 0.082 seconds
[2026-07-13T10:13:10.641+0000] {processor.py:161} INFO - Started process (PID=628) to work on /home/airflow/.local/lib/python3.8/site-packages/airflow/example_dags/example_python_decorator.py
[2026-07-13T10:13:10.642+0000] {processor.py:830} INFO - Processing file /home/airflow/.local/lib/python3.8/site-packages/airflow/example_dags/example_python_decorator.py for tasks to queue
[2026-07-13T10:13:10.645+0000] {logging_mixin.py:188} INFO - [2026-07-13T10:13:10.645+0000] {dagbag.py:538} INFO - Filling up the DagBag from /home/airflow/.local/lib/python3.8/site-packages/airflow/example_dags/example_python_decorator.py
[2026-07-13T10:13:10.662+0000] {processor.py:840} INFO - DAG(s) 'example_python_decorator' retrieved from /home/airflow/.local/lib/python3.8/site-packages/airflow/example_dags/example_python_decorator.py
[2026-07-13T10:13:10.683+0000] {logging_mixin.py:188} INFO - [2026-07-13T10:13:10.683+0000] {dag.py:3036} INFO - Sync 1 DAGs
[2026-07-13T10:13:10.695+0000] {logging_mixin.py:188} INFO - [2026-07-13T10:13:10.694+0000] {dag.py:3823} INFO - Setting next_dagrun for example_python_decorator to None, run_after=None
[2026-07-13T10:13:10.716+0000] {processor.py:183} INFO - Processing /home/airflow/.local/lib/python3.8/site-packages/airflow/example_dags/example_python_decorator.py took 0.080 seconds
[2026-07-13T10:13:41.304+0000] {processor.py:161} INFO - Started process (PID=697) to work on /home/airflow/.local/lib/python3.8/site-packages/airflow/example_dags/example_python_decorator.py
[2026-07-13T10:13:41.306+0000] {processor.py:830} INFO - Processing file /home/airflow/.local/lib/python3.8/site-packages/airflow/example_dags/example_python_decorator.py for tasks to queue
[2026-07-13T10:13:41.308+0000] {logging_mixin.py:188} INFO - [2026-07-13T10:13:41.308+0000] {dagbag.py:538} INFO - Filling up the DagBag from /home/airflow/.local/lib/python3.8/site-packages/airflow/example_dags/example_python_decorator.py
[2026-07-13T10:13:41.323+0000] {processor.py:840} INFO - DAG(s) 'example_python_decorator' retrieved from /home/airflow/.local/lib/python3.8/site-packages/airflow/example_dags/example_python_decorator.py
[2026-07-13T10:13:41.350+0000] {logging_mixin.py:188} INFO - [2026-07-13T10:13:41.350+0000] {dag.py:3036} INFO - Sync 1 DAGs
[2026-07-13T10:13:41.363+0000] {logging_mixin.py:188} INFO - [2026-07-13T10:13:41.363+0000] {dag.py:3823} INFO - Setting next_dagrun for example_python_decorator to None, run_after=None
[2026-07-13T10:13:41.390+0000] {processor.py:183} INFO - Processing /home/airflow/.local/lib/python3.8/site-packages/airflow/example_dags/example_python_decorator.py took 0.091 seconds
[2026-07-13T10:14:11.675+0000] {processor.py:161} INFO - Started process (PID=753) to work on /home/airflow/.local/lib/python3.8/site-packages/airflow/example_dags/example_python_decorator.py
[2026-07-13T10:14:11.679+0000] {processor.py:830} INFO - Processing file /home/airflow/.local/lib/python3.8/site-packages/airflow/example_dags/example_python_decorator.py for tasks to queue
[2026-07-13T10:14:11.682+0000] {logging_mixin.py:188} INFO - [2026-07-13T10:14:11.682+0000] {dagbag.py:538} INFO - Filling up the DagBag from /home/airflow/.local/lib/python3.8/site-packages/airflow/example_dags/example_python_decorator.py
[2026-07-13T10:14:11.709+0000] {processor.py:840} INFO - DAG(s) 'example_python_decorator' retrieved from /home/airflow/.local/lib/python3.8/site-packages/airflow/example_dags/example_python_decorator.py
[2026-07-13T10:14:11.747+0000] {logging_mixin.py:188} INFO - [2026-07-13T10:14:11.747+0000] {dag.py:3036} INFO - Sync 1 DAGs
[2026-07-13T10:14:11.760+0000] {logging_mixin.py:188} INFO - [2026-07-13T10:14:11.760+0000] {dag.py:3823} INFO - Setting next_dagrun for example_python_decorator to None, run_after=None
[2026-07-13T10:14:11.785+0000] {processor.py:183} INFO - Processing /home/airflow/.local/lib/python3.8/site-packages/airflow/example_dags/example_python_decorator.py took 0.114 seconds
[2026-07-13T10:14:42.092+0000] {processor.py:161} INFO - Started process (PID=809) to work on /home/airflow/.local/lib/python3.8/site-packages/airflow/example_dags/example_python_decorator.py
[2026-07-13T10:14:42.094+0000] {processor.py:830} INFO - Processing file /home/airflow/.local/lib/python3.8/site-packages/airflow/example_dags/example_python_decorator.py for tasks to queue
[2026-07-13T10:14:42.096+0000] {logging_mixin.py:188} INFO - [2026-07-13T10:14:42.096+0000] {dagbag.py:538} INFO - Filling up the DagBag from /home/airflow/.local/lib/python3.8/site-packages/airflow/example_dags/example_python_decorator.py
[2026-07-13T10:14:42.116+0000] {processor.py:840} INFO - DAG(s) 'example_python_decorator' retrieved from /home/airflow/.local/lib/python3.8/site-packages/airflow/example_dags/example_python_decorator.py
[2026-07-13T10:14:42.146+0000] {logging_mixin.py:188} INFO - [2026-07-13T10:14:42.145+0000] {dag.py:3036} INFO - Sync 1 DAGs
[2026-07-13T10:14:42.161+0000] {logging_mixin.py:188} INFO - [2026-07-13T10:14:42.161+0000] {dag.py:3823} INFO - Setting next_dagrun for example_python_decorator to None, run_after=None
[2026-07-13T10:14:42.182+0000] {processor.py:183} INFO - Processing /home/airflow/.local/lib/python3.8/site-packages/airflow/example_dags/example_python_decorator.py took 0.094 seconds
[2026-07-13T10:15:12.514+0000] {processor.py:161} INFO - Started process (PID=865) to work on /home/airflow/.local/lib/python3.8/site-packages/airflow/example_dags/example_python_decorator.py
[2026-07-13T10:15:12.516+0000] {processor.py:830} INFO - Processing file /home/airflow/.local/lib/python3.8/site-packages/airflow/example_dags/example_python_decorator.py for tasks to queue
[2026-07-13T10:15:12.518+0000] {logging_mixin.py:188} INFO - [2026-07-13T10:15:12.517+0000] {dagbag.py:538} INFO - Filling up the DagBag from /home/airflow/.local/lib/python3.8/site-packages/airflow/example_dags/example_python_decorator.py
[2026-07-13T10:15:12.534+0000] {processor.py:840} INFO - DAG(s) 'example_python_decorator' retrieved from /home/airflow/.local/lib/python3.8/site-packages/airflow/example_dags/example_python_decorator.py
[2026-07-13T10:15:12.584+0000] {logging_mixin.py:188} INFO - [2026-07-13T10:15:12.584+0000] {dag.py:3036} INFO - Sync 1 DAGs
[2026-07-13T10:15:12.602+0000] {logging_mixin.py:188} INFO - [2026-07-13T10:15:12.601+0000] {dag.py:3823} INFO - Setting next_dagrun for example_python_decorator to None, run_after=None
[2026-07-13T10:15:12.644+0000] {processor.py:183} INFO - Processing /home/airflow/.local/lib/python3.8/site-packages/airflow/example_dags/example_python_decorator.py took 0.135 seconds
[2026-07-13T10:15:42.908+0000] {processor.py:161} INFO - Started process (PID=922) to work on /home/airflow/.local/lib/python3.8/site-packages/airflow/example_dags/example_python_decorator.py
[2026-07-13T10:15:42.910+0000] {processor.py:830} INFO - Processing file /home/airflow/.local/lib/python3.8/site-packages/airflow/example_dags/example_python_decorator.py for tasks to queue
[2026-07-13T10:15:42.912+0000] {logging_mixin.py:188} INFO - [2026-07-13T10:15:42.912+0000] {dagbag.py:538} INFO - Filling up the DagBag from /home/airflow/.local/lib/python3.8/site-packages/airflow/example_dags/example_python_decorator.py
[2026-07-13T10:15:42.929+0000] {processor.py:840} INFO - DAG(s) 'example_python_decorator' retrieved from /home/airflow/.local/lib/python3.8/site-packages/airflow/example_dags/example_python_decorator.py
[2026-07-13T10:15:42.968+0000] {logging_mixin.py:188} INFO - [2026-07-13T10:15:42.967+0000] {dag.py:3036} INFO - Sync 1 DAGs
[2026-07-13T10:15:42.987+0000] {logging_mixin.py:188} INFO - [2026-07-13T10:15:42.986+0000] {dag.py:3823} INFO - Setting next_dagrun for example_python_decorator to None, run_after=None
[2026-07-13T10:15:43.019+0000] {processor.py:183} INFO - Processing /home/airflow/.local/lib/python3.8/site-packages/airflow/example_dags/example_python_decorator.py took 0.116 seconds
[2026-07-13T10:16:13.188+0000] {processor.py:161} INFO - Started process (PID=978) to work on /home/airflow/.local/lib/python3.8/site-packages/airflow/example_dags/example_python_decorator.py
[2026-07-13T10:16:13.190+0000] {processor.py:830} INFO - Processing file /home/airflow/.local/lib/python3.8/site-packages/airflow/example_dags/example_python_decorator.py for tasks to queue
[2026-07-13T10:16:13.194+0000] {logging_mixin.py:188} INFO - [2026-07-13T10:16:13.193+0000] {dagbag.py:538} INFO - Filling up the DagBag from /home/airflow/.local/lib/python3.8/site-packages/airflow/example_dags/example_python_decorator.py
[2026-07-13T10:16:13.208+0000] {processor.py:840} INFO - DAG(s) 'example_python_decorator' retrieved from /home/airflow/.local/lib/python3.8/site-packages/airflow/example_dags/example_python_decorator.py
[2026-07-13T10:16:13.235+0000] {logging_mixin.py:188} INFO - [2026-07-13T10:16:13.235+0000] {dag.py:3036} INFO - Sync 1 DAGs
[2026-07-13T10:16:13.248+0000] {logging_mixin.py:188} INFO - [2026-07-13T10:16:13.248+0000] {dag.py:3823} INFO - Setting next_dagrun for example_python_decorator to None, run_after=None
[2026-07-13T10:16:13.274+0000] {processor.py:183} INFO - Processing /home/airflow/.local/lib/python3.8/site-packages/airflow/example_dags/example_python_decorator.py took 0.091 seconds
[2026-07-13T10:25:21.291+0000] {processor.py:161} INFO - Started process (PID=1048) to work on /home/airflow/.local/lib/python3.8/site-packages/airflow/example_dags/example_python_decorator.py
[2026-07-13T10:25:21.299+0000] {processor.py:830} INFO - Processing file /home/airflow/.local/lib/python3.8/site-packages/airflow/example_dags/example_python_decorator.py for tasks to queue
[2026-07-13T10:25:21.301+0000] {logging_mixin.py:188} INFO - [2026-07-13T10:25:21.300+0000] {dagbag.py:538} INFO - Filling up the DagBag from /home/airflow/.local/lib/python3.8/site-packages/airflow/example_dags/example_python_decorator.py
[2026-07-13T10:25:21.390+0000] {processor.py:840} INFO - DAG(s) 'example_python_decorator' retrieved from /home/airflow/.local/lib/python3.8/site-packages/airflow/example_dags/example_python_decorator.py
[2026-07-13T10:25:21.472+0000] {logging_mixin.py:188} INFO - [2026-07-13T10:25:21.472+0000] {dag.py:3036} INFO - Sync 1 DAGs
[2026-07-13T10:25:21.517+0000] {logging_mixin.py:188} INFO - [2026-07-13T10:25:21.516+0000] {dag.py:3823} INFO - Setting next_dagrun for example_python_decorator to None, run_after=None
[2026-07-13T10:25:21.565+0000] {processor.py:183} INFO - Processing /home/airflow/.local/lib/python3.8/site-packages/airflow/example_dags/example_python_decorator.py took 0.302 seconds
[2026-07-13T10:25:52.196+0000] {processor.py:161} INFO - Started process (PID=1104) to work on /home/airflow/.local/lib/python3.8/site-packages/airflow/example_dags/example_python_decorator.py
[2026-07-13T10:25:52.209+0000] {processor.py:830} INFO - Processing file /home/airflow/.local/lib/python3.8/site-packages/airflow/example_dags/example_python_decorator.py for tasks to queue
[2026-07-13T10:25:52.213+0000] {logging_mixin.py:188} INFO - [2026-07-13T10:25:52.212+0000] {dagbag.py:538} INFO - Filling up the DagBag from /home/airflow/.local/lib/python3.8/site-packages/airflow/example_dags/example_python_decorator.py
[2026-07-13T10:25:52.265+0000] {processor.py:840} INFO - DAG(s) 'example_python_decorator' retrieved from /home/airflow/.local/lib/python3.8/site-packages/airflow/example_dags/example_python_decorator.py
[2026-07-13T10:25:52.325+0000] {logging_mixin.py:188} INFO - [2026-07-13T10:25:52.324+0000] {dag.py:3036} INFO - Sync 1 DAGs
[2026-07-13T10:25:52.349+0000] {logging_mixin.py:188} INFO - [2026-07-13T10:25:52.348+0000] {dag.py:3823} INFO - Setting next_dagrun for example_python_decorator to None, run_after=None
[2026-07-13T10:25:52.380+0000] {processor.py:183} INFO - Processing /home/airflow/.local/lib/python3.8/site-packages/airflow/example_dags/example_python_decorator.py took 0.200 seconds
[2026-07-13T10:44:35.328+0000] {processor.py:161} INFO - Started process (PID=101) to work on /home/airflow/.local/lib/python3.8/site-packages/airflow/example_dags/example_python_decorator.py
[2026-07-13T10:44:35.329+0000] {processor.py:830} INFO - Processing file /home/airflow/.local/lib/python3.8/site-packages/airflow/example_dags/example_python_decorator.py for tasks to queue
[2026-07-13T10:44:35.332+0000] {logging_mixin.py:188} INFO - [2026-07-13T10:44:35.332+0000] {dagbag.py:538} INFO - Filling up the DagBag from /home/airflow/.local/lib/python3.8/site-packages/airflow/example_dags/example_python_decorator.py
[2026-07-13T10:44:35.351+0000] {processor.py:840} INFO - DAG(s) 'example_python_decorator' retrieved from /home/airflow/.local/lib/python3.8/site-packages/airflow/example_dags/example_python_decorator.py
[2026-07-13T10:44:35.466+0000] {logging_mixin.py:188} INFO - [2026-07-13T10:44:35.465+0000] {override.py:1769} INFO - Created Permission View: can read on DAG:example_python_decorator
[2026-07-13T10:44:35.481+0000] {logging_mixin.py:188} INFO - [2026-07-13T10:44:35.481+0000] {override.py:1769} INFO - Created Permission View: can delete on DAG:example_python_decorator
[2026-07-13T10:44:35.491+0000] {logging_mixin.py:188} INFO - [2026-07-13T10:44:35.491+0000] {override.py:1769} INFO - Created Permission View: can edit on DAG:example_python_decorator
[2026-07-13T10:44:35.492+0000] {logging_mixin.py:188} INFO - [2026-07-13T10:44:35.492+0000] {dag.py:3036} INFO - Sync 1 DAGs
[2026-07-13T10:44:35.506+0000] {logging_mixin.py:188} INFO - [2026-07-13T10:44:35.506+0000] {dag.py:3058} INFO - Creating ORM DAG for example_python_decorator
[2026-07-13T10:44:35.507+0000] {logging_mixin.py:188} INFO - [2026-07-13T10:44:35.507+0000] {dag.py:3823} INFO - Setting next_dagrun for example_python_decorator to None, run_after=None
[2026-07-13T10:44:35.530+0000] {processor.py:183} INFO - Processing /home/airflow/.local/lib/python3.8/site-packages/airflow/example_dags/example_python_decorator.py took 0.208 seconds
[2026-07-13T10:45:05.707+0000] {processor.py:161} INFO - Started process (PID=166) to work on /home/airflow/.local/lib/python3.8/site-packages/airflow/example_dags/example_python_decorator.py
[2026-07-13T10:45:05.718+0000] {processor.py:830} INFO - Processing file /home/airflow/.local/lib/python3.8/site-packages/airflow/example_dags/example_python_decorator.py for tasks to queue
[2026-07-13T10:45:05.720+0000] {logging_mixin.py:188} INFO - [2026-07-13T10:45:05.720+0000] {dagbag.py:538} INFO - Filling up the DagBag from /home/airflow/.local/lib/python3.8/site-packages/airflow/example_dags/example_python_decorator.py
[2026-07-13T10:45:05.746+0000] {processor.py:840} INFO - DAG(s) 'example_python_decorator' retrieved from /home/airflow/.local/lib/python3.8/site-packages/airflow/example_dags/example_python_decorator.py
[2026-07-13T10:45:05.796+0000] {logging_mixin.py:188} INFO - [2026-07-13T10:45:05.796+0000] {dag.py:3036} INFO - Sync 1 DAGs
[2026-07-13T10:45:05.823+0000] {logging_mixin.py:188} INFO - [2026-07-13T10:45:05.822+0000] {dag.py:3823} INFO - Setting next_dagrun for example_python_decorator to None, run_after=None
[2026-07-13T10:45:05.861+0000] {processor.py:183} INFO - Processing /home/airflow/.local/lib/python3.8/site-packages/airflow/example_dags/example_python_decorator.py took 0.161 seconds
[2026-07-13T10:45:36.269+0000] {processor.py:161} INFO - Started process (PID=222) to work on /home/airflow/.local/lib/python3.8/site-packages/airflow/example_dags/example_python_decorator.py
[2026-07-13T10:45:36.271+0000] {processor.py:830} INFO - Processing file /home/airflow/.local/lib/python3.8/site-packages/airflow/example_dags/example_python_decorator.py for tasks to queue
[2026-07-13T10:45:36.274+0000] {logging_mixin.py:188} INFO - [2026-07-13T10:45:36.273+0000] {dagbag.py:538} INFO - Filling up the DagBag from /home/airflow/.local/lib/python3.8/site-packages/airflow/example_dags/example_python_decorator.py
[2026-07-13T10:45:36.290+0000] {processor.py:840} INFO - DAG(s) 'example_python_decorator' retrieved from /home/airflow/.local/lib/python3.8/site-packages/airflow/example_dags/example_python_decorator.py
[2026-07-13T10:45:36.317+0000] {logging_mixin.py:188} INFO - [2026-07-13T10:45:36.317+0000] {dag.py:3036} INFO - Sync 1 DAGs
[2026-07-13T10:45:36.332+0000] {logging_mixin.py:188} INFO - [2026-07-13T10:45:36.332+0000] {dag.py:3823} INFO - Setting next_dagrun for example_python_decorator to None, run_after=None
[2026-07-13T10:45:36.356+0000] {processor.py:183} INFO - Processing /home/airflow/.local/lib/python3.8/site-packages/airflow/example_dags/example_python_decorator.py took 0.092 seconds
[2026-07-13T10:46:07.606+0000] {processor.py:161} INFO - Started process (PID=287) to work on /home/airflow/.local/lib/python3.8/site-packages/airflow/example_dags/example_python_decorator.py
[2026-07-13T10:46:07.609+0000] {processor.py:830} INFO - Processing file /home/airflow/.local/lib/python3.8/site-packages/airflow/example_dags/example_python_decorator.py for tasks to queue
[2026-07-13T10:46:07.617+0000] {logging_mixin.py:188} INFO - [2026-07-13T10:46:07.613+0000] {dagbag.py:538} INFO - Filling up the DagBag from /home/airflow/.local/lib/python3.8/site-packages/airflow/example_dags/example_python_decorator.py
[2026-07-13T10:46:07.666+0000] {processor.py:840} INFO - DAG(s) 'example_python_decorator' retrieved from /home/airflow/.local/lib/python3.8/site-packages/airflow/example_dags/example_python_decorator.py
[2026-07-13T10:46:07.724+0000] {logging_mixin.py:188} INFO - [2026-07-13T10:46:07.724+0000] {dag.py:3036} INFO - Sync 1 DAGs
[2026-07-13T10:46:07.765+0000] {logging_mixin.py:188} INFO - [2026-07-13T10:46:07.764+0000] {dag.py:3823} INFO - Setting next_dagrun for example_python_decorator to None, run_after=None
[2026-07-13T10:46:07.825+0000] {processor.py:183} INFO - Processing /home/airflow/.local/lib/python3.8/site-packages/airflow/example_dags/example_python_decorator.py took 0.228 seconds
[2026-07-13T10:46:38.635+0000] {processor.py:161} INFO - Started process (PID=343) to work on /home/airflow/.local/lib/python3.8/site-packages/airflow/example_dags/example_python_decorator.py
[2026-07-13T10:46:38.637+0000] {processor.py:830} INFO - Processing file /home/airflow/.local/lib/python3.8/site-packages/airflow/example_dags/example_python_decorator.py for tasks to queue
[2026-07-13T10:46:38.640+0000] {logging_mixin.py:188} INFO - [2026-07-13T10:46:38.639+0000] {dagbag.py:538} INFO - Filling up the DagBag from /home/airflow/.local/lib/python3.8/site-packages/airflow/example_dags/example_python_decorator.py
[2026-07-13T10:46:38.657+0000] {processor.py:840} INFO - DAG(s) 'example_python_decorator' retrieved from /home/airflow/.local/lib/python3.8/site-packages/airflow/example_dags/example_python_decorator.py
[2026-07-13T10:46:38.689+0000] {logging_mixin.py:188} INFO - [2026-07-13T10:46:38.689+0000] {dag.py:3036} INFO - Sync 1 DAGs
[2026-07-13T10:46:38.703+0000] {logging_mixin.py:188} INFO - [2026-07-13T10:46:38.703+0000] {dag.py:3823} INFO - Setting next_dagrun for example_python_decorator to None, run_after=None
[2026-07-13T10:46:38.727+0000] {processor.py:183} INFO - Processing /home/airflow/.local/lib/python3.8/site-packages/airflow/example_dags/example_python_decorator.py took 0.096 seconds
[2026-07-13T10:47:09.085+0000] {processor.py:161} INFO - Started process (PID=399) to work on /home/airflow/.local/lib/python3.8/site-packages/airflow/example_dags/example_python_decorator.py
[2026-07-13T10:47:09.087+0000] {processor.py:830} INFO - Processing file /home/airflow/.local/lib/python3.8/site-packages/airflow/example_dags/example_python_decorator.py for tasks to queue
[2026-07-13T10:47:09.089+0000] {logging_mixin.py:188} INFO - [2026-07-13T10:47:09.089+0000] {dagbag.py:538} INFO - Filling up the DagBag from /home/airflow/.local/lib/python3.8/site-packages/airflow/example_dags/example_python_decorator.py
[2026-07-13T10:47:09.105+0000] {processor.py:840} INFO - DAG(s) 'example_python_decorator' retrieved from /home/airflow/.local/lib/python3.8/site-packages/airflow/example_dags/example_python_decorator.py
[2026-07-13T10:47:09.132+0000] {logging_mixin.py:188} INFO - [2026-07-13T10:47:09.131+0000] {dag.py:3036} INFO - Sync 1 DAGs
[2026-07-13T10:47:09.146+0000] {logging_mixin.py:188} INFO - [2026-07-13T10:47:09.146+0000] {dag.py:3823} INFO - Setting next_dagrun for example_python_decorator to None, run_after=None
[2026-07-13T10:47:09.169+0000] {processor.py:183} INFO - Processing /home/airflow/.local/lib/python3.8/site-packages/airflow/example_dags/example_python_decorator.py took 0.089 seconds
[2026-07-13T10:47:39.588+0000] {processor.py:161} INFO - Started process (PID=455) to work on /home/airflow/.local/lib/python3.8/site-packages/airflow/example_dags/example_python_decorator.py
[2026-07-13T10:47:39.590+0000] {processor.py:830} INFO - Processing file /home/airflow/.local/lib/python3.8/site-packages/airflow/example_dags/example_python_decorator.py for tasks to queue
[2026-07-13T10:47:39.592+0000] {logging_mixin.py:188} INFO - [2026-07-13T10:47:39.592+0000] {dagbag.py:538} INFO - Filling up the DagBag from /home/airflow/.local/lib/python3.8/site-packages/airflow/example_dags/example_python_decorator.py
[2026-07-13T10:47:39.609+0000] {processor.py:840} INFO - DAG(s) 'example_python_decorator' retrieved from /home/airflow/.local/lib/python3.8/site-packages/airflow/example_dags/example_python_decorator.py
[2026-07-13T10:47:39.640+0000] {logging_mixin.py:188} INFO - [2026-07-13T10:47:39.640+0000] {dag.py:3036} INFO - Sync 1 DAGs
[2026-07-13T10:47:39.656+0000] {logging_mixin.py:188} INFO - [2026-07-13T10:47:39.656+0000] {dag.py:3823} INFO - Setting next_dagrun for example_python_decorator to None, run_after=None
[2026-07-13T10:47:39.679+0000] {processor.py:183} INFO - Processing /home/airflow/.local/lib/python3.8/site-packages/airflow/example_dags/example_python_decorator.py took 0.095 seconds
[2026-07-13T10:48:10.093+0000] {processor.py:161} INFO - Started process (PID=511) to work on /home/airflow/.local/lib/python3.8/site-packages/airflow/example_dags/example_python_decorator.py
[2026-07-13T10:48:10.094+0000] {processor.py:830} INFO - Processing file /home/airflow/.local/lib/python3.8/site-packages/airflow/example_dags/example_python_decorator.py for tasks to queue
[2026-07-13T10:48:10.096+0000] {logging_mixin.py:188} INFO - [2026-07-13T10:48:10.096+0000] {dagbag.py:538} INFO - Filling up the DagBag from /home/airflow/.local/lib/python3.8/site-packages/airflow/example_dags/example_python_decorator.py
[2026-07-13T10:48:10.111+0000] {processor.py:840} INFO - DAG(s) 'example_python_decorator' retrieved from /home/airflow/.local/lib/python3.8/site-packages/airflow/example_dags/example_python_decorator.py
[2026-07-13T10:48:10.136+0000] {logging_mixin.py:188} INFO - [2026-07-13T10:48:10.136+0000] {dag.py:3036} INFO - Sync 1 DAGs
[2026-07-13T10:48:10.149+0000] {logging_mixin.py:188} INFO - [2026-07-13T10:48:10.149+0000] {dag.py:3823} INFO - Setting next_dagrun for example_python_decorator to None, run_after=None
[2026-07-13T10:48:10.173+0000] {processor.py:183} INFO - Processing /home/airflow/.local/lib/python3.8/site-packages/airflow/example_dags/example_python_decorator.py took 0.085 seconds
[2026-07-13T10:48:41.204+0000] {processor.py:161} INFO - Started process (PID=561) to work on /home/airflow/.local/lib/python3.8/site-packages/airflow/example_dags/example_python_decorator.py
[2026-07-13T10:48:41.205+0000] {processor.py:830} INFO - Processing file /home/airflow/.local/lib/python3.8/site-packages/airflow/example_dags/example_python_decorator.py for tasks to queue
[2026-07-13T10:48:41.207+0000] {logging_mixin.py:188} INFO - [2026-07-13T10:48:41.207+0000] {dagbag.py:538} INFO - Filling up the DagBag from /home/airflow/.local/lib/python3.8/site-packages/airflow/example_dags/example_python_decorator.py
[2026-07-13T10:48:41.221+0000] {processor.py:840} INFO - DAG(s) 'example_python_decorator' retrieved from /home/airflow/.local/lib/python3.8/site-packages/airflow/example_dags/example_python_decorator.py
[2026-07-13T10:48:41.250+0000] {logging_mixin.py:188} INFO - [2026-07-13T10:48:41.249+0000] {dag.py:3036} INFO - Sync 1 DAGs
[2026-07-13T10:48:41.263+0000] {logging_mixin.py:188} INFO - [2026-07-13T10:48:41.263+0000] {dag.py:3823} INFO - Setting next_dagrun for example_python_decorator to None, run_after=None
[2026-07-13T10:48:41.288+0000] {processor.py:183} INFO - Processing /home/airflow/.local/lib/python3.8/site-packages/airflow/example_dags/example_python_decorator.py took 0.088 seconds
[2026-07-13T10:49:13.078+0000] {processor.py:161} INFO - Started process (PID=623) to work on /home/airflow/.local/lib/python3.8/site-packages/airflow/example_dags/example_python_decorator.py
[2026-07-13T10:49:13.080+0000] {processor.py:830} INFO - Processing file /home/airflow/.local/lib/python3.8/site-packages/airflow/example_dags/example_python_decorator.py for tasks to queue
[2026-07-13T10:49:13.081+0000] {logging_mixin.py:188} INFO - [2026-07-13T10:49:13.081+0000] {dagbag.py:538} INFO - Filling up the DagBag from /home/airflow/.local/lib/python3.8/site-packages/airflow/example_dags/example_python_decorator.py
[2026-07-13T10:49:13.097+0000] {processor.py:840} INFO - DAG(s) 'example_python_decorator' retrieved from /home/airflow/.local/lib/python3.8/site-packages/airflow/example_dags/example_python_decorator.py
[2026-07-13T10:49:13.132+0000] {logging_mixin.py:188} INFO - [2026-07-13T10:49:13.132+0000] {dag.py:3036} INFO - Sync 1 DAGs
[2026-07-13T10:49:13.144+0000] {logging_mixin.py:188} INFO - [2026-07-13T10:49:13.144+0000] {dag.py:3823} INFO - Setting next_dagrun for example_python_decorator to None, run_after=None
[2026-07-13T10:49:13.167+0000] {processor.py:183} INFO - Processing /home/airflow/.local/lib/python3.8/site-packages/airflow/example_dags/example_python_decorator.py took 0.094 seconds
[2026-07-13T10:49:44.574+0000] {processor.py:161} INFO - Started process (PID=673) to work on /home/airflow/.local/lib/python3.8/site-packages/airflow/example_dags/example_python_decorator.py
[2026-07-13T10:49:44.577+0000] {processor.py:830} INFO - Processing file /home/airflow/.local/lib/python3.8/site-packages/airflow/example_dags/example_python_decorator.py for tasks to queue
[2026-07-13T10:49:44.581+0000] {logging_mixin.py:188} INFO - [2026-07-13T10:49:44.581+0000] {dagbag.py:538} INFO - Filling up the DagBag from /home/airflow/.local/lib/python3.8/site-packages/airflow/example_dags/example_python_decorator.py
[2026-07-13T10:49:44.617+0000] {processor.py:840} INFO - DAG(s) 'example_python_decorator' retrieved from /home/airflow/.local/lib/python3.8/site-packages/airflow/example_dags/example_python_decorator.py
[2026-07-13T10:49:44.668+0000] {logging_mixin.py:188} INFO - [2026-07-13T10:49:44.668+0000] {dag.py:3036} INFO - Sync 1 DAGs
[2026-07-13T10:49:44.712+0000] {logging_mixin.py:188} INFO - [2026-07-13T10:49:44.712+0000] {dag.py:3823} INFO - Setting next_dagrun for example_python_decorator to None, run_after=None
[2026-07-13T10:49:44.751+0000] {processor.py:183} INFO - Processing /home/airflow/.local/lib/python3.8/site-packages/airflow/example_dags/example_python_decorator.py took 0.187 seconds
[2026-07-13T10:50:15.551+0000] {processor.py:161} INFO - Started process (PID=728) to work on /home/airflow/.local/lib/python3.8/site-packages/airflow/example_dags/example_python_decorator.py
[2026-07-13T10:50:15.553+0000] {processor.py:830} INFO - Processing file /home/airflow/.local/lib/python3.8/site-packages/airflow/example_dags/example_python_decorator.py for tasks to queue
[2026-07-13T10:50:15.557+0000] {logging_mixin.py:188} INFO - [2026-07-13T10:50:15.556+0000] {dagbag.py:538} INFO - Filling up the DagBag from /home/airflow/.local/lib/python3.8/site-packages/airflow/example_dags/example_python_decorator.py
[2026-07-13T10:50:15.577+0000] {processor.py:840} INFO - DAG(s) 'example_python_decorator' retrieved from /home/airflow/.local/lib/python3.8/site-packages/airflow/example_dags/example_python_decorator.py
[2026-07-13T10:50:15.608+0000] {logging_mixin.py:188} INFO - [2026-07-13T10:50:15.608+0000] {dag.py:3036} INFO - Sync 1 DAGs
[2026-07-13T10:50:15.623+0000] {logging_mixin.py:188} INFO - [2026-07-13T10:50:15.623+0000] {dag.py:3823} INFO - Setting next_dagrun for example_python_decorator to None, run_after=None
[2026-07-13T10:50:15.650+0000] {processor.py:183} INFO - Processing /home/airflow/.local/lib/python3.8/site-packages/airflow/example_dags/example_python_decorator.py took 0.104 seconds
[2026-07-13T10:50:49.008+0000] {processor.py:161} INFO - Started process (PID=799) to work on /home/airflow/.local/lib/python3.8/site-packages/airflow/example_dags/example_python_decorator.py
[2026-07-13T10:50:49.010+0000] {processor.py:830} INFO - Processing file /home/airflow/.local/lib/python3.8/site-packages/airflow/example_dags/example_python_decorator.py for tasks to queue
[2026-07-13T10:50:49.011+0000] {logging_mixin.py:188} INFO - [2026-07-13T10:50:49.011+0000] {dagbag.py:538} INFO - Filling up the DagBag from /home/airflow/.local/lib/python3.8/site-packages/airflow/example_dags/example_python_decorator.py
[2026-07-13T10:50:49.025+0000] {processor.py:840} INFO - DAG(s) 'example_python_decorator' retrieved from /home/airflow/.local/lib/python3.8/site-packages/airflow/example_dags/example_python_decorator.py
[2026-07-13T10:50:49.047+0000] {logging_mixin.py:188} INFO - [2026-07-13T10:50:49.047+0000] {dag.py:3036} INFO - Sync 1 DAGs
[2026-07-13T10:50:49.060+0000] {logging_mixin.py:188} INFO - [2026-07-13T10:50:49.060+0000] {dag.py:3823} INFO - Setting next_dagrun for example_python_decorator to None, run_after=None
[2026-07-13T10:50:49.080+0000] {processor.py:183} INFO - Processing /home/airflow/.local/lib/python3.8/site-packages/airflow/example_dags/example_python_decorator.py took 0.076 seconds
[2026-07-13T10:51:19.590+0000] {processor.py:161} INFO - Started process (PID=862) to work on /home/airflow/.local/lib/python3.8/site-packages/airflow/example_dags/example_python_decorator.py
[2026-07-13T10:51:19.593+0000] {processor.py:830} INFO - Processing file /home/airflow/.local/lib/python3.8/site-packages/airflow/example_dags/example_python_decorator.py for tasks to queue
[2026-07-13T10:51:19.596+0000] {logging_mixin.py:188} INFO - [2026-07-13T10:51:19.596+0000] {dagbag.py:538} INFO - Filling up the DagBag from /home/airflow/.local/lib/python3.8/site-packages/airflow/example_dags/example_python_decorator.py
[2026-07-13T10:51:19.620+0000] {processor.py:840} INFO - DAG(s) 'example_python_decorator' retrieved from /home/airflow/.local/lib/python3.8/site-packages/airflow/example_dags/example_python_decorator.py
[2026-07-13T10:51:19.658+0000] {logging_mixin.py:188} INFO - [2026-07-13T10:51:19.658+0000] {dag.py:3036} INFO - Sync 1 DAGs
[2026-07-13T10:51:19.683+0000] {logging_mixin.py:188} INFO - [2026-07-13T10:51:19.682+0000] {dag.py:3823} INFO - Setting next_dagrun for example_python_decorator to None, run_after=None
[2026-07-13T10:51:19.722+0000] {processor.py:183} INFO - Processing /home/airflow/.local/lib/python3.8/site-packages/airflow/example_dags/example_python_decorator.py took 0.138 seconds
[2026-07-13T10:52:12.766+0000] {processor.py:161} INFO - Started process (PID=923) to work on /home/airflow/.local/lib/python3.8/site-packages/airflow/example_dags/example_python_decorator.py
[2026-07-13T10:52:12.774+0000] {processor.py:830} INFO - Processing file /home/airflow/.local/lib/python3.8/site-packages/airflow/example_dags/example_python_decorator.py for tasks to queue
[2026-07-13T10:52:12.778+0000] {logging_mixin.py:188} INFO - [2026-07-13T10:52:12.777+0000] {dagbag.py:538} INFO - Filling up the DagBag from /home/airflow/.local/lib/python3.8/site-packages/airflow/example_dags/example_python_decorator.py
[2026-07-13T10:52:12.811+0000] {processor.py:840} INFO - DAG(s) 'example_python_decorator' retrieved from /home/airflow/.local/lib/python3.8/site-packages/airflow/example_dags/example_python_decorator.py
[2026-07-13T10:52:12.869+0000] {logging_mixin.py:188} INFO - [2026-07-13T10:52:12.868+0000] {dag.py:3036} INFO - Sync 1 DAGs
[2026-07-13T10:52:12.892+0000] {logging_mixin.py:188} INFO - [2026-07-13T10:52:12.891+0000] {dag.py:3823} INFO - Setting next_dagrun for example_python_decorator to None, run_after=None
[2026-07-13T10:52:12.945+0000] {processor.py:183} INFO - Processing /home/airflow/.local/lib/python3.8/site-packages/airflow/example_dags/example_python_decorator.py took 0.186 seconds
[2026-07-13T10:52:43.115+0000] {processor.py:161} INFO - Started process (PID=979) to work on /home/airflow/.local/lib/python3.8/site-packages/airflow/example_dags/example_python_decorator.py
[2026-07-13T10:52:43.116+0000] {processor.py:830} INFO - Processing file /home/airflow/.local/lib/python3.8/site-packages/airflow/example_dags/example_python_decorator.py for tasks to queue
[2026-07-13T10:52:43.117+0000] {logging_mixin.py:188} INFO - [2026-07-13T10:52:43.117+0000] {dagbag.py:538} INFO - Filling up the DagBag from /home/airflow/.local/lib/python3.8/site-packages/airflow/example_dags/example_python_decorator.py
[2026-07-13T10:52:43.126+0000] {processor.py:840} INFO - DAG(s) 'example_python_decorator' retrieved from /home/airflow/.local/lib/python3.8/site-packages/airflow/example_dags/example_python_decorator.py
[2026-07-13T10:52:43.147+0000] {logging_mixin.py:188} INFO - [2026-07-13T10:52:43.147+0000] {dag.py:3036} INFO - Sync 1 DAGs
[2026-07-13T10:52:43.161+0000] {logging_mixin.py:188} INFO - [2026-07-13T10:52:43.160+0000] {dag.py:3823} INFO - Setting next_dagrun for example_python_decorator to None, run_after=None
[2026-07-13T10:52:43.177+0000] {processor.py:183} INFO - Processing /home/airflow/.local/lib/python3.8/site-packages/airflow/example_dags/example_python_decorator.py took 0.064 seconds
[2026-07-13T10:53:13.908+0000] {processor.py:161} INFO - Started process (PID=1035) to work on /home/airflow/.local/lib/python3.8/site-packages/airflow/example_dags/example_python_decorator.py
[2026-07-13T10:53:13.909+0000] {processor.py:830} INFO - Processing file /home/airflow/.local/lib/python3.8/site-packages/airflow/example_dags/example_python_decorator.py for tasks to queue
[2026-07-13T10:53:13.911+0000] {logging_mixin.py:188} INFO - [2026-07-13T10:53:13.910+0000] {dagbag.py:538} INFO - Filling up the DagBag from /home/airflow/.local/lib/python3.8/site-packages/airflow/example_dags/example_python_decorator.py
[2026-07-13T10:53:13.922+0000] {processor.py:840} INFO - DAG(s) 'example_python_decorator' retrieved from /home/airflow/.local/lib/python3.8/site-packages/airflow/example_dags/example_python_decorator.py
[2026-07-13T10:53:13.939+0000] {logging_mixin.py:188} INFO - [2026-07-13T10:53:13.939+0000] {dag.py:3036} INFO - Sync 1 DAGs
[2026-07-13T10:53:13.949+0000] {logging_mixin.py:188} INFO - [2026-07-13T10:53:13.949+0000] {dag.py:3823} INFO - Setting next_dagrun for example_python_decorator to None, run_after=None
[2026-07-13T10:53:13.965+0000] {processor.py:183} INFO - Processing /home/airflow/.local/lib/python3.8/site-packages/airflow/example_dags/example_python_decorator.py took 0.060 seconds
[2026-07-13T10:53:44.749+0000] {processor.py:161} INFO - Started process (PID=1091) to work on /home/airflow/.local/lib/python3.8/site-packages/airflow/example_dags/example_python_decorator.py
[2026-07-13T10:53:44.751+0000] {processor.py:830} INFO - Processing file /home/airflow/.local/lib/python3.8/site-packages/airflow/example_dags/example_python_decorator.py for tasks to queue
[2026-07-13T10:53:44.753+0000] {logging_mixin.py:188} INFO - [2026-07-13T10:53:44.753+0000] {dagbag.py:538} INFO - Filling up the DagBag from /home/airflow/.local/lib/python3.8/site-packages/airflow/example_dags/example_python_decorator.py
[2026-07-13T10:53:44.767+0000] {processor.py:840} INFO - DAG(s) 'example_python_decorator' retrieved from /home/airflow/.local/lib/python3.8/site-packages/airflow/example_dags/example_python_decorator.py
[2026-07-13T10:53:44.791+0000] {logging_mixin.py:188} INFO - [2026-07-13T10:53:44.791+0000] {dag.py:3036} INFO - Sync 1 DAGs
[2026-07-13T10:53:44.805+0000] {logging_mixin.py:188} INFO - [2026-07-13T10:53:44.805+0000] {dag.py:3823} INFO - Setting next_dagrun for example_python_decorator to None, run_after=None
[2026-07-13T10:53:44.833+0000] {processor.py:183} INFO - Processing /home/airflow/.local/lib/python3.8/site-packages/airflow/example_dags/example_python_decorator.py took 0.087 seconds
[2026-07-13T10:54:15.757+0000] {processor.py:161} INFO - Started process (PID=1147) to work on /home/airflow/.local/lib/python3.8/site-packages/airflow/example_dags/example_python_decorator.py
[2026-07-13T10:54:15.758+0000] {processor.py:830} INFO - Processing file /home/airflow/.local/lib/python3.8/site-packages/airflow/example_dags/example_python_decorator.py for tasks to queue
[2026-07-13T10:54:15.759+0000] {logging_mixin.py:188} INFO - [2026-07-13T10:54:15.759+0000] {dagbag.py:538} INFO - Filling up the DagBag from /home/airflow/.local/lib/python3.8/site-packages/airflow/example_dags/example_python_decorator.py
[2026-07-13T10:54:15.769+0000] {processor.py:840} INFO - DAG(s) 'example_python_decorator' retrieved from /home/airflow/.local/lib/python3.8/site-packages/airflow/example_dags/example_python_decorator.py
[2026-07-13T10:54:15.786+0000] {logging_mixin.py:188} INFO - [2026-07-13T10:54:15.786+0000] {dag.py:3036} INFO - Sync 1 DAGs
[2026-07-13T10:54:15.794+0000] {logging_mixin.py:188} INFO - [2026-07-13T10:54:15.794+0000] {dag.py:3823} INFO - Setting next_dagrun for example_python_decorator to None, run_after=None
[2026-07-13T10:54:15.809+0000] {processor.py:183} INFO - Processing /home/airflow/.local/lib/python3.8/site-packages/airflow/example_dags/example_python_decorator.py took 0.055 seconds
[2026-07-13T10:54:46.119+0000] {processor.py:161} INFO - Started process (PID=1203) to work on /home/airflow/.local/lib/python3.8/site-packages/airflow/example_dags/example_python_decorator.py
[2026-07-13T10:54:46.120+0000] {processor.py:830} INFO - Processing file /home/airflow/.local/lib/python3.8/site-packages/airflow/example_dags/example_python_decorator.py for tasks to queue
[2026-07-13T10:54:46.121+0000] {logging_mixin.py:188} INFO - [2026-07-13T10:54:46.121+0000] {dagbag.py:538} INFO - Filling up the DagBag from /home/airflow/.local/lib/python3.8/site-packages/airflow/example_dags/example_python_decorator.py
[2026-07-13T10:54:46.130+0000] {processor.py:840} INFO - DAG(s) 'example_python_decorator' retrieved from /home/airflow/.local/lib/python3.8/site-packages/airflow/example_dags/example_python_decorator.py
[2026-07-13T10:54:46.145+0000] {logging_mixin.py:188} INFO - [2026-07-13T10:54:46.145+0000] {dag.py:3036} INFO - Sync 1 DAGs
[2026-07-13T10:54:46.153+0000] {logging_mixin.py:188} INFO - [2026-07-13T10:54:46.153+0000] {dag.py:3823} INFO - Setting next_dagrun for example_python_decorator to None, run_after=None
[2026-07-13T10:54:46.166+0000] {processor.py:183} INFO - Processing /home/airflow/.local/lib/python3.8/site-packages/airflow/example_dags/example_python_decorator.py took 0.050 seconds
[2026-07-13T10:55:16.369+0000] {processor.py:161} INFO - Started process (PID=1260) to work on /home/airflow/.local/lib/python3.8/site-packages/airflow/example_dags/example_python_decorator.py
[2026-07-13T10:55:16.370+0000] {processor.py:830} INFO - Processing file /home/airflow/.local/lib/python3.8/site-packages/airflow/example_dags/example_python_decorator.py for tasks to queue
[2026-07-13T10:55:16.373+0000] {logging_mixin.py:188} INFO - [2026-07-13T10:55:16.372+0000] {dagbag.py:538} INFO - Filling up the DagBag from /home/airflow/.local/lib/python3.8/site-packages/airflow/example_dags/example_python_decorator.py
[2026-07-13T10:55:16.387+0000] {processor.py:840} INFO - DAG(s) 'example_python_decorator' retrieved from /home/airflow/.local/lib/python3.8/site-packages/airflow/example_dags/example_python_decorator.py
[2026-07-13T10:55:16.406+0000] {logging_mixin.py:188} INFO - [2026-07-13T10:55:16.406+0000] {dag.py:3036} INFO - Sync 1 DAGs
[2026-07-13T10:55:16.418+0000] {logging_mixin.py:188} INFO - [2026-07-13T10:55:16.418+0000] {dag.py:3823} INFO - Setting next_dagrun for example_python_decorator to None, run_after=None
[2026-07-13T10:55:16.446+0000] {processor.py:183} INFO - Processing /home/airflow/.local/lib/python3.8/site-packages/airflow/example_dags/example_python_decorator.py took 0.082 seconds
[2026-07-13T10:55:47.144+0000] {processor.py:161} INFO - Started process (PID=1316) to work on /home/airflow/.local/lib/python3.8/site-packages/airflow/example_dags/example_python_decorator.py
[2026-07-13T10:55:47.145+0000] {processor.py:830} INFO - Processing file /home/airflow/.local/lib/python3.8/site-packages/airflow/example_dags/example_python_decorator.py for tasks to queue
[2026-07-13T10:55:47.147+0000] {logging_mixin.py:188} INFO - [2026-07-13T10:55:47.147+0000] {dagbag.py:538} INFO - Filling up the DagBag from /home/airflow/.local/lib/python3.8/site-packages/airflow/example_dags/example_python_decorator.py
[2026-07-13T10:55:47.157+0000] {processor.py:840} INFO - DAG(s) 'example_python_decorator' retrieved from /home/airflow/.local/lib/python3.8/site-packages/airflow/example_dags/example_python_decorator.py
[2026-07-13T10:55:47.171+0000] {logging_mixin.py:188} INFO - [2026-07-13T10:55:47.171+0000] {dag.py:3036} INFO - Sync 1 DAGs
[2026-07-13T10:55:47.179+0000] {logging_mixin.py:188} INFO - [2026-07-13T10:55:47.179+0000] {dag.py:3823} INFO - Setting next_dagrun for example_python_decorator to None, run_after=None
[2026-07-13T10:55:47.194+0000] {processor.py:183} INFO - Processing /home/airflow/.local/lib/python3.8/site-packages/airflow/example_dags/example_python_decorator.py took 0.054 seconds
[2026-07-13T10:56:17.317+0000] {processor.py:161} INFO - Started process (PID=1372) to work on /home/airflow/.local/lib/python3.8/site-packages/airflow/example_dags/example_python_decorator.py
[2026-07-13T10:56:17.318+0000] {processor.py:830} INFO - Processing file /home/airflow/.local/lib/python3.8/site-packages/airflow/example_dags/example_python_decorator.py for tasks to queue
[2026-07-13T10:56:17.320+0000] {logging_mixin.py:188} INFO - [2026-07-13T10:56:17.320+0000] {dagbag.py:538} INFO - Filling up the DagBag from /home/airflow/.local/lib/python3.8/site-packages/airflow/example_dags/example_python_decorator.py
[2026-07-13T10:56:17.330+0000] {processor.py:840} INFO - DAG(s) 'example_python_decorator' retrieved from /home/airflow/.local/lib/python3.8/site-packages/airflow/example_dags/example_python_decorator.py
[2026-07-13T10:56:17.350+0000] {logging_mixin.py:188} INFO - [2026-07-13T10:56:17.350+0000] {dag.py:3036} INFO - Sync 1 DAGs
[2026-07-13T10:56:17.359+0000] {logging_mixin.py:188} INFO - [2026-07-13T10:56:17.359+0000] {dag.py:3823} INFO - Setting next_dagrun for example_python_decorator to None, run_after=None
[2026-07-13T10:56:17.375+0000] {processor.py:183} INFO - Processing /home/airflow/.local/lib/python3.8/site-packages/airflow/example_dags/example_python_decorator.py took 0.060 seconds
[2026-07-13T10:56:47.940+0000] {processor.py:161} INFO - Started process (PID=1428) to work on /home/airflow/.local/lib/python3.8/site-packages/airflow/example_dags/example_python_decorator.py
[2026-07-13T10:56:47.941+0000] {processor.py:830} INFO - Processing file /home/airflow/.local/lib/python3.8/site-packages/airflow/example_dags/example_python_decorator.py for tasks to queue
[2026-07-13T10:56:47.942+0000] {logging_mixin.py:188} INFO - [2026-07-13T10:56:47.942+0000] {dagbag.py:538} INFO - Filling up the DagBag from /home/airflow/.local/lib/python3.8/site-packages/airflow/example_dags/example_python_decorator.py
[2026-07-13T10:56:47.951+0000] {processor.py:840} INFO - DAG(s) 'example_python_decorator' retrieved from /home/airflow/.local/lib/python3.8/site-packages/airflow/example_dags/example_python_decorator.py
[2026-07-13T10:56:47.966+0000] {logging_mixin.py:188} INFO - [2026-07-13T10:56:47.966+0000] {dag.py:3036} INFO - Sync 1 DAGs
[2026-07-13T10:56:47.976+0000] {logging_mixin.py:188} INFO - [2026-07-13T10:56:47.975+0000] {dag.py:3823} INFO - Setting next_dagrun for example_python_decorator to None, run_after=None
[2026-07-13T10:56:47.990+0000] {processor.py:183} INFO - Processing /home/airflow/.local/lib/python3.8/site-packages/airflow/example_dags/example_python_decorator.py took 0.053 seconds
[2026-07-13T10:57:18.387+0000] {processor.py:161} INFO - Started process (PID=1484) to work on /home/airflow/.local/lib/python3.8/site-packages/airflow/example_dags/example_python_decorator.py
[2026-07-13T10:57:18.388+0000] {processor.py:830} INFO - Processing file /home/airflow/.local/lib/python3.8/site-packages/airflow/example_dags/example_python_decorator.py for tasks to queue
[2026-07-13T10:57:18.391+0000] {logging_mixin.py:188} INFO - [2026-07-13T10:57:18.390+0000] {dagbag.py:538} INFO - Filling up the DagBag from /home/airflow/.local/lib/python3.8/site-packages/airflow/example_dags/example_python_decorator.py
[2026-07-13T10:57:18.402+0000] {processor.py:840} INFO - DAG(s) 'example_python_decorator' retrieved from /home/airflow/.local/lib/python3.8/site-packages/airflow/example_dags/example_python_decorator.py
[2026-07-13T10:57:18.424+0000] {logging_mixin.py:188} INFO - [2026-07-13T10:57:18.424+0000] {dag.py:3036} INFO - Sync 1 DAGs
[2026-07-13T10:57:18.434+0000] {logging_mixin.py:188} INFO - [2026-07-13T10:57:18.434+0000] {dag.py:3823} INFO - Setting next_dagrun for example_python_decorator to None, run_after=None
[2026-07-13T10:57:18.457+0000] {processor.py:183} INFO - Processing /home/airflow/.local/lib/python3.8/site-packages/airflow/example_dags/example_python_decorator.py took 0.074 seconds
[2026-07-13T10:57:49.259+0000] {processor.py:161} INFO - Started process (PID=1540) to work on /home/airflow/.local/lib/python3.8/site-packages/airflow/example_dags/example_python_decorator.py
[2026-07-13T10:57:49.260+0000] {processor.py:830} INFO - Processing file /home/airflow/.local/lib/python3.8/site-packages/airflow/example_dags/example_python_decorator.py for tasks to queue
[2026-07-13T10:57:49.262+0000] {logging_mixin.py:188} INFO - [2026-07-13T10:57:49.262+0000] {dagbag.py:538} INFO - Filling up the DagBag from /home/airflow/.local/lib/python3.8/site-packages/airflow/example_dags/example_python_decorator.py
[2026-07-13T10:57:49.276+0000] {processor.py:840} INFO - DAG(s) 'example_python_decorator' retrieved from /home/airflow/.local/lib/python3.8/site-packages/airflow/example_dags/example_python_decorator.py
[2026-07-13T10:57:49.299+0000] {logging_mixin.py:188} INFO - [2026-07-13T10:57:49.298+0000] {dag.py:3036} INFO - Sync 1 DAGs
[2026-07-13T10:57:49.312+0000] {logging_mixin.py:188} INFO - [2026-07-13T10:57:49.312+0000] {dag.py:3823} INFO - Setting next_dagrun for example_python_decorator to None, run_after=None
[2026-07-13T10:57:49.334+0000] {processor.py:183} INFO - Processing /home/airflow/.local/lib/python3.8/site-packages/airflow/example_dags/example_python_decorator.py took 0.078 seconds
[2026-07-13T10:58:20.058+0000] {processor.py:161} INFO - Started process (PID=1596) to work on /home/airflow/.local/lib/python3.8/site-packages/airflow/example_dags/example_python_decorator.py
[2026-07-13T10:58:20.059+0000] {processor.py:830} INFO - Processing file /home/airflow/.local/lib/python3.8/site-packages/airflow/example_dags/example_python_decorator.py for tasks to queue
[2026-07-13T10:58:20.060+0000] {logging_mixin.py:188} INFO - [2026-07-13T10:58:20.060+0000] {dagbag.py:538} INFO - Filling up the DagBag from /home/airflow/.local/lib/python3.8/site-packages/airflow/example_dags/example_python_decorator.py
[2026-07-13T10:58:20.070+0000] {processor.py:840} INFO - DAG(s) 'example_python_decorator' retrieved from /home/airflow/.local/lib/python3.8/site-packages/airflow/example_dags/example_python_decorator.py
[2026-07-13T10:58:20.086+0000] {logging_mixin.py:188} INFO - [2026-07-13T10:58:20.086+0000] {dag.py:3036} INFO - Sync 1 DAGs
[2026-07-13T10:58:20.095+0000] {logging_mixin.py:188} INFO - [2026-07-13T10:58:20.095+0000] {dag.py:3823} INFO - Setting next_dagrun for example_python_decorator to None, run_after=None
[2026-07-13T10:58:20.111+0000] {processor.py:183} INFO - Processing /home/airflow/.local/lib/python3.8/site-packages/airflow/example_dags/example_python_decorator.py took 0.055 seconds
[2026-07-13T10:58:50.720+0000] {processor.py:161} INFO - Started process (PID=1652) to work on /home/airflow/.local/lib/python3.8/site-packages/airflow/example_dags/example_python_decorator.py
[2026-07-13T10:58:50.721+0000] {processor.py:830} INFO - Processing file /home/airflow/.local/lib/python3.8/site-packages/airflow/example_dags/example_python_decorator.py for tasks to queue
[2026-07-13T10:58:50.723+0000] {logging_mixin.py:188} INFO - [2026-07-13T10:58:50.723+0000] {dagbag.py:538} INFO - Filling up the DagBag from /home/airflow/.local/lib/python3.8/site-packages/airflow/example_dags/example_python_decorator.py
[2026-07-13T10:58:50.735+0000] {processor.py:840} INFO - DAG(s) 'example_python_decorator' retrieved from /home/airflow/.local/lib/python3.8/site-packages/airflow/example_dags/example_python_decorator.py
[2026-07-13T10:58:50.751+0000] {logging_mixin.py:188} INFO - [2026-07-13T10:58:50.751+0000] {dag.py:3036} INFO - Sync 1 DAGs
[2026-07-13T10:58:50.760+0000] {logging_mixin.py:188} INFO - [2026-07-13T10:58:50.759+0000] {dag.py:3823} INFO - Setting next_dagrun for example_python_decorator to None, run_after=None
[2026-07-13T10:58:50.775+0000] {processor.py:183} INFO - Processing /home/airflow/.local/lib/python3.8/site-packages/airflow/example_dags/example_python_decorator.py took 0.057 seconds
[2026-07-13T10:59:21.070+0000] {processor.py:161} INFO - Started process (PID=1708) to work on /home/airflow/.local/lib/python3.8/site-packages/airflow/example_dags/example_python_decorator.py
[2026-07-13T10:59:21.071+0000] {processor.py:830} INFO - Processing file /home/airflow/.local/lib/python3.8/site-packages/airflow/example_dags/example_python_decorator.py for tasks to queue
[2026-07-13T10:59:21.073+0000] {logging_mixin.py:188} INFO - [2026-07-13T10:59:21.072+0000] {dagbag.py:538} INFO - Filling up the DagBag from /home/airflow/.local/lib/python3.8/site-packages/airflow/example_dags/example_python_decorator.py
[2026-07-13T10:59:21.082+0000] {processor.py:840} INFO - DAG(s) 'example_python_decorator' retrieved from /home/airflow/.local/lib/python3.8/site-packages/airflow/example_dags/example_python_decorator.py
[2026-07-13T10:59:21.098+0000] {logging_mixin.py:188} INFO - [2026-07-13T10:59:21.098+0000] {dag.py:3036} INFO - Sync 1 DAGs
[2026-07-13T10:59:21.107+0000] {logging_mixin.py:188} INFO - [2026-07-13T10:59:21.106+0000] {dag.py:3823} INFO - Setting next_dagrun for example_python_decorator to None, run_after=None
[2026-07-13T10:59:21.121+0000] {processor.py:183} INFO - Processing /home/airflow/.local/lib/python3.8/site-packages/airflow/example_dags/example_python_decorator.py took 0.054 seconds
[2026-07-13T10:59:51.782+0000] {processor.py:161} INFO - Started process (PID=1764) to work on /home/airflow/.local/lib/python3.8/site-packages/airflow/example_dags/example_python_decorator.py
[2026-07-13T10:59:51.783+0000] {processor.py:830} INFO - Processing file /home/airflow/.local/lib/python3.8/site-packages/airflow/example_dags/example_python_decorator.py for tasks to queue
[2026-07-13T10:59:51.784+0000] {logging_mixin.py:188} INFO - [2026-07-13T10:59:51.784+0000] {dagbag.py:538} INFO - Filling up the DagBag from /home/airflow/.local/lib/python3.8/site-packages/airflow/example_dags/example_python_decorator.py
[2026-07-13T10:59:51.793+0000] {processor.py:840} INFO - DAG(s) 'example_python_decorator' retrieved from /home/airflow/.local/lib/python3.8/site-packages/airflow/example_dags/example_python_decorator.py
[2026-07-13T10:59:51.808+0000] {logging_mixin.py:188} INFO - [2026-07-13T10:59:51.807+0000] {dag.py:3036} INFO - Sync 1 DAGs
[2026-07-13T10:59:51.816+0000] {logging_mixin.py:188} INFO - [2026-07-13T10:59:51.815+0000] {dag.py:3823} INFO - Setting next_dagrun for example_python_decorator to None, run_after=None
[2026-07-13T10:59:51.829+0000] {processor.py:183} INFO - Processing /home/airflow/.local/lib/python3.8/site-packages/airflow/example_dags/example_python_decorator.py took 0.049 seconds
[2026-07-13T11:00:22.284+0000] {processor.py:161} INFO - Started process (PID=1820) to work on /home/airflow/.local/lib/python3.8/site-packages/airflow/example_dags/example_python_decorator.py
[2026-07-13T11:00:22.285+0000] {processor.py:830} INFO - Processing file /home/airflow/.local/lib/python3.8/site-packages/airflow/example_dags/example_python_decorator.py for tasks to queue
[2026-07-13T11:00:22.287+0000] {logging_mixin.py:188} INFO - [2026-07-13T11:00:22.287+0000] {dagbag.py:538} INFO - Filling up the DagBag from /home/airflow/.local/lib/python3.8/site-packages/airflow/example_dags/example_python_decorator.py
[2026-07-13T11:00:22.297+0000] {processor.py:840} INFO - DAG(s) 'example_python_decorator' retrieved from /home/airflow/.local/lib/python3.8/site-packages/airflow/example_dags/example_python_decorator.py
[2026-07-13T11:00:22.317+0000] {logging_mixin.py:188} INFO - [2026-07-13T11:00:22.317+0000] {dag.py:3036} INFO - Sync 1 DAGs
[2026-07-13T11:00:22.327+0000] {logging_mixin.py:188} INFO - [2026-07-13T11:00:22.327+0000] {dag.py:3823} INFO - Setting next_dagrun for example_python_decorator to None, run_after=None
[2026-07-13T11:00:22.344+0000] {processor.py:183} INFO - Processing /home/airflow/.local/lib/python3.8/site-packages/airflow/example_dags/example_python_decorator.py took 0.062 seconds
[2026-07-13T11:00:52.752+0000] {processor.py:161} INFO - Started process (PID=1876) to work on /home/airflow/.local/lib/python3.8/site-packages/airflow/example_dags/example_python_decorator.py
[2026-07-13T11:00:52.753+0000] {processor.py:830} INFO - Processing file /home/airflow/.local/lib/python3.8/site-packages/airflow/example_dags/example_python_decorator.py for tasks to queue
[2026-07-13T11:00:52.755+0000] {logging_mixin.py:188} INFO - [2026-07-13T11:00:52.755+0000] {dagbag.py:538} INFO - Filling up the DagBag from /home/airflow/.local/lib/python3.8/site-packages/airflow/example_dags/example_python_decorator.py
[2026-07-13T11:00:52.771+0000] {processor.py:840} INFO - DAG(s) 'example_python_decorator' retrieved from /home/airflow/.local/lib/python3.8/site-packages/airflow/example_dags/example_python_decorator.py
[2026-07-13T11:00:52.798+0000] {logging_mixin.py:188} INFO - [2026-07-13T11:00:52.797+0000] {dag.py:3036} INFO - Sync 1 DAGs
[2026-07-13T11:00:52.813+0000] {logging_mixin.py:188} INFO - [2026-07-13T11:00:52.813+0000] {dag.py:3823} INFO - Setting next_dagrun for example_python_decorator to None, run_after=None
[2026-07-13T11:00:52.837+0000] {processor.py:183} INFO - Processing /home/airflow/.local/lib/python3.8/site-packages/airflow/example_dags/example_python_decorator.py took 0.088 seconds
[2026-07-13T11:01:22.904+0000] {processor.py:161} INFO - Started process (PID=1933) to work on /home/airflow/.local/lib/python3.8/site-packages/airflow/example_dags/example_python_decorator.py
[2026-07-13T11:01:22.905+0000] {processor.py:830} INFO - Processing file /home/airflow/.local/lib/python3.8/site-packages/airflow/example_dags/example_python_decorator.py for tasks to queue
[2026-07-13T11:01:22.907+0000] {logging_mixin.py:188} INFO - [2026-07-13T11:01:22.906+0000] {dagbag.py:538} INFO - Filling up the DagBag from /home/airflow/.local/lib/python3.8/site-packages/airflow/example_dags/example_python_decorator.py
[2026-07-13T11:01:22.916+0000] {processor.py:840} INFO - DAG(s) 'example_python_decorator' retrieved from /home/airflow/.local/lib/python3.8/site-packages/airflow/example_dags/example_python_decorator.py
[2026-07-13T11:01:22.932+0000] {logging_mixin.py:188} INFO - [2026-07-13T11:01:22.932+0000] {dag.py:3036} INFO - Sync 1 DAGs
[2026-07-13T11:01:22.941+0000] {logging_mixin.py:188} INFO - [2026-07-13T11:01:22.940+0000] {dag.py:3823} INFO - Setting next_dagrun for example_python_decorator to None, run_after=None
[2026-07-13T11:01:22.955+0000] {processor.py:183} INFO - Processing /home/airflow/.local/lib/python3.8/site-packages/airflow/example_dags/example_python_decorator.py took 0.053 seconds
[2026-07-13T11:01:53.089+0000] {processor.py:161} INFO - Started process (PID=1983) to work on /home/airflow/.local/lib/python3.8/site-packages/airflow/example_dags/example_python_decorator.py
[2026-07-13T11:01:53.090+0000] {processor.py:830} INFO - Processing file /home/airflow/.local/lib/python3.8/site-packages/airflow/example_dags/example_python_decorator.py for tasks to queue
[2026-07-13T11:01:53.091+0000] {logging_mixin.py:188} INFO - [2026-07-13T11:01:53.091+0000] {dagbag.py:538} INFO - Filling up the DagBag from /home/airflow/.local/lib/python3.8/site-packages/airflow/example_dags/example_python_decorator.py
[2026-07-13T11:01:53.101+0000] {processor.py:840} INFO - DAG(s) 'example_python_decorator' retrieved from /home/airflow/.local/lib/python3.8/site-packages/airflow/example_dags/example_python_decorator.py
[2026-07-13T11:01:53.118+0000] {logging_mixin.py:188} INFO - [2026-07-13T11:01:53.118+0000] {dag.py:3036} INFO - Sync 1 DAGs
[2026-07-13T11:01:53.127+0000] {logging_mixin.py:188} INFO - [2026-07-13T11:01:53.127+0000] {dag.py:3823} INFO - Setting next_dagrun for example_python_decorator to None, run_after=None
[2026-07-13T11:01:53.144+0000] {processor.py:183} INFO - Processing /home/airflow/.local/lib/python3.8/site-packages/airflow/example_dags/example_python_decorator.py took 0.058 seconds
[2026-07-13T11:02:23.757+0000] {processor.py:161} INFO - Started process (PID=2039) to work on /home/airflow/.local/lib/python3.8/site-packages/airflow/example_dags/example_python_decorator.py
[2026-07-13T11:02:23.758+0000] {processor.py:830} INFO - Processing file /home/airflow/.local/lib/python3.8/site-packages/airflow/example_dags/example_python_decorator.py for tasks to queue
[2026-07-13T11:02:23.760+0000] {logging_mixin.py:188} INFO - [2026-07-13T11:02:23.760+0000] {dagbag.py:538} INFO - Filling up the DagBag from /home/airflow/.local/lib/python3.8/site-packages/airflow/example_dags/example_python_decorator.py
[2026-07-13T11:02:23.769+0000] {processor.py:840} INFO - DAG(s) 'example_python_decorator' retrieved from /home/airflow/.local/lib/python3.8/site-packages/airflow/example_dags/example_python_decorator.py
[2026-07-13T11:02:23.785+0000] {logging_mixin.py:188} INFO - [2026-07-13T11:02:23.785+0000] {dag.py:3036} INFO - Sync 1 DAGs
[2026-07-13T11:02:23.794+0000] {logging_mixin.py:188} INFO - [2026-07-13T11:02:23.794+0000] {dag.py:3823} INFO - Setting next_dagrun for example_python_decorator to None, run_after=None
[2026-07-13T11:02:23.810+0000] {processor.py:183} INFO - Processing /home/airflow/.local/lib/python3.8/site-packages/airflow/example_dags/example_python_decorator.py took 0.055 seconds
[2026-07-13T11:02:54.503+0000] {processor.py:161} INFO - Started process (PID=2094) to work on /home/airflow/.local/lib/python3.8/site-packages/airflow/example_dags/example_python_decorator.py
[2026-07-13T11:02:54.504+0000] {processor.py:830} INFO - Processing file /home/airflow/.local/lib/python3.8/site-packages/airflow/example_dags/example_python_decorator.py for tasks to queue
[2026-07-13T11:02:54.506+0000] {logging_mixin.py:188} INFO - [2026-07-13T11:02:54.505+0000] {dagbag.py:538} INFO - Filling up the DagBag from /home/airflow/.local/lib/python3.8/site-packages/airflow/example_dags/example_python_decorator.py
[2026-07-13T11:02:54.516+0000] {processor.py:840} INFO - DAG(s) 'example_python_decorator' retrieved from /home/airflow/.local/lib/python3.8/site-packages/airflow/example_dags/example_python_decorator.py
[2026-07-13T11:02:54.539+0000] {logging_mixin.py:188} INFO - [2026-07-13T11:02:54.538+0000] {dag.py:3036} INFO - Sync 1 DAGs
[2026-07-13T11:02:54.552+0000] {logging_mixin.py:188} INFO - [2026-07-13T11:02:54.552+0000] {dag.py:3823} INFO - Setting next_dagrun for example_python_decorator to None, run_after=None
[2026-07-13T11:02:54.570+0000] {processor.py:183} INFO - Processing /home/airflow/.local/lib/python3.8/site-packages/airflow/example_dags/example_python_decorator.py took 0.069 seconds
[2026-07-13T11:03:25.116+0000] {processor.py:161} INFO - Started process (PID=2151) to work on /home/airflow/.local/lib/python3.8/site-packages/airflow/example_dags/example_python_decorator.py
[2026-07-13T11:03:25.118+0000] {processor.py:830} INFO - Processing file /home/airflow/.local/lib/python3.8/site-packages/airflow/example_dags/example_python_decorator.py for tasks to queue
[2026-07-13T11:03:25.119+0000] {logging_mixin.py:188} INFO - [2026-07-13T11:03:25.119+0000] {dagbag.py:538} INFO - Filling up the DagBag from /home/airflow/.local/lib/python3.8/site-packages/airflow/example_dags/example_python_decorator.py
[2026-07-13T11:03:25.129+0000] {processor.py:840} INFO - DAG(s) 'example_python_decorator' retrieved from /home/airflow/.local/lib/python3.8/site-packages/airflow/example_dags/example_python_decorator.py
[2026-07-13T11:03:25.144+0000] {logging_mixin.py:188} INFO - [2026-07-13T11:03:25.144+0000] {dag.py:3036} INFO - Sync 1 DAGs
[2026-07-13T11:03:25.152+0000] {logging_mixin.py:188} INFO - [2026-07-13T11:03:25.152+0000] {dag.py:3823} INFO - Setting next_dagrun for example_python_decorator to None, run_after=None
[2026-07-13T11:03:25.166+0000] {processor.py:183} INFO - Processing /home/airflow/.local/lib/python3.8/site-packages/airflow/example_dags/example_python_decorator.py took 0.052 seconds
[2026-07-13T11:03:56.899+0000] {processor.py:161} INFO - Started process (PID=2207) to work on /home/airflow/.local/lib/python3.8/site-packages/airflow/example_dags/example_python_decorator.py
[2026-07-13T11:03:56.900+0000] {processor.py:830} INFO - Processing file /home/airflow/.local/lib/python3.8/site-packages/airflow/example_dags/example_python_decorator.py for tasks to queue
[2026-07-13T11:03:56.902+0000] {logging_mixin.py:188} INFO - [2026-07-13T11:03:56.902+0000] {dagbag.py:538} INFO - Filling up the DagBag from /home/airflow/.local/lib/python3.8/site-packages/airflow/example_dags/example_python_decorator.py
[2026-07-13T11:03:56.913+0000] {processor.py:840} INFO - DAG(s) 'example_python_decorator' retrieved from /home/airflow/.local/lib/python3.8/site-packages/airflow/example_dags/example_python_decorator.py
[2026-07-13T11:03:56.934+0000] {logging_mixin.py:188} INFO - [2026-07-13T11:03:56.934+0000] {dag.py:3036} INFO - Sync 1 DAGs
[2026-07-13T11:03:56.943+0000] {logging_mixin.py:188} INFO - [2026-07-13T11:03:56.943+0000] {dag.py:3823} INFO - Setting next_dagrun for example_python_decorator to None, run_after=None
[2026-07-13T11:03:56.963+0000] {processor.py:183} INFO - Processing /home/airflow/.local/lib/python3.8/site-packages/airflow/example_dags/example_python_decorator.py took 0.066 seconds
[2026-07-13T11:04:35.336+0000] {processor.py:161} INFO - Started process (PID=2274) to work on /home/airflow/.local/lib/python3.8/site-packages/airflow/example_dags/example_python_decorator.py
[2026-07-13T11:04:35.358+0000] {processor.py:830} INFO - Processing file /home/airflow/.local/lib/python3.8/site-packages/airflow/example_dags/example_python_decorator.py for tasks to queue
[2026-07-13T11:04:35.360+0000] {logging_mixin.py:188} INFO - [2026-07-13T11:04:35.360+0000] {dagbag.py:538} INFO - Filling up the DagBag from /home/airflow/.local/lib/python3.8/site-packages/airflow/example_dags/example_python_decorator.py
[2026-07-13T11:04:35.390+0000] {processor.py:840} INFO - DAG(s) 'example_python_decorator' retrieved from /home/airflow/.local/lib/python3.8/site-packages/airflow/example_dags/example_python_decorator.py
[2026-07-13T11:04:35.416+0000] {logging_mixin.py:188} INFO - [2026-07-13T11:04:35.416+0000] {dag.py:3036} INFO - Sync 1 DAGs
[2026-07-13T11:04:35.425+0000] {logging_mixin.py:188} INFO - [2026-07-13T11:04:35.424+0000] {dag.py:3823} INFO - Setting next_dagrun for example_python_decorator to None, run_after=None
[2026-07-13T11:04:35.512+0000] {processor.py:183} INFO - Processing /home/airflow/.local/lib/python3.8/site-packages/airflow/example_dags/example_python_decorator.py took 0.180 seconds
[2026-07-13T11:05:42.829+0000] {processor.py:161} INFO - Started process (PID=95) to work on /home/airflow/.local/lib/python3.8/site-packages/airflow/example_dags/example_python_decorator.py
[2026-07-13T11:05:42.830+0000] {processor.py:830} INFO - Processing file /home/airflow/.local/lib/python3.8/site-packages/airflow/example_dags/example_python_decorator.py for tasks to queue
[2026-07-13T11:05:42.832+0000] {logging_mixin.py:188} INFO - [2026-07-13T11:05:42.832+0000] {dagbag.py:538} INFO - Filling up the DagBag from /home/airflow/.local/lib/python3.8/site-packages/airflow/example_dags/example_python_decorator.py
[2026-07-13T11:05:42.845+0000] {processor.py:840} INFO - DAG(s) 'example_python_decorator' retrieved from /home/airflow/.local/lib/python3.8/site-packages/airflow/example_dags/example_python_decorator.py
[2026-07-13T11:05:42.928+0000] {logging_mixin.py:188} INFO - [2026-07-13T11:05:42.928+0000] {dag.py:3036} INFO - Sync 1 DAGs
[2026-07-13T11:05:42.939+0000] {logging_mixin.py:188} INFO - [2026-07-13T11:05:42.939+0000] {dag.py:3823} INFO - Setting next_dagrun for example_python_decorator to None, run_after=None
[2026-07-13T11:05:42.959+0000] {processor.py:183} INFO - Processing /home/airflow/.local/lib/python3.8/site-packages/airflow/example_dags/example_python_decorator.py took 0.135 seconds
[2026-07-13T11:06:13.420+0000] {processor.py:161} INFO - Started process (PID=145) to work on /home/airflow/.local/lib/python3.8/site-packages/airflow/example_dags/example_python_decorator.py
[2026-07-13T11:06:13.421+0000] {processor.py:830} INFO - Processing file /home/airflow/.local/lib/python3.8/site-packages/airflow/example_dags/example_python_decorator.py for tasks to queue
[2026-07-13T11:06:13.422+0000] {logging_mixin.py:188} INFO - [2026-07-13T11:06:13.422+0000] {dagbag.py:538} INFO - Filling up the DagBag from /home/airflow/.local/lib/python3.8/site-packages/airflow/example_dags/example_python_decorator.py
[2026-07-13T11:06:13.434+0000] {processor.py:840} INFO - DAG(s) 'example_python_decorator' retrieved from /home/airflow/.local/lib/python3.8/site-packages/airflow/example_dags/example_python_decorator.py
[2026-07-13T11:06:13.451+0000] {logging_mixin.py:188} INFO - [2026-07-13T11:06:13.450+0000] {dag.py:3036} INFO - Sync 1 DAGs
[2026-07-13T11:06:13.460+0000] {logging_mixin.py:188} INFO - [2026-07-13T11:06:13.460+0000] {dag.py:3823} INFO - Setting next_dagrun for example_python_decorator to None, run_after=None
[2026-07-13T11:06:13.478+0000] {processor.py:183} INFO - Processing /home/airflow/.local/lib/python3.8/site-packages/airflow/example_dags/example_python_decorator.py took 0.061 seconds
[2026-07-13T11:06:44.094+0000] {processor.py:161} INFO - Started process (PID=202) to work on /home/airflow/.local/lib/python3.8/site-packages/airflow/example_dags/example_python_decorator.py
[2026-07-13T11:06:44.096+0000] {processor.py:830} INFO - Processing file /home/airflow/.local/lib/python3.8/site-packages/airflow/example_dags/example_python_decorator.py for tasks to queue
[2026-07-13T11:06:44.099+0000] {logging_mixin.py:188} INFO - [2026-07-13T11:06:44.098+0000] {dagbag.py:538} INFO - Filling up the DagBag from /home/airflow/.local/lib/python3.8/site-packages/airflow/example_dags/example_python_decorator.py
[2026-07-13T11:06:44.109+0000] {processor.py:840} INFO - DAG(s) 'example_python_decorator' retrieved from /home/airflow/.local/lib/python3.8/site-packages/airflow/example_dags/example_python_decorator.py
[2026-07-13T11:06:44.134+0000] {logging_mixin.py:188} INFO - [2026-07-13T11:06:44.134+0000] {dag.py:3036} INFO - Sync 1 DAGs
[2026-07-13T11:06:44.151+0000] {logging_mixin.py:188} INFO - [2026-07-13T11:06:44.151+0000] {dag.py:3823} INFO - Setting next_dagrun for example_python_decorator to None, run_after=None
[2026-07-13T11:06:44.173+0000] {processor.py:183} INFO - Processing /home/airflow/.local/lib/python3.8/site-packages/airflow/example_dags/example_python_decorator.py took 0.081 seconds
[2026-07-13T11:07:15.230+0000] {processor.py:161} INFO - Started process (PID=258) to work on /home/airflow/.local/lib/python3.8/site-packages/airflow/example_dags/example_python_decorator.py
[2026-07-13T11:07:15.231+0000] {processor.py:830} INFO - Processing file /home/airflow/.local/lib/python3.8/site-packages/airflow/example_dags/example_python_decorator.py for tasks to queue
[2026-07-13T11:07:15.232+0000] {logging_mixin.py:188} INFO - [2026-07-13T11:07:15.232+0000] {dagbag.py:538} INFO - Filling up the DagBag from /home/airflow/.local/lib/python3.8/site-packages/airflow/example_dags/example_python_decorator.py
[2026-07-13T11:07:15.243+0000] {processor.py:840} INFO - DAG(s) 'example_python_decorator' retrieved from /home/airflow/.local/lib/python3.8/site-packages/airflow/example_dags/example_python_decorator.py
[2026-07-13T11:07:15.260+0000] {logging_mixin.py:188} INFO - [2026-07-13T11:07:15.260+0000] {dag.py:3036} INFO - Sync 1 DAGs
[2026-07-13T11:07:15.275+0000] {logging_mixin.py:188} INFO - [2026-07-13T11:07:15.274+0000] {dag.py:3823} INFO - Setting next_dagrun for example_python_decorator to None, run_after=None
[2026-07-13T11:07:15.293+0000] {processor.py:183} INFO - Processing /home/airflow/.local/lib/python3.8/site-packages/airflow/example_dags/example_python_decorator.py took 0.066 seconds
[2026-07-13T11:07:45.690+0000] {processor.py:161} INFO - Started process (PID=314) to work on /home/airflow/.local/lib/python3.8/site-packages/airflow/example_dags/example_python_decorator.py
[2026-07-13T11:07:45.691+0000] {processor.py:830} INFO - Processing file /home/airflow/.local/lib/python3.8/site-packages/airflow/example_dags/example_python_decorator.py for tasks to queue
[2026-07-13T11:07:45.693+0000] {logging_mixin.py:188} INFO - [2026-07-13T11:07:45.693+0000] {dagbag.py:538} INFO - Filling up the DagBag from /home/airflow/.local/lib/python3.8/site-packages/airflow/example_dags/example_python_decorator.py
[2026-07-13T11:07:45.704+0000] {processor.py:840} INFO - DAG(s) 'example_python_decorator' retrieved from /home/airflow/.local/lib/python3.8/site-packages/airflow/example_dags/example_python_decorator.py
[2026-07-13T11:07:45.734+0000] {logging_mixin.py:188} INFO - [2026-07-13T11:07:45.734+0000] {dag.py:3036} INFO - Sync 1 DAGs
[2026-07-13T11:07:45.745+0000] {logging_mixin.py:188} INFO - [2026-07-13T11:07:45.744+0000] {dag.py:3823} INFO - Setting next_dagrun for example_python_decorator to None, run_after=None
[2026-07-13T11:07:45.765+0000] {processor.py:183} INFO - Processing /home/airflow/.local/lib/python3.8/site-packages/airflow/example_dags/example_python_decorator.py took 0.078 seconds
[2026-07-13T11:08:15.857+0000] {processor.py:161} INFO - Started process (PID=370) to work on /home/airflow/.local/lib/python3.8/site-packages/airflow/example_dags/example_python_decorator.py
[2026-07-13T11:08:15.858+0000] {processor.py:830} INFO - Processing file /home/airflow/.local/lib/python3.8/site-packages/airflow/example_dags/example_python_decorator.py for tasks to queue
[2026-07-13T11:08:15.860+0000] {logging_mixin.py:188} INFO - [2026-07-13T11:08:15.860+0000] {dagbag.py:538} INFO - Filling up the DagBag from /home/airflow/.local/lib/python3.8/site-packages/airflow/example_dags/example_python_decorator.py
[2026-07-13T11:08:15.870+0000] {processor.py:840} INFO - DAG(s) 'example_python_decorator' retrieved from /home/airflow/.local/lib/python3.8/site-packages/airflow/example_dags/example_python_decorator.py
[2026-07-13T11:08:15.888+0000] {logging_mixin.py:188} INFO - [2026-07-13T11:08:15.887+0000] {dag.py:3036} INFO - Sync 1 DAGs
[2026-07-13T11:08:15.897+0000] {logging_mixin.py:188} INFO - [2026-07-13T11:08:15.897+0000] {dag.py:3823} INFO - Setting next_dagrun for example_python_decorator to None, run_after=None
[2026-07-13T11:08:15.913+0000] {processor.py:183} INFO - Processing /home/airflow/.local/lib/python3.8/site-packages/airflow/example_dags/example_python_decorator.py took 0.059 seconds
[2026-07-13T11:08:46.602+0000] {processor.py:161} INFO - Started process (PID=426) to work on /home/airflow/.local/lib/python3.8/site-packages/airflow/example_dags/example_python_decorator.py
[2026-07-13T11:08:46.603+0000] {processor.py:830} INFO - Processing file /home/airflow/.local/lib/python3.8/site-packages/airflow/example_dags/example_python_decorator.py for tasks to queue
[2026-07-13T11:08:46.606+0000] {logging_mixin.py:188} INFO - [2026-07-13T11:08:46.606+0000] {dagbag.py:538} INFO - Filling up the DagBag from /home/airflow/.local/lib/python3.8/site-packages/airflow/example_dags/example_python_decorator.py
[2026-07-13T11:08:46.625+0000] {processor.py:840} INFO - DAG(s) 'example_python_decorator' retrieved from /home/airflow/.local/lib/python3.8/site-packages/airflow/example_dags/example_python_decorator.py
[2026-07-13T11:08:46.655+0000] {logging_mixin.py:188} INFO - [2026-07-13T11:08:46.655+0000] {dag.py:3036} INFO - Sync 1 DAGs
[2026-07-13T11:08:46.673+0000] {logging_mixin.py:188} INFO - [2026-07-13T11:08:46.673+0000] {dag.py:3823} INFO - Setting next_dagrun for example_python_decorator to None, run_after=None
[2026-07-13T11:08:46.726+0000] {processor.py:183} INFO - Processing /home/airflow/.local/lib/python3.8/site-packages/airflow/example_dags/example_python_decorator.py took 0.128 seconds
[2026-07-13T11:09:17.380+0000] {processor.py:161} INFO - Started process (PID=482) to work on /home/airflow/.local/lib/python3.8/site-packages/airflow/example_dags/example_python_decorator.py
[2026-07-13T11:09:17.382+0000] {processor.py:830} INFO - Processing file /home/airflow/.local/lib/python3.8/site-packages/airflow/example_dags/example_python_decorator.py for tasks to queue
[2026-07-13T11:09:17.383+0000] {logging_mixin.py:188} INFO - [2026-07-13T11:09:17.383+0000] {dagbag.py:538} INFO - Filling up the DagBag from /home/airflow/.local/lib/python3.8/site-packages/airflow/example_dags/example_python_decorator.py
[2026-07-13T11:09:17.402+0000] {processor.py:840} INFO - DAG(s) 'example_python_decorator' retrieved from /home/airflow/.local/lib/python3.8/site-packages/airflow/example_dags/example_python_decorator.py
[2026-07-13T11:09:17.426+0000] {logging_mixin.py:188} INFO - [2026-07-13T11:09:17.425+0000] {dag.py:3036} INFO - Sync 1 DAGs
[2026-07-13T11:09:17.438+0000] {logging_mixin.py:188} INFO - [2026-07-13T11:09:17.438+0000] {dag.py:3823} INFO - Setting next_dagrun for example_python_decorator to None, run_after=None
[2026-07-13T11:09:17.466+0000] {processor.py:183} INFO - Processing /home/airflow/.local/lib/python3.8/site-packages/airflow/example_dags/example_python_decorator.py took 0.091 seconds
[2026-07-13T11:09:47.862+0000] {processor.py:161} INFO - Started process (PID=538) to work on /home/airflow/.local/lib/python3.8/site-packages/airflow/example_dags/example_python_decorator.py
[2026-07-13T11:09:47.865+0000] {processor.py:830} INFO - Processing file /home/airflow/.local/lib/python3.8/site-packages/airflow/example_dags/example_python_decorator.py for tasks to queue
[2026-07-13T11:09:47.867+0000] {logging_mixin.py:188} INFO - [2026-07-13T11:09:47.867+0000] {dagbag.py:538} INFO - Filling up the DagBag from /home/airflow/.local/lib/python3.8/site-packages/airflow/example_dags/example_python_decorator.py
[2026-07-13T11:09:47.878+0000] {processor.py:840} INFO - DAG(s) 'example_python_decorator' retrieved from /home/airflow/.local/lib/python3.8/site-packages/airflow/example_dags/example_python_decorator.py
[2026-07-13T11:09:47.896+0000] {logging_mixin.py:188} INFO - [2026-07-13T11:09:47.896+0000] {dag.py:3036} INFO - Sync 1 DAGs
[2026-07-13T11:09:47.905+0000] {logging_mixin.py:188} INFO - [2026-07-13T11:09:47.904+0000] {dag.py:3823} INFO - Setting next_dagrun for example_python_decorator to None, run_after=None
[2026-07-13T11:09:47.920+0000] {processor.py:183} INFO - Processing /home/airflow/.local/lib/python3.8/site-packages/airflow/example_dags/example_python_decorator.py took 0.060 seconds
[2026-07-13T11:10:18.222+0000] {processor.py:161} INFO - Started process (PID=594) to work on /home/airflow/.local/lib/python3.8/site-packages/airflow/example_dags/example_python_decorator.py
[2026-07-13T11:10:18.223+0000] {processor.py:830} INFO - Processing file /home/airflow/.local/lib/python3.8/site-packages/airflow/example_dags/example_python_decorator.py for tasks to queue
[2026-07-13T11:10:18.225+0000] {logging_mixin.py:188} INFO - [2026-07-13T11:10:18.224+0000] {dagbag.py:538} INFO - Filling up the DagBag from /home/airflow/.local/lib/python3.8/site-packages/airflow/example_dags/example_python_decorator.py
[2026-07-13T11:10:18.239+0000] {processor.py:840} INFO - DAG(s) 'example_python_decorator' retrieved from /home/airflow/.local/lib/python3.8/site-packages/airflow/example_dags/example_python_decorator.py
[2026-07-13T11:10:18.258+0000] {logging_mixin.py:188} INFO - [2026-07-13T11:10:18.258+0000] {dag.py:3036} INFO - Sync 1 DAGs
[2026-07-13T11:10:18.267+0000] {logging_mixin.py:188} INFO - [2026-07-13T11:10:18.266+0000] {dag.py:3823} INFO - Setting next_dagrun for example_python_decorator to None, run_after=None
[2026-07-13T11:10:18.280+0000] {processor.py:183} INFO - Processing /home/airflow/.local/lib/python3.8/site-packages/airflow/example_dags/example_python_decorator.py took 0.061 seconds
[2026-07-13T11:10:48.753+0000] {processor.py:161} INFO - Started process (PID=659) to work on /home/airflow/.local/lib/python3.8/site-packages/airflow/example_dags/example_python_decorator.py
[2026-07-13T11:10:48.754+0000] {processor.py:830} INFO - Processing file /home/airflow/.local/lib/python3.8/site-packages/airflow/example_dags/example_python_decorator.py for tasks to queue
[2026-07-13T11:10:48.756+0000] {logging_mixin.py:188} INFO - [2026-07-13T11:10:48.755+0000] {dagbag.py:538} INFO - Filling up the DagBag from /home/airflow/.local/lib/python3.8/site-packages/airflow/example_dags/example_python_decorator.py
[2026-07-13T11:10:48.765+0000] {processor.py:840} INFO - DAG(s) 'example_python_decorator' retrieved from /home/airflow/.local/lib/python3.8/site-packages/airflow/example_dags/example_python_decorator.py
[2026-07-13T11:10:48.781+0000] {logging_mixin.py:188} INFO - [2026-07-13T11:10:48.781+0000] {dag.py:3036} INFO - Sync 1 DAGs
[2026-07-13T11:10:48.790+0000] {logging_mixin.py:188} INFO - [2026-07-13T11:10:48.790+0000] {dag.py:3823} INFO - Setting next_dagrun for example_python_decorator to None, run_after=None
[2026-07-13T11:10:48.804+0000] {processor.py:183} INFO - Processing /home/airflow/.local/lib/python3.8/site-packages/airflow/example_dags/example_python_decorator.py took 0.053 seconds
[2026-07-13T11:11:19.363+0000] {processor.py:161} INFO - Started process (PID=716) to work on /home/airflow/.local/lib/python3.8/site-packages/airflow/example_dags/example_python_decorator.py
[2026-07-13T11:11:19.364+0000] {processor.py:830} INFO - Processing file /home/airflow/.local/lib/python3.8/site-packages/airflow/example_dags/example_python_decorator.py for tasks to queue
[2026-07-13T11:11:19.365+0000] {logging_mixin.py:188} INFO - [2026-07-13T11:11:19.365+0000] {dagbag.py:538} INFO - Filling up the DagBag from /home/airflow/.local/lib/python3.8/site-packages/airflow/example_dags/example_python_decorator.py
[2026-07-13T11:11:19.374+0000] {processor.py:840} INFO - DAG(s) 'example_python_decorator' retrieved from /home/airflow/.local/lib/python3.8/site-packages/airflow/example_dags/example_python_decorator.py
[2026-07-13T11:11:19.391+0000] {logging_mixin.py:188} INFO - [2026-07-13T11:11:19.391+0000] {dag.py:3036} INFO - Sync 1 DAGs
[2026-07-13T11:11:19.401+0000] {logging_mixin.py:188} INFO - [2026-07-13T11:11:19.401+0000] {dag.py:3823} INFO - Setting next_dagrun for example_python_decorator to None, run_after=None
[2026-07-13T11:11:19.414+0000] {processor.py:183} INFO - Processing /home/airflow/.local/lib/python3.8/site-packages/airflow/example_dags/example_python_decorator.py took 0.054 seconds
[2026-07-13T11:11:51.019+0000] {processor.py:161} INFO - Started process (PID=772) to work on /home/airflow/.local/lib/python3.8/site-packages/airflow/example_dags/example_python_decorator.py
[2026-07-13T11:11:51.020+0000] {processor.py:830} INFO - Processing file /home/airflow/.local/lib/python3.8/site-packages/airflow/example_dags/example_python_decorator.py for tasks to queue
[2026-07-13T11:11:51.021+0000] {logging_mixin.py:188} INFO - [2026-07-13T11:11:51.021+0000] {dagbag.py:538} INFO - Filling up the DagBag from /home/airflow/.local/lib/python3.8/site-packages/airflow/example_dags/example_python_decorator.py
[2026-07-13T11:11:51.030+0000] {processor.py:840} INFO - DAG(s) 'example_python_decorator' retrieved from /home/airflow/.local/lib/python3.8/site-packages/airflow/example_dags/example_python_decorator.py
[2026-07-13T11:11:51.045+0000] {logging_mixin.py:188} INFO - [2026-07-13T11:11:51.045+0000] {dag.py:3036} INFO - Sync 1 DAGs
[2026-07-13T11:11:51.053+0000] {logging_mixin.py:188} INFO - [2026-07-13T11:11:51.053+0000] {dag.py:3823} INFO - Setting next_dagrun for example_python_decorator to None, run_after=None
[2026-07-13T11:11:51.068+0000] {processor.py:183} INFO - Processing /home/airflow/.local/lib/python3.8/site-packages/airflow/example_dags/example_python_decorator.py took 0.053 seconds
[2026-07-13T11:12:24.323+0000] {processor.py:161} INFO - Started process (PID=828) to work on /home/airflow/.local/lib/python3.8/site-packages/airflow/example_dags/example_python_decorator.py
[2026-07-13T11:12:24.325+0000] {processor.py:830} INFO - Processing file /home/airflow/.local/lib/python3.8/site-packages/airflow/example_dags/example_python_decorator.py for tasks to queue
[2026-07-13T11:12:24.328+0000] {logging_mixin.py:188} INFO - [2026-07-13T11:12:24.327+0000] {dagbag.py:538} INFO - Filling up the DagBag from /home/airflow/.local/lib/python3.8/site-packages/airflow/example_dags/example_python_decorator.py
[2026-07-13T11:12:24.343+0000] {processor.py:840} INFO - DAG(s) 'example_python_decorator' retrieved from /home/airflow/.local/lib/python3.8/site-packages/airflow/example_dags/example_python_decorator.py
[2026-07-13T11:12:24.377+0000] {logging_mixin.py:188} INFO - [2026-07-13T11:12:24.376+0000] {dag.py:3036} INFO - Sync 1 DAGs
[2026-07-13T11:12:24.391+0000] {logging_mixin.py:188} INFO - [2026-07-13T11:12:24.391+0000] {dag.py:3823} INFO - Setting next_dagrun for example_python_decorator to None, run_after=None
[2026-07-13T11:12:24.420+0000] {processor.py:183} INFO - Processing /home/airflow/.local/lib/python3.8/site-packages/airflow/example_dags/example_python_decorator.py took 0.103 seconds
[2026-07-13T11:12:54.653+0000] {processor.py:161} INFO - Started process (PID=884) to work on /home/airflow/.local/lib/python3.8/site-packages/airflow/example_dags/example_python_decorator.py
[2026-07-13T11:12:54.654+0000] {processor.py:830} INFO - Processing file /home/airflow/.local/lib/python3.8/site-packages/airflow/example_dags/example_python_decorator.py for tasks to queue
[2026-07-13T11:12:54.655+0000] {logging_mixin.py:188} INFO - [2026-07-13T11:12:54.655+0000] {dagbag.py:538} INFO - Filling up the DagBag from /home/airflow/.local/lib/python3.8/site-packages/airflow/example_dags/example_python_decorator.py
[2026-07-13T11:12:54.665+0000] {processor.py:840} INFO - DAG(s) 'example_python_decorator' retrieved from /home/airflow/.local/lib/python3.8/site-packages/airflow/example_dags/example_python_decorator.py
[2026-07-13T11:12:54.681+0000] {logging_mixin.py:188} INFO - [2026-07-13T11:12:54.681+0000] {dag.py:3036} INFO - Sync 1 DAGs
[2026-07-13T11:12:54.690+0000] {logging_mixin.py:188} INFO - [2026-07-13T11:12:54.689+0000] {dag.py:3823} INFO - Setting next_dagrun for example_python_decorator to None, run_after=None
[2026-07-13T11:12:54.703+0000] {processor.py:183} INFO - Processing /home/airflow/.local/lib/python3.8/site-packages/airflow/example_dags/example_python_decorator.py took 0.052 seconds
[2026-07-13T11:13:26.353+0000] {processor.py:161} INFO - Started process (PID=940) to work on /home/airflow/.local/lib/python3.8/site-packages/airflow/example_dags/example_python_decorator.py
[2026-07-13T11:13:26.354+0000] {processor.py:830} INFO - Processing file /home/airflow/.local/lib/python3.8/site-packages/airflow/example_dags/example_python_decorator.py for tasks to queue
[2026-07-13T11:13:26.356+0000] {logging_mixin.py:188} INFO - [2026-07-13T11:13:26.355+0000] {dagbag.py:538} INFO - Filling up the DagBag from /home/airflow/.local/lib/python3.8/site-packages/airflow/example_dags/example_python_decorator.py
[2026-07-13T11:13:26.368+0000] {processor.py:840} INFO - DAG(s) 'example_python_decorator' retrieved from /home/airflow/.local/lib/python3.8/site-packages/airflow/example_dags/example_python_decorator.py
[2026-07-13T11:13:26.389+0000] {logging_mixin.py:188} INFO - [2026-07-13T11:13:26.388+0000] {dag.py:3036} INFO - Sync 1 DAGs
[2026-07-13T11:13:26.402+0000] {logging_mixin.py:188} INFO - [2026-07-13T11:13:26.402+0000] {dag.py:3823} INFO - Setting next_dagrun for example_python_decorator to None, run_after=None
[2026-07-13T11:13:26.422+0000] {processor.py:183} INFO - Processing /home/airflow/.local/lib/python3.8/site-packages/airflow/example_dags/example_python_decorator.py took 0.073 seconds
[2026-07-13T11:13:57.927+0000] {processor.py:161} INFO - Started process (PID=996) to work on /home/airflow/.local/lib/python3.8/site-packages/airflow/example_dags/example_python_decorator.py
[2026-07-13T11:13:57.928+0000] {processor.py:830} INFO - Processing file /home/airflow/.local/lib/python3.8/site-packages/airflow/example_dags/example_python_decorator.py for tasks to queue
[2026-07-13T11:13:57.929+0000] {logging_mixin.py:188} INFO - [2026-07-13T11:13:57.929+0000] {dagbag.py:538} INFO - Filling up the DagBag from /home/airflow/.local/lib/python3.8/site-packages/airflow/example_dags/example_python_decorator.py
[2026-07-13T11:13:57.939+0000] {processor.py:840} INFO - DAG(s) 'example_python_decorator' retrieved from /home/airflow/.local/lib/python3.8/site-packages/airflow/example_dags/example_python_decorator.py
[2026-07-13T11:13:57.955+0000] {logging_mixin.py:188} INFO - [2026-07-13T11:13:57.955+0000] {dag.py:3036} INFO - Sync 1 DAGs
[2026-07-13T11:13:57.963+0000] {logging_mixin.py:188} INFO - [2026-07-13T11:13:57.963+0000] {dag.py:3823} INFO - Setting next_dagrun for example_python_decorator to None, run_after=None
[2026-07-13T11:13:57.976+0000] {processor.py:183} INFO - Processing /home/airflow/.local/lib/python3.8/site-packages/airflow/example_dags/example_python_decorator.py took 0.052 seconds
[2026-07-13T11:17:29.223+0000] {processor.py:161} INFO - Started process (PID=101) to work on /home/airflow/.local/lib/python3.8/site-packages/airflow/example_dags/example_python_decorator.py
[2026-07-13T11:17:29.225+0000] {processor.py:830} INFO - Processing file /home/airflow/.local/lib/python3.8/site-packages/airflow/example_dags/example_python_decorator.py for tasks to queue
[2026-07-13T11:17:29.228+0000] {logging_mixin.py:188} INFO - [2026-07-13T11:17:29.227+0000] {dagbag.py:538} INFO - Filling up the DagBag from /home/airflow/.local/lib/python3.8/site-packages/airflow/example_dags/example_python_decorator.py
[2026-07-13T11:17:29.251+0000] {processor.py:840} INFO - DAG(s) 'example_python_decorator' retrieved from /home/airflow/.local/lib/python3.8/site-packages/airflow/example_dags/example_python_decorator.py
[2026-07-13T11:17:29.381+0000] {logging_mixin.py:188} INFO - [2026-07-13T11:17:29.380+0000] {override.py:1769} INFO - Created Permission View: can read on DAG:example_python_decorator
[2026-07-13T11:17:29.397+0000] {logging_mixin.py:188} INFO - [2026-07-13T11:17:29.396+0000] {override.py:1769} INFO - Created Permission View: can delete on DAG:example_python_decorator
[2026-07-13T11:17:29.407+0000] {logging_mixin.py:188} INFO - [2026-07-13T11:17:29.407+0000] {override.py:1769} INFO - Created Permission View: can edit on DAG:example_python_decorator
[2026-07-13T11:17:29.408+0000] {logging_mixin.py:188} INFO - [2026-07-13T11:17:29.408+0000] {dag.py:3036} INFO - Sync 1 DAGs
[2026-07-13T11:17:29.422+0000] {logging_mixin.py:188} INFO - [2026-07-13T11:17:29.422+0000] {dag.py:3058} INFO - Creating ORM DAG for example_python_decorator
[2026-07-13T11:17:29.423+0000] {logging_mixin.py:188} INFO - [2026-07-13T11:17:29.423+0000] {dag.py:3823} INFO - Setting next_dagrun for example_python_decorator to None, run_after=None
[2026-07-13T11:17:29.442+0000] {processor.py:183} INFO - Processing /home/airflow/.local/lib/python3.8/site-packages/airflow/example_dags/example_python_decorator.py took 0.223 seconds
[2026-07-13T11:17:59.476+0000] {processor.py:161} INFO - Started process (PID=158) to work on /home/airflow/.local/lib/python3.8/site-packages/airflow/example_dags/example_python_decorator.py
[2026-07-13T11:17:59.477+0000] {processor.py:830} INFO - Processing file /home/airflow/.local/lib/python3.8/site-packages/airflow/example_dags/example_python_decorator.py for tasks to queue
[2026-07-13T11:17:59.478+0000] {logging_mixin.py:188} INFO - [2026-07-13T11:17:59.478+0000] {dagbag.py:538} INFO - Filling up the DagBag from /home/airflow/.local/lib/python3.8/site-packages/airflow/example_dags/example_python_decorator.py
[2026-07-13T11:17:59.487+0000] {processor.py:840} INFO - DAG(s) 'example_python_decorator' retrieved from /home/airflow/.local/lib/python3.8/site-packages/airflow/example_dags/example_python_decorator.py
[2026-07-13T11:17:59.503+0000] {logging_mixin.py:188} INFO - [2026-07-13T11:17:59.503+0000] {dag.py:3036} INFO - Sync 1 DAGs
[2026-07-13T11:17:59.512+0000] {logging_mixin.py:188} INFO - [2026-07-13T11:17:59.512+0000] {dag.py:3823} INFO - Setting next_dagrun for example_python_decorator to None, run_after=None
[2026-07-13T11:17:59.526+0000] {processor.py:183} INFO - Processing /home/airflow/.local/lib/python3.8/site-packages/airflow/example_dags/example_python_decorator.py took 0.053 seconds
[2026-07-13T11:19:42.855+0000] {processor.py:161} INFO - Started process (PID=232) to work on /home/airflow/.local/lib/python3.8/site-packages/airflow/example_dags/example_python_decorator.py
[2026-07-13T11:19:42.858+0000] {processor.py:830} INFO - Processing file /home/airflow/.local/lib/python3.8/site-packages/airflow/example_dags/example_python_decorator.py for tasks to queue
[2026-07-13T11:19:42.862+0000] {logging_mixin.py:188} INFO - [2026-07-13T11:19:42.861+0000] {dagbag.py:538} INFO - Filling up the DagBag from /home/airflow/.local/lib/python3.8/site-packages/airflow/example_dags/example_python_decorator.py
[2026-07-13T11:19:42.897+0000] {processor.py:840} INFO - DAG(s) 'example_python_decorator' retrieved from /home/airflow/.local/lib/python3.8/site-packages/airflow/example_dags/example_python_decorator.py
[2026-07-13T11:19:42.954+0000] {logging_mixin.py:188} INFO - [2026-07-13T11:19:42.954+0000] {dag.py:3036} INFO - Sync 1 DAGs
[2026-07-13T11:19:42.975+0000] {logging_mixin.py:188} INFO - [2026-07-13T11:19:42.974+0000] {dag.py:3823} INFO - Setting next_dagrun for example_python_decorator to None, run_after=None
[2026-07-13T11:19:43.036+0000] {processor.py:183} INFO - Processing /home/airflow/.local/lib/python3.8/site-packages/airflow/example_dags/example_python_decorator.py took 0.190 seconds
[2026-07-13T11:20:13.764+0000] {processor.py:161} INFO - Started process (PID=288) to work on /home/airflow/.local/lib/python3.8/site-packages/airflow/example_dags/example_python_decorator.py
[2026-07-13T11:20:13.765+0000] {processor.py:830} INFO - Processing file /home/airflow/.local/lib/python3.8/site-packages/airflow/example_dags/example_python_decorator.py for tasks to queue
[2026-07-13T11:20:13.767+0000] {logging_mixin.py:188} INFO - [2026-07-13T11:20:13.767+0000] {dagbag.py:538} INFO - Filling up the DagBag from /home/airflow/.local/lib/python3.8/site-packages/airflow/example_dags/example_python_decorator.py
[2026-07-13T11:20:13.777+0000] {processor.py:840} INFO - DAG(s) 'example_python_decorator' retrieved from /home/airflow/.local/lib/python3.8/site-packages/airflow/example_dags/example_python_decorator.py
[2026-07-13T11:20:13.794+0000] {logging_mixin.py:188} INFO - [2026-07-13T11:20:13.794+0000] {dag.py:3036} INFO - Sync 1 DAGs
[2026-07-13T11:20:13.802+0000] {logging_mixin.py:188} INFO - [2026-07-13T11:20:13.802+0000] {dag.py:3823} INFO - Setting next_dagrun for example_python_decorator to None, run_after=None
[2026-07-13T11:20:13.816+0000] {processor.py:183} INFO - Processing /home/airflow/.local/lib/python3.8/site-packages/airflow/example_dags/example_python_decorator.py took 0.055 seconds
[2026-07-13T11:20:44.202+0000] {processor.py:161} INFO - Started process (PID=344) to work on /home/airflow/.local/lib/python3.8/site-packages/airflow/example_dags/example_python_decorator.py
[2026-07-13T11:20:44.203+0000] {processor.py:830} INFO - Processing file /home/airflow/.local/lib/python3.8/site-packages/airflow/example_dags/example_python_decorator.py for tasks to queue
[2026-07-13T11:20:44.204+0000] {logging_mixin.py:188} INFO - [2026-07-13T11:20:44.204+0000] {dagbag.py:538} INFO - Filling up the DagBag from /home/airflow/.local/lib/python3.8/site-packages/airflow/example_dags/example_python_decorator.py
[2026-07-13T11:20:44.214+0000] {processor.py:840} INFO - DAG(s) 'example_python_decorator' retrieved from /home/airflow/.local/lib/python3.8/site-packages/airflow/example_dags/example_python_decorator.py
[2026-07-13T11:20:44.230+0000] {logging_mixin.py:188} INFO - [2026-07-13T11:20:44.229+0000] {dag.py:3036} INFO - Sync 1 DAGs
[2026-07-13T11:20:44.238+0000] {logging_mixin.py:188} INFO - [2026-07-13T11:20:44.238+0000] {dag.py:3823} INFO - Setting next_dagrun for example_python_decorator to None, run_after=None
[2026-07-13T11:20:44.252+0000] {processor.py:183} INFO - Processing /home/airflow/.local/lib/python3.8/site-packages/airflow/example_dags/example_python_decorator.py took 0.053 seconds
[2026-07-13T11:21:15.284+0000] {processor.py:161} INFO - Started process (PID=399) to work on /home/airflow/.local/lib/python3.8/site-packages/airflow/example_dags/example_python_decorator.py
[2026-07-13T11:21:15.285+0000] {processor.py:830} INFO - Processing file /home/airflow/.local/lib/python3.8/site-packages/airflow/example_dags/example_python_decorator.py for tasks to queue
[2026-07-13T11:21:15.286+0000] {logging_mixin.py:188} INFO - [2026-07-13T11:21:15.286+0000] {dagbag.py:538} INFO - Filling up the DagBag from /home/airflow/.local/lib/python3.8/site-packages/airflow/example_dags/example_python_decorator.py
[2026-07-13T11:21:15.296+0000] {processor.py:840} INFO - DAG(s) 'example_python_decorator' retrieved from /home/airflow/.local/lib/python3.8/site-packages/airflow/example_dags/example_python_decorator.py
[2026-07-13T11:21:15.312+0000] {logging_mixin.py:188} INFO - [2026-07-13T11:21:15.312+0000] {dag.py:3036} INFO - Sync 1 DAGs
[2026-07-13T11:21:15.322+0000] {logging_mixin.py:188} INFO - [2026-07-13T11:21:15.321+0000] {dag.py:3823} INFO - Setting next_dagrun for example_python_decorator to None, run_after=None
[2026-07-13T11:21:15.335+0000] {processor.py:183} INFO - Processing /home/airflow/.local/lib/python3.8/site-packages/airflow/example_dags/example_python_decorator.py took 0.054 seconds
[2026-07-13T11:21:45.750+0000] {processor.py:161} INFO - Started process (PID=455) to work on /home/airflow/.local/lib/python3.8/site-packages/airflow/example_dags/example_python_decorator.py
[2026-07-13T11:21:45.751+0000] {processor.py:830} INFO - Processing file /home/airflow/.local/lib/python3.8/site-packages/airflow/example_dags/example_python_decorator.py for tasks to queue
[2026-07-13T11:21:45.753+0000] {logging_mixin.py:188} INFO - [2026-07-13T11:21:45.752+0000] {dagbag.py:538} INFO - Filling up the DagBag from /home/airflow/.local/lib/python3.8/site-packages/airflow/example_dags/example_python_decorator.py
[2026-07-13T11:21:45.767+0000] {processor.py:840} INFO - DAG(s) 'example_python_decorator' retrieved from /home/airflow/.local/lib/python3.8/site-packages/airflow/example_dags/example_python_decorator.py
[2026-07-13T11:21:45.784+0000] {logging_mixin.py:188} INFO - [2026-07-13T11:21:45.784+0000] {dag.py:3036} INFO - Sync 1 DAGs
[2026-07-13T11:21:45.793+0000] {logging_mixin.py:188} INFO - [2026-07-13T11:21:45.793+0000] {dag.py:3823} INFO - Setting next_dagrun for example_python_decorator to None, run_after=None
[2026-07-13T11:21:45.807+0000] {processor.py:183} INFO - Processing /home/airflow/.local/lib/python3.8/site-packages/airflow/example_dags/example_python_decorator.py took 0.061 seconds
[2026-07-13T11:22:16.614+0000] {processor.py:161} INFO - Started process (PID=505) to work on /home/airflow/.local/lib/python3.8/site-packages/airflow/example_dags/example_python_decorator.py
[2026-07-13T11:22:16.615+0000] {processor.py:830} INFO - Processing file /home/airflow/.local/lib/python3.8/site-packages/airflow/example_dags/example_python_decorator.py for tasks to queue
[2026-07-13T11:22:16.616+0000] {logging_mixin.py:188} INFO - [2026-07-13T11:22:16.616+0000] {dagbag.py:538} INFO - Filling up the DagBag from /home/airflow/.local/lib/python3.8/site-packages/airflow/example_dags/example_python_decorator.py
[2026-07-13T11:22:16.626+0000] {processor.py:840} INFO - DAG(s) 'example_python_decorator' retrieved from /home/airflow/.local/lib/python3.8/site-packages/airflow/example_dags/example_python_decorator.py
[2026-07-13T11:22:16.642+0000] {logging_mixin.py:188} INFO - [2026-07-13T11:22:16.642+0000] {dag.py:3036} INFO - Sync 1 DAGs
[2026-07-13T11:22:16.651+0000] {logging_mixin.py:188} INFO - [2026-07-13T11:22:16.651+0000] {dag.py:3823} INFO - Setting next_dagrun for example_python_decorator to None, run_after=None
[2026-07-13T11:22:16.665+0000] {processor.py:183} INFO - Processing /home/airflow/.local/lib/python3.8/site-packages/airflow/example_dags/example_python_decorator.py took 0.054 seconds
[2026-07-13T11:22:46.754+0000] {processor.py:161} INFO - Started process (PID=561) to work on /home/airflow/.local/lib/python3.8/site-packages/airflow/example_dags/example_python_decorator.py
[2026-07-13T11:22:46.755+0000] {processor.py:830} INFO - Processing file /home/airflow/.local/lib/python3.8/site-packages/airflow/example_dags/example_python_decorator.py for tasks to queue
[2026-07-13T11:22:46.756+0000] {logging_mixin.py:188} INFO - [2026-07-13T11:22:46.756+0000] {dagbag.py:538} INFO - Filling up the DagBag from /home/airflow/.local/lib/python3.8/site-packages/airflow/example_dags/example_python_decorator.py
[2026-07-13T11:22:46.768+0000] {processor.py:840} INFO - DAG(s) 'example_python_decorator' retrieved from /home/airflow/.local/lib/python3.8/site-packages/airflow/example_dags/example_python_decorator.py
[2026-07-13T11:22:46.787+0000] {logging_mixin.py:188} INFO - [2026-07-13T11:22:46.787+0000] {dag.py:3036} INFO - Sync 1 DAGs
[2026-07-13T11:22:46.796+0000] {logging_mixin.py:188} INFO - [2026-07-13T11:22:46.796+0000] {dag.py:3823} INFO - Setting next_dagrun for example_python_decorator to None, run_after=None
[2026-07-13T11:22:46.815+0000] {processor.py:183} INFO - Processing /home/airflow/.local/lib/python3.8/site-packages/airflow/example_dags/example_python_decorator.py took 0.064 seconds
[2026-07-13T11:23:17.116+0000] {processor.py:161} INFO - Started process (PID=617) to work on /home/airflow/.local/lib/python3.8/site-packages/airflow/example_dags/example_python_decorator.py
[2026-07-13T11:23:17.117+0000] {processor.py:830} INFO - Processing file /home/airflow/.local/lib/python3.8/site-packages/airflow/example_dags/example_python_decorator.py for tasks to queue
[2026-07-13T11:23:17.118+0000] {logging_mixin.py:188} INFO - [2026-07-13T11:23:17.118+0000] {dagbag.py:538} INFO - Filling up the DagBag from /home/airflow/.local/lib/python3.8/site-packages/airflow/example_dags/example_python_decorator.py
[2026-07-13T11:23:17.127+0000] {processor.py:840} INFO - DAG(s) 'example_python_decorator' retrieved from /home/airflow/.local/lib/python3.8/site-packages/airflow/example_dags/example_python_decorator.py
[2026-07-13T11:23:17.145+0000] {logging_mixin.py:188} INFO - [2026-07-13T11:23:17.144+0000] {dag.py:3036} INFO - Sync 1 DAGs
[2026-07-13T11:23:17.153+0000] {logging_mixin.py:188} INFO - [2026-07-13T11:23:17.153+0000] {dag.py:3823} INFO - Setting next_dagrun for example_python_decorator to None, run_after=None
[2026-07-13T11:23:17.167+0000] {processor.py:183} INFO - Processing /home/airflow/.local/lib/python3.8/site-packages/airflow/example_dags/example_python_decorator.py took 0.053 seconds
[2026-07-13T11:23:47.433+0000] {processor.py:161} INFO - Started process (PID=673) to work on /home/airflow/.local/lib/python3.8/site-packages/airflow/example_dags/example_python_decorator.py
[2026-07-13T11:23:47.434+0000] {processor.py:830} INFO - Processing file /home/airflow/.local/lib/python3.8/site-packages/airflow/example_dags/example_python_decorator.py for tasks to queue
[2026-07-13T11:23:47.436+0000] {logging_mixin.py:188} INFO - [2026-07-13T11:23:47.435+0000] {dagbag.py:538} INFO - Filling up the DagBag from /home/airflow/.local/lib/python3.8/site-packages/airflow/example_dags/example_python_decorator.py
[2026-07-13T11:23:47.454+0000] {processor.py:840} INFO - DAG(s) 'example_python_decorator' retrieved from /home/airflow/.local/lib/python3.8/site-packages/airflow/example_dags/example_python_decorator.py
[2026-07-13T11:23:47.476+0000] {logging_mixin.py:188} INFO - [2026-07-13T11:23:47.475+0000] {dag.py:3036} INFO - Sync 1 DAGs
[2026-07-13T11:23:47.488+0000] {logging_mixin.py:188} INFO - [2026-07-13T11:23:47.488+0000] {dag.py:3823} INFO - Setting next_dagrun for example_python_decorator to None, run_after=None
[2026-07-13T11:23:47.511+0000] {processor.py:183} INFO - Processing /home/airflow/.local/lib/python3.8/site-packages/airflow/example_dags/example_python_decorator.py took 0.081 seconds
[2026-07-13T11:24:18.141+0000] {processor.py:161} INFO - Started process (PID=729) to work on /home/airflow/.local/lib/python3.8/site-packages/airflow/example_dags/example_python_decorator.py
[2026-07-13T11:24:18.142+0000] {processor.py:830} INFO - Processing file /home/airflow/.local/lib/python3.8/site-packages/airflow/example_dags/example_python_decorator.py for tasks to queue
[2026-07-13T11:24:18.144+0000] {logging_mixin.py:188} INFO - [2026-07-13T11:24:18.144+0000] {dagbag.py:538} INFO - Filling up the DagBag from /home/airflow/.local/lib/python3.8/site-packages/airflow/example_dags/example_python_decorator.py
[2026-07-13T11:24:18.153+0000] {processor.py:840} INFO - DAG(s) 'example_python_decorator' retrieved from /home/airflow/.local/lib/python3.8/site-packages/airflow/example_dags/example_python_decorator.py
[2026-07-13T11:24:18.168+0000] {logging_mixin.py:188} INFO - [2026-07-13T11:24:18.168+0000] {dag.py:3036} INFO - Sync 1 DAGs
[2026-07-13T11:24:18.178+0000] {logging_mixin.py:188} INFO - [2026-07-13T11:24:18.178+0000] {dag.py:3823} INFO - Setting next_dagrun for example_python_decorator to None, run_after=None
[2026-07-13T11:24:18.192+0000] {processor.py:183} INFO - Processing /home/airflow/.local/lib/python3.8/site-packages/airflow/example_dags/example_python_decorator.py took 0.053 seconds
[2026-07-13T11:24:49.663+0000] {processor.py:161} INFO - Started process (PID=794) to work on /home/airflow/.local/lib/python3.8/site-packages/airflow/example_dags/example_python_decorator.py
[2026-07-13T11:24:49.665+0000] {processor.py:830} INFO - Processing file /home/airflow/.local/lib/python3.8/site-packages/airflow/example_dags/example_python_decorator.py for tasks to queue
[2026-07-13T11:24:49.666+0000] {logging_mixin.py:188} INFO - [2026-07-13T11:24:49.666+0000] {dagbag.py:538} INFO - Filling up the DagBag from /home/airflow/.local/lib/python3.8/site-packages/airflow/example_dags/example_python_decorator.py
[2026-07-13T11:24:49.683+0000] {processor.py:840} INFO - DAG(s) 'example_python_decorator' retrieved from /home/airflow/.local/lib/python3.8/site-packages/airflow/example_dags/example_python_decorator.py
[2026-07-13T11:24:49.712+0000] {logging_mixin.py:188} INFO - [2026-07-13T11:24:49.712+0000] {dag.py:3036} INFO - Sync 1 DAGs
[2026-07-13T11:24:49.729+0000] {logging_mixin.py:188} INFO - [2026-07-13T11:24:49.729+0000] {dag.py:3823} INFO - Setting next_dagrun for example_python_decorator to None, run_after=None
[2026-07-13T11:24:49.755+0000] {processor.py:183} INFO - Processing /home/airflow/.local/lib/python3.8/site-packages/airflow/example_dags/example_python_decorator.py took 0.098 seconds
[2026-07-13T11:25:20.337+0000] {processor.py:161} INFO - Started process (PID=859) to work on /home/airflow/.local/lib/python3.8/site-packages/airflow/example_dags/example_python_decorator.py
[2026-07-13T11:25:20.339+0000] {processor.py:830} INFO - Processing file /home/airflow/.local/lib/python3.8/site-packages/airflow/example_dags/example_python_decorator.py for tasks to queue
[2026-07-13T11:25:20.342+0000] {logging_mixin.py:188} INFO - [2026-07-13T11:25:20.342+0000] {dagbag.py:538} INFO - Filling up the DagBag from /home/airflow/.local/lib/python3.8/site-packages/airflow/example_dags/example_python_decorator.py
[2026-07-13T11:25:20.354+0000] {processor.py:840} INFO - DAG(s) 'example_python_decorator' retrieved from /home/airflow/.local/lib/python3.8/site-packages/airflow/example_dags/example_python_decorator.py
[2026-07-13T11:25:20.379+0000] {logging_mixin.py:188} INFO - [2026-07-13T11:25:20.378+0000] {dag.py:3036} INFO - Sync 1 DAGs
[2026-07-13T11:25:20.388+0000] {logging_mixin.py:188} INFO - [2026-07-13T11:25:20.388+0000] {dag.py:3823} INFO - Setting next_dagrun for example_python_decorator to None, run_after=None
[2026-07-13T11:25:20.408+0000] {processor.py:183} INFO - Processing /home/airflow/.local/lib/python3.8/site-packages/airflow/example_dags/example_python_decorator.py took 0.074 seconds
[2026-07-13T11:25:50.533+0000] {processor.py:161} INFO - Started process (PID=916) to work on /home/airflow/.local/lib/python3.8/site-packages/airflow/example_dags/example_python_decorator.py
[2026-07-13T11:25:50.534+0000] {processor.py:830} INFO - Processing file /home/airflow/.local/lib/python3.8/site-packages/airflow/example_dags/example_python_decorator.py for tasks to queue
[2026-07-13T11:25:50.536+0000] {logging_mixin.py:188} INFO - [2026-07-13T11:25:50.535+0000] {dagbag.py:538} INFO - Filling up the DagBag from /home/airflow/.local/lib/python3.8/site-packages/airflow/example_dags/example_python_decorator.py
[2026-07-13T11:25:50.546+0000] {processor.py:840} INFO - DAG(s) 'example_python_decorator' retrieved from /home/airflow/.local/lib/python3.8/site-packages/airflow/example_dags/example_python_decorator.py
[2026-07-13T11:25:50.563+0000] {logging_mixin.py:188} INFO - [2026-07-13T11:25:50.563+0000] {dag.py:3036} INFO - Sync 1 DAGs
[2026-07-13T11:25:50.572+0000] {logging_mixin.py:188} INFO - [2026-07-13T11:25:50.572+0000] {dag.py:3823} INFO - Setting next_dagrun for example_python_decorator to None, run_after=None
[2026-07-13T11:25:50.588+0000] {processor.py:183} INFO - Processing /home/airflow/.local/lib/python3.8/site-packages/airflow/example_dags/example_python_decorator.py took 0.057 seconds
[2026-07-13T11:26:22.913+0000] {processor.py:161} INFO - Started process (PID=971) to work on /home/airflow/.local/lib/python3.8/site-packages/airflow/example_dags/example_python_decorator.py
[2026-07-13T11:26:22.914+0000] {processor.py:830} INFO - Processing file /home/airflow/.local/lib/python3.8/site-packages/airflow/example_dags/example_python_decorator.py for tasks to queue
[2026-07-13T11:26:22.916+0000] {logging_mixin.py:188} INFO - [2026-07-13T11:26:22.916+0000] {dagbag.py:538} INFO - Filling up the DagBag from /home/airflow/.local/lib/python3.8/site-packages/airflow/example_dags/example_python_decorator.py
[2026-07-13T11:26:22.931+0000] {processor.py:840} INFO - DAG(s) 'example_python_decorator' retrieved from /home/airflow/.local/lib/python3.8/site-packages/airflow/example_dags/example_python_decorator.py
[2026-07-13T11:26:22.956+0000] {logging_mixin.py:188} INFO - [2026-07-13T11:26:22.955+0000] {dag.py:3036} INFO - Sync 1 DAGs
[2026-07-13T11:26:22.969+0000] {logging_mixin.py:188} INFO - [2026-07-13T11:26:22.968+0000] {dag.py:3823} INFO - Setting next_dagrun for example_python_decorator to None, run_after=None
[2026-07-13T11:26:22.998+0000] {processor.py:183} INFO - Processing /home/airflow/.local/lib/python3.8/site-packages/airflow/example_dags/example_python_decorator.py took 0.088 seconds
[2026-07-13T11:26:55.588+0000] {processor.py:161} INFO - Started process (PID=1027) to work on /home/airflow/.local/lib/python3.8/site-packages/airflow/example_dags/example_python_decorator.py
[2026-07-13T11:26:55.590+0000] {processor.py:830} INFO - Processing file /home/airflow/.local/lib/python3.8/site-packages/airflow/example_dags/example_python_decorator.py for tasks to queue
[2026-07-13T11:26:55.591+0000] {logging_mixin.py:188} INFO - [2026-07-13T11:26:55.591+0000] {dagbag.py:538} INFO - Filling up the DagBag from /home/airflow/.local/lib/python3.8/site-packages/airflow/example_dags/example_python_decorator.py
[2026-07-13T11:26:55.605+0000] {processor.py:840} INFO - DAG(s) 'example_python_decorator' retrieved from /home/airflow/.local/lib/python3.8/site-packages/airflow/example_dags/example_python_decorator.py
[2026-07-13T11:26:55.629+0000] {logging_mixin.py:188} INFO - [2026-07-13T11:26:55.628+0000] {dag.py:3036} INFO - Sync 1 DAGs
[2026-07-13T11:26:55.640+0000] {logging_mixin.py:188} INFO - [2026-07-13T11:26:55.640+0000] {dag.py:3823} INFO - Setting next_dagrun for example_python_decorator to None, run_after=None
[2026-07-13T11:26:55.663+0000] {processor.py:183} INFO - Processing /home/airflow/.local/lib/python3.8/site-packages/airflow/example_dags/example_python_decorator.py took 0.078 seconds
[2026-07-13T11:27:28.433+0000] {processor.py:161} INFO - Started process (PID=1082) to work on /home/airflow/.local/lib/python3.8/site-packages/airflow/example_dags/example_python_decorator.py
[2026-07-13T11:27:28.436+0000] {processor.py:830} INFO - Processing file /home/airflow/.local/lib/python3.8/site-packages/airflow/example_dags/example_python_decorator.py for tasks to queue
[2026-07-13T11:27:28.439+0000] {logging_mixin.py:188} INFO - [2026-07-13T11:27:28.439+0000] {dagbag.py:538} INFO - Filling up the DagBag from /home/airflow/.local/lib/python3.8/site-packages/airflow/example_dags/example_python_decorator.py
[2026-07-13T11:27:28.454+0000] {processor.py:840} INFO - DAG(s) 'example_python_decorator' retrieved from /home/airflow/.local/lib/python3.8/site-packages/airflow/example_dags/example_python_decorator.py
[2026-07-13T11:27:28.482+0000] {logging_mixin.py:188} INFO - [2026-07-13T11:27:28.482+0000] {dag.py:3036} INFO - Sync 1 DAGs
[2026-07-13T11:27:28.492+0000] {logging_mixin.py:188} INFO - [2026-07-13T11:27:28.492+0000] {dag.py:3823} INFO - Setting next_dagrun for example_python_decorator to None, run_after=None
[2026-07-13T11:27:28.514+0000] {processor.py:183} INFO - Processing /home/airflow/.local/lib/python3.8/site-packages/airflow/example_dags/example_python_decorator.py took 0.085 seconds
[2026-07-13T11:27:58.717+0000] {processor.py:161} INFO - Started process (PID=1139) to work on /home/airflow/.local/lib/python3.8/site-packages/airflow/example_dags/example_python_decorator.py
[2026-07-13T11:27:58.718+0000] {processor.py:830} INFO - Processing file /home/airflow/.local/lib/python3.8/site-packages/airflow/example_dags/example_python_decorator.py for tasks to queue
[2026-07-13T11:27:58.720+0000] {logging_mixin.py:188} INFO - [2026-07-13T11:27:58.720+0000] {dagbag.py:538} INFO - Filling up the DagBag from /home/airflow/.local/lib/python3.8/site-packages/airflow/example_dags/example_python_decorator.py
[2026-07-13T11:27:58.731+0000] {processor.py:840} INFO - DAG(s) 'example_python_decorator' retrieved from /home/airflow/.local/lib/python3.8/site-packages/airflow/example_dags/example_python_decorator.py
[2026-07-13T11:27:58.753+0000] {logging_mixin.py:188} INFO - [2026-07-13T11:27:58.753+0000] {dag.py:3036} INFO - Sync 1 DAGs
[2026-07-13T11:27:58.770+0000] {logging_mixin.py:188} INFO - [2026-07-13T11:27:58.769+0000] {dag.py:3823} INFO - Setting next_dagrun for example_python_decorator to None, run_after=None
[2026-07-13T11:27:58.807+0000] {processor.py:183} INFO - Processing /home/airflow/.local/lib/python3.8/site-packages/airflow/example_dags/example_python_decorator.py took 0.094 seconds
[2026-07-13T11:28:29.005+0000] {processor.py:161} INFO - Started process (PID=1195) to work on /home/airflow/.local/lib/python3.8/site-packages/airflow/example_dags/example_python_decorator.py
[2026-07-13T11:28:29.006+0000] {processor.py:830} INFO - Processing file /home/airflow/.local/lib/python3.8/site-packages/airflow/example_dags/example_python_decorator.py for tasks to queue
[2026-07-13T11:28:29.007+0000] {logging_mixin.py:188} INFO - [2026-07-13T11:28:29.007+0000] {dagbag.py:538} INFO - Filling up the DagBag from /home/airflow/.local/lib/python3.8/site-packages/airflow/example_dags/example_python_decorator.py
[2026-07-13T11:28:29.017+0000] {processor.py:840} INFO - DAG(s) 'example_python_decorator' retrieved from /home/airflow/.local/lib/python3.8/site-packages/airflow/example_dags/example_python_decorator.py
[2026-07-13T11:28:29.033+0000] {logging_mixin.py:188} INFO - [2026-07-13T11:28:29.033+0000] {dag.py:3036} INFO - Sync 1 DAGs
[2026-07-13T11:28:29.041+0000] {logging_mixin.py:188} INFO - [2026-07-13T11:28:29.041+0000] {dag.py:3823} INFO - Setting next_dagrun for example_python_decorator to None, run_after=None
[2026-07-13T11:28:29.056+0000] {processor.py:183} INFO - Processing /home/airflow/.local/lib/python3.8/site-packages/airflow/example_dags/example_python_decorator.py took 0.054 seconds
[2026-07-13T11:28:59.319+0000] {processor.py:161} INFO - Started process (PID=1251) to work on /home/airflow/.local/lib/python3.8/site-packages/airflow/example_dags/example_python_decorator.py
[2026-07-13T11:28:59.321+0000] {processor.py:830} INFO - Processing file /home/airflow/.local/lib/python3.8/site-packages/airflow/example_dags/example_python_decorator.py for tasks to queue
[2026-07-13T11:28:59.324+0000] {logging_mixin.py:188} INFO - [2026-07-13T11:28:59.323+0000] {dagbag.py:538} INFO - Filling up the DagBag from /home/airflow/.local/lib/python3.8/site-packages/airflow/example_dags/example_python_decorator.py
[2026-07-13T11:28:59.336+0000] {processor.py:840} INFO - DAG(s) 'example_python_decorator' retrieved from /home/airflow/.local/lib/python3.8/site-packages/airflow/example_dags/example_python_decorator.py
[2026-07-13T11:28:59.356+0000] {logging_mixin.py:188} INFO - [2026-07-13T11:28:59.356+0000] {dag.py:3036} INFO - Sync 1 DAGs
[2026-07-13T11:28:59.366+0000] {logging_mixin.py:188} INFO - [2026-07-13T11:28:59.366+0000] {dag.py:3823} INFO - Setting next_dagrun for example_python_decorator to None, run_after=None
[2026-07-13T11:28:59.385+0000] {processor.py:183} INFO - Processing /home/airflow/.local/lib/python3.8/site-packages/airflow/example_dags/example_python_decorator.py took 0.069 seconds
[2026-07-13T11:29:29.791+0000] {processor.py:161} INFO - Started process (PID=1307) to work on /home/airflow/.local/lib/python3.8/site-packages/airflow/example_dags/example_python_decorator.py
[2026-07-13T11:29:29.792+0000] {processor.py:830} INFO - Processing file /home/airflow/.local/lib/python3.8/site-packages/airflow/example_dags/example_python_decorator.py for tasks to queue
[2026-07-13T11:29:29.794+0000] {logging_mixin.py:188} INFO - [2026-07-13T11:29:29.794+0000] {dagbag.py:538} INFO - Filling up the DagBag from /home/airflow/.local/lib/python3.8/site-packages/airflow/example_dags/example_python_decorator.py
[2026-07-13T11:29:29.804+0000] {processor.py:840} INFO - DAG(s) 'example_python_decorator' retrieved from /home/airflow/.local/lib/python3.8/site-packages/airflow/example_dags/example_python_decorator.py
[2026-07-13T11:29:29.821+0000] {logging_mixin.py:188} INFO - [2026-07-13T11:29:29.821+0000] {dag.py:3036} INFO - Sync 1 DAGs
[2026-07-13T11:29:29.830+0000] {logging_mixin.py:188} INFO - [2026-07-13T11:29:29.830+0000] {dag.py:3823} INFO - Setting next_dagrun for example_python_decorator to None, run_after=None
[2026-07-13T11:29:29.845+0000] {processor.py:183} INFO - Processing /home/airflow/.local/lib/python3.8/site-packages/airflow/example_dags/example_python_decorator.py took 0.057 seconds
[2026-07-13T11:30:00.378+0000] {processor.py:161} INFO - Started process (PID=1363) to work on /home/airflow/.local/lib/python3.8/site-packages/airflow/example_dags/example_python_decorator.py
[2026-07-13T11:30:00.379+0000] {processor.py:830} INFO - Processing file /home/airflow/.local/lib/python3.8/site-packages/airflow/example_dags/example_python_decorator.py for tasks to queue
[2026-07-13T11:30:00.380+0000] {logging_mixin.py:188} INFO - [2026-07-13T11:30:00.380+0000] {dagbag.py:538} INFO - Filling up the DagBag from /home/airflow/.local/lib/python3.8/site-packages/airflow/example_dags/example_python_decorator.py
[2026-07-13T11:30:00.391+0000] {processor.py:840} INFO - DAG(s) 'example_python_decorator' retrieved from /home/airflow/.local/lib/python3.8/site-packages/airflow/example_dags/example_python_decorator.py
[2026-07-13T11:30:00.414+0000] {logging_mixin.py:188} INFO - [2026-07-13T11:30:00.413+0000] {dag.py:3036} INFO - Sync 1 DAGs
[2026-07-13T11:30:00.437+0000] {logging_mixin.py:188} INFO - [2026-07-13T11:30:00.437+0000] {dag.py:3823} INFO - Setting next_dagrun for example_python_decorator to None, run_after=None
[2026-07-13T11:30:00.469+0000] {processor.py:183} INFO - Processing /home/airflow/.local/lib/python3.8/site-packages/airflow/example_dags/example_python_decorator.py took 0.094 seconds
[2026-07-13T11:30:30.488+0000] {processor.py:161} INFO - Started process (PID=1419) to work on /home/airflow/.local/lib/python3.8/site-packages/airflow/example_dags/example_python_decorator.py
[2026-07-13T11:30:30.489+0000] {processor.py:830} INFO - Processing file /home/airflow/.local/lib/python3.8/site-packages/airflow/example_dags/example_python_decorator.py for tasks to queue
[2026-07-13T11:30:30.491+0000] {logging_mixin.py:188} INFO - [2026-07-13T11:30:30.491+0000] {dagbag.py:538} INFO - Filling up the DagBag from /home/airflow/.local/lib/python3.8/site-packages/airflow/example_dags/example_python_decorator.py
[2026-07-13T11:30:30.500+0000] {processor.py:840} INFO - DAG(s) 'example_python_decorator' retrieved from /home/airflow/.local/lib/python3.8/site-packages/airflow/example_dags/example_python_decorator.py
[2026-07-13T11:30:30.516+0000] {logging_mixin.py:188} INFO - [2026-07-13T11:30:30.516+0000] {dag.py:3036} INFO - Sync 1 DAGs
[2026-07-13T11:30:30.525+0000] {logging_mixin.py:188} INFO - [2026-07-13T11:30:30.525+0000] {dag.py:3823} INFO - Setting next_dagrun for example_python_decorator to None, run_after=None
[2026-07-13T11:30:30.538+0000] {processor.py:183} INFO - Processing /home/airflow/.local/lib/python3.8/site-packages/airflow/example_dags/example_python_decorator.py took 0.053 seconds
[2026-07-13T11:31:00.687+0000] {processor.py:161} INFO - Started process (PID=1475) to work on /home/airflow/.local/lib/python3.8/site-packages/airflow/example_dags/example_python_decorator.py
[2026-07-13T11:31:00.688+0000] {processor.py:830} INFO - Processing file /home/airflow/.local/lib/python3.8/site-packages/airflow/example_dags/example_python_decorator.py for tasks to queue
[2026-07-13T11:31:00.690+0000] {logging_mixin.py:188} INFO - [2026-07-13T11:31:00.689+0000] {dagbag.py:538} INFO - Filling up the DagBag from /home/airflow/.local/lib/python3.8/site-packages/airflow/example_dags/example_python_decorator.py
[2026-07-13T11:31:00.700+0000] {processor.py:840} INFO - DAG(s) 'example_python_decorator' retrieved from /home/airflow/.local/lib/python3.8/site-packages/airflow/example_dags/example_python_decorator.py
[2026-07-13T11:31:00.718+0000] {logging_mixin.py:188} INFO - [2026-07-13T11:31:00.718+0000] {dag.py:3036} INFO - Sync 1 DAGs
[2026-07-13T11:31:00.727+0000] {logging_mixin.py:188} INFO - [2026-07-13T11:31:00.727+0000] {dag.py:3823} INFO - Setting next_dagrun for example_python_decorator to None, run_after=None
[2026-07-13T11:31:00.745+0000] {processor.py:183} INFO - Processing /home/airflow/.local/lib/python3.8/site-packages/airflow/example_dags/example_python_decorator.py took 0.060 seconds
[2026-07-13T11:31:30.856+0000] {processor.py:161} INFO - Started process (PID=1532) to work on /home/airflow/.local/lib/python3.8/site-packages/airflow/example_dags/example_python_decorator.py
[2026-07-13T11:31:30.857+0000] {processor.py:830} INFO - Processing file /home/airflow/.local/lib/python3.8/site-packages/airflow/example_dags/example_python_decorator.py for tasks to queue
[2026-07-13T11:31:30.858+0000] {logging_mixin.py:188} INFO - [2026-07-13T11:31:30.858+0000] {dagbag.py:538} INFO - Filling up the DagBag from /home/airflow/.local/lib/python3.8/site-packages/airflow/example_dags/example_python_decorator.py
[2026-07-13T11:31:30.867+0000] {processor.py:840} INFO - DAG(s) 'example_python_decorator' retrieved from /home/airflow/.local/lib/python3.8/site-packages/airflow/example_dags/example_python_decorator.py
[2026-07-13T11:31:30.883+0000] {logging_mixin.py:188} INFO - [2026-07-13T11:31:30.883+0000] {dag.py:3036} INFO - Sync 1 DAGs
[2026-07-13T11:31:30.892+0000] {logging_mixin.py:188} INFO - [2026-07-13T11:31:30.892+0000] {dag.py:3823} INFO - Setting next_dagrun for example_python_decorator to None, run_after=None
[2026-07-13T11:31:30.906+0000] {processor.py:183} INFO - Processing /home/airflow/.local/lib/python3.8/site-packages/airflow/example_dags/example_python_decorator.py took 0.054 seconds
[2026-07-13T11:32:01.289+0000] {processor.py:161} INFO - Started process (PID=1588) to work on /home/airflow/.local/lib/python3.8/site-packages/airflow/example_dags/example_python_decorator.py
[2026-07-13T11:32:01.290+0000] {processor.py:830} INFO - Processing file /home/airflow/.local/lib/python3.8/site-packages/airflow/example_dags/example_python_decorator.py for tasks to queue
[2026-07-13T11:32:01.291+0000] {logging_mixin.py:188} INFO - [2026-07-13T11:32:01.291+0000] {dagbag.py:538} INFO - Filling up the DagBag from /home/airflow/.local/lib/python3.8/site-packages/airflow/example_dags/example_python_decorator.py
[2026-07-13T11:32:01.301+0000] {processor.py:840} INFO - DAG(s) 'example_python_decorator' retrieved from /home/airflow/.local/lib/python3.8/site-packages/airflow/example_dags/example_python_decorator.py
[2026-07-13T11:32:01.320+0000] {logging_mixin.py:188} INFO - [2026-07-13T11:32:01.320+0000] {dag.py:3036} INFO - Sync 1 DAGs
[2026-07-13T11:32:01.329+0000] {logging_mixin.py:188} INFO - [2026-07-13T11:32:01.328+0000] {dag.py:3823} INFO - Setting next_dagrun for example_python_decorator to None, run_after=None
[2026-07-13T11:32:01.342+0000] {processor.py:183} INFO - Processing /home/airflow/.local/lib/python3.8/site-packages/airflow/example_dags/example_python_decorator.py took 0.056 seconds
[2026-07-13T11:32:31.703+0000] {processor.py:161} INFO - Started process (PID=1644) to work on /home/airflow/.local/lib/python3.8/site-packages/airflow/example_dags/example_python_decorator.py
[2026-07-13T11:32:31.704+0000] {processor.py:830} INFO - Processing file /home/airflow/.local/lib/python3.8/site-packages/airflow/example_dags/example_python_decorator.py for tasks to queue
[2026-07-13T11:32:31.705+0000] {logging_mixin.py:188} INFO - [2026-07-13T11:32:31.705+0000] {dagbag.py:538} INFO - Filling up the DagBag from /home/airflow/.local/lib/python3.8/site-packages/airflow/example_dags/example_python_decorator.py
[2026-07-13T11:32:31.715+0000] {processor.py:840} INFO - DAG(s) 'example_python_decorator' retrieved from /home/airflow/.local/lib/python3.8/site-packages/airflow/example_dags/example_python_decorator.py
[2026-07-13T11:32:31.733+0000] {logging_mixin.py:188} INFO - [2026-07-13T11:32:31.732+0000] {dag.py:3036} INFO - Sync 1 DAGs
[2026-07-13T11:32:31.741+0000] {logging_mixin.py:188} INFO - [2026-07-13T11:32:31.741+0000] {dag.py:3823} INFO - Setting next_dagrun for example_python_decorator to None, run_after=None
[2026-07-13T11:32:31.755+0000] {processor.py:183} INFO - Processing /home/airflow/.local/lib/python3.8/site-packages/airflow/example_dags/example_python_decorator.py took 0.055 seconds
[2026-07-13T11:33:01.953+0000] {processor.py:161} INFO - Started process (PID=1699) to work on /home/airflow/.local/lib/python3.8/site-packages/airflow/example_dags/example_python_decorator.py
[2026-07-13T11:33:01.954+0000] {processor.py:830} INFO - Processing file /home/airflow/.local/lib/python3.8/site-packages/airflow/example_dags/example_python_decorator.py for tasks to queue
[2026-07-13T11:33:01.955+0000] {logging_mixin.py:188} INFO - [2026-07-13T11:33:01.955+0000] {dagbag.py:538} INFO - Filling up the DagBag from /home/airflow/.local/lib/python3.8/site-packages/airflow/example_dags/example_python_decorator.py
[2026-07-13T11:33:01.966+0000] {processor.py:840} INFO - DAG(s) 'example_python_decorator' retrieved from /home/airflow/.local/lib/python3.8/site-packages/airflow/example_dags/example_python_decorator.py
[2026-07-13T11:33:01.984+0000] {logging_mixin.py:188} INFO - [2026-07-13T11:33:01.984+0000] {dag.py:3036} INFO - Sync 1 DAGs
[2026-07-13T11:33:01.994+0000] {logging_mixin.py:188} INFO - [2026-07-13T11:33:01.994+0000] {dag.py:3823} INFO - Setting next_dagrun for example_python_decorator to None, run_after=None
[2026-07-13T11:33:02.008+0000] {processor.py:183} INFO - Processing /home/airflow/.local/lib/python3.8/site-packages/airflow/example_dags/example_python_decorator.py took 0.058 seconds
[2026-07-13T11:33:32.248+0000] {processor.py:161} INFO - Started process (PID=1749) to work on /home/airflow/.local/lib/python3.8/site-packages/airflow/example_dags/example_python_decorator.py
[2026-07-13T11:33:32.248+0000] {processor.py:830} INFO - Processing file /home/airflow/.local/lib/python3.8/site-packages/airflow/example_dags/example_python_decorator.py for tasks to queue
[2026-07-13T11:33:32.250+0000] {logging_mixin.py:188} INFO - [2026-07-13T11:33:32.250+0000] {dagbag.py:538} INFO - Filling up the DagBag from /home/airflow/.local/lib/python3.8/site-packages/airflow/example_dags/example_python_decorator.py
[2026-07-13T11:33:32.259+0000] {processor.py:840} INFO - DAG(s) 'example_python_decorator' retrieved from /home/airflow/.local/lib/python3.8/site-packages/airflow/example_dags/example_python_decorator.py
[2026-07-13T11:33:32.279+0000] {logging_mixin.py:188} INFO - [2026-07-13T11:33:32.279+0000] {dag.py:3036} INFO - Sync 1 DAGs
[2026-07-13T11:33:32.292+0000] {logging_mixin.py:188} INFO - [2026-07-13T11:33:32.291+0000] {dag.py:3823} INFO - Setting next_dagrun for example_python_decorator to None, run_after=None
[2026-07-13T11:33:32.308+0000] {processor.py:183} INFO - Processing /home/airflow/.local/lib/python3.8/site-packages/airflow/example_dags/example_python_decorator.py took 0.063 seconds
[2026-07-13T11:34:04.745+0000] {processor.py:161} INFO - Started process (PID=1811) to work on /home/airflow/.local/lib/python3.8/site-packages/airflow/example_dags/example_python_decorator.py
[2026-07-13T11:34:04.746+0000] {processor.py:830} INFO - Processing file /home/airflow/.local/lib/python3.8/site-packages/airflow/example_dags/example_python_decorator.py for tasks to queue
[2026-07-13T11:34:04.748+0000] {logging_mixin.py:188} INFO - [2026-07-13T11:34:04.748+0000] {dagbag.py:538} INFO - Filling up the DagBag from /home/airflow/.local/lib/python3.8/site-packages/airflow/example_dags/example_python_decorator.py
[2026-07-13T11:34:04.757+0000] {processor.py:840} INFO - DAG(s) 'example_python_decorator' retrieved from /home/airflow/.local/lib/python3.8/site-packages/airflow/example_dags/example_python_decorator.py
[2026-07-13T11:34:04.775+0000] {logging_mixin.py:188} INFO - [2026-07-13T11:34:04.774+0000] {dag.py:3036} INFO - Sync 1 DAGs
[2026-07-13T11:34:04.783+0000] {logging_mixin.py:188} INFO - [2026-07-13T11:34:04.783+0000] {dag.py:3823} INFO - Setting next_dagrun for example_python_decorator to None, run_after=None
[2026-07-13T11:34:04.797+0000] {processor.py:183} INFO - Processing /home/airflow/.local/lib/python3.8/site-packages/airflow/example_dags/example_python_decorator.py took 0.054 seconds
[2026-07-13T11:34:37.032+0000] {processor.py:161} INFO - Started process (PID=1867) to work on /home/airflow/.local/lib/python3.8/site-packages/airflow/example_dags/example_python_decorator.py
[2026-07-13T11:34:37.033+0000] {processor.py:830} INFO - Processing file /home/airflow/.local/lib/python3.8/site-packages/airflow/example_dags/example_python_decorator.py for tasks to queue
[2026-07-13T11:34:37.036+0000] {logging_mixin.py:188} INFO - [2026-07-13T11:34:37.036+0000] {dagbag.py:538} INFO - Filling up the DagBag from /home/airflow/.local/lib/python3.8/site-packages/airflow/example_dags/example_python_decorator.py
[2026-07-13T11:34:37.051+0000] {processor.py:840} INFO - DAG(s) 'example_python_decorator' retrieved from /home/airflow/.local/lib/python3.8/site-packages/airflow/example_dags/example_python_decorator.py
[2026-07-13T11:34:37.085+0000] {logging_mixin.py:188} INFO - [2026-07-13T11:34:37.084+0000] {dag.py:3036} INFO - Sync 1 DAGs
[2026-07-13T11:34:37.101+0000] {logging_mixin.py:188} INFO - [2026-07-13T11:34:37.100+0000] {dag.py:3823} INFO - Setting next_dagrun for example_python_decorator to None, run_after=None
[2026-07-13T11:34:37.129+0000] {processor.py:183} INFO - Processing /home/airflow/.local/lib/python3.8/site-packages/airflow/example_dags/example_python_decorator.py took 0.104 seconds
[2026-07-13T11:35:08.039+0000] {processor.py:161} INFO - Started process (PID=1923) to work on /home/airflow/.local/lib/python3.8/site-packages/airflow/example_dags/example_python_decorator.py
[2026-07-13T11:35:08.041+0000] {processor.py:830} INFO - Processing file /home/airflow/.local/lib/python3.8/site-packages/airflow/example_dags/example_python_decorator.py for tasks to queue
[2026-07-13T11:35:08.043+0000] {logging_mixin.py:188} INFO - [2026-07-13T11:35:08.043+0000] {dagbag.py:538} INFO - Filling up the DagBag from /home/airflow/.local/lib/python3.8/site-packages/airflow/example_dags/example_python_decorator.py
[2026-07-13T11:35:08.060+0000] {processor.py:840} INFO - DAG(s) 'example_python_decorator' retrieved from /home/airflow/.local/lib/python3.8/site-packages/airflow/example_dags/example_python_decorator.py
[2026-07-13T11:35:08.092+0000] {logging_mixin.py:188} INFO - [2026-07-13T11:35:08.091+0000] {dag.py:3036} INFO - Sync 1 DAGs
[2026-07-13T11:35:08.108+0000] {logging_mixin.py:188} INFO - [2026-07-13T11:35:08.108+0000] {dag.py:3823} INFO - Setting next_dagrun for example_python_decorator to None, run_after=None
[2026-07-13T11:35:08.134+0000] {processor.py:183} INFO - Processing /home/airflow/.local/lib/python3.8/site-packages/airflow/example_dags/example_python_decorator.py took 0.100 seconds
[2026-07-13T11:35:38.201+0000] {processor.py:161} INFO - Started process (PID=1973) to work on /home/airflow/.local/lib/python3.8/site-packages/airflow/example_dags/example_python_decorator.py
[2026-07-13T11:35:38.202+0000] {processor.py:830} INFO - Processing file /home/airflow/.local/lib/python3.8/site-packages/airflow/example_dags/example_python_decorator.py for tasks to queue
[2026-07-13T11:35:38.203+0000] {logging_mixin.py:188} INFO - [2026-07-13T11:35:38.203+0000] {dagbag.py:538} INFO - Filling up the DagBag from /home/airflow/.local/lib/python3.8/site-packages/airflow/example_dags/example_python_decorator.py
[2026-07-13T11:35:38.216+0000] {processor.py:840} INFO - DAG(s) 'example_python_decorator' retrieved from /home/airflow/.local/lib/python3.8/site-packages/airflow/example_dags/example_python_decorator.py
[2026-07-13T11:35:38.244+0000] {logging_mixin.py:188} INFO - [2026-07-13T11:35:38.244+0000] {dag.py:3036} INFO - Sync 1 DAGs
[2026-07-13T11:35:38.253+0000] {logging_mixin.py:188} INFO - [2026-07-13T11:35:38.253+0000] {dag.py:3823} INFO - Setting next_dagrun for example_python_decorator to None, run_after=None
[2026-07-13T11:35:38.286+0000] {processor.py:183} INFO - Processing /home/airflow/.local/lib/python3.8/site-packages/airflow/example_dags/example_python_decorator.py took 0.088 seconds
[2026-07-13T11:36:09.150+0000] {processor.py:161} INFO - Started process (PID=2029) to work on /home/airflow/.local/lib/python3.8/site-packages/airflow/example_dags/example_python_decorator.py
[2026-07-13T11:36:09.151+0000] {processor.py:830} INFO - Processing file /home/airflow/.local/lib/python3.8/site-packages/airflow/example_dags/example_python_decorator.py for tasks to queue
[2026-07-13T11:36:09.153+0000] {logging_mixin.py:188} INFO - [2026-07-13T11:36:09.152+0000] {dagbag.py:538} INFO - Filling up the DagBag from /home/airflow/.local/lib/python3.8/site-packages/airflow/example_dags/example_python_decorator.py
[2026-07-13T11:36:09.162+0000] {processor.py:840} INFO - DAG(s) 'example_python_decorator' retrieved from /home/airflow/.local/lib/python3.8/site-packages/airflow/example_dags/example_python_decorator.py
[2026-07-13T11:36:09.182+0000] {logging_mixin.py:188} INFO - [2026-07-13T11:36:09.182+0000] {dag.py:3036} INFO - Sync 1 DAGs
[2026-07-13T11:36:09.190+0000] {logging_mixin.py:188} INFO - [2026-07-13T11:36:09.190+0000] {dag.py:3823} INFO - Setting next_dagrun for example_python_decorator to None, run_after=None
[2026-07-13T11:36:09.203+0000] {processor.py:183} INFO - Processing /home/airflow/.local/lib/python3.8/site-packages/airflow/example_dags/example_python_decorator.py took 0.056 seconds
[2026-07-13T11:36:39.638+0000] {processor.py:161} INFO - Started process (PID=2085) to work on /home/airflow/.local/lib/python3.8/site-packages/airflow/example_dags/example_python_decorator.py
[2026-07-13T11:36:39.639+0000] {processor.py:830} INFO - Processing file /home/airflow/.local/lib/python3.8/site-packages/airflow/example_dags/example_python_decorator.py for tasks to queue
[2026-07-13T11:36:39.640+0000] {logging_mixin.py:188} INFO - [2026-07-13T11:36:39.640+0000] {dagbag.py:538} INFO - Filling up the DagBag from /home/airflow/.local/lib/python3.8/site-packages/airflow/example_dags/example_python_decorator.py
[2026-07-13T11:36:39.651+0000] {processor.py:840} INFO - DAG(s) 'example_python_decorator' retrieved from /home/airflow/.local/lib/python3.8/site-packages/airflow/example_dags/example_python_decorator.py
[2026-07-13T11:36:39.668+0000] {logging_mixin.py:188} INFO - [2026-07-13T11:36:39.667+0000] {dag.py:3036} INFO - Sync 1 DAGs
[2026-07-13T11:36:39.676+0000] {logging_mixin.py:188} INFO - [2026-07-13T11:36:39.676+0000] {dag.py:3823} INFO - Setting next_dagrun for example_python_decorator to None, run_after=None
[2026-07-13T11:36:39.690+0000] {processor.py:183} INFO - Processing /home/airflow/.local/lib/python3.8/site-packages/airflow/example_dags/example_python_decorator.py took 0.055 seconds
[2026-07-13T11:37:09.959+0000] {processor.py:161} INFO - Started process (PID=2141) to work on /home/airflow/.local/lib/python3.8/site-packages/airflow/example_dags/example_python_decorator.py
[2026-07-13T11:37:09.960+0000] {processor.py:830} INFO - Processing file /home/airflow/.local/lib/python3.8/site-packages/airflow/example_dags/example_python_decorator.py for tasks to queue
[2026-07-13T11:37:09.961+0000] {logging_mixin.py:188} INFO - [2026-07-13T11:37:09.961+0000] {dagbag.py:538} INFO - Filling up the DagBag from /home/airflow/.local/lib/python3.8/site-packages/airflow/example_dags/example_python_decorator.py
[2026-07-13T11:37:09.972+0000] {processor.py:840} INFO - DAG(s) 'example_python_decorator' retrieved from /home/airflow/.local/lib/python3.8/site-packages/airflow/example_dags/example_python_decorator.py
[2026-07-13T11:37:09.992+0000] {logging_mixin.py:188} INFO - [2026-07-13T11:37:09.991+0000] {dag.py:3036} INFO - Sync 1 DAGs
[2026-07-13T11:37:10.000+0000] {logging_mixin.py:188} INFO - [2026-07-13T11:37:10.000+0000] {dag.py:3823} INFO - Setting next_dagrun for example_python_decorator to None, run_after=None
[2026-07-13T11:37:10.018+0000] {processor.py:183} INFO - Processing /home/airflow/.local/lib/python3.8/site-packages/airflow/example_dags/example_python_decorator.py took 0.062 seconds
[2026-07-13T11:37:40.199+0000] {processor.py:161} INFO - Started process (PID=2197) to work on /home/airflow/.local/lib/python3.8/site-packages/airflow/example_dags/example_python_decorator.py
[2026-07-13T11:37:40.200+0000] {processor.py:830} INFO - Processing file /home/airflow/.local/lib/python3.8/site-packages/airflow/example_dags/example_python_decorator.py for tasks to queue
[2026-07-13T11:37:40.202+0000] {logging_mixin.py:188} INFO - [2026-07-13T11:37:40.202+0000] {dagbag.py:538} INFO - Filling up the DagBag from /home/airflow/.local/lib/python3.8/site-packages/airflow/example_dags/example_python_decorator.py
[2026-07-13T11:37:40.215+0000] {processor.py:840} INFO - DAG(s) 'example_python_decorator' retrieved from /home/airflow/.local/lib/python3.8/site-packages/airflow/example_dags/example_python_decorator.py
[2026-07-13T11:37:40.235+0000] {logging_mixin.py:188} INFO - [2026-07-13T11:37:40.235+0000] {dag.py:3036} INFO - Sync 1 DAGs
[2026-07-13T11:37:40.245+0000] {logging_mixin.py:188} INFO - [2026-07-13T11:37:40.245+0000] {dag.py:3823} INFO - Setting next_dagrun for example_python_decorator to None, run_after=None
[2026-07-13T11:37:40.263+0000] {processor.py:183} INFO - Processing /home/airflow/.local/lib/python3.8/site-packages/airflow/example_dags/example_python_decorator.py took 0.067 seconds
[2026-07-13T11:38:10.555+0000] {processor.py:161} INFO - Started process (PID=2253) to work on /home/airflow/.local/lib/python3.8/site-packages/airflow/example_dags/example_python_decorator.py
[2026-07-13T11:38:10.556+0000] {processor.py:830} INFO - Processing file /home/airflow/.local/lib/python3.8/site-packages/airflow/example_dags/example_python_decorator.py for tasks to queue
[2026-07-13T11:38:10.557+0000] {logging_mixin.py:188} INFO - [2026-07-13T11:38:10.557+0000] {dagbag.py:538} INFO - Filling up the DagBag from /home/airflow/.local/lib/python3.8/site-packages/airflow/example_dags/example_python_decorator.py
[2026-07-13T11:38:10.567+0000] {processor.py:840} INFO - DAG(s) 'example_python_decorator' retrieved from /home/airflow/.local/lib/python3.8/site-packages/airflow/example_dags/example_python_decorator.py
[2026-07-13T11:38:10.585+0000] {logging_mixin.py:188} INFO - [2026-07-13T11:38:10.584+0000] {dag.py:3036} INFO - Sync 1 DAGs
[2026-07-13T11:38:10.595+0000] {logging_mixin.py:188} INFO - [2026-07-13T11:38:10.595+0000] {dag.py:3823} INFO - Setting next_dagrun for example_python_decorator to None, run_after=None
[2026-07-13T11:38:10.609+0000] {processor.py:183} INFO - Processing /home/airflow/.local/lib/python3.8/site-packages/airflow/example_dags/example_python_decorator.py took 0.056 seconds
[2026-07-13T11:38:41.042+0000] {processor.py:161} INFO - Started process (PID=2309) to work on /home/airflow/.local/lib/python3.8/site-packages/airflow/example_dags/example_python_decorator.py
[2026-07-13T11:38:41.043+0000] {processor.py:830} INFO - Processing file /home/airflow/.local/lib/python3.8/site-packages/airflow/example_dags/example_python_decorator.py for tasks to queue
[2026-07-13T11:38:41.045+0000] {logging_mixin.py:188} INFO - [2026-07-13T11:38:41.044+0000] {dagbag.py:538} INFO - Filling up the DagBag from /home/airflow/.local/lib/python3.8/site-packages/airflow/example_dags/example_python_decorator.py
[2026-07-13T11:38:41.054+0000] {processor.py:840} INFO - DAG(s) 'example_python_decorator' retrieved from /home/airflow/.local/lib/python3.8/site-packages/airflow/example_dags/example_python_decorator.py
[2026-07-13T11:38:41.070+0000] {logging_mixin.py:188} INFO - [2026-07-13T11:38:41.070+0000] {dag.py:3036} INFO - Sync 1 DAGs
[2026-07-13T11:38:41.078+0000] {logging_mixin.py:188} INFO - [2026-07-13T11:38:41.078+0000] {dag.py:3823} INFO - Setting next_dagrun for example_python_decorator to None, run_after=None
[2026-07-13T11:38:41.094+0000] {processor.py:183} INFO - Processing /home/airflow/.local/lib/python3.8/site-packages/airflow/example_dags/example_python_decorator.py took 0.054 seconds
[2026-07-13T11:39:11.528+0000] {processor.py:161} INFO - Started process (PID=2365) to work on /home/airflow/.local/lib/python3.8/site-packages/airflow/example_dags/example_python_decorator.py
[2026-07-13T11:39:11.528+0000] {processor.py:830} INFO - Processing file /home/airflow/.local/lib/python3.8/site-packages/airflow/example_dags/example_python_decorator.py for tasks to queue
[2026-07-13T11:39:11.530+0000] {logging_mixin.py:188} INFO - [2026-07-13T11:39:11.530+0000] {dagbag.py:538} INFO - Filling up the DagBag from /home/airflow/.local/lib/python3.8/site-packages/airflow/example_dags/example_python_decorator.py
[2026-07-13T11:39:11.539+0000] {processor.py:840} INFO - DAG(s) 'example_python_decorator' retrieved from /home/airflow/.local/lib/python3.8/site-packages/airflow/example_dags/example_python_decorator.py
[2026-07-13T11:39:11.556+0000] {logging_mixin.py:188} INFO - [2026-07-13T11:39:11.555+0000] {dag.py:3036} INFO - Sync 1 DAGs
[2026-07-13T11:39:11.565+0000] {logging_mixin.py:188} INFO - [2026-07-13T11:39:11.564+0000] {dag.py:3823} INFO - Setting next_dagrun for example_python_decorator to None, run_after=None
[2026-07-13T11:39:11.587+0000] {processor.py:183} INFO - Processing /home/airflow/.local/lib/python3.8/site-packages/airflow/example_dags/example_python_decorator.py took 0.062 seconds
[2026-07-13T11:39:41.952+0000] {processor.py:161} INFO - Started process (PID=2421) to work on /home/airflow/.local/lib/python3.8/site-packages/airflow/example_dags/example_python_decorator.py
[2026-07-13T11:39:41.954+0000] {processor.py:830} INFO - Processing file /home/airflow/.local/lib/python3.8/site-packages/airflow/example_dags/example_python_decorator.py for tasks to queue
[2026-07-13T11:39:41.955+0000] {logging_mixin.py:188} INFO - [2026-07-13T11:39:41.955+0000] {dagbag.py:538} INFO - Filling up the DagBag from /home/airflow/.local/lib/python3.8/site-packages/airflow/example_dags/example_python_decorator.py
[2026-07-13T11:39:41.964+0000] {processor.py:840} INFO - DAG(s) 'example_python_decorator' retrieved from /home/airflow/.local/lib/python3.8/site-packages/airflow/example_dags/example_python_decorator.py
[2026-07-13T11:39:41.979+0000] {logging_mixin.py:188} INFO - [2026-07-13T11:39:41.979+0000] {dag.py:3036} INFO - Sync 1 DAGs
[2026-07-13T11:39:41.987+0000] {logging_mixin.py:188} INFO - [2026-07-13T11:39:41.987+0000] {dag.py:3823} INFO - Setting next_dagrun for example_python_decorator to None, run_after=None
[2026-07-13T11:39:42.000+0000] {processor.py:183} INFO - Processing /home/airflow/.local/lib/python3.8/site-packages/airflow/example_dags/example_python_decorator.py took 0.051 seconds
[2026-07-13T11:40:12.315+0000] {processor.py:161} INFO - Started process (PID=2477) to work on /home/airflow/.local/lib/python3.8/site-packages/airflow/example_dags/example_python_decorator.py
[2026-07-13T11:40:12.316+0000] {processor.py:830} INFO - Processing file /home/airflow/.local/lib/python3.8/site-packages/airflow/example_dags/example_python_decorator.py for tasks to queue
[2026-07-13T11:40:12.318+0000] {logging_mixin.py:188} INFO - [2026-07-13T11:40:12.318+0000] {dagbag.py:538} INFO - Filling up the DagBag from /home/airflow/.local/lib/python3.8/site-packages/airflow/example_dags/example_python_decorator.py
[2026-07-13T11:40:12.330+0000] {processor.py:840} INFO - DAG(s) 'example_python_decorator' retrieved from /home/airflow/.local/lib/python3.8/site-packages/airflow/example_dags/example_python_decorator.py
[2026-07-13T11:40:12.348+0000] {logging_mixin.py:188} INFO - [2026-07-13T11:40:12.347+0000] {dag.py:3036} INFO - Sync 1 DAGs
[2026-07-13T11:40:12.356+0000] {logging_mixin.py:188} INFO - [2026-07-13T11:40:12.356+0000] {dag.py:3823} INFO - Setting next_dagrun for example_python_decorator to None, run_after=None
[2026-07-13T11:40:12.369+0000] {processor.py:183} INFO - Processing /home/airflow/.local/lib/python3.8/site-packages/airflow/example_dags/example_python_decorator.py took 0.057 seconds
[2026-07-13T11:40:42.668+0000] {processor.py:161} INFO - Started process (PID=2533) to work on /home/airflow/.local/lib/python3.8/site-packages/airflow/example_dags/example_python_decorator.py
[2026-07-13T11:40:42.669+0000] {processor.py:830} INFO - Processing file /home/airflow/.local/lib/python3.8/site-packages/airflow/example_dags/example_python_decorator.py for tasks to queue
[2026-07-13T11:40:42.671+0000] {logging_mixin.py:188} INFO - [2026-07-13T11:40:42.671+0000] {dagbag.py:538} INFO - Filling up the DagBag from /home/airflow/.local/lib/python3.8/site-packages/airflow/example_dags/example_python_decorator.py
[2026-07-13T11:40:42.680+0000] {processor.py:840} INFO - DAG(s) 'example_python_decorator' retrieved from /home/airflow/.local/lib/python3.8/site-packages/airflow/example_dags/example_python_decorator.py
[2026-07-13T11:40:42.709+0000] {logging_mixin.py:188} INFO - [2026-07-13T11:40:42.709+0000] {dag.py:3036} INFO - Sync 1 DAGs
[2026-07-13T11:40:42.718+0000] {logging_mixin.py:188} INFO - [2026-07-13T11:40:42.718+0000] {dag.py:3823} INFO - Setting next_dagrun for example_python_decorator to None, run_after=None
[2026-07-13T11:40:42.735+0000] {processor.py:183} INFO - Processing /home/airflow/.local/lib/python3.8/site-packages/airflow/example_dags/example_python_decorator.py took 0.071 seconds
[2026-07-13T11:41:13.679+0000] {processor.py:161} INFO - Started process (PID=2589) to work on /home/airflow/.local/lib/python3.8/site-packages/airflow/example_dags/example_python_decorator.py
[2026-07-13T11:41:13.680+0000] {processor.py:830} INFO - Processing file /home/airflow/.local/lib/python3.8/site-packages/airflow/example_dags/example_python_decorator.py for tasks to queue
[2026-07-13T11:41:13.681+0000] {logging_mixin.py:188} INFO - [2026-07-13T11:41:13.681+0000] {dagbag.py:538} INFO - Filling up the DagBag from /home/airflow/.local/lib/python3.8/site-packages/airflow/example_dags/example_python_decorator.py
[2026-07-13T11:41:13.691+0000] {processor.py:840} INFO - DAG(s) 'example_python_decorator' retrieved from /home/airflow/.local/lib/python3.8/site-packages/airflow/example_dags/example_python_decorator.py
[2026-07-13T11:41:13.707+0000] {logging_mixin.py:188} INFO - [2026-07-13T11:41:13.707+0000] {dag.py:3036} INFO - Sync 1 DAGs
[2026-07-13T11:41:13.715+0000] {logging_mixin.py:188} INFO - [2026-07-13T11:41:13.715+0000] {dag.py:3823} INFO - Setting next_dagrun for example_python_decorator to None, run_after=None
[2026-07-13T11:41:13.729+0000] {processor.py:183} INFO - Processing /home/airflow/.local/lib/python3.8/site-packages/airflow/example_dags/example_python_decorator.py took 0.052 seconds
[2026-07-13T11:41:44.644+0000] {processor.py:161} INFO - Started process (PID=2645) to work on /home/airflow/.local/lib/python3.8/site-packages/airflow/example_dags/example_python_decorator.py
[2026-07-13T11:41:44.646+0000] {processor.py:830} INFO - Processing file /home/airflow/.local/lib/python3.8/site-packages/airflow/example_dags/example_python_decorator.py for tasks to queue
[2026-07-13T11:41:44.648+0000] {logging_mixin.py:188} INFO - [2026-07-13T11:41:44.647+0000] {dagbag.py:538} INFO - Filling up the DagBag from /home/airflow/.local/lib/python3.8/site-packages/airflow/example_dags/example_python_decorator.py
[2026-07-13T11:41:44.659+0000] {processor.py:840} INFO - DAG(s) 'example_python_decorator' retrieved from /home/airflow/.local/lib/python3.8/site-packages/airflow/example_dags/example_python_decorator.py
[2026-07-13T11:41:44.681+0000] {logging_mixin.py:188} INFO - [2026-07-13T11:41:44.681+0000] {dag.py:3036} INFO - Sync 1 DAGs
[2026-07-13T11:41:44.695+0000] {logging_mixin.py:188} INFO - [2026-07-13T11:41:44.695+0000] {dag.py:3823} INFO - Setting next_dagrun for example_python_decorator to None, run_after=None
[2026-07-13T11:41:44.723+0000] {processor.py:183} INFO - Processing /home/airflow/.local/lib/python3.8/site-packages/airflow/example_dags/example_python_decorator.py took 0.082 seconds
[2026-07-13T11:42:15.171+0000] {processor.py:161} INFO - Started process (PID=2701) to work on /home/airflow/.local/lib/python3.8/site-packages/airflow/example_dags/example_python_decorator.py
[2026-07-13T11:42:15.172+0000] {processor.py:830} INFO - Processing file /home/airflow/.local/lib/python3.8/site-packages/airflow/example_dags/example_python_decorator.py for tasks to queue
[2026-07-13T11:42:15.173+0000] {logging_mixin.py:188} INFO - [2026-07-13T11:42:15.173+0000] {dagbag.py:538} INFO - Filling up the DagBag from /home/airflow/.local/lib/python3.8/site-packages/airflow/example_dags/example_python_decorator.py
[2026-07-13T11:42:15.183+0000] {processor.py:840} INFO - DAG(s) 'example_python_decorator' retrieved from /home/airflow/.local/lib/python3.8/site-packages/airflow/example_dags/example_python_decorator.py
[2026-07-13T11:42:15.198+0000] {logging_mixin.py:188} INFO - [2026-07-13T11:42:15.198+0000] {dag.py:3036} INFO - Sync 1 DAGs
[2026-07-13T11:42:15.206+0000] {logging_mixin.py:188} INFO - [2026-07-13T11:42:15.205+0000] {dag.py:3823} INFO - Setting next_dagrun for example_python_decorator to None, run_after=None
[2026-07-13T11:42:15.219+0000] {processor.py:183} INFO - Processing /home/airflow/.local/lib/python3.8/site-packages/airflow/example_dags/example_python_decorator.py took 0.050 seconds
[2026-07-13T11:42:45.985+0000] {processor.py:161} INFO - Started process (PID=2758) to work on /home/airflow/.local/lib/python3.8/site-packages/airflow/example_dags/example_python_decorator.py
[2026-07-13T11:42:45.986+0000] {processor.py:830} INFO - Processing file /home/airflow/.local/lib/python3.8/site-packages/airflow/example_dags/example_python_decorator.py for tasks to queue
[2026-07-13T11:42:45.987+0000] {logging_mixin.py:188} INFO - [2026-07-13T11:42:45.987+0000] {dagbag.py:538} INFO - Filling up the DagBag from /home/airflow/.local/lib/python3.8/site-packages/airflow/example_dags/example_python_decorator.py
[2026-07-13T11:42:45.999+0000] {processor.py:840} INFO - DAG(s) 'example_python_decorator' retrieved from /home/airflow/.local/lib/python3.8/site-packages/airflow/example_dags/example_python_decorator.py
[2026-07-13T11:42:46.016+0000] {logging_mixin.py:188} INFO - [2026-07-13T11:42:46.016+0000] {dag.py:3036} INFO - Sync 1 DAGs
[2026-07-13T11:42:46.025+0000] {logging_mixin.py:188} INFO - [2026-07-13T11:42:46.024+0000] {dag.py:3823} INFO - Setting next_dagrun for example_python_decorator to None, run_after=None
[2026-07-13T11:42:46.039+0000] {processor.py:183} INFO - Processing /home/airflow/.local/lib/python3.8/site-packages/airflow/example_dags/example_python_decorator.py took 0.057 seconds
[2026-07-13T11:43:16.631+0000] {processor.py:161} INFO - Started process (PID=2814) to work on /home/airflow/.local/lib/python3.8/site-packages/airflow/example_dags/example_python_decorator.py
[2026-07-13T11:43:16.632+0000] {processor.py:830} INFO - Processing file /home/airflow/.local/lib/python3.8/site-packages/airflow/example_dags/example_python_decorator.py for tasks to queue
[2026-07-13T11:43:16.633+0000] {logging_mixin.py:188} INFO - [2026-07-13T11:43:16.633+0000] {dagbag.py:538} INFO - Filling up the DagBag from /home/airflow/.local/lib/python3.8/site-packages/airflow/example_dags/example_python_decorator.py
[2026-07-13T11:43:16.643+0000] {processor.py:840} INFO - DAG(s) 'example_python_decorator' retrieved from /home/airflow/.local/lib/python3.8/site-packages/airflow/example_dags/example_python_decorator.py
[2026-07-13T11:43:16.660+0000] {logging_mixin.py:188} INFO - [2026-07-13T11:43:16.660+0000] {dag.py:3036} INFO - Sync 1 DAGs
[2026-07-13T11:43:16.813+0000] {logging_mixin.py:188} INFO - [2026-07-13T11:43:16.813+0000] {dag.py:3823} INFO - Setting next_dagrun for example_python_decorator to None, run_after=None
[2026-07-13T11:43:16.837+0000] {processor.py:183} INFO - Processing /home/airflow/.local/lib/python3.8/site-packages/airflow/example_dags/example_python_decorator.py took 0.209 seconds
[2026-07-13T11:43:47.590+0000] {processor.py:161} INFO - Started process (PID=2870) to work on /home/airflow/.local/lib/python3.8/site-packages/airflow/example_dags/example_python_decorator.py
[2026-07-13T11:43:47.591+0000] {processor.py:830} INFO - Processing file /home/airflow/.local/lib/python3.8/site-packages/airflow/example_dags/example_python_decorator.py for tasks to queue
[2026-07-13T11:43:47.593+0000] {logging_mixin.py:188} INFO - [2026-07-13T11:43:47.592+0000] {dagbag.py:538} INFO - Filling up the DagBag from /home/airflow/.local/lib/python3.8/site-packages/airflow/example_dags/example_python_decorator.py
[2026-07-13T11:43:47.604+0000] {processor.py:840} INFO - DAG(s) 'example_python_decorator' retrieved from /home/airflow/.local/lib/python3.8/site-packages/airflow/example_dags/example_python_decorator.py
[2026-07-13T11:43:47.620+0000] {logging_mixin.py:188} INFO - [2026-07-13T11:43:47.620+0000] {dag.py:3036} INFO - Sync 1 DAGs
[2026-07-13T11:43:47.629+0000] {logging_mixin.py:188} INFO - [2026-07-13T11:43:47.629+0000] {dag.py:3823} INFO - Setting next_dagrun for example_python_decorator to None, run_after=None
[2026-07-13T11:43:47.751+0000] {processor.py:183} INFO - Processing /home/airflow/.local/lib/python3.8/site-packages/airflow/example_dags/example_python_decorator.py took 0.163 seconds
[2026-07-13T11:44:18.586+0000] {processor.py:161} INFO - Started process (PID=2927) to work on /home/airflow/.local/lib/python3.8/site-packages/airflow/example_dags/example_python_decorator.py
[2026-07-13T11:44:18.587+0000] {processor.py:830} INFO - Processing file /home/airflow/.local/lib/python3.8/site-packages/airflow/example_dags/example_python_decorator.py for tasks to queue
[2026-07-13T11:44:18.589+0000] {logging_mixin.py:188} INFO - [2026-07-13T11:44:18.588+0000] {dagbag.py:538} INFO - Filling up the DagBag from /home/airflow/.local/lib/python3.8/site-packages/airflow/example_dags/example_python_decorator.py
[2026-07-13T11:44:18.600+0000] {processor.py:840} INFO - DAG(s) 'example_python_decorator' retrieved from /home/airflow/.local/lib/python3.8/site-packages/airflow/example_dags/example_python_decorator.py
[2026-07-13T11:44:18.626+0000] {logging_mixin.py:188} INFO - [2026-07-13T11:44:18.625+0000] {dag.py:3036} INFO - Sync 1 DAGs
[2026-07-13T11:44:18.637+0000] {logging_mixin.py:188} INFO - [2026-07-13T11:44:18.636+0000] {dag.py:3823} INFO - Setting next_dagrun for example_python_decorator to None, run_after=None
[2026-07-13T11:44:18.667+0000] {processor.py:183} INFO - Processing /home/airflow/.local/lib/python3.8/site-packages/airflow/example_dags/example_python_decorator.py took 0.084 seconds
[2026-07-13T11:44:49.319+0000] {processor.py:161} INFO - Started process (PID=2983) to work on /home/airflow/.local/lib/python3.8/site-packages/airflow/example_dags/example_python_decorator.py
[2026-07-13T11:44:49.320+0000] {processor.py:830} INFO - Processing file /home/airflow/.local/lib/python3.8/site-packages/airflow/example_dags/example_python_decorator.py for tasks to queue
[2026-07-13T11:44:49.322+0000] {logging_mixin.py:188} INFO - [2026-07-13T11:44:49.321+0000] {dagbag.py:538} INFO - Filling up the DagBag from /home/airflow/.local/lib/python3.8/site-packages/airflow/example_dags/example_python_decorator.py
[2026-07-13T11:44:49.332+0000] {processor.py:840} INFO - DAG(s) 'example_python_decorator' retrieved from /home/airflow/.local/lib/python3.8/site-packages/airflow/example_dags/example_python_decorator.py
[2026-07-13T11:44:49.350+0000] {logging_mixin.py:188} INFO - [2026-07-13T11:44:49.350+0000] {dag.py:3036} INFO - Sync 1 DAGs
[2026-07-13T11:44:49.359+0000] {logging_mixin.py:188} INFO - [2026-07-13T11:44:49.359+0000] {dag.py:3823} INFO - Setting next_dagrun for example_python_decorator to None, run_after=None
[2026-07-13T11:44:49.378+0000] {processor.py:183} INFO - Processing /home/airflow/.local/lib/python3.8/site-packages/airflow/example_dags/example_python_decorator.py took 0.062 seconds
[2026-07-13T11:45:19.815+0000] {processor.py:161} INFO - Started process (PID=3033) to work on /home/airflow/.local/lib/python3.8/site-packages/airflow/example_dags/example_python_decorator.py
[2026-07-13T11:45:19.815+0000] {processor.py:830} INFO - Processing file /home/airflow/.local/lib/python3.8/site-packages/airflow/example_dags/example_python_decorator.py for tasks to queue
[2026-07-13T11:45:19.817+0000] {logging_mixin.py:188} INFO - [2026-07-13T11:45:19.817+0000] {dagbag.py:538} INFO - Filling up the DagBag from /home/airflow/.local/lib/python3.8/site-packages/airflow/example_dags/example_python_decorator.py
[2026-07-13T11:45:19.826+0000] {processor.py:840} INFO - DAG(s) 'example_python_decorator' retrieved from /home/airflow/.local/lib/python3.8/site-packages/airflow/example_dags/example_python_decorator.py
[2026-07-13T11:45:19.841+0000] {logging_mixin.py:188} INFO - [2026-07-13T11:45:19.841+0000] {dag.py:3036} INFO - Sync 1 DAGs
[2026-07-13T11:45:19.850+0000] {logging_mixin.py:188} INFO - [2026-07-13T11:45:19.850+0000] {dag.py:3823} INFO - Setting next_dagrun for example_python_decorator to None, run_after=None
[2026-07-13T11:45:19.863+0000] {processor.py:183} INFO - Processing /home/airflow/.local/lib/python3.8/site-packages/airflow/example_dags/example_python_decorator.py took 0.051 seconds
[2026-07-13T11:45:50.292+0000] {processor.py:161} INFO - Started process (PID=3090) to work on /home/airflow/.local/lib/python3.8/site-packages/airflow/example_dags/example_python_decorator.py
[2026-07-13T11:45:50.293+0000] {processor.py:830} INFO - Processing file /home/airflow/.local/lib/python3.8/site-packages/airflow/example_dags/example_python_decorator.py for tasks to queue
[2026-07-13T11:45:50.295+0000] {logging_mixin.py:188} INFO - [2026-07-13T11:45:50.295+0000] {dagbag.py:538} INFO - Filling up the DagBag from /home/airflow/.local/lib/python3.8/site-packages/airflow/example_dags/example_python_decorator.py
[2026-07-13T11:45:50.312+0000] {processor.py:840} INFO - DAG(s) 'example_python_decorator' retrieved from /home/airflow/.local/lib/python3.8/site-packages/airflow/example_dags/example_python_decorator.py
[2026-07-13T11:45:50.333+0000] {logging_mixin.py:188} INFO - [2026-07-13T11:45:50.333+0000] {dag.py:3036} INFO - Sync 1 DAGs
[2026-07-13T11:45:50.344+0000] {logging_mixin.py:188} INFO - [2026-07-13T11:45:50.344+0000] {dag.py:3823} INFO - Setting next_dagrun for example_python_decorator to None, run_after=None
[2026-07-13T11:45:50.362+0000] {processor.py:183} INFO - Processing /home/airflow/.local/lib/python3.8/site-packages/airflow/example_dags/example_python_decorator.py took 0.073 seconds
[2026-07-13T11:46:21.624+0000] {processor.py:161} INFO - Started process (PID=3146) to work on /home/airflow/.local/lib/python3.8/site-packages/airflow/example_dags/example_python_decorator.py
[2026-07-13T11:46:21.626+0000] {processor.py:830} INFO - Processing file /home/airflow/.local/lib/python3.8/site-packages/airflow/example_dags/example_python_decorator.py for tasks to queue
[2026-07-13T11:46:21.628+0000] {logging_mixin.py:188} INFO - [2026-07-13T11:46:21.628+0000] {dagbag.py:538} INFO - Filling up the DagBag from /home/airflow/.local/lib/python3.8/site-packages/airflow/example_dags/example_python_decorator.py
[2026-07-13T11:46:21.643+0000] {processor.py:840} INFO - DAG(s) 'example_python_decorator' retrieved from /home/airflow/.local/lib/python3.8/site-packages/airflow/example_dags/example_python_decorator.py
[2026-07-13T11:46:21.663+0000] {logging_mixin.py:188} INFO - [2026-07-13T11:46:21.663+0000] {dag.py:3036} INFO - Sync 1 DAGs
[2026-07-13T11:46:21.674+0000] {logging_mixin.py:188} INFO - [2026-07-13T11:46:21.673+0000] {dag.py:3823} INFO - Setting next_dagrun for example_python_decorator to None, run_after=None
[2026-07-13T11:46:21.692+0000] {processor.py:183} INFO - Processing /home/airflow/.local/lib/python3.8/site-packages/airflow/example_dags/example_python_decorator.py took 0.075 seconds
[2026-07-13T11:46:53.487+0000] {processor.py:161} INFO - Started process (PID=3202) to work on /home/airflow/.local/lib/python3.8/site-packages/airflow/example_dags/example_python_decorator.py
[2026-07-13T11:46:53.488+0000] {processor.py:830} INFO - Processing file /home/airflow/.local/lib/python3.8/site-packages/airflow/example_dags/example_python_decorator.py for tasks to queue
[2026-07-13T11:46:53.490+0000] {logging_mixin.py:188} INFO - [2026-07-13T11:46:53.489+0000] {dagbag.py:538} INFO - Filling up the DagBag from /home/airflow/.local/lib/python3.8/site-packages/airflow/example_dags/example_python_decorator.py
[2026-07-13T11:46:53.502+0000] {processor.py:840} INFO - DAG(s) 'example_python_decorator' retrieved from /home/airflow/.local/lib/python3.8/site-packages/airflow/example_dags/example_python_decorator.py
[2026-07-13T11:46:53.519+0000] {logging_mixin.py:188} INFO - [2026-07-13T11:46:53.519+0000] {dag.py:3036} INFO - Sync 1 DAGs
[2026-07-13T11:46:53.528+0000] {logging_mixin.py:188} INFO - [2026-07-13T11:46:53.528+0000] {dag.py:3823} INFO - Setting next_dagrun for example_python_decorator to None, run_after=None
[2026-07-13T11:46:53.544+0000] {processor.py:183} INFO - Processing /home/airflow/.local/lib/python3.8/site-packages/airflow/example_dags/example_python_decorator.py took 0.060 seconds
[2026-07-13T11:47:25.520+0000] {processor.py:161} INFO - Started process (PID=3259) to work on /home/airflow/.local/lib/python3.8/site-packages/airflow/example_dags/example_python_decorator.py
[2026-07-13T11:47:25.521+0000] {processor.py:830} INFO - Processing file /home/airflow/.local/lib/python3.8/site-packages/airflow/example_dags/example_python_decorator.py for tasks to queue
[2026-07-13T11:47:25.522+0000] {logging_mixin.py:188} INFO - [2026-07-13T11:47:25.522+0000] {dagbag.py:538} INFO - Filling up the DagBag from /home/airflow/.local/lib/python3.8/site-packages/airflow/example_dags/example_python_decorator.py
[2026-07-13T11:47:25.531+0000] {processor.py:840} INFO - DAG(s) 'example_python_decorator' retrieved from /home/airflow/.local/lib/python3.8/site-packages/airflow/example_dags/example_python_decorator.py
[2026-07-13T11:47:25.548+0000] {logging_mixin.py:188} INFO - [2026-07-13T11:47:25.547+0000] {dag.py:3036} INFO - Sync 1 DAGs
[2026-07-13T11:47:25.556+0000] {logging_mixin.py:188} INFO - [2026-07-13T11:47:25.556+0000] {dag.py:3823} INFO - Setting next_dagrun for example_python_decorator to None, run_after=None
[2026-07-13T11:47:25.571+0000] {processor.py:183} INFO - Processing /home/airflow/.local/lib/python3.8/site-packages/airflow/example_dags/example_python_decorator.py took 0.054 seconds
[2026-07-13T11:47:55.893+0000] {processor.py:161} INFO - Started process (PID=3315) to work on /home/airflow/.local/lib/python3.8/site-packages/airflow/example_dags/example_python_decorator.py
[2026-07-13T11:47:55.894+0000] {processor.py:830} INFO - Processing file /home/airflow/.local/lib/python3.8/site-packages/airflow/example_dags/example_python_decorator.py for tasks to queue
[2026-07-13T11:47:55.895+0000] {logging_mixin.py:188} INFO - [2026-07-13T11:47:55.895+0000] {dagbag.py:538} INFO - Filling up the DagBag from /home/airflow/.local/lib/python3.8/site-packages/airflow/example_dags/example_python_decorator.py
[2026-07-13T11:47:55.904+0000] {processor.py:840} INFO - DAG(s) 'example_python_decorator' retrieved from /home/airflow/.local/lib/python3.8/site-packages/airflow/example_dags/example_python_decorator.py
[2026-07-13T11:47:55.920+0000] {logging_mixin.py:188} INFO - [2026-07-13T11:47:55.920+0000] {dag.py:3036} INFO - Sync 1 DAGs
[2026-07-13T11:47:55.928+0000] {logging_mixin.py:188} INFO - [2026-07-13T11:47:55.928+0000] {dag.py:3823} INFO - Setting next_dagrun for example_python_decorator to None, run_after=None
[2026-07-13T11:47:55.942+0000] {processor.py:183} INFO - Processing /home/airflow/.local/lib/python3.8/site-packages/airflow/example_dags/example_python_decorator.py took 0.051 seconds
[2026-07-13T11:48:26.508+0000] {processor.py:161} INFO - Started process (PID=3371) to work on /home/airflow/.local/lib/python3.8/site-packages/airflow/example_dags/example_python_decorator.py
[2026-07-13T11:48:26.509+0000] {processor.py:830} INFO - Processing file /home/airflow/.local/lib/python3.8/site-packages/airflow/example_dags/example_python_decorator.py for tasks to queue
[2026-07-13T11:48:26.511+0000] {logging_mixin.py:188} INFO - [2026-07-13T11:48:26.510+0000] {dagbag.py:538} INFO - Filling up the DagBag from /home/airflow/.local/lib/python3.8/site-packages/airflow/example_dags/example_python_decorator.py
[2026-07-13T11:48:26.520+0000] {processor.py:840} INFO - DAG(s) 'example_python_decorator' retrieved from /home/airflow/.local/lib/python3.8/site-packages/airflow/example_dags/example_python_decorator.py
[2026-07-13T11:48:26.535+0000] {logging_mixin.py:188} INFO - [2026-07-13T11:48:26.535+0000] {dag.py:3036} INFO - Sync 1 DAGs
[2026-07-13T11:48:26.544+0000] {logging_mixin.py:188} INFO - [2026-07-13T11:48:26.544+0000] {dag.py:3823} INFO - Setting next_dagrun for example_python_decorator to None, run_after=None
[2026-07-13T11:48:26.558+0000] {processor.py:183} INFO - Processing /home/airflow/.local/lib/python3.8/site-packages/airflow/example_dags/example_python_decorator.py took 0.052 seconds
[2026-07-13T11:48:57.193+0000] {processor.py:161} INFO - Started process (PID=3427) to work on /home/airflow/.local/lib/python3.8/site-packages/airflow/example_dags/example_python_decorator.py
[2026-07-13T11:48:57.194+0000] {processor.py:830} INFO - Processing file /home/airflow/.local/lib/python3.8/site-packages/airflow/example_dags/example_python_decorator.py for tasks to queue
[2026-07-13T11:48:57.195+0000] {logging_mixin.py:188} INFO - [2026-07-13T11:48:57.195+0000] {dagbag.py:538} INFO - Filling up the DagBag from /home/airflow/.local/lib/python3.8/site-packages/airflow/example_dags/example_python_decorator.py
[2026-07-13T11:48:57.205+0000] {processor.py:840} INFO - DAG(s) 'example_python_decorator' retrieved from /home/airflow/.local/lib/python3.8/site-packages/airflow/example_dags/example_python_decorator.py
[2026-07-13T11:48:57.226+0000] {logging_mixin.py:188} INFO - [2026-07-13T11:48:57.226+0000] {dag.py:3036} INFO - Sync 1 DAGs
[2026-07-13T11:48:57.243+0000] {logging_mixin.py:188} INFO - [2026-07-13T11:48:57.242+0000] {dag.py:3823} INFO - Setting next_dagrun for example_python_decorator to None, run_after=None
[2026-07-13T11:48:57.266+0000] {processor.py:183} INFO - Processing /home/airflow/.local/lib/python3.8/site-packages/airflow/example_dags/example_python_decorator.py took 0.076 seconds
[2026-07-13T11:49:27.423+0000] {processor.py:161} INFO - Started process (PID=3484) to work on /home/airflow/.local/lib/python3.8/site-packages/airflow/example_dags/example_python_decorator.py
[2026-07-13T11:49:27.424+0000] {processor.py:830} INFO - Processing file /home/airflow/.local/lib/python3.8/site-packages/airflow/example_dags/example_python_decorator.py for tasks to queue
[2026-07-13T11:49:27.425+0000] {logging_mixin.py:188} INFO - [2026-07-13T11:49:27.425+0000] {dagbag.py:538} INFO - Filling up the DagBag from /home/airflow/.local/lib/python3.8/site-packages/airflow/example_dags/example_python_decorator.py
[2026-07-13T11:49:27.434+0000] {processor.py:840} INFO - DAG(s) 'example_python_decorator' retrieved from /home/airflow/.local/lib/python3.8/site-packages/airflow/example_dags/example_python_decorator.py
[2026-07-13T11:49:27.450+0000] {logging_mixin.py:188} INFO - [2026-07-13T11:49:27.450+0000] {dag.py:3036} INFO - Sync 1 DAGs
[2026-07-13T11:49:27.458+0000] {logging_mixin.py:188} INFO - [2026-07-13T11:49:27.458+0000] {dag.py:3823} INFO - Setting next_dagrun for example_python_decorator to None, run_after=None
[2026-07-13T11:49:27.472+0000] {processor.py:183} INFO - Processing /home/airflow/.local/lib/python3.8/site-packages/airflow/example_dags/example_python_decorator.py took 0.052 seconds
[2026-07-13T11:49:58.029+0000] {processor.py:161} INFO - Started process (PID=3539) to work on /home/airflow/.local/lib/python3.8/site-packages/airflow/example_dags/example_python_decorator.py
[2026-07-13T11:49:58.030+0000] {processor.py:830} INFO - Processing file /home/airflow/.local/lib/python3.8/site-packages/airflow/example_dags/example_python_decorator.py for tasks to queue
[2026-07-13T11:49:58.031+0000] {logging_mixin.py:188} INFO - [2026-07-13T11:49:58.031+0000] {dagbag.py:538} INFO - Filling up the DagBag from /home/airflow/.local/lib/python3.8/site-packages/airflow/example_dags/example_python_decorator.py
[2026-07-13T11:49:58.047+0000] {processor.py:840} INFO - DAG(s) 'example_python_decorator' retrieved from /home/airflow/.local/lib/python3.8/site-packages/airflow/example_dags/example_python_decorator.py
[2026-07-13T11:49:58.093+0000] {logging_mixin.py:188} INFO - [2026-07-13T11:49:58.093+0000] {dag.py:3036} INFO - Sync 1 DAGs
[2026-07-13T11:49:58.114+0000] {logging_mixin.py:188} INFO - [2026-07-13T11:49:58.114+0000] {dag.py:3823} INFO - Setting next_dagrun for example_python_decorator to None, run_after=None
[2026-07-13T11:49:58.150+0000] {processor.py:183} INFO - Processing /home/airflow/.local/lib/python3.8/site-packages/airflow/example_dags/example_python_decorator.py took 0.124 seconds
[2026-07-13T11:50:28.314+0000] {processor.py:161} INFO - Started process (PID=3595) to work on /home/airflow/.local/lib/python3.8/site-packages/airflow/example_dags/example_python_decorator.py
[2026-07-13T11:50:28.315+0000] {processor.py:830} INFO - Processing file /home/airflow/.local/lib/python3.8/site-packages/airflow/example_dags/example_python_decorator.py for tasks to queue
[2026-07-13T11:50:28.316+0000] {logging_mixin.py:188} INFO - [2026-07-13T11:50:28.316+0000] {dagbag.py:538} INFO - Filling up the DagBag from /home/airflow/.local/lib/python3.8/site-packages/airflow/example_dags/example_python_decorator.py
[2026-07-13T11:50:28.326+0000] {processor.py:840} INFO - DAG(s) 'example_python_decorator' retrieved from /home/airflow/.local/lib/python3.8/site-packages/airflow/example_dags/example_python_decorator.py
[2026-07-13T11:50:28.341+0000] {logging_mixin.py:188} INFO - [2026-07-13T11:50:28.341+0000] {dag.py:3036} INFO - Sync 1 DAGs
[2026-07-13T11:50:28.349+0000] {logging_mixin.py:188} INFO - [2026-07-13T11:50:28.349+0000] {dag.py:3823} INFO - Setting next_dagrun for example_python_decorator to None, run_after=None
[2026-07-13T11:50:28.366+0000] {processor.py:183} INFO - Processing /home/airflow/.local/lib/python3.8/site-packages/airflow/example_dags/example_python_decorator.py took 0.054 seconds
[2026-07-13T11:50:58.625+0000] {processor.py:161} INFO - Started process (PID=3651) to work on /home/airflow/.local/lib/python3.8/site-packages/airflow/example_dags/example_python_decorator.py
[2026-07-13T11:50:58.627+0000] {processor.py:830} INFO - Processing file /home/airflow/.local/lib/python3.8/site-packages/airflow/example_dags/example_python_decorator.py for tasks to queue
[2026-07-13T11:50:58.630+0000] {logging_mixin.py:188} INFO - [2026-07-13T11:50:58.630+0000] {dagbag.py:538} INFO - Filling up the DagBag from /home/airflow/.local/lib/python3.8/site-packages/airflow/example_dags/example_python_decorator.py
[2026-07-13T11:50:58.643+0000] {processor.py:840} INFO - DAG(s) 'example_python_decorator' retrieved from /home/airflow/.local/lib/python3.8/site-packages/airflow/example_dags/example_python_decorator.py
[2026-07-13T11:50:58.665+0000] {logging_mixin.py:188} INFO - [2026-07-13T11:50:58.665+0000] {dag.py:3036} INFO - Sync 1 DAGs
[2026-07-13T11:50:58.678+0000] {logging_mixin.py:188} INFO - [2026-07-13T11:50:58.678+0000] {dag.py:3823} INFO - Setting next_dagrun for example_python_decorator to None, run_after=None
[2026-07-13T11:50:58.700+0000] {processor.py:183} INFO - Processing /home/airflow/.local/lib/python3.8/site-packages/airflow/example_dags/example_python_decorator.py took 0.077 seconds
[2026-07-13T11:51:29.229+0000] {processor.py:161} INFO - Started process (PID=3707) to work on /home/airflow/.local/lib/python3.8/site-packages/airflow/example_dags/example_python_decorator.py
[2026-07-13T11:51:29.230+0000] {processor.py:830} INFO - Processing file /home/airflow/.local/lib/python3.8/site-packages/airflow/example_dags/example_python_decorator.py for tasks to queue
[2026-07-13T11:51:29.232+0000] {logging_mixin.py:188} INFO - [2026-07-13T11:51:29.231+0000] {dagbag.py:538} INFO - Filling up the DagBag from /home/airflow/.local/lib/python3.8/site-packages/airflow/example_dags/example_python_decorator.py
[2026-07-13T11:51:29.244+0000] {processor.py:840} INFO - DAG(s) 'example_python_decorator' retrieved from /home/airflow/.local/lib/python3.8/site-packages/airflow/example_dags/example_python_decorator.py
[2026-07-13T11:51:29.262+0000] {logging_mixin.py:188} INFO - [2026-07-13T11:51:29.262+0000] {dag.py:3036} INFO - Sync 1 DAGs
[2026-07-13T11:51:29.273+0000] {logging_mixin.py:188} INFO - [2026-07-13T11:51:29.273+0000] {dag.py:3823} INFO - Setting next_dagrun for example_python_decorator to None, run_after=None
[2026-07-13T11:51:29.291+0000] {processor.py:183} INFO - Processing /home/airflow/.local/lib/python3.8/site-packages/airflow/example_dags/example_python_decorator.py took 0.065 seconds
[2026-07-13T11:52:00.080+0000] {processor.py:161} INFO - Started process (PID=3763) to work on /home/airflow/.local/lib/python3.8/site-packages/airflow/example_dags/example_python_decorator.py
[2026-07-13T11:52:00.081+0000] {processor.py:830} INFO - Processing file /home/airflow/.local/lib/python3.8/site-packages/airflow/example_dags/example_python_decorator.py for tasks to queue
[2026-07-13T11:52:00.082+0000] {logging_mixin.py:188} INFO - [2026-07-13T11:52:00.082+0000] {dagbag.py:538} INFO - Filling up the DagBag from /home/airflow/.local/lib/python3.8/site-packages/airflow/example_dags/example_python_decorator.py
[2026-07-13T11:52:00.092+0000] {processor.py:840} INFO - DAG(s) 'example_python_decorator' retrieved from /home/airflow/.local/lib/python3.8/site-packages/airflow/example_dags/example_python_decorator.py
[2026-07-13T11:52:00.109+0000] {logging_mixin.py:188} INFO - [2026-07-13T11:52:00.109+0000] {dag.py:3036} INFO - Sync 1 DAGs
[2026-07-13T11:52:00.118+0000] {logging_mixin.py:188} INFO - [2026-07-13T11:52:00.118+0000] {dag.py:3823} INFO - Setting next_dagrun for example_python_decorator to None, run_after=None
[2026-07-13T11:52:00.132+0000] {processor.py:183} INFO - Processing /home/airflow/.local/lib/python3.8/site-packages/airflow/example_dags/example_python_decorator.py took 0.055 seconds
[2026-07-13T11:52:30.350+0000] {processor.py:161} INFO - Started process (PID=3819) to work on /home/airflow/.local/lib/python3.8/site-packages/airflow/example_dags/example_python_decorator.py
[2026-07-13T11:52:30.351+0000] {processor.py:830} INFO - Processing file /home/airflow/.local/lib/python3.8/site-packages/airflow/example_dags/example_python_decorator.py for tasks to queue
[2026-07-13T11:52:30.353+0000] {logging_mixin.py:188} INFO - [2026-07-13T11:52:30.352+0000] {dagbag.py:538} INFO - Filling up the DagBag from /home/airflow/.local/lib/python3.8/site-packages/airflow/example_dags/example_python_decorator.py
[2026-07-13T11:52:30.363+0000] {processor.py:840} INFO - DAG(s) 'example_python_decorator' retrieved from /home/airflow/.local/lib/python3.8/site-packages/airflow/example_dags/example_python_decorator.py
[2026-07-13T11:52:30.379+0000] {logging_mixin.py:188} INFO - [2026-07-13T11:52:30.378+0000] {dag.py:3036} INFO - Sync 1 DAGs
[2026-07-13T11:52:30.388+0000] {logging_mixin.py:188} INFO - [2026-07-13T11:52:30.388+0000] {dag.py:3823} INFO - Setting next_dagrun for example_python_decorator to None, run_after=None
[2026-07-13T11:52:30.402+0000] {processor.py:183} INFO - Processing /home/airflow/.local/lib/python3.8/site-packages/airflow/example_dags/example_python_decorator.py took 0.055 seconds
[2026-07-13T11:53:01.325+0000] {processor.py:161} INFO - Started process (PID=3875) to work on /home/airflow/.local/lib/python3.8/site-packages/airflow/example_dags/example_python_decorator.py
[2026-07-13T11:53:01.326+0000] {processor.py:830} INFO - Processing file /home/airflow/.local/lib/python3.8/site-packages/airflow/example_dags/example_python_decorator.py for tasks to queue
[2026-07-13T11:53:01.327+0000] {logging_mixin.py:188} INFO - [2026-07-13T11:53:01.327+0000] {dagbag.py:538} INFO - Filling up the DagBag from /home/airflow/.local/lib/python3.8/site-packages/airflow/example_dags/example_python_decorator.py
[2026-07-13T11:53:01.337+0000] {processor.py:840} INFO - DAG(s) 'example_python_decorator' retrieved from /home/airflow/.local/lib/python3.8/site-packages/airflow/example_dags/example_python_decorator.py
[2026-07-13T11:53:01.352+0000] {logging_mixin.py:188} INFO - [2026-07-13T11:53:01.352+0000] {dag.py:3036} INFO - Sync 1 DAGs
[2026-07-13T11:53:01.361+0000] {logging_mixin.py:188} INFO - [2026-07-13T11:53:01.360+0000] {dag.py:3823} INFO - Setting next_dagrun for example_python_decorator to None, run_after=None
[2026-07-13T11:53:01.375+0000] {processor.py:183} INFO - Processing /home/airflow/.local/lib/python3.8/site-packages/airflow/example_dags/example_python_decorator.py took 0.053 seconds
[2026-07-13T11:53:32.088+0000] {processor.py:161} INFO - Started process (PID=3931) to work on /home/airflow/.local/lib/python3.8/site-packages/airflow/example_dags/example_python_decorator.py
[2026-07-13T11:53:32.089+0000] {processor.py:830} INFO - Processing file /home/airflow/.local/lib/python3.8/site-packages/airflow/example_dags/example_python_decorator.py for tasks to queue
[2026-07-13T11:53:32.090+0000] {logging_mixin.py:188} INFO - [2026-07-13T11:53:32.090+0000] {dagbag.py:538} INFO - Filling up the DagBag from /home/airflow/.local/lib/python3.8/site-packages/airflow/example_dags/example_python_decorator.py
[2026-07-13T11:53:32.100+0000] {processor.py:840} INFO - DAG(s) 'example_python_decorator' retrieved from /home/airflow/.local/lib/python3.8/site-packages/airflow/example_dags/example_python_decorator.py
[2026-07-13T11:53:32.116+0000] {logging_mixin.py:188} INFO - [2026-07-13T11:53:32.116+0000] {dag.py:3036} INFO - Sync 1 DAGs
[2026-07-13T11:53:32.125+0000] {logging_mixin.py:188} INFO - [2026-07-13T11:53:32.125+0000] {dag.py:3823} INFO - Setting next_dagrun for example_python_decorator to None, run_after=None
[2026-07-13T11:53:32.140+0000] {processor.py:183} INFO - Processing /home/airflow/.local/lib/python3.8/site-packages/airflow/example_dags/example_python_decorator.py took 0.054 seconds
[2026-07-13T11:54:02.645+0000] {processor.py:161} INFO - Started process (PID=3988) to work on /home/airflow/.local/lib/python3.8/site-packages/airflow/example_dags/example_python_decorator.py
[2026-07-13T11:54:02.646+0000] {processor.py:830} INFO - Processing file /home/airflow/.local/lib/python3.8/site-packages/airflow/example_dags/example_python_decorator.py for tasks to queue
[2026-07-13T11:54:02.647+0000] {logging_mixin.py:188} INFO - [2026-07-13T11:54:02.647+0000] {dagbag.py:538} INFO - Filling up the DagBag from /home/airflow/.local/lib/python3.8/site-packages/airflow/example_dags/example_python_decorator.py
[2026-07-13T11:54:02.658+0000] {processor.py:840} INFO - DAG(s) 'example_python_decorator' retrieved from /home/airflow/.local/lib/python3.8/site-packages/airflow/example_dags/example_python_decorator.py
[2026-07-13T11:54:02.676+0000] {logging_mixin.py:188} INFO - [2026-07-13T11:54:02.675+0000] {dag.py:3036} INFO - Sync 1 DAGs
[2026-07-13T11:54:02.685+0000] {logging_mixin.py:188} INFO - [2026-07-13T11:54:02.684+0000] {dag.py:3823} INFO - Setting next_dagrun for example_python_decorator to None, run_after=None
[2026-07-13T11:54:02.700+0000] {processor.py:183} INFO - Processing /home/airflow/.local/lib/python3.8/site-packages/airflow/example_dags/example_python_decorator.py took 0.058 seconds
[2026-07-13T11:54:33.164+0000] {processor.py:161} INFO - Started process (PID=4044) to work on /home/airflow/.local/lib/python3.8/site-packages/airflow/example_dags/example_python_decorator.py
[2026-07-13T11:54:33.165+0000] {processor.py:830} INFO - Processing file /home/airflow/.local/lib/python3.8/site-packages/airflow/example_dags/example_python_decorator.py for tasks to queue
[2026-07-13T11:54:33.166+0000] {logging_mixin.py:188} INFO - [2026-07-13T11:54:33.166+0000] {dagbag.py:538} INFO - Filling up the DagBag from /home/airflow/.local/lib/python3.8/site-packages/airflow/example_dags/example_python_decorator.py
[2026-07-13T11:54:33.177+0000] {processor.py:840} INFO - DAG(s) 'example_python_decorator' retrieved from /home/airflow/.local/lib/python3.8/site-packages/airflow/example_dags/example_python_decorator.py
[2026-07-13T11:54:33.193+0000] {logging_mixin.py:188} INFO - [2026-07-13T11:54:33.193+0000] {dag.py:3036} INFO - Sync 1 DAGs
[2026-07-13T11:54:33.202+0000] {logging_mixin.py:188} INFO - [2026-07-13T11:54:33.202+0000] {dag.py:3823} INFO - Setting next_dagrun for example_python_decorator to None, run_after=None
[2026-07-13T11:54:33.219+0000] {processor.py:183} INFO - Processing /home/airflow/.local/lib/python3.8/site-packages/airflow/example_dags/example_python_decorator.py took 0.058 seconds
[2026-07-13T11:55:03.712+0000] {processor.py:161} INFO - Started process (PID=4100) to work on /home/airflow/.local/lib/python3.8/site-packages/airflow/example_dags/example_python_decorator.py
[2026-07-13T11:55:03.713+0000] {processor.py:830} INFO - Processing file /home/airflow/.local/lib/python3.8/site-packages/airflow/example_dags/example_python_decorator.py for tasks to queue
[2026-07-13T11:55:03.715+0000] {logging_mixin.py:188} INFO - [2026-07-13T11:55:03.715+0000] {dagbag.py:538} INFO - Filling up the DagBag from /home/airflow/.local/lib/python3.8/site-packages/airflow/example_dags/example_python_decorator.py
[2026-07-13T11:55:03.724+0000] {processor.py:840} INFO - DAG(s) 'example_python_decorator' retrieved from /home/airflow/.local/lib/python3.8/site-packages/airflow/example_dags/example_python_decorator.py
[2026-07-13T11:55:03.740+0000] {logging_mixin.py:188} INFO - [2026-07-13T11:55:03.739+0000] {dag.py:3036} INFO - Sync 1 DAGs
[2026-07-13T11:55:03.748+0000] {logging_mixin.py:188} INFO - [2026-07-13T11:55:03.747+0000] {dag.py:3823} INFO - Setting next_dagrun for example_python_decorator to None, run_after=None
[2026-07-13T11:55:03.762+0000] {processor.py:183} INFO - Processing /home/airflow/.local/lib/python3.8/site-packages/airflow/example_dags/example_python_decorator.py took 0.052 seconds
[2026-07-13T11:55:34.300+0000] {processor.py:161} INFO - Started process (PID=4156) to work on /home/airflow/.local/lib/python3.8/site-packages/airflow/example_dags/example_python_decorator.py
[2026-07-13T11:55:34.301+0000] {processor.py:830} INFO - Processing file /home/airflow/.local/lib/python3.8/site-packages/airflow/example_dags/example_python_decorator.py for tasks to queue
[2026-07-13T11:55:34.302+0000] {logging_mixin.py:188} INFO - [2026-07-13T11:55:34.302+0000] {dagbag.py:538} INFO - Filling up the DagBag from /home/airflow/.local/lib/python3.8/site-packages/airflow/example_dags/example_python_decorator.py
[2026-07-13T11:55:34.311+0000] {processor.py:840} INFO - DAG(s) 'example_python_decorator' retrieved from /home/airflow/.local/lib/python3.8/site-packages/airflow/example_dags/example_python_decorator.py
[2026-07-13T11:55:34.327+0000] {logging_mixin.py:188} INFO - [2026-07-13T11:55:34.327+0000] {dag.py:3036} INFO - Sync 1 DAGs
[2026-07-13T11:55:34.335+0000] {logging_mixin.py:188} INFO - [2026-07-13T11:55:34.335+0000] {dag.py:3823} INFO - Setting next_dagrun for example_python_decorator to None, run_after=None
[2026-07-13T11:55:34.350+0000] {processor.py:183} INFO - Processing /home/airflow/.local/lib/python3.8/site-packages/airflow/example_dags/example_python_decorator.py took 0.052 seconds
[2026-07-13T11:56:04.854+0000] {processor.py:161} INFO - Started process (PID=4212) to work on /home/airflow/.local/lib/python3.8/site-packages/airflow/example_dags/example_python_decorator.py
[2026-07-13T11:56:04.855+0000] {processor.py:830} INFO - Processing file /home/airflow/.local/lib/python3.8/site-packages/airflow/example_dags/example_python_decorator.py for tasks to queue
[2026-07-13T11:56:04.856+0000] {logging_mixin.py:188} INFO - [2026-07-13T11:56:04.856+0000] {dagbag.py:538} INFO - Filling up the DagBag from /home/airflow/.local/lib/python3.8/site-packages/airflow/example_dags/example_python_decorator.py
[2026-07-13T11:56:04.867+0000] {processor.py:840} INFO - DAG(s) 'example_python_decorator' retrieved from /home/airflow/.local/lib/python3.8/site-packages/airflow/example_dags/example_python_decorator.py
[2026-07-13T11:56:04.885+0000] {logging_mixin.py:188} INFO - [2026-07-13T11:56:04.885+0000] {dag.py:3036} INFO - Sync 1 DAGs
[2026-07-13T11:56:04.895+0000] {logging_mixin.py:188} INFO - [2026-07-13T11:56:04.895+0000] {dag.py:3823} INFO - Setting next_dagrun for example_python_decorator to None, run_after=None
[2026-07-13T11:56:04.914+0000] {processor.py:183} INFO - Processing /home/airflow/.local/lib/python3.8/site-packages/airflow/example_dags/example_python_decorator.py took 0.063 seconds
[2026-07-13T11:56:35.369+0000] {processor.py:161} INFO - Started process (PID=4268) to work on /home/airflow/.local/lib/python3.8/site-packages/airflow/example_dags/example_python_decorator.py
[2026-07-13T11:56:35.370+0000] {processor.py:830} INFO - Processing file /home/airflow/.local/lib/python3.8/site-packages/airflow/example_dags/example_python_decorator.py for tasks to queue
[2026-07-13T11:56:35.372+0000] {logging_mixin.py:188} INFO - [2026-07-13T11:56:35.372+0000] {dagbag.py:538} INFO - Filling up the DagBag from /home/airflow/.local/lib/python3.8/site-packages/airflow/example_dags/example_python_decorator.py
[2026-07-13T11:56:35.384+0000] {processor.py:840} INFO - DAG(s) 'example_python_decorator' retrieved from /home/airflow/.local/lib/python3.8/site-packages/airflow/example_dags/example_python_decorator.py
[2026-07-13T11:56:35.405+0000] {logging_mixin.py:188} INFO - [2026-07-13T11:56:35.404+0000] {dag.py:3036} INFO - Sync 1 DAGs
[2026-07-13T11:56:35.417+0000] {logging_mixin.py:188} INFO - [2026-07-13T11:56:35.416+0000] {dag.py:3823} INFO - Setting next_dagrun for example_python_decorator to None, run_after=None
[2026-07-13T11:56:35.433+0000] {processor.py:183} INFO - Processing /home/airflow/.local/lib/python3.8/site-packages/airflow/example_dags/example_python_decorator.py took 0.067 seconds
[2026-07-13T11:57:06.080+0000] {processor.py:161} INFO - Started process (PID=4324) to work on /home/airflow/.local/lib/python3.8/site-packages/airflow/example_dags/example_python_decorator.py
[2026-07-13T11:57:06.081+0000] {processor.py:830} INFO - Processing file /home/airflow/.local/lib/python3.8/site-packages/airflow/example_dags/example_python_decorator.py for tasks to queue
[2026-07-13T11:57:06.082+0000] {logging_mixin.py:188} INFO - [2026-07-13T11:57:06.082+0000] {dagbag.py:538} INFO - Filling up the DagBag from /home/airflow/.local/lib/python3.8/site-packages/airflow/example_dags/example_python_decorator.py
[2026-07-13T11:57:06.091+0000] {processor.py:840} INFO - DAG(s) 'example_python_decorator' retrieved from /home/airflow/.local/lib/python3.8/site-packages/airflow/example_dags/example_python_decorator.py
[2026-07-13T11:57:06.107+0000] {logging_mixin.py:188} INFO - [2026-07-13T11:57:06.107+0000] {dag.py:3036} INFO - Sync 1 DAGs
[2026-07-13T11:57:06.116+0000] {logging_mixin.py:188} INFO - [2026-07-13T11:57:06.116+0000] {dag.py:3823} INFO - Setting next_dagrun for example_python_decorator to None, run_after=None
[2026-07-13T11:57:06.130+0000] {processor.py:183} INFO - Processing /home/airflow/.local/lib/python3.8/site-packages/airflow/example_dags/example_python_decorator.py took 0.053 seconds
[2026-07-13T11:57:36.806+0000] {processor.py:161} INFO - Started process (PID=4380) to work on /home/airflow/.local/lib/python3.8/site-packages/airflow/example_dags/example_python_decorator.py
[2026-07-13T11:57:36.807+0000] {processor.py:830} INFO - Processing file /home/airflow/.local/lib/python3.8/site-packages/airflow/example_dags/example_python_decorator.py for tasks to queue
[2026-07-13T11:57:36.808+0000] {logging_mixin.py:188} INFO - [2026-07-13T11:57:36.808+0000] {dagbag.py:538} INFO - Filling up the DagBag from /home/airflow/.local/lib/python3.8/site-packages/airflow/example_dags/example_python_decorator.py
[2026-07-13T11:57:36.819+0000] {processor.py:840} INFO - DAG(s) 'example_python_decorator' retrieved from /home/airflow/.local/lib/python3.8/site-packages/airflow/example_dags/example_python_decorator.py
[2026-07-13T11:57:36.836+0000] {logging_mixin.py:188} INFO - [2026-07-13T11:57:36.835+0000] {dag.py:3036} INFO - Sync 1 DAGs
[2026-07-13T11:57:36.844+0000] {logging_mixin.py:188} INFO - [2026-07-13T11:57:36.844+0000] {dag.py:3823} INFO - Setting next_dagrun for example_python_decorator to None, run_after=None
[2026-07-13T11:57:36.858+0000] {processor.py:183} INFO - Processing /home/airflow/.local/lib/python3.8/site-packages/airflow/example_dags/example_python_decorator.py took 0.055 seconds
[2026-07-13T11:58:07.234+0000] {processor.py:161} INFO - Started process (PID=4437) to work on /home/airflow/.local/lib/python3.8/site-packages/airflow/example_dags/example_python_decorator.py
[2026-07-13T11:58:07.235+0000] {processor.py:830} INFO - Processing file /home/airflow/.local/lib/python3.8/site-packages/airflow/example_dags/example_python_decorator.py for tasks to queue
[2026-07-13T11:58:07.237+0000] {logging_mixin.py:188} INFO - [2026-07-13T11:58:07.237+0000] {dagbag.py:538} INFO - Filling up the DagBag from /home/airflow/.local/lib/python3.8/site-packages/airflow/example_dags/example_python_decorator.py
[2026-07-13T11:58:07.247+0000] {processor.py:840} INFO - DAG(s) 'example_python_decorator' retrieved from /home/airflow/.local/lib/python3.8/site-packages/airflow/example_dags/example_python_decorator.py
[2026-07-13T11:58:07.264+0000] {logging_mixin.py:188} INFO - [2026-07-13T11:58:07.264+0000] {dag.py:3036} INFO - Sync 1 DAGs
[2026-07-13T11:58:07.272+0000] {logging_mixin.py:188} INFO - [2026-07-13T11:58:07.272+0000] {dag.py:3823} INFO - Setting next_dagrun for example_python_decorator to None, run_after=None
[2026-07-13T11:58:07.285+0000] {processor.py:183} INFO - Processing /home/airflow/.local/lib/python3.8/site-packages/airflow/example_dags/example_python_decorator.py took 0.053 seconds
[2026-07-13T11:58:37.812+0000] {processor.py:161} INFO - Started process (PID=4492) to work on /home/airflow/.local/lib/python3.8/site-packages/airflow/example_dags/example_python_decorator.py
[2026-07-13T11:58:37.814+0000] {processor.py:830} INFO - Processing file /home/airflow/.local/lib/python3.8/site-packages/airflow/example_dags/example_python_decorator.py for tasks to queue
[2026-07-13T11:58:37.816+0000] {logging_mixin.py:188} INFO - [2026-07-13T11:58:37.816+0000] {dagbag.py:538} INFO - Filling up the DagBag from /home/airflow/.local/lib/python3.8/site-packages/airflow/example_dags/example_python_decorator.py
[2026-07-13T11:58:37.828+0000] {processor.py:840} INFO - DAG(s) 'example_python_decorator' retrieved from /home/airflow/.local/lib/python3.8/site-packages/airflow/example_dags/example_python_decorator.py
[2026-07-13T11:58:37.854+0000] {logging_mixin.py:188} INFO - [2026-07-13T11:58:37.853+0000] {dag.py:3036} INFO - Sync 1 DAGs
[2026-07-13T11:58:37.870+0000] {logging_mixin.py:188} INFO - [2026-07-13T11:58:37.869+0000] {dag.py:3823} INFO - Setting next_dagrun for example_python_decorator to None, run_after=None
[2026-07-13T11:58:37.896+0000] {processor.py:183} INFO - Processing /home/airflow/.local/lib/python3.8/site-packages/airflow/example_dags/example_python_decorator.py took 0.088 seconds
[2026-07-13T11:59:08.091+0000] {processor.py:161} INFO - Started process (PID=4548) to work on /home/airflow/.local/lib/python3.8/site-packages/airflow/example_dags/example_python_decorator.py
[2026-07-13T11:59:08.092+0000] {processor.py:830} INFO - Processing file /home/airflow/.local/lib/python3.8/site-packages/airflow/example_dags/example_python_decorator.py for tasks to queue
[2026-07-13T11:59:08.094+0000] {logging_mixin.py:188} INFO - [2026-07-13T11:59:08.093+0000] {dagbag.py:538} INFO - Filling up the DagBag from /home/airflow/.local/lib/python3.8/site-packages/airflow/example_dags/example_python_decorator.py
[2026-07-13T11:59:08.103+0000] {processor.py:840} INFO - DAG(s) 'example_python_decorator' retrieved from /home/airflow/.local/lib/python3.8/site-packages/airflow/example_dags/example_python_decorator.py
[2026-07-13T11:59:08.120+0000] {logging_mixin.py:188} INFO - [2026-07-13T11:59:08.120+0000] {dag.py:3036} INFO - Sync 1 DAGs
[2026-07-13T11:59:08.129+0000] {logging_mixin.py:188} INFO - [2026-07-13T11:59:08.128+0000] {dag.py:3823} INFO - Setting next_dagrun for example_python_decorator to None, run_after=None
[2026-07-13T11:59:08.143+0000] {processor.py:183} INFO - Processing /home/airflow/.local/lib/python3.8/site-packages/airflow/example_dags/example_python_decorator.py took 0.054 seconds
[2026-07-13T11:59:38.436+0000] {processor.py:161} INFO - Started process (PID=4604) to work on /home/airflow/.local/lib/python3.8/site-packages/airflow/example_dags/example_python_decorator.py
[2026-07-13T11:59:38.437+0000] {processor.py:830} INFO - Processing file /home/airflow/.local/lib/python3.8/site-packages/airflow/example_dags/example_python_decorator.py for tasks to queue
[2026-07-13T11:59:38.440+0000] {logging_mixin.py:188} INFO - [2026-07-13T11:59:38.439+0000] {dagbag.py:538} INFO - Filling up the DagBag from /home/airflow/.local/lib/python3.8/site-packages/airflow/example_dags/example_python_decorator.py
[2026-07-13T11:59:38.454+0000] {processor.py:840} INFO - DAG(s) 'example_python_decorator' retrieved from /home/airflow/.local/lib/python3.8/site-packages/airflow/example_dags/example_python_decorator.py
[2026-07-13T11:59:38.478+0000] {logging_mixin.py:188} INFO - [2026-07-13T11:59:38.478+0000] {dag.py:3036} INFO - Sync 1 DAGs
[2026-07-13T11:59:38.489+0000] {logging_mixin.py:188} INFO - [2026-07-13T11:59:38.489+0000] {dag.py:3823} INFO - Setting next_dagrun for example_python_decorator to None, run_after=None
[2026-07-13T11:59:38.511+0000] {processor.py:183} INFO - Processing /home/airflow/.local/lib/python3.8/site-packages/airflow/example_dags/example_python_decorator.py took 0.078 seconds
[2026-07-13T12:00:08.624+0000] {processor.py:161} INFO - Started process (PID=4661) to work on /home/airflow/.local/lib/python3.8/site-packages/airflow/example_dags/example_python_decorator.py
[2026-07-13T12:00:08.625+0000] {processor.py:830} INFO - Processing file /home/airflow/.local/lib/python3.8/site-packages/airflow/example_dags/example_python_decorator.py for tasks to queue
[2026-07-13T12:00:08.626+0000] {logging_mixin.py:188} INFO - [2026-07-13T12:00:08.626+0000] {dagbag.py:538} INFO - Filling up the DagBag from /home/airflow/.local/lib/python3.8/site-packages/airflow/example_dags/example_python_decorator.py
[2026-07-13T12:00:08.636+0000] {processor.py:840} INFO - DAG(s) 'example_python_decorator' retrieved from /home/airflow/.local/lib/python3.8/site-packages/airflow/example_dags/example_python_decorator.py
[2026-07-13T12:00:08.652+0000] {logging_mixin.py:188} INFO - [2026-07-13T12:00:08.652+0000] {dag.py:3036} INFO - Sync 1 DAGs
[2026-07-13T12:00:08.663+0000] {logging_mixin.py:188} INFO - [2026-07-13T12:00:08.662+0000] {dag.py:3823} INFO - Setting next_dagrun for example_python_decorator to None, run_after=None
[2026-07-13T12:00:08.679+0000] {processor.py:183} INFO - Processing /home/airflow/.local/lib/python3.8/site-packages/airflow/example_dags/example_python_decorator.py took 0.058 seconds
[2026-07-13T12:00:38.981+0000] {processor.py:161} INFO - Started process (PID=4716) to work on /home/airflow/.local/lib/python3.8/site-packages/airflow/example_dags/example_python_decorator.py
[2026-07-13T12:00:38.982+0000] {processor.py:830} INFO - Processing file /home/airflow/.local/lib/python3.8/site-packages/airflow/example_dags/example_python_decorator.py for tasks to queue
[2026-07-13T12:00:38.983+0000] {logging_mixin.py:188} INFO - [2026-07-13T12:00:38.983+0000] {dagbag.py:538} INFO - Filling up the DagBag from /home/airflow/.local/lib/python3.8/site-packages/airflow/example_dags/example_python_decorator.py
[2026-07-13T12:00:38.995+0000] {processor.py:840} INFO - DAG(s) 'example_python_decorator' retrieved from /home/airflow/.local/lib/python3.8/site-packages/airflow/example_dags/example_python_decorator.py
[2026-07-13T12:00:39.017+0000] {logging_mixin.py:188} INFO - [2026-07-13T12:00:39.016+0000] {dag.py:3036} INFO - Sync 1 DAGs
[2026-07-13T12:00:39.031+0000] {logging_mixin.py:188} INFO - [2026-07-13T12:00:39.030+0000] {dag.py:3823} INFO - Setting next_dagrun for example_python_decorator to None, run_after=None
[2026-07-13T12:00:39.060+0000] {processor.py:183} INFO - Processing /home/airflow/.local/lib/python3.8/site-packages/airflow/example_dags/example_python_decorator.py took 0.082 seconds
[2026-07-13T12:01:09.302+0000] {processor.py:161} INFO - Started process (PID=4772) to work on /home/airflow/.local/lib/python3.8/site-packages/airflow/example_dags/example_python_decorator.py
[2026-07-13T12:01:09.303+0000] {processor.py:830} INFO - Processing file /home/airflow/.local/lib/python3.8/site-packages/airflow/example_dags/example_python_decorator.py for tasks to queue
[2026-07-13T12:01:09.305+0000] {logging_mixin.py:188} INFO - [2026-07-13T12:01:09.304+0000] {dagbag.py:538} INFO - Filling up the DagBag from /home/airflow/.local/lib/python3.8/site-packages/airflow/example_dags/example_python_decorator.py
[2026-07-13T12:01:09.315+0000] {processor.py:840} INFO - DAG(s) 'example_python_decorator' retrieved from /home/airflow/.local/lib/python3.8/site-packages/airflow/example_dags/example_python_decorator.py
[2026-07-13T12:01:09.332+0000] {logging_mixin.py:188} INFO - [2026-07-13T12:01:09.331+0000] {dag.py:3036} INFO - Sync 1 DAGs
[2026-07-13T12:01:09.340+0000] {logging_mixin.py:188} INFO - [2026-07-13T12:01:09.340+0000] {dag.py:3823} INFO - Setting next_dagrun for example_python_decorator to None, run_after=None
[2026-07-13T12:01:09.354+0000] {processor.py:183} INFO - Processing /home/airflow/.local/lib/python3.8/site-packages/airflow/example_dags/example_python_decorator.py took 0.055 seconds
[2026-07-13T12:01:39.510+0000] {processor.py:161} INFO - Started process (PID=4828) to work on /home/airflow/.local/lib/python3.8/site-packages/airflow/example_dags/example_python_decorator.py
[2026-07-13T12:01:39.511+0000] {processor.py:830} INFO - Processing file /home/airflow/.local/lib/python3.8/site-packages/airflow/example_dags/example_python_decorator.py for tasks to queue
[2026-07-13T12:01:39.512+0000] {logging_mixin.py:188} INFO - [2026-07-13T12:01:39.512+0000] {dagbag.py:538} INFO - Filling up the DagBag from /home/airflow/.local/lib/python3.8/site-packages/airflow/example_dags/example_python_decorator.py
[2026-07-13T12:01:39.522+0000] {processor.py:840} INFO - DAG(s) 'example_python_decorator' retrieved from /home/airflow/.local/lib/python3.8/site-packages/airflow/example_dags/example_python_decorator.py
[2026-07-13T12:01:39.539+0000] {logging_mixin.py:188} INFO - [2026-07-13T12:01:39.539+0000] {dag.py:3036} INFO - Sync 1 DAGs
[2026-07-13T12:01:39.548+0000] {logging_mixin.py:188} INFO - [2026-07-13T12:01:39.548+0000] {dag.py:3823} INFO - Setting next_dagrun for example_python_decorator to None, run_after=None
[2026-07-13T12:01:39.562+0000] {processor.py:183} INFO - Processing /home/airflow/.local/lib/python3.8/site-packages/airflow/example_dags/example_python_decorator.py took 0.055 seconds
[2026-07-13T12:02:09.615+0000] {processor.py:161} INFO - Started process (PID=4884) to work on /home/airflow/.local/lib/python3.8/site-packages/airflow/example_dags/example_python_decorator.py
[2026-07-13T12:02:09.616+0000] {processor.py:830} INFO - Processing file /home/airflow/.local/lib/python3.8/site-packages/airflow/example_dags/example_python_decorator.py for tasks to queue
[2026-07-13T12:02:09.617+0000] {logging_mixin.py:188} INFO - [2026-07-13T12:02:09.617+0000] {dagbag.py:538} INFO - Filling up the DagBag from /home/airflow/.local/lib/python3.8/site-packages/airflow/example_dags/example_python_decorator.py
[2026-07-13T12:02:09.627+0000] {processor.py:840} INFO - DAG(s) 'example_python_decorator' retrieved from /home/airflow/.local/lib/python3.8/site-packages/airflow/example_dags/example_python_decorator.py
[2026-07-13T12:02:09.645+0000] {logging_mixin.py:188} INFO - [2026-07-13T12:02:09.645+0000] {dag.py:3036} INFO - Sync 1 DAGs
[2026-07-13T12:02:09.654+0000] {logging_mixin.py:188} INFO - [2026-07-13T12:02:09.654+0000] {dag.py:3823} INFO - Setting next_dagrun for example_python_decorator to None, run_after=None
[2026-07-13T12:02:09.667+0000] {processor.py:183} INFO - Processing /home/airflow/.local/lib/python3.8/site-packages/airflow/example_dags/example_python_decorator.py took 0.055 seconds
[2026-07-13T12:02:39.877+0000] {processor.py:161} INFO - Started process (PID=4941) to work on /home/airflow/.local/lib/python3.8/site-packages/airflow/example_dags/example_python_decorator.py
[2026-07-13T12:02:39.879+0000] {processor.py:830} INFO - Processing file /home/airflow/.local/lib/python3.8/site-packages/airflow/example_dags/example_python_decorator.py for tasks to queue
[2026-07-13T12:02:39.880+0000] {logging_mixin.py:188} INFO - [2026-07-13T12:02:39.880+0000] {dagbag.py:538} INFO - Filling up the DagBag from /home/airflow/.local/lib/python3.8/site-packages/airflow/example_dags/example_python_decorator.py
[2026-07-13T12:02:39.890+0000] {processor.py:840} INFO - DAG(s) 'example_python_decorator' retrieved from /home/airflow/.local/lib/python3.8/site-packages/airflow/example_dags/example_python_decorator.py
[2026-07-13T12:02:39.907+0000] {logging_mixin.py:188} INFO - [2026-07-13T12:02:39.907+0000] {dag.py:3036} INFO - Sync 1 DAGs
[2026-07-13T12:02:39.916+0000] {logging_mixin.py:188} INFO - [2026-07-13T12:02:39.916+0000] {dag.py:3823} INFO - Setting next_dagrun for example_python_decorator to None, run_after=None
[2026-07-13T12:02:39.930+0000] {processor.py:183} INFO - Processing /home/airflow/.local/lib/python3.8/site-packages/airflow/example_dags/example_python_decorator.py took 0.055 seconds
[2026-07-13T12:03:10.129+0000] {processor.py:161} INFO - Started process (PID=4997) to work on /home/airflow/.local/lib/python3.8/site-packages/airflow/example_dags/example_python_decorator.py
[2026-07-13T12:03:10.130+0000] {processor.py:830} INFO - Processing file /home/airflow/.local/lib/python3.8/site-packages/airflow/example_dags/example_python_decorator.py for tasks to queue
[2026-07-13T12:03:10.131+0000] {logging_mixin.py:188} INFO - [2026-07-13T12:03:10.131+0000] {dagbag.py:538} INFO - Filling up the DagBag from /home/airflow/.local/lib/python3.8/site-packages/airflow/example_dags/example_python_decorator.py
[2026-07-13T12:03:10.140+0000] {processor.py:840} INFO - DAG(s) 'example_python_decorator' retrieved from /home/airflow/.local/lib/python3.8/site-packages/airflow/example_dags/example_python_decorator.py
[2026-07-13T12:03:10.158+0000] {logging_mixin.py:188} INFO - [2026-07-13T12:03:10.157+0000] {dag.py:3036} INFO - Sync 1 DAGs
[2026-07-13T12:03:10.166+0000] {logging_mixin.py:188} INFO - [2026-07-13T12:03:10.166+0000] {dag.py:3823} INFO - Setting next_dagrun for example_python_decorator to None, run_after=None
[2026-07-13T12:03:10.181+0000] {processor.py:183} INFO - Processing /home/airflow/.local/lib/python3.8/site-packages/airflow/example_dags/example_python_decorator.py took 0.055 seconds
[2026-07-13T12:03:40.332+0000] {processor.py:161} INFO - Started process (PID=5052) to work on /home/airflow/.local/lib/python3.8/site-packages/airflow/example_dags/example_python_decorator.py
[2026-07-13T12:03:40.333+0000] {processor.py:830} INFO - Processing file /home/airflow/.local/lib/python3.8/site-packages/airflow/example_dags/example_python_decorator.py for tasks to queue
[2026-07-13T12:03:40.335+0000] {logging_mixin.py:188} INFO - [2026-07-13T12:03:40.334+0000] {dagbag.py:538} INFO - Filling up the DagBag from /home/airflow/.local/lib/python3.8/site-packages/airflow/example_dags/example_python_decorator.py
[2026-07-13T12:03:40.345+0000] {processor.py:840} INFO - DAG(s) 'example_python_decorator' retrieved from /home/airflow/.local/lib/python3.8/site-packages/airflow/example_dags/example_python_decorator.py
[2026-07-13T12:03:40.364+0000] {logging_mixin.py:188} INFO - [2026-07-13T12:03:40.364+0000] {dag.py:3036} INFO - Sync 1 DAGs
[2026-07-13T12:03:40.373+0000] {logging_mixin.py:188} INFO - [2026-07-13T12:03:40.373+0000] {dag.py:3823} INFO - Setting next_dagrun for example_python_decorator to None, run_after=None
[2026-07-13T12:03:40.390+0000] {processor.py:183} INFO - Processing /home/airflow/.local/lib/python3.8/site-packages/airflow/example_dags/example_python_decorator.py took 0.061 seconds
[2026-07-13T12:04:10.540+0000] {processor.py:161} INFO - Started process (PID=5108) to work on /home/airflow/.local/lib/python3.8/site-packages/airflow/example_dags/example_python_decorator.py
[2026-07-13T12:04:10.541+0000] {processor.py:830} INFO - Processing file /home/airflow/.local/lib/python3.8/site-packages/airflow/example_dags/example_python_decorator.py for tasks to queue
[2026-07-13T12:04:10.542+0000] {logging_mixin.py:188} INFO - [2026-07-13T12:04:10.542+0000] {dagbag.py:538} INFO - Filling up the DagBag from /home/airflow/.local/lib/python3.8/site-packages/airflow/example_dags/example_python_decorator.py
[2026-07-13T12:04:10.552+0000] {processor.py:840} INFO - DAG(s) 'example_python_decorator' retrieved from /home/airflow/.local/lib/python3.8/site-packages/airflow/example_dags/example_python_decorator.py
[2026-07-13T12:04:10.568+0000] {logging_mixin.py:188} INFO - [2026-07-13T12:04:10.568+0000] {dag.py:3036} INFO - Sync 1 DAGs
[2026-07-13T12:04:10.578+0000] {logging_mixin.py:188} INFO - [2026-07-13T12:04:10.578+0000] {dag.py:3823} INFO - Setting next_dagrun for example_python_decorator to None, run_after=None
[2026-07-13T12:04:10.593+0000] {processor.py:183} INFO - Processing /home/airflow/.local/lib/python3.8/site-packages/airflow/example_dags/example_python_decorator.py took 0.056 seconds
[2026-07-13T12:04:40.719+0000] {processor.py:161} INFO - Started process (PID=5164) to work on /home/airflow/.local/lib/python3.8/site-packages/airflow/example_dags/example_python_decorator.py
[2026-07-13T12:04:40.720+0000] {processor.py:830} INFO - Processing file /home/airflow/.local/lib/python3.8/site-packages/airflow/example_dags/example_python_decorator.py for tasks to queue
[2026-07-13T12:04:40.722+0000] {logging_mixin.py:188} INFO - [2026-07-13T12:04:40.721+0000] {dagbag.py:538} INFO - Filling up the DagBag from /home/airflow/.local/lib/python3.8/site-packages/airflow/example_dags/example_python_decorator.py
[2026-07-13T12:04:40.732+0000] {processor.py:840} INFO - DAG(s) 'example_python_decorator' retrieved from /home/airflow/.local/lib/python3.8/site-packages/airflow/example_dags/example_python_decorator.py
[2026-07-13T12:04:40.750+0000] {logging_mixin.py:188} INFO - [2026-07-13T12:04:40.750+0000] {dag.py:3036} INFO - Sync 1 DAGs
[2026-07-13T12:04:40.759+0000] {logging_mixin.py:188} INFO - [2026-07-13T12:04:40.759+0000] {dag.py:3823} INFO - Setting next_dagrun for example_python_decorator to None, run_after=None
[2026-07-13T12:04:40.776+0000] {processor.py:183} INFO - Processing /home/airflow/.local/lib/python3.8/site-packages/airflow/example_dags/example_python_decorator.py took 0.060 seconds
[2026-07-13T12:05:10.939+0000] {processor.py:161} INFO - Started process (PID=5220) to work on /home/airflow/.local/lib/python3.8/site-packages/airflow/example_dags/example_python_decorator.py
[2026-07-13T12:05:10.940+0000] {processor.py:830} INFO - Processing file /home/airflow/.local/lib/python3.8/site-packages/airflow/example_dags/example_python_decorator.py for tasks to queue
[2026-07-13T12:05:10.942+0000] {logging_mixin.py:188} INFO - [2026-07-13T12:05:10.941+0000] {dagbag.py:538} INFO - Filling up the DagBag from /home/airflow/.local/lib/python3.8/site-packages/airflow/example_dags/example_python_decorator.py
[2026-07-13T12:05:10.952+0000] {processor.py:840} INFO - DAG(s) 'example_python_decorator' retrieved from /home/airflow/.local/lib/python3.8/site-packages/airflow/example_dags/example_python_decorator.py
[2026-07-13T12:05:10.969+0000] {logging_mixin.py:188} INFO - [2026-07-13T12:05:10.969+0000] {dag.py:3036} INFO - Sync 1 DAGs
[2026-07-13T12:05:10.977+0000] {logging_mixin.py:188} INFO - [2026-07-13T12:05:10.977+0000] {dag.py:3823} INFO - Setting next_dagrun for example_python_decorator to None, run_after=None
[2026-07-13T12:05:10.992+0000] {processor.py:183} INFO - Processing /home/airflow/.local/lib/python3.8/site-packages/airflow/example_dags/example_python_decorator.py took 0.056 seconds
[2026-07-13T12:05:41.065+0000] {processor.py:161} INFO - Started process (PID=5276) to work on /home/airflow/.local/lib/python3.8/site-packages/airflow/example_dags/example_python_decorator.py
[2026-07-13T12:05:41.066+0000] {processor.py:830} INFO - Processing file /home/airflow/.local/lib/python3.8/site-packages/airflow/example_dags/example_python_decorator.py for tasks to queue
[2026-07-13T12:05:41.068+0000] {logging_mixin.py:188} INFO - [2026-07-13T12:05:41.068+0000] {dagbag.py:538} INFO - Filling up the DagBag from /home/airflow/.local/lib/python3.8/site-packages/airflow/example_dags/example_python_decorator.py
[2026-07-13T12:05:41.079+0000] {processor.py:840} INFO - DAG(s) 'example_python_decorator' retrieved from /home/airflow/.local/lib/python3.8/site-packages/airflow/example_dags/example_python_decorator.py
[2026-07-13T12:05:41.097+0000] {logging_mixin.py:188} INFO - [2026-07-13T12:05:41.097+0000] {dag.py:3036} INFO - Sync 1 DAGs
[2026-07-13T12:05:41.106+0000] {logging_mixin.py:188} INFO - [2026-07-13T12:05:41.106+0000] {dag.py:3823} INFO - Setting next_dagrun for example_python_decorator to None, run_after=None
[2026-07-13T12:05:41.122+0000] {processor.py:183} INFO - Processing /home/airflow/.local/lib/python3.8/site-packages/airflow/example_dags/example_python_decorator.py took 0.059 seconds
[2026-07-13T12:06:11.217+0000] {processor.py:161} INFO - Started process (PID=5332) to work on /home/airflow/.local/lib/python3.8/site-packages/airflow/example_dags/example_python_decorator.py
[2026-07-13T12:06:11.219+0000] {processor.py:830} INFO - Processing file /home/airflow/.local/lib/python3.8/site-packages/airflow/example_dags/example_python_decorator.py for tasks to queue
[2026-07-13T12:06:11.220+0000] {logging_mixin.py:188} INFO - [2026-07-13T12:06:11.220+0000] {dagbag.py:538} INFO - Filling up the DagBag from /home/airflow/.local/lib/python3.8/site-packages/airflow/example_dags/example_python_decorator.py
[2026-07-13T12:06:11.230+0000] {processor.py:840} INFO - DAG(s) 'example_python_decorator' retrieved from /home/airflow/.local/lib/python3.8/site-packages/airflow/example_dags/example_python_decorator.py
[2026-07-13T12:06:11.246+0000] {logging_mixin.py:188} INFO - [2026-07-13T12:06:11.246+0000] {dag.py:3036} INFO - Sync 1 DAGs
[2026-07-13T12:06:11.255+0000] {logging_mixin.py:188} INFO - [2026-07-13T12:06:11.255+0000] {dag.py:3823} INFO - Setting next_dagrun for example_python_decorator to None, run_after=None
[2026-07-13T12:06:11.271+0000] {processor.py:183} INFO - Processing /home/airflow/.local/lib/python3.8/site-packages/airflow/example_dags/example_python_decorator.py took 0.056 seconds
[2026-07-13T12:06:41.378+0000] {processor.py:161} INFO - Started process (PID=5388) to work on /home/airflow/.local/lib/python3.8/site-packages/airflow/example_dags/example_python_decorator.py
[2026-07-13T12:06:41.379+0000] {processor.py:830} INFO - Processing file /home/airflow/.local/lib/python3.8/site-packages/airflow/example_dags/example_python_decorator.py for tasks to queue
[2026-07-13T12:06:41.381+0000] {logging_mixin.py:188} INFO - [2026-07-13T12:06:41.381+0000] {dagbag.py:538} INFO - Filling up the DagBag from /home/airflow/.local/lib/python3.8/site-packages/airflow/example_dags/example_python_decorator.py
[2026-07-13T12:06:41.392+0000] {processor.py:840} INFO - DAG(s) 'example_python_decorator' retrieved from /home/airflow/.local/lib/python3.8/site-packages/airflow/example_dags/example_python_decorator.py
[2026-07-13T12:06:41.409+0000] {logging_mixin.py:188} INFO - [2026-07-13T12:06:41.409+0000] {dag.py:3036} INFO - Sync 1 DAGs
[2026-07-13T12:06:41.418+0000] {logging_mixin.py:188} INFO - [2026-07-13T12:06:41.418+0000] {dag.py:3823} INFO - Setting next_dagrun for example_python_decorator to None, run_after=None
[2026-07-13T12:06:41.433+0000] {processor.py:183} INFO - Processing /home/airflow/.local/lib/python3.8/site-packages/airflow/example_dags/example_python_decorator.py took 0.057 seconds
[2026-07-13T12:07:11.491+0000] {processor.py:161} INFO - Started process (PID=5444) to work on /home/airflow/.local/lib/python3.8/site-packages/airflow/example_dags/example_python_decorator.py
[2026-07-13T12:07:11.492+0000] {processor.py:830} INFO - Processing file /home/airflow/.local/lib/python3.8/site-packages/airflow/example_dags/example_python_decorator.py for tasks to queue
[2026-07-13T12:07:11.493+0000] {logging_mixin.py:188} INFO - [2026-07-13T12:07:11.493+0000] {dagbag.py:538} INFO - Filling up the DagBag from /home/airflow/.local/lib/python3.8/site-packages/airflow/example_dags/example_python_decorator.py
[2026-07-13T12:07:11.516+0000] {processor.py:840} INFO - DAG(s) 'example_python_decorator' retrieved from /home/airflow/.local/lib/python3.8/site-packages/airflow/example_dags/example_python_decorator.py
[2026-07-13T12:07:11.533+0000] {logging_mixin.py:188} INFO - [2026-07-13T12:07:11.533+0000] {dag.py:3036} INFO - Sync 1 DAGs
[2026-07-13T12:07:11.545+0000] {logging_mixin.py:188} INFO - [2026-07-13T12:07:11.545+0000] {dag.py:3823} INFO - Setting next_dagrun for example_python_decorator to None, run_after=None
[2026-07-13T12:07:11.565+0000] {processor.py:183} INFO - Processing /home/airflow/.local/lib/python3.8/site-packages/airflow/example_dags/example_python_decorator.py took 0.077 seconds
[2026-07-13T12:07:41.641+0000] {processor.py:161} INFO - Started process (PID=5501) to work on /home/airflow/.local/lib/python3.8/site-packages/airflow/example_dags/example_python_decorator.py
[2026-07-13T12:07:41.642+0000] {processor.py:830} INFO - Processing file /home/airflow/.local/lib/python3.8/site-packages/airflow/example_dags/example_python_decorator.py for tasks to queue
[2026-07-13T12:07:41.644+0000] {logging_mixin.py:188} INFO - [2026-07-13T12:07:41.643+0000] {dagbag.py:538} INFO - Filling up the DagBag from /home/airflow/.local/lib/python3.8/site-packages/airflow/example_dags/example_python_decorator.py
[2026-07-13T12:07:41.653+0000] {processor.py:840} INFO - DAG(s) 'example_python_decorator' retrieved from /home/airflow/.local/lib/python3.8/site-packages/airflow/example_dags/example_python_decorator.py
[2026-07-13T12:07:41.670+0000] {logging_mixin.py:188} INFO - [2026-07-13T12:07:41.670+0000] {dag.py:3036} INFO - Sync 1 DAGs
[2026-07-13T12:07:41.679+0000] {logging_mixin.py:188} INFO - [2026-07-13T12:07:41.679+0000] {dag.py:3823} INFO - Setting next_dagrun for example_python_decorator to None, run_after=None
[2026-07-13T12:07:41.693+0000] {processor.py:183} INFO - Processing /home/airflow/.local/lib/python3.8/site-packages/airflow/example_dags/example_python_decorator.py took 0.055 seconds
[2026-07-13T12:08:12.000+0000] {processor.py:161} INFO - Started process (PID=5556) to work on /home/airflow/.local/lib/python3.8/site-packages/airflow/example_dags/example_python_decorator.py
[2026-07-13T12:08:12.001+0000] {processor.py:830} INFO - Processing file /home/airflow/.local/lib/python3.8/site-packages/airflow/example_dags/example_python_decorator.py for tasks to queue
[2026-07-13T12:08:12.002+0000] {logging_mixin.py:188} INFO - [2026-07-13T12:08:12.002+0000] {dagbag.py:538} INFO - Filling up the DagBag from /home/airflow/.local/lib/python3.8/site-packages/airflow/example_dags/example_python_decorator.py
[2026-07-13T12:08:12.013+0000] {processor.py:840} INFO - DAG(s) 'example_python_decorator' retrieved from /home/airflow/.local/lib/python3.8/site-packages/airflow/example_dags/example_python_decorator.py
[2026-07-13T12:08:12.031+0000] {logging_mixin.py:188} INFO - [2026-07-13T12:08:12.030+0000] {dag.py:3036} INFO - Sync 1 DAGs
[2026-07-13T12:08:12.040+0000] {logging_mixin.py:188} INFO - [2026-07-13T12:08:12.040+0000] {dag.py:3823} INFO - Setting next_dagrun for example_python_decorator to None, run_after=None
[2026-07-13T12:08:12.055+0000] {processor.py:183} INFO - Processing /home/airflow/.local/lib/python3.8/site-packages/airflow/example_dags/example_python_decorator.py took 0.058 seconds
[2026-07-13T12:08:42.170+0000] {processor.py:161} INFO - Started process (PID=5612) to work on /home/airflow/.local/lib/python3.8/site-packages/airflow/example_dags/example_python_decorator.py
[2026-07-13T12:08:42.171+0000] {processor.py:830} INFO - Processing file /home/airflow/.local/lib/python3.8/site-packages/airflow/example_dags/example_python_decorator.py for tasks to queue
[2026-07-13T12:08:42.173+0000] {logging_mixin.py:188} INFO - [2026-07-13T12:08:42.173+0000] {dagbag.py:538} INFO - Filling up the DagBag from /home/airflow/.local/lib/python3.8/site-packages/airflow/example_dags/example_python_decorator.py
[2026-07-13T12:08:42.184+0000] {processor.py:840} INFO - DAG(s) 'example_python_decorator' retrieved from /home/airflow/.local/lib/python3.8/site-packages/airflow/example_dags/example_python_decorator.py
[2026-07-13T12:08:42.205+0000] {logging_mixin.py:188} INFO - [2026-07-13T12:08:42.204+0000] {dag.py:3036} INFO - Sync 1 DAGs
[2026-07-13T12:08:42.214+0000] {logging_mixin.py:188} INFO - [2026-07-13T12:08:42.214+0000] {dag.py:3823} INFO - Setting next_dagrun for example_python_decorator to None, run_after=None
[2026-07-13T12:08:42.227+0000] {processor.py:183} INFO - Processing /home/airflow/.local/lib/python3.8/site-packages/airflow/example_dags/example_python_decorator.py took 0.062 seconds
[2026-07-13T12:09:12.838+0000] {processor.py:161} INFO - Started process (PID=5668) to work on /home/airflow/.local/lib/python3.8/site-packages/airflow/example_dags/example_python_decorator.py
[2026-07-13T12:09:12.839+0000] {processor.py:830} INFO - Processing file /home/airflow/.local/lib/python3.8/site-packages/airflow/example_dags/example_python_decorator.py for tasks to queue
[2026-07-13T12:09:12.841+0000] {logging_mixin.py:188} INFO - [2026-07-13T12:09:12.841+0000] {dagbag.py:538} INFO - Filling up the DagBag from /home/airflow/.local/lib/python3.8/site-packages/airflow/example_dags/example_python_decorator.py
[2026-07-13T12:09:12.851+0000] {processor.py:840} INFO - DAG(s) 'example_python_decorator' retrieved from /home/airflow/.local/lib/python3.8/site-packages/airflow/example_dags/example_python_decorator.py
[2026-07-13T12:09:12.868+0000] {logging_mixin.py:188} INFO - [2026-07-13T12:09:12.868+0000] {dag.py:3036} INFO - Sync 1 DAGs
[2026-07-13T12:09:12.876+0000] {logging_mixin.py:188} INFO - [2026-07-13T12:09:12.876+0000] {dag.py:3823} INFO - Setting next_dagrun for example_python_decorator to None, run_after=None
[2026-07-13T12:09:12.891+0000] {processor.py:183} INFO - Processing /home/airflow/.local/lib/python3.8/site-packages/airflow/example_dags/example_python_decorator.py took 0.056 seconds
[2026-07-13T12:09:43.144+0000] {processor.py:161} INFO - Started process (PID=5724) to work on /home/airflow/.local/lib/python3.8/site-packages/airflow/example_dags/example_python_decorator.py
[2026-07-13T12:09:43.145+0000] {processor.py:830} INFO - Processing file /home/airflow/.local/lib/python3.8/site-packages/airflow/example_dags/example_python_decorator.py for tasks to queue
[2026-07-13T12:09:43.147+0000] {logging_mixin.py:188} INFO - [2026-07-13T12:09:43.147+0000] {dagbag.py:538} INFO - Filling up the DagBag from /home/airflow/.local/lib/python3.8/site-packages/airflow/example_dags/example_python_decorator.py
[2026-07-13T12:09:43.157+0000] {processor.py:840} INFO - DAG(s) 'example_python_decorator' retrieved from /home/airflow/.local/lib/python3.8/site-packages/airflow/example_dags/example_python_decorator.py
[2026-07-13T12:09:43.175+0000] {logging_mixin.py:188} INFO - [2026-07-13T12:09:43.175+0000] {dag.py:3036} INFO - Sync 1 DAGs
[2026-07-13T12:09:43.183+0000] {logging_mixin.py:188} INFO - [2026-07-13T12:09:43.183+0000] {dag.py:3823} INFO - Setting next_dagrun for example_python_decorator to None, run_after=None
[2026-07-13T12:09:43.198+0000] {processor.py:183} INFO - Processing /home/airflow/.local/lib/python3.8/site-packages/airflow/example_dags/example_python_decorator.py took 0.057 seconds
[2026-07-13T12:10:13.348+0000] {processor.py:161} INFO - Started process (PID=5780) to work on /home/airflow/.local/lib/python3.8/site-packages/airflow/example_dags/example_python_decorator.py
[2026-07-13T12:10:13.349+0000] {processor.py:830} INFO - Processing file /home/airflow/.local/lib/python3.8/site-packages/airflow/example_dags/example_python_decorator.py for tasks to queue
[2026-07-13T12:10:13.351+0000] {logging_mixin.py:188} INFO - [2026-07-13T12:10:13.351+0000] {dagbag.py:538} INFO - Filling up the DagBag from /home/airflow/.local/lib/python3.8/site-packages/airflow/example_dags/example_python_decorator.py
[2026-07-13T12:10:13.361+0000] {processor.py:840} INFO - DAG(s) 'example_python_decorator' retrieved from /home/airflow/.local/lib/python3.8/site-packages/airflow/example_dags/example_python_decorator.py
[2026-07-13T12:10:13.378+0000] {logging_mixin.py:188} INFO - [2026-07-13T12:10:13.378+0000] {dag.py:3036} INFO - Sync 1 DAGs
[2026-07-13T12:10:13.387+0000] {logging_mixin.py:188} INFO - [2026-07-13T12:10:13.387+0000] {dag.py:3823} INFO - Setting next_dagrun for example_python_decorator to None, run_after=None
[2026-07-13T12:10:13.404+0000] {processor.py:183} INFO - Processing /home/airflow/.local/lib/python3.8/site-packages/airflow/example_dags/example_python_decorator.py took 0.058 seconds
[2026-07-13T12:10:43.499+0000] {processor.py:161} INFO - Started process (PID=5836) to work on /home/airflow/.local/lib/python3.8/site-packages/airflow/example_dags/example_python_decorator.py
[2026-07-13T12:10:43.499+0000] {processor.py:830} INFO - Processing file /home/airflow/.local/lib/python3.8/site-packages/airflow/example_dags/example_python_decorator.py for tasks to queue
[2026-07-13T12:10:43.501+0000] {logging_mixin.py:188} INFO - [2026-07-13T12:10:43.501+0000] {dagbag.py:538} INFO - Filling up the DagBag from /home/airflow/.local/lib/python3.8/site-packages/airflow/example_dags/example_python_decorator.py
[2026-07-13T12:10:43.512+0000] {processor.py:840} INFO - DAG(s) 'example_python_decorator' retrieved from /home/airflow/.local/lib/python3.8/site-packages/airflow/example_dags/example_python_decorator.py
[2026-07-13T12:10:43.530+0000] {logging_mixin.py:188} INFO - [2026-07-13T12:10:43.530+0000] {dag.py:3036} INFO - Sync 1 DAGs
[2026-07-13T12:10:43.539+0000] {logging_mixin.py:188} INFO - [2026-07-13T12:10:43.539+0000] {dag.py:3823} INFO - Setting next_dagrun for example_python_decorator to None, run_after=None
[2026-07-13T12:10:43.555+0000] {processor.py:183} INFO - Processing /home/airflow/.local/lib/python3.8/site-packages/airflow/example_dags/example_python_decorator.py took 0.059 seconds
[2026-07-13T12:11:13.683+0000] {processor.py:161} INFO - Started process (PID=5892) to work on /home/airflow/.local/lib/python3.8/site-packages/airflow/example_dags/example_python_decorator.py
[2026-07-13T12:11:13.684+0000] {processor.py:830} INFO - Processing file /home/airflow/.local/lib/python3.8/site-packages/airflow/example_dags/example_python_decorator.py for tasks to queue
[2026-07-13T12:11:13.685+0000] {logging_mixin.py:188} INFO - [2026-07-13T12:11:13.685+0000] {dagbag.py:538} INFO - Filling up the DagBag from /home/airflow/.local/lib/python3.8/site-packages/airflow/example_dags/example_python_decorator.py
[2026-07-13T12:11:13.695+0000] {processor.py:840} INFO - DAG(s) 'example_python_decorator' retrieved from /home/airflow/.local/lib/python3.8/site-packages/airflow/example_dags/example_python_decorator.py
[2026-07-13T12:11:13.712+0000] {logging_mixin.py:188} INFO - [2026-07-13T12:11:13.712+0000] {dag.py:3036} INFO - Sync 1 DAGs
[2026-07-13T12:11:13.721+0000] {logging_mixin.py:188} INFO - [2026-07-13T12:11:13.721+0000] {dag.py:3823} INFO - Setting next_dagrun for example_python_decorator to None, run_after=None
[2026-07-13T12:11:13.735+0000] {processor.py:183} INFO - Processing /home/airflow/.local/lib/python3.8/site-packages/airflow/example_dags/example_python_decorator.py took 0.055 seconds
[2026-07-13T12:11:43.888+0000] {processor.py:161} INFO - Started process (PID=5948) to work on /home/airflow/.local/lib/python3.8/site-packages/airflow/example_dags/example_python_decorator.py
[2026-07-13T12:11:43.890+0000] {processor.py:830} INFO - Processing file /home/airflow/.local/lib/python3.8/site-packages/airflow/example_dags/example_python_decorator.py for tasks to queue
[2026-07-13T12:11:43.891+0000] {logging_mixin.py:188} INFO - [2026-07-13T12:11:43.891+0000] {dagbag.py:538} INFO - Filling up the DagBag from /home/airflow/.local/lib/python3.8/site-packages/airflow/example_dags/example_python_decorator.py
[2026-07-13T12:11:43.901+0000] {processor.py:840} INFO - DAG(s) 'example_python_decorator' retrieved from /home/airflow/.local/lib/python3.8/site-packages/airflow/example_dags/example_python_decorator.py
[2026-07-13T12:11:43.920+0000] {logging_mixin.py:188} INFO - [2026-07-13T12:11:43.920+0000] {dag.py:3036} INFO - Sync 1 DAGs
[2026-07-13T12:11:43.930+0000] {logging_mixin.py:188} INFO - [2026-07-13T12:11:43.929+0000] {dag.py:3823} INFO - Setting next_dagrun for example_python_decorator to None, run_after=None
[2026-07-13T12:11:43.945+0000] {processor.py:183} INFO - Processing /home/airflow/.local/lib/python3.8/site-packages/airflow/example_dags/example_python_decorator.py took 0.059 seconds
[2026-07-13T12:12:14.069+0000] {processor.py:161} INFO - Started process (PID=6004) to work on /home/airflow/.local/lib/python3.8/site-packages/airflow/example_dags/example_python_decorator.py
[2026-07-13T12:12:14.070+0000] {processor.py:830} INFO - Processing file /home/airflow/.local/lib/python3.8/site-packages/airflow/example_dags/example_python_decorator.py for tasks to queue
[2026-07-13T12:12:14.071+0000] {logging_mixin.py:188} INFO - [2026-07-13T12:12:14.071+0000] {dagbag.py:538} INFO - Filling up the DagBag from /home/airflow/.local/lib/python3.8/site-packages/airflow/example_dags/example_python_decorator.py
[2026-07-13T12:12:14.080+0000] {processor.py:840} INFO - DAG(s) 'example_python_decorator' retrieved from /home/airflow/.local/lib/python3.8/site-packages/airflow/example_dags/example_python_decorator.py
[2026-07-13T12:12:14.097+0000] {logging_mixin.py:188} INFO - [2026-07-13T12:12:14.097+0000] {dag.py:3036} INFO - Sync 1 DAGs
[2026-07-13T12:12:14.106+0000] {logging_mixin.py:188} INFO - [2026-07-13T12:12:14.106+0000] {dag.py:3823} INFO - Setting next_dagrun for example_python_decorator to None, run_after=None
[2026-07-13T12:12:14.122+0000] {processor.py:183} INFO - Processing /home/airflow/.local/lib/python3.8/site-packages/airflow/example_dags/example_python_decorator.py took 0.056 seconds
[2026-07-13T12:12:44.264+0000] {processor.py:161} INFO - Started process (PID=6060) to work on /home/airflow/.local/lib/python3.8/site-packages/airflow/example_dags/example_python_decorator.py
[2026-07-13T12:12:44.265+0000] {processor.py:830} INFO - Processing file /home/airflow/.local/lib/python3.8/site-packages/airflow/example_dags/example_python_decorator.py for tasks to queue
[2026-07-13T12:12:44.266+0000] {logging_mixin.py:188} INFO - [2026-07-13T12:12:44.266+0000] {dagbag.py:538} INFO - Filling up the DagBag from /home/airflow/.local/lib/python3.8/site-packages/airflow/example_dags/example_python_decorator.py
[2026-07-13T12:12:44.277+0000] {processor.py:840} INFO - DAG(s) 'example_python_decorator' retrieved from /home/airflow/.local/lib/python3.8/site-packages/airflow/example_dags/example_python_decorator.py
[2026-07-13T12:12:44.293+0000] {logging_mixin.py:188} INFO - [2026-07-13T12:12:44.293+0000] {dag.py:3036} INFO - Sync 1 DAGs
[2026-07-13T12:12:44.302+0000] {logging_mixin.py:188} INFO - [2026-07-13T12:12:44.302+0000] {dag.py:3823} INFO - Setting next_dagrun for example_python_decorator to None, run_after=None
[2026-07-13T12:12:44.317+0000] {processor.py:183} INFO - Processing /home/airflow/.local/lib/python3.8/site-packages/airflow/example_dags/example_python_decorator.py took 0.056 seconds
[2026-07-13T12:13:14.402+0000] {processor.py:161} INFO - Started process (PID=6116) to work on /home/airflow/.local/lib/python3.8/site-packages/airflow/example_dags/example_python_decorator.py
[2026-07-13T12:13:14.403+0000] {processor.py:830} INFO - Processing file /home/airflow/.local/lib/python3.8/site-packages/airflow/example_dags/example_python_decorator.py for tasks to queue
[2026-07-13T12:13:14.405+0000] {logging_mixin.py:188} INFO - [2026-07-13T12:13:14.404+0000] {dagbag.py:538} INFO - Filling up the DagBag from /home/airflow/.local/lib/python3.8/site-packages/airflow/example_dags/example_python_decorator.py
[2026-07-13T12:13:14.415+0000] {processor.py:840} INFO - DAG(s) 'example_python_decorator' retrieved from /home/airflow/.local/lib/python3.8/site-packages/airflow/example_dags/example_python_decorator.py
[2026-07-13T12:13:14.432+0000] {logging_mixin.py:188} INFO - [2026-07-13T12:13:14.432+0000] {dag.py:3036} INFO - Sync 1 DAGs
[2026-07-13T12:13:14.441+0000] {logging_mixin.py:188} INFO - [2026-07-13T12:13:14.441+0000] {dag.py:3823} INFO - Setting next_dagrun for example_python_decorator to None, run_after=None
[2026-07-13T12:13:14.456+0000] {processor.py:183} INFO - Processing /home/airflow/.local/lib/python3.8/site-packages/airflow/example_dags/example_python_decorator.py took 0.056 seconds
[2026-07-13T12:13:44.475+0000] {processor.py:161} INFO - Started process (PID=6171) to work on /home/airflow/.local/lib/python3.8/site-packages/airflow/example_dags/example_python_decorator.py
[2026-07-13T12:13:44.476+0000] {processor.py:830} INFO - Processing file /home/airflow/.local/lib/python3.8/site-packages/airflow/example_dags/example_python_decorator.py for tasks to queue
[2026-07-13T12:13:44.477+0000] {logging_mixin.py:188} INFO - [2026-07-13T12:13:44.477+0000] {dagbag.py:538} INFO - Filling up the DagBag from /home/airflow/.local/lib/python3.8/site-packages/airflow/example_dags/example_python_decorator.py
[2026-07-13T12:13:44.488+0000] {processor.py:840} INFO - DAG(s) 'example_python_decorator' retrieved from /home/airflow/.local/lib/python3.8/site-packages/airflow/example_dags/example_python_decorator.py
[2026-07-13T12:13:44.506+0000] {logging_mixin.py:188} INFO - [2026-07-13T12:13:44.506+0000] {dag.py:3036} INFO - Sync 1 DAGs
[2026-07-13T12:13:44.515+0000] {logging_mixin.py:188} INFO - [2026-07-13T12:13:44.514+0000] {dag.py:3823} INFO - Setting next_dagrun for example_python_decorator to None, run_after=None
[2026-07-13T12:13:44.529+0000] {processor.py:183} INFO - Processing /home/airflow/.local/lib/python3.8/site-packages/airflow/example_dags/example_python_decorator.py took 0.057 seconds
[2026-07-13T12:14:14.865+0000] {processor.py:161} INFO - Started process (PID=6226) to work on /home/airflow/.local/lib/python3.8/site-packages/airflow/example_dags/example_python_decorator.py
[2026-07-13T12:14:14.866+0000] {processor.py:830} INFO - Processing file /home/airflow/.local/lib/python3.8/site-packages/airflow/example_dags/example_python_decorator.py for tasks to queue
[2026-07-13T12:14:14.868+0000] {logging_mixin.py:188} INFO - [2026-07-13T12:14:14.867+0000] {dagbag.py:538} INFO - Filling up the DagBag from /home/airflow/.local/lib/python3.8/site-packages/airflow/example_dags/example_python_decorator.py
[2026-07-13T12:14:14.878+0000] {processor.py:840} INFO - DAG(s) 'example_python_decorator' retrieved from /home/airflow/.local/lib/python3.8/site-packages/airflow/example_dags/example_python_decorator.py
[2026-07-13T12:14:14.896+0000] {logging_mixin.py:188} INFO - [2026-07-13T12:14:14.895+0000] {dag.py:3036} INFO - Sync 1 DAGs
[2026-07-13T12:14:14.906+0000] {logging_mixin.py:188} INFO - [2026-07-13T12:14:14.906+0000] {dag.py:3823} INFO - Setting next_dagrun for example_python_decorator to None, run_after=None
[2026-07-13T12:14:14.923+0000] {processor.py:183} INFO - Processing /home/airflow/.local/lib/python3.8/site-packages/airflow/example_dags/example_python_decorator.py took 0.063 seconds
[2026-07-13T12:14:45.068+0000] {processor.py:161} INFO - Started process (PID=6282) to work on /home/airflow/.local/lib/python3.8/site-packages/airflow/example_dags/example_python_decorator.py
[2026-07-13T12:14:45.069+0000] {processor.py:830} INFO - Processing file /home/airflow/.local/lib/python3.8/site-packages/airflow/example_dags/example_python_decorator.py for tasks to queue
[2026-07-13T12:14:45.072+0000] {logging_mixin.py:188} INFO - [2026-07-13T12:14:45.071+0000] {dagbag.py:538} INFO - Filling up the DagBag from /home/airflow/.local/lib/python3.8/site-packages/airflow/example_dags/example_python_decorator.py
[2026-07-13T12:14:45.083+0000] {processor.py:840} INFO - DAG(s) 'example_python_decorator' retrieved from /home/airflow/.local/lib/python3.8/site-packages/airflow/example_dags/example_python_decorator.py
[2026-07-13T12:14:45.103+0000] {logging_mixin.py:188} INFO - [2026-07-13T12:14:45.103+0000] {dag.py:3036} INFO - Sync 1 DAGs
[2026-07-13T12:14:45.114+0000] {logging_mixin.py:188} INFO - [2026-07-13T12:14:45.114+0000] {dag.py:3823} INFO - Setting next_dagrun for example_python_decorator to None, run_after=None
[2026-07-13T12:14:45.140+0000] {processor.py:183} INFO - Processing /home/airflow/.local/lib/python3.8/site-packages/airflow/example_dags/example_python_decorator.py took 0.074 seconds
[2026-07-13T12:15:15.399+0000] {processor.py:161} INFO - Started process (PID=6338) to work on /home/airflow/.local/lib/python3.8/site-packages/airflow/example_dags/example_python_decorator.py
[2026-07-13T12:15:15.400+0000] {processor.py:830} INFO - Processing file /home/airflow/.local/lib/python3.8/site-packages/airflow/example_dags/example_python_decorator.py for tasks to queue
[2026-07-13T12:15:15.402+0000] {logging_mixin.py:188} INFO - [2026-07-13T12:15:15.401+0000] {dagbag.py:538} INFO - Filling up the DagBag from /home/airflow/.local/lib/python3.8/site-packages/airflow/example_dags/example_python_decorator.py
[2026-07-13T12:15:15.413+0000] {processor.py:840} INFO - DAG(s) 'example_python_decorator' retrieved from /home/airflow/.local/lib/python3.8/site-packages/airflow/example_dags/example_python_decorator.py
[2026-07-13T12:15:15.436+0000] {logging_mixin.py:188} INFO - [2026-07-13T12:15:15.435+0000] {dag.py:3036} INFO - Sync 1 DAGs
[2026-07-13T12:15:15.449+0000] {logging_mixin.py:188} INFO - [2026-07-13T12:15:15.449+0000] {dag.py:3823} INFO - Setting next_dagrun for example_python_decorator to None, run_after=None
[2026-07-13T12:15:15.470+0000] {processor.py:183} INFO - Processing /home/airflow/.local/lib/python3.8/site-packages/airflow/example_dags/example_python_decorator.py took 0.075 seconds
[2026-07-13T12:15:45.624+0000] {processor.py:161} INFO - Started process (PID=6394) to work on /home/airflow/.local/lib/python3.8/site-packages/airflow/example_dags/example_python_decorator.py
[2026-07-13T12:15:45.625+0000] {processor.py:830} INFO - Processing file /home/airflow/.local/lib/python3.8/site-packages/airflow/example_dags/example_python_decorator.py for tasks to queue
[2026-07-13T12:15:45.627+0000] {logging_mixin.py:188} INFO - [2026-07-13T12:15:45.626+0000] {dagbag.py:538} INFO - Filling up the DagBag from /home/airflow/.local/lib/python3.8/site-packages/airflow/example_dags/example_python_decorator.py
[2026-07-13T12:15:45.637+0000] {processor.py:840} INFO - DAG(s) 'example_python_decorator' retrieved from /home/airflow/.local/lib/python3.8/site-packages/airflow/example_dags/example_python_decorator.py
[2026-07-13T12:15:45.653+0000] {logging_mixin.py:188} INFO - [2026-07-13T12:15:45.653+0000] {dag.py:3036} INFO - Sync 1 DAGs
[2026-07-13T12:15:45.662+0000] {logging_mixin.py:188} INFO - [2026-07-13T12:15:45.662+0000] {dag.py:3823} INFO - Setting next_dagrun for example_python_decorator to None, run_after=None
[2026-07-13T12:15:45.677+0000] {processor.py:183} INFO - Processing /home/airflow/.local/lib/python3.8/site-packages/airflow/example_dags/example_python_decorator.py took 0.056 seconds
[2026-07-13T12:16:15.743+0000] {processor.py:161} INFO - Started process (PID=6450) to work on /home/airflow/.local/lib/python3.8/site-packages/airflow/example_dags/example_python_decorator.py
[2026-07-13T12:16:15.744+0000] {processor.py:830} INFO - Processing file /home/airflow/.local/lib/python3.8/site-packages/airflow/example_dags/example_python_decorator.py for tasks to queue
[2026-07-13T12:16:15.746+0000] {logging_mixin.py:188} INFO - [2026-07-13T12:16:15.745+0000] {dagbag.py:538} INFO - Filling up the DagBag from /home/airflow/.local/lib/python3.8/site-packages/airflow/example_dags/example_python_decorator.py
[2026-07-13T12:16:15.756+0000] {processor.py:840} INFO - DAG(s) 'example_python_decorator' retrieved from /home/airflow/.local/lib/python3.8/site-packages/airflow/example_dags/example_python_decorator.py
[2026-07-13T12:16:15.774+0000] {logging_mixin.py:188} INFO - [2026-07-13T12:16:15.774+0000] {dag.py:3036} INFO - Sync 1 DAGs
[2026-07-13T12:16:15.782+0000] {logging_mixin.py:188} INFO - [2026-07-13T12:16:15.782+0000] {dag.py:3823} INFO - Setting next_dagrun for example_python_decorator to None, run_after=None
[2026-07-13T12:16:15.797+0000] {processor.py:183} INFO - Processing /home/airflow/.local/lib/python3.8/site-packages/airflow/example_dags/example_python_decorator.py took 0.057 seconds
[2026-07-13T12:16:45.956+0000] {processor.py:161} INFO - Started process (PID=6506) to work on /home/airflow/.local/lib/python3.8/site-packages/airflow/example_dags/example_python_decorator.py
[2026-07-13T12:16:45.957+0000] {processor.py:830} INFO - Processing file /home/airflow/.local/lib/python3.8/site-packages/airflow/example_dags/example_python_decorator.py for tasks to queue
[2026-07-13T12:16:45.958+0000] {logging_mixin.py:188} INFO - [2026-07-13T12:16:45.958+0000] {dagbag.py:538} INFO - Filling up the DagBag from /home/airflow/.local/lib/python3.8/site-packages/airflow/example_dags/example_python_decorator.py
[2026-07-13T12:16:45.968+0000] {processor.py:840} INFO - DAG(s) 'example_python_decorator' retrieved from /home/airflow/.local/lib/python3.8/site-packages/airflow/example_dags/example_python_decorator.py
[2026-07-13T12:16:45.985+0000] {logging_mixin.py:188} INFO - [2026-07-13T12:16:45.985+0000] {dag.py:3036} INFO - Sync 1 DAGs
[2026-07-13T12:16:45.994+0000] {logging_mixin.py:188} INFO - [2026-07-13T12:16:45.994+0000] {dag.py:3823} INFO - Setting next_dagrun for example_python_decorator to None, run_after=None
[2026-07-13T12:16:46.008+0000] {processor.py:183} INFO - Processing /home/airflow/.local/lib/python3.8/site-packages/airflow/example_dags/example_python_decorator.py took 0.055 seconds
[2026-07-13T12:17:16.149+0000] {processor.py:161} INFO - Started process (PID=6562) to work on /home/airflow/.local/lib/python3.8/site-packages/airflow/example_dags/example_python_decorator.py
[2026-07-13T12:17:16.150+0000] {processor.py:830} INFO - Processing file /home/airflow/.local/lib/python3.8/site-packages/airflow/example_dags/example_python_decorator.py for tasks to queue
[2026-07-13T12:17:16.151+0000] {logging_mixin.py:188} INFO - [2026-07-13T12:17:16.151+0000] {dagbag.py:538} INFO - Filling up the DagBag from /home/airflow/.local/lib/python3.8/site-packages/airflow/example_dags/example_python_decorator.py
[2026-07-13T12:17:16.162+0000] {processor.py:840} INFO - DAG(s) 'example_python_decorator' retrieved from /home/airflow/.local/lib/python3.8/site-packages/airflow/example_dags/example_python_decorator.py
[2026-07-13T12:17:16.181+0000] {logging_mixin.py:188} INFO - [2026-07-13T12:17:16.180+0000] {dag.py:3036} INFO - Sync 1 DAGs
[2026-07-13T12:17:16.190+0000] {logging_mixin.py:188} INFO - [2026-07-13T12:17:16.189+0000] {dag.py:3823} INFO - Setting next_dagrun for example_python_decorator to None, run_after=None
[2026-07-13T12:17:16.204+0000] {processor.py:183} INFO - Processing /home/airflow/.local/lib/python3.8/site-packages/airflow/example_dags/example_python_decorator.py took 0.058 seconds
[2026-07-13T12:17:46.314+0000] {processor.py:161} INFO - Started process (PID=6618) to work on /home/airflow/.local/lib/python3.8/site-packages/airflow/example_dags/example_python_decorator.py
[2026-07-13T12:17:46.315+0000] {processor.py:830} INFO - Processing file /home/airflow/.local/lib/python3.8/site-packages/airflow/example_dags/example_python_decorator.py for tasks to queue
[2026-07-13T12:17:46.317+0000] {logging_mixin.py:188} INFO - [2026-07-13T12:17:46.317+0000] {dagbag.py:538} INFO - Filling up the DagBag from /home/airflow/.local/lib/python3.8/site-packages/airflow/example_dags/example_python_decorator.py
[2026-07-13T12:17:46.328+0000] {processor.py:840} INFO - DAG(s) 'example_python_decorator' retrieved from /home/airflow/.local/lib/python3.8/site-packages/airflow/example_dags/example_python_decorator.py
[2026-07-13T12:17:46.344+0000] {logging_mixin.py:188} INFO - [2026-07-13T12:17:46.344+0000] {dag.py:3036} INFO - Sync 1 DAGs
[2026-07-13T12:17:46.353+0000] {logging_mixin.py:188} INFO - [2026-07-13T12:17:46.353+0000] {dag.py:3823} INFO - Setting next_dagrun for example_python_decorator to None, run_after=None
[2026-07-13T12:17:46.368+0000] {processor.py:183} INFO - Processing /home/airflow/.local/lib/python3.8/site-packages/airflow/example_dags/example_python_decorator.py took 0.056 seconds
[2026-07-13T12:18:16.506+0000] {processor.py:161} INFO - Started process (PID=6676) to work on /home/airflow/.local/lib/python3.8/site-packages/airflow/example_dags/example_python_decorator.py
[2026-07-13T12:18:16.507+0000] {processor.py:830} INFO - Processing file /home/airflow/.local/lib/python3.8/site-packages/airflow/example_dags/example_python_decorator.py for tasks to queue
[2026-07-13T12:18:16.508+0000] {logging_mixin.py:188} INFO - [2026-07-13T12:18:16.508+0000] {dagbag.py:538} INFO - Filling up the DagBag from /home/airflow/.local/lib/python3.8/site-packages/airflow/example_dags/example_python_decorator.py
[2026-07-13T12:18:16.518+0000] {processor.py:840} INFO - DAG(s) 'example_python_decorator' retrieved from /home/airflow/.local/lib/python3.8/site-packages/airflow/example_dags/example_python_decorator.py
[2026-07-13T12:18:16.535+0000] {logging_mixin.py:188} INFO - [2026-07-13T12:18:16.535+0000] {dag.py:3036} INFO - Sync 1 DAGs
[2026-07-13T12:18:16.544+0000] {logging_mixin.py:188} INFO - [2026-07-13T12:18:16.544+0000] {dag.py:3823} INFO - Setting next_dagrun for example_python_decorator to None, run_after=None
[2026-07-13T12:18:16.558+0000] {processor.py:183} INFO - Processing /home/airflow/.local/lib/python3.8/site-packages/airflow/example_dags/example_python_decorator.py took 0.055 seconds
[2026-07-13T12:18:46.694+0000] {processor.py:161} INFO - Started process (PID=6733) to work on /home/airflow/.local/lib/python3.8/site-packages/airflow/example_dags/example_python_decorator.py
[2026-07-13T12:18:46.695+0000] {processor.py:830} INFO - Processing file /home/airflow/.local/lib/python3.8/site-packages/airflow/example_dags/example_python_decorator.py for tasks to queue
[2026-07-13T12:18:46.697+0000] {logging_mixin.py:188} INFO - [2026-07-13T12:18:46.696+0000] {dagbag.py:538} INFO - Filling up the DagBag from /home/airflow/.local/lib/python3.8/site-packages/airflow/example_dags/example_python_decorator.py
[2026-07-13T12:18:46.708+0000] {processor.py:840} INFO - DAG(s) 'example_python_decorator' retrieved from /home/airflow/.local/lib/python3.8/site-packages/airflow/example_dags/example_python_decorator.py
[2026-07-13T12:18:46.726+0000] {logging_mixin.py:188} INFO - [2026-07-13T12:18:46.725+0000] {dag.py:3036} INFO - Sync 1 DAGs
[2026-07-13T12:18:46.734+0000] {logging_mixin.py:188} INFO - [2026-07-13T12:18:46.734+0000] {dag.py:3823} INFO - Setting next_dagrun for example_python_decorator to None, run_after=None
[2026-07-13T12:18:46.750+0000] {processor.py:183} INFO - Processing /home/airflow/.local/lib/python3.8/site-packages/airflow/example_dags/example_python_decorator.py took 0.059 seconds
[2026-07-13T12:19:16.850+0000] {processor.py:161} INFO - Started process (PID=6789) to work on /home/airflow/.local/lib/python3.8/site-packages/airflow/example_dags/example_python_decorator.py
[2026-07-13T12:19:16.851+0000] {processor.py:830} INFO - Processing file /home/airflow/.local/lib/python3.8/site-packages/airflow/example_dags/example_python_decorator.py for tasks to queue
[2026-07-13T12:19:16.853+0000] {logging_mixin.py:188} INFO - [2026-07-13T12:19:16.853+0000] {dagbag.py:538} INFO - Filling up the DagBag from /home/airflow/.local/lib/python3.8/site-packages/airflow/example_dags/example_python_decorator.py
[2026-07-13T12:19:16.863+0000] {processor.py:840} INFO - DAG(s) 'example_python_decorator' retrieved from /home/airflow/.local/lib/python3.8/site-packages/airflow/example_dags/example_python_decorator.py
[2026-07-13T12:19:16.880+0000] {logging_mixin.py:188} INFO - [2026-07-13T12:19:16.880+0000] {dag.py:3036} INFO - Sync 1 DAGs
[2026-07-13T12:19:16.889+0000] {logging_mixin.py:188} INFO - [2026-07-13T12:19:16.889+0000] {dag.py:3823} INFO - Setting next_dagrun for example_python_decorator to None, run_after=None
[2026-07-13T12:19:16.903+0000] {processor.py:183} INFO - Processing /home/airflow/.local/lib/python3.8/site-packages/airflow/example_dags/example_python_decorator.py took 0.056 seconds
[2026-07-13T12:19:47.091+0000] {processor.py:161} INFO - Started process (PID=6844) to work on /home/airflow/.local/lib/python3.8/site-packages/airflow/example_dags/example_python_decorator.py
[2026-07-13T12:19:47.091+0000] {processor.py:830} INFO - Processing file /home/airflow/.local/lib/python3.8/site-packages/airflow/example_dags/example_python_decorator.py for tasks to queue
[2026-07-13T12:19:47.093+0000] {logging_mixin.py:188} INFO - [2026-07-13T12:19:47.093+0000] {dagbag.py:538} INFO - Filling up the DagBag from /home/airflow/.local/lib/python3.8/site-packages/airflow/example_dags/example_python_decorator.py
[2026-07-13T12:19:47.102+0000] {processor.py:840} INFO - DAG(s) 'example_python_decorator' retrieved from /home/airflow/.local/lib/python3.8/site-packages/airflow/example_dags/example_python_decorator.py
[2026-07-13T12:19:47.120+0000] {logging_mixin.py:188} INFO - [2026-07-13T12:19:47.120+0000] {dag.py:3036} INFO - Sync 1 DAGs
[2026-07-13T12:19:47.129+0000] {logging_mixin.py:188} INFO - [2026-07-13T12:19:47.129+0000] {dag.py:3823} INFO - Setting next_dagrun for example_python_decorator to None, run_after=None
[2026-07-13T12:19:47.146+0000] {processor.py:183} INFO - Processing /home/airflow/.local/lib/python3.8/site-packages/airflow/example_dags/example_python_decorator.py took 0.058 seconds
[2026-07-13T12:20:17.390+0000] {processor.py:161} INFO - Started process (PID=6900) to work on /home/airflow/.local/lib/python3.8/site-packages/airflow/example_dags/example_python_decorator.py
[2026-07-13T12:20:17.391+0000] {processor.py:830} INFO - Processing file /home/airflow/.local/lib/python3.8/site-packages/airflow/example_dags/example_python_decorator.py for tasks to queue
[2026-07-13T12:20:17.392+0000] {logging_mixin.py:188} INFO - [2026-07-13T12:20:17.392+0000] {dagbag.py:538} INFO - Filling up the DagBag from /home/airflow/.local/lib/python3.8/site-packages/airflow/example_dags/example_python_decorator.py
[2026-07-13T12:20:17.402+0000] {processor.py:840} INFO - DAG(s) 'example_python_decorator' retrieved from /home/airflow/.local/lib/python3.8/site-packages/airflow/example_dags/example_python_decorator.py
[2026-07-13T12:20:17.420+0000] {logging_mixin.py:188} INFO - [2026-07-13T12:20:17.420+0000] {dag.py:3036} INFO - Sync 1 DAGs
[2026-07-13T12:20:17.429+0000] {logging_mixin.py:188} INFO - [2026-07-13T12:20:17.429+0000] {dag.py:3823} INFO - Setting next_dagrun for example_python_decorator to None, run_after=None
[2026-07-13T12:20:17.444+0000] {processor.py:183} INFO - Processing /home/airflow/.local/lib/python3.8/site-packages/airflow/example_dags/example_python_decorator.py took 0.057 seconds
[2026-07-13T12:20:47.551+0000] {processor.py:161} INFO - Started process (PID=6956) to work on /home/airflow/.local/lib/python3.8/site-packages/airflow/example_dags/example_python_decorator.py
[2026-07-13T12:20:47.552+0000] {processor.py:830} INFO - Processing file /home/airflow/.local/lib/python3.8/site-packages/airflow/example_dags/example_python_decorator.py for tasks to queue
[2026-07-13T12:20:47.554+0000] {logging_mixin.py:188} INFO - [2026-07-13T12:20:47.554+0000] {dagbag.py:538} INFO - Filling up the DagBag from /home/airflow/.local/lib/python3.8/site-packages/airflow/example_dags/example_python_decorator.py
[2026-07-13T12:20:47.565+0000] {processor.py:840} INFO - DAG(s) 'example_python_decorator' retrieved from /home/airflow/.local/lib/python3.8/site-packages/airflow/example_dags/example_python_decorator.py
[2026-07-13T12:20:47.581+0000] {logging_mixin.py:188} INFO - [2026-07-13T12:20:47.581+0000] {dag.py:3036} INFO - Sync 1 DAGs
[2026-07-13T12:20:47.590+0000] {logging_mixin.py:188} INFO - [2026-07-13T12:20:47.590+0000] {dag.py:3823} INFO - Setting next_dagrun for example_python_decorator to None, run_after=None
[2026-07-13T12:20:47.604+0000] {processor.py:183} INFO - Processing /home/airflow/.local/lib/python3.8/site-packages/airflow/example_dags/example_python_decorator.py took 0.056 seconds
[2026-07-13T12:21:17.722+0000] {processor.py:161} INFO - Started process (PID=7012) to work on /home/airflow/.local/lib/python3.8/site-packages/airflow/example_dags/example_python_decorator.py
[2026-07-13T12:21:17.723+0000] {processor.py:830} INFO - Processing file /home/airflow/.local/lib/python3.8/site-packages/airflow/example_dags/example_python_decorator.py for tasks to queue
[2026-07-13T12:21:17.724+0000] {logging_mixin.py:188} INFO - [2026-07-13T12:21:17.724+0000] {dagbag.py:538} INFO - Filling up the DagBag from /home/airflow/.local/lib/python3.8/site-packages/airflow/example_dags/example_python_decorator.py
[2026-07-13T12:21:17.734+0000] {processor.py:840} INFO - DAG(s) 'example_python_decorator' retrieved from /home/airflow/.local/lib/python3.8/site-packages/airflow/example_dags/example_python_decorator.py
[2026-07-13T12:21:17.752+0000] {logging_mixin.py:188} INFO - [2026-07-13T12:21:17.752+0000] {dag.py:3036} INFO - Sync 1 DAGs
[2026-07-13T12:21:17.761+0000] {logging_mixin.py:188} INFO - [2026-07-13T12:21:17.760+0000] {dag.py:3823} INFO - Setting next_dagrun for example_python_decorator to None, run_after=None
[2026-07-13T12:21:17.776+0000] {processor.py:183} INFO - Processing /home/airflow/.local/lib/python3.8/site-packages/airflow/example_dags/example_python_decorator.py took 0.057 seconds
[2026-07-13T12:21:47.894+0000] {processor.py:161} INFO - Started process (PID=7068) to work on /home/airflow/.local/lib/python3.8/site-packages/airflow/example_dags/example_python_decorator.py
[2026-07-13T12:21:47.895+0000] {processor.py:830} INFO - Processing file /home/airflow/.local/lib/python3.8/site-packages/airflow/example_dags/example_python_decorator.py for tasks to queue
[2026-07-13T12:21:47.897+0000] {logging_mixin.py:188} INFO - [2026-07-13T12:21:47.897+0000] {dagbag.py:538} INFO - Filling up the DagBag from /home/airflow/.local/lib/python3.8/site-packages/airflow/example_dags/example_python_decorator.py
[2026-07-13T12:21:47.908+0000] {processor.py:840} INFO - DAG(s) 'example_python_decorator' retrieved from /home/airflow/.local/lib/python3.8/site-packages/airflow/example_dags/example_python_decorator.py
[2026-07-13T12:21:47.924+0000] {logging_mixin.py:188} INFO - [2026-07-13T12:21:47.923+0000] {dag.py:3036} INFO - Sync 1 DAGs
[2026-07-13T12:21:47.932+0000] {logging_mixin.py:188} INFO - [2026-07-13T12:21:47.932+0000] {dag.py:3823} INFO - Setting next_dagrun for example_python_decorator to None, run_after=None
[2026-07-13T12:21:47.948+0000] {processor.py:183} INFO - Processing /home/airflow/.local/lib/python3.8/site-packages/airflow/example_dags/example_python_decorator.py took 0.057 seconds
[2026-07-13T12:22:18.108+0000] {processor.py:161} INFO - Started process (PID=7124) to work on /home/airflow/.local/lib/python3.8/site-packages/airflow/example_dags/example_python_decorator.py
[2026-07-13T12:22:18.109+0000] {processor.py:830} INFO - Processing file /home/airflow/.local/lib/python3.8/site-packages/airflow/example_dags/example_python_decorator.py for tasks to queue
[2026-07-13T12:22:18.110+0000] {logging_mixin.py:188} INFO - [2026-07-13T12:22:18.110+0000] {dagbag.py:538} INFO - Filling up the DagBag from /home/airflow/.local/lib/python3.8/site-packages/airflow/example_dags/example_python_decorator.py
[2026-07-13T12:22:18.120+0000] {processor.py:840} INFO - DAG(s) 'example_python_decorator' retrieved from /home/airflow/.local/lib/python3.8/site-packages/airflow/example_dags/example_python_decorator.py
[2026-07-13T12:22:18.137+0000] {logging_mixin.py:188} INFO - [2026-07-13T12:22:18.137+0000] {dag.py:3036} INFO - Sync 1 DAGs
[2026-07-13T12:22:18.146+0000] {logging_mixin.py:188} INFO - [2026-07-13T12:22:18.146+0000] {dag.py:3823} INFO - Setting next_dagrun for example_python_decorator to None, run_after=None
[2026-07-13T12:22:18.160+0000] {processor.py:183} INFO - Processing /home/airflow/.local/lib/python3.8/site-packages/airflow/example_dags/example_python_decorator.py took 0.055 seconds
[2026-07-13T12:22:49.235+0000] {processor.py:161} INFO - Started process (PID=7180) to work on /home/airflow/.local/lib/python3.8/site-packages/airflow/example_dags/example_python_decorator.py
[2026-07-13T12:22:49.236+0000] {processor.py:830} INFO - Processing file /home/airflow/.local/lib/python3.8/site-packages/airflow/example_dags/example_python_decorator.py for tasks to queue
[2026-07-13T12:22:49.237+0000] {logging_mixin.py:188} INFO - [2026-07-13T12:22:49.237+0000] {dagbag.py:538} INFO - Filling up the DagBag from /home/airflow/.local/lib/python3.8/site-packages/airflow/example_dags/example_python_decorator.py
[2026-07-13T12:22:49.247+0000] {processor.py:840} INFO - DAG(s) 'example_python_decorator' retrieved from /home/airflow/.local/lib/python3.8/site-packages/airflow/example_dags/example_python_decorator.py
[2026-07-13T12:22:49.265+0000] {logging_mixin.py:188} INFO - [2026-07-13T12:22:49.265+0000] {dag.py:3036} INFO - Sync 1 DAGs
[2026-07-13T12:22:49.274+0000] {logging_mixin.py:188} INFO - [2026-07-13T12:22:49.273+0000] {dag.py:3823} INFO - Setting next_dagrun for example_python_decorator to None, run_after=None
[2026-07-13T12:22:49.287+0000] {processor.py:183} INFO - Processing /home/airflow/.local/lib/python3.8/site-packages/airflow/example_dags/example_python_decorator.py took 0.055 seconds
[2026-07-13T12:23:19.444+0000] {processor.py:161} INFO - Started process (PID=7236) to work on /home/airflow/.local/lib/python3.8/site-packages/airflow/example_dags/example_python_decorator.py
[2026-07-13T12:23:19.445+0000] {processor.py:830} INFO - Processing file /home/airflow/.local/lib/python3.8/site-packages/airflow/example_dags/example_python_decorator.py for tasks to queue
[2026-07-13T12:23:19.446+0000] {logging_mixin.py:188} INFO - [2026-07-13T12:23:19.446+0000] {dagbag.py:538} INFO - Filling up the DagBag from /home/airflow/.local/lib/python3.8/site-packages/airflow/example_dags/example_python_decorator.py
[2026-07-13T12:23:19.456+0000] {processor.py:840} INFO - DAG(s) 'example_python_decorator' retrieved from /home/airflow/.local/lib/python3.8/site-packages/airflow/example_dags/example_python_decorator.py
[2026-07-13T12:23:19.473+0000] {logging_mixin.py:188} INFO - [2026-07-13T12:23:19.473+0000] {dag.py:3036} INFO - Sync 1 DAGs
[2026-07-13T12:23:19.482+0000] {logging_mixin.py:188} INFO - [2026-07-13T12:23:19.482+0000] {dag.py:3823} INFO - Setting next_dagrun for example_python_decorator to None, run_after=None
[2026-07-13T12:23:19.496+0000] {processor.py:183} INFO - Processing /home/airflow/.local/lib/python3.8/site-packages/airflow/example_dags/example_python_decorator.py took 0.055 seconds
[2026-07-13T12:23:50.392+0000] {processor.py:161} INFO - Started process (PID=7292) to work on /home/airflow/.local/lib/python3.8/site-packages/airflow/example_dags/example_python_decorator.py
[2026-07-13T12:23:50.393+0000] {processor.py:830} INFO - Processing file /home/airflow/.local/lib/python3.8/site-packages/airflow/example_dags/example_python_decorator.py for tasks to queue
[2026-07-13T12:23:50.394+0000] {logging_mixin.py:188} INFO - [2026-07-13T12:23:50.394+0000] {dagbag.py:538} INFO - Filling up the DagBag from /home/airflow/.local/lib/python3.8/site-packages/airflow/example_dags/example_python_decorator.py
[2026-07-13T12:23:50.405+0000] {processor.py:840} INFO - DAG(s) 'example_python_decorator' retrieved from /home/airflow/.local/lib/python3.8/site-packages/airflow/example_dags/example_python_decorator.py
[2026-07-13T12:23:50.422+0000] {logging_mixin.py:188} INFO - [2026-07-13T12:23:50.421+0000] {dag.py:3036} INFO - Sync 1 DAGs
[2026-07-13T12:23:50.430+0000] {logging_mixin.py:188} INFO - [2026-07-13T12:23:50.430+0000] {dag.py:3823} INFO - Setting next_dagrun for example_python_decorator to None, run_after=None
[2026-07-13T12:23:50.444+0000] {processor.py:183} INFO - Processing /home/airflow/.local/lib/python3.8/site-packages/airflow/example_dags/example_python_decorator.py took 0.056 seconds
[2026-07-13T12:24:20.671+0000] {processor.py:161} INFO - Started process (PID=7348) to work on /home/airflow/.local/lib/python3.8/site-packages/airflow/example_dags/example_python_decorator.py
[2026-07-13T12:24:20.672+0000] {processor.py:830} INFO - Processing file /home/airflow/.local/lib/python3.8/site-packages/airflow/example_dags/example_python_decorator.py for tasks to queue
[2026-07-13T12:24:20.673+0000] {logging_mixin.py:188} INFO - [2026-07-13T12:24:20.673+0000] {dagbag.py:538} INFO - Filling up the DagBag from /home/airflow/.local/lib/python3.8/site-packages/airflow/example_dags/example_python_decorator.py
[2026-07-13T12:24:20.683+0000] {processor.py:840} INFO - DAG(s) 'example_python_decorator' retrieved from /home/airflow/.local/lib/python3.8/site-packages/airflow/example_dags/example_python_decorator.py
[2026-07-13T12:24:20.701+0000] {logging_mixin.py:188} INFO - [2026-07-13T12:24:20.701+0000] {dag.py:3036} INFO - Sync 1 DAGs
[2026-07-13T12:24:20.709+0000] {logging_mixin.py:188} INFO - [2026-07-13T12:24:20.709+0000] {dag.py:3823} INFO - Setting next_dagrun for example_python_decorator to None, run_after=None
[2026-07-13T12:24:20.723+0000] {processor.py:183} INFO - Processing /home/airflow/.local/lib/python3.8/site-packages/airflow/example_dags/example_python_decorator.py took 0.055 seconds
[2026-07-13T12:24:50.873+0000] {processor.py:161} INFO - Started process (PID=7405) to work on /home/airflow/.local/lib/python3.8/site-packages/airflow/example_dags/example_python_decorator.py
[2026-07-13T12:24:50.874+0000] {processor.py:830} INFO - Processing file /home/airflow/.local/lib/python3.8/site-packages/airflow/example_dags/example_python_decorator.py for tasks to queue
[2026-07-13T12:24:50.876+0000] {logging_mixin.py:188} INFO - [2026-07-13T12:24:50.876+0000] {dagbag.py:538} INFO - Filling up the DagBag from /home/airflow/.local/lib/python3.8/site-packages/airflow/example_dags/example_python_decorator.py
[2026-07-13T12:24:50.886+0000] {processor.py:840} INFO - DAG(s) 'example_python_decorator' retrieved from /home/airflow/.local/lib/python3.8/site-packages/airflow/example_dags/example_python_decorator.py
[2026-07-13T12:24:50.904+0000] {logging_mixin.py:188} INFO - [2026-07-13T12:24:50.904+0000] {dag.py:3036} INFO - Sync 1 DAGs
[2026-07-13T12:24:50.913+0000] {logging_mixin.py:188} INFO - [2026-07-13T12:24:50.913+0000] {dag.py:3823} INFO - Setting next_dagrun for example_python_decorator to None, run_after=None
[2026-07-13T12:24:50.928+0000] {processor.py:183} INFO - Processing /home/airflow/.local/lib/python3.8/site-packages/airflow/example_dags/example_python_decorator.py took 0.058 seconds
[2026-07-13T12:30:57.046+0000] {processor.py:161} INFO - Started process (PID=95) to work on /home/airflow/.local/lib/python3.8/site-packages/airflow/example_dags/example_python_decorator.py
[2026-07-13T12:30:57.047+0000] {processor.py:830} INFO - Processing file /home/airflow/.local/lib/python3.8/site-packages/airflow/example_dags/example_python_decorator.py for tasks to queue
[2026-07-13T12:30:57.049+0000] {logging_mixin.py:188} INFO - [2026-07-13T12:30:57.048+0000] {dagbag.py:538} INFO - Filling up the DagBag from /home/airflow/.local/lib/python3.8/site-packages/airflow/example_dags/example_python_decorator.py
[2026-07-13T12:30:57.059+0000] {processor.py:840} INFO - DAG(s) 'example_python_decorator' retrieved from /home/airflow/.local/lib/python3.8/site-packages/airflow/example_dags/example_python_decorator.py
[2026-07-13T12:30:57.068+0000] {logging_mixin.py:188} INFO - [2026-07-13T12:30:57.068+0000] {dag.py:3036} INFO - Sync 1 DAGs
[2026-07-13T12:30:57.078+0000] {logging_mixin.py:188} INFO - [2026-07-13T12:30:57.078+0000] {dag.py:3823} INFO - Setting next_dagrun for example_python_decorator to None, run_after=None
[2026-07-13T12:30:57.099+0000] {processor.py:183} INFO - Processing /home/airflow/.local/lib/python3.8/site-packages/airflow/example_dags/example_python_decorator.py took 0.055 seconds
[2026-07-13T12:31:28.426+0000] {processor.py:161} INFO - Started process (PID=150) to work on /home/airflow/.local/lib/python3.8/site-packages/airflow/example_dags/example_python_decorator.py
[2026-07-13T12:31:28.427+0000] {processor.py:830} INFO - Processing file /home/airflow/.local/lib/python3.8/site-packages/airflow/example_dags/example_python_decorator.py for tasks to queue
[2026-07-13T12:31:28.428+0000] {logging_mixin.py:188} INFO - [2026-07-13T12:31:28.428+0000] {dagbag.py:538} INFO - Filling up the DagBag from /home/airflow/.local/lib/python3.8/site-packages/airflow/example_dags/example_python_decorator.py
[2026-07-13T12:31:28.437+0000] {processor.py:840} INFO - DAG(s) 'example_python_decorator' retrieved from /home/airflow/.local/lib/python3.8/site-packages/airflow/example_dags/example_python_decorator.py
[2026-07-13T12:31:28.498+0000] {logging_mixin.py:188} INFO - [2026-07-13T12:31:28.497+0000] {dag.py:3036} INFO - Sync 1 DAGs
[2026-07-13T12:31:28.504+0000] {logging_mixin.py:188} INFO - [2026-07-13T12:31:28.504+0000] {dag.py:3823} INFO - Setting next_dagrun for example_python_decorator to None, run_after=None
[2026-07-13T12:31:28.518+0000] {processor.py:183} INFO - Processing /home/airflow/.local/lib/python3.8/site-packages/airflow/example_dags/example_python_decorator.py took 0.094 seconds
[2026-07-13T12:31:59.016+0000] {processor.py:161} INFO - Started process (PID=206) to work on /home/airflow/.local/lib/python3.8/site-packages/airflow/example_dags/example_python_decorator.py
[2026-07-13T12:31:59.017+0000] {processor.py:830} INFO - Processing file /home/airflow/.local/lib/python3.8/site-packages/airflow/example_dags/example_python_decorator.py for tasks to queue
[2026-07-13T12:31:59.018+0000] {logging_mixin.py:188} INFO - [2026-07-13T12:31:59.018+0000] {dagbag.py:538} INFO - Filling up the DagBag from /home/airflow/.local/lib/python3.8/site-packages/airflow/example_dags/example_python_decorator.py
[2026-07-13T12:31:59.027+0000] {processor.py:840} INFO - DAG(s) 'example_python_decorator' retrieved from /home/airflow/.local/lib/python3.8/site-packages/airflow/example_dags/example_python_decorator.py
[2026-07-13T12:31:59.042+0000] {logging_mixin.py:188} INFO - [2026-07-13T12:31:59.042+0000] {dag.py:3036} INFO - Sync 1 DAGs
[2026-07-13T12:31:59.050+0000] {logging_mixin.py:188} INFO - [2026-07-13T12:31:59.050+0000] {dag.py:3823} INFO - Setting next_dagrun for example_python_decorator to None, run_after=None
[2026-07-13T12:31:59.064+0000] {processor.py:183} INFO - Processing /home/airflow/.local/lib/python3.8/site-packages/airflow/example_dags/example_python_decorator.py took 0.050 seconds
[2026-07-13T12:32:29.446+0000] {processor.py:161} INFO - Started process (PID=263) to work on /home/airflow/.local/lib/python3.8/site-packages/airflow/example_dags/example_python_decorator.py
[2026-07-13T12:32:29.446+0000] {processor.py:830} INFO - Processing file /home/airflow/.local/lib/python3.8/site-packages/airflow/example_dags/example_python_decorator.py for tasks to queue
[2026-07-13T12:32:29.448+0000] {logging_mixin.py:188} INFO - [2026-07-13T12:32:29.448+0000] {dagbag.py:538} INFO - Filling up the DagBag from /home/airflow/.local/lib/python3.8/site-packages/airflow/example_dags/example_python_decorator.py
[2026-07-13T12:32:29.457+0000] {processor.py:840} INFO - DAG(s) 'example_python_decorator' retrieved from /home/airflow/.local/lib/python3.8/site-packages/airflow/example_dags/example_python_decorator.py
[2026-07-13T12:32:29.471+0000] {logging_mixin.py:188} INFO - [2026-07-13T12:32:29.471+0000] {dag.py:3036} INFO - Sync 1 DAGs
[2026-07-13T12:32:29.480+0000] {logging_mixin.py:188} INFO - [2026-07-13T12:32:29.479+0000] {dag.py:3823} INFO - Setting next_dagrun for example_python_decorator to None, run_after=None
[2026-07-13T12:32:29.492+0000] {processor.py:183} INFO - Processing /home/airflow/.local/lib/python3.8/site-packages/airflow/example_dags/example_python_decorator.py took 0.049 seconds
[2026-07-13T12:33:00.753+0000] {processor.py:161} INFO - Started process (PID=319) to work on /home/airflow/.local/lib/python3.8/site-packages/airflow/example_dags/example_python_decorator.py
[2026-07-13T12:33:00.755+0000] {processor.py:830} INFO - Processing file /home/airflow/.local/lib/python3.8/site-packages/airflow/example_dags/example_python_decorator.py for tasks to queue
[2026-07-13T12:33:00.760+0000] {logging_mixin.py:188} INFO - [2026-07-13T12:33:00.759+0000] {dagbag.py:538} INFO - Filling up the DagBag from /home/airflow/.local/lib/python3.8/site-packages/airflow/example_dags/example_python_decorator.py
[2026-07-13T12:33:00.780+0000] {processor.py:840} INFO - DAG(s) 'example_python_decorator' retrieved from /home/airflow/.local/lib/python3.8/site-packages/airflow/example_dags/example_python_decorator.py
[2026-07-13T12:33:00.814+0000] {logging_mixin.py:188} INFO - [2026-07-13T12:33:00.814+0000] {dag.py:3036} INFO - Sync 1 DAGs
[2026-07-13T12:33:00.842+0000] {logging_mixin.py:188} INFO - [2026-07-13T12:33:00.841+0000] {dag.py:3823} INFO - Setting next_dagrun for example_python_decorator to None, run_after=None
[2026-07-13T12:33:00.892+0000] {processor.py:183} INFO - Processing /home/airflow/.local/lib/python3.8/site-packages/airflow/example_dags/example_python_decorator.py took 0.146 seconds
[2026-07-13T12:33:31.524+0000] {processor.py:161} INFO - Started process (PID=376) to work on /home/airflow/.local/lib/python3.8/site-packages/airflow/example_dags/example_python_decorator.py
[2026-07-13T12:33:31.526+0000] {processor.py:830} INFO - Processing file /home/airflow/.local/lib/python3.8/site-packages/airflow/example_dags/example_python_decorator.py for tasks to queue
[2026-07-13T12:33:31.528+0000] {logging_mixin.py:188} INFO - [2026-07-13T12:33:31.528+0000] {dagbag.py:538} INFO - Filling up the DagBag from /home/airflow/.local/lib/python3.8/site-packages/airflow/example_dags/example_python_decorator.py
[2026-07-13T12:33:31.538+0000] {processor.py:840} INFO - DAG(s) 'example_python_decorator' retrieved from /home/airflow/.local/lib/python3.8/site-packages/airflow/example_dags/example_python_decorator.py
[2026-07-13T12:33:31.553+0000] {logging_mixin.py:188} INFO - [2026-07-13T12:33:31.553+0000] {dag.py:3036} INFO - Sync 1 DAGs
[2026-07-13T12:33:31.562+0000] {logging_mixin.py:188} INFO - [2026-07-13T12:33:31.562+0000] {dag.py:3823} INFO - Setting next_dagrun for example_python_decorator to None, run_after=None
[2026-07-13T12:33:31.577+0000] {processor.py:183} INFO - Processing /home/airflow/.local/lib/python3.8/site-packages/airflow/example_dags/example_python_decorator.py took 0.055 seconds
[2026-07-13T12:34:02.097+0000] {processor.py:161} INFO - Started process (PID=432) to work on /home/airflow/.local/lib/python3.8/site-packages/airflow/example_dags/example_python_decorator.py
[2026-07-13T12:34:02.098+0000] {processor.py:830} INFO - Processing file /home/airflow/.local/lib/python3.8/site-packages/airflow/example_dags/example_python_decorator.py for tasks to queue
[2026-07-13T12:34:02.099+0000] {logging_mixin.py:188} INFO - [2026-07-13T12:34:02.099+0000] {dagbag.py:538} INFO - Filling up the DagBag from /home/airflow/.local/lib/python3.8/site-packages/airflow/example_dags/example_python_decorator.py
[2026-07-13T12:34:02.109+0000] {processor.py:840} INFO - DAG(s) 'example_python_decorator' retrieved from /home/airflow/.local/lib/python3.8/site-packages/airflow/example_dags/example_python_decorator.py
[2026-07-13T12:34:02.140+0000] {logging_mixin.py:188} INFO - [2026-07-13T12:34:02.140+0000] {dag.py:3036} INFO - Sync 1 DAGs
[2026-07-13T12:34:02.149+0000] {logging_mixin.py:188} INFO - [2026-07-13T12:34:02.149+0000] {dag.py:3823} INFO - Setting next_dagrun for example_python_decorator to None, run_after=None
[2026-07-13T12:34:02.166+0000] {processor.py:183} INFO - Processing /home/airflow/.local/lib/python3.8/site-packages/airflow/example_dags/example_python_decorator.py took 0.071 seconds
[2026-07-13T12:34:32.675+0000] {processor.py:161} INFO - Started process (PID=488) to work on /home/airflow/.local/lib/python3.8/site-packages/airflow/example_dags/example_python_decorator.py
[2026-07-13T12:34:32.675+0000] {processor.py:830} INFO - Processing file /home/airflow/.local/lib/python3.8/site-packages/airflow/example_dags/example_python_decorator.py for tasks to queue
[2026-07-13T12:34:32.677+0000] {logging_mixin.py:188} INFO - [2026-07-13T12:34:32.676+0000] {dagbag.py:538} INFO - Filling up the DagBag from /home/airflow/.local/lib/python3.8/site-packages/airflow/example_dags/example_python_decorator.py
[2026-07-13T12:34:32.685+0000] {processor.py:840} INFO - DAG(s) 'example_python_decorator' retrieved from /home/airflow/.local/lib/python3.8/site-packages/airflow/example_dags/example_python_decorator.py
[2026-07-13T12:34:32.700+0000] {logging_mixin.py:188} INFO - [2026-07-13T12:34:32.700+0000] {dag.py:3036} INFO - Sync 1 DAGs
[2026-07-13T12:34:32.708+0000] {logging_mixin.py:188} INFO - [2026-07-13T12:34:32.708+0000] {dag.py:3823} INFO - Setting next_dagrun for example_python_decorator to None, run_after=None
[2026-07-13T12:34:32.721+0000] {processor.py:183} INFO - Processing /home/airflow/.local/lib/python3.8/site-packages/airflow/example_dags/example_python_decorator.py took 0.048 seconds
[2026-07-13T12:35:03.429+0000] {processor.py:161} INFO - Started process (PID=544) to work on /home/airflow/.local/lib/python3.8/site-packages/airflow/example_dags/example_python_decorator.py
[2026-07-13T12:35:03.430+0000] {processor.py:830} INFO - Processing file /home/airflow/.local/lib/python3.8/site-packages/airflow/example_dags/example_python_decorator.py for tasks to queue
[2026-07-13T12:35:03.431+0000] {logging_mixin.py:188} INFO - [2026-07-13T12:35:03.431+0000] {dagbag.py:538} INFO - Filling up the DagBag from /home/airflow/.local/lib/python3.8/site-packages/airflow/example_dags/example_python_decorator.py
[2026-07-13T12:35:03.440+0000] {processor.py:840} INFO - DAG(s) 'example_python_decorator' retrieved from /home/airflow/.local/lib/python3.8/site-packages/airflow/example_dags/example_python_decorator.py
[2026-07-13T12:35:03.455+0000] {logging_mixin.py:188} INFO - [2026-07-13T12:35:03.455+0000] {dag.py:3036} INFO - Sync 1 DAGs
[2026-07-13T12:35:03.464+0000] {logging_mixin.py:188} INFO - [2026-07-13T12:35:03.464+0000] {dag.py:3823} INFO - Setting next_dagrun for example_python_decorator to None, run_after=None
[2026-07-13T12:35:03.477+0000] {processor.py:183} INFO - Processing /home/airflow/.local/lib/python3.8/site-packages/airflow/example_dags/example_python_decorator.py took 0.051 seconds
[2026-07-13T12:35:33.976+0000] {processor.py:161} INFO - Started process (PID=600) to work on /home/airflow/.local/lib/python3.8/site-packages/airflow/example_dags/example_python_decorator.py
[2026-07-13T12:35:33.977+0000] {processor.py:830} INFO - Processing file /home/airflow/.local/lib/python3.8/site-packages/airflow/example_dags/example_python_decorator.py for tasks to queue
[2026-07-13T12:35:33.978+0000] {logging_mixin.py:188} INFO - [2026-07-13T12:35:33.978+0000] {dagbag.py:538} INFO - Filling up the DagBag from /home/airflow/.local/lib/python3.8/site-packages/airflow/example_dags/example_python_decorator.py
[2026-07-13T12:35:33.987+0000] {processor.py:840} INFO - DAG(s) 'example_python_decorator' retrieved from /home/airflow/.local/lib/python3.8/site-packages/airflow/example_dags/example_python_decorator.py
[2026-07-13T12:35:34.003+0000] {logging_mixin.py:188} INFO - [2026-07-13T12:35:34.003+0000] {dag.py:3036} INFO - Sync 1 DAGs
[2026-07-13T12:35:34.012+0000] {logging_mixin.py:188} INFO - [2026-07-13T12:35:34.012+0000] {dag.py:3823} INFO - Setting next_dagrun for example_python_decorator to None, run_after=None
[2026-07-13T12:35:34.026+0000] {processor.py:183} INFO - Processing /home/airflow/.local/lib/python3.8/site-packages/airflow/example_dags/example_python_decorator.py took 0.053 seconds
[2026-07-13T12:36:04.784+0000] {processor.py:161} INFO - Started process (PID=656) to work on /home/airflow/.local/lib/python3.8/site-packages/airflow/example_dags/example_python_decorator.py
[2026-07-13T12:36:04.785+0000] {processor.py:830} INFO - Processing file /home/airflow/.local/lib/python3.8/site-packages/airflow/example_dags/example_python_decorator.py for tasks to queue
[2026-07-13T12:36:04.786+0000] {logging_mixin.py:188} INFO - [2026-07-13T12:36:04.786+0000] {dagbag.py:538} INFO - Filling up the DagBag from /home/airflow/.local/lib/python3.8/site-packages/airflow/example_dags/example_python_decorator.py
[2026-07-13T12:36:04.796+0000] {processor.py:840} INFO - DAG(s) 'example_python_decorator' retrieved from /home/airflow/.local/lib/python3.8/site-packages/airflow/example_dags/example_python_decorator.py
[2026-07-13T12:36:04.813+0000] {logging_mixin.py:188} INFO - [2026-07-13T12:36:04.813+0000] {dag.py:3036} INFO - Sync 1 DAGs
[2026-07-13T12:36:04.822+0000] {logging_mixin.py:188} INFO - [2026-07-13T12:36:04.822+0000] {dag.py:3823} INFO - Setting next_dagrun for example_python_decorator to None, run_after=None
[2026-07-13T12:36:04.836+0000] {processor.py:183} INFO - Processing /home/airflow/.local/lib/python3.8/site-packages/airflow/example_dags/example_python_decorator.py took 0.055 seconds
[2026-07-13T12:36:35.406+0000] {processor.py:161} INFO - Started process (PID=712) to work on /home/airflow/.local/lib/python3.8/site-packages/airflow/example_dags/example_python_decorator.py
[2026-07-13T12:36:35.408+0000] {processor.py:830} INFO - Processing file /home/airflow/.local/lib/python3.8/site-packages/airflow/example_dags/example_python_decorator.py for tasks to queue
[2026-07-13T12:36:35.409+0000] {logging_mixin.py:188} INFO - [2026-07-13T12:36:35.409+0000] {dagbag.py:538} INFO - Filling up the DagBag from /home/airflow/.local/lib/python3.8/site-packages/airflow/example_dags/example_python_decorator.py
[2026-07-13T12:36:35.420+0000] {processor.py:840} INFO - DAG(s) 'example_python_decorator' retrieved from /home/airflow/.local/lib/python3.8/site-packages/airflow/example_dags/example_python_decorator.py
[2026-07-13T12:36:35.439+0000] {logging_mixin.py:188} INFO - [2026-07-13T12:36:35.439+0000] {dag.py:3036} INFO - Sync 1 DAGs
[2026-07-13T12:36:35.450+0000] {logging_mixin.py:188} INFO - [2026-07-13T12:36:35.449+0000] {dag.py:3823} INFO - Setting next_dagrun for example_python_decorator to None, run_after=None
[2026-07-13T12:36:35.467+0000] {processor.py:183} INFO - Processing /home/airflow/.local/lib/python3.8/site-packages/airflow/example_dags/example_python_decorator.py took 0.064 seconds
[2026-07-13T12:37:05.844+0000] {processor.py:161} INFO - Started process (PID=768) to work on /home/airflow/.local/lib/python3.8/site-packages/airflow/example_dags/example_python_decorator.py
[2026-07-13T12:37:05.845+0000] {processor.py:830} INFO - Processing file /home/airflow/.local/lib/python3.8/site-packages/airflow/example_dags/example_python_decorator.py for tasks to queue
[2026-07-13T12:37:05.846+0000] {logging_mixin.py:188} INFO - [2026-07-13T12:37:05.846+0000] {dagbag.py:538} INFO - Filling up the DagBag from /home/airflow/.local/lib/python3.8/site-packages/airflow/example_dags/example_python_decorator.py
[2026-07-13T12:37:05.856+0000] {processor.py:840} INFO - DAG(s) 'example_python_decorator' retrieved from /home/airflow/.local/lib/python3.8/site-packages/airflow/example_dags/example_python_decorator.py
[2026-07-13T12:37:05.872+0000] {logging_mixin.py:188} INFO - [2026-07-13T12:37:05.872+0000] {dag.py:3036} INFO - Sync 1 DAGs
[2026-07-13T12:37:05.881+0000] {logging_mixin.py:188} INFO - [2026-07-13T12:37:05.881+0000] {dag.py:3823} INFO - Setting next_dagrun for example_python_decorator to None, run_after=None
[2026-07-13T12:37:05.896+0000] {processor.py:183} INFO - Processing /home/airflow/.local/lib/python3.8/site-packages/airflow/example_dags/example_python_decorator.py took 0.054 seconds
[2026-07-13T12:37:36.444+0000] {processor.py:161} INFO - Started process (PID=824) to work on /home/airflow/.local/lib/python3.8/site-packages/airflow/example_dags/example_python_decorator.py
[2026-07-13T12:37:36.445+0000] {processor.py:830} INFO - Processing file /home/airflow/.local/lib/python3.8/site-packages/airflow/example_dags/example_python_decorator.py for tasks to queue
[2026-07-13T12:37:36.447+0000] {logging_mixin.py:188} INFO - [2026-07-13T12:37:36.446+0000] {dagbag.py:538} INFO - Filling up the DagBag from /home/airflow/.local/lib/python3.8/site-packages/airflow/example_dags/example_python_decorator.py
[2026-07-13T12:37:36.456+0000] {processor.py:840} INFO - DAG(s) 'example_python_decorator' retrieved from /home/airflow/.local/lib/python3.8/site-packages/airflow/example_dags/example_python_decorator.py
[2026-07-13T12:37:36.473+0000] {logging_mixin.py:188} INFO - [2026-07-13T12:37:36.473+0000] {dag.py:3036} INFO - Sync 1 DAGs
[2026-07-13T12:37:36.481+0000] {logging_mixin.py:188} INFO - [2026-07-13T12:37:36.481+0000] {dag.py:3823} INFO - Setting next_dagrun for example_python_decorator to None, run_after=None
[2026-07-13T12:37:36.496+0000] {processor.py:183} INFO - Processing /home/airflow/.local/lib/python3.8/site-packages/airflow/example_dags/example_python_decorator.py took 0.054 seconds
[2026-07-13T12:38:06.714+0000] {processor.py:161} INFO - Started process (PID=880) to work on /home/airflow/.local/lib/python3.8/site-packages/airflow/example_dags/example_python_decorator.py
[2026-07-13T12:38:06.715+0000] {processor.py:830} INFO - Processing file /home/airflow/.local/lib/python3.8/site-packages/airflow/example_dags/example_python_decorator.py for tasks to queue
[2026-07-13T12:38:06.717+0000] {logging_mixin.py:188} INFO - [2026-07-13T12:38:06.716+0000] {dagbag.py:538} INFO - Filling up the DagBag from /home/airflow/.local/lib/python3.8/site-packages/airflow/example_dags/example_python_decorator.py
[2026-07-13T12:38:06.727+0000] {processor.py:840} INFO - DAG(s) 'example_python_decorator' retrieved from /home/airflow/.local/lib/python3.8/site-packages/airflow/example_dags/example_python_decorator.py
[2026-07-13T12:38:06.749+0000] {logging_mixin.py:188} INFO - [2026-07-13T12:38:06.749+0000] {dag.py:3036} INFO - Sync 1 DAGs
[2026-07-13T12:38:06.758+0000] {logging_mixin.py:188} INFO - [2026-07-13T12:38:06.758+0000] {dag.py:3823} INFO - Setting next_dagrun for example_python_decorator to None, run_after=None
[2026-07-13T12:38:06.773+0000] {processor.py:183} INFO - Processing /home/airflow/.local/lib/python3.8/site-packages/airflow/example_dags/example_python_decorator.py took 0.061 seconds
[2026-07-13T12:38:36.828+0000] {processor.py:161} INFO - Started process (PID=936) to work on /home/airflow/.local/lib/python3.8/site-packages/airflow/example_dags/example_python_decorator.py
[2026-07-13T12:38:36.829+0000] {processor.py:830} INFO - Processing file /home/airflow/.local/lib/python3.8/site-packages/airflow/example_dags/example_python_decorator.py for tasks to queue
[2026-07-13T12:38:36.831+0000] {logging_mixin.py:188} INFO - [2026-07-13T12:38:36.830+0000] {dagbag.py:538} INFO - Filling up the DagBag from /home/airflow/.local/lib/python3.8/site-packages/airflow/example_dags/example_python_decorator.py
[2026-07-13T12:38:36.840+0000] {processor.py:840} INFO - DAG(s) 'example_python_decorator' retrieved from /home/airflow/.local/lib/python3.8/site-packages/airflow/example_dags/example_python_decorator.py
[2026-07-13T12:38:36.855+0000] {logging_mixin.py:188} INFO - [2026-07-13T12:38:36.855+0000] {dag.py:3036} INFO - Sync 1 DAGs
[2026-07-13T12:38:36.863+0000] {logging_mixin.py:188} INFO - [2026-07-13T12:38:36.863+0000] {dag.py:3823} INFO - Setting next_dagrun for example_python_decorator to None, run_after=None
[2026-07-13T12:38:36.876+0000] {processor.py:183} INFO - Processing /home/airflow/.local/lib/python3.8/site-packages/airflow/example_dags/example_python_decorator.py took 0.051 seconds
[2026-07-13T12:39:06.952+0000] {processor.py:161} INFO - Started process (PID=992) to work on /home/airflow/.local/lib/python3.8/site-packages/airflow/example_dags/example_python_decorator.py
[2026-07-13T12:39:06.953+0000] {processor.py:830} INFO - Processing file /home/airflow/.local/lib/python3.8/site-packages/airflow/example_dags/example_python_decorator.py for tasks to queue
[2026-07-13T12:39:06.955+0000] {logging_mixin.py:188} INFO - [2026-07-13T12:39:06.955+0000] {dagbag.py:538} INFO - Filling up the DagBag from /home/airflow/.local/lib/python3.8/site-packages/airflow/example_dags/example_python_decorator.py
[2026-07-13T12:39:06.964+0000] {processor.py:840} INFO - DAG(s) 'example_python_decorator' retrieved from /home/airflow/.local/lib/python3.8/site-packages/airflow/example_dags/example_python_decorator.py
[2026-07-13T12:39:06.980+0000] {logging_mixin.py:188} INFO - [2026-07-13T12:39:06.980+0000] {dag.py:3036} INFO - Sync 1 DAGs
[2026-07-13T12:39:06.988+0000] {logging_mixin.py:188} INFO - [2026-07-13T12:39:06.988+0000] {dag.py:3823} INFO - Setting next_dagrun for example_python_decorator to None, run_after=None
[2026-07-13T12:39:07.003+0000] {processor.py:183} INFO - Processing /home/airflow/.local/lib/python3.8/site-packages/airflow/example_dags/example_python_decorator.py took 0.053 seconds
[2026-07-13T12:39:37.233+0000] {processor.py:161} INFO - Started process (PID=1048) to work on /home/airflow/.local/lib/python3.8/site-packages/airflow/example_dags/example_python_decorator.py
[2026-07-13T12:39:37.234+0000] {processor.py:830} INFO - Processing file /home/airflow/.local/lib/python3.8/site-packages/airflow/example_dags/example_python_decorator.py for tasks to queue
[2026-07-13T12:39:37.235+0000] {logging_mixin.py:188} INFO - [2026-07-13T12:39:37.235+0000] {dagbag.py:538} INFO - Filling up the DagBag from /home/airflow/.local/lib/python3.8/site-packages/airflow/example_dags/example_python_decorator.py
[2026-07-13T12:39:37.244+0000] {processor.py:840} INFO - DAG(s) 'example_python_decorator' retrieved from /home/airflow/.local/lib/python3.8/site-packages/airflow/example_dags/example_python_decorator.py
[2026-07-13T12:39:37.260+0000] {logging_mixin.py:188} INFO - [2026-07-13T12:39:37.260+0000] {dag.py:3036} INFO - Sync 1 DAGs
[2026-07-13T12:39:37.268+0000] {logging_mixin.py:188} INFO - [2026-07-13T12:39:37.268+0000] {dag.py:3823} INFO - Setting next_dagrun for example_python_decorator to None, run_after=None
[2026-07-13T12:39:37.280+0000] {processor.py:183} INFO - Processing /home/airflow/.local/lib/python3.8/site-packages/airflow/example_dags/example_python_decorator.py took 0.049 seconds
[2026-07-13T12:40:07.647+0000] {processor.py:161} INFO - Started process (PID=1104) to work on /home/airflow/.local/lib/python3.8/site-packages/airflow/example_dags/example_python_decorator.py
[2026-07-13T12:40:07.648+0000] {processor.py:830} INFO - Processing file /home/airflow/.local/lib/python3.8/site-packages/airflow/example_dags/example_python_decorator.py for tasks to queue
[2026-07-13T12:40:07.649+0000] {logging_mixin.py:188} INFO - [2026-07-13T12:40:07.649+0000] {dagbag.py:538} INFO - Filling up the DagBag from /home/airflow/.local/lib/python3.8/site-packages/airflow/example_dags/example_python_decorator.py
[2026-07-13T12:40:07.658+0000] {processor.py:840} INFO - DAG(s) 'example_python_decorator' retrieved from /home/airflow/.local/lib/python3.8/site-packages/airflow/example_dags/example_python_decorator.py
[2026-07-13T12:40:07.673+0000] {logging_mixin.py:188} INFO - [2026-07-13T12:40:07.673+0000] {dag.py:3036} INFO - Sync 1 DAGs
[2026-07-13T12:40:07.682+0000] {logging_mixin.py:188} INFO - [2026-07-13T12:40:07.682+0000] {dag.py:3823} INFO - Setting next_dagrun for example_python_decorator to None, run_after=None
[2026-07-13T12:40:07.696+0000] {processor.py:183} INFO - Processing /home/airflow/.local/lib/python3.8/site-packages/airflow/example_dags/example_python_decorator.py took 0.051 seconds
[2026-07-13T12:40:38.401+0000] {processor.py:161} INFO - Started process (PID=1160) to work on /home/airflow/.local/lib/python3.8/site-packages/airflow/example_dags/example_python_decorator.py
[2026-07-13T12:40:38.402+0000] {processor.py:830} INFO - Processing file /home/airflow/.local/lib/python3.8/site-packages/airflow/example_dags/example_python_decorator.py for tasks to queue
[2026-07-13T12:40:38.404+0000] {logging_mixin.py:188} INFO - [2026-07-13T12:40:38.403+0000] {dagbag.py:538} INFO - Filling up the DagBag from /home/airflow/.local/lib/python3.8/site-packages/airflow/example_dags/example_python_decorator.py
[2026-07-13T12:40:38.413+0000] {processor.py:840} INFO - DAG(s) 'example_python_decorator' retrieved from /home/airflow/.local/lib/python3.8/site-packages/airflow/example_dags/example_python_decorator.py
[2026-07-13T12:40:38.430+0000] {logging_mixin.py:188} INFO - [2026-07-13T12:40:38.429+0000] {dag.py:3036} INFO - Sync 1 DAGs
[2026-07-13T12:40:38.438+0000] {logging_mixin.py:188} INFO - [2026-07-13T12:40:38.438+0000] {dag.py:3823} INFO - Setting next_dagrun for example_python_decorator to None, run_after=None
[2026-07-13T12:40:38.452+0000] {processor.py:183} INFO - Processing /home/airflow/.local/lib/python3.8/site-packages/airflow/example_dags/example_python_decorator.py took 0.054 seconds
[2026-07-13T12:41:11.467+0000] {processor.py:161} INFO - Started process (PID=1216) to work on /home/airflow/.local/lib/python3.8/site-packages/airflow/example_dags/example_python_decorator.py
[2026-07-13T12:41:11.469+0000] {processor.py:830} INFO - Processing file /home/airflow/.local/lib/python3.8/site-packages/airflow/example_dags/example_python_decorator.py for tasks to queue
[2026-07-13T12:41:11.471+0000] {logging_mixin.py:188} INFO - [2026-07-13T12:41:11.471+0000] {dagbag.py:538} INFO - Filling up the DagBag from /home/airflow/.local/lib/python3.8/site-packages/airflow/example_dags/example_python_decorator.py
[2026-07-13T12:41:11.484+0000] {processor.py:840} INFO - DAG(s) 'example_python_decorator' retrieved from /home/airflow/.local/lib/python3.8/site-packages/airflow/example_dags/example_python_decorator.py
[2026-07-13T12:41:11.508+0000] {logging_mixin.py:188} INFO - [2026-07-13T12:41:11.508+0000] {dag.py:3036} INFO - Sync 1 DAGs
[2026-07-13T12:41:11.519+0000] {logging_mixin.py:188} INFO - [2026-07-13T12:41:11.519+0000] {dag.py:3823} INFO - Setting next_dagrun for example_python_decorator to None, run_after=None
[2026-07-13T12:41:11.541+0000] {processor.py:183} INFO - Processing /home/airflow/.local/lib/python3.8/site-packages/airflow/example_dags/example_python_decorator.py took 0.079 seconds
[2026-07-13T12:41:43.144+0000] {processor.py:161} INFO - Started process (PID=1272) to work on /home/airflow/.local/lib/python3.8/site-packages/airflow/example_dags/example_python_decorator.py
[2026-07-13T12:41:43.145+0000] {processor.py:830} INFO - Processing file /home/airflow/.local/lib/python3.8/site-packages/airflow/example_dags/example_python_decorator.py for tasks to queue
[2026-07-13T12:41:43.146+0000] {logging_mixin.py:188} INFO - [2026-07-13T12:41:43.146+0000] {dagbag.py:538} INFO - Filling up the DagBag from /home/airflow/.local/lib/python3.8/site-packages/airflow/example_dags/example_python_decorator.py
[2026-07-13T12:41:43.155+0000] {processor.py:840} INFO - DAG(s) 'example_python_decorator' retrieved from /home/airflow/.local/lib/python3.8/site-packages/airflow/example_dags/example_python_decorator.py
[2026-07-13T12:41:43.171+0000] {logging_mixin.py:188} INFO - [2026-07-13T12:41:43.171+0000] {dag.py:3036} INFO - Sync 1 DAGs
[2026-07-13T12:41:43.179+0000] {logging_mixin.py:188} INFO - [2026-07-13T12:41:43.179+0000] {dag.py:3823} INFO - Setting next_dagrun for example_python_decorator to None, run_after=None
[2026-07-13T12:41:43.192+0000] {processor.py:183} INFO - Processing /home/airflow/.local/lib/python3.8/site-packages/airflow/example_dags/example_python_decorator.py took 0.050 seconds
[2026-07-13T12:42:14.050+0000] {processor.py:161} INFO - Started process (PID=1328) to work on /home/airflow/.local/lib/python3.8/site-packages/airflow/example_dags/example_python_decorator.py
[2026-07-13T12:42:14.051+0000] {processor.py:830} INFO - Processing file /home/airflow/.local/lib/python3.8/site-packages/airflow/example_dags/example_python_decorator.py for tasks to queue
[2026-07-13T12:42:14.052+0000] {logging_mixin.py:188} INFO - [2026-07-13T12:42:14.052+0000] {dagbag.py:538} INFO - Filling up the DagBag from /home/airflow/.local/lib/python3.8/site-packages/airflow/example_dags/example_python_decorator.py
[2026-07-13T12:42:14.062+0000] {processor.py:840} INFO - DAG(s) 'example_python_decorator' retrieved from /home/airflow/.local/lib/python3.8/site-packages/airflow/example_dags/example_python_decorator.py
[2026-07-13T12:42:14.078+0000] {logging_mixin.py:188} INFO - [2026-07-13T12:42:14.078+0000] {dag.py:3036} INFO - Sync 1 DAGs
[2026-07-13T12:42:14.086+0000] {logging_mixin.py:188} INFO - [2026-07-13T12:42:14.086+0000] {dag.py:3823} INFO - Setting next_dagrun for example_python_decorator to None, run_after=None
[2026-07-13T12:42:14.100+0000] {processor.py:183} INFO - Processing /home/airflow/.local/lib/python3.8/site-packages/airflow/example_dags/example_python_decorator.py took 0.052 seconds
[2026-07-13T12:42:44.942+0000] {processor.py:161} INFO - Started process (PID=1384) to work on /home/airflow/.local/lib/python3.8/site-packages/airflow/example_dags/example_python_decorator.py
[2026-07-13T12:42:44.944+0000] {processor.py:830} INFO - Processing file /home/airflow/.local/lib/python3.8/site-packages/airflow/example_dags/example_python_decorator.py for tasks to queue
[2026-07-13T12:42:44.946+0000] {logging_mixin.py:188} INFO - [2026-07-13T12:42:44.945+0000] {dagbag.py:538} INFO - Filling up the DagBag from /home/airflow/.local/lib/python3.8/site-packages/airflow/example_dags/example_python_decorator.py
[2026-07-13T12:42:44.964+0000] {processor.py:840} INFO - DAG(s) 'example_python_decorator' retrieved from /home/airflow/.local/lib/python3.8/site-packages/airflow/example_dags/example_python_decorator.py
[2026-07-13T12:42:44.995+0000] {logging_mixin.py:188} INFO - [2026-07-13T12:42:44.995+0000] {dag.py:3036} INFO - Sync 1 DAGs
[2026-07-13T12:42:45.013+0000] {logging_mixin.py:188} INFO - [2026-07-13T12:42:45.013+0000] {dag.py:3823} INFO - Setting next_dagrun for example_python_decorator to None, run_after=None
[2026-07-13T12:42:45.042+0000] {processor.py:183} INFO - Processing /home/airflow/.local/lib/python3.8/site-packages/airflow/example_dags/example_python_decorator.py took 0.105 seconds
[2026-07-13T12:43:16.846+0000] {processor.py:161} INFO - Started process (PID=1440) to work on /home/airflow/.local/lib/python3.8/site-packages/airflow/example_dags/example_python_decorator.py
[2026-07-13T12:43:16.847+0000] {processor.py:830} INFO - Processing file /home/airflow/.local/lib/python3.8/site-packages/airflow/example_dags/example_python_decorator.py for tasks to queue
[2026-07-13T12:43:16.848+0000] {logging_mixin.py:188} INFO - [2026-07-13T12:43:16.848+0000] {dagbag.py:538} INFO - Filling up the DagBag from /home/airflow/.local/lib/python3.8/site-packages/airflow/example_dags/example_python_decorator.py
[2026-07-13T12:43:16.857+0000] {processor.py:840} INFO - DAG(s) 'example_python_decorator' retrieved from /home/airflow/.local/lib/python3.8/site-packages/airflow/example_dags/example_python_decorator.py
[2026-07-13T12:43:16.874+0000] {logging_mixin.py:188} INFO - [2026-07-13T12:43:16.874+0000] {dag.py:3036} INFO - Sync 1 DAGs
[2026-07-13T12:43:16.883+0000] {logging_mixin.py:188} INFO - [2026-07-13T12:43:16.883+0000] {dag.py:3823} INFO - Setting next_dagrun for example_python_decorator to None, run_after=None
[2026-07-13T12:43:16.896+0000] {processor.py:183} INFO - Processing /home/airflow/.local/lib/python3.8/site-packages/airflow/example_dags/example_python_decorator.py took 0.053 seconds
[2026-07-13T12:43:49.283+0000] {processor.py:161} INFO - Started process (PID=1496) to work on /home/airflow/.local/lib/python3.8/site-packages/airflow/example_dags/example_python_decorator.py
[2026-07-13T12:43:49.285+0000] {processor.py:830} INFO - Processing file /home/airflow/.local/lib/python3.8/site-packages/airflow/example_dags/example_python_decorator.py for tasks to queue
[2026-07-13T12:43:49.287+0000] {logging_mixin.py:188} INFO - [2026-07-13T12:43:49.286+0000] {dagbag.py:538} INFO - Filling up the DagBag from /home/airflow/.local/lib/python3.8/site-packages/airflow/example_dags/example_python_decorator.py
[2026-07-13T12:43:49.301+0000] {processor.py:840} INFO - DAG(s) 'example_python_decorator' retrieved from /home/airflow/.local/lib/python3.8/site-packages/airflow/example_dags/example_python_decorator.py
[2026-07-13T12:43:49.326+0000] {logging_mixin.py:188} INFO - [2026-07-13T12:43:49.325+0000] {dag.py:3036} INFO - Sync 1 DAGs
[2026-07-13T12:43:49.341+0000] {logging_mixin.py:188} INFO - [2026-07-13T12:43:49.341+0000] {dag.py:3823} INFO - Setting next_dagrun for example_python_decorator to None, run_after=None
[2026-07-13T12:43:49.376+0000] {processor.py:183} INFO - Processing /home/airflow/.local/lib/python3.8/site-packages/airflow/example_dags/example_python_decorator.py took 0.095 seconds
[2026-07-13T12:44:20.379+0000] {processor.py:161} INFO - Started process (PID=1552) to work on /home/airflow/.local/lib/python3.8/site-packages/airflow/example_dags/example_python_decorator.py
[2026-07-13T12:44:20.380+0000] {processor.py:830} INFO - Processing file /home/airflow/.local/lib/python3.8/site-packages/airflow/example_dags/example_python_decorator.py for tasks to queue
[2026-07-13T12:44:20.381+0000] {logging_mixin.py:188} INFO - [2026-07-13T12:44:20.381+0000] {dagbag.py:538} INFO - Filling up the DagBag from /home/airflow/.local/lib/python3.8/site-packages/airflow/example_dags/example_python_decorator.py
[2026-07-13T12:44:20.390+0000] {processor.py:840} INFO - DAG(s) 'example_python_decorator' retrieved from /home/airflow/.local/lib/python3.8/site-packages/airflow/example_dags/example_python_decorator.py
[2026-07-13T12:44:20.405+0000] {logging_mixin.py:188} INFO - [2026-07-13T12:44:20.405+0000] {dag.py:3036} INFO - Sync 1 DAGs
[2026-07-13T12:44:20.414+0000] {logging_mixin.py:188} INFO - [2026-07-13T12:44:20.414+0000] {dag.py:3823} INFO - Setting next_dagrun for example_python_decorator to None, run_after=None
[2026-07-13T12:44:20.428+0000] {processor.py:183} INFO - Processing /home/airflow/.local/lib/python3.8/site-packages/airflow/example_dags/example_python_decorator.py took 0.052 seconds
[2026-07-13T12:44:52.268+0000] {processor.py:161} INFO - Started process (PID=1608) to work on /home/airflow/.local/lib/python3.8/site-packages/airflow/example_dags/example_python_decorator.py
[2026-07-13T12:44:52.270+0000] {processor.py:830} INFO - Processing file /home/airflow/.local/lib/python3.8/site-packages/airflow/example_dags/example_python_decorator.py for tasks to queue
[2026-07-13T12:44:52.273+0000] {logging_mixin.py:188} INFO - [2026-07-13T12:44:52.273+0000] {dagbag.py:538} INFO - Filling up the DagBag from /home/airflow/.local/lib/python3.8/site-packages/airflow/example_dags/example_python_decorator.py
[2026-07-13T12:44:52.292+0000] {processor.py:840} INFO - DAG(s) 'example_python_decorator' retrieved from /home/airflow/.local/lib/python3.8/site-packages/airflow/example_dags/example_python_decorator.py
[2026-07-13T12:44:52.325+0000] {logging_mixin.py:188} INFO - [2026-07-13T12:44:52.325+0000] {dag.py:3036} INFO - Sync 1 DAGs
[2026-07-13T12:44:52.337+0000] {logging_mixin.py:188} INFO - [2026-07-13T12:44:52.337+0000] {dag.py:3823} INFO - Setting next_dagrun for example_python_decorator to None, run_after=None
[2026-07-13T12:44:52.355+0000] {processor.py:183} INFO - Processing /home/airflow/.local/lib/python3.8/site-packages/airflow/example_dags/example_python_decorator.py took 0.093 seconds
[2026-07-13T12:45:24.497+0000] {processor.py:161} INFO - Started process (PID=1664) to work on /home/airflow/.local/lib/python3.8/site-packages/airflow/example_dags/example_python_decorator.py
[2026-07-13T12:45:24.497+0000] {processor.py:830} INFO - Processing file /home/airflow/.local/lib/python3.8/site-packages/airflow/example_dags/example_python_decorator.py for tasks to queue
[2026-07-13T12:45:24.499+0000] {logging_mixin.py:188} INFO - [2026-07-13T12:45:24.499+0000] {dagbag.py:538} INFO - Filling up the DagBag from /home/airflow/.local/lib/python3.8/site-packages/airflow/example_dags/example_python_decorator.py
[2026-07-13T12:45:24.508+0000] {processor.py:840} INFO - DAG(s) 'example_python_decorator' retrieved from /home/airflow/.local/lib/python3.8/site-packages/airflow/example_dags/example_python_decorator.py
[2026-07-13T12:45:24.524+0000] {logging_mixin.py:188} INFO - [2026-07-13T12:45:24.524+0000] {dag.py:3036} INFO - Sync 1 DAGs
[2026-07-13T12:45:24.534+0000] {logging_mixin.py:188} INFO - [2026-07-13T12:45:24.534+0000] {dag.py:3823} INFO - Setting next_dagrun for example_python_decorator to None, run_after=None
[2026-07-13T12:45:24.549+0000] {processor.py:183} INFO - Processing /home/airflow/.local/lib/python3.8/site-packages/airflow/example_dags/example_python_decorator.py took 0.055 seconds
[2026-07-13T12:45:56.254+0000] {processor.py:161} INFO - Started process (PID=1720) to work on /home/airflow/.local/lib/python3.8/site-packages/airflow/example_dags/example_python_decorator.py
[2026-07-13T12:45:56.255+0000] {processor.py:830} INFO - Processing file /home/airflow/.local/lib/python3.8/site-packages/airflow/example_dags/example_python_decorator.py for tasks to queue
[2026-07-13T12:45:56.257+0000] {logging_mixin.py:188} INFO - [2026-07-13T12:45:56.257+0000] {dagbag.py:538} INFO - Filling up the DagBag from /home/airflow/.local/lib/python3.8/site-packages/airflow/example_dags/example_python_decorator.py
[2026-07-13T12:45:56.269+0000] {processor.py:840} INFO - DAG(s) 'example_python_decorator' retrieved from /home/airflow/.local/lib/python3.8/site-packages/airflow/example_dags/example_python_decorator.py
[2026-07-13T12:45:56.291+0000] {logging_mixin.py:188} INFO - [2026-07-13T12:45:56.291+0000] {dag.py:3036} INFO - Sync 1 DAGs
[2026-07-13T12:45:56.301+0000] {logging_mixin.py:188} INFO - [2026-07-13T12:45:56.301+0000] {dag.py:3823} INFO - Setting next_dagrun for example_python_decorator to None, run_after=None
[2026-07-13T12:45:56.320+0000] {processor.py:183} INFO - Processing /home/airflow/.local/lib/python3.8/site-packages/airflow/example_dags/example_python_decorator.py took 0.070 seconds
[2026-07-13T12:46:28.679+0000] {processor.py:161} INFO - Started process (PID=1776) to work on /home/airflow/.local/lib/python3.8/site-packages/airflow/example_dags/example_python_decorator.py
[2026-07-13T12:46:28.680+0000] {processor.py:830} INFO - Processing file /home/airflow/.local/lib/python3.8/site-packages/airflow/example_dags/example_python_decorator.py for tasks to queue
[2026-07-13T12:46:28.681+0000] {logging_mixin.py:188} INFO - [2026-07-13T12:46:28.681+0000] {dagbag.py:538} INFO - Filling up the DagBag from /home/airflow/.local/lib/python3.8/site-packages/airflow/example_dags/example_python_decorator.py
[2026-07-13T12:46:28.690+0000] {processor.py:840} INFO - DAG(s) 'example_python_decorator' retrieved from /home/airflow/.local/lib/python3.8/site-packages/airflow/example_dags/example_python_decorator.py
[2026-07-13T12:46:28.705+0000] {logging_mixin.py:188} INFO - [2026-07-13T12:46:28.705+0000] {dag.py:3036} INFO - Sync 1 DAGs
[2026-07-13T12:46:28.714+0000] {logging_mixin.py:188} INFO - [2026-07-13T12:46:28.714+0000] {dag.py:3823} INFO - Setting next_dagrun for example_python_decorator to None, run_after=None
[2026-07-13T12:46:28.727+0000] {processor.py:183} INFO - Processing /home/airflow/.local/lib/python3.8/site-packages/airflow/example_dags/example_python_decorator.py took 0.050 seconds
[2026-07-13T12:47:00.794+0000] {processor.py:161} INFO - Started process (PID=1832) to work on /home/airflow/.local/lib/python3.8/site-packages/airflow/example_dags/example_python_decorator.py
[2026-07-13T12:47:00.795+0000] {processor.py:830} INFO - Processing file /home/airflow/.local/lib/python3.8/site-packages/airflow/example_dags/example_python_decorator.py for tasks to queue
[2026-07-13T12:47:00.797+0000] {logging_mixin.py:188} INFO - [2026-07-13T12:47:00.796+0000] {dagbag.py:538} INFO - Filling up the DagBag from /home/airflow/.local/lib/python3.8/site-packages/airflow/example_dags/example_python_decorator.py
[2026-07-13T12:47:00.806+0000] {processor.py:840} INFO - DAG(s) 'example_python_decorator' retrieved from /home/airflow/.local/lib/python3.8/site-packages/airflow/example_dags/example_python_decorator.py
[2026-07-13T12:47:00.832+0000] {logging_mixin.py:188} INFO - [2026-07-13T12:47:00.832+0000] {dag.py:3036} INFO - Sync 1 DAGs
[2026-07-13T12:47:00.843+0000] {logging_mixin.py:188} INFO - [2026-07-13T12:47:00.842+0000] {dag.py:3823} INFO - Setting next_dagrun for example_python_decorator to None, run_after=None
[2026-07-13T12:47:00.860+0000] {processor.py:183} INFO - Processing /home/airflow/.local/lib/python3.8/site-packages/airflow/example_dags/example_python_decorator.py took 0.068 seconds
[2026-07-13T12:47:32.050+0000] {processor.py:161} INFO - Started process (PID=1888) to work on /home/airflow/.local/lib/python3.8/site-packages/airflow/example_dags/example_python_decorator.py
[2026-07-13T12:47:32.051+0000] {processor.py:830} INFO - Processing file /home/airflow/.local/lib/python3.8/site-packages/airflow/example_dags/example_python_decorator.py for tasks to queue
[2026-07-13T12:47:32.053+0000] {logging_mixin.py:188} INFO - [2026-07-13T12:47:32.052+0000] {dagbag.py:538} INFO - Filling up the DagBag from /home/airflow/.local/lib/python3.8/site-packages/airflow/example_dags/example_python_decorator.py
[2026-07-13T12:47:32.062+0000] {processor.py:840} INFO - DAG(s) 'example_python_decorator' retrieved from /home/airflow/.local/lib/python3.8/site-packages/airflow/example_dags/example_python_decorator.py
[2026-07-13T12:47:32.076+0000] {logging_mixin.py:188} INFO - [2026-07-13T12:47:32.076+0000] {dag.py:3036} INFO - Sync 1 DAGs
[2026-07-13T12:47:32.085+0000] {logging_mixin.py:188} INFO - [2026-07-13T12:47:32.085+0000] {dag.py:3823} INFO - Setting next_dagrun for example_python_decorator to None, run_after=None
[2026-07-13T12:47:32.098+0000] {processor.py:183} INFO - Processing /home/airflow/.local/lib/python3.8/site-packages/airflow/example_dags/example_python_decorator.py took 0.050 seconds
[2026-07-13T12:48:04.581+0000] {processor.py:161} INFO - Started process (PID=1944) to work on /home/airflow/.local/lib/python3.8/site-packages/airflow/example_dags/example_python_decorator.py
[2026-07-13T12:48:04.582+0000] {processor.py:830} INFO - Processing file /home/airflow/.local/lib/python3.8/site-packages/airflow/example_dags/example_python_decorator.py for tasks to queue
[2026-07-13T12:48:04.584+0000] {logging_mixin.py:188} INFO - [2026-07-13T12:48:04.584+0000] {dagbag.py:538} INFO - Filling up the DagBag from /home/airflow/.local/lib/python3.8/site-packages/airflow/example_dags/example_python_decorator.py
[2026-07-13T12:48:04.595+0000] {processor.py:840} INFO - DAG(s) 'example_python_decorator' retrieved from /home/airflow/.local/lib/python3.8/site-packages/airflow/example_dags/example_python_decorator.py
[2026-07-13T12:48:04.612+0000] {logging_mixin.py:188} INFO - [2026-07-13T12:48:04.612+0000] {dag.py:3036} INFO - Sync 1 DAGs
[2026-07-13T12:48:04.622+0000] {logging_mixin.py:188} INFO - [2026-07-13T12:48:04.621+0000] {dag.py:3823} INFO - Setting next_dagrun for example_python_decorator to None, run_after=None
[2026-07-13T12:48:04.636+0000] {processor.py:183} INFO - Processing /home/airflow/.local/lib/python3.8/site-packages/airflow/example_dags/example_python_decorator.py took 0.059 seconds
[2026-07-13T12:48:36.540+0000] {processor.py:161} INFO - Started process (PID=2000) to work on /home/airflow/.local/lib/python3.8/site-packages/airflow/example_dags/example_python_decorator.py
[2026-07-13T12:48:36.541+0000] {processor.py:830} INFO - Processing file /home/airflow/.local/lib/python3.8/site-packages/airflow/example_dags/example_python_decorator.py for tasks to queue
[2026-07-13T12:48:36.543+0000] {logging_mixin.py:188} INFO - [2026-07-13T12:48:36.542+0000] {dagbag.py:538} INFO - Filling up the DagBag from /home/airflow/.local/lib/python3.8/site-packages/airflow/example_dags/example_python_decorator.py
[2026-07-13T12:48:36.552+0000] {processor.py:840} INFO - DAG(s) 'example_python_decorator' retrieved from /home/airflow/.local/lib/python3.8/site-packages/airflow/example_dags/example_python_decorator.py
[2026-07-13T12:48:36.569+0000] {logging_mixin.py:188} INFO - [2026-07-13T12:48:36.569+0000] {dag.py:3036} INFO - Sync 1 DAGs
[2026-07-13T12:48:36.578+0000] {logging_mixin.py:188} INFO - [2026-07-13T12:48:36.578+0000] {dag.py:3823} INFO - Setting next_dagrun for example_python_decorator to None, run_after=None
[2026-07-13T12:48:36.593+0000] {processor.py:183} INFO - Processing /home/airflow/.local/lib/python3.8/site-packages/airflow/example_dags/example_python_decorator.py took 0.056 seconds
[2026-07-13T12:49:13.477+0000] {processor.py:161} INFO - Started process (PID=2064) to work on /home/airflow/.local/lib/python3.8/site-packages/airflow/example_dags/example_python_decorator.py
[2026-07-13T12:49:13.485+0000] {processor.py:830} INFO - Processing file /home/airflow/.local/lib/python3.8/site-packages/airflow/example_dags/example_python_decorator.py for tasks to queue
[2026-07-13T12:49:13.488+0000] {logging_mixin.py:188} INFO - [2026-07-13T12:49:13.487+0000] {dagbag.py:538} INFO - Filling up the DagBag from /home/airflow/.local/lib/python3.8/site-packages/airflow/example_dags/example_python_decorator.py
[2026-07-13T12:49:13.511+0000] {processor.py:840} INFO - DAG(s) 'example_python_decorator' retrieved from /home/airflow/.local/lib/python3.8/site-packages/airflow/example_dags/example_python_decorator.py
[2026-07-13T12:49:13.553+0000] {logging_mixin.py:188} INFO - [2026-07-13T12:49:13.553+0000] {dag.py:3036} INFO - Sync 1 DAGs
[2026-07-13T12:49:13.579+0000] {logging_mixin.py:188} INFO - [2026-07-13T12:49:13.578+0000] {dag.py:3823} INFO - Setting next_dagrun for example_python_decorator to None, run_after=None
[2026-07-13T12:49:13.633+0000] {processor.py:183} INFO - Processing /home/airflow/.local/lib/python3.8/site-packages/airflow/example_dags/example_python_decorator.py took 0.164 seconds
[2026-07-13T13:04:34.881+0000] {processor.py:161} INFO - Started process (PID=83) to work on /home/airflow/.local/lib/python3.8/site-packages/airflow/example_dags/example_python_decorator.py
[2026-07-13T13:04:34.882+0000] {processor.py:830} INFO - Processing file /home/airflow/.local/lib/python3.8/site-packages/airflow/example_dags/example_python_decorator.py for tasks to queue
[2026-07-13T13:04:34.884+0000] {logging_mixin.py:188} INFO - [2026-07-13T13:04:34.883+0000] {dagbag.py:538} INFO - Filling up the DagBag from /home/airflow/.local/lib/python3.8/site-packages/airflow/example_dags/example_python_decorator.py
[2026-07-13T13:04:34.892+0000] {processor.py:840} INFO - DAG(s) 'example_python_decorator' retrieved from /home/airflow/.local/lib/python3.8/site-packages/airflow/example_dags/example_python_decorator.py
[2026-07-13T13:04:34.953+0000] {logging_mixin.py:188} INFO - [2026-07-13T13:04:34.953+0000] {dag.py:3036} INFO - Sync 1 DAGs
[2026-07-13T13:04:34.961+0000] {logging_mixin.py:188} INFO - [2026-07-13T13:04:34.961+0000] {dag.py:3823} INFO - Setting next_dagrun for example_python_decorator to None, run_after=None
[2026-07-13T13:04:34.974+0000] {processor.py:183} INFO - Processing /home/airflow/.local/lib/python3.8/site-packages/airflow/example_dags/example_python_decorator.py took 0.095 seconds
[2026-07-13T13:05:05.844+0000] {processor.py:161} INFO - Started process (PID=139) to work on /home/airflow/.local/lib/python3.8/site-packages/airflow/example_dags/example_python_decorator.py
[2026-07-13T13:05:05.845+0000] {processor.py:830} INFO - Processing file /home/airflow/.local/lib/python3.8/site-packages/airflow/example_dags/example_python_decorator.py for tasks to queue
[2026-07-13T13:05:05.846+0000] {logging_mixin.py:188} INFO - [2026-07-13T13:05:05.846+0000] {dagbag.py:538} INFO - Filling up the DagBag from /home/airflow/.local/lib/python3.8/site-packages/airflow/example_dags/example_python_decorator.py
[2026-07-13T13:05:05.856+0000] {processor.py:840} INFO - DAG(s) 'example_python_decorator' retrieved from /home/airflow/.local/lib/python3.8/site-packages/airflow/example_dags/example_python_decorator.py
[2026-07-13T13:05:05.872+0000] {logging_mixin.py:188} INFO - [2026-07-13T13:05:05.872+0000] {dag.py:3036} INFO - Sync 1 DAGs
[2026-07-13T13:05:05.880+0000] {logging_mixin.py:188} INFO - [2026-07-13T13:05:05.880+0000] {dag.py:3823} INFO - Setting next_dagrun for example_python_decorator to None, run_after=None
[2026-07-13T13:05:05.894+0000] {processor.py:183} INFO - Processing /home/airflow/.local/lib/python3.8/site-packages/airflow/example_dags/example_python_decorator.py took 0.053 seconds
[2026-07-13T13:05:36.484+0000] {processor.py:161} INFO - Started process (PID=196) to work on /home/airflow/.local/lib/python3.8/site-packages/airflow/example_dags/example_python_decorator.py
[2026-07-13T13:05:36.485+0000] {processor.py:830} INFO - Processing file /home/airflow/.local/lib/python3.8/site-packages/airflow/example_dags/example_python_decorator.py for tasks to queue
[2026-07-13T13:05:36.486+0000] {logging_mixin.py:188} INFO - [2026-07-13T13:05:36.486+0000] {dagbag.py:538} INFO - Filling up the DagBag from /home/airflow/.local/lib/python3.8/site-packages/airflow/example_dags/example_python_decorator.py
[2026-07-13T13:05:36.495+0000] {processor.py:840} INFO - DAG(s) 'example_python_decorator' retrieved from /home/airflow/.local/lib/python3.8/site-packages/airflow/example_dags/example_python_decorator.py
[2026-07-13T13:05:36.510+0000] {logging_mixin.py:188} INFO - [2026-07-13T13:05:36.509+0000] {dag.py:3036} INFO - Sync 1 DAGs
[2026-07-13T13:05:36.517+0000] {logging_mixin.py:188} INFO - [2026-07-13T13:05:36.517+0000] {dag.py:3823} INFO - Setting next_dagrun for example_python_decorator to None, run_after=None
[2026-07-13T13:05:36.530+0000] {processor.py:183} INFO - Processing /home/airflow/.local/lib/python3.8/site-packages/airflow/example_dags/example_python_decorator.py took 0.048 seconds
[2026-07-13T13:06:06.716+0000] {processor.py:161} INFO - Started process (PID=253) to work on /home/airflow/.local/lib/python3.8/site-packages/airflow/example_dags/example_python_decorator.py
[2026-07-13T13:06:06.717+0000] {processor.py:830} INFO - Processing file /home/airflow/.local/lib/python3.8/site-packages/airflow/example_dags/example_python_decorator.py for tasks to queue
[2026-07-13T13:06:06.718+0000] {logging_mixin.py:188} INFO - [2026-07-13T13:06:06.718+0000] {dagbag.py:538} INFO - Filling up the DagBag from /home/airflow/.local/lib/python3.8/site-packages/airflow/example_dags/example_python_decorator.py
[2026-07-13T13:06:06.727+0000] {processor.py:840} INFO - DAG(s) 'example_python_decorator' retrieved from /home/airflow/.local/lib/python3.8/site-packages/airflow/example_dags/example_python_decorator.py
[2026-07-13T13:06:06.741+0000] {logging_mixin.py:188} INFO - [2026-07-13T13:06:06.741+0000] {dag.py:3036} INFO - Sync 1 DAGs
[2026-07-13T13:06:06.749+0000] {logging_mixin.py:188} INFO - [2026-07-13T13:06:06.749+0000] {dag.py:3823} INFO - Setting next_dagrun for example_python_decorator to None, run_after=None
[2026-07-13T13:06:06.762+0000] {processor.py:183} INFO - Processing /home/airflow/.local/lib/python3.8/site-packages/airflow/example_dags/example_python_decorator.py took 0.048 seconds
[2026-07-13T13:06:38.300+0000] {processor.py:161} INFO - Started process (PID=309) to work on /home/airflow/.local/lib/python3.8/site-packages/airflow/example_dags/example_python_decorator.py
[2026-07-13T13:06:38.304+0000] {processor.py:830} INFO - Processing file /home/airflow/.local/lib/python3.8/site-packages/airflow/example_dags/example_python_decorator.py for tasks to queue
[2026-07-13T13:06:38.305+0000] {logging_mixin.py:188} INFO - [2026-07-13T13:06:38.305+0000] {dagbag.py:538} INFO - Filling up the DagBag from /home/airflow/.local/lib/python3.8/site-packages/airflow/example_dags/example_python_decorator.py
[2026-07-13T13:06:38.316+0000] {processor.py:840} INFO - DAG(s) 'example_python_decorator' retrieved from /home/airflow/.local/lib/python3.8/site-packages/airflow/example_dags/example_python_decorator.py
[2026-07-13T13:06:38.342+0000] {logging_mixin.py:188} INFO - [2026-07-13T13:06:38.342+0000] {dag.py:3036} INFO - Sync 1 DAGs
[2026-07-13T13:06:38.353+0000] {logging_mixin.py:188} INFO - [2026-07-13T13:06:38.353+0000] {dag.py:3823} INFO - Setting next_dagrun for example_python_decorator to None, run_after=None
[2026-07-13T13:06:38.373+0000] {processor.py:183} INFO - Processing /home/airflow/.local/lib/python3.8/site-packages/airflow/example_dags/example_python_decorator.py took 0.077 seconds
[2026-07-13T13:07:09.260+0000] {processor.py:161} INFO - Started process (PID=364) to work on /home/airflow/.local/lib/python3.8/site-packages/airflow/example_dags/example_python_decorator.py
[2026-07-13T13:07:09.261+0000] {processor.py:830} INFO - Processing file /home/airflow/.local/lib/python3.8/site-packages/airflow/example_dags/example_python_decorator.py for tasks to queue
[2026-07-13T13:07:09.262+0000] {logging_mixin.py:188} INFO - [2026-07-13T13:07:09.262+0000] {dagbag.py:538} INFO - Filling up the DagBag from /home/airflow/.local/lib/python3.8/site-packages/airflow/example_dags/example_python_decorator.py
[2026-07-13T13:07:09.271+0000] {processor.py:840} INFO - DAG(s) 'example_python_decorator' retrieved from /home/airflow/.local/lib/python3.8/site-packages/airflow/example_dags/example_python_decorator.py
[2026-07-13T13:07:09.286+0000] {logging_mixin.py:188} INFO - [2026-07-13T13:07:09.286+0000] {dag.py:3036} INFO - Sync 1 DAGs
[2026-07-13T13:07:09.294+0000] {logging_mixin.py:188} INFO - [2026-07-13T13:07:09.294+0000] {dag.py:3823} INFO - Setting next_dagrun for example_python_decorator to None, run_after=None
[2026-07-13T13:07:09.306+0000] {processor.py:183} INFO - Processing /home/airflow/.local/lib/python3.8/site-packages/airflow/example_dags/example_python_decorator.py took 0.049 seconds
[2026-07-13T13:07:40.284+0000] {processor.py:161} INFO - Started process (PID=420) to work on /home/airflow/.local/lib/python3.8/site-packages/airflow/example_dags/example_python_decorator.py
[2026-07-13T13:07:40.285+0000] {processor.py:830} INFO - Processing file /home/airflow/.local/lib/python3.8/site-packages/airflow/example_dags/example_python_decorator.py for tasks to queue
[2026-07-13T13:07:40.287+0000] {logging_mixin.py:188} INFO - [2026-07-13T13:07:40.287+0000] {dagbag.py:538} INFO - Filling up the DagBag from /home/airflow/.local/lib/python3.8/site-packages/airflow/example_dags/example_python_decorator.py
[2026-07-13T13:07:40.296+0000] {processor.py:840} INFO - DAG(s) 'example_python_decorator' retrieved from /home/airflow/.local/lib/python3.8/site-packages/airflow/example_dags/example_python_decorator.py
[2026-07-13T13:07:40.310+0000] {logging_mixin.py:188} INFO - [2026-07-13T13:07:40.310+0000] {dag.py:3036} INFO - Sync 1 DAGs
[2026-07-13T13:07:40.318+0000] {logging_mixin.py:188} INFO - [2026-07-13T13:07:40.318+0000] {dag.py:3823} INFO - Setting next_dagrun for example_python_decorator to None, run_after=None
[2026-07-13T13:07:40.330+0000] {processor.py:183} INFO - Processing /home/airflow/.local/lib/python3.8/site-packages/airflow/example_dags/example_python_decorator.py took 0.048 seconds
[2026-07-13T13:08:11.527+0000] {processor.py:161} INFO - Started process (PID=476) to work on /home/airflow/.local/lib/python3.8/site-packages/airflow/example_dags/example_python_decorator.py
[2026-07-13T13:08:11.528+0000] {processor.py:830} INFO - Processing file /home/airflow/.local/lib/python3.8/site-packages/airflow/example_dags/example_python_decorator.py for tasks to queue
[2026-07-13T13:08:11.530+0000] {logging_mixin.py:188} INFO - [2026-07-13T13:08:11.529+0000] {dagbag.py:538} INFO - Filling up the DagBag from /home/airflow/.local/lib/python3.8/site-packages/airflow/example_dags/example_python_decorator.py
[2026-07-13T13:08:11.540+0000] {processor.py:840} INFO - DAG(s) 'example_python_decorator' retrieved from /home/airflow/.local/lib/python3.8/site-packages/airflow/example_dags/example_python_decorator.py
[2026-07-13T13:08:11.557+0000] {logging_mixin.py:188} INFO - [2026-07-13T13:08:11.556+0000] {dag.py:3036} INFO - Sync 1 DAGs
[2026-07-13T13:08:11.565+0000] {logging_mixin.py:188} INFO - [2026-07-13T13:08:11.565+0000] {dag.py:3823} INFO - Setting next_dagrun for example_python_decorator to None, run_after=None
[2026-07-13T13:08:11.579+0000] {processor.py:183} INFO - Processing /home/airflow/.local/lib/python3.8/site-packages/airflow/example_dags/example_python_decorator.py took 0.055 seconds
[2026-07-13T13:08:42.982+0000] {processor.py:161} INFO - Started process (PID=532) to work on /home/airflow/.local/lib/python3.8/site-packages/airflow/example_dags/example_python_decorator.py
[2026-07-13T13:08:42.983+0000] {processor.py:830} INFO - Processing file /home/airflow/.local/lib/python3.8/site-packages/airflow/example_dags/example_python_decorator.py for tasks to queue
[2026-07-13T13:08:42.985+0000] {logging_mixin.py:188} INFO - [2026-07-13T13:08:42.984+0000] {dagbag.py:538} INFO - Filling up the DagBag from /home/airflow/.local/lib/python3.8/site-packages/airflow/example_dags/example_python_decorator.py
[2026-07-13T13:08:42.998+0000] {processor.py:840} INFO - DAG(s) 'example_python_decorator' retrieved from /home/airflow/.local/lib/python3.8/site-packages/airflow/example_dags/example_python_decorator.py
[2026-07-13T13:08:43.016+0000] {logging_mixin.py:188} INFO - [2026-07-13T13:08:43.016+0000] {dag.py:3036} INFO - Sync 1 DAGs
[2026-07-13T13:08:43.027+0000] {logging_mixin.py:188} INFO - [2026-07-13T13:08:43.027+0000] {dag.py:3823} INFO - Setting next_dagrun for example_python_decorator to None, run_after=None
[2026-07-13T13:08:43.044+0000] {processor.py:183} INFO - Processing /home/airflow/.local/lib/python3.8/site-packages/airflow/example_dags/example_python_decorator.py took 0.065 seconds
[2026-07-13T13:09:15.896+0000] {processor.py:161} INFO - Started process (PID=588) to work on /home/airflow/.local/lib/python3.8/site-packages/airflow/example_dags/example_python_decorator.py
[2026-07-13T13:09:15.897+0000] {processor.py:830} INFO - Processing file /home/airflow/.local/lib/python3.8/site-packages/airflow/example_dags/example_python_decorator.py for tasks to queue
[2026-07-13T13:09:15.899+0000] {logging_mixin.py:188} INFO - [2026-07-13T13:09:15.898+0000] {dagbag.py:538} INFO - Filling up the DagBag from /home/airflow/.local/lib/python3.8/site-packages/airflow/example_dags/example_python_decorator.py
[2026-07-13T13:09:15.910+0000] {processor.py:840} INFO - DAG(s) 'example_python_decorator' retrieved from /home/airflow/.local/lib/python3.8/site-packages/airflow/example_dags/example_python_decorator.py
[2026-07-13T13:09:15.933+0000] {logging_mixin.py:188} INFO - [2026-07-13T13:09:15.933+0000] {dag.py:3036} INFO - Sync 1 DAGs
[2026-07-13T13:09:15.946+0000] {logging_mixin.py:188} INFO - [2026-07-13T13:09:15.946+0000] {dag.py:3823} INFO - Setting next_dagrun for example_python_decorator to None, run_after=None
[2026-07-13T13:09:15.970+0000] {processor.py:183} INFO - Processing /home/airflow/.local/lib/python3.8/site-packages/airflow/example_dags/example_python_decorator.py took 0.078 seconds
[2026-07-13T13:11:57.794+0000] {processor.py:161} INFO - Started process (PID=114) to work on /home/airflow/.local/lib/python3.8/site-packages/airflow/example_dags/example_python_decorator.py
[2026-07-13T13:11:57.796+0000] {processor.py:830} INFO - Processing file /home/airflow/.local/lib/python3.8/site-packages/airflow/example_dags/example_python_decorator.py for tasks to queue
[2026-07-13T13:11:57.799+0000] {logging_mixin.py:188} INFO - [2026-07-13T13:11:57.799+0000] {dagbag.py:538} INFO - Filling up the DagBag from /home/airflow/.local/lib/python3.8/site-packages/airflow/example_dags/example_python_decorator.py
[2026-07-13T13:11:57.818+0000] {processor.py:840} INFO - DAG(s) 'example_python_decorator' retrieved from /home/airflow/.local/lib/python3.8/site-packages/airflow/example_dags/example_python_decorator.py
[2026-07-13T13:11:57.933+0000] {logging_mixin.py:188} INFO - [2026-07-13T13:11:57.933+0000] {dag.py:3036} INFO - Sync 1 DAGs
[2026-07-13T13:11:57.944+0000] {logging_mixin.py:188} INFO - [2026-07-13T13:11:57.944+0000] {dag.py:3823} INFO - Setting next_dagrun for example_python_decorator to None, run_after=None
[2026-07-13T13:11:57.975+0000] {processor.py:183} INFO - Processing /home/airflow/.local/lib/python3.8/site-packages/airflow/example_dags/example_python_decorator.py took 0.185 seconds
[2026-07-13T13:12:28.573+0000] {processor.py:161} INFO - Started process (PID=170) to work on /home/airflow/.local/lib/python3.8/site-packages/airflow/example_dags/example_python_decorator.py
[2026-07-13T13:12:28.574+0000] {processor.py:830} INFO - Processing file /home/airflow/.local/lib/python3.8/site-packages/airflow/example_dags/example_python_decorator.py for tasks to queue
[2026-07-13T13:12:28.575+0000] {logging_mixin.py:188} INFO - [2026-07-13T13:12:28.575+0000] {dagbag.py:538} INFO - Filling up the DagBag from /home/airflow/.local/lib/python3.8/site-packages/airflow/example_dags/example_python_decorator.py
[2026-07-13T13:12:28.585+0000] {processor.py:840} INFO - DAG(s) 'example_python_decorator' retrieved from /home/airflow/.local/lib/python3.8/site-packages/airflow/example_dags/example_python_decorator.py
[2026-07-13T13:12:28.603+0000] {logging_mixin.py:188} INFO - [2026-07-13T13:12:28.603+0000] {dag.py:3036} INFO - Sync 1 DAGs
[2026-07-13T13:12:28.612+0000] {logging_mixin.py:188} INFO - [2026-07-13T13:12:28.612+0000] {dag.py:3823} INFO - Setting next_dagrun for example_python_decorator to None, run_after=None
[2026-07-13T13:12:28.627+0000] {processor.py:183} INFO - Processing /home/airflow/.local/lib/python3.8/site-packages/airflow/example_dags/example_python_decorator.py took 0.058 seconds
[2026-07-13T13:12:59.391+0000] {processor.py:161} INFO - Started process (PID=226) to work on /home/airflow/.local/lib/python3.8/site-packages/airflow/example_dags/example_python_decorator.py
[2026-07-13T13:12:59.392+0000] {processor.py:830} INFO - Processing file /home/airflow/.local/lib/python3.8/site-packages/airflow/example_dags/example_python_decorator.py for tasks to queue
[2026-07-13T13:12:59.394+0000] {logging_mixin.py:188} INFO - [2026-07-13T13:12:59.394+0000] {dagbag.py:538} INFO - Filling up the DagBag from /home/airflow/.local/lib/python3.8/site-packages/airflow/example_dags/example_python_decorator.py
[2026-07-13T13:12:59.403+0000] {processor.py:840} INFO - DAG(s) 'example_python_decorator' retrieved from /home/airflow/.local/lib/python3.8/site-packages/airflow/example_dags/example_python_decorator.py
[2026-07-13T13:12:59.419+0000] {logging_mixin.py:188} INFO - [2026-07-13T13:12:59.418+0000] {dag.py:3036} INFO - Sync 1 DAGs
[2026-07-13T13:12:59.427+0000] {logging_mixin.py:188} INFO - [2026-07-13T13:12:59.427+0000] {dag.py:3823} INFO - Setting next_dagrun for example_python_decorator to None, run_after=None
[2026-07-13T13:12:59.443+0000] {processor.py:183} INFO - Processing /home/airflow/.local/lib/python3.8/site-packages/airflow/example_dags/example_python_decorator.py took 0.055 seconds
[2026-07-13T13:13:30.232+0000] {processor.py:161} INFO - Started process (PID=282) to work on /home/airflow/.local/lib/python3.8/site-packages/airflow/example_dags/example_python_decorator.py
[2026-07-13T13:13:30.233+0000] {processor.py:830} INFO - Processing file /home/airflow/.local/lib/python3.8/site-packages/airflow/example_dags/example_python_decorator.py for tasks to queue
[2026-07-13T13:13:30.235+0000] {logging_mixin.py:188} INFO - [2026-07-13T13:13:30.235+0000] {dagbag.py:538} INFO - Filling up the DagBag from /home/airflow/.local/lib/python3.8/site-packages/airflow/example_dags/example_python_decorator.py
[2026-07-13T13:13:30.246+0000] {processor.py:840} INFO - DAG(s) 'example_python_decorator' retrieved from /home/airflow/.local/lib/python3.8/site-packages/airflow/example_dags/example_python_decorator.py
[2026-07-13T13:13:30.262+0000] {logging_mixin.py:188} INFO - [2026-07-13T13:13:30.262+0000] {dag.py:3036} INFO - Sync 1 DAGs
[2026-07-13T13:13:30.270+0000] {logging_mixin.py:188} INFO - [2026-07-13T13:13:30.270+0000] {dag.py:3823} INFO - Setting next_dagrun for example_python_decorator to None, run_after=None
[2026-07-13T13:13:30.295+0000] {processor.py:183} INFO - Processing /home/airflow/.local/lib/python3.8/site-packages/airflow/example_dags/example_python_decorator.py took 0.065 seconds
[2026-07-13T13:14:01.766+0000] {processor.py:161} INFO - Started process (PID=332) to work on /home/airflow/.local/lib/python3.8/site-packages/airflow/example_dags/example_python_decorator.py
[2026-07-13T13:14:01.767+0000] {processor.py:830} INFO - Processing file /home/airflow/.local/lib/python3.8/site-packages/airflow/example_dags/example_python_decorator.py for tasks to queue
[2026-07-13T13:14:01.768+0000] {logging_mixin.py:188} INFO - [2026-07-13T13:14:01.768+0000] {dagbag.py:538} INFO - Filling up the DagBag from /home/airflow/.local/lib/python3.8/site-packages/airflow/example_dags/example_python_decorator.py
[2026-07-13T13:14:01.778+0000] {processor.py:840} INFO - DAG(s) 'example_python_decorator' retrieved from /home/airflow/.local/lib/python3.8/site-packages/airflow/example_dags/example_python_decorator.py
[2026-07-13T13:14:01.794+0000] {logging_mixin.py:188} INFO - [2026-07-13T13:14:01.794+0000] {dag.py:3036} INFO - Sync 1 DAGs
[2026-07-13T13:14:01.805+0000] {logging_mixin.py:188} INFO - [2026-07-13T13:14:01.805+0000] {dag.py:3823} INFO - Setting next_dagrun for example_python_decorator to None, run_after=None
[2026-07-13T13:14:01.821+0000] {processor.py:183} INFO - Processing /home/airflow/.local/lib/python3.8/site-packages/airflow/example_dags/example_python_decorator.py took 0.058 seconds
[2026-07-13T13:14:34.331+0000] {processor.py:161} INFO - Started process (PID=394) to work on /home/airflow/.local/lib/python3.8/site-packages/airflow/example_dags/example_python_decorator.py
[2026-07-13T13:14:34.331+0000] {processor.py:830} INFO - Processing file /home/airflow/.local/lib/python3.8/site-packages/airflow/example_dags/example_python_decorator.py for tasks to queue
[2026-07-13T13:14:34.333+0000] {logging_mixin.py:188} INFO - [2026-07-13T13:14:34.333+0000] {dagbag.py:538} INFO - Filling up the DagBag from /home/airflow/.local/lib/python3.8/site-packages/airflow/example_dags/example_python_decorator.py
[2026-07-13T13:14:34.343+0000] {processor.py:840} INFO - DAG(s) 'example_python_decorator' retrieved from /home/airflow/.local/lib/python3.8/site-packages/airflow/example_dags/example_python_decorator.py
[2026-07-13T13:14:34.359+0000] {logging_mixin.py:188} INFO - [2026-07-13T13:14:34.359+0000] {dag.py:3036} INFO - Sync 1 DAGs
[2026-07-13T13:14:34.368+0000] {logging_mixin.py:188} INFO - [2026-07-13T13:14:34.368+0000] {dag.py:3823} INFO - Setting next_dagrun for example_python_decorator to None, run_after=None
[2026-07-13T13:14:34.382+0000] {processor.py:183} INFO - Processing /home/airflow/.local/lib/python3.8/site-packages/airflow/example_dags/example_python_decorator.py took 0.054 seconds
[2026-07-13T13:15:06.581+0000] {processor.py:161} INFO - Started process (PID=450) to work on /home/airflow/.local/lib/python3.8/site-packages/airflow/example_dags/example_python_decorator.py
[2026-07-13T13:15:06.582+0000] {processor.py:830} INFO - Processing file /home/airflow/.local/lib/python3.8/site-packages/airflow/example_dags/example_python_decorator.py for tasks to queue
[2026-07-13T13:15:06.583+0000] {logging_mixin.py:188} INFO - [2026-07-13T13:15:06.583+0000] {dagbag.py:538} INFO - Filling up the DagBag from /home/airflow/.local/lib/python3.8/site-packages/airflow/example_dags/example_python_decorator.py
[2026-07-13T13:15:06.593+0000] {processor.py:840} INFO - DAG(s) 'example_python_decorator' retrieved from /home/airflow/.local/lib/python3.8/site-packages/airflow/example_dags/example_python_decorator.py
[2026-07-13T13:15:06.609+0000] {logging_mixin.py:188} INFO - [2026-07-13T13:15:06.608+0000] {dag.py:3036} INFO - Sync 1 DAGs
[2026-07-13T13:15:06.618+0000] {logging_mixin.py:188} INFO - [2026-07-13T13:15:06.617+0000] {dag.py:3823} INFO - Setting next_dagrun for example_python_decorator to None, run_after=None
[2026-07-13T13:15:06.633+0000] {processor.py:183} INFO - Processing /home/airflow/.local/lib/python3.8/site-packages/airflow/example_dags/example_python_decorator.py took 0.055 seconds
[2026-07-13T13:15:38.237+0000] {processor.py:161} INFO - Started process (PID=500) to work on /home/airflow/.local/lib/python3.8/site-packages/airflow/example_dags/example_python_decorator.py
[2026-07-13T13:15:38.238+0000] {processor.py:830} INFO - Processing file /home/airflow/.local/lib/python3.8/site-packages/airflow/example_dags/example_python_decorator.py for tasks to queue
[2026-07-13T13:15:38.240+0000] {logging_mixin.py:188} INFO - [2026-07-13T13:15:38.240+0000] {dagbag.py:538} INFO - Filling up the DagBag from /home/airflow/.local/lib/python3.8/site-packages/airflow/example_dags/example_python_decorator.py
[2026-07-13T13:15:38.254+0000] {processor.py:840} INFO - DAG(s) 'example_python_decorator' retrieved from /home/airflow/.local/lib/python3.8/site-packages/airflow/example_dags/example_python_decorator.py
[2026-07-13T13:15:38.271+0000] {logging_mixin.py:188} INFO - [2026-07-13T13:15:38.270+0000] {dag.py:3036} INFO - Sync 1 DAGs
[2026-07-13T13:15:38.279+0000] {logging_mixin.py:188} INFO - [2026-07-13T13:15:38.279+0000] {dag.py:3823} INFO - Setting next_dagrun for example_python_decorator to None, run_after=None
[2026-07-13T13:15:38.293+0000] {processor.py:183} INFO - Processing /home/airflow/.local/lib/python3.8/site-packages/airflow/example_dags/example_python_decorator.py took 0.058 seconds
[2026-07-13T13:16:08.532+0000] {processor.py:161} INFO - Started process (PID=556) to work on /home/airflow/.local/lib/python3.8/site-packages/airflow/example_dags/example_python_decorator.py
[2026-07-13T13:16:08.533+0000] {processor.py:830} INFO - Processing file /home/airflow/.local/lib/python3.8/site-packages/airflow/example_dags/example_python_decorator.py for tasks to queue
[2026-07-13T13:16:08.534+0000] {logging_mixin.py:188} INFO - [2026-07-13T13:16:08.534+0000] {dagbag.py:538} INFO - Filling up the DagBag from /home/airflow/.local/lib/python3.8/site-packages/airflow/example_dags/example_python_decorator.py
[2026-07-13T13:16:08.544+0000] {processor.py:840} INFO - DAG(s) 'example_python_decorator' retrieved from /home/airflow/.local/lib/python3.8/site-packages/airflow/example_dags/example_python_decorator.py
[2026-07-13T13:16:08.560+0000] {logging_mixin.py:188} INFO - [2026-07-13T13:16:08.560+0000] {dag.py:3036} INFO - Sync 1 DAGs
[2026-07-13T13:16:08.570+0000] {logging_mixin.py:188} INFO - [2026-07-13T13:16:08.570+0000] {dag.py:3823} INFO - Setting next_dagrun for example_python_decorator to None, run_after=None
[2026-07-13T13:16:08.584+0000] {processor.py:183} INFO - Processing /home/airflow/.local/lib/python3.8/site-packages/airflow/example_dags/example_python_decorator.py took 0.055 seconds
[2026-07-13T13:16:38.776+0000] {processor.py:161} INFO - Started process (PID=612) to work on /home/airflow/.local/lib/python3.8/site-packages/airflow/example_dags/example_python_decorator.py
[2026-07-13T13:16:38.777+0000] {processor.py:830} INFO - Processing file /home/airflow/.local/lib/python3.8/site-packages/airflow/example_dags/example_python_decorator.py for tasks to queue
[2026-07-13T13:16:38.778+0000] {logging_mixin.py:188} INFO - [2026-07-13T13:16:38.778+0000] {dagbag.py:538} INFO - Filling up the DagBag from /home/airflow/.local/lib/python3.8/site-packages/airflow/example_dags/example_python_decorator.py
[2026-07-13T13:16:38.789+0000] {processor.py:840} INFO - DAG(s) 'example_python_decorator' retrieved from /home/airflow/.local/lib/python3.8/site-packages/airflow/example_dags/example_python_decorator.py
[2026-07-13T13:16:38.805+0000] {logging_mixin.py:188} INFO - [2026-07-13T13:16:38.804+0000] {dag.py:3036} INFO - Sync 1 DAGs
[2026-07-13T13:16:38.815+0000] {logging_mixin.py:188} INFO - [2026-07-13T13:16:38.815+0000] {dag.py:3823} INFO - Setting next_dagrun for example_python_decorator to None, run_after=None
[2026-07-13T13:16:38.829+0000] {processor.py:183} INFO - Processing /home/airflow/.local/lib/python3.8/site-packages/airflow/example_dags/example_python_decorator.py took 0.056 seconds
[2026-07-13T13:17:09.403+0000] {processor.py:161} INFO - Started process (PID=668) to work on /home/airflow/.local/lib/python3.8/site-packages/airflow/example_dags/example_python_decorator.py
[2026-07-13T13:17:09.404+0000] {processor.py:830} INFO - Processing file /home/airflow/.local/lib/python3.8/site-packages/airflow/example_dags/example_python_decorator.py for tasks to queue
[2026-07-13T13:17:09.406+0000] {logging_mixin.py:188} INFO - [2026-07-13T13:17:09.405+0000] {dagbag.py:538} INFO - Filling up the DagBag from /home/airflow/.local/lib/python3.8/site-packages/airflow/example_dags/example_python_decorator.py
[2026-07-13T13:17:09.418+0000] {processor.py:840} INFO - DAG(s) 'example_python_decorator' retrieved from /home/airflow/.local/lib/python3.8/site-packages/airflow/example_dags/example_python_decorator.py
[2026-07-13T13:17:09.436+0000] {logging_mixin.py:188} INFO - [2026-07-13T13:17:09.436+0000] {dag.py:3036} INFO - Sync 1 DAGs
[2026-07-13T13:17:09.447+0000] {logging_mixin.py:188} INFO - [2026-07-13T13:17:09.446+0000] {dag.py:3823} INFO - Setting next_dagrun for example_python_decorator to None, run_after=None
[2026-07-13T13:17:09.464+0000] {processor.py:183} INFO - Processing /home/airflow/.local/lib/python3.8/site-packages/airflow/example_dags/example_python_decorator.py took 0.065 seconds
[2026-07-13T13:17:41.090+0000] {processor.py:161} INFO - Started process (PID=724) to work on /home/airflow/.local/lib/python3.8/site-packages/airflow/example_dags/example_python_decorator.py
[2026-07-13T13:17:41.091+0000] {processor.py:830} INFO - Processing file /home/airflow/.local/lib/python3.8/site-packages/airflow/example_dags/example_python_decorator.py for tasks to queue
[2026-07-13T13:17:41.093+0000] {logging_mixin.py:188} INFO - [2026-07-13T13:17:41.093+0000] {dagbag.py:538} INFO - Filling up the DagBag from /home/airflow/.local/lib/python3.8/site-packages/airflow/example_dags/example_python_decorator.py
[2026-07-13T13:17:41.104+0000] {processor.py:840} INFO - DAG(s) 'example_python_decorator' retrieved from /home/airflow/.local/lib/python3.8/site-packages/airflow/example_dags/example_python_decorator.py
[2026-07-13T13:17:41.122+0000] {logging_mixin.py:188} INFO - [2026-07-13T13:17:41.122+0000] {dag.py:3036} INFO - Sync 1 DAGs
[2026-07-13T13:17:41.132+0000] {logging_mixin.py:188} INFO - [2026-07-13T13:17:41.131+0000] {dag.py:3823} INFO - Setting next_dagrun for example_python_decorator to None, run_after=None
[2026-07-13T13:17:41.149+0000] {processor.py:183} INFO - Processing /home/airflow/.local/lib/python3.8/site-packages/airflow/example_dags/example_python_decorator.py took 0.062 seconds
[2026-07-13T13:18:14.055+0000] {processor.py:161} INFO - Started process (PID=780) to work on /home/airflow/.local/lib/python3.8/site-packages/airflow/example_dags/example_python_decorator.py
[2026-07-13T13:18:14.056+0000] {processor.py:830} INFO - Processing file /home/airflow/.local/lib/python3.8/site-packages/airflow/example_dags/example_python_decorator.py for tasks to queue
[2026-07-13T13:18:14.057+0000] {logging_mixin.py:188} INFO - [2026-07-13T13:18:14.057+0000] {dagbag.py:538} INFO - Filling up the DagBag from /home/airflow/.local/lib/python3.8/site-packages/airflow/example_dags/example_python_decorator.py
[2026-07-13T13:18:14.067+0000] {processor.py:840} INFO - DAG(s) 'example_python_decorator' retrieved from /home/airflow/.local/lib/python3.8/site-packages/airflow/example_dags/example_python_decorator.py
[2026-07-13T13:18:14.086+0000] {logging_mixin.py:188} INFO - [2026-07-13T13:18:14.086+0000] {dag.py:3036} INFO - Sync 1 DAGs
[2026-07-13T13:18:14.097+0000] {logging_mixin.py:188} INFO - [2026-07-13T13:18:14.097+0000] {dag.py:3823} INFO - Setting next_dagrun for example_python_decorator to None, run_after=None
[2026-07-13T13:18:14.124+0000] {processor.py:183} INFO - Processing /home/airflow/.local/lib/python3.8/site-packages/airflow/example_dags/example_python_decorator.py took 0.073 seconds
[2026-07-13T13:18:46.708+0000] {processor.py:161} INFO - Started process (PID=836) to work on /home/airflow/.local/lib/python3.8/site-packages/airflow/example_dags/example_python_decorator.py
[2026-07-13T13:18:46.708+0000] {processor.py:830} INFO - Processing file /home/airflow/.local/lib/python3.8/site-packages/airflow/example_dags/example_python_decorator.py for tasks to queue
[2026-07-13T13:18:46.710+0000] {logging_mixin.py:188} INFO - [2026-07-13T13:18:46.710+0000] {dagbag.py:538} INFO - Filling up the DagBag from /home/airflow/.local/lib/python3.8/site-packages/airflow/example_dags/example_python_decorator.py
[2026-07-13T13:18:46.720+0000] {processor.py:840} INFO - DAG(s) 'example_python_decorator' retrieved from /home/airflow/.local/lib/python3.8/site-packages/airflow/example_dags/example_python_decorator.py
[2026-07-13T13:18:46.738+0000] {logging_mixin.py:188} INFO - [2026-07-13T13:18:46.737+0000] {dag.py:3036} INFO - Sync 1 DAGs
[2026-07-13T13:18:46.749+0000] {logging_mixin.py:188} INFO - [2026-07-13T13:18:46.749+0000] {dag.py:3823} INFO - Setting next_dagrun for example_python_decorator to None, run_after=None
[2026-07-13T13:18:46.765+0000] {processor.py:183} INFO - Processing /home/airflow/.local/lib/python3.8/site-packages/airflow/example_dags/example_python_decorator.py took 0.060 seconds
[2026-07-13T13:19:17.391+0000] {processor.py:161} INFO - Started process (PID=893) to work on /home/airflow/.local/lib/python3.8/site-packages/airflow/example_dags/example_python_decorator.py
[2026-07-13T13:19:17.392+0000] {processor.py:830} INFO - Processing file /home/airflow/.local/lib/python3.8/site-packages/airflow/example_dags/example_python_decorator.py for tasks to queue
[2026-07-13T13:19:17.394+0000] {logging_mixin.py:188} INFO - [2026-07-13T13:19:17.394+0000] {dagbag.py:538} INFO - Filling up the DagBag from /home/airflow/.local/lib/python3.8/site-packages/airflow/example_dags/example_python_decorator.py
[2026-07-13T13:19:17.407+0000] {processor.py:840} INFO - DAG(s) 'example_python_decorator' retrieved from /home/airflow/.local/lib/python3.8/site-packages/airflow/example_dags/example_python_decorator.py
[2026-07-13T13:19:17.425+0000] {logging_mixin.py:188} INFO - [2026-07-13T13:19:17.425+0000] {dag.py:3036} INFO - Sync 1 DAGs
[2026-07-13T13:19:17.433+0000] {logging_mixin.py:188} INFO - [2026-07-13T13:19:17.433+0000] {dag.py:3823} INFO - Setting next_dagrun for example_python_decorator to None, run_after=None
[2026-07-13T13:19:17.449+0000] {processor.py:183} INFO - Processing /home/airflow/.local/lib/python3.8/site-packages/airflow/example_dags/example_python_decorator.py took 0.061 seconds
[2026-07-13T13:19:47.638+0000] {processor.py:161} INFO - Started process (PID=949) to work on /home/airflow/.local/lib/python3.8/site-packages/airflow/example_dags/example_python_decorator.py
[2026-07-13T13:19:47.639+0000] {processor.py:830} INFO - Processing file /home/airflow/.local/lib/python3.8/site-packages/airflow/example_dags/example_python_decorator.py for tasks to queue
[2026-07-13T13:19:47.640+0000] {logging_mixin.py:188} INFO - [2026-07-13T13:19:47.640+0000] {dagbag.py:538} INFO - Filling up the DagBag from /home/airflow/.local/lib/python3.8/site-packages/airflow/example_dags/example_python_decorator.py
[2026-07-13T13:19:47.651+0000] {processor.py:840} INFO - DAG(s) 'example_python_decorator' retrieved from /home/airflow/.local/lib/python3.8/site-packages/airflow/example_dags/example_python_decorator.py
[2026-07-13T13:19:47.671+0000] {logging_mixin.py:188} INFO - [2026-07-13T13:19:47.670+0000] {dag.py:3036} INFO - Sync 1 DAGs
[2026-07-13T13:19:47.680+0000] {logging_mixin.py:188} INFO - [2026-07-13T13:19:47.680+0000] {dag.py:3823} INFO - Setting next_dagrun for example_python_decorator to None, run_after=None
[2026-07-13T13:19:47.697+0000] {processor.py:183} INFO - Processing /home/airflow/.local/lib/python3.8/site-packages/airflow/example_dags/example_python_decorator.py took 0.062 seconds
[2026-07-13T13:20:18.656+0000] {processor.py:161} INFO - Started process (PID=1005) to work on /home/airflow/.local/lib/python3.8/site-packages/airflow/example_dags/example_python_decorator.py
[2026-07-13T13:20:18.657+0000] {processor.py:830} INFO - Processing file /home/airflow/.local/lib/python3.8/site-packages/airflow/example_dags/example_python_decorator.py for tasks to queue
[2026-07-13T13:20:18.659+0000] {logging_mixin.py:188} INFO - [2026-07-13T13:20:18.658+0000] {dagbag.py:538} INFO - Filling up the DagBag from /home/airflow/.local/lib/python3.8/site-packages/airflow/example_dags/example_python_decorator.py
[2026-07-13T13:20:18.668+0000] {processor.py:840} INFO - DAG(s) 'example_python_decorator' retrieved from /home/airflow/.local/lib/python3.8/site-packages/airflow/example_dags/example_python_decorator.py
[2026-07-13T13:20:18.684+0000] {logging_mixin.py:188} INFO - [2026-07-13T13:20:18.683+0000] {dag.py:3036} INFO - Sync 1 DAGs
[2026-07-13T13:20:18.692+0000] {logging_mixin.py:188} INFO - [2026-07-13T13:20:18.692+0000] {dag.py:3823} INFO - Setting next_dagrun for example_python_decorator to None, run_after=None
[2026-07-13T13:20:18.706+0000] {processor.py:183} INFO - Processing /home/airflow/.local/lib/python3.8/site-packages/airflow/example_dags/example_python_decorator.py took 0.053 seconds
[2026-07-13T13:20:49.207+0000] {processor.py:161} INFO - Started process (PID=1061) to work on /home/airflow/.local/lib/python3.8/site-packages/airflow/example_dags/example_python_decorator.py
[2026-07-13T13:20:49.208+0000] {processor.py:830} INFO - Processing file /home/airflow/.local/lib/python3.8/site-packages/airflow/example_dags/example_python_decorator.py for tasks to queue
[2026-07-13T13:20:49.209+0000] {logging_mixin.py:188} INFO - [2026-07-13T13:20:49.209+0000] {dagbag.py:538} INFO - Filling up the DagBag from /home/airflow/.local/lib/python3.8/site-packages/airflow/example_dags/example_python_decorator.py
[2026-07-13T13:20:49.220+0000] {processor.py:840} INFO - DAG(s) 'example_python_decorator' retrieved from /home/airflow/.local/lib/python3.8/site-packages/airflow/example_dags/example_python_decorator.py
[2026-07-13T13:20:49.235+0000] {logging_mixin.py:188} INFO - [2026-07-13T13:20:49.235+0000] {dag.py:3036} INFO - Sync 1 DAGs
[2026-07-13T13:20:49.243+0000] {logging_mixin.py:188} INFO - [2026-07-13T13:20:49.242+0000] {dag.py:3823} INFO - Setting next_dagrun for example_python_decorator to None, run_after=None
[2026-07-13T13:20:49.256+0000] {processor.py:183} INFO - Processing /home/airflow/.local/lib/python3.8/site-packages/airflow/example_dags/example_python_decorator.py took 0.052 seconds
[2026-07-13T13:21:19.736+0000] {processor.py:161} INFO - Started process (PID=1117) to work on /home/airflow/.local/lib/python3.8/site-packages/airflow/example_dags/example_python_decorator.py
[2026-07-13T13:21:19.737+0000] {processor.py:830} INFO - Processing file /home/airflow/.local/lib/python3.8/site-packages/airflow/example_dags/example_python_decorator.py for tasks to queue
[2026-07-13T13:21:19.739+0000] {logging_mixin.py:188} INFO - [2026-07-13T13:21:19.739+0000] {dagbag.py:538} INFO - Filling up the DagBag from /home/airflow/.local/lib/python3.8/site-packages/airflow/example_dags/example_python_decorator.py
[2026-07-13T13:21:19.757+0000] {processor.py:840} INFO - DAG(s) 'example_python_decorator' retrieved from /home/airflow/.local/lib/python3.8/site-packages/airflow/example_dags/example_python_decorator.py
[2026-07-13T13:21:19.786+0000] {logging_mixin.py:188} INFO - [2026-07-13T13:21:19.786+0000] {dag.py:3036} INFO - Sync 1 DAGs
[2026-07-13T13:21:19.802+0000] {logging_mixin.py:188} INFO - [2026-07-13T13:21:19.802+0000] {dag.py:3823} INFO - Setting next_dagrun for example_python_decorator to None, run_after=None
[2026-07-13T13:21:19.825+0000] {processor.py:183} INFO - Processing /home/airflow/.local/lib/python3.8/site-packages/airflow/example_dags/example_python_decorator.py took 0.093 seconds
[2026-07-13T13:21:49.884+0000] {processor.py:161} INFO - Started process (PID=1173) to work on /home/airflow/.local/lib/python3.8/site-packages/airflow/example_dags/example_python_decorator.py
[2026-07-13T13:21:49.887+0000] {processor.py:830} INFO - Processing file /home/airflow/.local/lib/python3.8/site-packages/airflow/example_dags/example_python_decorator.py for tasks to queue
[2026-07-13T13:21:49.888+0000] {logging_mixin.py:188} INFO - [2026-07-13T13:21:49.888+0000] {dagbag.py:538} INFO - Filling up the DagBag from /home/airflow/.local/lib/python3.8/site-packages/airflow/example_dags/example_python_decorator.py
[2026-07-13T13:21:49.898+0000] {processor.py:840} INFO - DAG(s) 'example_python_decorator' retrieved from /home/airflow/.local/lib/python3.8/site-packages/airflow/example_dags/example_python_decorator.py
[2026-07-13T13:21:49.914+0000] {logging_mixin.py:188} INFO - [2026-07-13T13:21:49.914+0000] {dag.py:3036} INFO - Sync 1 DAGs
[2026-07-13T13:21:49.923+0000] {logging_mixin.py:188} INFO - [2026-07-13T13:21:49.923+0000] {dag.py:3823} INFO - Setting next_dagrun for example_python_decorator to None, run_after=None
[2026-07-13T13:21:49.939+0000] {processor.py:183} INFO - Processing /home/airflow/.local/lib/python3.8/site-packages/airflow/example_dags/example_python_decorator.py took 0.057 seconds
[2026-07-13T13:22:19.973+0000] {processor.py:161} INFO - Started process (PID=1229) to work on /home/airflow/.local/lib/python3.8/site-packages/airflow/example_dags/example_python_decorator.py
[2026-07-13T13:22:19.974+0000] {processor.py:830} INFO - Processing file /home/airflow/.local/lib/python3.8/site-packages/airflow/example_dags/example_python_decorator.py for tasks to queue
[2026-07-13T13:22:19.976+0000] {logging_mixin.py:188} INFO - [2026-07-13T13:22:19.976+0000] {dagbag.py:538} INFO - Filling up the DagBag from /home/airflow/.local/lib/python3.8/site-packages/airflow/example_dags/example_python_decorator.py
[2026-07-13T13:22:19.991+0000] {processor.py:840} INFO - DAG(s) 'example_python_decorator' retrieved from /home/airflow/.local/lib/python3.8/site-packages/airflow/example_dags/example_python_decorator.py
[2026-07-13T13:22:20.012+0000] {logging_mixin.py:188} INFO - [2026-07-13T13:22:20.012+0000] {dag.py:3036} INFO - Sync 1 DAGs
[2026-07-13T13:22:20.021+0000] {logging_mixin.py:188} INFO - [2026-07-13T13:22:20.021+0000] {dag.py:3823} INFO - Setting next_dagrun for example_python_decorator to None, run_after=None
[2026-07-13T13:22:20.035+0000] {processor.py:183} INFO - Processing /home/airflow/.local/lib/python3.8/site-packages/airflow/example_dags/example_python_decorator.py took 0.064 seconds
[2026-07-13T13:22:50.925+0000] {processor.py:161} INFO - Started process (PID=1285) to work on /home/airflow/.local/lib/python3.8/site-packages/airflow/example_dags/example_python_decorator.py
[2026-07-13T13:22:50.926+0000] {processor.py:830} INFO - Processing file /home/airflow/.local/lib/python3.8/site-packages/airflow/example_dags/example_python_decorator.py for tasks to queue
[2026-07-13T13:22:50.927+0000] {logging_mixin.py:188} INFO - [2026-07-13T13:22:50.927+0000] {dagbag.py:538} INFO - Filling up the DagBag from /home/airflow/.local/lib/python3.8/site-packages/airflow/example_dags/example_python_decorator.py
[2026-07-13T13:22:50.937+0000] {processor.py:840} INFO - DAG(s) 'example_python_decorator' retrieved from /home/airflow/.local/lib/python3.8/site-packages/airflow/example_dags/example_python_decorator.py
[2026-07-13T13:22:50.953+0000] {logging_mixin.py:188} INFO - [2026-07-13T13:22:50.953+0000] {dag.py:3036} INFO - Sync 1 DAGs
[2026-07-13T13:22:50.960+0000] {logging_mixin.py:188} INFO - [2026-07-13T13:22:50.960+0000] {dag.py:3823} INFO - Setting next_dagrun for example_python_decorator to None, run_after=None
[2026-07-13T13:22:50.974+0000] {processor.py:183} INFO - Processing /home/airflow/.local/lib/python3.8/site-packages/airflow/example_dags/example_python_decorator.py took 0.052 seconds
[2026-07-13T13:23:21.607+0000] {processor.py:161} INFO - Started process (PID=1341) to work on /home/airflow/.local/lib/python3.8/site-packages/airflow/example_dags/example_python_decorator.py
[2026-07-13T13:23:21.608+0000] {processor.py:830} INFO - Processing file /home/airflow/.local/lib/python3.8/site-packages/airflow/example_dags/example_python_decorator.py for tasks to queue
[2026-07-13T13:23:21.609+0000] {logging_mixin.py:188} INFO - [2026-07-13T13:23:21.609+0000] {dagbag.py:538} INFO - Filling up the DagBag from /home/airflow/.local/lib/python3.8/site-packages/airflow/example_dags/example_python_decorator.py
[2026-07-13T13:23:21.619+0000] {processor.py:840} INFO - DAG(s) 'example_python_decorator' retrieved from /home/airflow/.local/lib/python3.8/site-packages/airflow/example_dags/example_python_decorator.py
[2026-07-13T13:23:21.634+0000] {logging_mixin.py:188} INFO - [2026-07-13T13:23:21.634+0000] {dag.py:3036} INFO - Sync 1 DAGs
[2026-07-13T13:23:21.643+0000] {logging_mixin.py:188} INFO - [2026-07-13T13:23:21.643+0000] {dag.py:3823} INFO - Setting next_dagrun for example_python_decorator to None, run_after=None
[2026-07-13T13:23:21.657+0000] {processor.py:183} INFO - Processing /home/airflow/.local/lib/python3.8/site-packages/airflow/example_dags/example_python_decorator.py took 0.052 seconds
[2026-07-13T13:23:51.996+0000] {processor.py:161} INFO - Started process (PID=1397) to work on /home/airflow/.local/lib/python3.8/site-packages/airflow/example_dags/example_python_decorator.py
[2026-07-13T13:23:51.997+0000] {processor.py:830} INFO - Processing file /home/airflow/.local/lib/python3.8/site-packages/airflow/example_dags/example_python_decorator.py for tasks to queue
[2026-07-13T13:23:51.999+0000] {logging_mixin.py:188} INFO - [2026-07-13T13:23:51.998+0000] {dagbag.py:538} INFO - Filling up the DagBag from /home/airflow/.local/lib/python3.8/site-packages/airflow/example_dags/example_python_decorator.py
[2026-07-13T13:23:52.008+0000] {processor.py:840} INFO - DAG(s) 'example_python_decorator' retrieved from /home/airflow/.local/lib/python3.8/site-packages/airflow/example_dags/example_python_decorator.py
[2026-07-13T13:23:52.024+0000] {logging_mixin.py:188} INFO - [2026-07-13T13:23:52.024+0000] {dag.py:3036} INFO - Sync 1 DAGs
[2026-07-13T13:23:52.032+0000] {logging_mixin.py:188} INFO - [2026-07-13T13:23:52.032+0000] {dag.py:3823} INFO - Setting next_dagrun for example_python_decorator to None, run_after=None
[2026-07-13T13:23:52.045+0000] {processor.py:183} INFO - Processing /home/airflow/.local/lib/python3.8/site-packages/airflow/example_dags/example_python_decorator.py took 0.052 seconds
[2026-07-13T13:24:22.552+0000] {processor.py:161} INFO - Started process (PID=1453) to work on /home/airflow/.local/lib/python3.8/site-packages/airflow/example_dags/example_python_decorator.py
[2026-07-13T13:24:22.553+0000] {processor.py:830} INFO - Processing file /home/airflow/.local/lib/python3.8/site-packages/airflow/example_dags/example_python_decorator.py for tasks to queue
[2026-07-13T13:24:22.554+0000] {logging_mixin.py:188} INFO - [2026-07-13T13:24:22.554+0000] {dagbag.py:538} INFO - Filling up the DagBag from /home/airflow/.local/lib/python3.8/site-packages/airflow/example_dags/example_python_decorator.py
[2026-07-13T13:24:22.565+0000] {processor.py:840} INFO - DAG(s) 'example_python_decorator' retrieved from /home/airflow/.local/lib/python3.8/site-packages/airflow/example_dags/example_python_decorator.py
[2026-07-13T13:24:22.579+0000] {logging_mixin.py:188} INFO - [2026-07-13T13:24:22.579+0000] {dag.py:3036} INFO - Sync 1 DAGs
[2026-07-13T13:24:22.587+0000] {logging_mixin.py:188} INFO - [2026-07-13T13:24:22.586+0000] {dag.py:3823} INFO - Setting next_dagrun for example_python_decorator to None, run_after=None
[2026-07-13T13:24:22.599+0000] {processor.py:183} INFO - Processing /home/airflow/.local/lib/python3.8/site-packages/airflow/example_dags/example_python_decorator.py took 0.050 seconds
[2026-07-13T13:24:52.908+0000] {processor.py:161} INFO - Started process (PID=1509) to work on /home/airflow/.local/lib/python3.8/site-packages/airflow/example_dags/example_python_decorator.py
[2026-07-13T13:24:52.909+0000] {processor.py:830} INFO - Processing file /home/airflow/.local/lib/python3.8/site-packages/airflow/example_dags/example_python_decorator.py for tasks to queue
[2026-07-13T13:24:52.911+0000] {logging_mixin.py:188} INFO - [2026-07-13T13:24:52.910+0000] {dagbag.py:538} INFO - Filling up the DagBag from /home/airflow/.local/lib/python3.8/site-packages/airflow/example_dags/example_python_decorator.py
[2026-07-13T13:24:52.920+0000] {processor.py:840} INFO - DAG(s) 'example_python_decorator' retrieved from /home/airflow/.local/lib/python3.8/site-packages/airflow/example_dags/example_python_decorator.py
[2026-07-13T13:24:52.935+0000] {logging_mixin.py:188} INFO - [2026-07-13T13:24:52.935+0000] {dag.py:3036} INFO - Sync 1 DAGs
[2026-07-13T13:24:52.944+0000] {logging_mixin.py:188} INFO - [2026-07-13T13:24:52.944+0000] {dag.py:3823} INFO - Setting next_dagrun for example_python_decorator to None, run_after=None
[2026-07-13T13:24:52.958+0000] {processor.py:183} INFO - Processing /home/airflow/.local/lib/python3.8/site-packages/airflow/example_dags/example_python_decorator.py took 0.052 seconds
[2026-07-13T13:25:23.459+0000] {processor.py:161} INFO - Started process (PID=1565) to work on /home/airflow/.local/lib/python3.8/site-packages/airflow/example_dags/example_python_decorator.py
[2026-07-13T13:25:23.460+0000] {processor.py:830} INFO - Processing file /home/airflow/.local/lib/python3.8/site-packages/airflow/example_dags/example_python_decorator.py for tasks to queue
[2026-07-13T13:25:23.461+0000] {logging_mixin.py:188} INFO - [2026-07-13T13:25:23.461+0000] {dagbag.py:538} INFO - Filling up the DagBag from /home/airflow/.local/lib/python3.8/site-packages/airflow/example_dags/example_python_decorator.py
[2026-07-13T13:25:23.471+0000] {processor.py:840} INFO - DAG(s) 'example_python_decorator' retrieved from /home/airflow/.local/lib/python3.8/site-packages/airflow/example_dags/example_python_decorator.py
[2026-07-13T13:25:23.485+0000] {logging_mixin.py:188} INFO - [2026-07-13T13:25:23.485+0000] {dag.py:3036} INFO - Sync 1 DAGs
[2026-07-13T13:25:23.493+0000] {logging_mixin.py:188} INFO - [2026-07-13T13:25:23.493+0000] {dag.py:3823} INFO - Setting next_dagrun for example_python_decorator to None, run_after=None
[2026-07-13T13:25:23.506+0000] {processor.py:183} INFO - Processing /home/airflow/.local/lib/python3.8/site-packages/airflow/example_dags/example_python_decorator.py took 0.049 seconds
[2026-07-13T13:25:54.054+0000] {processor.py:161} INFO - Started process (PID=1615) to work on /home/airflow/.local/lib/python3.8/site-packages/airflow/example_dags/example_python_decorator.py
[2026-07-13T13:25:54.055+0000] {processor.py:830} INFO - Processing file /home/airflow/.local/lib/python3.8/site-packages/airflow/example_dags/example_python_decorator.py for tasks to queue
[2026-07-13T13:25:54.058+0000] {logging_mixin.py:188} INFO - [2026-07-13T13:25:54.057+0000] {dagbag.py:538} INFO - Filling up the DagBag from /home/airflow/.local/lib/python3.8/site-packages/airflow/example_dags/example_python_decorator.py
[2026-07-13T13:25:54.070+0000] {processor.py:840} INFO - DAG(s) 'example_python_decorator' retrieved from /home/airflow/.local/lib/python3.8/site-packages/airflow/example_dags/example_python_decorator.py
[2026-07-13T13:25:54.090+0000] {logging_mixin.py:188} INFO - [2026-07-13T13:25:54.089+0000] {dag.py:3036} INFO - Sync 1 DAGs
[2026-07-13T13:25:54.101+0000] {logging_mixin.py:188} INFO - [2026-07-13T13:25:54.101+0000] {dag.py:3823} INFO - Setting next_dagrun for example_python_decorator to None, run_after=None
[2026-07-13T13:25:54.118+0000] {processor.py:183} INFO - Processing /home/airflow/.local/lib/python3.8/site-packages/airflow/example_dags/example_python_decorator.py took 0.067 seconds
[2026-07-13T13:26:27.700+0000] {processor.py:161} INFO - Started process (PID=1677) to work on /home/airflow/.local/lib/python3.8/site-packages/airflow/example_dags/example_python_decorator.py
[2026-07-13T13:26:27.702+0000] {processor.py:830} INFO - Processing file /home/airflow/.local/lib/python3.8/site-packages/airflow/example_dags/example_python_decorator.py for tasks to queue
[2026-07-13T13:26:27.705+0000] {logging_mixin.py:188} INFO - [2026-07-13T13:26:27.704+0000] {dagbag.py:538} INFO - Filling up the DagBag from /home/airflow/.local/lib/python3.8/site-packages/airflow/example_dags/example_python_decorator.py
[2026-07-13T13:26:27.722+0000] {processor.py:840} INFO - DAG(s) 'example_python_decorator' retrieved from /home/airflow/.local/lib/python3.8/site-packages/airflow/example_dags/example_python_decorator.py
[2026-07-13T13:26:27.754+0000] {logging_mixin.py:188} INFO - [2026-07-13T13:26:27.753+0000] {dag.py:3036} INFO - Sync 1 DAGs
[2026-07-13T13:26:27.765+0000] {logging_mixin.py:188} INFO - [2026-07-13T13:26:27.765+0000] {dag.py:3823} INFO - Setting next_dagrun for example_python_decorator to None, run_after=None
[2026-07-13T13:26:27.793+0000] {processor.py:183} INFO - Processing /home/airflow/.local/lib/python3.8/site-packages/airflow/example_dags/example_python_decorator.py took 0.099 seconds
[2026-07-13T13:27:00.202+0000] {processor.py:161} INFO - Started process (PID=1733) to work on /home/airflow/.local/lib/python3.8/site-packages/airflow/example_dags/example_python_decorator.py
[2026-07-13T13:27:00.203+0000] {processor.py:830} INFO - Processing file /home/airflow/.local/lib/python3.8/site-packages/airflow/example_dags/example_python_decorator.py for tasks to queue
[2026-07-13T13:27:00.206+0000] {logging_mixin.py:188} INFO - [2026-07-13T13:27:00.205+0000] {dagbag.py:538} INFO - Filling up the DagBag from /home/airflow/.local/lib/python3.8/site-packages/airflow/example_dags/example_python_decorator.py
[2026-07-13T13:27:00.217+0000] {processor.py:840} INFO - DAG(s) 'example_python_decorator' retrieved from /home/airflow/.local/lib/python3.8/site-packages/airflow/example_dags/example_python_decorator.py
[2026-07-13T13:27:00.343+0000] {logging_mixin.py:188} INFO - [2026-07-13T13:27:00.343+0000] {dag.py:3036} INFO - Sync 1 DAGs
[2026-07-13T13:27:00.350+0000] {logging_mixin.py:188} INFO - [2026-07-13T13:27:00.350+0000] {dag.py:3823} INFO - Setting next_dagrun for example_python_decorator to None, run_after=None
[2026-07-13T13:27:00.364+0000] {processor.py:183} INFO - Processing /home/airflow/.local/lib/python3.8/site-packages/airflow/example_dags/example_python_decorator.py took 0.165 seconds
[2026-07-13T13:27:30.993+0000] {processor.py:161} INFO - Started process (PID=1783) to work on /home/airflow/.local/lib/python3.8/site-packages/airflow/example_dags/example_python_decorator.py
[2026-07-13T13:27:30.994+0000] {processor.py:830} INFO - Processing file /home/airflow/.local/lib/python3.8/site-packages/airflow/example_dags/example_python_decorator.py for tasks to queue
[2026-07-13T13:27:30.996+0000] {logging_mixin.py:188} INFO - [2026-07-13T13:27:30.996+0000] {dagbag.py:538} INFO - Filling up the DagBag from /home/airflow/.local/lib/python3.8/site-packages/airflow/example_dags/example_python_decorator.py
[2026-07-13T13:27:31.005+0000] {processor.py:840} INFO - DAG(s) 'example_python_decorator' retrieved from /home/airflow/.local/lib/python3.8/site-packages/airflow/example_dags/example_python_decorator.py
[2026-07-13T13:27:31.020+0000] {logging_mixin.py:188} INFO - [2026-07-13T13:27:31.020+0000] {dag.py:3036} INFO - Sync 1 DAGs
[2026-07-13T13:27:31.028+0000] {logging_mixin.py:188} INFO - [2026-07-13T13:27:31.028+0000] {dag.py:3823} INFO - Setting next_dagrun for example_python_decorator to None, run_after=None
[2026-07-13T13:27:31.136+0000] {processor.py:183} INFO - Processing /home/airflow/.local/lib/python3.8/site-packages/airflow/example_dags/example_python_decorator.py took 0.145 seconds
[2026-07-13T13:28:01.800+0000] {processor.py:161} INFO - Started process (PID=1839) to work on /home/airflow/.local/lib/python3.8/site-packages/airflow/example_dags/example_python_decorator.py
[2026-07-13T13:28:01.803+0000] {processor.py:830} INFO - Processing file /home/airflow/.local/lib/python3.8/site-packages/airflow/example_dags/example_python_decorator.py for tasks to queue
[2026-07-13T13:28:01.806+0000] {logging_mixin.py:188} INFO - [2026-07-13T13:28:01.806+0000] {dagbag.py:538} INFO - Filling up the DagBag from /home/airflow/.local/lib/python3.8/site-packages/airflow/example_dags/example_python_decorator.py
[2026-07-13T13:28:01.827+0000] {processor.py:840} INFO - DAG(s) 'example_python_decorator' retrieved from /home/airflow/.local/lib/python3.8/site-packages/airflow/example_dags/example_python_decorator.py
[2026-07-13T13:28:01.859+0000] {logging_mixin.py:188} INFO - [2026-07-13T13:28:01.858+0000] {dag.py:3036} INFO - Sync 1 DAGs
[2026-07-13T13:28:01.872+0000] {logging_mixin.py:188} INFO - [2026-07-13T13:28:01.871+0000] {dag.py:3823} INFO - Setting next_dagrun for example_python_decorator to None, run_after=None
[2026-07-13T13:28:01.901+0000] {processor.py:183} INFO - Processing /home/airflow/.local/lib/python3.8/site-packages/airflow/example_dags/example_python_decorator.py took 0.107 seconds
[2026-07-13T13:28:33.090+0000] {processor.py:161} INFO - Started process (PID=1895) to work on /home/airflow/.local/lib/python3.8/site-packages/airflow/example_dags/example_python_decorator.py
[2026-07-13T13:28:33.091+0000] {processor.py:830} INFO - Processing file /home/airflow/.local/lib/python3.8/site-packages/airflow/example_dags/example_python_decorator.py for tasks to queue
[2026-07-13T13:28:33.093+0000] {logging_mixin.py:188} INFO - [2026-07-13T13:28:33.092+0000] {dagbag.py:538} INFO - Filling up the DagBag from /home/airflow/.local/lib/python3.8/site-packages/airflow/example_dags/example_python_decorator.py
[2026-07-13T13:28:33.102+0000] {processor.py:840} INFO - DAG(s) 'example_python_decorator' retrieved from /home/airflow/.local/lib/python3.8/site-packages/airflow/example_dags/example_python_decorator.py
[2026-07-13T13:28:33.118+0000] {logging_mixin.py:188} INFO - [2026-07-13T13:28:33.118+0000] {dag.py:3036} INFO - Sync 1 DAGs
[2026-07-13T13:28:33.126+0000] {logging_mixin.py:188} INFO - [2026-07-13T13:28:33.126+0000] {dag.py:3823} INFO - Setting next_dagrun for example_python_decorator to None, run_after=None
[2026-07-13T13:28:33.138+0000] {processor.py:183} INFO - Processing /home/airflow/.local/lib/python3.8/site-packages/airflow/example_dags/example_python_decorator.py took 0.051 seconds
[2026-07-13T13:29:05.112+0000] {processor.py:161} INFO - Started process (PID=1951) to work on /home/airflow/.local/lib/python3.8/site-packages/airflow/example_dags/example_python_decorator.py
[2026-07-13T13:29:05.113+0000] {processor.py:830} INFO - Processing file /home/airflow/.local/lib/python3.8/site-packages/airflow/example_dags/example_python_decorator.py for tasks to queue
[2026-07-13T13:29:05.114+0000] {logging_mixin.py:188} INFO - [2026-07-13T13:29:05.114+0000] {dagbag.py:538} INFO - Filling up the DagBag from /home/airflow/.local/lib/python3.8/site-packages/airflow/example_dags/example_python_decorator.py
[2026-07-13T13:29:05.123+0000] {processor.py:840} INFO - DAG(s) 'example_python_decorator' retrieved from /home/airflow/.local/lib/python3.8/site-packages/airflow/example_dags/example_python_decorator.py
[2026-07-13T13:29:05.138+0000] {logging_mixin.py:188} INFO - [2026-07-13T13:29:05.138+0000] {dag.py:3036} INFO - Sync 1 DAGs
[2026-07-13T13:29:05.146+0000] {logging_mixin.py:188} INFO - [2026-07-13T13:29:05.146+0000] {dag.py:3823} INFO - Setting next_dagrun for example_python_decorator to None, run_after=None
[2026-07-13T13:29:05.159+0000] {processor.py:183} INFO - Processing /home/airflow/.local/lib/python3.8/site-packages/airflow/example_dags/example_python_decorator.py took 0.049 seconds
[2026-07-13T13:33:34.091+0000] {processor.py:161} INFO - Started process (PID=93) to work on /home/airflow/.local/lib/python3.8/site-packages/airflow/example_dags/example_python_decorator.py
[2026-07-13T13:33:34.098+0000] {processor.py:830} INFO - Processing file /home/airflow/.local/lib/python3.8/site-packages/airflow/example_dags/example_python_decorator.py for tasks to queue
[2026-07-13T13:33:34.100+0000] {logging_mixin.py:188} INFO - [2026-07-13T13:33:34.100+0000] {dagbag.py:538} INFO - Filling up the DagBag from /home/airflow/.local/lib/python3.8/site-packages/airflow/example_dags/example_python_decorator.py
[2026-07-13T13:33:34.111+0000] {processor.py:840} INFO - DAG(s) 'example_python_decorator' retrieved from /home/airflow/.local/lib/python3.8/site-packages/airflow/example_dags/example_python_decorator.py
[2026-07-13T13:33:34.193+0000] {logging_mixin.py:188} INFO - [2026-07-13T13:33:34.193+0000] {dag.py:3036} INFO - Sync 1 DAGs
[2026-07-13T13:33:34.203+0000] {logging_mixin.py:188} INFO - [2026-07-13T13:33:34.202+0000] {dag.py:3823} INFO - Setting next_dagrun for example_python_decorator to None, run_after=None
[2026-07-13T13:33:34.225+0000] {processor.py:183} INFO - Processing /home/airflow/.local/lib/python3.8/site-packages/airflow/example_dags/example_python_decorator.py took 0.137 seconds
[2026-07-13T13:35:32.101+0000] {processor.py:161} INFO - Started process (PID=101) to work on /home/airflow/.local/lib/python3.8/site-packages/airflow/example_dags/example_python_decorator.py
[2026-07-13T13:35:32.102+0000] {processor.py:830} INFO - Processing file /home/airflow/.local/lib/python3.8/site-packages/airflow/example_dags/example_python_decorator.py for tasks to queue
[2026-07-13T13:35:32.103+0000] {logging_mixin.py:188} INFO - [2026-07-13T13:35:32.103+0000] {dagbag.py:538} INFO - Filling up the DagBag from /home/airflow/.local/lib/python3.8/site-packages/airflow/example_dags/example_python_decorator.py
[2026-07-13T13:35:32.115+0000] {processor.py:840} INFO - DAG(s) 'example_python_decorator' retrieved from /home/airflow/.local/lib/python3.8/site-packages/airflow/example_dags/example_python_decorator.py
[2026-07-13T13:35:32.127+0000] {logging_mixin.py:188} INFO - [2026-07-13T13:35:32.127+0000] {dag.py:3036} INFO - Sync 1 DAGs
[2026-07-13T13:35:32.140+0000] {logging_mixin.py:188} INFO - [2026-07-13T13:35:32.140+0000] {dag.py:3823} INFO - Setting next_dagrun for example_python_decorator to None, run_after=None
[2026-07-13T13:35:32.161+0000] {processor.py:183} INFO - Processing /home/airflow/.local/lib/python3.8/site-packages/airflow/example_dags/example_python_decorator.py took 0.062 seconds
[2026-07-13T13:36:03.221+0000] {processor.py:161} INFO - Started process (PID=157) to work on /home/airflow/.local/lib/python3.8/site-packages/airflow/example_dags/example_python_decorator.py
[2026-07-13T13:36:03.222+0000] {processor.py:830} INFO - Processing file /home/airflow/.local/lib/python3.8/site-packages/airflow/example_dags/example_python_decorator.py for tasks to queue
[2026-07-13T13:36:03.223+0000] {logging_mixin.py:188} INFO - [2026-07-13T13:36:03.223+0000] {dagbag.py:538} INFO - Filling up the DagBag from /home/airflow/.local/lib/python3.8/site-packages/airflow/example_dags/example_python_decorator.py
[2026-07-13T13:36:03.233+0000] {processor.py:840} INFO - DAG(s) 'example_python_decorator' retrieved from /home/airflow/.local/lib/python3.8/site-packages/airflow/example_dags/example_python_decorator.py
[2026-07-13T13:36:03.300+0000] {logging_mixin.py:188} INFO - [2026-07-13T13:36:03.300+0000] {dag.py:3036} INFO - Sync 1 DAGs
[2026-07-13T13:36:03.307+0000] {logging_mixin.py:188} INFO - [2026-07-13T13:36:03.307+0000] {dag.py:3823} INFO - Setting next_dagrun for example_python_decorator to None, run_after=None
[2026-07-13T13:36:03.323+0000] {processor.py:183} INFO - Processing /home/airflow/.local/lib/python3.8/site-packages/airflow/example_dags/example_python_decorator.py took 0.105 seconds
[2026-07-13T13:36:33.984+0000] {processor.py:161} INFO - Started process (PID=213) to work on /home/airflow/.local/lib/python3.8/site-packages/airflow/example_dags/example_python_decorator.py
[2026-07-13T13:36:33.985+0000] {processor.py:830} INFO - Processing file /home/airflow/.local/lib/python3.8/site-packages/airflow/example_dags/example_python_decorator.py for tasks to queue
[2026-07-13T13:36:33.987+0000] {logging_mixin.py:188} INFO - [2026-07-13T13:36:33.986+0000] {dagbag.py:538} INFO - Filling up the DagBag from /home/airflow/.local/lib/python3.8/site-packages/airflow/example_dags/example_python_decorator.py
[2026-07-13T13:36:33.997+0000] {processor.py:840} INFO - DAG(s) 'example_python_decorator' retrieved from /home/airflow/.local/lib/python3.8/site-packages/airflow/example_dags/example_python_decorator.py
[2026-07-13T13:36:34.014+0000] {logging_mixin.py:188} INFO - [2026-07-13T13:36:34.014+0000] {dag.py:3036} INFO - Sync 1 DAGs
[2026-07-13T13:36:34.023+0000] {logging_mixin.py:188} INFO - [2026-07-13T13:36:34.022+0000] {dag.py:3823} INFO - Setting next_dagrun for example_python_decorator to None, run_after=None
[2026-07-13T13:36:34.036+0000] {processor.py:183} INFO - Processing /home/airflow/.local/lib/python3.8/site-packages/airflow/example_dags/example_python_decorator.py took 0.055 seconds
[2026-07-13T13:37:04.285+0000] {processor.py:161} INFO - Started process (PID=263) to work on /home/airflow/.local/lib/python3.8/site-packages/airflow/example_dags/example_python_decorator.py
[2026-07-13T13:37:04.287+0000] {processor.py:830} INFO - Processing file /home/airflow/.local/lib/python3.8/site-packages/airflow/example_dags/example_python_decorator.py for tasks to queue
[2026-07-13T13:37:04.288+0000] {logging_mixin.py:188} INFO - [2026-07-13T13:37:04.288+0000] {dagbag.py:538} INFO - Filling up the DagBag from /home/airflow/.local/lib/python3.8/site-packages/airflow/example_dags/example_python_decorator.py
[2026-07-13T13:37:04.298+0000] {processor.py:840} INFO - DAG(s) 'example_python_decorator' retrieved from /home/airflow/.local/lib/python3.8/site-packages/airflow/example_dags/example_python_decorator.py
[2026-07-13T13:37:04.315+0000] {logging_mixin.py:188} INFO - [2026-07-13T13:37:04.315+0000] {dag.py:3036} INFO - Sync 1 DAGs
[2026-07-13T13:37:04.323+0000] {logging_mixin.py:188} INFO - [2026-07-13T13:37:04.323+0000] {dag.py:3823} INFO - Setting next_dagrun for example_python_decorator to None, run_after=None
[2026-07-13T13:37:04.338+0000] {processor.py:183} INFO - Processing /home/airflow/.local/lib/python3.8/site-packages/airflow/example_dags/example_python_decorator.py took 0.056 seconds
[2026-07-13T13:37:34.646+0000] {processor.py:161} INFO - Started process (PID=319) to work on /home/airflow/.local/lib/python3.8/site-packages/airflow/example_dags/example_python_decorator.py
[2026-07-13T13:37:34.647+0000] {processor.py:830} INFO - Processing file /home/airflow/.local/lib/python3.8/site-packages/airflow/example_dags/example_python_decorator.py for tasks to queue
[2026-07-13T13:37:34.648+0000] {logging_mixin.py:188} INFO - [2026-07-13T13:37:34.648+0000] {dagbag.py:538} INFO - Filling up the DagBag from /home/airflow/.local/lib/python3.8/site-packages/airflow/example_dags/example_python_decorator.py
[2026-07-13T13:37:34.659+0000] {processor.py:840} INFO - DAG(s) 'example_python_decorator' retrieved from /home/airflow/.local/lib/python3.8/site-packages/airflow/example_dags/example_python_decorator.py
[2026-07-13T13:37:34.676+0000] {logging_mixin.py:188} INFO - [2026-07-13T13:37:34.676+0000] {dag.py:3036} INFO - Sync 1 DAGs
[2026-07-13T13:37:34.686+0000] {logging_mixin.py:188} INFO - [2026-07-13T13:37:34.686+0000] {dag.py:3823} INFO - Setting next_dagrun for example_python_decorator to None, run_after=None
[2026-07-13T13:37:34.702+0000] {processor.py:183} INFO - Processing /home/airflow/.local/lib/python3.8/site-packages/airflow/example_dags/example_python_decorator.py took 0.060 seconds
[2026-07-13T13:38:05.409+0000] {processor.py:161} INFO - Started process (PID=375) to work on /home/airflow/.local/lib/python3.8/site-packages/airflow/example_dags/example_python_decorator.py
[2026-07-13T13:38:05.410+0000] {processor.py:830} INFO - Processing file /home/airflow/.local/lib/python3.8/site-packages/airflow/example_dags/example_python_decorator.py for tasks to queue
[2026-07-13T13:38:05.411+0000] {logging_mixin.py:188} INFO - [2026-07-13T13:38:05.411+0000] {dagbag.py:538} INFO - Filling up the DagBag from /home/airflow/.local/lib/python3.8/site-packages/airflow/example_dags/example_python_decorator.py
[2026-07-13T13:38:05.421+0000] {processor.py:840} INFO - DAG(s) 'example_python_decorator' retrieved from /home/airflow/.local/lib/python3.8/site-packages/airflow/example_dags/example_python_decorator.py
[2026-07-13T13:38:05.439+0000] {logging_mixin.py:188} INFO - [2026-07-13T13:38:05.439+0000] {dag.py:3036} INFO - Sync 1 DAGs
[2026-07-13T13:38:05.448+0000] {logging_mixin.py:188} INFO - [2026-07-13T13:38:05.448+0000] {dag.py:3823} INFO - Setting next_dagrun for example_python_decorator to None, run_after=None
[2026-07-13T13:38:05.462+0000] {processor.py:183} INFO - Processing /home/airflow/.local/lib/python3.8/site-packages/airflow/example_dags/example_python_decorator.py took 0.055 seconds
[2026-07-13T13:38:35.986+0000] {processor.py:161} INFO - Started process (PID=431) to work on /home/airflow/.local/lib/python3.8/site-packages/airflow/example_dags/example_python_decorator.py
[2026-07-13T13:38:35.987+0000] {processor.py:830} INFO - Processing file /home/airflow/.local/lib/python3.8/site-packages/airflow/example_dags/example_python_decorator.py for tasks to queue
[2026-07-13T13:38:35.989+0000] {logging_mixin.py:188} INFO - [2026-07-13T13:38:35.989+0000] {dagbag.py:538} INFO - Filling up the DagBag from /home/airflow/.local/lib/python3.8/site-packages/airflow/example_dags/example_python_decorator.py
[2026-07-13T13:38:35.999+0000] {processor.py:840} INFO - DAG(s) 'example_python_decorator' retrieved from /home/airflow/.local/lib/python3.8/site-packages/airflow/example_dags/example_python_decorator.py
[2026-07-13T13:38:36.018+0000] {logging_mixin.py:188} INFO - [2026-07-13T13:38:36.018+0000] {dag.py:3036} INFO - Sync 1 DAGs
[2026-07-13T13:38:36.027+0000] {logging_mixin.py:188} INFO - [2026-07-13T13:38:36.027+0000] {dag.py:3823} INFO - Setting next_dagrun for example_python_decorator to None, run_after=None
[2026-07-13T13:38:36.043+0000] {processor.py:183} INFO - Processing /home/airflow/.local/lib/python3.8/site-packages/airflow/example_dags/example_python_decorator.py took 0.060 seconds
[2026-07-13T13:39:08.064+0000] {processor.py:161} INFO - Started process (PID=487) to work on /home/airflow/.local/lib/python3.8/site-packages/airflow/example_dags/example_python_decorator.py
[2026-07-13T13:39:08.065+0000] {processor.py:830} INFO - Processing file /home/airflow/.local/lib/python3.8/site-packages/airflow/example_dags/example_python_decorator.py for tasks to queue
[2026-07-13T13:39:08.066+0000] {logging_mixin.py:188} INFO - [2026-07-13T13:39:08.066+0000] {dagbag.py:538} INFO - Filling up the DagBag from /home/airflow/.local/lib/python3.8/site-packages/airflow/example_dags/example_python_decorator.py
[2026-07-13T13:39:08.078+0000] {processor.py:840} INFO - DAG(s) 'example_python_decorator' retrieved from /home/airflow/.local/lib/python3.8/site-packages/airflow/example_dags/example_python_decorator.py
[2026-07-13T13:39:08.095+0000] {logging_mixin.py:188} INFO - [2026-07-13T13:39:08.095+0000] {dag.py:3036} INFO - Sync 1 DAGs
[2026-07-13T13:39:08.105+0000] {logging_mixin.py:188} INFO - [2026-07-13T13:39:08.104+0000] {dag.py:3823} INFO - Setting next_dagrun for example_python_decorator to None, run_after=None
[2026-07-13T13:39:08.121+0000] {processor.py:183} INFO - Processing /home/airflow/.local/lib/python3.8/site-packages/airflow/example_dags/example_python_decorator.py took 0.061 seconds
[2026-07-13T13:39:40.084+0000] {processor.py:161} INFO - Started process (PID=542) to work on /home/airflow/.local/lib/python3.8/site-packages/airflow/example_dags/example_python_decorator.py
[2026-07-13T13:39:40.086+0000] {processor.py:830} INFO - Processing file /home/airflow/.local/lib/python3.8/site-packages/airflow/example_dags/example_python_decorator.py for tasks to queue
[2026-07-13T13:39:40.088+0000] {logging_mixin.py:188} INFO - [2026-07-13T13:39:40.087+0000] {dagbag.py:538} INFO - Filling up the DagBag from /home/airflow/.local/lib/python3.8/site-packages/airflow/example_dags/example_python_decorator.py
[2026-07-13T13:39:40.099+0000] {processor.py:840} INFO - DAG(s) 'example_python_decorator' retrieved from /home/airflow/.local/lib/python3.8/site-packages/airflow/example_dags/example_python_decorator.py
[2026-07-13T13:39:40.115+0000] {logging_mixin.py:188} INFO - [2026-07-13T13:39:40.115+0000] {dag.py:3036} INFO - Sync 1 DAGs
[2026-07-13T13:39:40.124+0000] {logging_mixin.py:188} INFO - [2026-07-13T13:39:40.124+0000] {dag.py:3823} INFO - Setting next_dagrun for example_python_decorator to None, run_after=None
[2026-07-13T13:39:40.139+0000] {processor.py:183} INFO - Processing /home/airflow/.local/lib/python3.8/site-packages/airflow/example_dags/example_python_decorator.py took 0.059 seconds
[2026-07-13T13:40:12.395+0000] {processor.py:161} INFO - Started process (PID=598) to work on /home/airflow/.local/lib/python3.8/site-packages/airflow/example_dags/example_python_decorator.py
[2026-07-13T13:40:12.396+0000] {processor.py:830} INFO - Processing file /home/airflow/.local/lib/python3.8/site-packages/airflow/example_dags/example_python_decorator.py for tasks to queue
[2026-07-13T13:40:12.397+0000] {logging_mixin.py:188} INFO - [2026-07-13T13:40:12.397+0000] {dagbag.py:538} INFO - Filling up the DagBag from /home/airflow/.local/lib/python3.8/site-packages/airflow/example_dags/example_python_decorator.py
[2026-07-13T13:40:12.407+0000] {processor.py:840} INFO - DAG(s) 'example_python_decorator' retrieved from /home/airflow/.local/lib/python3.8/site-packages/airflow/example_dags/example_python_decorator.py
[2026-07-13T13:40:12.424+0000] {logging_mixin.py:188} INFO - [2026-07-13T13:40:12.423+0000] {dag.py:3036} INFO - Sync 1 DAGs
[2026-07-13T13:40:12.432+0000] {logging_mixin.py:188} INFO - [2026-07-13T13:40:12.432+0000] {dag.py:3823} INFO - Setting next_dagrun for example_python_decorator to None, run_after=None
[2026-07-13T13:40:12.447+0000] {processor.py:183} INFO - Processing /home/airflow/.local/lib/python3.8/site-packages/airflow/example_dags/example_python_decorator.py took 0.054 seconds
[2026-07-13T13:40:44.065+0000] {processor.py:161} INFO - Started process (PID=654) to work on /home/airflow/.local/lib/python3.8/site-packages/airflow/example_dags/example_python_decorator.py
[2026-07-13T13:40:44.066+0000] {processor.py:830} INFO - Processing file /home/airflow/.local/lib/python3.8/site-packages/airflow/example_dags/example_python_decorator.py for tasks to queue
[2026-07-13T13:40:44.068+0000] {logging_mixin.py:188} INFO - [2026-07-13T13:40:44.068+0000] {dagbag.py:538} INFO - Filling up the DagBag from /home/airflow/.local/lib/python3.8/site-packages/airflow/example_dags/example_python_decorator.py
[2026-07-13T13:40:44.083+0000] {processor.py:840} INFO - DAG(s) 'example_python_decorator' retrieved from /home/airflow/.local/lib/python3.8/site-packages/airflow/example_dags/example_python_decorator.py
[2026-07-13T13:40:44.119+0000] {logging_mixin.py:188} INFO - [2026-07-13T13:40:44.118+0000] {dag.py:3036} INFO - Sync 1 DAGs
[2026-07-13T13:40:44.136+0000] {logging_mixin.py:188} INFO - [2026-07-13T13:40:44.136+0000] {dag.py:3823} INFO - Setting next_dagrun for example_python_decorator to None, run_after=None
[2026-07-13T13:40:44.164+0000] {processor.py:183} INFO - Processing /home/airflow/.local/lib/python3.8/site-packages/airflow/example_dags/example_python_decorator.py took 0.101 seconds
[2026-07-13T13:41:16.508+0000] {processor.py:161} INFO - Started process (PID=710) to work on /home/airflow/.local/lib/python3.8/site-packages/airflow/example_dags/example_python_decorator.py
[2026-07-13T13:41:16.510+0000] {processor.py:830} INFO - Processing file /home/airflow/.local/lib/python3.8/site-packages/airflow/example_dags/example_python_decorator.py for tasks to queue
[2026-07-13T13:41:16.512+0000] {logging_mixin.py:188} INFO - [2026-07-13T13:41:16.511+0000] {dagbag.py:538} INFO - Filling up the DagBag from /home/airflow/.local/lib/python3.8/site-packages/airflow/example_dags/example_python_decorator.py
[2026-07-13T13:41:16.524+0000] {processor.py:840} INFO - DAG(s) 'example_python_decorator' retrieved from /home/airflow/.local/lib/python3.8/site-packages/airflow/example_dags/example_python_decorator.py
[2026-07-13T13:41:16.569+0000] {logging_mixin.py:188} INFO - [2026-07-13T13:41:16.569+0000] {dag.py:3036} INFO - Sync 1 DAGs
[2026-07-13T13:41:16.583+0000] {logging_mixin.py:188} INFO - [2026-07-13T13:41:16.583+0000] {dag.py:3823} INFO - Setting next_dagrun for example_python_decorator to None, run_after=None
[2026-07-13T13:41:16.607+0000] {processor.py:183} INFO - Processing /home/airflow/.local/lib/python3.8/site-packages/airflow/example_dags/example_python_decorator.py took 0.101 seconds
[2026-07-13T13:41:48.532+0000] {processor.py:161} INFO - Started process (PID=766) to work on /home/airflow/.local/lib/python3.8/site-packages/airflow/example_dags/example_python_decorator.py
[2026-07-13T13:41:48.533+0000] {processor.py:830} INFO - Processing file /home/airflow/.local/lib/python3.8/site-packages/airflow/example_dags/example_python_decorator.py for tasks to queue
[2026-07-13T13:41:48.535+0000] {logging_mixin.py:188} INFO - [2026-07-13T13:41:48.534+0000] {dagbag.py:538} INFO - Filling up the DagBag from /home/airflow/.local/lib/python3.8/site-packages/airflow/example_dags/example_python_decorator.py
[2026-07-13T13:41:48.557+0000] {processor.py:840} INFO - DAG(s) 'example_python_decorator' retrieved from /home/airflow/.local/lib/python3.8/site-packages/airflow/example_dags/example_python_decorator.py
[2026-07-13T13:41:48.583+0000] {logging_mixin.py:188} INFO - [2026-07-13T13:41:48.582+0000] {dag.py:3036} INFO - Sync 1 DAGs
[2026-07-13T13:41:48.593+0000] {logging_mixin.py:188} INFO - [2026-07-13T13:41:48.593+0000] {dag.py:3823} INFO - Setting next_dagrun for example_python_decorator to None, run_after=None
[2026-07-13T13:41:48.618+0000] {processor.py:183} INFO - Processing /home/airflow/.local/lib/python3.8/site-packages/airflow/example_dags/example_python_decorator.py took 0.091 seconds
[2026-07-13T13:42:20.062+0000] {processor.py:161} INFO - Started process (PID=822) to work on /home/airflow/.local/lib/python3.8/site-packages/airflow/example_dags/example_python_decorator.py
[2026-07-13T13:42:20.063+0000] {processor.py:830} INFO - Processing file /home/airflow/.local/lib/python3.8/site-packages/airflow/example_dags/example_python_decorator.py for tasks to queue
[2026-07-13T13:42:20.065+0000] {logging_mixin.py:188} INFO - [2026-07-13T13:42:20.064+0000] {dagbag.py:538} INFO - Filling up the DagBag from /home/airflow/.local/lib/python3.8/site-packages/airflow/example_dags/example_python_decorator.py
[2026-07-13T13:42:20.074+0000] {processor.py:840} INFO - DAG(s) 'example_python_decorator' retrieved from /home/airflow/.local/lib/python3.8/site-packages/airflow/example_dags/example_python_decorator.py
[2026-07-13T13:42:20.089+0000] {logging_mixin.py:188} INFO - [2026-07-13T13:42:20.089+0000] {dag.py:3036} INFO - Sync 1 DAGs
[2026-07-13T13:42:20.099+0000] {logging_mixin.py:188} INFO - [2026-07-13T13:42:20.098+0000] {dag.py:3823} INFO - Setting next_dagrun for example_python_decorator to None, run_after=None
[2026-07-13T13:42:20.112+0000] {processor.py:183} INFO - Processing /home/airflow/.local/lib/python3.8/site-packages/airflow/example_dags/example_python_decorator.py took 0.053 seconds
[2026-07-13T13:42:53.131+0000] {processor.py:161} INFO - Started process (PID=878) to work on /home/airflow/.local/lib/python3.8/site-packages/airflow/example_dags/example_python_decorator.py
[2026-07-13T13:42:53.132+0000] {processor.py:830} INFO - Processing file /home/airflow/.local/lib/python3.8/site-packages/airflow/example_dags/example_python_decorator.py for tasks to queue
[2026-07-13T13:42:53.135+0000] {logging_mixin.py:188} INFO - [2026-07-13T13:42:53.134+0000] {dagbag.py:538} INFO - Filling up the DagBag from /home/airflow/.local/lib/python3.8/site-packages/airflow/example_dags/example_python_decorator.py
[2026-07-13T13:42:53.149+0000] {processor.py:840} INFO - DAG(s) 'example_python_decorator' retrieved from /home/airflow/.local/lib/python3.8/site-packages/airflow/example_dags/example_python_decorator.py
[2026-07-13T13:42:53.169+0000] {logging_mixin.py:188} INFO - [2026-07-13T13:42:53.168+0000] {dag.py:3036} INFO - Sync 1 DAGs
[2026-07-13T13:42:53.179+0000] {logging_mixin.py:188} INFO - [2026-07-13T13:42:53.178+0000] {dag.py:3823} INFO - Setting next_dagrun for example_python_decorator to None, run_after=None
[2026-07-13T13:42:53.195+0000] {processor.py:183} INFO - Processing /home/airflow/.local/lib/python3.8/site-packages/airflow/example_dags/example_python_decorator.py took 0.067 seconds
[2026-07-13T13:43:25.001+0000] {processor.py:161} INFO - Started process (PID=935) to work on /home/airflow/.local/lib/python3.8/site-packages/airflow/example_dags/example_python_decorator.py
[2026-07-13T13:43:25.002+0000] {processor.py:830} INFO - Processing file /home/airflow/.local/lib/python3.8/site-packages/airflow/example_dags/example_python_decorator.py for tasks to queue
[2026-07-13T13:43:25.004+0000] {logging_mixin.py:188} INFO - [2026-07-13T13:43:25.004+0000] {dagbag.py:538} INFO - Filling up the DagBag from /home/airflow/.local/lib/python3.8/site-packages/airflow/example_dags/example_python_decorator.py
[2026-07-13T13:43:25.013+0000] {processor.py:840} INFO - DAG(s) 'example_python_decorator' retrieved from /home/airflow/.local/lib/python3.8/site-packages/airflow/example_dags/example_python_decorator.py
[2026-07-13T13:43:25.029+0000] {logging_mixin.py:188} INFO - [2026-07-13T13:43:25.029+0000] {dag.py:3036} INFO - Sync 1 DAGs
[2026-07-13T13:43:25.038+0000] {logging_mixin.py:188} INFO - [2026-07-13T13:43:25.038+0000] {dag.py:3823} INFO - Setting next_dagrun for example_python_decorator to None, run_after=None
[2026-07-13T13:43:25.054+0000] {processor.py:183} INFO - Processing /home/airflow/.local/lib/python3.8/site-packages/airflow/example_dags/example_python_decorator.py took 0.055 seconds
[2026-07-13T13:43:57.223+0000] {processor.py:161} INFO - Started process (PID=992) to work on /home/airflow/.local/lib/python3.8/site-packages/airflow/example_dags/example_python_decorator.py
[2026-07-13T13:43:57.225+0000] {processor.py:830} INFO - Processing file /home/airflow/.local/lib/python3.8/site-packages/airflow/example_dags/example_python_decorator.py for tasks to queue
[2026-07-13T13:43:57.226+0000] {logging_mixin.py:188} INFO - [2026-07-13T13:43:57.226+0000] {dagbag.py:538} INFO - Filling up the DagBag from /home/airflow/.local/lib/python3.8/site-packages/airflow/example_dags/example_python_decorator.py
[2026-07-13T13:43:57.235+0000] {processor.py:840} INFO - DAG(s) 'example_python_decorator' retrieved from /home/airflow/.local/lib/python3.8/site-packages/airflow/example_dags/example_python_decorator.py
[2026-07-13T13:43:57.251+0000] {logging_mixin.py:188} INFO - [2026-07-13T13:43:57.251+0000] {dag.py:3036} INFO - Sync 1 DAGs
[2026-07-13T13:43:57.259+0000] {logging_mixin.py:188} INFO - [2026-07-13T13:43:57.259+0000] {dag.py:3823} INFO - Setting next_dagrun for example_python_decorator to None, run_after=None
[2026-07-13T13:43:57.273+0000] {processor.py:183} INFO - Processing /home/airflow/.local/lib/python3.8/site-packages/airflow/example_dags/example_python_decorator.py took 0.052 seconds
[2026-07-13T13:44:30.088+0000] {processor.py:161} INFO - Started process (PID=1049) to work on /home/airflow/.local/lib/python3.8/site-packages/airflow/example_dags/example_python_decorator.py
[2026-07-13T13:44:30.089+0000] {processor.py:830} INFO - Processing file /home/airflow/.local/lib/python3.8/site-packages/airflow/example_dags/example_python_decorator.py for tasks to queue
[2026-07-13T13:44:30.090+0000] {logging_mixin.py:188} INFO - [2026-07-13T13:44:30.090+0000] {dagbag.py:538} INFO - Filling up the DagBag from /home/airflow/.local/lib/python3.8/site-packages/airflow/example_dags/example_python_decorator.py
[2026-07-13T13:44:30.100+0000] {processor.py:840} INFO - DAG(s) 'example_python_decorator' retrieved from /home/airflow/.local/lib/python3.8/site-packages/airflow/example_dags/example_python_decorator.py
[2026-07-13T13:44:30.119+0000] {logging_mixin.py:188} INFO - [2026-07-13T13:44:30.118+0000] {dag.py:3036} INFO - Sync 1 DAGs
[2026-07-13T13:44:30.128+0000] {logging_mixin.py:188} INFO - [2026-07-13T13:44:30.128+0000] {dag.py:3823} INFO - Setting next_dagrun for example_python_decorator to None, run_after=None
[2026-07-13T13:44:30.146+0000] {processor.py:183} INFO - Processing /home/airflow/.local/lib/python3.8/site-packages/airflow/example_dags/example_python_decorator.py took 0.061 seconds
[2026-07-13T13:45:02.143+0000] {processor.py:161} INFO - Started process (PID=1105) to work on /home/airflow/.local/lib/python3.8/site-packages/airflow/example_dags/example_python_decorator.py
[2026-07-13T13:45:02.144+0000] {processor.py:830} INFO - Processing file /home/airflow/.local/lib/python3.8/site-packages/airflow/example_dags/example_python_decorator.py for tasks to queue
[2026-07-13T13:45:02.145+0000] {logging_mixin.py:188} INFO - [2026-07-13T13:45:02.145+0000] {dagbag.py:538} INFO - Filling up the DagBag from /home/airflow/.local/lib/python3.8/site-packages/airflow/example_dags/example_python_decorator.py
[2026-07-13T13:45:02.154+0000] {processor.py:840} INFO - DAG(s) 'example_python_decorator' retrieved from /home/airflow/.local/lib/python3.8/site-packages/airflow/example_dags/example_python_decorator.py
[2026-07-13T13:45:02.168+0000] {logging_mixin.py:188} INFO - [2026-07-13T13:45:02.168+0000] {dag.py:3036} INFO - Sync 1 DAGs
[2026-07-13T13:45:02.176+0000] {logging_mixin.py:188} INFO - [2026-07-13T13:45:02.176+0000] {dag.py:3823} INFO - Setting next_dagrun for example_python_decorator to None, run_after=None
[2026-07-13T13:45:02.190+0000] {processor.py:183} INFO - Processing /home/airflow/.local/lib/python3.8/site-packages/airflow/example_dags/example_python_decorator.py took 0.049 seconds
[2026-07-13T13:45:34.392+0000] {processor.py:161} INFO - Started process (PID=1161) to work on /home/airflow/.local/lib/python3.8/site-packages/airflow/example_dags/example_python_decorator.py
[2026-07-13T13:45:34.393+0000] {processor.py:830} INFO - Processing file /home/airflow/.local/lib/python3.8/site-packages/airflow/example_dags/example_python_decorator.py for tasks to queue
[2026-07-13T13:45:34.394+0000] {logging_mixin.py:188} INFO - [2026-07-13T13:45:34.394+0000] {dagbag.py:538} INFO - Filling up the DagBag from /home/airflow/.local/lib/python3.8/site-packages/airflow/example_dags/example_python_decorator.py
[2026-07-13T13:45:34.404+0000] {processor.py:840} INFO - DAG(s) 'example_python_decorator' retrieved from /home/airflow/.local/lib/python3.8/site-packages/airflow/example_dags/example_python_decorator.py
[2026-07-13T13:45:34.420+0000] {logging_mixin.py:188} INFO - [2026-07-13T13:45:34.420+0000] {dag.py:3036} INFO - Sync 1 DAGs
[2026-07-13T13:45:34.428+0000] {logging_mixin.py:188} INFO - [2026-07-13T13:45:34.428+0000] {dag.py:3823} INFO - Setting next_dagrun for example_python_decorator to None, run_after=None
[2026-07-13T13:45:34.440+0000] {processor.py:183} INFO - Processing /home/airflow/.local/lib/python3.8/site-packages/airflow/example_dags/example_python_decorator.py took 0.051 seconds
[2026-07-13T13:46:06.550+0000] {processor.py:161} INFO - Started process (PID=1217) to work on /home/airflow/.local/lib/python3.8/site-packages/airflow/example_dags/example_python_decorator.py
[2026-07-13T13:46:06.550+0000] {processor.py:830} INFO - Processing file /home/airflow/.local/lib/python3.8/site-packages/airflow/example_dags/example_python_decorator.py for tasks to queue
[2026-07-13T13:46:06.552+0000] {logging_mixin.py:188} INFO - [2026-07-13T13:46:06.552+0000] {dagbag.py:538} INFO - Filling up the DagBag from /home/airflow/.local/lib/python3.8/site-packages/airflow/example_dags/example_python_decorator.py
[2026-07-13T13:46:06.560+0000] {processor.py:840} INFO - DAG(s) 'example_python_decorator' retrieved from /home/airflow/.local/lib/python3.8/site-packages/airflow/example_dags/example_python_decorator.py
[2026-07-13T13:46:06.575+0000] {logging_mixin.py:188} INFO - [2026-07-13T13:46:06.575+0000] {dag.py:3036} INFO - Sync 1 DAGs
[2026-07-13T13:46:06.584+0000] {logging_mixin.py:188} INFO - [2026-07-13T13:46:06.584+0000] {dag.py:3823} INFO - Setting next_dagrun for example_python_decorator to None, run_after=None
[2026-07-13T13:46:06.596+0000] {processor.py:183} INFO - Processing /home/airflow/.local/lib/python3.8/site-packages/airflow/example_dags/example_python_decorator.py took 0.050 seconds
[2026-07-13T13:46:38.785+0000] {processor.py:161} INFO - Started process (PID=1273) to work on /home/airflow/.local/lib/python3.8/site-packages/airflow/example_dags/example_python_decorator.py
[2026-07-13T13:46:38.786+0000] {processor.py:830} INFO - Processing file /home/airflow/.local/lib/python3.8/site-packages/airflow/example_dags/example_python_decorator.py for tasks to queue
[2026-07-13T13:46:38.787+0000] {logging_mixin.py:188} INFO - [2026-07-13T13:46:38.787+0000] {dagbag.py:538} INFO - Filling up the DagBag from /home/airflow/.local/lib/python3.8/site-packages/airflow/example_dags/example_python_decorator.py
[2026-07-13T13:46:38.797+0000] {processor.py:840} INFO - DAG(s) 'example_python_decorator' retrieved from /home/airflow/.local/lib/python3.8/site-packages/airflow/example_dags/example_python_decorator.py
[2026-07-13T13:46:38.815+0000] {logging_mixin.py:188} INFO - [2026-07-13T13:46:38.815+0000] {dag.py:3036} INFO - Sync 1 DAGs
[2026-07-13T13:46:38.826+0000] {logging_mixin.py:188} INFO - [2026-07-13T13:46:38.825+0000] {dag.py:3823} INFO - Setting next_dagrun for example_python_decorator to None, run_after=None
[2026-07-13T13:46:38.846+0000] {processor.py:183} INFO - Processing /home/airflow/.local/lib/python3.8/site-packages/airflow/example_dags/example_python_decorator.py took 0.064 seconds
[2026-07-13T13:47:11.085+0000] {processor.py:161} INFO - Started process (PID=1329) to work on /home/airflow/.local/lib/python3.8/site-packages/airflow/example_dags/example_python_decorator.py
[2026-07-13T13:47:11.086+0000] {processor.py:830} INFO - Processing file /home/airflow/.local/lib/python3.8/site-packages/airflow/example_dags/example_python_decorator.py for tasks to queue
[2026-07-13T13:47:11.087+0000] {logging_mixin.py:188} INFO - [2026-07-13T13:47:11.087+0000] {dagbag.py:538} INFO - Filling up the DagBag from /home/airflow/.local/lib/python3.8/site-packages/airflow/example_dags/example_python_decorator.py
[2026-07-13T13:47:11.097+0000] {processor.py:840} INFO - DAG(s) 'example_python_decorator' retrieved from /home/airflow/.local/lib/python3.8/site-packages/airflow/example_dags/example_python_decorator.py
[2026-07-13T13:47:11.115+0000] {logging_mixin.py:188} INFO - [2026-07-13T13:47:11.114+0000] {dag.py:3036} INFO - Sync 1 DAGs
[2026-07-13T13:47:11.123+0000] {logging_mixin.py:188} INFO - [2026-07-13T13:47:11.123+0000] {dag.py:3823} INFO - Setting next_dagrun for example_python_decorator to None, run_after=None
[2026-07-13T13:47:11.138+0000] {processor.py:183} INFO - Processing /home/airflow/.local/lib/python3.8/site-packages/airflow/example_dags/example_python_decorator.py took 0.056 seconds
[2026-07-13T13:48:52.477+0000] {processor.py:161} INFO - Started process (PID=95) to work on /home/airflow/.local/lib/python3.8/site-packages/airflow/example_dags/example_python_decorator.py
[2026-07-13T13:48:52.479+0000] {processor.py:830} INFO - Processing file /home/airflow/.local/lib/python3.8/site-packages/airflow/example_dags/example_python_decorator.py for tasks to queue
[2026-07-13T13:48:52.482+0000] {logging_mixin.py:188} INFO - [2026-07-13T13:48:52.482+0000] {dagbag.py:538} INFO - Filling up the DagBag from /home/airflow/.local/lib/python3.8/site-packages/airflow/example_dags/example_python_decorator.py
[2026-07-13T13:48:52.496+0000] {processor.py:840} INFO - DAG(s) 'example_python_decorator' retrieved from /home/airflow/.local/lib/python3.8/site-packages/airflow/example_dags/example_python_decorator.py
[2026-07-13T13:48:52.513+0000] {logging_mixin.py:188} INFO - [2026-07-13T13:48:52.512+0000] {dag.py:3036} INFO - Sync 1 DAGs
[2026-07-13T13:48:52.532+0000] {logging_mixin.py:188} INFO - [2026-07-13T13:48:52.532+0000] {dag.py:3823} INFO - Setting next_dagrun for example_python_decorator to None, run_after=None
[2026-07-13T13:48:52.563+0000] {processor.py:183} INFO - Processing /home/airflow/.local/lib/python3.8/site-packages/airflow/example_dags/example_python_decorator.py took 0.090 seconds
[2026-07-13T13:49:23.667+0000] {processor.py:161} INFO - Started process (PID=151) to work on /home/airflow/.local/lib/python3.8/site-packages/airflow/example_dags/example_python_decorator.py
[2026-07-13T13:49:23.668+0000] {processor.py:830} INFO - Processing file /home/airflow/.local/lib/python3.8/site-packages/airflow/example_dags/example_python_decorator.py for tasks to queue
[2026-07-13T13:49:23.670+0000] {logging_mixin.py:188} INFO - [2026-07-13T13:49:23.669+0000] {dagbag.py:538} INFO - Filling up the DagBag from /home/airflow/.local/lib/python3.8/site-packages/airflow/example_dags/example_python_decorator.py
[2026-07-13T13:49:23.680+0000] {processor.py:840} INFO - DAG(s) 'example_python_decorator' retrieved from /home/airflow/.local/lib/python3.8/site-packages/airflow/example_dags/example_python_decorator.py
[2026-07-13T13:49:23.749+0000] {logging_mixin.py:188} INFO - [2026-07-13T13:49:23.748+0000] {dag.py:3036} INFO - Sync 1 DAGs
[2026-07-13T13:49:23.756+0000] {logging_mixin.py:188} INFO - [2026-07-13T13:49:23.756+0000] {dag.py:3823} INFO - Setting next_dagrun for example_python_decorator to None, run_after=None
[2026-07-13T13:49:23.773+0000] {processor.py:183} INFO - Processing /home/airflow/.local/lib/python3.8/site-packages/airflow/example_dags/example_python_decorator.py took 0.108 seconds
[2026-07-13T13:49:54.333+0000] {processor.py:161} INFO - Started process (PID=207) to work on /home/airflow/.local/lib/python3.8/site-packages/airflow/example_dags/example_python_decorator.py
[2026-07-13T13:49:54.334+0000] {processor.py:830} INFO - Processing file /home/airflow/.local/lib/python3.8/site-packages/airflow/example_dags/example_python_decorator.py for tasks to queue
[2026-07-13T13:49:54.336+0000] {logging_mixin.py:188} INFO - [2026-07-13T13:49:54.336+0000] {dagbag.py:538} INFO - Filling up the DagBag from /home/airflow/.local/lib/python3.8/site-packages/airflow/example_dags/example_python_decorator.py
[2026-07-13T13:49:54.347+0000] {processor.py:840} INFO - DAG(s) 'example_python_decorator' retrieved from /home/airflow/.local/lib/python3.8/site-packages/airflow/example_dags/example_python_decorator.py
[2026-07-13T13:49:54.367+0000] {logging_mixin.py:188} INFO - [2026-07-13T13:49:54.367+0000] {dag.py:3036} INFO - Sync 1 DAGs
[2026-07-13T13:49:54.381+0000] {logging_mixin.py:188} INFO - [2026-07-13T13:49:54.381+0000] {dag.py:3823} INFO - Setting next_dagrun for example_python_decorator to None, run_after=None
[2026-07-13T13:49:54.403+0000] {processor.py:183} INFO - Processing /home/airflow/.local/lib/python3.8/site-packages/airflow/example_dags/example_python_decorator.py took 0.073 seconds
[2026-07-13T13:50:24.847+0000] {processor.py:161} INFO - Started process (PID=263) to work on /home/airflow/.local/lib/python3.8/site-packages/airflow/example_dags/example_python_decorator.py
[2026-07-13T13:50:24.848+0000] {processor.py:830} INFO - Processing file /home/airflow/.local/lib/python3.8/site-packages/airflow/example_dags/example_python_decorator.py for tasks to queue
[2026-07-13T13:50:24.850+0000] {logging_mixin.py:188} INFO - [2026-07-13T13:50:24.849+0000] {dagbag.py:538} INFO - Filling up the DagBag from /home/airflow/.local/lib/python3.8/site-packages/airflow/example_dags/example_python_decorator.py
[2026-07-13T13:50:24.859+0000] {processor.py:840} INFO - DAG(s) 'example_python_decorator' retrieved from /home/airflow/.local/lib/python3.8/site-packages/airflow/example_dags/example_python_decorator.py
[2026-07-13T13:50:24.874+0000] {logging_mixin.py:188} INFO - [2026-07-13T13:50:24.873+0000] {dag.py:3036} INFO - Sync 1 DAGs
[2026-07-13T13:50:24.882+0000] {logging_mixin.py:188} INFO - [2026-07-13T13:50:24.882+0000] {dag.py:3823} INFO - Setting next_dagrun for example_python_decorator to None, run_after=None
[2026-07-13T13:50:24.896+0000] {processor.py:183} INFO - Processing /home/airflow/.local/lib/python3.8/site-packages/airflow/example_dags/example_python_decorator.py took 0.052 seconds
[2026-07-13T13:50:57.247+0000] {processor.py:161} INFO - Started process (PID=319) to work on /home/airflow/.local/lib/python3.8/site-packages/airflow/example_dags/example_python_decorator.py
[2026-07-13T13:50:57.248+0000] {processor.py:830} INFO - Processing file /home/airflow/.local/lib/python3.8/site-packages/airflow/example_dags/example_python_decorator.py for tasks to queue
[2026-07-13T13:50:57.250+0000] {logging_mixin.py:188} INFO - [2026-07-13T13:50:57.250+0000] {dagbag.py:538} INFO - Filling up the DagBag from /home/airflow/.local/lib/python3.8/site-packages/airflow/example_dags/example_python_decorator.py
[2026-07-13T13:50:57.260+0000] {processor.py:840} INFO - DAG(s) 'example_python_decorator' retrieved from /home/airflow/.local/lib/python3.8/site-packages/airflow/example_dags/example_python_decorator.py
[2026-07-13T13:50:57.277+0000] {logging_mixin.py:188} INFO - [2026-07-13T13:50:57.277+0000] {dag.py:3036} INFO - Sync 1 DAGs
[2026-07-13T13:50:57.286+0000] {logging_mixin.py:188} INFO - [2026-07-13T13:50:57.285+0000] {dag.py:3823} INFO - Setting next_dagrun for example_python_decorator to None, run_after=None
[2026-07-13T13:50:57.300+0000] {processor.py:183} INFO - Processing /home/airflow/.local/lib/python3.8/site-packages/airflow/example_dags/example_python_decorator.py took 0.055 seconds
[2026-07-13T13:51:29.930+0000] {processor.py:161} INFO - Started process (PID=375) to work on /home/airflow/.local/lib/python3.8/site-packages/airflow/example_dags/example_python_decorator.py
[2026-07-13T13:51:29.932+0000] {processor.py:830} INFO - Processing file /home/airflow/.local/lib/python3.8/site-packages/airflow/example_dags/example_python_decorator.py for tasks to queue
[2026-07-13T13:51:29.934+0000] {logging_mixin.py:188} INFO - [2026-07-13T13:51:29.933+0000] {dagbag.py:538} INFO - Filling up the DagBag from /home/airflow/.local/lib/python3.8/site-packages/airflow/example_dags/example_python_decorator.py
[2026-07-13T13:51:29.945+0000] {processor.py:840} INFO - DAG(s) 'example_python_decorator' retrieved from /home/airflow/.local/lib/python3.8/site-packages/airflow/example_dags/example_python_decorator.py
[2026-07-13T13:51:29.963+0000] {logging_mixin.py:188} INFO - [2026-07-13T13:51:29.963+0000] {dag.py:3036} INFO - Sync 1 DAGs
[2026-07-13T13:51:29.972+0000] {logging_mixin.py:188} INFO - [2026-07-13T13:51:29.972+0000] {dag.py:3823} INFO - Setting next_dagrun for example_python_decorator to None, run_after=None
[2026-07-13T13:51:29.989+0000] {processor.py:183} INFO - Processing /home/airflow/.local/lib/python3.8/site-packages/airflow/example_dags/example_python_decorator.py took 0.062 seconds
[2026-07-13T13:52:02.429+0000] {processor.py:161} INFO - Started process (PID=435) to work on /home/airflow/.local/lib/python3.8/site-packages/airflow/example_dags/example_python_decorator.py
[2026-07-13T13:52:02.431+0000] {processor.py:830} INFO - Processing file /home/airflow/.local/lib/python3.8/site-packages/airflow/example_dags/example_python_decorator.py for tasks to queue
[2026-07-13T13:52:02.433+0000] {logging_mixin.py:188} INFO - [2026-07-13T13:52:02.433+0000] {dagbag.py:538} INFO - Filling up the DagBag from /home/airflow/.local/lib/python3.8/site-packages/airflow/example_dags/example_python_decorator.py
[2026-07-13T13:52:02.449+0000] {processor.py:840} INFO - DAG(s) 'example_python_decorator' retrieved from /home/airflow/.local/lib/python3.8/site-packages/airflow/example_dags/example_python_decorator.py
[2026-07-13T13:52:02.474+0000] {logging_mixin.py:188} INFO - [2026-07-13T13:52:02.474+0000] {dag.py:3036} INFO - Sync 1 DAGs
[2026-07-13T13:52:02.487+0000] {logging_mixin.py:188} INFO - [2026-07-13T13:52:02.486+0000] {dag.py:3823} INFO - Setting next_dagrun for example_python_decorator to None, run_after=None
[2026-07-13T13:52:02.513+0000] {processor.py:183} INFO - Processing /home/airflow/.local/lib/python3.8/site-packages/airflow/example_dags/example_python_decorator.py took 0.087 seconds
[2026-07-13T13:52:35.085+0000] {processor.py:161} INFO - Started process (PID=495) to work on /home/airflow/.local/lib/python3.8/site-packages/airflow/example_dags/example_python_decorator.py
[2026-07-13T13:52:35.086+0000] {processor.py:830} INFO - Processing file /home/airflow/.local/lib/python3.8/site-packages/airflow/example_dags/example_python_decorator.py for tasks to queue
[2026-07-13T13:52:35.089+0000] {logging_mixin.py:188} INFO - [2026-07-13T13:52:35.088+0000] {dagbag.py:538} INFO - Filling up the DagBag from /home/airflow/.local/lib/python3.8/site-packages/airflow/example_dags/example_python_decorator.py
[2026-07-13T13:52:35.102+0000] {processor.py:840} INFO - DAG(s) 'example_python_decorator' retrieved from /home/airflow/.local/lib/python3.8/site-packages/airflow/example_dags/example_python_decorator.py
[2026-07-13T13:52:35.127+0000] {logging_mixin.py:188} INFO - [2026-07-13T13:52:35.127+0000] {dag.py:3036} INFO - Sync 1 DAGs
[2026-07-13T13:52:35.144+0000] {logging_mixin.py:188} INFO - [2026-07-13T13:52:35.144+0000] {dag.py:3823} INFO - Setting next_dagrun for example_python_decorator to None, run_after=None
[2026-07-13T13:52:35.169+0000] {processor.py:183} INFO - Processing /home/airflow/.local/lib/python3.8/site-packages/airflow/example_dags/example_python_decorator.py took 0.089 seconds
[2026-07-13T13:53:08.009+0000] {processor.py:161} INFO - Started process (PID=555) to work on /home/airflow/.local/lib/python3.8/site-packages/airflow/example_dags/example_python_decorator.py
[2026-07-13T13:53:08.013+0000] {processor.py:830} INFO - Processing file /home/airflow/.local/lib/python3.8/site-packages/airflow/example_dags/example_python_decorator.py for tasks to queue
[2026-07-13T13:53:08.018+0000] {logging_mixin.py:188} INFO - [2026-07-13T13:53:08.017+0000] {dagbag.py:538} INFO - Filling up the DagBag from /home/airflow/.local/lib/python3.8/site-packages/airflow/example_dags/example_python_decorator.py
[2026-07-13T13:53:08.051+0000] {processor.py:840} INFO - DAG(s) 'example_python_decorator' retrieved from /home/airflow/.local/lib/python3.8/site-packages/airflow/example_dags/example_python_decorator.py
[2026-07-13T13:53:08.101+0000] {logging_mixin.py:188} INFO - [2026-07-13T13:53:08.100+0000] {dag.py:3036} INFO - Sync 1 DAGs
[2026-07-13T13:53:08.132+0000] {logging_mixin.py:188} INFO - [2026-07-13T13:53:08.131+0000] {dag.py:3823} INFO - Setting next_dagrun for example_python_decorator to None, run_after=None
[2026-07-13T13:53:08.174+0000] {processor.py:183} INFO - Processing /home/airflow/.local/lib/python3.8/site-packages/airflow/example_dags/example_python_decorator.py took 0.175 seconds
[2026-07-13T13:53:39.108+0000] {processor.py:161} INFO - Started process (PID=611) to work on /home/airflow/.local/lib/python3.8/site-packages/airflow/example_dags/example_python_decorator.py
[2026-07-13T13:53:39.109+0000] {processor.py:830} INFO - Processing file /home/airflow/.local/lib/python3.8/site-packages/airflow/example_dags/example_python_decorator.py for tasks to queue
[2026-07-13T13:53:39.111+0000] {logging_mixin.py:188} INFO - [2026-07-13T13:53:39.110+0000] {dagbag.py:538} INFO - Filling up the DagBag from /home/airflow/.local/lib/python3.8/site-packages/airflow/example_dags/example_python_decorator.py
[2026-07-13T13:53:39.123+0000] {processor.py:840} INFO - DAG(s) 'example_python_decorator' retrieved from /home/airflow/.local/lib/python3.8/site-packages/airflow/example_dags/example_python_decorator.py
[2026-07-13T13:53:39.142+0000] {logging_mixin.py:188} INFO - [2026-07-13T13:53:39.142+0000] {dag.py:3036} INFO - Sync 1 DAGs
[2026-07-13T13:53:39.152+0000] {logging_mixin.py:188} INFO - [2026-07-13T13:53:39.152+0000] {dag.py:3823} INFO - Setting next_dagrun for example_python_decorator to None, run_after=None
[2026-07-13T13:53:39.170+0000] {processor.py:183} INFO - Processing /home/airflow/.local/lib/python3.8/site-packages/airflow/example_dags/example_python_decorator.py took 0.065 seconds
[2026-07-13T13:54:11.419+0000] {processor.py:161} INFO - Started process (PID=667) to work on /home/airflow/.local/lib/python3.8/site-packages/airflow/example_dags/example_python_decorator.py
[2026-07-13T13:54:11.420+0000] {processor.py:830} INFO - Processing file /home/airflow/.local/lib/python3.8/site-packages/airflow/example_dags/example_python_decorator.py for tasks to queue
[2026-07-13T13:54:11.421+0000] {logging_mixin.py:188} INFO - [2026-07-13T13:54:11.421+0000] {dagbag.py:538} INFO - Filling up the DagBag from /home/airflow/.local/lib/python3.8/site-packages/airflow/example_dags/example_python_decorator.py
[2026-07-13T13:54:11.431+0000] {processor.py:840} INFO - DAG(s) 'example_python_decorator' retrieved from /home/airflow/.local/lib/python3.8/site-packages/airflow/example_dags/example_python_decorator.py
[2026-07-13T13:54:11.446+0000] {logging_mixin.py:188} INFO - [2026-07-13T13:54:11.446+0000] {dag.py:3036} INFO - Sync 1 DAGs
[2026-07-13T13:54:11.455+0000] {logging_mixin.py:188} INFO - [2026-07-13T13:54:11.455+0000] {dag.py:3823} INFO - Setting next_dagrun for example_python_decorator to None, run_after=None
[2026-07-13T13:54:11.469+0000] {processor.py:183} INFO - Processing /home/airflow/.local/lib/python3.8/site-packages/airflow/example_dags/example_python_decorator.py took 0.053 seconds
[2026-07-13T13:54:44.468+0000] {processor.py:161} INFO - Started process (PID=723) to work on /home/airflow/.local/lib/python3.8/site-packages/airflow/example_dags/example_python_decorator.py
[2026-07-13T13:54:44.469+0000] {processor.py:830} INFO - Processing file /home/airflow/.local/lib/python3.8/site-packages/airflow/example_dags/example_python_decorator.py for tasks to queue
[2026-07-13T13:54:44.471+0000] {logging_mixin.py:188} INFO - [2026-07-13T13:54:44.471+0000] {dagbag.py:538} INFO - Filling up the DagBag from /home/airflow/.local/lib/python3.8/site-packages/airflow/example_dags/example_python_decorator.py
[2026-07-13T13:54:44.483+0000] {processor.py:840} INFO - DAG(s) 'example_python_decorator' retrieved from /home/airflow/.local/lib/python3.8/site-packages/airflow/example_dags/example_python_decorator.py
[2026-07-13T13:54:44.502+0000] {logging_mixin.py:188} INFO - [2026-07-13T13:54:44.501+0000] {dag.py:3036} INFO - Sync 1 DAGs
[2026-07-13T13:54:44.512+0000] {logging_mixin.py:188} INFO - [2026-07-13T13:54:44.512+0000] {dag.py:3823} INFO - Setting next_dagrun for example_python_decorator to None, run_after=None
[2026-07-13T13:54:44.530+0000] {processor.py:183} INFO - Processing /home/airflow/.local/lib/python3.8/site-packages/airflow/example_dags/example_python_decorator.py took 0.064 seconds
[2026-07-13T13:55:16.153+0000] {processor.py:161} INFO - Started process (PID=779) to work on /home/airflow/.local/lib/python3.8/site-packages/airflow/example_dags/example_python_decorator.py
[2026-07-13T13:55:16.154+0000] {processor.py:830} INFO - Processing file /home/airflow/.local/lib/python3.8/site-packages/airflow/example_dags/example_python_decorator.py for tasks to queue
[2026-07-13T13:55:16.155+0000] {logging_mixin.py:188} INFO - [2026-07-13T13:55:16.155+0000] {dagbag.py:538} INFO - Filling up the DagBag from /home/airflow/.local/lib/python3.8/site-packages/airflow/example_dags/example_python_decorator.py
[2026-07-13T13:55:16.166+0000] {processor.py:840} INFO - DAG(s) 'example_python_decorator' retrieved from /home/airflow/.local/lib/python3.8/site-packages/airflow/example_dags/example_python_decorator.py
[2026-07-13T13:55:16.184+0000] {logging_mixin.py:188} INFO - [2026-07-13T13:55:16.183+0000] {dag.py:3036} INFO - Sync 1 DAGs
[2026-07-13T13:55:16.194+0000] {logging_mixin.py:188} INFO - [2026-07-13T13:55:16.194+0000] {dag.py:3823} INFO - Setting next_dagrun for example_python_decorator to None, run_after=None
[2026-07-13T13:55:16.210+0000] {processor.py:183} INFO - Processing /home/airflow/.local/lib/python3.8/site-packages/airflow/example_dags/example_python_decorator.py took 0.060 seconds
[2026-07-13T13:55:49.138+0000] {processor.py:161} INFO - Started process (PID=835) to work on /home/airflow/.local/lib/python3.8/site-packages/airflow/example_dags/example_python_decorator.py
[2026-07-13T13:55:49.139+0000] {processor.py:830} INFO - Processing file /home/airflow/.local/lib/python3.8/site-packages/airflow/example_dags/example_python_decorator.py for tasks to queue
[2026-07-13T13:55:49.143+0000] {logging_mixin.py:188} INFO - [2026-07-13T13:55:49.142+0000] {dagbag.py:538} INFO - Filling up the DagBag from /home/airflow/.local/lib/python3.8/site-packages/airflow/example_dags/example_python_decorator.py
[2026-07-13T13:55:49.157+0000] {processor.py:840} INFO - DAG(s) 'example_python_decorator' retrieved from /home/airflow/.local/lib/python3.8/site-packages/airflow/example_dags/example_python_decorator.py
[2026-07-13T13:55:49.173+0000] {logging_mixin.py:188} INFO - [2026-07-13T13:55:49.173+0000] {dag.py:3036} INFO - Sync 1 DAGs
[2026-07-13T13:55:49.181+0000] {logging_mixin.py:188} INFO - [2026-07-13T13:55:49.181+0000] {dag.py:3823} INFO - Setting next_dagrun for example_python_decorator to None, run_after=None
[2026-07-13T13:55:49.195+0000] {processor.py:183} INFO - Processing /home/airflow/.local/lib/python3.8/site-packages/airflow/example_dags/example_python_decorator.py took 0.061 seconds
[2026-07-13T13:56:20.664+0000] {processor.py:161} INFO - Started process (PID=891) to work on /home/airflow/.local/lib/python3.8/site-packages/airflow/example_dags/example_python_decorator.py
[2026-07-13T13:56:20.673+0000] {processor.py:830} INFO - Processing file /home/airflow/.local/lib/python3.8/site-packages/airflow/example_dags/example_python_decorator.py for tasks to queue
[2026-07-13T13:56:20.675+0000] {logging_mixin.py:188} INFO - [2026-07-13T13:56:20.674+0000] {dagbag.py:538} INFO - Filling up the DagBag from /home/airflow/.local/lib/python3.8/site-packages/airflow/example_dags/example_python_decorator.py
[2026-07-13T13:56:20.686+0000] {processor.py:840} INFO - DAG(s) 'example_python_decorator' retrieved from /home/airflow/.local/lib/python3.8/site-packages/airflow/example_dags/example_python_decorator.py
[2026-07-13T13:56:20.706+0000] {logging_mixin.py:188} INFO - [2026-07-13T13:56:20.706+0000] {dag.py:3036} INFO - Sync 1 DAGs
[2026-07-13T13:56:20.720+0000] {logging_mixin.py:188} INFO - [2026-07-13T13:56:20.719+0000] {dag.py:3823} INFO - Setting next_dagrun for example_python_decorator to None, run_after=None
[2026-07-13T13:56:20.758+0000] {processor.py:183} INFO - Processing /home/airflow/.local/lib/python3.8/site-packages/airflow/example_dags/example_python_decorator.py took 0.096 seconds
[2026-07-13T14:04:13.878+0000] {processor.py:161} INFO - Started process (PID=95) to work on /home/airflow/.local/lib/python3.8/site-packages/airflow/example_dags/example_python_decorator.py
[2026-07-13T14:04:13.881+0000] {processor.py:830} INFO - Processing file /home/airflow/.local/lib/python3.8/site-packages/airflow/example_dags/example_python_decorator.py for tasks to queue
[2026-07-13T14:04:13.882+0000] {logging_mixin.py:188} INFO - [2026-07-13T14:04:13.882+0000] {dagbag.py:538} INFO - Filling up the DagBag from /home/airflow/.local/lib/python3.8/site-packages/airflow/example_dags/example_python_decorator.py
[2026-07-13T14:04:13.892+0000] {processor.py:840} INFO - DAG(s) 'example_python_decorator' retrieved from /home/airflow/.local/lib/python3.8/site-packages/airflow/example_dags/example_python_decorator.py
[2026-07-13T14:04:13.903+0000] {logging_mixin.py:188} INFO - [2026-07-13T14:04:13.902+0000] {dag.py:3036} INFO - Sync 1 DAGs
[2026-07-13T14:04:13.914+0000] {logging_mixin.py:188} INFO - [2026-07-13T14:04:13.913+0000] {dag.py:3823} INFO - Setting next_dagrun for example_python_decorator to None, run_after=None
[2026-07-13T14:04:13.932+0000] {processor.py:183} INFO - Processing /home/airflow/.local/lib/python3.8/site-packages/airflow/example_dags/example_python_decorator.py took 0.057 seconds
[2026-07-13T14:04:44.461+0000] {processor.py:161} INFO - Started process (PID=151) to work on /home/airflow/.local/lib/python3.8/site-packages/airflow/example_dags/example_python_decorator.py
[2026-07-13T14:04:44.462+0000] {processor.py:830} INFO - Processing file /home/airflow/.local/lib/python3.8/site-packages/airflow/example_dags/example_python_decorator.py for tasks to queue
[2026-07-13T14:04:44.463+0000] {logging_mixin.py:188} INFO - [2026-07-13T14:04:44.463+0000] {dagbag.py:538} INFO - Filling up the DagBag from /home/airflow/.local/lib/python3.8/site-packages/airflow/example_dags/example_python_decorator.py
[2026-07-13T14:04:44.473+0000] {processor.py:840} INFO - DAG(s) 'example_python_decorator' retrieved from /home/airflow/.local/lib/python3.8/site-packages/airflow/example_dags/example_python_decorator.py
[2026-07-13T14:04:44.540+0000] {logging_mixin.py:188} INFO - [2026-07-13T14:04:44.540+0000] {dag.py:3036} INFO - Sync 1 DAGs
[2026-07-13T14:04:44.548+0000] {logging_mixin.py:188} INFO - [2026-07-13T14:04:44.548+0000] {dag.py:3823} INFO - Setting next_dagrun for example_python_decorator to None, run_after=None
[2026-07-13T14:04:44.565+0000] {processor.py:183} INFO - Processing /home/airflow/.local/lib/python3.8/site-packages/airflow/example_dags/example_python_decorator.py took 0.107 seconds
[2026-07-13T14:05:15.120+0000] {processor.py:161} INFO - Started process (PID=207) to work on /home/airflow/.local/lib/python3.8/site-packages/airflow/example_dags/example_python_decorator.py
[2026-07-13T14:05:15.121+0000] {processor.py:830} INFO - Processing file /home/airflow/.local/lib/python3.8/site-packages/airflow/example_dags/example_python_decorator.py for tasks to queue
[2026-07-13T14:05:15.122+0000] {logging_mixin.py:188} INFO - [2026-07-13T14:05:15.122+0000] {dagbag.py:538} INFO - Filling up the DagBag from /home/airflow/.local/lib/python3.8/site-packages/airflow/example_dags/example_python_decorator.py
[2026-07-13T14:05:15.133+0000] {processor.py:840} INFO - DAG(s) 'example_python_decorator' retrieved from /home/airflow/.local/lib/python3.8/site-packages/airflow/example_dags/example_python_decorator.py
[2026-07-13T14:05:15.148+0000] {logging_mixin.py:188} INFO - [2026-07-13T14:05:15.148+0000] {dag.py:3036} INFO - Sync 1 DAGs
[2026-07-13T14:05:15.156+0000] {logging_mixin.py:188} INFO - [2026-07-13T14:05:15.156+0000] {dag.py:3823} INFO - Setting next_dagrun for example_python_decorator to None, run_after=None
[2026-07-13T14:05:15.172+0000] {processor.py:183} INFO - Processing /home/airflow/.local/lib/python3.8/site-packages/airflow/example_dags/example_python_decorator.py took 0.055 seconds
[2026-07-13T14:05:45.604+0000] {processor.py:161} INFO - Started process (PID=263) to work on /home/airflow/.local/lib/python3.8/site-packages/airflow/example_dags/example_python_decorator.py
[2026-07-13T14:05:45.605+0000] {processor.py:830} INFO - Processing file /home/airflow/.local/lib/python3.8/site-packages/airflow/example_dags/example_python_decorator.py for tasks to queue
[2026-07-13T14:05:45.607+0000] {logging_mixin.py:188} INFO - [2026-07-13T14:05:45.607+0000] {dagbag.py:538} INFO - Filling up the DagBag from /home/airflow/.local/lib/python3.8/site-packages/airflow/example_dags/example_python_decorator.py
[2026-07-13T14:05:45.616+0000] {processor.py:840} INFO - DAG(s) 'example_python_decorator' retrieved from /home/airflow/.local/lib/python3.8/site-packages/airflow/example_dags/example_python_decorator.py
[2026-07-13T14:05:45.631+0000] {logging_mixin.py:188} INFO - [2026-07-13T14:05:45.631+0000] {dag.py:3036} INFO - Sync 1 DAGs
[2026-07-13T14:05:45.638+0000] {logging_mixin.py:188} INFO - [2026-07-13T14:05:45.638+0000] {dag.py:3823} INFO - Setting next_dagrun for example_python_decorator to None, run_after=None
[2026-07-13T14:05:45.651+0000] {processor.py:183} INFO - Processing /home/airflow/.local/lib/python3.8/site-packages/airflow/example_dags/example_python_decorator.py took 0.049 seconds
[2026-07-13T14:06:16.581+0000] {processor.py:161} INFO - Started process (PID=319) to work on /home/airflow/.local/lib/python3.8/site-packages/airflow/example_dags/example_python_decorator.py
[2026-07-13T14:06:16.582+0000] {processor.py:830} INFO - Processing file /home/airflow/.local/lib/python3.8/site-packages/airflow/example_dags/example_python_decorator.py for tasks to queue
[2026-07-13T14:06:16.583+0000] {logging_mixin.py:188} INFO - [2026-07-13T14:06:16.583+0000] {dagbag.py:538} INFO - Filling up the DagBag from /home/airflow/.local/lib/python3.8/site-packages/airflow/example_dags/example_python_decorator.py
[2026-07-13T14:06:16.593+0000] {processor.py:840} INFO - DAG(s) 'example_python_decorator' retrieved from /home/airflow/.local/lib/python3.8/site-packages/airflow/example_dags/example_python_decorator.py
[2026-07-13T14:06:16.608+0000] {logging_mixin.py:188} INFO - [2026-07-13T14:06:16.608+0000] {dag.py:3036} INFO - Sync 1 DAGs
[2026-07-13T14:06:16.616+0000] {logging_mixin.py:188} INFO - [2026-07-13T14:06:16.615+0000] {dag.py:3823} INFO - Setting next_dagrun for example_python_decorator to None, run_after=None
[2026-07-13T14:06:16.632+0000] {processor.py:183} INFO - Processing /home/airflow/.local/lib/python3.8/site-packages/airflow/example_dags/example_python_decorator.py took 0.054 seconds
[2026-07-13T14:06:46.806+0000] {processor.py:161} INFO - Started process (PID=375) to work on /home/airflow/.local/lib/python3.8/site-packages/airflow/example_dags/example_python_decorator.py
[2026-07-13T14:06:46.807+0000] {processor.py:830} INFO - Processing file /home/airflow/.local/lib/python3.8/site-packages/airflow/example_dags/example_python_decorator.py for tasks to queue
[2026-07-13T14:06:46.808+0000] {logging_mixin.py:188} INFO - [2026-07-13T14:06:46.808+0000] {dagbag.py:538} INFO - Filling up the DagBag from /home/airflow/.local/lib/python3.8/site-packages/airflow/example_dags/example_python_decorator.py
[2026-07-13T14:06:46.817+0000] {processor.py:840} INFO - DAG(s) 'example_python_decorator' retrieved from /home/airflow/.local/lib/python3.8/site-packages/airflow/example_dags/example_python_decorator.py
[2026-07-13T14:06:46.832+0000] {logging_mixin.py:188} INFO - [2026-07-13T14:06:46.832+0000] {dag.py:3036} INFO - Sync 1 DAGs
[2026-07-13T14:06:46.841+0000] {logging_mixin.py:188} INFO - [2026-07-13T14:06:46.841+0000] {dag.py:3823} INFO - Setting next_dagrun for example_python_decorator to None, run_after=None
[2026-07-13T14:06:46.857+0000] {processor.py:183} INFO - Processing /home/airflow/.local/lib/python3.8/site-packages/airflow/example_dags/example_python_decorator.py took 0.055 seconds
[2026-07-13T14:07:16.990+0000] {processor.py:161} INFO - Started process (PID=432) to work on /home/airflow/.local/lib/python3.8/site-packages/airflow/example_dags/example_python_decorator.py
[2026-07-13T14:07:16.991+0000] {processor.py:830} INFO - Processing file /home/airflow/.local/lib/python3.8/site-packages/airflow/example_dags/example_python_decorator.py for tasks to queue
[2026-07-13T14:07:16.993+0000] {logging_mixin.py:188} INFO - [2026-07-13T14:07:16.992+0000] {dagbag.py:538} INFO - Filling up the DagBag from /home/airflow/.local/lib/python3.8/site-packages/airflow/example_dags/example_python_decorator.py
[2026-07-13T14:07:17.002+0000] {processor.py:840} INFO - DAG(s) 'example_python_decorator' retrieved from /home/airflow/.local/lib/python3.8/site-packages/airflow/example_dags/example_python_decorator.py
[2026-07-13T14:07:17.021+0000] {logging_mixin.py:188} INFO - [2026-07-13T14:07:17.020+0000] {dag.py:3036} INFO - Sync 1 DAGs
[2026-07-13T14:07:17.029+0000] {logging_mixin.py:188} INFO - [2026-07-13T14:07:17.029+0000] {dag.py:3823} INFO - Setting next_dagrun for example_python_decorator to None, run_after=None
[2026-07-13T14:07:17.049+0000] {processor.py:183} INFO - Processing /home/airflow/.local/lib/python3.8/site-packages/airflow/example_dags/example_python_decorator.py took 0.062 seconds
[2026-07-13T14:07:47.157+0000] {processor.py:161} INFO - Started process (PID=488) to work on /home/airflow/.local/lib/python3.8/site-packages/airflow/example_dags/example_python_decorator.py
[2026-07-13T14:07:47.158+0000] {processor.py:830} INFO - Processing file /home/airflow/.local/lib/python3.8/site-packages/airflow/example_dags/example_python_decorator.py for tasks to queue
[2026-07-13T14:07:47.160+0000] {logging_mixin.py:188} INFO - [2026-07-13T14:07:47.160+0000] {dagbag.py:538} INFO - Filling up the DagBag from /home/airflow/.local/lib/python3.8/site-packages/airflow/example_dags/example_python_decorator.py
[2026-07-13T14:07:47.173+0000] {processor.py:840} INFO - DAG(s) 'example_python_decorator' retrieved from /home/airflow/.local/lib/python3.8/site-packages/airflow/example_dags/example_python_decorator.py
[2026-07-13T14:07:47.191+0000] {logging_mixin.py:188} INFO - [2026-07-13T14:07:47.191+0000] {dag.py:3036} INFO - Sync 1 DAGs
[2026-07-13T14:07:47.200+0000] {logging_mixin.py:188} INFO - [2026-07-13T14:07:47.200+0000] {dag.py:3823} INFO - Setting next_dagrun for example_python_decorator to None, run_after=None
[2026-07-13T14:07:47.219+0000] {processor.py:183} INFO - Processing /home/airflow/.local/lib/python3.8/site-packages/airflow/example_dags/example_python_decorator.py took 0.065 seconds
[2026-07-13T14:08:17.246+0000] {processor.py:161} INFO - Started process (PID=544) to work on /home/airflow/.local/lib/python3.8/site-packages/airflow/example_dags/example_python_decorator.py
[2026-07-13T14:08:17.247+0000] {processor.py:830} INFO - Processing file /home/airflow/.local/lib/python3.8/site-packages/airflow/example_dags/example_python_decorator.py for tasks to queue
[2026-07-13T14:08:17.248+0000] {logging_mixin.py:188} INFO - [2026-07-13T14:08:17.248+0000] {dagbag.py:538} INFO - Filling up the DagBag from /home/airflow/.local/lib/python3.8/site-packages/airflow/example_dags/example_python_decorator.py
[2026-07-13T14:08:17.258+0000] {processor.py:840} INFO - DAG(s) 'example_python_decorator' retrieved from /home/airflow/.local/lib/python3.8/site-packages/airflow/example_dags/example_python_decorator.py
[2026-07-13T14:08:17.274+0000] {logging_mixin.py:188} INFO - [2026-07-13T14:08:17.274+0000] {dag.py:3036} INFO - Sync 1 DAGs
[2026-07-13T14:08:17.282+0000] {logging_mixin.py:188} INFO - [2026-07-13T14:08:17.282+0000] {dag.py:3823} INFO - Setting next_dagrun for example_python_decorator to None, run_after=None
[2026-07-13T14:08:17.299+0000] {processor.py:183} INFO - Processing /home/airflow/.local/lib/python3.8/site-packages/airflow/example_dags/example_python_decorator.py took 0.056 seconds
[2026-07-13T14:08:48.812+0000] {processor.py:161} INFO - Started process (PID=599) to work on /home/airflow/.local/lib/python3.8/site-packages/airflow/example_dags/example_python_decorator.py
[2026-07-13T14:08:48.812+0000] {processor.py:830} INFO - Processing file /home/airflow/.local/lib/python3.8/site-packages/airflow/example_dags/example_python_decorator.py for tasks to queue
[2026-07-13T14:08:48.814+0000] {logging_mixin.py:188} INFO - [2026-07-13T14:08:48.814+0000] {dagbag.py:538} INFO - Filling up the DagBag from /home/airflow/.local/lib/python3.8/site-packages/airflow/example_dags/example_python_decorator.py
[2026-07-13T14:08:48.823+0000] {processor.py:840} INFO - DAG(s) 'example_python_decorator' retrieved from /home/airflow/.local/lib/python3.8/site-packages/airflow/example_dags/example_python_decorator.py
[2026-07-13T14:08:48.839+0000] {logging_mixin.py:188} INFO - [2026-07-13T14:08:48.839+0000] {dag.py:3036} INFO - Sync 1 DAGs
[2026-07-13T14:08:48.848+0000] {logging_mixin.py:188} INFO - [2026-07-13T14:08:48.848+0000] {dag.py:3823} INFO - Setting next_dagrun for example_python_decorator to None, run_after=None
[2026-07-13T14:08:48.863+0000] {processor.py:183} INFO - Processing /home/airflow/.local/lib/python3.8/site-packages/airflow/example_dags/example_python_decorator.py took 0.054 seconds
[2026-07-13T14:09:20.833+0000] {processor.py:161} INFO - Started process (PID=655) to work on /home/airflow/.local/lib/python3.8/site-packages/airflow/example_dags/example_python_decorator.py
[2026-07-13T14:09:20.834+0000] {processor.py:830} INFO - Processing file /home/airflow/.local/lib/python3.8/site-packages/airflow/example_dags/example_python_decorator.py for tasks to queue
[2026-07-13T14:09:20.835+0000] {logging_mixin.py:188} INFO - [2026-07-13T14:09:20.835+0000] {dagbag.py:538} INFO - Filling up the DagBag from /home/airflow/.local/lib/python3.8/site-packages/airflow/example_dags/example_python_decorator.py
[2026-07-13T14:09:20.845+0000] {processor.py:840} INFO - DAG(s) 'example_python_decorator' retrieved from /home/airflow/.local/lib/python3.8/site-packages/airflow/example_dags/example_python_decorator.py
[2026-07-13T14:09:20.860+0000] {logging_mixin.py:188} INFO - [2026-07-13T14:09:20.860+0000] {dag.py:3036} INFO - Sync 1 DAGs
[2026-07-13T14:09:20.868+0000] {logging_mixin.py:188} INFO - [2026-07-13T14:09:20.868+0000] {dag.py:3823} INFO - Setting next_dagrun for example_python_decorator to None, run_after=None
[2026-07-13T14:09:20.885+0000] {processor.py:183} INFO - Processing /home/airflow/.local/lib/python3.8/site-packages/airflow/example_dags/example_python_decorator.py took 0.055 seconds
[2026-07-13T14:09:53.293+0000] {processor.py:161} INFO - Started process (PID=712) to work on /home/airflow/.local/lib/python3.8/site-packages/airflow/example_dags/example_python_decorator.py
[2026-07-13T14:09:53.294+0000] {processor.py:830} INFO - Processing file /home/airflow/.local/lib/python3.8/site-packages/airflow/example_dags/example_python_decorator.py for tasks to queue
[2026-07-13T14:09:53.295+0000] {logging_mixin.py:188} INFO - [2026-07-13T14:09:53.295+0000] {dagbag.py:538} INFO - Filling up the DagBag from /home/airflow/.local/lib/python3.8/site-packages/airflow/example_dags/example_python_decorator.py
[2026-07-13T14:09:53.305+0000] {processor.py:840} INFO - DAG(s) 'example_python_decorator' retrieved from /home/airflow/.local/lib/python3.8/site-packages/airflow/example_dags/example_python_decorator.py
[2026-07-13T14:09:53.319+0000] {logging_mixin.py:188} INFO - [2026-07-13T14:09:53.319+0000] {dag.py:3036} INFO - Sync 1 DAGs
[2026-07-13T14:09:53.327+0000] {logging_mixin.py:188} INFO - [2026-07-13T14:09:53.327+0000] {dag.py:3823} INFO - Setting next_dagrun for example_python_decorator to None, run_after=None
[2026-07-13T14:09:53.341+0000] {processor.py:183} INFO - Processing /home/airflow/.local/lib/python3.8/site-packages/airflow/example_dags/example_python_decorator.py took 0.050 seconds
[2026-07-13T14:10:25.892+0000] {processor.py:161} INFO - Started process (PID=768) to work on /home/airflow/.local/lib/python3.8/site-packages/airflow/example_dags/example_python_decorator.py
[2026-07-13T14:10:25.893+0000] {processor.py:830} INFO - Processing file /home/airflow/.local/lib/python3.8/site-packages/airflow/example_dags/example_python_decorator.py for tasks to queue
[2026-07-13T14:10:25.894+0000] {logging_mixin.py:188} INFO - [2026-07-13T14:10:25.894+0000] {dagbag.py:538} INFO - Filling up the DagBag from /home/airflow/.local/lib/python3.8/site-packages/airflow/example_dags/example_python_decorator.py
[2026-07-13T14:10:25.905+0000] {processor.py:840} INFO - DAG(s) 'example_python_decorator' retrieved from /home/airflow/.local/lib/python3.8/site-packages/airflow/example_dags/example_python_decorator.py
[2026-07-13T14:10:25.919+0000] {logging_mixin.py:188} INFO - [2026-07-13T14:10:25.919+0000] {dag.py:3036} INFO - Sync 1 DAGs
[2026-07-13T14:10:25.928+0000] {logging_mixin.py:188} INFO - [2026-07-13T14:10:25.928+0000] {dag.py:3823} INFO - Setting next_dagrun for example_python_decorator to None, run_after=None
[2026-07-13T14:10:25.941+0000] {processor.py:183} INFO - Processing /home/airflow/.local/lib/python3.8/site-packages/airflow/example_dags/example_python_decorator.py took 0.052 seconds
[2026-07-13T14:10:56.999+0000] {processor.py:161} INFO - Started process (PID=824) to work on /home/airflow/.local/lib/python3.8/site-packages/airflow/example_dags/example_python_decorator.py
[2026-07-13T14:10:57.000+0000] {processor.py:830} INFO - Processing file /home/airflow/.local/lib/python3.8/site-packages/airflow/example_dags/example_python_decorator.py for tasks to queue
[2026-07-13T14:10:57.001+0000] {logging_mixin.py:188} INFO - [2026-07-13T14:10:57.001+0000] {dagbag.py:538} INFO - Filling up the DagBag from /home/airflow/.local/lib/python3.8/site-packages/airflow/example_dags/example_python_decorator.py
[2026-07-13T14:10:57.012+0000] {processor.py:840} INFO - DAG(s) 'example_python_decorator' retrieved from /home/airflow/.local/lib/python3.8/site-packages/airflow/example_dags/example_python_decorator.py
[2026-07-13T14:10:57.032+0000] {logging_mixin.py:188} INFO - [2026-07-13T14:10:57.032+0000] {dag.py:3036} INFO - Sync 1 DAGs
[2026-07-13T14:10:57.043+0000] {logging_mixin.py:188} INFO - [2026-07-13T14:10:57.043+0000] {dag.py:3823} INFO - Setting next_dagrun for example_python_decorator to None, run_after=None
[2026-07-13T14:10:57.062+0000] {processor.py:183} INFO - Processing /home/airflow/.local/lib/python3.8/site-packages/airflow/example_dags/example_python_decorator.py took 0.066 seconds
[2026-07-13T14:11:27.200+0000] {processor.py:161} INFO - Started process (PID=880) to work on /home/airflow/.local/lib/python3.8/site-packages/airflow/example_dags/example_python_decorator.py
[2026-07-13T14:11:27.200+0000] {processor.py:830} INFO - Processing file /home/airflow/.local/lib/python3.8/site-packages/airflow/example_dags/example_python_decorator.py for tasks to queue
[2026-07-13T14:11:27.202+0000] {logging_mixin.py:188} INFO - [2026-07-13T14:11:27.201+0000] {dagbag.py:538} INFO - Filling up the DagBag from /home/airflow/.local/lib/python3.8/site-packages/airflow/example_dags/example_python_decorator.py
[2026-07-13T14:11:27.211+0000] {processor.py:840} INFO - DAG(s) 'example_python_decorator' retrieved from /home/airflow/.local/lib/python3.8/site-packages/airflow/example_dags/example_python_decorator.py
[2026-07-13T14:11:27.225+0000] {logging_mixin.py:188} INFO - [2026-07-13T14:11:27.225+0000] {dag.py:3036} INFO - Sync 1 DAGs
[2026-07-13T14:11:27.233+0000] {logging_mixin.py:188} INFO - [2026-07-13T14:11:27.233+0000] {dag.py:3823} INFO - Setting next_dagrun for example_python_decorator to None, run_after=None
[2026-07-13T14:11:27.250+0000] {processor.py:183} INFO - Processing /home/airflow/.local/lib/python3.8/site-packages/airflow/example_dags/example_python_decorator.py took 0.053 seconds
[2026-07-13T14:11:57.406+0000] {processor.py:161} INFO - Started process (PID=937) to work on /home/airflow/.local/lib/python3.8/site-packages/airflow/example_dags/example_python_decorator.py
[2026-07-13T14:11:57.407+0000] {processor.py:830} INFO - Processing file /home/airflow/.local/lib/python3.8/site-packages/airflow/example_dags/example_python_decorator.py for tasks to queue
[2026-07-13T14:11:57.409+0000] {logging_mixin.py:188} INFO - [2026-07-13T14:11:57.409+0000] {dagbag.py:538} INFO - Filling up the DagBag from /home/airflow/.local/lib/python3.8/site-packages/airflow/example_dags/example_python_decorator.py
[2026-07-13T14:11:57.418+0000] {processor.py:840} INFO - DAG(s) 'example_python_decorator' retrieved from /home/airflow/.local/lib/python3.8/site-packages/airflow/example_dags/example_python_decorator.py
[2026-07-13T14:11:57.434+0000] {logging_mixin.py:188} INFO - [2026-07-13T14:11:57.434+0000] {dag.py:3036} INFO - Sync 1 DAGs
[2026-07-13T14:11:57.442+0000] {logging_mixin.py:188} INFO - [2026-07-13T14:11:57.442+0000] {dag.py:3823} INFO - Setting next_dagrun for example_python_decorator to None, run_after=None
[2026-07-13T14:11:57.457+0000] {processor.py:183} INFO - Processing /home/airflow/.local/lib/python3.8/site-packages/airflow/example_dags/example_python_decorator.py took 0.054 seconds
[2026-07-13T14:12:27.925+0000] {processor.py:161} INFO - Started process (PID=992) to work on /home/airflow/.local/lib/python3.8/site-packages/airflow/example_dags/example_python_decorator.py
[2026-07-13T14:12:27.926+0000] {processor.py:830} INFO - Processing file /home/airflow/.local/lib/python3.8/site-packages/airflow/example_dags/example_python_decorator.py for tasks to queue
[2026-07-13T14:12:27.927+0000] {logging_mixin.py:188} INFO - [2026-07-13T14:12:27.927+0000] {dagbag.py:538} INFO - Filling up the DagBag from /home/airflow/.local/lib/python3.8/site-packages/airflow/example_dags/example_python_decorator.py
[2026-07-13T14:12:27.936+0000] {processor.py:840} INFO - DAG(s) 'example_python_decorator' retrieved from /home/airflow/.local/lib/python3.8/site-packages/airflow/example_dags/example_python_decorator.py
[2026-07-13T14:12:27.951+0000] {logging_mixin.py:188} INFO - [2026-07-13T14:12:27.951+0000] {dag.py:3036} INFO - Sync 1 DAGs
[2026-07-13T14:12:27.963+0000] {logging_mixin.py:188} INFO - [2026-07-13T14:12:27.963+0000] {dag.py:3823} INFO - Setting next_dagrun for example_python_decorator to None, run_after=None
[2026-07-13T14:12:27.979+0000] {processor.py:183} INFO - Processing /home/airflow/.local/lib/python3.8/site-packages/airflow/example_dags/example_python_decorator.py took 0.057 seconds
[2026-07-13T14:12:58.409+0000] {processor.py:161} INFO - Started process (PID=1048) to work on /home/airflow/.local/lib/python3.8/site-packages/airflow/example_dags/example_python_decorator.py
[2026-07-13T14:12:58.410+0000] {processor.py:830} INFO - Processing file /home/airflow/.local/lib/python3.8/site-packages/airflow/example_dags/example_python_decorator.py for tasks to queue
[2026-07-13T14:12:58.412+0000] {logging_mixin.py:188} INFO - [2026-07-13T14:12:58.411+0000] {dagbag.py:538} INFO - Filling up the DagBag from /home/airflow/.local/lib/python3.8/site-packages/airflow/example_dags/example_python_decorator.py
[2026-07-13T14:12:58.421+0000] {processor.py:840} INFO - DAG(s) 'example_python_decorator' retrieved from /home/airflow/.local/lib/python3.8/site-packages/airflow/example_dags/example_python_decorator.py
[2026-07-13T14:12:58.437+0000] {logging_mixin.py:188} INFO - [2026-07-13T14:12:58.436+0000] {dag.py:3036} INFO - Sync 1 DAGs
[2026-07-13T14:12:58.445+0000] {logging_mixin.py:188} INFO - [2026-07-13T14:12:58.445+0000] {dag.py:3823} INFO - Setting next_dagrun for example_python_decorator to None, run_after=None
[2026-07-13T14:12:58.463+0000] {processor.py:183} INFO - Processing /home/airflow/.local/lib/python3.8/site-packages/airflow/example_dags/example_python_decorator.py took 0.056 seconds
[2026-07-13T14:13:29.371+0000] {processor.py:161} INFO - Started process (PID=1098) to work on /home/airflow/.local/lib/python3.8/site-packages/airflow/example_dags/example_python_decorator.py
[2026-07-13T14:13:29.372+0000] {processor.py:830} INFO - Processing file /home/airflow/.local/lib/python3.8/site-packages/airflow/example_dags/example_python_decorator.py for tasks to queue
[2026-07-13T14:13:29.374+0000] {logging_mixin.py:188} INFO - [2026-07-13T14:13:29.374+0000] {dagbag.py:538} INFO - Filling up the DagBag from /home/airflow/.local/lib/python3.8/site-packages/airflow/example_dags/example_python_decorator.py
[2026-07-13T14:13:29.385+0000] {processor.py:840} INFO - DAG(s) 'example_python_decorator' retrieved from /home/airflow/.local/lib/python3.8/site-packages/airflow/example_dags/example_python_decorator.py
[2026-07-13T14:13:29.406+0000] {logging_mixin.py:188} INFO - [2026-07-13T14:13:29.406+0000] {dag.py:3036} INFO - Sync 1 DAGs
[2026-07-13T14:13:29.414+0000] {logging_mixin.py:188} INFO - [2026-07-13T14:13:29.414+0000] {dag.py:3823} INFO - Setting next_dagrun for example_python_decorator to None, run_after=None
[2026-07-13T14:13:29.434+0000] {processor.py:183} INFO - Processing /home/airflow/.local/lib/python3.8/site-packages/airflow/example_dags/example_python_decorator.py took 0.066 seconds
[2026-07-13T14:13:59.499+0000] {processor.py:161} INFO - Started process (PID=1154) to work on /home/airflow/.local/lib/python3.8/site-packages/airflow/example_dags/example_python_decorator.py
[2026-07-13T14:13:59.506+0000] {processor.py:830} INFO - Processing file /home/airflow/.local/lib/python3.8/site-packages/airflow/example_dags/example_python_decorator.py for tasks to queue
[2026-07-13T14:13:59.508+0000] {logging_mixin.py:188} INFO - [2026-07-13T14:13:59.507+0000] {dagbag.py:538} INFO - Filling up the DagBag from /home/airflow/.local/lib/python3.8/site-packages/airflow/example_dags/example_python_decorator.py
[2026-07-13T14:13:59.516+0000] {processor.py:840} INFO - DAG(s) 'example_python_decorator' retrieved from /home/airflow/.local/lib/python3.8/site-packages/airflow/example_dags/example_python_decorator.py
[2026-07-13T14:13:59.533+0000] {logging_mixin.py:188} INFO - [2026-07-13T14:13:59.532+0000] {dag.py:3036} INFO - Sync 1 DAGs
[2026-07-13T14:13:59.540+0000] {logging_mixin.py:188} INFO - [2026-07-13T14:13:59.540+0000] {dag.py:3823} INFO - Setting next_dagrun for example_python_decorator to None, run_after=None
[2026-07-13T14:13:59.554+0000] {processor.py:183} INFO - Processing /home/airflow/.local/lib/python3.8/site-packages/airflow/example_dags/example_python_decorator.py took 0.058 seconds
[2026-07-13T14:14:30.501+0000] {processor.py:161} INFO - Started process (PID=1211) to work on /home/airflow/.local/lib/python3.8/site-packages/airflow/example_dags/example_python_decorator.py
[2026-07-13T14:14:30.502+0000] {processor.py:830} INFO - Processing file /home/airflow/.local/lib/python3.8/site-packages/airflow/example_dags/example_python_decorator.py for tasks to queue
[2026-07-13T14:14:30.504+0000] {logging_mixin.py:188} INFO - [2026-07-13T14:14:30.504+0000] {dagbag.py:538} INFO - Filling up the DagBag from /home/airflow/.local/lib/python3.8/site-packages/airflow/example_dags/example_python_decorator.py
[2026-07-13T14:14:30.514+0000] {processor.py:840} INFO - DAG(s) 'example_python_decorator' retrieved from /home/airflow/.local/lib/python3.8/site-packages/airflow/example_dags/example_python_decorator.py
[2026-07-13T14:14:30.532+0000] {logging_mixin.py:188} INFO - [2026-07-13T14:14:30.532+0000] {dag.py:3036} INFO - Sync 1 DAGs
[2026-07-13T14:14:30.541+0000] {logging_mixin.py:188} INFO - [2026-07-13T14:14:30.541+0000] {dag.py:3823} INFO - Setting next_dagrun for example_python_decorator to None, run_after=None
[2026-07-13T14:14:30.558+0000] {processor.py:183} INFO - Processing /home/airflow/.local/lib/python3.8/site-packages/airflow/example_dags/example_python_decorator.py took 0.059 seconds
[2026-07-13T14:15:01.012+0000] {processor.py:161} INFO - Started process (PID=1267) to work on /home/airflow/.local/lib/python3.8/site-packages/airflow/example_dags/example_python_decorator.py
[2026-07-13T14:15:01.013+0000] {processor.py:830} INFO - Processing file /home/airflow/.local/lib/python3.8/site-packages/airflow/example_dags/example_python_decorator.py for tasks to queue
[2026-07-13T14:15:01.014+0000] {logging_mixin.py:188} INFO - [2026-07-13T14:15:01.014+0000] {dagbag.py:538} INFO - Filling up the DagBag from /home/airflow/.local/lib/python3.8/site-packages/airflow/example_dags/example_python_decorator.py
[2026-07-13T14:15:01.025+0000] {processor.py:840} INFO - DAG(s) 'example_python_decorator' retrieved from /home/airflow/.local/lib/python3.8/site-packages/airflow/example_dags/example_python_decorator.py
[2026-07-13T14:15:01.044+0000] {logging_mixin.py:188} INFO - [2026-07-13T14:15:01.044+0000] {dag.py:3036} INFO - Sync 1 DAGs
[2026-07-13T14:15:01.052+0000] {logging_mixin.py:188} INFO - [2026-07-13T14:15:01.052+0000] {dag.py:3823} INFO - Setting next_dagrun for example_python_decorator to None, run_after=None
[2026-07-13T14:15:01.068+0000] {processor.py:183} INFO - Processing /home/airflow/.local/lib/python3.8/site-packages/airflow/example_dags/example_python_decorator.py took 0.059 seconds
[2026-07-13T14:15:31.478+0000] {processor.py:161} INFO - Started process (PID=1323) to work on /home/airflow/.local/lib/python3.8/site-packages/airflow/example_dags/example_python_decorator.py
[2026-07-13T14:15:31.478+0000] {processor.py:830} INFO - Processing file /home/airflow/.local/lib/python3.8/site-packages/airflow/example_dags/example_python_decorator.py for tasks to queue
[2026-07-13T14:15:31.480+0000] {logging_mixin.py:188} INFO - [2026-07-13T14:15:31.480+0000] {dagbag.py:538} INFO - Filling up the DagBag from /home/airflow/.local/lib/python3.8/site-packages/airflow/example_dags/example_python_decorator.py
[2026-07-13T14:15:31.488+0000] {processor.py:840} INFO - DAG(s) 'example_python_decorator' retrieved from /home/airflow/.local/lib/python3.8/site-packages/airflow/example_dags/example_python_decorator.py
[2026-07-13T14:15:31.503+0000] {logging_mixin.py:188} INFO - [2026-07-13T14:15:31.503+0000] {dag.py:3036} INFO - Sync 1 DAGs
[2026-07-13T14:15:31.511+0000] {logging_mixin.py:188} INFO - [2026-07-13T14:15:31.511+0000] {dag.py:3823} INFO - Setting next_dagrun for example_python_decorator to None, run_after=None
[2026-07-13T14:15:31.524+0000] {processor.py:183} INFO - Processing /home/airflow/.local/lib/python3.8/site-packages/airflow/example_dags/example_python_decorator.py took 0.049 seconds
[2026-07-13T14:16:02.035+0000] {processor.py:161} INFO - Started process (PID=1379) to work on /home/airflow/.local/lib/python3.8/site-packages/airflow/example_dags/example_python_decorator.py
[2026-07-13T14:16:02.036+0000] {processor.py:830} INFO - Processing file /home/airflow/.local/lib/python3.8/site-packages/airflow/example_dags/example_python_decorator.py for tasks to queue
[2026-07-13T14:16:02.038+0000] {logging_mixin.py:188} INFO - [2026-07-13T14:16:02.038+0000] {dagbag.py:538} INFO - Filling up the DagBag from /home/airflow/.local/lib/python3.8/site-packages/airflow/example_dags/example_python_decorator.py
[2026-07-13T14:16:02.048+0000] {processor.py:840} INFO - DAG(s) 'example_python_decorator' retrieved from /home/airflow/.local/lib/python3.8/site-packages/airflow/example_dags/example_python_decorator.py
[2026-07-13T14:16:02.071+0000] {logging_mixin.py:188} INFO - [2026-07-13T14:16:02.071+0000] {dag.py:3036} INFO - Sync 1 DAGs
[2026-07-13T14:16:02.080+0000] {logging_mixin.py:188} INFO - [2026-07-13T14:16:02.079+0000] {dag.py:3823} INFO - Setting next_dagrun for example_python_decorator to None, run_after=None
[2026-07-13T14:16:02.098+0000] {processor.py:183} INFO - Processing /home/airflow/.local/lib/python3.8/site-packages/airflow/example_dags/example_python_decorator.py took 0.065 seconds
[2026-07-13T14:16:32.733+0000] {processor.py:161} INFO - Started process (PID=1435) to work on /home/airflow/.local/lib/python3.8/site-packages/airflow/example_dags/example_python_decorator.py
[2026-07-13T14:16:32.734+0000] {processor.py:830} INFO - Processing file /home/airflow/.local/lib/python3.8/site-packages/airflow/example_dags/example_python_decorator.py for tasks to queue
[2026-07-13T14:16:32.735+0000] {logging_mixin.py:188} INFO - [2026-07-13T14:16:32.735+0000] {dagbag.py:538} INFO - Filling up the DagBag from /home/airflow/.local/lib/python3.8/site-packages/airflow/example_dags/example_python_decorator.py
[2026-07-13T14:16:32.746+0000] {processor.py:840} INFO - DAG(s) 'example_python_decorator' retrieved from /home/airflow/.local/lib/python3.8/site-packages/airflow/example_dags/example_python_decorator.py
[2026-07-13T14:16:32.763+0000] {logging_mixin.py:188} INFO - [2026-07-13T14:16:32.763+0000] {dag.py:3036} INFO - Sync 1 DAGs
[2026-07-13T14:16:32.771+0000] {logging_mixin.py:188} INFO - [2026-07-13T14:16:32.771+0000] {dag.py:3823} INFO - Setting next_dagrun for example_python_decorator to None, run_after=None
[2026-07-13T14:16:32.785+0000] {processor.py:183} INFO - Processing /home/airflow/.local/lib/python3.8/site-packages/airflow/example_dags/example_python_decorator.py took 0.054 seconds
[2026-07-13T14:17:03.090+0000] {processor.py:161} INFO - Started process (PID=1491) to work on /home/airflow/.local/lib/python3.8/site-packages/airflow/example_dags/example_python_decorator.py
[2026-07-13T14:17:03.091+0000] {processor.py:830} INFO - Processing file /home/airflow/.local/lib/python3.8/site-packages/airflow/example_dags/example_python_decorator.py for tasks to queue
[2026-07-13T14:17:03.092+0000] {logging_mixin.py:188} INFO - [2026-07-13T14:17:03.092+0000] {dagbag.py:538} INFO - Filling up the DagBag from /home/airflow/.local/lib/python3.8/site-packages/airflow/example_dags/example_python_decorator.py
[2026-07-13T14:17:03.101+0000] {processor.py:840} INFO - DAG(s) 'example_python_decorator' retrieved from /home/airflow/.local/lib/python3.8/site-packages/airflow/example_dags/example_python_decorator.py
[2026-07-13T14:17:03.117+0000] {logging_mixin.py:188} INFO - [2026-07-13T14:17:03.116+0000] {dag.py:3036} INFO - Sync 1 DAGs
[2026-07-13T14:17:03.125+0000] {logging_mixin.py:188} INFO - [2026-07-13T14:17:03.124+0000] {dag.py:3823} INFO - Setting next_dagrun for example_python_decorator to None, run_after=None
[2026-07-13T14:17:03.149+0000] {processor.py:183} INFO - Processing /home/airflow/.local/lib/python3.8/site-packages/airflow/example_dags/example_python_decorator.py took 0.062 seconds
[2026-07-13T14:17:33.673+0000] {processor.py:161} INFO - Started process (PID=1547) to work on /home/airflow/.local/lib/python3.8/site-packages/airflow/example_dags/example_python_decorator.py
[2026-07-13T14:17:33.675+0000] {processor.py:830} INFO - Processing file /home/airflow/.local/lib/python3.8/site-packages/airflow/example_dags/example_python_decorator.py for tasks to queue
[2026-07-13T14:17:33.676+0000] {logging_mixin.py:188} INFO - [2026-07-13T14:17:33.676+0000] {dagbag.py:538} INFO - Filling up the DagBag from /home/airflow/.local/lib/python3.8/site-packages/airflow/example_dags/example_python_decorator.py
[2026-07-13T14:17:33.685+0000] {processor.py:840} INFO - DAG(s) 'example_python_decorator' retrieved from /home/airflow/.local/lib/python3.8/site-packages/airflow/example_dags/example_python_decorator.py
[2026-07-13T14:17:33.700+0000] {logging_mixin.py:188} INFO - [2026-07-13T14:17:33.700+0000] {dag.py:3036} INFO - Sync 1 DAGs
[2026-07-13T14:17:33.708+0000] {logging_mixin.py:188} INFO - [2026-07-13T14:17:33.708+0000] {dag.py:3823} INFO - Setting next_dagrun for example_python_decorator to None, run_after=None
[2026-07-13T14:17:33.740+0000] {processor.py:183} INFO - Processing /home/airflow/.local/lib/python3.8/site-packages/airflow/example_dags/example_python_decorator.py took 0.069 seconds
[2026-07-13T14:18:04.231+0000] {processor.py:161} INFO - Started process (PID=1603) to work on /home/airflow/.local/lib/python3.8/site-packages/airflow/example_dags/example_python_decorator.py
[2026-07-13T14:18:04.232+0000] {processor.py:830} INFO - Processing file /home/airflow/.local/lib/python3.8/site-packages/airflow/example_dags/example_python_decorator.py for tasks to queue
[2026-07-13T14:18:04.233+0000] {logging_mixin.py:188} INFO - [2026-07-13T14:18:04.233+0000] {dagbag.py:538} INFO - Filling up the DagBag from /home/airflow/.local/lib/python3.8/site-packages/airflow/example_dags/example_python_decorator.py
[2026-07-13T14:18:04.243+0000] {processor.py:840} INFO - DAG(s) 'example_python_decorator' retrieved from /home/airflow/.local/lib/python3.8/site-packages/airflow/example_dags/example_python_decorator.py
[2026-07-13T14:18:04.263+0000] {logging_mixin.py:188} INFO - [2026-07-13T14:18:04.263+0000] {dag.py:3036} INFO - Sync 1 DAGs
[2026-07-13T14:18:04.272+0000] {logging_mixin.py:188} INFO - [2026-07-13T14:18:04.272+0000] {dag.py:3823} INFO - Setting next_dagrun for example_python_decorator to None, run_after=None
[2026-07-13T14:18:04.292+0000] {processor.py:183} INFO - Processing /home/airflow/.local/lib/python3.8/site-packages/airflow/example_dags/example_python_decorator.py took 0.064 seconds
[2026-07-13T14:18:35.076+0000] {processor.py:161} INFO - Started process (PID=1659) to work on /home/airflow/.local/lib/python3.8/site-packages/airflow/example_dags/example_python_decorator.py
[2026-07-13T14:18:35.077+0000] {processor.py:830} INFO - Processing file /home/airflow/.local/lib/python3.8/site-packages/airflow/example_dags/example_python_decorator.py for tasks to queue
[2026-07-13T14:18:35.078+0000] {logging_mixin.py:188} INFO - [2026-07-13T14:18:35.078+0000] {dagbag.py:538} INFO - Filling up the DagBag from /home/airflow/.local/lib/python3.8/site-packages/airflow/example_dags/example_python_decorator.py
[2026-07-13T14:18:35.088+0000] {processor.py:840} INFO - DAG(s) 'example_python_decorator' retrieved from /home/airflow/.local/lib/python3.8/site-packages/airflow/example_dags/example_python_decorator.py
[2026-07-13T14:18:35.106+0000] {logging_mixin.py:188} INFO - [2026-07-13T14:18:35.106+0000] {dag.py:3036} INFO - Sync 1 DAGs
[2026-07-13T14:18:35.115+0000] {logging_mixin.py:188} INFO - [2026-07-13T14:18:35.115+0000] {dag.py:3823} INFO - Setting next_dagrun for example_python_decorator to None, run_after=None
[2026-07-13T14:18:35.133+0000] {processor.py:183} INFO - Processing /home/airflow/.local/lib/python3.8/site-packages/airflow/example_dags/example_python_decorator.py took 0.059 seconds
[2026-07-13T14:19:06.995+0000] {processor.py:161} INFO - Started process (PID=1715) to work on /home/airflow/.local/lib/python3.8/site-packages/airflow/example_dags/example_python_decorator.py
[2026-07-13T14:19:06.997+0000] {processor.py:830} INFO - Processing file /home/airflow/.local/lib/python3.8/site-packages/airflow/example_dags/example_python_decorator.py for tasks to queue
[2026-07-13T14:19:07.000+0000] {logging_mixin.py:188} INFO - [2026-07-13T14:19:07.000+0000] {dagbag.py:538} INFO - Filling up the DagBag from /home/airflow/.local/lib/python3.8/site-packages/airflow/example_dags/example_python_decorator.py
[2026-07-13T14:19:07.011+0000] {processor.py:840} INFO - DAG(s) 'example_python_decorator' retrieved from /home/airflow/.local/lib/python3.8/site-packages/airflow/example_dags/example_python_decorator.py
[2026-07-13T14:19:07.030+0000] {logging_mixin.py:188} INFO - [2026-07-13T14:19:07.030+0000] {dag.py:3036} INFO - Sync 1 DAGs
[2026-07-13T14:19:07.043+0000] {logging_mixin.py:188} INFO - [2026-07-13T14:19:07.043+0000] {dag.py:3823} INFO - Setting next_dagrun for example_python_decorator to None, run_after=None
[2026-07-13T14:19:07.062+0000] {processor.py:183} INFO - Processing /home/airflow/.local/lib/python3.8/site-packages/airflow/example_dags/example_python_decorator.py took 0.069 seconds
[2026-07-13T14:19:38.589+0000] {processor.py:161} INFO - Started process (PID=1769) to work on /home/airflow/.local/lib/python3.8/site-packages/airflow/example_dags/example_python_decorator.py
[2026-07-13T14:19:38.590+0000] {processor.py:830} INFO - Processing file /home/airflow/.local/lib/python3.8/site-packages/airflow/example_dags/example_python_decorator.py for tasks to queue
[2026-07-13T14:19:38.592+0000] {logging_mixin.py:188} INFO - [2026-07-13T14:19:38.591+0000] {dagbag.py:538} INFO - Filling up the DagBag from /home/airflow/.local/lib/python3.8/site-packages/airflow/example_dags/example_python_decorator.py
[2026-07-13T14:19:38.601+0000] {processor.py:840} INFO - DAG(s) 'example_python_decorator' retrieved from /home/airflow/.local/lib/python3.8/site-packages/airflow/example_dags/example_python_decorator.py
[2026-07-13T14:19:38.616+0000] {logging_mixin.py:188} INFO - [2026-07-13T14:19:38.616+0000] {dag.py:3036} INFO - Sync 1 DAGs
[2026-07-13T14:19:38.624+0000] {logging_mixin.py:188} INFO - [2026-07-13T14:19:38.624+0000] {dag.py:3823} INFO - Setting next_dagrun for example_python_decorator to None, run_after=None
[2026-07-13T14:19:38.640+0000] {processor.py:183} INFO - Processing /home/airflow/.local/lib/python3.8/site-packages/airflow/example_dags/example_python_decorator.py took 0.053 seconds
[2026-07-13T14:20:11.128+0000] {processor.py:161} INFO - Started process (PID=1825) to work on /home/airflow/.local/lib/python3.8/site-packages/airflow/example_dags/example_python_decorator.py
[2026-07-13T14:20:11.129+0000] {processor.py:830} INFO - Processing file /home/airflow/.local/lib/python3.8/site-packages/airflow/example_dags/example_python_decorator.py for tasks to queue
[2026-07-13T14:20:11.131+0000] {logging_mixin.py:188} INFO - [2026-07-13T14:20:11.131+0000] {dagbag.py:538} INFO - Filling up the DagBag from /home/airflow/.local/lib/python3.8/site-packages/airflow/example_dags/example_python_decorator.py
[2026-07-13T14:20:11.140+0000] {processor.py:840} INFO - DAG(s) 'example_python_decorator' retrieved from /home/airflow/.local/lib/python3.8/site-packages/airflow/example_dags/example_python_decorator.py
[2026-07-13T14:20:11.158+0000] {logging_mixin.py:188} INFO - [2026-07-13T14:20:11.158+0000] {dag.py:3036} INFO - Sync 1 DAGs
[2026-07-13T14:20:11.168+0000] {logging_mixin.py:188} INFO - [2026-07-13T14:20:11.168+0000] {dag.py:3823} INFO - Setting next_dagrun for example_python_decorator to None, run_after=None
[2026-07-13T14:20:11.186+0000] {processor.py:183} INFO - Processing /home/airflow/.local/lib/python3.8/site-packages/airflow/example_dags/example_python_decorator.py took 0.060 seconds
[2026-07-13T14:20:43.691+0000] {processor.py:161} INFO - Started process (PID=1881) to work on /home/airflow/.local/lib/python3.8/site-packages/airflow/example_dags/example_python_decorator.py
[2026-07-13T14:20:43.692+0000] {processor.py:830} INFO - Processing file /home/airflow/.local/lib/python3.8/site-packages/airflow/example_dags/example_python_decorator.py for tasks to queue
[2026-07-13T14:20:43.693+0000] {logging_mixin.py:188} INFO - [2026-07-13T14:20:43.693+0000] {dagbag.py:538} INFO - Filling up the DagBag from /home/airflow/.local/lib/python3.8/site-packages/airflow/example_dags/example_python_decorator.py
[2026-07-13T14:20:43.702+0000] {processor.py:840} INFO - DAG(s) 'example_python_decorator' retrieved from /home/airflow/.local/lib/python3.8/site-packages/airflow/example_dags/example_python_decorator.py
[2026-07-13T14:20:43.717+0000] {logging_mixin.py:188} INFO - [2026-07-13T14:20:43.716+0000] {dag.py:3036} INFO - Sync 1 DAGs
[2026-07-13T14:20:43.725+0000] {logging_mixin.py:188} INFO - [2026-07-13T14:20:43.724+0000] {dag.py:3823} INFO - Setting next_dagrun for example_python_decorator to None, run_after=None
[2026-07-13T14:20:43.741+0000] {processor.py:183} INFO - Processing /home/airflow/.local/lib/python3.8/site-packages/airflow/example_dags/example_python_decorator.py took 0.053 seconds
[2026-07-13T14:21:16.285+0000] {processor.py:161} INFO - Started process (PID=1937) to work on /home/airflow/.local/lib/python3.8/site-packages/airflow/example_dags/example_python_decorator.py
[2026-07-13T14:21:16.286+0000] {processor.py:830} INFO - Processing file /home/airflow/.local/lib/python3.8/site-packages/airflow/example_dags/example_python_decorator.py for tasks to queue
[2026-07-13T14:21:16.287+0000] {logging_mixin.py:188} INFO - [2026-07-13T14:21:16.287+0000] {dagbag.py:538} INFO - Filling up the DagBag from /home/airflow/.local/lib/python3.8/site-packages/airflow/example_dags/example_python_decorator.py
[2026-07-13T14:21:16.296+0000] {processor.py:840} INFO - DAG(s) 'example_python_decorator' retrieved from /home/airflow/.local/lib/python3.8/site-packages/airflow/example_dags/example_python_decorator.py
[2026-07-13T14:21:16.311+0000] {logging_mixin.py:188} INFO - [2026-07-13T14:21:16.311+0000] {dag.py:3036} INFO - Sync 1 DAGs
[2026-07-13T14:21:16.319+0000] {logging_mixin.py:188} INFO - [2026-07-13T14:21:16.319+0000] {dag.py:3823} INFO - Setting next_dagrun for example_python_decorator to None, run_after=None
[2026-07-13T14:21:16.336+0000] {processor.py:183} INFO - Processing /home/airflow/.local/lib/python3.8/site-packages/airflow/example_dags/example_python_decorator.py took 0.054 seconds
[2026-07-13T14:21:48.841+0000] {processor.py:161} INFO - Started process (PID=1993) to work on /home/airflow/.local/lib/python3.8/site-packages/airflow/example_dags/example_python_decorator.py
[2026-07-13T14:21:48.843+0000] {processor.py:830} INFO - Processing file /home/airflow/.local/lib/python3.8/site-packages/airflow/example_dags/example_python_decorator.py for tasks to queue
[2026-07-13T14:21:48.844+0000] {logging_mixin.py:188} INFO - [2026-07-13T14:21:48.844+0000] {dagbag.py:538} INFO - Filling up the DagBag from /home/airflow/.local/lib/python3.8/site-packages/airflow/example_dags/example_python_decorator.py
[2026-07-13T14:21:48.853+0000] {processor.py:840} INFO - DAG(s) 'example_python_decorator' retrieved from /home/airflow/.local/lib/python3.8/site-packages/airflow/example_dags/example_python_decorator.py
[2026-07-13T14:21:48.870+0000] {logging_mixin.py:188} INFO - [2026-07-13T14:21:48.870+0000] {dag.py:3036} INFO - Sync 1 DAGs
[2026-07-13T14:21:48.878+0000] {logging_mixin.py:188} INFO - [2026-07-13T14:21:48.878+0000] {dag.py:3823} INFO - Setting next_dagrun for example_python_decorator to None, run_after=None
[2026-07-13T14:21:48.897+0000] {processor.py:183} INFO - Processing /home/airflow/.local/lib/python3.8/site-packages/airflow/example_dags/example_python_decorator.py took 0.058 seconds
[2026-07-13T14:22:21.437+0000] {processor.py:161} INFO - Started process (PID=2049) to work on /home/airflow/.local/lib/python3.8/site-packages/airflow/example_dags/example_python_decorator.py
[2026-07-13T14:22:21.439+0000] {processor.py:830} INFO - Processing file /home/airflow/.local/lib/python3.8/site-packages/airflow/example_dags/example_python_decorator.py for tasks to queue
[2026-07-13T14:22:21.440+0000] {logging_mixin.py:188} INFO - [2026-07-13T14:22:21.440+0000] {dagbag.py:538} INFO - Filling up the DagBag from /home/airflow/.local/lib/python3.8/site-packages/airflow/example_dags/example_python_decorator.py
[2026-07-13T14:22:21.449+0000] {processor.py:840} INFO - DAG(s) 'example_python_decorator' retrieved from /home/airflow/.local/lib/python3.8/site-packages/airflow/example_dags/example_python_decorator.py
[2026-07-13T14:22:21.464+0000] {logging_mixin.py:188} INFO - [2026-07-13T14:22:21.464+0000] {dag.py:3036} INFO - Sync 1 DAGs
[2026-07-13T14:22:21.472+0000] {logging_mixin.py:188} INFO - [2026-07-13T14:22:21.472+0000] {dag.py:3823} INFO - Setting next_dagrun for example_python_decorator to None, run_after=None
[2026-07-13T14:22:21.488+0000] {processor.py:183} INFO - Processing /home/airflow/.local/lib/python3.8/site-packages/airflow/example_dags/example_python_decorator.py took 0.055 seconds
[2026-07-13T14:22:53.976+0000] {processor.py:161} INFO - Started process (PID=2106) to work on /home/airflow/.local/lib/python3.8/site-packages/airflow/example_dags/example_python_decorator.py
[2026-07-13T14:22:53.977+0000] {processor.py:830} INFO - Processing file /home/airflow/.local/lib/python3.8/site-packages/airflow/example_dags/example_python_decorator.py for tasks to queue
[2026-07-13T14:22:53.978+0000] {logging_mixin.py:188} INFO - [2026-07-13T14:22:53.978+0000] {dagbag.py:538} INFO - Filling up the DagBag from /home/airflow/.local/lib/python3.8/site-packages/airflow/example_dags/example_python_decorator.py
[2026-07-13T14:22:53.987+0000] {processor.py:840} INFO - DAG(s) 'example_python_decorator' retrieved from /home/airflow/.local/lib/python3.8/site-packages/airflow/example_dags/example_python_decorator.py
[2026-07-13T14:22:54.003+0000] {logging_mixin.py:188} INFO - [2026-07-13T14:22:54.003+0000] {dag.py:3036} INFO - Sync 1 DAGs
[2026-07-13T14:22:54.012+0000] {logging_mixin.py:188} INFO - [2026-07-13T14:22:54.012+0000] {dag.py:3823} INFO - Setting next_dagrun for example_python_decorator to None, run_after=None
[2026-07-13T14:22:54.026+0000] {processor.py:183} INFO - Processing /home/airflow/.local/lib/python3.8/site-packages/airflow/example_dags/example_python_decorator.py took 0.053 seconds
[2026-07-13T14:23:26.615+0000] {processor.py:161} INFO - Started process (PID=2162) to work on /home/airflow/.local/lib/python3.8/site-packages/airflow/example_dags/example_python_decorator.py
[2026-07-13T14:23:26.616+0000] {processor.py:830} INFO - Processing file /home/airflow/.local/lib/python3.8/site-packages/airflow/example_dags/example_python_decorator.py for tasks to queue
[2026-07-13T14:23:26.617+0000] {logging_mixin.py:188} INFO - [2026-07-13T14:23:26.617+0000] {dagbag.py:538} INFO - Filling up the DagBag from /home/airflow/.local/lib/python3.8/site-packages/airflow/example_dags/example_python_decorator.py
[2026-07-13T14:23:26.626+0000] {processor.py:840} INFO - DAG(s) 'example_python_decorator' retrieved from /home/airflow/.local/lib/python3.8/site-packages/airflow/example_dags/example_python_decorator.py
[2026-07-13T14:23:26.641+0000] {logging_mixin.py:188} INFO - [2026-07-13T14:23:26.641+0000] {dag.py:3036} INFO - Sync 1 DAGs
[2026-07-13T14:23:26.650+0000] {logging_mixin.py:188} INFO - [2026-07-13T14:23:26.649+0000] {dag.py:3823} INFO - Setting next_dagrun for example_python_decorator to None, run_after=None
[2026-07-13T14:23:26.667+0000] {processor.py:183} INFO - Processing /home/airflow/.local/lib/python3.8/site-packages/airflow/example_dags/example_python_decorator.py took 0.055 seconds
[2026-07-13T14:23:59.200+0000] {processor.py:161} INFO - Started process (PID=2219) to work on /home/airflow/.local/lib/python3.8/site-packages/airflow/example_dags/example_python_decorator.py
[2026-07-13T14:23:59.201+0000] {processor.py:830} INFO - Processing file /home/airflow/.local/lib/python3.8/site-packages/airflow/example_dags/example_python_decorator.py for tasks to queue
[2026-07-13T14:23:59.202+0000] {logging_mixin.py:188} INFO - [2026-07-13T14:23:59.202+0000] {dagbag.py:538} INFO - Filling up the DagBag from /home/airflow/.local/lib/python3.8/site-packages/airflow/example_dags/example_python_decorator.py
[2026-07-13T14:23:59.211+0000] {processor.py:840} INFO - DAG(s) 'example_python_decorator' retrieved from /home/airflow/.local/lib/python3.8/site-packages/airflow/example_dags/example_python_decorator.py
[2026-07-13T14:23:59.227+0000] {logging_mixin.py:188} INFO - [2026-07-13T14:23:59.227+0000] {dag.py:3036} INFO - Sync 1 DAGs
[2026-07-13T14:23:59.235+0000] {logging_mixin.py:188} INFO - [2026-07-13T14:23:59.235+0000] {dag.py:3823} INFO - Setting next_dagrun for example_python_decorator to None, run_after=None
[2026-07-13T14:23:59.251+0000] {processor.py:183} INFO - Processing /home/airflow/.local/lib/python3.8/site-packages/airflow/example_dags/example_python_decorator.py took 0.054 seconds
[2026-07-13T14:24:31.665+0000] {processor.py:161} INFO - Started process (PID=2275) to work on /home/airflow/.local/lib/python3.8/site-packages/airflow/example_dags/example_python_decorator.py
[2026-07-13T14:24:31.666+0000] {processor.py:830} INFO - Processing file /home/airflow/.local/lib/python3.8/site-packages/airflow/example_dags/example_python_decorator.py for tasks to queue
[2026-07-13T14:24:31.668+0000] {logging_mixin.py:188} INFO - [2026-07-13T14:24:31.667+0000] {dagbag.py:538} INFO - Filling up the DagBag from /home/airflow/.local/lib/python3.8/site-packages/airflow/example_dags/example_python_decorator.py
[2026-07-13T14:24:31.677+0000] {processor.py:840} INFO - DAG(s) 'example_python_decorator' retrieved from /home/airflow/.local/lib/python3.8/site-packages/airflow/example_dags/example_python_decorator.py
[2026-07-13T14:24:31.695+0000] {logging_mixin.py:188} INFO - [2026-07-13T14:24:31.694+0000] {dag.py:3036} INFO - Sync 1 DAGs
[2026-07-13T14:24:31.708+0000] {logging_mixin.py:188} INFO - [2026-07-13T14:24:31.708+0000] {dag.py:3823} INFO - Setting next_dagrun for example_python_decorator to None, run_after=None
[2026-07-13T14:24:31.731+0000] {processor.py:183} INFO - Processing /home/airflow/.local/lib/python3.8/site-packages/airflow/example_dags/example_python_decorator.py took 0.068 seconds
[2026-07-13T14:25:04.484+0000] {processor.py:161} INFO - Started process (PID=2332) to work on /home/airflow/.local/lib/python3.8/site-packages/airflow/example_dags/example_python_decorator.py
[2026-07-13T14:25:04.485+0000] {processor.py:830} INFO - Processing file /home/airflow/.local/lib/python3.8/site-packages/airflow/example_dags/example_python_decorator.py for tasks to queue
[2026-07-13T14:25:04.486+0000] {logging_mixin.py:188} INFO - [2026-07-13T14:25:04.486+0000] {dagbag.py:538} INFO - Filling up the DagBag from /home/airflow/.local/lib/python3.8/site-packages/airflow/example_dags/example_python_decorator.py
[2026-07-13T14:25:04.496+0000] {processor.py:840} INFO - DAG(s) 'example_python_decorator' retrieved from /home/airflow/.local/lib/python3.8/site-packages/airflow/example_dags/example_python_decorator.py
[2026-07-13T14:25:04.511+0000] {logging_mixin.py:188} INFO - [2026-07-13T14:25:04.511+0000] {dag.py:3036} INFO - Sync 1 DAGs
[2026-07-13T14:25:04.519+0000] {logging_mixin.py:188} INFO - [2026-07-13T14:25:04.518+0000] {dag.py:3823} INFO - Setting next_dagrun for example_python_decorator to None, run_after=None
[2026-07-13T14:25:04.534+0000] {processor.py:183} INFO - Processing /home/airflow/.local/lib/python3.8/site-packages/airflow/example_dags/example_python_decorator.py took 0.052 seconds
[2026-07-13T14:25:37.079+0000] {processor.py:161} INFO - Started process (PID=2388) to work on /home/airflow/.local/lib/python3.8/site-packages/airflow/example_dags/example_python_decorator.py
[2026-07-13T14:25:37.080+0000] {processor.py:830} INFO - Processing file /home/airflow/.local/lib/python3.8/site-packages/airflow/example_dags/example_python_decorator.py for tasks to queue
[2026-07-13T14:25:37.082+0000] {logging_mixin.py:188} INFO - [2026-07-13T14:25:37.082+0000] {dagbag.py:538} INFO - Filling up the DagBag from /home/airflow/.local/lib/python3.8/site-packages/airflow/example_dags/example_python_decorator.py
[2026-07-13T14:25:37.091+0000] {processor.py:840} INFO - DAG(s) 'example_python_decorator' retrieved from /home/airflow/.local/lib/python3.8/site-packages/airflow/example_dags/example_python_decorator.py
[2026-07-13T14:25:37.107+0000] {logging_mixin.py:188} INFO - [2026-07-13T14:25:37.107+0000] {dag.py:3036} INFO - Sync 1 DAGs
[2026-07-13T14:25:37.115+0000] {logging_mixin.py:188} INFO - [2026-07-13T14:25:37.115+0000] {dag.py:3823} INFO - Setting next_dagrun for example_python_decorator to None, run_after=None
[2026-07-13T14:25:37.131+0000] {processor.py:183} INFO - Processing /home/airflow/.local/lib/python3.8/site-packages/airflow/example_dags/example_python_decorator.py took 0.054 seconds
[2026-07-13T14:26:09.629+0000] {processor.py:161} INFO - Started process (PID=2444) to work on /home/airflow/.local/lib/python3.8/site-packages/airflow/example_dags/example_python_decorator.py
[2026-07-13T14:26:09.630+0000] {processor.py:830} INFO - Processing file /home/airflow/.local/lib/python3.8/site-packages/airflow/example_dags/example_python_decorator.py for tasks to queue
[2026-07-13T14:26:09.631+0000] {logging_mixin.py:188} INFO - [2026-07-13T14:26:09.631+0000] {dagbag.py:538} INFO - Filling up the DagBag from /home/airflow/.local/lib/python3.8/site-packages/airflow/example_dags/example_python_decorator.py
[2026-07-13T14:26:09.641+0000] {processor.py:840} INFO - DAG(s) 'example_python_decorator' retrieved from /home/airflow/.local/lib/python3.8/site-packages/airflow/example_dags/example_python_decorator.py
[2026-07-13T14:26:09.656+0000] {logging_mixin.py:188} INFO - [2026-07-13T14:26:09.656+0000] {dag.py:3036} INFO - Sync 1 DAGs
[2026-07-13T14:26:09.663+0000] {logging_mixin.py:188} INFO - [2026-07-13T14:26:09.663+0000] {dag.py:3823} INFO - Setting next_dagrun for example_python_decorator to None, run_after=None
[2026-07-13T14:26:09.677+0000] {processor.py:183} INFO - Processing /home/airflow/.local/lib/python3.8/site-packages/airflow/example_dags/example_python_decorator.py took 0.051 seconds
[2026-07-13T14:26:42.341+0000] {processor.py:161} INFO - Started process (PID=2500) to work on /home/airflow/.local/lib/python3.8/site-packages/airflow/example_dags/example_python_decorator.py
[2026-07-13T14:26:42.342+0000] {processor.py:830} INFO - Processing file /home/airflow/.local/lib/python3.8/site-packages/airflow/example_dags/example_python_decorator.py for tasks to queue
[2026-07-13T14:26:42.344+0000] {logging_mixin.py:188} INFO - [2026-07-13T14:26:42.343+0000] {dagbag.py:538} INFO - Filling up the DagBag from /home/airflow/.local/lib/python3.8/site-packages/airflow/example_dags/example_python_decorator.py
[2026-07-13T14:26:42.354+0000] {processor.py:840} INFO - DAG(s) 'example_python_decorator' retrieved from /home/airflow/.local/lib/python3.8/site-packages/airflow/example_dags/example_python_decorator.py
[2026-07-13T14:26:42.368+0000] {logging_mixin.py:188} INFO - [2026-07-13T14:26:42.368+0000] {dag.py:3036} INFO - Sync 1 DAGs
[2026-07-13T14:26:42.377+0000] {logging_mixin.py:188} INFO - [2026-07-13T14:26:42.376+0000] {dag.py:3823} INFO - Setting next_dagrun for example_python_decorator to None, run_after=None
[2026-07-13T14:26:42.390+0000] {processor.py:183} INFO - Processing /home/airflow/.local/lib/python3.8/site-packages/airflow/example_dags/example_python_decorator.py took 0.051 seconds
[2026-07-13T14:27:14.996+0000] {processor.py:161} INFO - Started process (PID=2556) to work on /home/airflow/.local/lib/python3.8/site-packages/airflow/example_dags/example_python_decorator.py
[2026-07-13T14:27:14.997+0000] {processor.py:830} INFO - Processing file /home/airflow/.local/lib/python3.8/site-packages/airflow/example_dags/example_python_decorator.py for tasks to queue
[2026-07-13T14:27:14.998+0000] {logging_mixin.py:188} INFO - [2026-07-13T14:27:14.998+0000] {dagbag.py:538} INFO - Filling up the DagBag from /home/airflow/.local/lib/python3.8/site-packages/airflow/example_dags/example_python_decorator.py
[2026-07-13T14:27:15.007+0000] {processor.py:840} INFO - DAG(s) 'example_python_decorator' retrieved from /home/airflow/.local/lib/python3.8/site-packages/airflow/example_dags/example_python_decorator.py
[2026-07-13T14:27:15.022+0000] {logging_mixin.py:188} INFO - [2026-07-13T14:27:15.021+0000] {dag.py:3036} INFO - Sync 1 DAGs
[2026-07-13T14:27:15.030+0000] {logging_mixin.py:188} INFO - [2026-07-13T14:27:15.030+0000] {dag.py:3823} INFO - Setting next_dagrun for example_python_decorator to None, run_after=None
[2026-07-13T14:27:15.045+0000] {processor.py:183} INFO - Processing /home/airflow/.local/lib/python3.8/site-packages/airflow/example_dags/example_python_decorator.py took 0.051 seconds
[2026-07-13T14:27:47.763+0000] {processor.py:161} INFO - Started process (PID=2612) to work on /home/airflow/.local/lib/python3.8/site-packages/airflow/example_dags/example_python_decorator.py
[2026-07-13T14:27:47.763+0000] {processor.py:830} INFO - Processing file /home/airflow/.local/lib/python3.8/site-packages/airflow/example_dags/example_python_decorator.py for tasks to queue
[2026-07-13T14:27:47.765+0000] {logging_mixin.py:188} INFO - [2026-07-13T14:27:47.765+0000] {dagbag.py:538} INFO - Filling up the DagBag from /home/airflow/.local/lib/python3.8/site-packages/airflow/example_dags/example_python_decorator.py
[2026-07-13T14:27:47.774+0000] {processor.py:840} INFO - DAG(s) 'example_python_decorator' retrieved from /home/airflow/.local/lib/python3.8/site-packages/airflow/example_dags/example_python_decorator.py
[2026-07-13T14:27:47.790+0000] {logging_mixin.py:188} INFO - [2026-07-13T14:27:47.790+0000] {dag.py:3036} INFO - Sync 1 DAGs
[2026-07-13T14:27:47.798+0000] {logging_mixin.py:188} INFO - [2026-07-13T14:27:47.798+0000] {dag.py:3823} INFO - Setting next_dagrun for example_python_decorator to None, run_after=None
[2026-07-13T14:27:47.812+0000] {processor.py:183} INFO - Processing /home/airflow/.local/lib/python3.8/site-packages/airflow/example_dags/example_python_decorator.py took 0.052 seconds
[2026-07-13T14:28:19.697+0000] {processor.py:161} INFO - Started process (PID=2668) to work on /home/airflow/.local/lib/python3.8/site-packages/airflow/example_dags/example_python_decorator.py
[2026-07-13T14:28:19.698+0000] {processor.py:830} INFO - Processing file /home/airflow/.local/lib/python3.8/site-packages/airflow/example_dags/example_python_decorator.py for tasks to queue
[2026-07-13T14:28:19.700+0000] {logging_mixin.py:188} INFO - [2026-07-13T14:28:19.699+0000] {dagbag.py:538} INFO - Filling up the DagBag from /home/airflow/.local/lib/python3.8/site-packages/airflow/example_dags/example_python_decorator.py
[2026-07-13T14:28:19.711+0000] {processor.py:840} INFO - DAG(s) 'example_python_decorator' retrieved from /home/airflow/.local/lib/python3.8/site-packages/airflow/example_dags/example_python_decorator.py
[2026-07-13T14:28:19.730+0000] {logging_mixin.py:188} INFO - [2026-07-13T14:28:19.730+0000] {dag.py:3036} INFO - Sync 1 DAGs
[2026-07-13T14:28:19.740+0000] {logging_mixin.py:188} INFO - [2026-07-13T14:28:19.739+0000] {dag.py:3823} INFO - Setting next_dagrun for example_python_decorator to None, run_after=None
[2026-07-13T14:28:19.756+0000] {processor.py:183} INFO - Processing /home/airflow/.local/lib/python3.8/site-packages/airflow/example_dags/example_python_decorator.py took 0.061 seconds
[2026-07-13T14:28:52.714+0000] {processor.py:161} INFO - Started process (PID=2726) to work on /home/airflow/.local/lib/python3.8/site-packages/airflow/example_dags/example_python_decorator.py
[2026-07-13T14:28:52.717+0000] {processor.py:830} INFO - Processing file /home/airflow/.local/lib/python3.8/site-packages/airflow/example_dags/example_python_decorator.py for tasks to queue
[2026-07-13T14:28:52.720+0000] {logging_mixin.py:188} INFO - [2026-07-13T14:28:52.719+0000] {dagbag.py:538} INFO - Filling up the DagBag from /home/airflow/.local/lib/python3.8/site-packages/airflow/example_dags/example_python_decorator.py
[2026-07-13T14:28:52.743+0000] {processor.py:840} INFO - DAG(s) 'example_python_decorator' retrieved from /home/airflow/.local/lib/python3.8/site-packages/airflow/example_dags/example_python_decorator.py
[2026-07-13T14:28:52.769+0000] {logging_mixin.py:188} INFO - [2026-07-13T14:28:52.768+0000] {dag.py:3036} INFO - Sync 1 DAGs
[2026-07-13T14:28:52.780+0000] {logging_mixin.py:188} INFO - [2026-07-13T14:28:52.780+0000] {dag.py:3823} INFO - Setting next_dagrun for example_python_decorator to None, run_after=None
[2026-07-13T14:28:52.799+0000] {processor.py:183} INFO - Processing /home/airflow/.local/lib/python3.8/site-packages/airflow/example_dags/example_python_decorator.py took 0.089 seconds
[2026-07-13T14:29:27.007+0000] {processor.py:161} INFO - Started process (PID=2782) to work on /home/airflow/.local/lib/python3.8/site-packages/airflow/example_dags/example_python_decorator.py
[2026-07-13T14:29:27.008+0000] {processor.py:830} INFO - Processing file /home/airflow/.local/lib/python3.8/site-packages/airflow/example_dags/example_python_decorator.py for tasks to queue
[2026-07-13T14:29:27.009+0000] {logging_mixin.py:188} INFO - [2026-07-13T14:29:27.009+0000] {dagbag.py:538} INFO - Filling up the DagBag from /home/airflow/.local/lib/python3.8/site-packages/airflow/example_dags/example_python_decorator.py
[2026-07-13T14:29:27.018+0000] {processor.py:840} INFO - DAG(s) 'example_python_decorator' retrieved from /home/airflow/.local/lib/python3.8/site-packages/airflow/example_dags/example_python_decorator.py
[2026-07-13T14:29:27.043+0000] {logging_mixin.py:188} INFO - [2026-07-13T14:29:27.042+0000] {dag.py:3036} INFO - Sync 1 DAGs
[2026-07-13T14:29:27.077+0000] {logging_mixin.py:188} INFO - [2026-07-13T14:29:27.077+0000] {dag.py:3823} INFO - Setting next_dagrun for example_python_decorator to None, run_after=None
[2026-07-13T14:29:27.110+0000] {processor.py:183} INFO - Processing /home/airflow/.local/lib/python3.8/site-packages/airflow/example_dags/example_python_decorator.py took 0.107 seconds
[2026-07-13T14:30:00.140+0000] {processor.py:161} INFO - Started process (PID=2838) to work on /home/airflow/.local/lib/python3.8/site-packages/airflow/example_dags/example_python_decorator.py
[2026-07-13T14:30:00.142+0000] {processor.py:830} INFO - Processing file /home/airflow/.local/lib/python3.8/site-packages/airflow/example_dags/example_python_decorator.py for tasks to queue
[2026-07-13T14:30:00.144+0000] {logging_mixin.py:188} INFO - [2026-07-13T14:30:00.143+0000] {dagbag.py:538} INFO - Filling up the DagBag from /home/airflow/.local/lib/python3.8/site-packages/airflow/example_dags/example_python_decorator.py
[2026-07-13T14:30:00.168+0000] {processor.py:840} INFO - DAG(s) 'example_python_decorator' retrieved from /home/airflow/.local/lib/python3.8/site-packages/airflow/example_dags/example_python_decorator.py
[2026-07-13T14:30:00.204+0000] {logging_mixin.py:188} INFO - [2026-07-13T14:30:00.203+0000] {dag.py:3036} INFO - Sync 1 DAGs
[2026-07-13T14:30:00.224+0000] {logging_mixin.py:188} INFO - [2026-07-13T14:30:00.223+0000] {dag.py:3823} INFO - Setting next_dagrun for example_python_decorator to None, run_after=None
[2026-07-13T14:30:00.263+0000] {processor.py:183} INFO - Processing /home/airflow/.local/lib/python3.8/site-packages/airflow/example_dags/example_python_decorator.py took 0.126 seconds
[2026-07-13T14:30:31.352+0000] {processor.py:161} INFO - Started process (PID=2894) to work on /home/airflow/.local/lib/python3.8/site-packages/airflow/example_dags/example_python_decorator.py
[2026-07-13T14:30:31.353+0000] {processor.py:830} INFO - Processing file /home/airflow/.local/lib/python3.8/site-packages/airflow/example_dags/example_python_decorator.py for tasks to queue
[2026-07-13T14:30:31.354+0000] {logging_mixin.py:188} INFO - [2026-07-13T14:30:31.354+0000] {dagbag.py:538} INFO - Filling up the DagBag from /home/airflow/.local/lib/python3.8/site-packages/airflow/example_dags/example_python_decorator.py
[2026-07-13T14:30:31.364+0000] {processor.py:840} INFO - DAG(s) 'example_python_decorator' retrieved from /home/airflow/.local/lib/python3.8/site-packages/airflow/example_dags/example_python_decorator.py
[2026-07-13T14:30:31.380+0000] {logging_mixin.py:188} INFO - [2026-07-13T14:30:31.380+0000] {dag.py:3036} INFO - Sync 1 DAGs
[2026-07-13T14:30:31.494+0000] {logging_mixin.py:188} INFO - [2026-07-13T14:30:31.494+0000] {dag.py:3823} INFO - Setting next_dagrun for example_python_decorator to None, run_after=None
[2026-07-13T14:30:31.513+0000] {processor.py:183} INFO - Processing /home/airflow/.local/lib/python3.8/site-packages/airflow/example_dags/example_python_decorator.py took 0.164 seconds
[2026-07-13T14:31:03.943+0000] {processor.py:161} INFO - Started process (PID=2950) to work on /home/airflow/.local/lib/python3.8/site-packages/airflow/example_dags/example_python_decorator.py
[2026-07-13T14:31:03.944+0000] {processor.py:830} INFO - Processing file /home/airflow/.local/lib/python3.8/site-packages/airflow/example_dags/example_python_decorator.py for tasks to queue
[2026-07-13T14:31:03.944+0000] {logging_mixin.py:188} INFO - [2026-07-13T14:31:03.944+0000] {dagbag.py:538} INFO - Filling up the DagBag from /home/airflow/.local/lib/python3.8/site-packages/airflow/example_dags/example_python_decorator.py
[2026-07-13T14:31:03.954+0000] {processor.py:840} INFO - DAG(s) 'example_python_decorator' retrieved from /home/airflow/.local/lib/python3.8/site-packages/airflow/example_dags/example_python_decorator.py
[2026-07-13T14:31:03.972+0000] {logging_mixin.py:188} INFO - [2026-07-13T14:31:03.971+0000] {dag.py:3036} INFO - Sync 1 DAGs
[2026-07-13T14:31:03.981+0000] {logging_mixin.py:188} INFO - [2026-07-13T14:31:03.980+0000] {dag.py:3823} INFO - Setting next_dagrun for example_python_decorator to None, run_after=None
[2026-07-13T14:31:03.996+0000] {processor.py:183} INFO - Processing /home/airflow/.local/lib/python3.8/site-packages/airflow/example_dags/example_python_decorator.py took 0.057 seconds
[2026-07-13T14:31:36.970+0000] {processor.py:161} INFO - Started process (PID=3006) to work on /home/airflow/.local/lib/python3.8/site-packages/airflow/example_dags/example_python_decorator.py
[2026-07-13T14:31:36.971+0000] {processor.py:830} INFO - Processing file /home/airflow/.local/lib/python3.8/site-packages/airflow/example_dags/example_python_decorator.py for tasks to queue
[2026-07-13T14:31:36.971+0000] {logging_mixin.py:188} INFO - [2026-07-13T14:31:36.971+0000] {dagbag.py:538} INFO - Filling up the DagBag from /home/airflow/.local/lib/python3.8/site-packages/airflow/example_dags/example_python_decorator.py
[2026-07-13T14:31:36.981+0000] {processor.py:840} INFO - DAG(s) 'example_python_decorator' retrieved from /home/airflow/.local/lib/python3.8/site-packages/airflow/example_dags/example_python_decorator.py
[2026-07-13T14:31:36.997+0000] {logging_mixin.py:188} INFO - [2026-07-13T14:31:36.997+0000] {dag.py:3036} INFO - Sync 1 DAGs
[2026-07-13T14:31:37.005+0000] {logging_mixin.py:188} INFO - [2026-07-13T14:31:37.004+0000] {dag.py:3823} INFO - Setting next_dagrun for example_python_decorator to None, run_after=None
[2026-07-13T14:31:37.021+0000] {processor.py:183} INFO - Processing /home/airflow/.local/lib/python3.8/site-packages/airflow/example_dags/example_python_decorator.py took 0.053 seconds
[2026-07-13T14:32:10.194+0000] {processor.py:161} INFO - Started process (PID=3062) to work on /home/airflow/.local/lib/python3.8/site-packages/airflow/example_dags/example_python_decorator.py
[2026-07-13T14:32:10.196+0000] {processor.py:830} INFO - Processing file /home/airflow/.local/lib/python3.8/site-packages/airflow/example_dags/example_python_decorator.py for tasks to queue
[2026-07-13T14:32:10.197+0000] {logging_mixin.py:188} INFO - [2026-07-13T14:32:10.197+0000] {dagbag.py:538} INFO - Filling up the DagBag from /home/airflow/.local/lib/python3.8/site-packages/airflow/example_dags/example_python_decorator.py
[2026-07-13T14:32:10.209+0000] {processor.py:840} INFO - DAG(s) 'example_python_decorator' retrieved from /home/airflow/.local/lib/python3.8/site-packages/airflow/example_dags/example_python_decorator.py
[2026-07-13T14:32:10.228+0000] {logging_mixin.py:188} INFO - [2026-07-13T14:32:10.227+0000] {dag.py:3036} INFO - Sync 1 DAGs
[2026-07-13T14:32:10.238+0000] {logging_mixin.py:188} INFO - [2026-07-13T14:32:10.237+0000] {dag.py:3823} INFO - Setting next_dagrun for example_python_decorator to None, run_after=None
[2026-07-13T14:32:10.252+0000] {processor.py:183} INFO - Processing /home/airflow/.local/lib/python3.8/site-packages/airflow/example_dags/example_python_decorator.py took 0.060 seconds
[2026-07-13T14:32:42.121+0000] {processor.py:161} INFO - Started process (PID=3118) to work on /home/airflow/.local/lib/python3.8/site-packages/airflow/example_dags/example_python_decorator.py
[2026-07-13T14:32:42.122+0000] {processor.py:830} INFO - Processing file /home/airflow/.local/lib/python3.8/site-packages/airflow/example_dags/example_python_decorator.py for tasks to queue
[2026-07-13T14:32:42.122+0000] {logging_mixin.py:188} INFO - [2026-07-13T14:32:42.122+0000] {dagbag.py:538} INFO - Filling up the DagBag from /home/airflow/.local/lib/python3.8/site-packages/airflow/example_dags/example_python_decorator.py
[2026-07-13T14:32:42.132+0000] {processor.py:840} INFO - DAG(s) 'example_python_decorator' retrieved from /home/airflow/.local/lib/python3.8/site-packages/airflow/example_dags/example_python_decorator.py
[2026-07-13T14:32:42.149+0000] {logging_mixin.py:188} INFO - [2026-07-13T14:32:42.149+0000] {dag.py:3036} INFO - Sync 1 DAGs
[2026-07-13T14:32:42.262+0000] {logging_mixin.py:188} INFO - [2026-07-13T14:32:42.262+0000] {dag.py:3823} INFO - Setting next_dagrun for example_python_decorator to None, run_after=None
[2026-07-13T14:32:42.274+0000] {processor.py:183} INFO - Processing /home/airflow/.local/lib/python3.8/site-packages/airflow/example_dags/example_python_decorator.py took 0.156 seconds
[2026-07-13T14:33:14.603+0000] {processor.py:161} INFO - Started process (PID=3174) to work on /home/airflow/.local/lib/python3.8/site-packages/airflow/example_dags/example_python_decorator.py
[2026-07-13T14:33:14.605+0000] {processor.py:830} INFO - Processing file /home/airflow/.local/lib/python3.8/site-packages/airflow/example_dags/example_python_decorator.py for tasks to queue
[2026-07-13T14:33:14.607+0000] {logging_mixin.py:188} INFO - [2026-07-13T14:33:14.606+0000] {dagbag.py:538} INFO - Filling up the DagBag from /home/airflow/.local/lib/python3.8/site-packages/airflow/example_dags/example_python_decorator.py
[2026-07-13T14:33:14.619+0000] {processor.py:840} INFO - DAG(s) 'example_python_decorator' retrieved from /home/airflow/.local/lib/python3.8/site-packages/airflow/example_dags/example_python_decorator.py
[2026-07-13T14:33:14.638+0000] {logging_mixin.py:188} INFO - [2026-07-13T14:33:14.638+0000] {dag.py:3036} INFO - Sync 1 DAGs
[2026-07-13T14:33:14.647+0000] {logging_mixin.py:188} INFO - [2026-07-13T14:33:14.647+0000] {dag.py:3823} INFO - Setting next_dagrun for example_python_decorator to None, run_after=None
[2026-07-13T14:33:14.665+0000] {processor.py:183} INFO - Processing /home/airflow/.local/lib/python3.8/site-packages/airflow/example_dags/example_python_decorator.py took 0.064 seconds
[2026-07-13T14:33:47.751+0000] {processor.py:161} INFO - Started process (PID=3230) to work on /home/airflow/.local/lib/python3.8/site-packages/airflow/example_dags/example_python_decorator.py
[2026-07-13T14:33:47.752+0000] {processor.py:830} INFO - Processing file /home/airflow/.local/lib/python3.8/site-packages/airflow/example_dags/example_python_decorator.py for tasks to queue
[2026-07-13T14:33:47.752+0000] {logging_mixin.py:188} INFO - [2026-07-13T14:33:47.752+0000] {dagbag.py:538} INFO - Filling up the DagBag from /home/airflow/.local/lib/python3.8/site-packages/airflow/example_dags/example_python_decorator.py
[2026-07-13T14:33:47.761+0000] {processor.py:840} INFO - DAG(s) 'example_python_decorator' retrieved from /home/airflow/.local/lib/python3.8/site-packages/airflow/example_dags/example_python_decorator.py
[2026-07-13T14:33:47.777+0000] {logging_mixin.py:188} INFO - [2026-07-13T14:33:47.777+0000] {dag.py:3036} INFO - Sync 1 DAGs
[2026-07-13T14:33:47.785+0000] {logging_mixin.py:188} INFO - [2026-07-13T14:33:47.785+0000] {dag.py:3823} INFO - Setting next_dagrun for example_python_decorator to None, run_after=None
[2026-07-13T14:33:47.799+0000] {processor.py:183} INFO - Processing /home/airflow/.local/lib/python3.8/site-packages/airflow/example_dags/example_python_decorator.py took 0.051 seconds
[2026-07-13T14:34:18.407+0000] {processor.py:161} INFO - Started process (PID=3286) to work on /home/airflow/.local/lib/python3.8/site-packages/airflow/example_dags/example_python_decorator.py
[2026-07-13T14:34:18.408+0000] {processor.py:830} INFO - Processing file /home/airflow/.local/lib/python3.8/site-packages/airflow/example_dags/example_python_decorator.py for tasks to queue
[2026-07-13T14:34:18.409+0000] {logging_mixin.py:188} INFO - [2026-07-13T14:34:18.408+0000] {dagbag.py:538} INFO - Filling up the DagBag from /home/airflow/.local/lib/python3.8/site-packages/airflow/example_dags/example_python_decorator.py
[2026-07-13T14:34:18.422+0000] {processor.py:840} INFO - DAG(s) 'example_python_decorator' retrieved from /home/airflow/.local/lib/python3.8/site-packages/airflow/example_dags/example_python_decorator.py
[2026-07-13T14:34:18.439+0000] {logging_mixin.py:188} INFO - [2026-07-13T14:34:18.439+0000] {dag.py:3036} INFO - Sync 1 DAGs
[2026-07-13T14:34:18.448+0000] {logging_mixin.py:188} INFO - [2026-07-13T14:34:18.448+0000] {dag.py:3823} INFO - Setting next_dagrun for example_python_decorator to None, run_after=None
[2026-07-13T14:34:18.463+0000] {processor.py:183} INFO - Processing /home/airflow/.local/lib/python3.8/site-packages/airflow/example_dags/example_python_decorator.py took 0.058 seconds
[2026-07-13T14:34:50.873+0000] {processor.py:161} INFO - Started process (PID=3342) to work on /home/airflow/.local/lib/python3.8/site-packages/airflow/example_dags/example_python_decorator.py
[2026-07-13T14:34:50.874+0000] {processor.py:830} INFO - Processing file /home/airflow/.local/lib/python3.8/site-packages/airflow/example_dags/example_python_decorator.py for tasks to queue
[2026-07-13T14:34:50.875+0000] {logging_mixin.py:188} INFO - [2026-07-13T14:34:50.875+0000] {dagbag.py:538} INFO - Filling up the DagBag from /home/airflow/.local/lib/python3.8/site-packages/airflow/example_dags/example_python_decorator.py
[2026-07-13T14:34:50.885+0000] {processor.py:840} INFO - DAG(s) 'example_python_decorator' retrieved from /home/airflow/.local/lib/python3.8/site-packages/airflow/example_dags/example_python_decorator.py
[2026-07-13T14:34:50.901+0000] {logging_mixin.py:188} INFO - [2026-07-13T14:34:50.901+0000] {dag.py:3036} INFO - Sync 1 DAGs
[2026-07-13T14:34:50.909+0000] {logging_mixin.py:188} INFO - [2026-07-13T14:34:50.909+0000] {dag.py:3823} INFO - Setting next_dagrun for example_python_decorator to None, run_after=None
[2026-07-13T14:34:50.923+0000] {processor.py:183} INFO - Processing /home/airflow/.local/lib/python3.8/site-packages/airflow/example_dags/example_python_decorator.py took 0.052 seconds
[2026-07-13T14:35:46.411+0000] {processor.py:161} INFO - Started process (PID=95) to work on /home/airflow/.local/lib/python3.8/site-packages/airflow/example_dags/example_python_decorator.py
[2026-07-13T14:35:46.412+0000] {processor.py:830} INFO - Processing file /home/airflow/.local/lib/python3.8/site-packages/airflow/example_dags/example_python_decorator.py for tasks to queue
[2026-07-13T14:35:46.415+0000] {logging_mixin.py:188} INFO - [2026-07-13T14:35:46.414+0000] {dagbag.py:538} INFO - Filling up the DagBag from /home/airflow/.local/lib/python3.8/site-packages/airflow/example_dags/example_python_decorator.py
[2026-07-13T14:35:46.427+0000] {processor.py:840} INFO - DAG(s) 'example_python_decorator' retrieved from /home/airflow/.local/lib/python3.8/site-packages/airflow/example_dags/example_python_decorator.py
[2026-07-13T14:35:46.438+0000] {logging_mixin.py:188} INFO - [2026-07-13T14:35:46.438+0000] {dag.py:3036} INFO - Sync 1 DAGs
[2026-07-13T14:35:46.450+0000] {logging_mixin.py:188} INFO - [2026-07-13T14:35:46.450+0000] {dag.py:3823} INFO - Setting next_dagrun for example_python_decorator to None, run_after=None
[2026-07-13T14:35:46.468+0000] {processor.py:183} INFO - Processing /home/airflow/.local/lib/python3.8/site-packages/airflow/example_dags/example_python_decorator.py took 0.060 seconds
[2026-07-13T14:36:17.485+0000] {processor.py:161} INFO - Started process (PID=151) to work on /home/airflow/.local/lib/python3.8/site-packages/airflow/example_dags/example_python_decorator.py
[2026-07-13T14:36:17.485+0000] {processor.py:830} INFO - Processing file /home/airflow/.local/lib/python3.8/site-packages/airflow/example_dags/example_python_decorator.py for tasks to queue
[2026-07-13T14:36:17.487+0000] {logging_mixin.py:188} INFO - [2026-07-13T14:36:17.487+0000] {dagbag.py:538} INFO - Filling up the DagBag from /home/airflow/.local/lib/python3.8/site-packages/airflow/example_dags/example_python_decorator.py
[2026-07-13T14:36:17.498+0000] {processor.py:840} INFO - DAG(s) 'example_python_decorator' retrieved from /home/airflow/.local/lib/python3.8/site-packages/airflow/example_dags/example_python_decorator.py
[2026-07-13T14:36:17.570+0000] {logging_mixin.py:188} INFO - [2026-07-13T14:36:17.570+0000] {dag.py:3036} INFO - Sync 1 DAGs
[2026-07-13T14:36:17.580+0000] {logging_mixin.py:188} INFO - [2026-07-13T14:36:17.579+0000] {dag.py:3823} INFO - Setting next_dagrun for example_python_decorator to None, run_after=None
[2026-07-13T14:36:17.599+0000] {processor.py:183} INFO - Processing /home/airflow/.local/lib/python3.8/site-packages/airflow/example_dags/example_python_decorator.py took 0.117 seconds
[2026-07-13T14:36:48.322+0000] {processor.py:161} INFO - Started process (PID=201) to work on /home/airflow/.local/lib/python3.8/site-packages/airflow/example_dags/example_python_decorator.py
[2026-07-13T14:36:48.323+0000] {processor.py:830} INFO - Processing file /home/airflow/.local/lib/python3.8/site-packages/airflow/example_dags/example_python_decorator.py for tasks to queue
[2026-07-13T14:36:48.324+0000] {logging_mixin.py:188} INFO - [2026-07-13T14:36:48.324+0000] {dagbag.py:538} INFO - Filling up the DagBag from /home/airflow/.local/lib/python3.8/site-packages/airflow/example_dags/example_python_decorator.py
[2026-07-13T14:36:48.334+0000] {processor.py:840} INFO - DAG(s) 'example_python_decorator' retrieved from /home/airflow/.local/lib/python3.8/site-packages/airflow/example_dags/example_python_decorator.py
[2026-07-13T14:36:48.353+0000] {logging_mixin.py:188} INFO - [2026-07-13T14:36:48.352+0000] {dag.py:3036} INFO - Sync 1 DAGs
[2026-07-13T14:36:48.366+0000] {logging_mixin.py:188} INFO - [2026-07-13T14:36:48.366+0000] {dag.py:3823} INFO - Setting next_dagrun for example_python_decorator to None, run_after=None
[2026-07-13T14:36:48.380+0000] {processor.py:183} INFO - Processing /home/airflow/.local/lib/python3.8/site-packages/airflow/example_dags/example_python_decorator.py took 0.060 seconds
[2026-07-13T14:37:19.177+0000] {processor.py:161} INFO - Started process (PID=257) to work on /home/airflow/.local/lib/python3.8/site-packages/airflow/example_dags/example_python_decorator.py
[2026-07-13T14:37:19.178+0000] {processor.py:830} INFO - Processing file /home/airflow/.local/lib/python3.8/site-packages/airflow/example_dags/example_python_decorator.py for tasks to queue
[2026-07-13T14:37:19.179+0000] {logging_mixin.py:188} INFO - [2026-07-13T14:37:19.179+0000] {dagbag.py:538} INFO - Filling up the DagBag from /home/airflow/.local/lib/python3.8/site-packages/airflow/example_dags/example_python_decorator.py
[2026-07-13T14:37:19.190+0000] {processor.py:840} INFO - DAG(s) 'example_python_decorator' retrieved from /home/airflow/.local/lib/python3.8/site-packages/airflow/example_dags/example_python_decorator.py
[2026-07-13T14:37:19.209+0000] {logging_mixin.py:188} INFO - [2026-07-13T14:37:19.209+0000] {dag.py:3036} INFO - Sync 1 DAGs
[2026-07-13T14:37:19.217+0000] {logging_mixin.py:188} INFO - [2026-07-13T14:37:19.216+0000] {dag.py:3823} INFO - Setting next_dagrun for example_python_decorator to None, run_after=None
[2026-07-13T14:37:19.229+0000] {processor.py:183} INFO - Processing /home/airflow/.local/lib/python3.8/site-packages/airflow/example_dags/example_python_decorator.py took 0.055 seconds
[2026-07-13T14:37:49.295+0000] {processor.py:161} INFO - Started process (PID=313) to work on /home/airflow/.local/lib/python3.8/site-packages/airflow/example_dags/example_python_decorator.py
[2026-07-13T14:37:49.296+0000] {processor.py:830} INFO - Processing file /home/airflow/.local/lib/python3.8/site-packages/airflow/example_dags/example_python_decorator.py for tasks to queue
[2026-07-13T14:37:49.297+0000] {logging_mixin.py:188} INFO - [2026-07-13T14:37:49.297+0000] {dagbag.py:538} INFO - Filling up the DagBag from /home/airflow/.local/lib/python3.8/site-packages/airflow/example_dags/example_python_decorator.py
[2026-07-13T14:37:49.307+0000] {processor.py:840} INFO - DAG(s) 'example_python_decorator' retrieved from /home/airflow/.local/lib/python3.8/site-packages/airflow/example_dags/example_python_decorator.py
[2026-07-13T14:37:49.324+0000] {logging_mixin.py:188} INFO - [2026-07-13T14:37:49.324+0000] {dag.py:3036} INFO - Sync 1 DAGs
[2026-07-13T14:37:49.333+0000] {logging_mixin.py:188} INFO - [2026-07-13T14:37:49.332+0000] {dag.py:3823} INFO - Setting next_dagrun for example_python_decorator to None, run_after=None
[2026-07-13T14:37:49.347+0000] {processor.py:183} INFO - Processing /home/airflow/.local/lib/python3.8/site-packages/airflow/example_dags/example_python_decorator.py took 0.055 seconds
