[2026-07-13T09:11:24.823+0000] {processor.py:161} INFO - Started process (PID=108) to work on /home/airflow/.local/lib/python3.8/site-packages/airflow/example_dags/example_python_operator.py
[2026-07-13T09:11:24.824+0000] {processor.py:830} INFO - Processing file /home/airflow/.local/lib/python3.8/site-packages/airflow/example_dags/example_python_operator.py for tasks to queue
[2026-07-13T09:11:24.827+0000] {logging_mixin.py:188} INFO - [2026-07-13T09:11:24.827+0000] {dagbag.py:538} INFO - Filling up the DagBag from /home/airflow/.local/lib/python3.8/site-packages/airflow/example_dags/example_python_operator.py
[2026-07-13T09:11:24.843+0000] {processor.py:840} INFO - DAG(s) 'example_python_operator' retrieved from /home/airflow/.local/lib/python3.8/site-packages/airflow/example_dags/example_python_operator.py
[2026-07-13T09:11:25.032+0000] {logging_mixin.py:188} INFO - [2026-07-13T09:11:25.031+0000] {dag.py:3036} INFO - Sync 1 DAGs
[2026-07-13T09:11:25.047+0000] {logging_mixin.py:188} INFO - [2026-07-13T09:11:25.047+0000] {dag.py:3823} INFO - Setting next_dagrun for example_python_operator to None, run_after=None
[2026-07-13T09:11:25.081+0000] {processor.py:183} INFO - Processing /home/airflow/.local/lib/python3.8/site-packages/airflow/example_dags/example_python_operator.py took 0.264 seconds
[2026-07-13T09:11:55.935+0000] {processor.py:161} INFO - Started process (PID=164) to work on /home/airflow/.local/lib/python3.8/site-packages/airflow/example_dags/example_python_operator.py
[2026-07-13T09:11:55.937+0000] {processor.py:830} INFO - Processing file /home/airflow/.local/lib/python3.8/site-packages/airflow/example_dags/example_python_operator.py for tasks to queue
[2026-07-13T09:11:55.940+0000] {logging_mixin.py:188} INFO - [2026-07-13T09:11:55.939+0000] {dagbag.py:538} INFO - Filling up the DagBag from /home/airflow/.local/lib/python3.8/site-packages/airflow/example_dags/example_python_operator.py
[2026-07-13T09:11:55.953+0000] {processor.py:840} INFO - DAG(s) 'example_python_operator' retrieved from /home/airflow/.local/lib/python3.8/site-packages/airflow/example_dags/example_python_operator.py
[2026-07-13T09:11:55.971+0000] {logging_mixin.py:188} INFO - [2026-07-13T09:11:55.971+0000] {dag.py:3036} INFO - Sync 1 DAGs
[2026-07-13T09:11:55.991+0000] {logging_mixin.py:188} INFO - [2026-07-13T09:11:55.991+0000] {dag.py:3823} INFO - Setting next_dagrun for example_python_operator to None, run_after=None
[2026-07-13T09:11:56.020+0000] {processor.py:183} INFO - Processing /home/airflow/.local/lib/python3.8/site-packages/airflow/example_dags/example_python_operator.py took 0.090 seconds
[2026-07-13T09:12:26.349+0000] {processor.py:161} INFO - Started process (PID=214) to work on /home/airflow/.local/lib/python3.8/site-packages/airflow/example_dags/example_python_operator.py
[2026-07-13T09:12:26.350+0000] {processor.py:830} INFO - Processing file /home/airflow/.local/lib/python3.8/site-packages/airflow/example_dags/example_python_operator.py for tasks to queue
[2026-07-13T09:12:26.352+0000] {logging_mixin.py:188} INFO - [2026-07-13T09:12:26.351+0000] {dagbag.py:538} INFO - Filling up the DagBag from /home/airflow/.local/lib/python3.8/site-packages/airflow/example_dags/example_python_operator.py
[2026-07-13T09:12:26.361+0000] {processor.py:840} INFO - DAG(s) 'example_python_operator' retrieved from /home/airflow/.local/lib/python3.8/site-packages/airflow/example_dags/example_python_operator.py
[2026-07-13T09:12:26.446+0000] {logging_mixin.py:188} INFO - [2026-07-13T09:12:26.446+0000] {dag.py:3036} INFO - Sync 1 DAGs
[2026-07-13T09:12:26.456+0000] {logging_mixin.py:188} INFO - [2026-07-13T09:12:26.456+0000] {dag.py:3823} INFO - Setting next_dagrun for example_python_operator to None, run_after=None
[2026-07-13T09:12:26.476+0000] {processor.py:183} INFO - Processing /home/airflow/.local/lib/python3.8/site-packages/airflow/example_dags/example_python_operator.py took 0.130 seconds
[2026-07-13T09:12:56.507+0000] {processor.py:161} INFO - Started process (PID=278) to work on /home/airflow/.local/lib/python3.8/site-packages/airflow/example_dags/example_python_operator.py
[2026-07-13T09:12:56.510+0000] {processor.py:830} INFO - Processing file /home/airflow/.local/lib/python3.8/site-packages/airflow/example_dags/example_python_operator.py for tasks to queue
[2026-07-13T09:12:56.512+0000] {logging_mixin.py:188} INFO - [2026-07-13T09:12:56.512+0000] {dagbag.py:538} INFO - Filling up the DagBag from /home/airflow/.local/lib/python3.8/site-packages/airflow/example_dags/example_python_operator.py
[2026-07-13T09:12:56.525+0000] {processor.py:840} INFO - DAG(s) 'example_python_operator' retrieved from /home/airflow/.local/lib/python3.8/site-packages/airflow/example_dags/example_python_operator.py
[2026-07-13T09:12:56.552+0000] {logging_mixin.py:188} INFO - [2026-07-13T09:12:56.551+0000] {dag.py:3036} INFO - Sync 1 DAGs
[2026-07-13T09:12:56.566+0000] {logging_mixin.py:188} INFO - [2026-07-13T09:12:56.566+0000] {dag.py:3823} INFO - Setting next_dagrun for example_python_operator to None, run_after=None
[2026-07-13T09:12:56.590+0000] {processor.py:183} INFO - Processing /home/airflow/.local/lib/python3.8/site-packages/airflow/example_dags/example_python_operator.py took 0.088 seconds
[2026-07-13T09:13:26.972+0000] {processor.py:161} INFO - Started process (PID=333) to work on /home/airflow/.local/lib/python3.8/site-packages/airflow/example_dags/example_python_operator.py
[2026-07-13T09:13:26.974+0000] {processor.py:830} INFO - Processing file /home/airflow/.local/lib/python3.8/site-packages/airflow/example_dags/example_python_operator.py for tasks to queue
[2026-07-13T09:13:26.976+0000] {logging_mixin.py:188} INFO - [2026-07-13T09:13:26.976+0000] {dagbag.py:538} INFO - Filling up the DagBag from /home/airflow/.local/lib/python3.8/site-packages/airflow/example_dags/example_python_operator.py
[2026-07-13T09:13:26.991+0000] {processor.py:840} INFO - DAG(s) 'example_python_operator' retrieved from /home/airflow/.local/lib/python3.8/site-packages/airflow/example_dags/example_python_operator.py
[2026-07-13T09:13:27.022+0000] {logging_mixin.py:188} INFO - [2026-07-13T09:13:27.022+0000] {dag.py:3036} INFO - Sync 1 DAGs
[2026-07-13T09:13:27.036+0000] {logging_mixin.py:188} INFO - [2026-07-13T09:13:27.036+0000] {dag.py:3823} INFO - Setting next_dagrun for example_python_operator to None, run_after=None
[2026-07-13T09:13:27.060+0000] {processor.py:183} INFO - Processing /home/airflow/.local/lib/python3.8/site-packages/airflow/example_dags/example_python_operator.py took 0.092 seconds
[2026-07-13T09:13:57.505+0000] {processor.py:161} INFO - Started process (PID=390) to work on /home/airflow/.local/lib/python3.8/site-packages/airflow/example_dags/example_python_operator.py
[2026-07-13T09:13:57.506+0000] {processor.py:830} INFO - Processing file /home/airflow/.local/lib/python3.8/site-packages/airflow/example_dags/example_python_operator.py for tasks to queue
[2026-07-13T09:13:57.508+0000] {logging_mixin.py:188} INFO - [2026-07-13T09:13:57.507+0000] {dagbag.py:538} INFO - Filling up the DagBag from /home/airflow/.local/lib/python3.8/site-packages/airflow/example_dags/example_python_operator.py
[2026-07-13T09:13:57.518+0000] {processor.py:840} INFO - DAG(s) 'example_python_operator' retrieved from /home/airflow/.local/lib/python3.8/site-packages/airflow/example_dags/example_python_operator.py
[2026-07-13T09:13:57.540+0000] {logging_mixin.py:188} INFO - [2026-07-13T09:13:57.539+0000] {dag.py:3036} INFO - Sync 1 DAGs
[2026-07-13T09:13:57.552+0000] {logging_mixin.py:188} INFO - [2026-07-13T09:13:57.551+0000] {dag.py:3823} INFO - Setting next_dagrun for example_python_operator to None, run_after=None
[2026-07-13T09:13:57.571+0000] {processor.py:183} INFO - Processing /home/airflow/.local/lib/python3.8/site-packages/airflow/example_dags/example_python_operator.py took 0.071 seconds
[2026-07-13T09:14:27.804+0000] {processor.py:161} INFO - Started process (PID=446) to work on /home/airflow/.local/lib/python3.8/site-packages/airflow/example_dags/example_python_operator.py
[2026-07-13T09:14:27.806+0000] {processor.py:830} INFO - Processing file /home/airflow/.local/lib/python3.8/site-packages/airflow/example_dags/example_python_operator.py for tasks to queue
[2026-07-13T09:14:27.810+0000] {logging_mixin.py:188} INFO - [2026-07-13T09:14:27.808+0000] {dagbag.py:538} INFO - Filling up the DagBag from /home/airflow/.local/lib/python3.8/site-packages/airflow/example_dags/example_python_operator.py
[2026-07-13T09:14:27.827+0000] {processor.py:840} INFO - DAG(s) 'example_python_operator' retrieved from /home/airflow/.local/lib/python3.8/site-packages/airflow/example_dags/example_python_operator.py
[2026-07-13T09:14:27.864+0000] {logging_mixin.py:188} INFO - [2026-07-13T09:14:27.864+0000] {dag.py:3036} INFO - Sync 1 DAGs
[2026-07-13T09:14:27.879+0000] {logging_mixin.py:188} INFO - [2026-07-13T09:14:27.878+0000] {dag.py:3823} INFO - Setting next_dagrun for example_python_operator to None, run_after=None
[2026-07-13T09:14:27.910+0000] {processor.py:183} INFO - Processing /home/airflow/.local/lib/python3.8/site-packages/airflow/example_dags/example_python_operator.py took 0.111 seconds
[2026-07-13T09:14:57.935+0000] {processor.py:161} INFO - Started process (PID=502) to work on /home/airflow/.local/lib/python3.8/site-packages/airflow/example_dags/example_python_operator.py
[2026-07-13T09:14:57.936+0000] {processor.py:830} INFO - Processing file /home/airflow/.local/lib/python3.8/site-packages/airflow/example_dags/example_python_operator.py for tasks to queue
[2026-07-13T09:14:57.938+0000] {logging_mixin.py:188} INFO - [2026-07-13T09:14:57.937+0000] {dagbag.py:538} INFO - Filling up the DagBag from /home/airflow/.local/lib/python3.8/site-packages/airflow/example_dags/example_python_operator.py
[2026-07-13T09:14:57.947+0000] {processor.py:840} INFO - DAG(s) 'example_python_operator' retrieved from /home/airflow/.local/lib/python3.8/site-packages/airflow/example_dags/example_python_operator.py
[2026-07-13T09:14:57.968+0000] {logging_mixin.py:188} INFO - [2026-07-13T09:14:57.968+0000] {dag.py:3036} INFO - Sync 1 DAGs
[2026-07-13T09:14:57.980+0000] {logging_mixin.py:188} INFO - [2026-07-13T09:14:57.980+0000] {dag.py:3823} INFO - Setting next_dagrun for example_python_operator to None, run_after=None
[2026-07-13T09:14:57.998+0000] {processor.py:183} INFO - Processing /home/airflow/.local/lib/python3.8/site-packages/airflow/example_dags/example_python_operator.py took 0.067 seconds
[2026-07-13T09:15:28.107+0000] {processor.py:161} INFO - Started process (PID=562) to work on /home/airflow/.local/lib/python3.8/site-packages/airflow/example_dags/example_python_operator.py
[2026-07-13T09:15:28.108+0000] {processor.py:830} INFO - Processing file /home/airflow/.local/lib/python3.8/site-packages/airflow/example_dags/example_python_operator.py for tasks to queue
[2026-07-13T09:15:28.110+0000] {logging_mixin.py:188} INFO - [2026-07-13T09:15:28.110+0000] {dagbag.py:538} INFO - Filling up the DagBag from /home/airflow/.local/lib/python3.8/site-packages/airflow/example_dags/example_python_operator.py
[2026-07-13T09:15:28.121+0000] {processor.py:840} INFO - DAG(s) 'example_python_operator' retrieved from /home/airflow/.local/lib/python3.8/site-packages/airflow/example_dags/example_python_operator.py
[2026-07-13T09:15:28.144+0000] {logging_mixin.py:188} INFO - [2026-07-13T09:15:28.143+0000] {dag.py:3036} INFO - Sync 1 DAGs
[2026-07-13T09:15:28.155+0000] {logging_mixin.py:188} INFO - [2026-07-13T09:15:28.155+0000] {dag.py:3823} INFO - Setting next_dagrun for example_python_operator to None, run_after=None
[2026-07-13T09:15:28.175+0000] {processor.py:183} INFO - Processing /home/airflow/.local/lib/python3.8/site-packages/airflow/example_dags/example_python_operator.py took 0.072 seconds
[2026-07-13T09:15:58.272+0000] {processor.py:161} INFO - Started process (PID=618) to work on /home/airflow/.local/lib/python3.8/site-packages/airflow/example_dags/example_python_operator.py
[2026-07-13T09:15:58.273+0000] {processor.py:830} INFO - Processing file /home/airflow/.local/lib/python3.8/site-packages/airflow/example_dags/example_python_operator.py for tasks to queue
[2026-07-13T09:15:58.275+0000] {logging_mixin.py:188} INFO - [2026-07-13T09:15:58.275+0000] {dagbag.py:538} INFO - Filling up the DagBag from /home/airflow/.local/lib/python3.8/site-packages/airflow/example_dags/example_python_operator.py
[2026-07-13T09:15:58.284+0000] {processor.py:840} INFO - DAG(s) 'example_python_operator' retrieved from /home/airflow/.local/lib/python3.8/site-packages/airflow/example_dags/example_python_operator.py
[2026-07-13T09:15:58.305+0000] {logging_mixin.py:188} INFO - [2026-07-13T09:15:58.305+0000] {dag.py:3036} INFO - Sync 1 DAGs
[2026-07-13T09:15:58.317+0000] {logging_mixin.py:188} INFO - [2026-07-13T09:15:58.316+0000] {dag.py:3823} INFO - Setting next_dagrun for example_python_operator to None, run_after=None
[2026-07-13T09:15:58.337+0000] {processor.py:183} INFO - Processing /home/airflow/.local/lib/python3.8/site-packages/airflow/example_dags/example_python_operator.py took 0.068 seconds
[2026-07-13T10:09:02.434+0000] {processor.py:161} INFO - Started process (PID=179) to work on /home/airflow/.local/lib/python3.8/site-packages/airflow/example_dags/example_python_operator.py
[2026-07-13T10:09:02.436+0000] {processor.py:830} INFO - Processing file /home/airflow/.local/lib/python3.8/site-packages/airflow/example_dags/example_python_operator.py for tasks to queue
[2026-07-13T10:09:02.438+0000] {logging_mixin.py:188} INFO - [2026-07-13T10:09:02.438+0000] {dagbag.py:538} INFO - Filling up the DagBag from /home/airflow/.local/lib/python3.8/site-packages/airflow/example_dags/example_python_operator.py
[2026-07-13T10:09:02.452+0000] {processor.py:840} INFO - DAG(s) 'example_python_operator' retrieved from /home/airflow/.local/lib/python3.8/site-packages/airflow/example_dags/example_python_operator.py
[2026-07-13T10:09:02.570+0000] {logging_mixin.py:188} INFO - [2026-07-13T10:09:02.570+0000] {dag.py:3036} INFO - Sync 1 DAGs
[2026-07-13T10:09:02.581+0000] {logging_mixin.py:188} INFO - [2026-07-13T10:09:02.581+0000] {dag.py:3823} INFO - Setting next_dagrun for example_python_operator to None, run_after=None
[2026-07-13T10:09:02.613+0000] {processor.py:183} INFO - Processing /home/airflow/.local/lib/python3.8/site-packages/airflow/example_dags/example_python_operator.py took 0.182 seconds
[2026-07-13T10:09:33.566+0000] {processor.py:161} INFO - Started process (PID=235) to work on /home/airflow/.local/lib/python3.8/site-packages/airflow/example_dags/example_python_operator.py
[2026-07-13T10:09:33.567+0000] {processor.py:830} INFO - Processing file /home/airflow/.local/lib/python3.8/site-packages/airflow/example_dags/example_python_operator.py for tasks to queue
[2026-07-13T10:09:33.570+0000] {logging_mixin.py:188} INFO - [2026-07-13T10:09:33.569+0000] {dagbag.py:538} INFO - Filling up the DagBag from /home/airflow/.local/lib/python3.8/site-packages/airflow/example_dags/example_python_operator.py
[2026-07-13T10:09:33.581+0000] {processor.py:840} INFO - DAG(s) 'example_python_operator' retrieved from /home/airflow/.local/lib/python3.8/site-packages/airflow/example_dags/example_python_operator.py
[2026-07-13T10:09:33.606+0000] {logging_mixin.py:188} INFO - [2026-07-13T10:09:33.606+0000] {dag.py:3036} INFO - Sync 1 DAGs
[2026-07-13T10:09:33.627+0000] {logging_mixin.py:188} INFO - [2026-07-13T10:09:33.627+0000] {dag.py:3823} INFO - Setting next_dagrun for example_python_operator to None, run_after=None
[2026-07-13T10:09:33.663+0000] {processor.py:183} INFO - Processing /home/airflow/.local/lib/python3.8/site-packages/airflow/example_dags/example_python_operator.py took 0.101 seconds
[2026-07-13T10:10:04.186+0000] {processor.py:161} INFO - Started process (PID=291) to work on /home/airflow/.local/lib/python3.8/site-packages/airflow/example_dags/example_python_operator.py
[2026-07-13T10:10:04.188+0000] {processor.py:830} INFO - Processing file /home/airflow/.local/lib/python3.8/site-packages/airflow/example_dags/example_python_operator.py for tasks to queue
[2026-07-13T10:10:04.190+0000] {logging_mixin.py:188} INFO - [2026-07-13T10:10:04.190+0000] {dagbag.py:538} INFO - Filling up the DagBag from /home/airflow/.local/lib/python3.8/site-packages/airflow/example_dags/example_python_operator.py
[2026-07-13T10:10:04.203+0000] {processor.py:840} INFO - DAG(s) 'example_python_operator' retrieved from /home/airflow/.local/lib/python3.8/site-packages/airflow/example_dags/example_python_operator.py
[2026-07-13T10:10:04.233+0000] {logging_mixin.py:188} INFO - [2026-07-13T10:10:04.233+0000] {dag.py:3036} INFO - Sync 1 DAGs
[2026-07-13T10:10:04.247+0000] {logging_mixin.py:188} INFO - [2026-07-13T10:10:04.247+0000] {dag.py:3823} INFO - Setting next_dagrun for example_python_operator to None, run_after=None
[2026-07-13T10:10:04.268+0000] {processor.py:183} INFO - Processing /home/airflow/.local/lib/python3.8/site-packages/airflow/example_dags/example_python_operator.py took 0.085 seconds
[2026-07-13T10:10:34.988+0000] {processor.py:161} INFO - Started process (PID=347) to work on /home/airflow/.local/lib/python3.8/site-packages/airflow/example_dags/example_python_operator.py
[2026-07-13T10:10:34.989+0000] {processor.py:830} INFO - Processing file /home/airflow/.local/lib/python3.8/site-packages/airflow/example_dags/example_python_operator.py for tasks to queue
[2026-07-13T10:10:34.992+0000] {logging_mixin.py:188} INFO - [2026-07-13T10:10:34.992+0000] {dagbag.py:538} INFO - Filling up the DagBag from /home/airflow/.local/lib/python3.8/site-packages/airflow/example_dags/example_python_operator.py
[2026-07-13T10:10:35.006+0000] {processor.py:840} INFO - DAG(s) 'example_python_operator' retrieved from /home/airflow/.local/lib/python3.8/site-packages/airflow/example_dags/example_python_operator.py
[2026-07-13T10:10:35.035+0000] {logging_mixin.py:188} INFO - [2026-07-13T10:10:35.034+0000] {dag.py:3036} INFO - Sync 1 DAGs
[2026-07-13T10:10:35.048+0000] {logging_mixin.py:188} INFO - [2026-07-13T10:10:35.048+0000] {dag.py:3823} INFO - Setting next_dagrun for example_python_operator to None, run_after=None
[2026-07-13T10:10:35.071+0000] {processor.py:183} INFO - Processing /home/airflow/.local/lib/python3.8/site-packages/airflow/example_dags/example_python_operator.py took 0.088 seconds
[2026-07-13T10:11:05.104+0000] {processor.py:161} INFO - Started process (PID=403) to work on /home/airflow/.local/lib/python3.8/site-packages/airflow/example_dags/example_python_operator.py
[2026-07-13T10:11:05.106+0000] {processor.py:830} INFO - Processing file /home/airflow/.local/lib/python3.8/site-packages/airflow/example_dags/example_python_operator.py for tasks to queue
[2026-07-13T10:11:05.108+0000] {logging_mixin.py:188} INFO - [2026-07-13T10:11:05.107+0000] {dagbag.py:538} INFO - Filling up the DagBag from /home/airflow/.local/lib/python3.8/site-packages/airflow/example_dags/example_python_operator.py
[2026-07-13T10:11:05.120+0000] {processor.py:840} INFO - DAG(s) 'example_python_operator' retrieved from /home/airflow/.local/lib/python3.8/site-packages/airflow/example_dags/example_python_operator.py
[2026-07-13T10:11:05.144+0000] {logging_mixin.py:188} INFO - [2026-07-13T10:11:05.144+0000] {dag.py:3036} INFO - Sync 1 DAGs
[2026-07-13T10:11:05.156+0000] {logging_mixin.py:188} INFO - [2026-07-13T10:11:05.155+0000] {dag.py:3823} INFO - Setting next_dagrun for example_python_operator to None, run_after=None
[2026-07-13T10:11:05.175+0000] {processor.py:183} INFO - Processing /home/airflow/.local/lib/python3.8/site-packages/airflow/example_dags/example_python_operator.py took 0.075 seconds
[2026-07-13T10:11:36.054+0000] {processor.py:161} INFO - Started process (PID=459) to work on /home/airflow/.local/lib/python3.8/site-packages/airflow/example_dags/example_python_operator.py
[2026-07-13T10:11:36.056+0000] {processor.py:830} INFO - Processing file /home/airflow/.local/lib/python3.8/site-packages/airflow/example_dags/example_python_operator.py for tasks to queue
[2026-07-13T10:11:36.058+0000] {logging_mixin.py:188} INFO - [2026-07-13T10:11:36.058+0000] {dagbag.py:538} INFO - Filling up the DagBag from /home/airflow/.local/lib/python3.8/site-packages/airflow/example_dags/example_python_operator.py
[2026-07-13T10:11:36.071+0000] {processor.py:840} INFO - DAG(s) 'example_python_operator' retrieved from /home/airflow/.local/lib/python3.8/site-packages/airflow/example_dags/example_python_operator.py
[2026-07-13T10:11:36.086+0000] {logging_mixin.py:188} INFO - [2026-07-13T10:11:36.086+0000] {dag.py:3036} INFO - Sync 1 DAGs
[2026-07-13T10:11:36.100+0000] {logging_mixin.py:188} INFO - [2026-07-13T10:11:36.099+0000] {dag.py:3823} INFO - Setting next_dagrun for example_python_operator to None, run_after=None
[2026-07-13T10:11:36.120+0000] {processor.py:183} INFO - Processing /home/airflow/.local/lib/python3.8/site-packages/airflow/example_dags/example_python_operator.py took 0.070 seconds
[2026-07-13T10:12:08.772+0000] {processor.py:161} INFO - Started process (PID=515) to work on /home/airflow/.local/lib/python3.8/site-packages/airflow/example_dags/example_python_operator.py
[2026-07-13T10:12:08.778+0000] {processor.py:830} INFO - Processing file /home/airflow/.local/lib/python3.8/site-packages/airflow/example_dags/example_python_operator.py for tasks to queue
[2026-07-13T10:12:08.782+0000] {logging_mixin.py:188} INFO - [2026-07-13T10:12:08.781+0000] {dagbag.py:538} INFO - Filling up the DagBag from /home/airflow/.local/lib/python3.8/site-packages/airflow/example_dags/example_python_operator.py
[2026-07-13T10:12:08.803+0000] {processor.py:840} INFO - DAG(s) 'example_python_operator' retrieved from /home/airflow/.local/lib/python3.8/site-packages/airflow/example_dags/example_python_operator.py
[2026-07-13T10:12:09.039+0000] {logging_mixin.py:188} INFO - [2026-07-13T10:12:09.039+0000] {dag.py:3036} INFO - Sync 1 DAGs
[2026-07-13T10:12:09.075+0000] {logging_mixin.py:188} INFO - [2026-07-13T10:12:09.074+0000] {dag.py:3823} INFO - Setting next_dagrun for example_python_operator to None, run_after=None
[2026-07-13T10:12:09.132+0000] {processor.py:183} INFO - Processing /home/airflow/.local/lib/python3.8/site-packages/airflow/example_dags/example_python_operator.py took 0.366 seconds
[2026-07-13T10:12:40.025+0000] {processor.py:161} INFO - Started process (PID=571) to work on /home/airflow/.local/lib/python3.8/site-packages/airflow/example_dags/example_python_operator.py
[2026-07-13T10:12:40.027+0000] {processor.py:830} INFO - Processing file /home/airflow/.local/lib/python3.8/site-packages/airflow/example_dags/example_python_operator.py for tasks to queue
[2026-07-13T10:12:40.029+0000] {logging_mixin.py:188} INFO - [2026-07-13T10:12:40.028+0000] {dagbag.py:538} INFO - Filling up the DagBag from /home/airflow/.local/lib/python3.8/site-packages/airflow/example_dags/example_python_operator.py
[2026-07-13T10:12:40.040+0000] {processor.py:840} INFO - DAG(s) 'example_python_operator' retrieved from /home/airflow/.local/lib/python3.8/site-packages/airflow/example_dags/example_python_operator.py
[2026-07-13T10:12:40.071+0000] {logging_mixin.py:188} INFO - [2026-07-13T10:12:40.071+0000] {dag.py:3036} INFO - Sync 1 DAGs
[2026-07-13T10:12:40.084+0000] {logging_mixin.py:188} INFO - [2026-07-13T10:12:40.084+0000] {dag.py:3823} INFO - Setting next_dagrun for example_python_operator to None, run_after=None
[2026-07-13T10:12:40.113+0000] {processor.py:183} INFO - Processing /home/airflow/.local/lib/python3.8/site-packages/airflow/example_dags/example_python_operator.py took 0.092 seconds
[2026-07-13T10:13:10.537+0000] {processor.py:161} INFO - Started process (PID=627) to work on /home/airflow/.local/lib/python3.8/site-packages/airflow/example_dags/example_python_operator.py
[2026-07-13T10:13:10.538+0000] {processor.py:830} INFO - Processing file /home/airflow/.local/lib/python3.8/site-packages/airflow/example_dags/example_python_operator.py for tasks to queue
[2026-07-13T10:13:10.540+0000] {logging_mixin.py:188} INFO - [2026-07-13T10:13:10.540+0000] {dagbag.py:538} INFO - Filling up the DagBag from /home/airflow/.local/lib/python3.8/site-packages/airflow/example_dags/example_python_operator.py
[2026-07-13T10:13:10.553+0000] {processor.py:840} INFO - DAG(s) 'example_python_operator' retrieved from /home/airflow/.local/lib/python3.8/site-packages/airflow/example_dags/example_python_operator.py
[2026-07-13T10:13:10.581+0000] {logging_mixin.py:188} INFO - [2026-07-13T10:13:10.581+0000] {dag.py:3036} INFO - Sync 1 DAGs
[2026-07-13T10:13:10.594+0000] {logging_mixin.py:188} INFO - [2026-07-13T10:13:10.594+0000] {dag.py:3823} INFO - Setting next_dagrun for example_python_operator to None, run_after=None
[2026-07-13T10:13:10.618+0000] {processor.py:183} INFO - Processing /home/airflow/.local/lib/python3.8/site-packages/airflow/example_dags/example_python_operator.py took 0.086 seconds
[2026-07-13T10:13:41.171+0000] {processor.py:161} INFO - Started process (PID=696) to work on /home/airflow/.local/lib/python3.8/site-packages/airflow/example_dags/example_python_operator.py
[2026-07-13T10:13:41.173+0000] {processor.py:830} INFO - Processing file /home/airflow/.local/lib/python3.8/site-packages/airflow/example_dags/example_python_operator.py for tasks to queue
[2026-07-13T10:13:41.179+0000] {logging_mixin.py:188} INFO - [2026-07-13T10:13:41.178+0000] {dagbag.py:538} INFO - Filling up the DagBag from /home/airflow/.local/lib/python3.8/site-packages/airflow/example_dags/example_python_operator.py
[2026-07-13T10:13:41.196+0000] {processor.py:840} INFO - DAG(s) 'example_python_operator' retrieved from /home/airflow/.local/lib/python3.8/site-packages/airflow/example_dags/example_python_operator.py
[2026-07-13T10:13:41.226+0000] {logging_mixin.py:188} INFO - [2026-07-13T10:13:41.226+0000] {dag.py:3036} INFO - Sync 1 DAGs
[2026-07-13T10:13:41.244+0000] {logging_mixin.py:188} INFO - [2026-07-13T10:13:41.243+0000] {dag.py:3823} INFO - Setting next_dagrun for example_python_operator to None, run_after=None
[2026-07-13T10:13:41.277+0000] {processor.py:183} INFO - Processing /home/airflow/.local/lib/python3.8/site-packages/airflow/example_dags/example_python_operator.py took 0.111 seconds
[2026-07-13T10:14:11.550+0000] {processor.py:161} INFO - Started process (PID=752) to work on /home/airflow/.local/lib/python3.8/site-packages/airflow/example_dags/example_python_operator.py
[2026-07-13T10:14:11.552+0000] {processor.py:830} INFO - Processing file /home/airflow/.local/lib/python3.8/site-packages/airflow/example_dags/example_python_operator.py for tasks to queue
[2026-07-13T10:14:11.555+0000] {logging_mixin.py:188} INFO - [2026-07-13T10:14:11.555+0000] {dagbag.py:538} INFO - Filling up the DagBag from /home/airflow/.local/lib/python3.8/site-packages/airflow/example_dags/example_python_operator.py
[2026-07-13T10:14:11.569+0000] {processor.py:840} INFO - DAG(s) 'example_python_operator' retrieved from /home/airflow/.local/lib/python3.8/site-packages/airflow/example_dags/example_python_operator.py
[2026-07-13T10:14:11.597+0000] {logging_mixin.py:188} INFO - [2026-07-13T10:14:11.597+0000] {dag.py:3036} INFO - Sync 1 DAGs
[2026-07-13T10:14:11.611+0000] {logging_mixin.py:188} INFO - [2026-07-13T10:14:11.610+0000] {dag.py:3823} INFO - Setting next_dagrun for example_python_operator to None, run_after=None
[2026-07-13T10:14:11.639+0000] {processor.py:183} INFO - Processing /home/airflow/.local/lib/python3.8/site-packages/airflow/example_dags/example_python_operator.py took 0.094 seconds
[2026-07-13T10:14:41.965+0000] {processor.py:161} INFO - Started process (PID=808) to work on /home/airflow/.local/lib/python3.8/site-packages/airflow/example_dags/example_python_operator.py
[2026-07-13T10:14:41.967+0000] {processor.py:830} INFO - Processing file /home/airflow/.local/lib/python3.8/site-packages/airflow/example_dags/example_python_operator.py for tasks to queue
[2026-07-13T10:14:41.969+0000] {logging_mixin.py:188} INFO - [2026-07-13T10:14:41.969+0000] {dagbag.py:538} INFO - Filling up the DagBag from /home/airflow/.local/lib/python3.8/site-packages/airflow/example_dags/example_python_operator.py
[2026-07-13T10:14:41.986+0000] {processor.py:840} INFO - DAG(s) 'example_python_operator' retrieved from /home/airflow/.local/lib/python3.8/site-packages/airflow/example_dags/example_python_operator.py
[2026-07-13T10:14:42.020+0000] {logging_mixin.py:188} INFO - [2026-07-13T10:14:42.019+0000] {dag.py:3036} INFO - Sync 1 DAGs
[2026-07-13T10:14:42.034+0000] {logging_mixin.py:188} INFO - [2026-07-13T10:14:42.033+0000] {dag.py:3823} INFO - Setting next_dagrun for example_python_operator to None, run_after=None
[2026-07-13T10:14:42.064+0000] {processor.py:183} INFO - Processing /home/airflow/.local/lib/python3.8/site-packages/airflow/example_dags/example_python_operator.py took 0.104 seconds
[2026-07-13T10:15:12.291+0000] {processor.py:161} INFO - Started process (PID=864) to work on /home/airflow/.local/lib/python3.8/site-packages/airflow/example_dags/example_python_operator.py
[2026-07-13T10:15:12.297+0000] {processor.py:830} INFO - Processing file /home/airflow/.local/lib/python3.8/site-packages/airflow/example_dags/example_python_operator.py for tasks to queue
[2026-07-13T10:15:12.304+0000] {logging_mixin.py:188} INFO - [2026-07-13T10:15:12.303+0000] {dagbag.py:538} INFO - Filling up the DagBag from /home/airflow/.local/lib/python3.8/site-packages/airflow/example_dags/example_python_operator.py
[2026-07-13T10:15:12.348+0000] {processor.py:840} INFO - DAG(s) 'example_python_operator' retrieved from /home/airflow/.local/lib/python3.8/site-packages/airflow/example_dags/example_python_operator.py
[2026-07-13T10:15:12.431+0000] {logging_mixin.py:188} INFO - [2026-07-13T10:15:12.430+0000] {dag.py:3036} INFO - Sync 1 DAGs
[2026-07-13T10:15:12.451+0000] {logging_mixin.py:188} INFO - [2026-07-13T10:15:12.450+0000] {dag.py:3823} INFO - Setting next_dagrun for example_python_operator to None, run_after=None
[2026-07-13T10:15:12.483+0000] {processor.py:183} INFO - Processing /home/airflow/.local/lib/python3.8/site-packages/airflow/example_dags/example_python_operator.py took 0.201 seconds
[2026-07-13T10:15:42.751+0000] {processor.py:161} INFO - Started process (PID=921) to work on /home/airflow/.local/lib/python3.8/site-packages/airflow/example_dags/example_python_operator.py
[2026-07-13T10:15:42.753+0000] {processor.py:830} INFO - Processing file /home/airflow/.local/lib/python3.8/site-packages/airflow/example_dags/example_python_operator.py for tasks to queue
[2026-07-13T10:15:42.756+0000] {logging_mixin.py:188} INFO - [2026-07-13T10:15:42.756+0000] {dagbag.py:538} INFO - Filling up the DagBag from /home/airflow/.local/lib/python3.8/site-packages/airflow/example_dags/example_python_operator.py
[2026-07-13T10:15:42.775+0000] {processor.py:840} INFO - DAG(s) 'example_python_operator' retrieved from /home/airflow/.local/lib/python3.8/site-packages/airflow/example_dags/example_python_operator.py
[2026-07-13T10:15:42.812+0000] {logging_mixin.py:188} INFO - [2026-07-13T10:15:42.812+0000] {dag.py:3036} INFO - Sync 1 DAGs
[2026-07-13T10:15:42.835+0000] {logging_mixin.py:188} INFO - [2026-07-13T10:15:42.835+0000] {dag.py:3823} INFO - Setting next_dagrun for example_python_operator to None, run_after=None
[2026-07-13T10:15:42.871+0000] {processor.py:183} INFO - Processing /home/airflow/.local/lib/python3.8/site-packages/airflow/example_dags/example_python_operator.py took 0.125 seconds
[2026-07-13T10:16:13.011+0000] {processor.py:161} INFO - Started process (PID=977) to work on /home/airflow/.local/lib/python3.8/site-packages/airflow/example_dags/example_python_operator.py
[2026-07-13T10:16:13.014+0000] {processor.py:830} INFO - Processing file /home/airflow/.local/lib/python3.8/site-packages/airflow/example_dags/example_python_operator.py for tasks to queue
[2026-07-13T10:16:13.019+0000] {logging_mixin.py:188} INFO - [2026-07-13T10:16:13.018+0000] {dagbag.py:538} INFO - Filling up the DagBag from /home/airflow/.local/lib/python3.8/site-packages/airflow/example_dags/example_python_operator.py
[2026-07-13T10:16:13.056+0000] {processor.py:840} INFO - DAG(s) 'example_python_operator' retrieved from /home/airflow/.local/lib/python3.8/site-packages/airflow/example_dags/example_python_operator.py
[2026-07-13T10:16:13.113+0000] {logging_mixin.py:188} INFO - [2026-07-13T10:16:13.113+0000] {dag.py:3036} INFO - Sync 1 DAGs
[2026-07-13T10:16:13.134+0000] {logging_mixin.py:188} INFO - [2026-07-13T10:16:13.134+0000] {dag.py:3823} INFO - Setting next_dagrun for example_python_operator to None, run_after=None
[2026-07-13T10:16:13.158+0000] {processor.py:183} INFO - Processing /home/airflow/.local/lib/python3.8/site-packages/airflow/example_dags/example_python_operator.py took 0.156 seconds
[2026-07-13T10:25:20.900+0000] {processor.py:161} INFO - Started process (PID=1047) to work on /home/airflow/.local/lib/python3.8/site-packages/airflow/example_dags/example_python_operator.py
[2026-07-13T10:25:20.906+0000] {processor.py:830} INFO - Processing file /home/airflow/.local/lib/python3.8/site-packages/airflow/example_dags/example_python_operator.py for tasks to queue
[2026-07-13T10:25:20.908+0000] {logging_mixin.py:188} INFO - [2026-07-13T10:25:20.907+0000] {dagbag.py:538} INFO - Filling up the DagBag from /home/airflow/.local/lib/python3.8/site-packages/airflow/example_dags/example_python_operator.py
[2026-07-13T10:25:20.954+0000] {processor.py:840} INFO - DAG(s) 'example_python_operator' retrieved from /home/airflow/.local/lib/python3.8/site-packages/airflow/example_dags/example_python_operator.py
[2026-07-13T10:25:21.050+0000] {logging_mixin.py:188} INFO - [2026-07-13T10:25:21.049+0000] {dag.py:3036} INFO - Sync 1 DAGs
[2026-07-13T10:25:21.101+0000] {logging_mixin.py:188} INFO - [2026-07-13T10:25:21.101+0000] {dag.py:3823} INFO - Setting next_dagrun for example_python_operator to None, run_after=None
[2026-07-13T10:25:21.175+0000] {processor.py:183} INFO - Processing /home/airflow/.local/lib/python3.8/site-packages/airflow/example_dags/example_python_operator.py took 0.286 seconds
[2026-07-13T10:25:52.012+0000] {processor.py:161} INFO - Started process (PID=1103) to work on /home/airflow/.local/lib/python3.8/site-packages/airflow/example_dags/example_python_operator.py
[2026-07-13T10:25:52.015+0000] {processor.py:830} INFO - Processing file /home/airflow/.local/lib/python3.8/site-packages/airflow/example_dags/example_python_operator.py for tasks to queue
[2026-07-13T10:25:52.017+0000] {logging_mixin.py:188} INFO - [2026-07-13T10:25:52.016+0000] {dagbag.py:538} INFO - Filling up the DagBag from /home/airflow/.local/lib/python3.8/site-packages/airflow/example_dags/example_python_operator.py
[2026-07-13T10:25:52.037+0000] {processor.py:840} INFO - DAG(s) 'example_python_operator' retrieved from /home/airflow/.local/lib/python3.8/site-packages/airflow/example_dags/example_python_operator.py
[2026-07-13T10:25:52.078+0000] {logging_mixin.py:188} INFO - [2026-07-13T10:25:52.078+0000] {dag.py:3036} INFO - Sync 1 DAGs
[2026-07-13T10:25:52.095+0000] {logging_mixin.py:188} INFO - [2026-07-13T10:25:52.094+0000] {dag.py:3823} INFO - Setting next_dagrun for example_python_operator to None, run_after=None
[2026-07-13T10:25:52.127+0000] {processor.py:183} INFO - Processing /home/airflow/.local/lib/python3.8/site-packages/airflow/example_dags/example_python_operator.py took 0.120 seconds
[2026-07-13T10:44:35.317+0000] {processor.py:161} INFO - Started process (PID=100) to work on /home/airflow/.local/lib/python3.8/site-packages/airflow/example_dags/example_python_operator.py
[2026-07-13T10:44:35.320+0000] {processor.py:830} INFO - Processing file /home/airflow/.local/lib/python3.8/site-packages/airflow/example_dags/example_python_operator.py for tasks to queue
[2026-07-13T10:44:35.322+0000] {logging_mixin.py:188} INFO - [2026-07-13T10:44:35.322+0000] {dagbag.py:538} INFO - Filling up the DagBag from /home/airflow/.local/lib/python3.8/site-packages/airflow/example_dags/example_python_operator.py
[2026-07-13T10:44:35.337+0000] {processor.py:840} INFO - DAG(s) 'example_python_operator' retrieved from /home/airflow/.local/lib/python3.8/site-packages/airflow/example_dags/example_python_operator.py
[2026-07-13T10:44:35.447+0000] {logging_mixin.py:188} INFO - [2026-07-13T10:44:35.446+0000] {override.py:1769} INFO - Created Permission View: can read on DAG:example_python_operator
[2026-07-13T10:44:35.463+0000] {logging_mixin.py:188} INFO - [2026-07-13T10:44:35.463+0000] {override.py:1769} INFO - Created Permission View: can delete on DAG:example_python_operator
[2026-07-13T10:44:35.474+0000] {logging_mixin.py:188} INFO - [2026-07-13T10:44:35.474+0000] {override.py:1769} INFO - Created Permission View: can edit on DAG:example_python_operator
[2026-07-13T10:44:35.475+0000] {logging_mixin.py:188} INFO - [2026-07-13T10:44:35.475+0000] {dag.py:3036} INFO - Sync 1 DAGs
[2026-07-13T10:44:35.490+0000] {logging_mixin.py:188} INFO - [2026-07-13T10:44:35.490+0000] {dag.py:3058} INFO - Creating ORM DAG for example_python_operator
[2026-07-13T10:44:35.491+0000] {logging_mixin.py:188} INFO - [2026-07-13T10:44:35.491+0000] {dag.py:3823} INFO - Setting next_dagrun for example_python_operator to None, run_after=None
[2026-07-13T10:44:35.514+0000] {processor.py:183} INFO - Processing /home/airflow/.local/lib/python3.8/site-packages/airflow/example_dags/example_python_operator.py took 0.200 seconds
[2026-07-13T10:45:05.696+0000] {processor.py:161} INFO - Started process (PID=165) to work on /home/airflow/.local/lib/python3.8/site-packages/airflow/example_dags/example_python_operator.py
[2026-07-13T10:45:05.698+0000] {processor.py:830} INFO - Processing file /home/airflow/.local/lib/python3.8/site-packages/airflow/example_dags/example_python_operator.py for tasks to queue
[2026-07-13T10:45:05.701+0000] {logging_mixin.py:188} INFO - [2026-07-13T10:45:05.701+0000] {dagbag.py:538} INFO - Filling up the DagBag from /home/airflow/.local/lib/python3.8/site-packages/airflow/example_dags/example_python_operator.py
[2026-07-13T10:45:05.718+0000] {processor.py:840} INFO - DAG(s) 'example_python_operator' retrieved from /home/airflow/.local/lib/python3.8/site-packages/airflow/example_dags/example_python_operator.py
[2026-07-13T10:45:05.764+0000] {logging_mixin.py:188} INFO - [2026-07-13T10:45:05.764+0000] {dag.py:3036} INFO - Sync 1 DAGs
[2026-07-13T10:45:05.793+0000] {logging_mixin.py:188} INFO - [2026-07-13T10:45:05.792+0000] {dag.py:3823} INFO - Setting next_dagrun for example_python_operator to None, run_after=None
[2026-07-13T10:45:05.833+0000] {processor.py:183} INFO - Processing /home/airflow/.local/lib/python3.8/site-packages/airflow/example_dags/example_python_operator.py took 0.145 seconds
[2026-07-13T10:45:36.181+0000] {processor.py:161} INFO - Started process (PID=221) to work on /home/airflow/.local/lib/python3.8/site-packages/airflow/example_dags/example_python_operator.py
[2026-07-13T10:45:36.182+0000] {processor.py:830} INFO - Processing file /home/airflow/.local/lib/python3.8/site-packages/airflow/example_dags/example_python_operator.py for tasks to queue
[2026-07-13T10:45:36.184+0000] {logging_mixin.py:188} INFO - [2026-07-13T10:45:36.184+0000] {dagbag.py:538} INFO - Filling up the DagBag from /home/airflow/.local/lib/python3.8/site-packages/airflow/example_dags/example_python_operator.py
[2026-07-13T10:45:36.195+0000] {processor.py:840} INFO - DAG(s) 'example_python_operator' retrieved from /home/airflow/.local/lib/python3.8/site-packages/airflow/example_dags/example_python_operator.py
[2026-07-13T10:45:36.219+0000] {logging_mixin.py:188} INFO - [2026-07-13T10:45:36.218+0000] {dag.py:3036} INFO - Sync 1 DAGs
[2026-07-13T10:45:36.233+0000] {logging_mixin.py:188} INFO - [2026-07-13T10:45:36.232+0000] {dag.py:3823} INFO - Setting next_dagrun for example_python_operator to None, run_after=None
[2026-07-13T10:45:36.255+0000] {processor.py:183} INFO - Processing /home/airflow/.local/lib/python3.8/site-packages/airflow/example_dags/example_python_operator.py took 0.078 seconds
[2026-07-13T10:46:07.305+0000] {processor.py:161} INFO - Started process (PID=286) to work on /home/airflow/.local/lib/python3.8/site-packages/airflow/example_dags/example_python_operator.py
[2026-07-13T10:46:07.309+0000] {processor.py:830} INFO - Processing file /home/airflow/.local/lib/python3.8/site-packages/airflow/example_dags/example_python_operator.py for tasks to queue
[2026-07-13T10:46:07.315+0000] {logging_mixin.py:188} INFO - [2026-07-13T10:46:07.314+0000] {dagbag.py:538} INFO - Filling up the DagBag from /home/airflow/.local/lib/python3.8/site-packages/airflow/example_dags/example_python_operator.py
[2026-07-13T10:46:07.363+0000] {processor.py:840} INFO - DAG(s) 'example_python_operator' retrieved from /home/airflow/.local/lib/python3.8/site-packages/airflow/example_dags/example_python_operator.py
[2026-07-13T10:46:07.455+0000] {logging_mixin.py:188} INFO - [2026-07-13T10:46:07.454+0000] {dag.py:3036} INFO - Sync 1 DAGs
[2026-07-13T10:46:07.493+0000] {logging_mixin.py:188} INFO - [2026-07-13T10:46:07.492+0000] {dag.py:3823} INFO - Setting next_dagrun for example_python_operator to None, run_after=None
[2026-07-13T10:46:07.551+0000] {processor.py:183} INFO - Processing /home/airflow/.local/lib/python3.8/site-packages/airflow/example_dags/example_python_operator.py took 0.270 seconds
[2026-07-13T10:46:38.527+0000] {processor.py:161} INFO - Started process (PID=342) to work on /home/airflow/.local/lib/python3.8/site-packages/airflow/example_dags/example_python_operator.py
[2026-07-13T10:46:38.528+0000] {processor.py:830} INFO - Processing file /home/airflow/.local/lib/python3.8/site-packages/airflow/example_dags/example_python_operator.py for tasks to queue
[2026-07-13T10:46:38.530+0000] {logging_mixin.py:188} INFO - [2026-07-13T10:46:38.529+0000] {dagbag.py:538} INFO - Filling up the DagBag from /home/airflow/.local/lib/python3.8/site-packages/airflow/example_dags/example_python_operator.py
[2026-07-13T10:46:38.541+0000] {processor.py:840} INFO - DAG(s) 'example_python_operator' retrieved from /home/airflow/.local/lib/python3.8/site-packages/airflow/example_dags/example_python_operator.py
[2026-07-13T10:46:38.569+0000] {logging_mixin.py:188} INFO - [2026-07-13T10:46:38.568+0000] {dag.py:3036} INFO - Sync 1 DAGs
[2026-07-13T10:46:38.585+0000] {logging_mixin.py:188} INFO - [2026-07-13T10:46:38.585+0000] {dag.py:3823} INFO - Setting next_dagrun for example_python_operator to None, run_after=None
[2026-07-13T10:46:38.612+0000] {processor.py:183} INFO - Processing /home/airflow/.local/lib/python3.8/site-packages/airflow/example_dags/example_python_operator.py took 0.089 seconds
[2026-07-13T10:47:08.981+0000] {processor.py:161} INFO - Started process (PID=398) to work on /home/airflow/.local/lib/python3.8/site-packages/airflow/example_dags/example_python_operator.py
[2026-07-13T10:47:08.983+0000] {processor.py:830} INFO - Processing file /home/airflow/.local/lib/python3.8/site-packages/airflow/example_dags/example_python_operator.py for tasks to queue
[2026-07-13T10:47:08.987+0000] {logging_mixin.py:188} INFO - [2026-07-13T10:47:08.986+0000] {dagbag.py:538} INFO - Filling up the DagBag from /home/airflow/.local/lib/python3.8/site-packages/airflow/example_dags/example_python_operator.py
[2026-07-13T10:47:09.000+0000] {processor.py:840} INFO - DAG(s) 'example_python_operator' retrieved from /home/airflow/.local/lib/python3.8/site-packages/airflow/example_dags/example_python_operator.py
[2026-07-13T10:47:09.028+0000] {logging_mixin.py:188} INFO - [2026-07-13T10:47:09.027+0000] {dag.py:3036} INFO - Sync 1 DAGs
[2026-07-13T10:47:09.042+0000] {logging_mixin.py:188} INFO - [2026-07-13T10:47:09.042+0000] {dag.py:3823} INFO - Setting next_dagrun for example_python_operator to None, run_after=None
[2026-07-13T10:47:09.064+0000] {processor.py:183} INFO - Processing /home/airflow/.local/lib/python3.8/site-packages/airflow/example_dags/example_python_operator.py took 0.087 seconds
[2026-07-13T10:47:39.487+0000] {processor.py:161} INFO - Started process (PID=454) to work on /home/airflow/.local/lib/python3.8/site-packages/airflow/example_dags/example_python_operator.py
[2026-07-13T10:47:39.489+0000] {processor.py:830} INFO - Processing file /home/airflow/.local/lib/python3.8/site-packages/airflow/example_dags/example_python_operator.py for tasks to queue
[2026-07-13T10:47:39.491+0000] {logging_mixin.py:188} INFO - [2026-07-13T10:47:39.491+0000] {dagbag.py:538} INFO - Filling up the DagBag from /home/airflow/.local/lib/python3.8/site-packages/airflow/example_dags/example_python_operator.py
[2026-07-13T10:47:39.504+0000] {processor.py:840} INFO - DAG(s) 'example_python_operator' retrieved from /home/airflow/.local/lib/python3.8/site-packages/airflow/example_dags/example_python_operator.py
[2026-07-13T10:47:39.529+0000] {logging_mixin.py:188} INFO - [2026-07-13T10:47:39.529+0000] {dag.py:3036} INFO - Sync 1 DAGs
[2026-07-13T10:47:39.542+0000] {logging_mixin.py:188} INFO - [2026-07-13T10:47:39.541+0000] {dag.py:3823} INFO - Setting next_dagrun for example_python_operator to None, run_after=None
[2026-07-13T10:47:39.566+0000] {processor.py:183} INFO - Processing /home/airflow/.local/lib/python3.8/site-packages/airflow/example_dags/example_python_operator.py took 0.082 seconds
[2026-07-13T10:48:09.992+0000] {processor.py:161} INFO - Started process (PID=510) to work on /home/airflow/.local/lib/python3.8/site-packages/airflow/example_dags/example_python_operator.py
[2026-07-13T10:48:09.994+0000] {processor.py:830} INFO - Processing file /home/airflow/.local/lib/python3.8/site-packages/airflow/example_dags/example_python_operator.py for tasks to queue
[2026-07-13T10:48:09.997+0000] {logging_mixin.py:188} INFO - [2026-07-13T10:48:09.996+0000] {dagbag.py:538} INFO - Filling up the DagBag from /home/airflow/.local/lib/python3.8/site-packages/airflow/example_dags/example_python_operator.py
[2026-07-13T10:48:10.010+0000] {processor.py:840} INFO - DAG(s) 'example_python_operator' retrieved from /home/airflow/.local/lib/python3.8/site-packages/airflow/example_dags/example_python_operator.py
[2026-07-13T10:48:10.035+0000] {logging_mixin.py:188} INFO - [2026-07-13T10:48:10.034+0000] {dag.py:3036} INFO - Sync 1 DAGs
[2026-07-13T10:48:10.047+0000] {logging_mixin.py:188} INFO - [2026-07-13T10:48:10.046+0000] {dag.py:3823} INFO - Setting next_dagrun for example_python_operator to None, run_after=None
[2026-07-13T10:48:10.071+0000] {processor.py:183} INFO - Processing /home/airflow/.local/lib/python3.8/site-packages/airflow/example_dags/example_python_operator.py took 0.084 seconds
[2026-07-13T10:48:41.118+0000] {processor.py:161} INFO - Started process (PID=560) to work on /home/airflow/.local/lib/python3.8/site-packages/airflow/example_dags/example_python_operator.py
[2026-07-13T10:48:41.119+0000] {processor.py:830} INFO - Processing file /home/airflow/.local/lib/python3.8/site-packages/airflow/example_dags/example_python_operator.py for tasks to queue
[2026-07-13T10:48:41.121+0000] {logging_mixin.py:188} INFO - [2026-07-13T10:48:41.121+0000] {dagbag.py:538} INFO - Filling up the DagBag from /home/airflow/.local/lib/python3.8/site-packages/airflow/example_dags/example_python_operator.py
[2026-07-13T10:48:41.132+0000] {processor.py:840} INFO - DAG(s) 'example_python_operator' retrieved from /home/airflow/.local/lib/python3.8/site-packages/airflow/example_dags/example_python_operator.py
[2026-07-13T10:48:41.157+0000] {logging_mixin.py:188} INFO - [2026-07-13T10:48:41.156+0000] {dag.py:3036} INFO - Sync 1 DAGs
[2026-07-13T10:48:41.170+0000] {logging_mixin.py:188} INFO - [2026-07-13T10:48:41.170+0000] {dag.py:3823} INFO - Setting next_dagrun for example_python_operator to None, run_after=None
[2026-07-13T10:48:41.194+0000] {processor.py:183} INFO - Processing /home/airflow/.local/lib/python3.8/site-packages/airflow/example_dags/example_python_operator.py took 0.080 seconds
[2026-07-13T10:49:13.069+0000] {processor.py:161} INFO - Started process (PID=616) to work on /home/airflow/.local/lib/python3.8/site-packages/airflow/example_dags/example_python_operator.py
[2026-07-13T10:49:13.071+0000] {processor.py:830} INFO - Processing file /home/airflow/.local/lib/python3.8/site-packages/airflow/example_dags/example_python_operator.py for tasks to queue
[2026-07-13T10:49:13.073+0000] {logging_mixin.py:188} INFO - [2026-07-13T10:49:13.073+0000] {dagbag.py:538} INFO - Filling up the DagBag from /home/airflow/.local/lib/python3.8/site-packages/airflow/example_dags/example_python_operator.py
[2026-07-13T10:49:13.085+0000] {processor.py:840} INFO - DAG(s) 'example_python_operator' retrieved from /home/airflow/.local/lib/python3.8/site-packages/airflow/example_dags/example_python_operator.py
[2026-07-13T10:49:13.117+0000] {logging_mixin.py:188} INFO - [2026-07-13T10:49:13.117+0000] {dag.py:3036} INFO - Sync 1 DAGs
[2026-07-13T10:49:13.133+0000] {logging_mixin.py:188} INFO - [2026-07-13T10:49:13.133+0000] {dag.py:3823} INFO - Setting next_dagrun for example_python_operator to None, run_after=None
[2026-07-13T10:49:13.157+0000] {processor.py:183} INFO - Processing /home/airflow/.local/lib/python3.8/site-packages/airflow/example_dags/example_python_operator.py took 0.095 seconds
[2026-07-13T10:49:44.400+0000] {processor.py:161} INFO - Started process (PID=672) to work on /home/airflow/.local/lib/python3.8/site-packages/airflow/example_dags/example_python_operator.py
[2026-07-13T10:49:44.402+0000] {processor.py:830} INFO - Processing file /home/airflow/.local/lib/python3.8/site-packages/airflow/example_dags/example_python_operator.py for tasks to queue
[2026-07-13T10:49:44.404+0000] {logging_mixin.py:188} INFO - [2026-07-13T10:49:44.403+0000] {dagbag.py:538} INFO - Filling up the DagBag from /home/airflow/.local/lib/python3.8/site-packages/airflow/example_dags/example_python_operator.py
[2026-07-13T10:49:44.415+0000] {processor.py:840} INFO - DAG(s) 'example_python_operator' retrieved from /home/airflow/.local/lib/python3.8/site-packages/airflow/example_dags/example_python_operator.py
[2026-07-13T10:49:44.444+0000] {logging_mixin.py:188} INFO - [2026-07-13T10:49:44.444+0000] {dag.py:3036} INFO - Sync 1 DAGs
[2026-07-13T10:49:44.468+0000] {logging_mixin.py:188} INFO - [2026-07-13T10:49:44.468+0000] {dag.py:3823} INFO - Setting next_dagrun for example_python_operator to None, run_after=None
[2026-07-13T10:49:44.526+0000] {processor.py:183} INFO - Processing /home/airflow/.local/lib/python3.8/site-packages/airflow/example_dags/example_python_operator.py took 0.129 seconds
[2026-07-13T10:50:15.458+0000] {processor.py:161} INFO - Started process (PID=727) to work on /home/airflow/.local/lib/python3.8/site-packages/airflow/example_dags/example_python_operator.py
[2026-07-13T10:50:15.460+0000] {processor.py:830} INFO - Processing file /home/airflow/.local/lib/python3.8/site-packages/airflow/example_dags/example_python_operator.py for tasks to queue
[2026-07-13T10:50:15.462+0000] {logging_mixin.py:188} INFO - [2026-07-13T10:50:15.462+0000] {dagbag.py:538} INFO - Filling up the DagBag from /home/airflow/.local/lib/python3.8/site-packages/airflow/example_dags/example_python_operator.py
[2026-07-13T10:50:15.475+0000] {processor.py:840} INFO - DAG(s) 'example_python_operator' retrieved from /home/airflow/.local/lib/python3.8/site-packages/airflow/example_dags/example_python_operator.py
[2026-07-13T10:50:15.502+0000] {logging_mixin.py:188} INFO - [2026-07-13T10:50:15.502+0000] {dag.py:3036} INFO - Sync 1 DAGs
[2026-07-13T10:50:15.517+0000] {logging_mixin.py:188} INFO - [2026-07-13T10:50:15.517+0000] {dag.py:3823} INFO - Setting next_dagrun for example_python_operator to None, run_after=None
[2026-07-13T10:50:15.536+0000] {processor.py:183} INFO - Processing /home/airflow/.local/lib/python3.8/site-packages/airflow/example_dags/example_python_operator.py took 0.081 seconds
[2026-07-13T10:50:48.908+0000] {processor.py:161} INFO - Started process (PID=798) to work on /home/airflow/.local/lib/python3.8/site-packages/airflow/example_dags/example_python_operator.py
[2026-07-13T10:50:48.909+0000] {processor.py:830} INFO - Processing file /home/airflow/.local/lib/python3.8/site-packages/airflow/example_dags/example_python_operator.py for tasks to queue
[2026-07-13T10:50:48.911+0000] {logging_mixin.py:188} INFO - [2026-07-13T10:50:48.911+0000] {dagbag.py:538} INFO - Filling up the DagBag from /home/airflow/.local/lib/python3.8/site-packages/airflow/example_dags/example_python_operator.py
[2026-07-13T10:50:48.922+0000] {processor.py:840} INFO - DAG(s) 'example_python_operator' retrieved from /home/airflow/.local/lib/python3.8/site-packages/airflow/example_dags/example_python_operator.py
[2026-07-13T10:50:48.947+0000] {logging_mixin.py:188} INFO - [2026-07-13T10:50:48.946+0000] {dag.py:3036} INFO - Sync 1 DAGs
[2026-07-13T10:50:48.963+0000] {logging_mixin.py:188} INFO - [2026-07-13T10:50:48.962+0000] {dag.py:3823} INFO - Setting next_dagrun for example_python_operator to None, run_after=None
[2026-07-13T10:50:48.986+0000] {processor.py:183} INFO - Processing /home/airflow/.local/lib/python3.8/site-packages/airflow/example_dags/example_python_operator.py took 0.083 seconds
[2026-07-13T10:51:19.412+0000] {processor.py:161} INFO - Started process (PID=856) to work on /home/airflow/.local/lib/python3.8/site-packages/airflow/example_dags/example_python_operator.py
[2026-07-13T10:51:19.415+0000] {processor.py:830} INFO - Processing file /home/airflow/.local/lib/python3.8/site-packages/airflow/example_dags/example_python_operator.py for tasks to queue
[2026-07-13T10:51:19.419+0000] {logging_mixin.py:188} INFO - [2026-07-13T10:51:19.419+0000] {dagbag.py:538} INFO - Filling up the DagBag from /home/airflow/.local/lib/python3.8/site-packages/airflow/example_dags/example_python_operator.py
[2026-07-13T10:51:19.437+0000] {processor.py:840} INFO - DAG(s) 'example_python_operator' retrieved from /home/airflow/.local/lib/python3.8/site-packages/airflow/example_dags/example_python_operator.py
[2026-07-13T10:51:19.492+0000] {logging_mixin.py:188} INFO - [2026-07-13T10:51:19.492+0000] {dag.py:3036} INFO - Sync 1 DAGs
[2026-07-13T10:51:19.516+0000] {logging_mixin.py:188} INFO - [2026-07-13T10:51:19.515+0000] {dag.py:3823} INFO - Setting next_dagrun for example_python_operator to None, run_after=None
[2026-07-13T10:51:19.551+0000] {processor.py:183} INFO - Processing /home/airflow/.local/lib/python3.8/site-packages/airflow/example_dags/example_python_operator.py took 0.146 seconds
[2026-07-13T10:52:12.535+0000] {processor.py:161} INFO - Started process (PID=922) to work on /home/airflow/.local/lib/python3.8/site-packages/airflow/example_dags/example_python_operator.py
[2026-07-13T10:52:12.543+0000] {processor.py:830} INFO - Processing file /home/airflow/.local/lib/python3.8/site-packages/airflow/example_dags/example_python_operator.py for tasks to queue
[2026-07-13T10:52:12.547+0000] {logging_mixin.py:188} INFO - [2026-07-13T10:52:12.546+0000] {dagbag.py:538} INFO - Filling up the DagBag from /home/airflow/.local/lib/python3.8/site-packages/airflow/example_dags/example_python_operator.py
[2026-07-13T10:52:12.582+0000] {processor.py:840} INFO - DAG(s) 'example_python_operator' retrieved from /home/airflow/.local/lib/python3.8/site-packages/airflow/example_dags/example_python_operator.py
[2026-07-13T10:52:12.651+0000] {logging_mixin.py:188} INFO - [2026-07-13T10:52:12.650+0000] {dag.py:3036} INFO - Sync 1 DAGs
[2026-07-13T10:52:12.673+0000] {logging_mixin.py:188} INFO - [2026-07-13T10:52:12.672+0000] {dag.py:3823} INFO - Setting next_dagrun for example_python_operator to None, run_after=None
[2026-07-13T10:52:12.729+0000] {processor.py:183} INFO - Processing /home/airflow/.local/lib/python3.8/site-packages/airflow/example_dags/example_python_operator.py took 0.201 seconds
[2026-07-13T10:52:43.067+0000] {processor.py:161} INFO - Started process (PID=978) to work on /home/airflow/.local/lib/python3.8/site-packages/airflow/example_dags/example_python_operator.py
[2026-07-13T10:52:43.068+0000] {processor.py:830} INFO - Processing file /home/airflow/.local/lib/python3.8/site-packages/airflow/example_dags/example_python_operator.py for tasks to queue
[2026-07-13T10:52:43.069+0000] {logging_mixin.py:188} INFO - [2026-07-13T10:52:43.069+0000] {dagbag.py:538} INFO - Filling up the DagBag from /home/airflow/.local/lib/python3.8/site-packages/airflow/example_dags/example_python_operator.py
[2026-07-13T10:52:43.076+0000] {processor.py:840} INFO - DAG(s) 'example_python_operator' retrieved from /home/airflow/.local/lib/python3.8/site-packages/airflow/example_dags/example_python_operator.py
[2026-07-13T10:52:43.092+0000] {logging_mixin.py:188} INFO - [2026-07-13T10:52:43.092+0000] {dag.py:3036} INFO - Sync 1 DAGs
[2026-07-13T10:52:43.100+0000] {logging_mixin.py:188} INFO - [2026-07-13T10:52:43.100+0000] {dag.py:3823} INFO - Setting next_dagrun for example_python_operator to None, run_after=None
[2026-07-13T10:52:43.113+0000] {processor.py:183} INFO - Processing /home/airflow/.local/lib/python3.8/site-packages/airflow/example_dags/example_python_operator.py took 0.049 seconds
[2026-07-13T10:53:13.835+0000] {processor.py:161} INFO - Started process (PID=1034) to work on /home/airflow/.local/lib/python3.8/site-packages/airflow/example_dags/example_python_operator.py
[2026-07-13T10:53:13.837+0000] {processor.py:830} INFO - Processing file /home/airflow/.local/lib/python3.8/site-packages/airflow/example_dags/example_python_operator.py for tasks to queue
[2026-07-13T10:53:13.839+0000] {logging_mixin.py:188} INFO - [2026-07-13T10:53:13.838+0000] {dagbag.py:538} INFO - Filling up the DagBag from /home/airflow/.local/lib/python3.8/site-packages/airflow/example_dags/example_python_operator.py
[2026-07-13T10:53:13.851+0000] {processor.py:840} INFO - DAG(s) 'example_python_operator' retrieved from /home/airflow/.local/lib/python3.8/site-packages/airflow/example_dags/example_python_operator.py
[2026-07-13T10:53:13.868+0000] {logging_mixin.py:188} INFO - [2026-07-13T10:53:13.868+0000] {dag.py:3036} INFO - Sync 1 DAGs
[2026-07-13T10:53:13.876+0000] {logging_mixin.py:188} INFO - [2026-07-13T10:53:13.876+0000] {dag.py:3823} INFO - Setting next_dagrun for example_python_operator to None, run_after=None
[2026-07-13T10:53:13.892+0000] {processor.py:183} INFO - Processing /home/airflow/.local/lib/python3.8/site-packages/airflow/example_dags/example_python_operator.py took 0.063 seconds
[2026-07-13T10:53:44.626+0000] {processor.py:161} INFO - Started process (PID=1090) to work on /home/airflow/.local/lib/python3.8/site-packages/airflow/example_dags/example_python_operator.py
[2026-07-13T10:53:44.628+0000] {processor.py:830} INFO - Processing file /home/airflow/.local/lib/python3.8/site-packages/airflow/example_dags/example_python_operator.py for tasks to queue
[2026-07-13T10:53:44.630+0000] {logging_mixin.py:188} INFO - [2026-07-13T10:53:44.629+0000] {dagbag.py:538} INFO - Filling up the DagBag from /home/airflow/.local/lib/python3.8/site-packages/airflow/example_dags/example_python_operator.py
[2026-07-13T10:53:44.642+0000] {processor.py:840} INFO - DAG(s) 'example_python_operator' retrieved from /home/airflow/.local/lib/python3.8/site-packages/airflow/example_dags/example_python_operator.py
[2026-07-13T10:53:44.681+0000] {logging_mixin.py:188} INFO - [2026-07-13T10:53:44.681+0000] {dag.py:3036} INFO - Sync 1 DAGs
[2026-07-13T10:53:44.699+0000] {logging_mixin.py:188} INFO - [2026-07-13T10:53:44.699+0000] {dag.py:3823} INFO - Setting next_dagrun for example_python_operator to None, run_after=None
[2026-07-13T10:53:44.729+0000] {processor.py:183} INFO - Processing /home/airflow/.local/lib/python3.8/site-packages/airflow/example_dags/example_python_operator.py took 0.106 seconds
[2026-07-13T10:54:15.694+0000] {processor.py:161} INFO - Started process (PID=1146) to work on /home/airflow/.local/lib/python3.8/site-packages/airflow/example_dags/example_python_operator.py
[2026-07-13T10:54:15.695+0000] {processor.py:830} INFO - Processing file /home/airflow/.local/lib/python3.8/site-packages/airflow/example_dags/example_python_operator.py for tasks to queue
[2026-07-13T10:54:15.696+0000] {logging_mixin.py:188} INFO - [2026-07-13T10:54:15.696+0000] {dagbag.py:538} INFO - Filling up the DagBag from /home/airflow/.local/lib/python3.8/site-packages/airflow/example_dags/example_python_operator.py
[2026-07-13T10:54:15.703+0000] {processor.py:840} INFO - DAG(s) 'example_python_operator' retrieved from /home/airflow/.local/lib/python3.8/site-packages/airflow/example_dags/example_python_operator.py
[2026-07-13T10:54:15.719+0000] {logging_mixin.py:188} INFO - [2026-07-13T10:54:15.719+0000] {dag.py:3036} INFO - Sync 1 DAGs
[2026-07-13T10:54:15.728+0000] {logging_mixin.py:188} INFO - [2026-07-13T10:54:15.727+0000] {dag.py:3823} INFO - Setting next_dagrun for example_python_operator to None, run_after=None
[2026-07-13T10:54:15.743+0000] {processor.py:183} INFO - Processing /home/airflow/.local/lib/python3.8/site-packages/airflow/example_dags/example_python_operator.py took 0.052 seconds
[2026-07-13T10:54:46.057+0000] {processor.py:161} INFO - Started process (PID=1202) to work on /home/airflow/.local/lib/python3.8/site-packages/airflow/example_dags/example_python_operator.py
[2026-07-13T10:54:46.058+0000] {processor.py:830} INFO - Processing file /home/airflow/.local/lib/python3.8/site-packages/airflow/example_dags/example_python_operator.py for tasks to queue
[2026-07-13T10:54:46.059+0000] {logging_mixin.py:188} INFO - [2026-07-13T10:54:46.059+0000] {dagbag.py:538} INFO - Filling up the DagBag from /home/airflow/.local/lib/python3.8/site-packages/airflow/example_dags/example_python_operator.py
[2026-07-13T10:54:46.067+0000] {processor.py:840} INFO - DAG(s) 'example_python_operator' retrieved from /home/airflow/.local/lib/python3.8/site-packages/airflow/example_dags/example_python_operator.py
[2026-07-13T10:54:46.082+0000] {logging_mixin.py:188} INFO - [2026-07-13T10:54:46.082+0000] {dag.py:3036} INFO - Sync 1 DAGs
[2026-07-13T10:54:46.091+0000] {logging_mixin.py:188} INFO - [2026-07-13T10:54:46.091+0000] {dag.py:3823} INFO - Setting next_dagrun for example_python_operator to None, run_after=None
[2026-07-13T10:54:46.105+0000] {processor.py:183} INFO - Processing /home/airflow/.local/lib/python3.8/site-packages/airflow/example_dags/example_python_operator.py took 0.050 seconds
[2026-07-13T10:55:16.283+0000] {processor.py:161} INFO - Started process (PID=1259) to work on /home/airflow/.local/lib/python3.8/site-packages/airflow/example_dags/example_python_operator.py
[2026-07-13T10:55:16.283+0000] {processor.py:830} INFO - Processing file /home/airflow/.local/lib/python3.8/site-packages/airflow/example_dags/example_python_operator.py for tasks to queue
[2026-07-13T10:55:16.285+0000] {logging_mixin.py:188} INFO - [2026-07-13T10:55:16.285+0000] {dagbag.py:538} INFO - Filling up the DagBag from /home/airflow/.local/lib/python3.8/site-packages/airflow/example_dags/example_python_operator.py
[2026-07-13T10:55:16.293+0000] {processor.py:840} INFO - DAG(s) 'example_python_operator' retrieved from /home/airflow/.local/lib/python3.8/site-packages/airflow/example_dags/example_python_operator.py
[2026-07-13T10:55:16.319+0000] {logging_mixin.py:188} INFO - [2026-07-13T10:55:16.319+0000] {dag.py:3036} INFO - Sync 1 DAGs
[2026-07-13T10:55:16.328+0000] {logging_mixin.py:188} INFO - [2026-07-13T10:55:16.328+0000] {dag.py:3823} INFO - Setting next_dagrun for example_python_operator to None, run_after=None
[2026-07-13T10:55:16.346+0000] {processor.py:183} INFO - Processing /home/airflow/.local/lib/python3.8/site-packages/airflow/example_dags/example_python_operator.py took 0.066 seconds
[2026-07-13T10:55:47.083+0000] {processor.py:161} INFO - Started process (PID=1315) to work on /home/airflow/.local/lib/python3.8/site-packages/airflow/example_dags/example_python_operator.py
[2026-07-13T10:55:47.084+0000] {processor.py:830} INFO - Processing file /home/airflow/.local/lib/python3.8/site-packages/airflow/example_dags/example_python_operator.py for tasks to queue
[2026-07-13T10:55:47.089+0000] {logging_mixin.py:188} INFO - [2026-07-13T10:55:47.088+0000] {dagbag.py:538} INFO - Filling up the DagBag from /home/airflow/.local/lib/python3.8/site-packages/airflow/example_dags/example_python_operator.py
[2026-07-13T10:55:47.101+0000] {processor.py:840} INFO - DAG(s) 'example_python_operator' retrieved from /home/airflow/.local/lib/python3.8/site-packages/airflow/example_dags/example_python_operator.py
[2026-07-13T10:55:47.121+0000] {logging_mixin.py:188} INFO - [2026-07-13T10:55:47.120+0000] {dag.py:3036} INFO - Sync 1 DAGs
[2026-07-13T10:55:47.129+0000] {logging_mixin.py:188} INFO - [2026-07-13T10:55:47.128+0000] {dag.py:3823} INFO - Setting next_dagrun for example_python_operator to None, run_after=None
[2026-07-13T10:55:47.148+0000] {processor.py:183} INFO - Processing /home/airflow/.local/lib/python3.8/site-packages/airflow/example_dags/example_python_operator.py took 0.068 seconds
[2026-07-13T10:56:17.275+0000] {processor.py:161} INFO - Started process (PID=1371) to work on /home/airflow/.local/lib/python3.8/site-packages/airflow/example_dags/example_python_operator.py
[2026-07-13T10:56:17.276+0000] {processor.py:830} INFO - Processing file /home/airflow/.local/lib/python3.8/site-packages/airflow/example_dags/example_python_operator.py for tasks to queue
[2026-07-13T10:56:17.277+0000] {logging_mixin.py:188} INFO - [2026-07-13T10:56:17.277+0000] {dagbag.py:538} INFO - Filling up the DagBag from /home/airflow/.local/lib/python3.8/site-packages/airflow/example_dags/example_python_operator.py
[2026-07-13T10:56:17.285+0000] {processor.py:840} INFO - DAG(s) 'example_python_operator' retrieved from /home/airflow/.local/lib/python3.8/site-packages/airflow/example_dags/example_python_operator.py
[2026-07-13T10:56:17.300+0000] {logging_mixin.py:188} INFO - [2026-07-13T10:56:17.299+0000] {dag.py:3036} INFO - Sync 1 DAGs
[2026-07-13T10:56:17.309+0000] {logging_mixin.py:188} INFO - [2026-07-13T10:56:17.309+0000] {dag.py:3823} INFO - Setting next_dagrun for example_python_operator to None, run_after=None
[2026-07-13T10:56:17.325+0000] {processor.py:183} INFO - Processing /home/airflow/.local/lib/python3.8/site-packages/airflow/example_dags/example_python_operator.py took 0.053 seconds
[2026-07-13T10:56:47.887+0000] {processor.py:161} INFO - Started process (PID=1427) to work on /home/airflow/.local/lib/python3.8/site-packages/airflow/example_dags/example_python_operator.py
[2026-07-13T10:56:47.889+0000] {processor.py:830} INFO - Processing file /home/airflow/.local/lib/python3.8/site-packages/airflow/example_dags/example_python_operator.py for tasks to queue
[2026-07-13T10:56:47.891+0000] {logging_mixin.py:188} INFO - [2026-07-13T10:56:47.890+0000] {dagbag.py:538} INFO - Filling up the DagBag from /home/airflow/.local/lib/python3.8/site-packages/airflow/example_dags/example_python_operator.py
[2026-07-13T10:56:47.898+0000] {processor.py:840} INFO - DAG(s) 'example_python_operator' retrieved from /home/airflow/.local/lib/python3.8/site-packages/airflow/example_dags/example_python_operator.py
[2026-07-13T10:56:47.914+0000] {logging_mixin.py:188} INFO - [2026-07-13T10:56:47.913+0000] {dag.py:3036} INFO - Sync 1 DAGs
[2026-07-13T10:56:47.922+0000] {logging_mixin.py:188} INFO - [2026-07-13T10:56:47.921+0000] {dag.py:3823} INFO - Setting next_dagrun for example_python_operator to None, run_after=None
[2026-07-13T10:56:47.935+0000] {processor.py:183} INFO - Processing /home/airflow/.local/lib/python3.8/site-packages/airflow/example_dags/example_python_operator.py took 0.050 seconds
[2026-07-13T10:57:18.324+0000] {processor.py:161} INFO - Started process (PID=1483) to work on /home/airflow/.local/lib/python3.8/site-packages/airflow/example_dags/example_python_operator.py
[2026-07-13T10:57:18.325+0000] {processor.py:830} INFO - Processing file /home/airflow/.local/lib/python3.8/site-packages/airflow/example_dags/example_python_operator.py for tasks to queue
[2026-07-13T10:57:18.327+0000] {logging_mixin.py:188} INFO - [2026-07-13T10:57:18.326+0000] {dagbag.py:538} INFO - Filling up the DagBag from /home/airflow/.local/lib/python3.8/site-packages/airflow/example_dags/example_python_operator.py
[2026-07-13T10:57:18.334+0000] {processor.py:840} INFO - DAG(s) 'example_python_operator' retrieved from /home/airflow/.local/lib/python3.8/site-packages/airflow/example_dags/example_python_operator.py
[2026-07-13T10:57:18.355+0000] {logging_mixin.py:188} INFO - [2026-07-13T10:57:18.355+0000] {dag.py:3036} INFO - Sync 1 DAGs
[2026-07-13T10:57:18.365+0000] {logging_mixin.py:188} INFO - [2026-07-13T10:57:18.364+0000] {dag.py:3823} INFO - Setting next_dagrun for example_python_operator to None, run_after=None
[2026-07-13T10:57:18.384+0000] {processor.py:183} INFO - Processing /home/airflow/.local/lib/python3.8/site-packages/airflow/example_dags/example_python_operator.py took 0.063 seconds
[2026-07-13T10:57:49.252+0000] {processor.py:161} INFO - Started process (PID=1539) to work on /home/airflow/.local/lib/python3.8/site-packages/airflow/example_dags/example_python_operator.py
[2026-07-13T10:57:49.255+0000] {processor.py:830} INFO - Processing file /home/airflow/.local/lib/python3.8/site-packages/airflow/example_dags/example_python_operator.py for tasks to queue
[2026-07-13T10:57:49.257+0000] {logging_mixin.py:188} INFO - [2026-07-13T10:57:49.257+0000] {dagbag.py:538} INFO - Filling up the DagBag from /home/airflow/.local/lib/python3.8/site-packages/airflow/example_dags/example_python_operator.py
[2026-07-13T10:57:49.268+0000] {processor.py:840} INFO - DAG(s) 'example_python_operator' retrieved from /home/airflow/.local/lib/python3.8/site-packages/airflow/example_dags/example_python_operator.py
[2026-07-13T10:57:49.290+0000] {logging_mixin.py:188} INFO - [2026-07-13T10:57:49.290+0000] {dag.py:3036} INFO - Sync 1 DAGs
[2026-07-13T10:57:49.303+0000] {logging_mixin.py:188} INFO - [2026-07-13T10:57:49.303+0000] {dag.py:3823} INFO - Setting next_dagrun for example_python_operator to None, run_after=None
[2026-07-13T10:57:49.323+0000] {processor.py:183} INFO - Processing /home/airflow/.local/lib/python3.8/site-packages/airflow/example_dags/example_python_operator.py took 0.074 seconds
[2026-07-13T10:58:20.053+0000] {processor.py:161} INFO - Started process (PID=1595) to work on /home/airflow/.local/lib/python3.8/site-packages/airflow/example_dags/example_python_operator.py
[2026-07-13T10:58:20.054+0000] {processor.py:830} INFO - Processing file /home/airflow/.local/lib/python3.8/site-packages/airflow/example_dags/example_python_operator.py for tasks to queue
[2026-07-13T10:58:20.056+0000] {logging_mixin.py:188} INFO - [2026-07-13T10:58:20.055+0000] {dagbag.py:538} INFO - Filling up the DagBag from /home/airflow/.local/lib/python3.8/site-packages/airflow/example_dags/example_python_operator.py
[2026-07-13T10:58:20.063+0000] {processor.py:840} INFO - DAG(s) 'example_python_operator' retrieved from /home/airflow/.local/lib/python3.8/site-packages/airflow/example_dags/example_python_operator.py
[2026-07-13T10:58:20.080+0000] {logging_mixin.py:188} INFO - [2026-07-13T10:58:20.079+0000] {dag.py:3036} INFO - Sync 1 DAGs
[2026-07-13T10:58:20.089+0000] {logging_mixin.py:188} INFO - [2026-07-13T10:58:20.088+0000] {dag.py:3823} INFO - Setting next_dagrun for example_python_operator to None, run_after=None
[2026-07-13T10:58:20.104+0000] {processor.py:183} INFO - Processing /home/airflow/.local/lib/python3.8/site-packages/airflow/example_dags/example_python_operator.py took 0.054 seconds
[2026-07-13T10:58:50.666+0000] {processor.py:161} INFO - Started process (PID=1651) to work on /home/airflow/.local/lib/python3.8/site-packages/airflow/example_dags/example_python_operator.py
[2026-07-13T10:58:50.667+0000] {processor.py:830} INFO - Processing file /home/airflow/.local/lib/python3.8/site-packages/airflow/example_dags/example_python_operator.py for tasks to queue
[2026-07-13T10:58:50.668+0000] {logging_mixin.py:188} INFO - [2026-07-13T10:58:50.668+0000] {dagbag.py:538} INFO - Filling up the DagBag from /home/airflow/.local/lib/python3.8/site-packages/airflow/example_dags/example_python_operator.py
[2026-07-13T10:58:50.677+0000] {processor.py:840} INFO - DAG(s) 'example_python_operator' retrieved from /home/airflow/.local/lib/python3.8/site-packages/airflow/example_dags/example_python_operator.py
[2026-07-13T10:58:50.693+0000] {logging_mixin.py:188} INFO - [2026-07-13T10:58:50.693+0000] {dag.py:3036} INFO - Sync 1 DAGs
[2026-07-13T10:58:50.704+0000] {logging_mixin.py:188} INFO - [2026-07-13T10:58:50.704+0000] {dag.py:3823} INFO - Setting next_dagrun for example_python_operator to None, run_after=None
[2026-07-13T10:58:50.723+0000] {processor.py:183} INFO - Processing /home/airflow/.local/lib/python3.8/site-packages/airflow/example_dags/example_python_operator.py took 0.060 seconds
[2026-07-13T10:59:21.006+0000] {processor.py:161} INFO - Started process (PID=1707) to work on /home/airflow/.local/lib/python3.8/site-packages/airflow/example_dags/example_python_operator.py
[2026-07-13T10:59:21.007+0000] {processor.py:830} INFO - Processing file /home/airflow/.local/lib/python3.8/site-packages/airflow/example_dags/example_python_operator.py for tasks to queue
[2026-07-13T10:59:21.008+0000] {logging_mixin.py:188} INFO - [2026-07-13T10:59:21.008+0000] {dagbag.py:538} INFO - Filling up the DagBag from /home/airflow/.local/lib/python3.8/site-packages/airflow/example_dags/example_python_operator.py
[2026-07-13T10:59:21.016+0000] {processor.py:840} INFO - DAG(s) 'example_python_operator' retrieved from /home/airflow/.local/lib/python3.8/site-packages/airflow/example_dags/example_python_operator.py
[2026-07-13T10:59:21.032+0000] {logging_mixin.py:188} INFO - [2026-07-13T10:59:21.032+0000] {dag.py:3036} INFO - Sync 1 DAGs
[2026-07-13T10:59:21.043+0000] {logging_mixin.py:188} INFO - [2026-07-13T10:59:21.043+0000] {dag.py:3823} INFO - Setting next_dagrun for example_python_operator to None, run_after=None
[2026-07-13T10:59:21.057+0000] {processor.py:183} INFO - Processing /home/airflow/.local/lib/python3.8/site-packages/airflow/example_dags/example_python_operator.py took 0.054 seconds
[2026-07-13T10:59:51.735+0000] {processor.py:161} INFO - Started process (PID=1763) to work on /home/airflow/.local/lib/python3.8/site-packages/airflow/example_dags/example_python_operator.py
[2026-07-13T10:59:51.736+0000] {processor.py:830} INFO - Processing file /home/airflow/.local/lib/python3.8/site-packages/airflow/example_dags/example_python_operator.py for tasks to queue
[2026-07-13T10:59:51.737+0000] {logging_mixin.py:188} INFO - [2026-07-13T10:59:51.737+0000] {dagbag.py:538} INFO - Filling up the DagBag from /home/airflow/.local/lib/python3.8/site-packages/airflow/example_dags/example_python_operator.py
[2026-07-13T10:59:51.744+0000] {processor.py:840} INFO - DAG(s) 'example_python_operator' retrieved from /home/airflow/.local/lib/python3.8/site-packages/airflow/example_dags/example_python_operator.py
[2026-07-13T10:59:51.760+0000] {logging_mixin.py:188} INFO - [2026-07-13T10:59:51.760+0000] {dag.py:3036} INFO - Sync 1 DAGs
[2026-07-13T10:59:51.769+0000] {logging_mixin.py:188} INFO - [2026-07-13T10:59:51.769+0000] {dag.py:3823} INFO - Setting next_dagrun for example_python_operator to None, run_after=None
[2026-07-13T10:59:51.782+0000] {processor.py:183} INFO - Processing /home/airflow/.local/lib/python3.8/site-packages/airflow/example_dags/example_python_operator.py took 0.050 seconds
[2026-07-13T11:00:22.279+0000] {processor.py:161} INFO - Started process (PID=1819) to work on /home/airflow/.local/lib/python3.8/site-packages/airflow/example_dags/example_python_operator.py
[2026-07-13T11:00:22.280+0000] {processor.py:830} INFO - Processing file /home/airflow/.local/lib/python3.8/site-packages/airflow/example_dags/example_python_operator.py for tasks to queue
[2026-07-13T11:00:22.282+0000] {logging_mixin.py:188} INFO - [2026-07-13T11:00:22.281+0000] {dagbag.py:538} INFO - Filling up the DagBag from /home/airflow/.local/lib/python3.8/site-packages/airflow/example_dags/example_python_operator.py
[2026-07-13T11:00:22.289+0000] {processor.py:840} INFO - DAG(s) 'example_python_operator' retrieved from /home/airflow/.local/lib/python3.8/site-packages/airflow/example_dags/example_python_operator.py
[2026-07-13T11:00:22.310+0000] {logging_mixin.py:188} INFO - [2026-07-13T11:00:22.309+0000] {dag.py:3036} INFO - Sync 1 DAGs
[2026-07-13T11:00:22.320+0000] {logging_mixin.py:188} INFO - [2026-07-13T11:00:22.320+0000] {dag.py:3823} INFO - Setting next_dagrun for example_python_operator to None, run_after=None
[2026-07-13T11:00:22.336+0000] {processor.py:183} INFO - Processing /home/airflow/.local/lib/python3.8/site-packages/airflow/example_dags/example_python_operator.py took 0.060 seconds
[2026-07-13T11:00:52.695+0000] {processor.py:161} INFO - Started process (PID=1875) to work on /home/airflow/.local/lib/python3.8/site-packages/airflow/example_dags/example_python_operator.py
[2026-07-13T11:00:52.696+0000] {processor.py:830} INFO - Processing file /home/airflow/.local/lib/python3.8/site-packages/airflow/example_dags/example_python_operator.py for tasks to queue
[2026-07-13T11:00:52.698+0000] {logging_mixin.py:188} INFO - [2026-07-13T11:00:52.697+0000] {dagbag.py:538} INFO - Filling up the DagBag from /home/airflow/.local/lib/python3.8/site-packages/airflow/example_dags/example_python_operator.py
[2026-07-13T11:00:52.706+0000] {processor.py:840} INFO - DAG(s) 'example_python_operator' retrieved from /home/airflow/.local/lib/python3.8/site-packages/airflow/example_dags/example_python_operator.py
[2026-07-13T11:00:52.724+0000] {logging_mixin.py:188} INFO - [2026-07-13T11:00:52.724+0000] {dag.py:3036} INFO - Sync 1 DAGs
[2026-07-13T11:00:52.735+0000] {logging_mixin.py:188} INFO - [2026-07-13T11:00:52.735+0000] {dag.py:3823} INFO - Setting next_dagrun for example_python_operator to None, run_after=None
[2026-07-13T11:00:52.758+0000] {processor.py:183} INFO - Processing /home/airflow/.local/lib/python3.8/site-packages/airflow/example_dags/example_python_operator.py took 0.065 seconds
[2026-07-13T11:01:22.837+0000] {processor.py:161} INFO - Started process (PID=1931) to work on /home/airflow/.local/lib/python3.8/site-packages/airflow/example_dags/example_python_operator.py
[2026-07-13T11:01:22.838+0000] {processor.py:830} INFO - Processing file /home/airflow/.local/lib/python3.8/site-packages/airflow/example_dags/example_python_operator.py for tasks to queue
[2026-07-13T11:01:22.840+0000] {logging_mixin.py:188} INFO - [2026-07-13T11:01:22.840+0000] {dagbag.py:538} INFO - Filling up the DagBag from /home/airflow/.local/lib/python3.8/site-packages/airflow/example_dags/example_python_operator.py
[2026-07-13T11:01:22.848+0000] {processor.py:840} INFO - DAG(s) 'example_python_operator' retrieved from /home/airflow/.local/lib/python3.8/site-packages/airflow/example_dags/example_python_operator.py
[2026-07-13T11:01:22.864+0000] {logging_mixin.py:188} INFO - [2026-07-13T11:01:22.864+0000] {dag.py:3036} INFO - Sync 1 DAGs
[2026-07-13T11:01:22.873+0000] {logging_mixin.py:188} INFO - [2026-07-13T11:01:22.873+0000] {dag.py:3823} INFO - Setting next_dagrun for example_python_operator to None, run_after=None
[2026-07-13T11:01:22.887+0000] {processor.py:183} INFO - Processing /home/airflow/.local/lib/python3.8/site-packages/airflow/example_dags/example_python_operator.py took 0.053 seconds
[2026-07-13T11:01:53.025+0000] {processor.py:161} INFO - Started process (PID=1981) to work on /home/airflow/.local/lib/python3.8/site-packages/airflow/example_dags/example_python_operator.py
[2026-07-13T11:01:53.026+0000] {processor.py:830} INFO - Processing file /home/airflow/.local/lib/python3.8/site-packages/airflow/example_dags/example_python_operator.py for tasks to queue
[2026-07-13T11:01:53.028+0000] {logging_mixin.py:188} INFO - [2026-07-13T11:01:53.027+0000] {dagbag.py:538} INFO - Filling up the DagBag from /home/airflow/.local/lib/python3.8/site-packages/airflow/example_dags/example_python_operator.py
[2026-07-13T11:01:53.036+0000] {processor.py:840} INFO - DAG(s) 'example_python_operator' retrieved from /home/airflow/.local/lib/python3.8/site-packages/airflow/example_dags/example_python_operator.py
[2026-07-13T11:01:53.052+0000] {logging_mixin.py:188} INFO - [2026-07-13T11:01:53.052+0000] {dag.py:3036} INFO - Sync 1 DAGs
[2026-07-13T11:01:53.061+0000] {logging_mixin.py:188} INFO - [2026-07-13T11:01:53.060+0000] {dag.py:3823} INFO - Setting next_dagrun for example_python_operator to None, run_after=None
[2026-07-13T11:01:53.074+0000] {processor.py:183} INFO - Processing /home/airflow/.local/lib/python3.8/site-packages/airflow/example_dags/example_python_operator.py took 0.052 seconds
[2026-07-13T11:02:23.703+0000] {processor.py:161} INFO - Started process (PID=2038) to work on /home/airflow/.local/lib/python3.8/site-packages/airflow/example_dags/example_python_operator.py
[2026-07-13T11:02:23.704+0000] {processor.py:830} INFO - Processing file /home/airflow/.local/lib/python3.8/site-packages/airflow/example_dags/example_python_operator.py for tasks to queue
[2026-07-13T11:02:23.706+0000] {logging_mixin.py:188} INFO - [2026-07-13T11:02:23.706+0000] {dagbag.py:538} INFO - Filling up the DagBag from /home/airflow/.local/lib/python3.8/site-packages/airflow/example_dags/example_python_operator.py
[2026-07-13T11:02:23.715+0000] {processor.py:840} INFO - DAG(s) 'example_python_operator' retrieved from /home/airflow/.local/lib/python3.8/site-packages/airflow/example_dags/example_python_operator.py
[2026-07-13T11:02:23.731+0000] {logging_mixin.py:188} INFO - [2026-07-13T11:02:23.731+0000] {dag.py:3036} INFO - Sync 1 DAGs
[2026-07-13T11:02:23.739+0000] {logging_mixin.py:188} INFO - [2026-07-13T11:02:23.739+0000] {dag.py:3823} INFO - Setting next_dagrun for example_python_operator to None, run_after=None
[2026-07-13T11:02:23.755+0000] {processor.py:183} INFO - Processing /home/airflow/.local/lib/python3.8/site-packages/airflow/example_dags/example_python_operator.py took 0.054 seconds
[2026-07-13T11:02:54.426+0000] {processor.py:161} INFO - Started process (PID=2093) to work on /home/airflow/.local/lib/python3.8/site-packages/airflow/example_dags/example_python_operator.py
[2026-07-13T11:02:54.427+0000] {processor.py:830} INFO - Processing file /home/airflow/.local/lib/python3.8/site-packages/airflow/example_dags/example_python_operator.py for tasks to queue
[2026-07-13T11:02:54.430+0000] {logging_mixin.py:188} INFO - [2026-07-13T11:02:54.429+0000] {dagbag.py:538} INFO - Filling up the DagBag from /home/airflow/.local/lib/python3.8/site-packages/airflow/example_dags/example_python_operator.py
[2026-07-13T11:02:54.440+0000] {processor.py:840} INFO - DAG(s) 'example_python_operator' retrieved from /home/airflow/.local/lib/python3.8/site-packages/airflow/example_dags/example_python_operator.py
[2026-07-13T11:02:54.462+0000] {logging_mixin.py:188} INFO - [2026-07-13T11:02:54.462+0000] {dag.py:3036} INFO - Sync 1 DAGs
[2026-07-13T11:02:54.472+0000] {logging_mixin.py:188} INFO - [2026-07-13T11:02:54.471+0000] {dag.py:3823} INFO - Setting next_dagrun for example_python_operator to None, run_after=None
[2026-07-13T11:02:54.486+0000] {processor.py:183} INFO - Processing /home/airflow/.local/lib/python3.8/site-packages/airflow/example_dags/example_python_operator.py took 0.063 seconds
[2026-07-13T11:03:25.043+0000] {processor.py:161} INFO - Started process (PID=2149) to work on /home/airflow/.local/lib/python3.8/site-packages/airflow/example_dags/example_python_operator.py
[2026-07-13T11:03:25.044+0000] {processor.py:830} INFO - Processing file /home/airflow/.local/lib/python3.8/site-packages/airflow/example_dags/example_python_operator.py for tasks to queue
[2026-07-13T11:03:25.046+0000] {logging_mixin.py:188} INFO - [2026-07-13T11:03:25.045+0000] {dagbag.py:538} INFO - Filling up the DagBag from /home/airflow/.local/lib/python3.8/site-packages/airflow/example_dags/example_python_operator.py
[2026-07-13T11:03:25.054+0000] {processor.py:840} INFO - DAG(s) 'example_python_operator' retrieved from /home/airflow/.local/lib/python3.8/site-packages/airflow/example_dags/example_python_operator.py
[2026-07-13T11:03:25.071+0000] {logging_mixin.py:188} INFO - [2026-07-13T11:03:25.070+0000] {dag.py:3036} INFO - Sync 1 DAGs
[2026-07-13T11:03:25.079+0000] {logging_mixin.py:188} INFO - [2026-07-13T11:03:25.079+0000] {dag.py:3823} INFO - Setting next_dagrun for example_python_operator to None, run_after=None
[2026-07-13T11:03:25.096+0000] {processor.py:183} INFO - Processing /home/airflow/.local/lib/python3.8/site-packages/airflow/example_dags/example_python_operator.py took 0.056 seconds
[2026-07-13T11:03:56.833+0000] {processor.py:161} INFO - Started process (PID=2206) to work on /home/airflow/.local/lib/python3.8/site-packages/airflow/example_dags/example_python_operator.py
[2026-07-13T11:03:56.834+0000] {processor.py:830} INFO - Processing file /home/airflow/.local/lib/python3.8/site-packages/airflow/example_dags/example_python_operator.py for tasks to queue
[2026-07-13T11:03:56.835+0000] {logging_mixin.py:188} INFO - [2026-07-13T11:03:56.835+0000] {dagbag.py:538} INFO - Filling up the DagBag from /home/airflow/.local/lib/python3.8/site-packages/airflow/example_dags/example_python_operator.py
[2026-07-13T11:03:56.843+0000] {processor.py:840} INFO - DAG(s) 'example_python_operator' retrieved from /home/airflow/.local/lib/python3.8/site-packages/airflow/example_dags/example_python_operator.py
[2026-07-13T11:03:56.860+0000] {logging_mixin.py:188} INFO - [2026-07-13T11:03:56.860+0000] {dag.py:3036} INFO - Sync 1 DAGs
[2026-07-13T11:03:56.869+0000] {logging_mixin.py:188} INFO - [2026-07-13T11:03:56.869+0000] {dag.py:3823} INFO - Setting next_dagrun for example_python_operator to None, run_after=None
[2026-07-13T11:03:56.883+0000] {processor.py:183} INFO - Processing /home/airflow/.local/lib/python3.8/site-packages/airflow/example_dags/example_python_operator.py took 0.053 seconds
[2026-07-13T11:04:35.064+0000] {processor.py:161} INFO - Started process (PID=2273) to work on /home/airflow/.local/lib/python3.8/site-packages/airflow/example_dags/example_python_operator.py
[2026-07-13T11:04:35.105+0000] {processor.py:830} INFO - Processing file /home/airflow/.local/lib/python3.8/site-packages/airflow/example_dags/example_python_operator.py for tasks to queue
[2026-07-13T11:04:35.106+0000] {logging_mixin.py:188} INFO - [2026-07-13T11:04:35.106+0000] {dagbag.py:538} INFO - Filling up the DagBag from /home/airflow/.local/lib/python3.8/site-packages/airflow/example_dags/example_python_operator.py
[2026-07-13T11:04:35.181+0000] {processor.py:840} INFO - DAG(s) 'example_python_operator' retrieved from /home/airflow/.local/lib/python3.8/site-packages/airflow/example_dags/example_python_operator.py
[2026-07-13T11:04:35.251+0000] {logging_mixin.py:188} INFO - [2026-07-13T11:04:35.250+0000] {dag.py:3036} INFO - Sync 1 DAGs
[2026-07-13T11:04:35.260+0000] {logging_mixin.py:188} INFO - [2026-07-13T11:04:35.260+0000] {dag.py:3823} INFO - Setting next_dagrun for example_python_operator to None, run_after=None
[2026-07-13T11:04:35.340+0000] {processor.py:183} INFO - Processing /home/airflow/.local/lib/python3.8/site-packages/airflow/example_dags/example_python_operator.py took 0.284 seconds
[2026-07-13T11:05:42.696+0000] {processor.py:161} INFO - Started process (PID=94) to work on /home/airflow/.local/lib/python3.8/site-packages/airflow/example_dags/example_python_operator.py
[2026-07-13T11:05:42.697+0000] {processor.py:830} INFO - Processing file /home/airflow/.local/lib/python3.8/site-packages/airflow/example_dags/example_python_operator.py for tasks to queue
[2026-07-13T11:05:42.698+0000] {logging_mixin.py:188} INFO - [2026-07-13T11:05:42.698+0000] {dagbag.py:538} INFO - Filling up the DagBag from /home/airflow/.local/lib/python3.8/site-packages/airflow/example_dags/example_python_operator.py
[2026-07-13T11:05:42.708+0000] {processor.py:840} INFO - DAG(s) 'example_python_operator' retrieved from /home/airflow/.local/lib/python3.8/site-packages/airflow/example_dags/example_python_operator.py
[2026-07-13T11:05:42.837+0000] {logging_mixin.py:188} INFO - [2026-07-13T11:05:42.837+0000] {dag.py:3036} INFO - Sync 1 DAGs
[2026-07-13T11:05:42.847+0000] {logging_mixin.py:188} INFO - [2026-07-13T11:05:42.847+0000] {dag.py:3823} INFO - Setting next_dagrun for example_python_operator to None, run_after=None
[2026-07-13T11:05:42.869+0000] {processor.py:183} INFO - Processing /home/airflow/.local/lib/python3.8/site-packages/airflow/example_dags/example_python_operator.py took 0.177 seconds
[2026-07-13T11:06:13.351+0000] {processor.py:161} INFO - Started process (PID=144) to work on /home/airflow/.local/lib/python3.8/site-packages/airflow/example_dags/example_python_operator.py
[2026-07-13T11:06:13.352+0000] {processor.py:830} INFO - Processing file /home/airflow/.local/lib/python3.8/site-packages/airflow/example_dags/example_python_operator.py for tasks to queue
[2026-07-13T11:06:13.354+0000] {logging_mixin.py:188} INFO - [2026-07-13T11:06:13.353+0000] {dagbag.py:538} INFO - Filling up the DagBag from /home/airflow/.local/lib/python3.8/site-packages/airflow/example_dags/example_python_operator.py
[2026-07-13T11:06:13.363+0000] {processor.py:840} INFO - DAG(s) 'example_python_operator' retrieved from /home/airflow/.local/lib/python3.8/site-packages/airflow/example_dags/example_python_operator.py
[2026-07-13T11:06:13.383+0000] {logging_mixin.py:188} INFO - [2026-07-13T11:06:13.382+0000] {dag.py:3036} INFO - Sync 1 DAGs
[2026-07-13T11:06:13.397+0000] {logging_mixin.py:188} INFO - [2026-07-13T11:06:13.397+0000] {dag.py:3823} INFO - Setting next_dagrun for example_python_operator to None, run_after=None
[2026-07-13T11:06:13.414+0000] {processor.py:183} INFO - Processing /home/airflow/.local/lib/python3.8/site-packages/airflow/example_dags/example_python_operator.py took 0.066 seconds
[2026-07-13T11:06:44.088+0000] {processor.py:161} INFO - Started process (PID=201) to work on /home/airflow/.local/lib/python3.8/site-packages/airflow/example_dags/example_python_operator.py
[2026-07-13T11:06:44.089+0000] {processor.py:830} INFO - Processing file /home/airflow/.local/lib/python3.8/site-packages/airflow/example_dags/example_python_operator.py for tasks to queue
[2026-07-13T11:06:44.091+0000] {logging_mixin.py:188} INFO - [2026-07-13T11:06:44.091+0000] {dagbag.py:538} INFO - Filling up the DagBag from /home/airflow/.local/lib/python3.8/site-packages/airflow/example_dags/example_python_operator.py
[2026-07-13T11:06:44.103+0000] {processor.py:840} INFO - DAG(s) 'example_python_operator' retrieved from /home/airflow/.local/lib/python3.8/site-packages/airflow/example_dags/example_python_operator.py
[2026-07-13T11:06:44.126+0000] {logging_mixin.py:188} INFO - [2026-07-13T11:06:44.126+0000] {dag.py:3036} INFO - Sync 1 DAGs
[2026-07-13T11:06:44.143+0000] {logging_mixin.py:188} INFO - [2026-07-13T11:06:44.142+0000] {dag.py:3823} INFO - Setting next_dagrun for example_python_operator to None, run_after=None
[2026-07-13T11:06:44.169+0000] {processor.py:183} INFO - Processing /home/airflow/.local/lib/python3.8/site-packages/airflow/example_dags/example_python_operator.py took 0.084 seconds
[2026-07-13T11:07:15.224+0000] {processor.py:161} INFO - Started process (PID=257) to work on /home/airflow/.local/lib/python3.8/site-packages/airflow/example_dags/example_python_operator.py
[2026-07-13T11:07:15.225+0000] {processor.py:830} INFO - Processing file /home/airflow/.local/lib/python3.8/site-packages/airflow/example_dags/example_python_operator.py for tasks to queue
[2026-07-13T11:07:15.227+0000] {logging_mixin.py:188} INFO - [2026-07-13T11:07:15.226+0000] {dagbag.py:538} INFO - Filling up the DagBag from /home/airflow/.local/lib/python3.8/site-packages/airflow/example_dags/example_python_operator.py
[2026-07-13T11:07:15.235+0000] {processor.py:840} INFO - DAG(s) 'example_python_operator' retrieved from /home/airflow/.local/lib/python3.8/site-packages/airflow/example_dags/example_python_operator.py
[2026-07-13T11:07:15.253+0000] {logging_mixin.py:188} INFO - [2026-07-13T11:07:15.253+0000] {dag.py:3036} INFO - Sync 1 DAGs
[2026-07-13T11:07:15.264+0000] {logging_mixin.py:188} INFO - [2026-07-13T11:07:15.264+0000] {dag.py:3823} INFO - Setting next_dagrun for example_python_operator to None, run_after=None
[2026-07-13T11:07:15.287+0000] {processor.py:183} INFO - Processing /home/airflow/.local/lib/python3.8/site-packages/airflow/example_dags/example_python_operator.py took 0.065 seconds
[2026-07-13T11:07:45.607+0000] {processor.py:161} INFO - Started process (PID=313) to work on /home/airflow/.local/lib/python3.8/site-packages/airflow/example_dags/example_python_operator.py
[2026-07-13T11:07:45.608+0000] {processor.py:830} INFO - Processing file /home/airflow/.local/lib/python3.8/site-packages/airflow/example_dags/example_python_operator.py for tasks to queue
[2026-07-13T11:07:45.610+0000] {logging_mixin.py:188} INFO - [2026-07-13T11:07:45.610+0000] {dagbag.py:538} INFO - Filling up the DagBag from /home/airflow/.local/lib/python3.8/site-packages/airflow/example_dags/example_python_operator.py
[2026-07-13T11:07:45.619+0000] {processor.py:840} INFO - DAG(s) 'example_python_operator' retrieved from /home/airflow/.local/lib/python3.8/site-packages/airflow/example_dags/example_python_operator.py
[2026-07-13T11:07:45.642+0000] {logging_mixin.py:188} INFO - [2026-07-13T11:07:45.641+0000] {dag.py:3036} INFO - Sync 1 DAGs
[2026-07-13T11:07:45.650+0000] {logging_mixin.py:188} INFO - [2026-07-13T11:07:45.650+0000] {dag.py:3823} INFO - Setting next_dagrun for example_python_operator to None, run_after=None
[2026-07-13T11:07:45.670+0000] {processor.py:183} INFO - Processing /home/airflow/.local/lib/python3.8/site-packages/airflow/example_dags/example_python_operator.py took 0.066 seconds
[2026-07-13T11:08:15.796+0000] {processor.py:161} INFO - Started process (PID=369) to work on /home/airflow/.local/lib/python3.8/site-packages/airflow/example_dags/example_python_operator.py
[2026-07-13T11:08:15.797+0000] {processor.py:830} INFO - Processing file /home/airflow/.local/lib/python3.8/site-packages/airflow/example_dags/example_python_operator.py for tasks to queue
[2026-07-13T11:08:15.798+0000] {logging_mixin.py:188} INFO - [2026-07-13T11:08:15.798+0000] {dagbag.py:538} INFO - Filling up the DagBag from /home/airflow/.local/lib/python3.8/site-packages/airflow/example_dags/example_python_operator.py
[2026-07-13T11:08:15.807+0000] {processor.py:840} INFO - DAG(s) 'example_python_operator' retrieved from /home/airflow/.local/lib/python3.8/site-packages/airflow/example_dags/example_python_operator.py
[2026-07-13T11:08:15.826+0000] {logging_mixin.py:188} INFO - [2026-07-13T11:08:15.826+0000] {dag.py:3036} INFO - Sync 1 DAGs
[2026-07-13T11:08:15.835+0000] {logging_mixin.py:188} INFO - [2026-07-13T11:08:15.835+0000] {dag.py:3823} INFO - Setting next_dagrun for example_python_operator to None, run_after=None
[2026-07-13T11:08:15.851+0000] {processor.py:183} INFO - Processing /home/airflow/.local/lib/python3.8/site-packages/airflow/example_dags/example_python_operator.py took 0.058 seconds
[2026-07-13T11:08:46.530+0000] {processor.py:161} INFO - Started process (PID=425) to work on /home/airflow/.local/lib/python3.8/site-packages/airflow/example_dags/example_python_operator.py
[2026-07-13T11:08:46.531+0000] {processor.py:830} INFO - Processing file /home/airflow/.local/lib/python3.8/site-packages/airflow/example_dags/example_python_operator.py for tasks to queue
[2026-07-13T11:08:46.533+0000] {logging_mixin.py:188} INFO - [2026-07-13T11:08:46.532+0000] {dagbag.py:538} INFO - Filling up the DagBag from /home/airflow/.local/lib/python3.8/site-packages/airflow/example_dags/example_python_operator.py
[2026-07-13T11:08:46.541+0000] {processor.py:840} INFO - DAG(s) 'example_python_operator' retrieved from /home/airflow/.local/lib/python3.8/site-packages/airflow/example_dags/example_python_operator.py
[2026-07-13T11:08:46.558+0000] {logging_mixin.py:188} INFO - [2026-07-13T11:08:46.558+0000] {dag.py:3036} INFO - Sync 1 DAGs
[2026-07-13T11:08:46.568+0000] {logging_mixin.py:188} INFO - [2026-07-13T11:08:46.568+0000] {dag.py:3823} INFO - Setting next_dagrun for example_python_operator to None, run_after=None
[2026-07-13T11:08:46.590+0000] {processor.py:183} INFO - Processing /home/airflow/.local/lib/python3.8/site-packages/airflow/example_dags/example_python_operator.py took 0.062 seconds
[2026-07-13T11:09:17.260+0000] {processor.py:161} INFO - Started process (PID=481) to work on /home/airflow/.local/lib/python3.8/site-packages/airflow/example_dags/example_python_operator.py
[2026-07-13T11:09:17.262+0000] {processor.py:830} INFO - Processing file /home/airflow/.local/lib/python3.8/site-packages/airflow/example_dags/example_python_operator.py for tasks to queue
[2026-07-13T11:09:17.265+0000] {logging_mixin.py:188} INFO - [2026-07-13T11:09:17.264+0000] {dagbag.py:538} INFO - Filling up the DagBag from /home/airflow/.local/lib/python3.8/site-packages/airflow/example_dags/example_python_operator.py
[2026-07-13T11:09:17.277+0000] {processor.py:840} INFO - DAG(s) 'example_python_operator' retrieved from /home/airflow/.local/lib/python3.8/site-packages/airflow/example_dags/example_python_operator.py
[2026-07-13T11:09:17.307+0000] {logging_mixin.py:188} INFO - [2026-07-13T11:09:17.307+0000] {dag.py:3036} INFO - Sync 1 DAGs
[2026-07-13T11:09:17.322+0000] {logging_mixin.py:188} INFO - [2026-07-13T11:09:17.322+0000] {dag.py:3823} INFO - Setting next_dagrun for example_python_operator to None, run_after=None
[2026-07-13T11:09:17.352+0000] {processor.py:183} INFO - Processing /home/airflow/.local/lib/python3.8/site-packages/airflow/example_dags/example_python_operator.py took 0.098 seconds
[2026-07-13T11:09:47.795+0000] {processor.py:161} INFO - Started process (PID=537) to work on /home/airflow/.local/lib/python3.8/site-packages/airflow/example_dags/example_python_operator.py
[2026-07-13T11:09:47.796+0000] {processor.py:830} INFO - Processing file /home/airflow/.local/lib/python3.8/site-packages/airflow/example_dags/example_python_operator.py for tasks to queue
[2026-07-13T11:09:47.797+0000] {logging_mixin.py:188} INFO - [2026-07-13T11:09:47.797+0000] {dagbag.py:538} INFO - Filling up the DagBag from /home/airflow/.local/lib/python3.8/site-packages/airflow/example_dags/example_python_operator.py
[2026-07-13T11:09:47.805+0000] {processor.py:840} INFO - DAG(s) 'example_python_operator' retrieved from /home/airflow/.local/lib/python3.8/site-packages/airflow/example_dags/example_python_operator.py
[2026-07-13T11:09:47.822+0000] {logging_mixin.py:188} INFO - [2026-07-13T11:09:47.822+0000] {dag.py:3036} INFO - Sync 1 DAGs
[2026-07-13T11:09:47.830+0000] {logging_mixin.py:188} INFO - [2026-07-13T11:09:47.830+0000] {dag.py:3823} INFO - Setting next_dagrun for example_python_operator to None, run_after=None
[2026-07-13T11:09:47.844+0000] {processor.py:183} INFO - Processing /home/airflow/.local/lib/python3.8/site-packages/airflow/example_dags/example_python_operator.py took 0.052 seconds
[2026-07-13T11:10:18.215+0000] {processor.py:161} INFO - Started process (PID=593) to work on /home/airflow/.local/lib/python3.8/site-packages/airflow/example_dags/example_python_operator.py
[2026-07-13T11:10:18.216+0000] {processor.py:830} INFO - Processing file /home/airflow/.local/lib/python3.8/site-packages/airflow/example_dags/example_python_operator.py for tasks to queue
[2026-07-13T11:10:18.219+0000] {logging_mixin.py:188} INFO - [2026-07-13T11:10:18.219+0000] {dagbag.py:538} INFO - Filling up the DagBag from /home/airflow/.local/lib/python3.8/site-packages/airflow/example_dags/example_python_operator.py
[2026-07-13T11:10:18.227+0000] {processor.py:840} INFO - DAG(s) 'example_python_operator' retrieved from /home/airflow/.local/lib/python3.8/site-packages/airflow/example_dags/example_python_operator.py
[2026-07-13T11:10:18.249+0000] {logging_mixin.py:188} INFO - [2026-07-13T11:10:18.249+0000] {dag.py:3036} INFO - Sync 1 DAGs
[2026-07-13T11:10:18.258+0000] {logging_mixin.py:188} INFO - [2026-07-13T11:10:18.258+0000] {dag.py:3823} INFO - Setting next_dagrun for example_python_operator to None, run_after=None
[2026-07-13T11:10:18.272+0000] {processor.py:183} INFO - Processing /home/airflow/.local/lib/python3.8/site-packages/airflow/example_dags/example_python_operator.py took 0.059 seconds
[2026-07-13T11:10:48.684+0000] {processor.py:161} INFO - Started process (PID=658) to work on /home/airflow/.local/lib/python3.8/site-packages/airflow/example_dags/example_python_operator.py
[2026-07-13T11:10:48.685+0000] {processor.py:830} INFO - Processing file /home/airflow/.local/lib/python3.8/site-packages/airflow/example_dags/example_python_operator.py for tasks to queue
[2026-07-13T11:10:48.686+0000] {logging_mixin.py:188} INFO - [2026-07-13T11:10:48.686+0000] {dagbag.py:538} INFO - Filling up the DagBag from /home/airflow/.local/lib/python3.8/site-packages/airflow/example_dags/example_python_operator.py
[2026-07-13T11:10:48.694+0000] {processor.py:840} INFO - DAG(s) 'example_python_operator' retrieved from /home/airflow/.local/lib/python3.8/site-packages/airflow/example_dags/example_python_operator.py
[2026-07-13T11:10:48.712+0000] {logging_mixin.py:188} INFO - [2026-07-13T11:10:48.711+0000] {dag.py:3036} INFO - Sync 1 DAGs
[2026-07-13T11:10:48.721+0000] {logging_mixin.py:188} INFO - [2026-07-13T11:10:48.720+0000] {dag.py:3823} INFO - Setting next_dagrun for example_python_operator to None, run_after=None
[2026-07-13T11:10:48.735+0000] {processor.py:183} INFO - Processing /home/airflow/.local/lib/python3.8/site-packages/airflow/example_dags/example_python_operator.py took 0.054 seconds
[2026-07-13T11:11:19.300+0000] {processor.py:161} INFO - Started process (PID=715) to work on /home/airflow/.local/lib/python3.8/site-packages/airflow/example_dags/example_python_operator.py
[2026-07-13T11:11:19.301+0000] {processor.py:830} INFO - Processing file /home/airflow/.local/lib/python3.8/site-packages/airflow/example_dags/example_python_operator.py for tasks to queue
[2026-07-13T11:11:19.303+0000] {logging_mixin.py:188} INFO - [2026-07-13T11:11:19.303+0000] {dagbag.py:538} INFO - Filling up the DagBag from /home/airflow/.local/lib/python3.8/site-packages/airflow/example_dags/example_python_operator.py
[2026-07-13T11:11:19.311+0000] {processor.py:840} INFO - DAG(s) 'example_python_operator' retrieved from /home/airflow/.local/lib/python3.8/site-packages/airflow/example_dags/example_python_operator.py
[2026-07-13T11:11:19.327+0000] {logging_mixin.py:188} INFO - [2026-07-13T11:11:19.326+0000] {dag.py:3036} INFO - Sync 1 DAGs
[2026-07-13T11:11:19.335+0000] {logging_mixin.py:188} INFO - [2026-07-13T11:11:19.334+0000] {dag.py:3823} INFO - Setting next_dagrun for example_python_operator to None, run_after=None
[2026-07-13T11:11:19.347+0000] {processor.py:183} INFO - Processing /home/airflow/.local/lib/python3.8/site-packages/airflow/example_dags/example_python_operator.py took 0.050 seconds
[2026-07-13T11:11:50.942+0000] {processor.py:161} INFO - Started process (PID=771) to work on /home/airflow/.local/lib/python3.8/site-packages/airflow/example_dags/example_python_operator.py
[2026-07-13T11:11:50.943+0000] {processor.py:830} INFO - Processing file /home/airflow/.local/lib/python3.8/site-packages/airflow/example_dags/example_python_operator.py for tasks to queue
[2026-07-13T11:11:50.944+0000] {logging_mixin.py:188} INFO - [2026-07-13T11:11:50.944+0000] {dagbag.py:538} INFO - Filling up the DagBag from /home/airflow/.local/lib/python3.8/site-packages/airflow/example_dags/example_python_operator.py
[2026-07-13T11:11:50.953+0000] {processor.py:840} INFO - DAG(s) 'example_python_operator' retrieved from /home/airflow/.local/lib/python3.8/site-packages/airflow/example_dags/example_python_operator.py
[2026-07-13T11:11:50.970+0000] {logging_mixin.py:188} INFO - [2026-07-13T11:11:50.970+0000] {dag.py:3036} INFO - Sync 1 DAGs
[2026-07-13T11:11:50.979+0000] {logging_mixin.py:188} INFO - [2026-07-13T11:11:50.978+0000] {dag.py:3823} INFO - Setting next_dagrun for example_python_operator to None, run_after=None
[2026-07-13T11:11:51.002+0000] {processor.py:183} INFO - Processing /home/airflow/.local/lib/python3.8/site-packages/airflow/example_dags/example_python_operator.py took 0.062 seconds
[2026-07-13T11:12:24.256+0000] {processor.py:161} INFO - Started process (PID=827) to work on /home/airflow/.local/lib/python3.8/site-packages/airflow/example_dags/example_python_operator.py
[2026-07-13T11:12:24.257+0000] {processor.py:830} INFO - Processing file /home/airflow/.local/lib/python3.8/site-packages/airflow/example_dags/example_python_operator.py for tasks to queue
[2026-07-13T11:12:24.259+0000] {logging_mixin.py:188} INFO - [2026-07-13T11:12:24.259+0000] {dagbag.py:538} INFO - Filling up the DagBag from /home/airflow/.local/lib/python3.8/site-packages/airflow/example_dags/example_python_operator.py
[2026-07-13T11:12:24.273+0000] {processor.py:840} INFO - DAG(s) 'example_python_operator' retrieved from /home/airflow/.local/lib/python3.8/site-packages/airflow/example_dags/example_python_operator.py
[2026-07-13T11:12:24.306+0000] {logging_mixin.py:188} INFO - [2026-07-13T11:12:24.305+0000] {dag.py:3036} INFO - Sync 1 DAGs
[2026-07-13T11:12:24.330+0000] {logging_mixin.py:188} INFO - [2026-07-13T11:12:24.329+0000] {dag.py:3823} INFO - Setting next_dagrun for example_python_operator to None, run_after=None
[2026-07-13T11:12:24.358+0000] {processor.py:183} INFO - Processing /home/airflow/.local/lib/python3.8/site-packages/airflow/example_dags/example_python_operator.py took 0.107 seconds
[2026-07-13T11:12:54.591+0000] {processor.py:161} INFO - Started process (PID=883) to work on /home/airflow/.local/lib/python3.8/site-packages/airflow/example_dags/example_python_operator.py
[2026-07-13T11:12:54.592+0000] {processor.py:830} INFO - Processing file /home/airflow/.local/lib/python3.8/site-packages/airflow/example_dags/example_python_operator.py for tasks to queue
[2026-07-13T11:12:54.593+0000] {logging_mixin.py:188} INFO - [2026-07-13T11:12:54.593+0000] {dagbag.py:538} INFO - Filling up the DagBag from /home/airflow/.local/lib/python3.8/site-packages/airflow/example_dags/example_python_operator.py
[2026-07-13T11:12:54.601+0000] {processor.py:840} INFO - DAG(s) 'example_python_operator' retrieved from /home/airflow/.local/lib/python3.8/site-packages/airflow/example_dags/example_python_operator.py
[2026-07-13T11:12:54.617+0000] {logging_mixin.py:188} INFO - [2026-07-13T11:12:54.616+0000] {dag.py:3036} INFO - Sync 1 DAGs
[2026-07-13T11:12:54.625+0000] {logging_mixin.py:188} INFO - [2026-07-13T11:12:54.625+0000] {dag.py:3823} INFO - Setting next_dagrun for example_python_operator to None, run_after=None
[2026-07-13T11:12:54.638+0000] {processor.py:183} INFO - Processing /home/airflow/.local/lib/python3.8/site-packages/airflow/example_dags/example_python_operator.py took 0.049 seconds
[2026-07-13T11:13:26.271+0000] {processor.py:161} INFO - Started process (PID=939) to work on /home/airflow/.local/lib/python3.8/site-packages/airflow/example_dags/example_python_operator.py
[2026-07-13T11:13:26.273+0000] {processor.py:830} INFO - Processing file /home/airflow/.local/lib/python3.8/site-packages/airflow/example_dags/example_python_operator.py for tasks to queue
[2026-07-13T11:13:26.274+0000] {logging_mixin.py:188} INFO - [2026-07-13T11:13:26.274+0000] {dagbag.py:538} INFO - Filling up the DagBag from /home/airflow/.local/lib/python3.8/site-packages/airflow/example_dags/example_python_operator.py
[2026-07-13T11:13:26.283+0000] {processor.py:840} INFO - DAG(s) 'example_python_operator' retrieved from /home/airflow/.local/lib/python3.8/site-packages/airflow/example_dags/example_python_operator.py
[2026-07-13T11:13:26.304+0000] {logging_mixin.py:188} INFO - [2026-07-13T11:13:26.304+0000] {dag.py:3036} INFO - Sync 1 DAGs
[2026-07-13T11:13:26.314+0000] {logging_mixin.py:188} INFO - [2026-07-13T11:13:26.314+0000] {dag.py:3823} INFO - Setting next_dagrun for example_python_operator to None, run_after=None
[2026-07-13T11:13:26.331+0000] {processor.py:183} INFO - Processing /home/airflow/.local/lib/python3.8/site-packages/airflow/example_dags/example_python_operator.py took 0.062 seconds
[2026-07-13T11:13:57.859+0000] {processor.py:161} INFO - Started process (PID=994) to work on /home/airflow/.local/lib/python3.8/site-packages/airflow/example_dags/example_python_operator.py
[2026-07-13T11:13:57.860+0000] {processor.py:830} INFO - Processing file /home/airflow/.local/lib/python3.8/site-packages/airflow/example_dags/example_python_operator.py for tasks to queue
[2026-07-13T11:13:57.861+0000] {logging_mixin.py:188} INFO - [2026-07-13T11:13:57.861+0000] {dagbag.py:538} INFO - Filling up the DagBag from /home/airflow/.local/lib/python3.8/site-packages/airflow/example_dags/example_python_operator.py
[2026-07-13T11:13:57.868+0000] {processor.py:840} INFO - DAG(s) 'example_python_operator' retrieved from /home/airflow/.local/lib/python3.8/site-packages/airflow/example_dags/example_python_operator.py
[2026-07-13T11:13:57.884+0000] {logging_mixin.py:188} INFO - [2026-07-13T11:13:57.884+0000] {dag.py:3036} INFO - Sync 1 DAGs
[2026-07-13T11:13:57.892+0000] {logging_mixin.py:188} INFO - [2026-07-13T11:13:57.892+0000] {dag.py:3823} INFO - Setting next_dagrun for example_python_operator to None, run_after=None
[2026-07-13T11:13:57.905+0000] {processor.py:183} INFO - Processing /home/airflow/.local/lib/python3.8/site-packages/airflow/example_dags/example_python_operator.py took 0.049 seconds
[2026-07-13T11:17:29.216+0000] {processor.py:161} INFO - Started process (PID=100) to work on /home/airflow/.local/lib/python3.8/site-packages/airflow/example_dags/example_python_operator.py
[2026-07-13T11:17:29.218+0000] {processor.py:830} INFO - Processing file /home/airflow/.local/lib/python3.8/site-packages/airflow/example_dags/example_python_operator.py for tasks to queue
[2026-07-13T11:17:29.220+0000] {logging_mixin.py:188} INFO - [2026-07-13T11:17:29.220+0000] {dagbag.py:538} INFO - Filling up the DagBag from /home/airflow/.local/lib/python3.8/site-packages/airflow/example_dags/example_python_operator.py
[2026-07-13T11:17:29.238+0000] {processor.py:840} INFO - DAG(s) 'example_python_operator' retrieved from /home/airflow/.local/lib/python3.8/site-packages/airflow/example_dags/example_python_operator.py
[2026-07-13T11:17:29.378+0000] {logging_mixin.py:188} INFO - [2026-07-13T11:17:29.378+0000] {override.py:1769} INFO - Created Permission View: can read on DAG:example_python_operator
[2026-07-13T11:17:29.395+0000] {logging_mixin.py:188} INFO - [2026-07-13T11:17:29.395+0000] {override.py:1769} INFO - Created Permission View: can delete on DAG:example_python_operator
[2026-07-13T11:17:29.406+0000] {logging_mixin.py:188} INFO - [2026-07-13T11:17:29.405+0000] {override.py:1769} INFO - Created Permission View: can edit on DAG:example_python_operator
[2026-07-13T11:17:29.406+0000] {logging_mixin.py:188} INFO - [2026-07-13T11:17:29.406+0000] {dag.py:3036} INFO - Sync 1 DAGs
[2026-07-13T11:17:29.418+0000] {logging_mixin.py:188} INFO - [2026-07-13T11:17:29.418+0000] {dag.py:3058} INFO - Creating ORM DAG for example_python_operator
[2026-07-13T11:17:29.419+0000] {logging_mixin.py:188} INFO - [2026-07-13T11:17:29.419+0000] {dag.py:3823} INFO - Setting next_dagrun for example_python_operator to None, run_after=None
[2026-07-13T11:17:29.438+0000] {processor.py:183} INFO - Processing /home/airflow/.local/lib/python3.8/site-packages/airflow/example_dags/example_python_operator.py took 0.228 seconds
[2026-07-13T11:17:59.470+0000] {processor.py:161} INFO - Started process (PID=157) to work on /home/airflow/.local/lib/python3.8/site-packages/airflow/example_dags/example_python_operator.py
[2026-07-13T11:17:59.471+0000] {processor.py:830} INFO - Processing file /home/airflow/.local/lib/python3.8/site-packages/airflow/example_dags/example_python_operator.py for tasks to queue
[2026-07-13T11:17:59.473+0000] {logging_mixin.py:188} INFO - [2026-07-13T11:17:59.472+0000] {dagbag.py:538} INFO - Filling up the DagBag from /home/airflow/.local/lib/python3.8/site-packages/airflow/example_dags/example_python_operator.py
[2026-07-13T11:17:59.480+0000] {processor.py:840} INFO - DAG(s) 'example_python_operator' retrieved from /home/airflow/.local/lib/python3.8/site-packages/airflow/example_dags/example_python_operator.py
[2026-07-13T11:17:59.496+0000] {logging_mixin.py:188} INFO - [2026-07-13T11:17:59.496+0000] {dag.py:3036} INFO - Sync 1 DAGs
[2026-07-13T11:17:59.504+0000] {logging_mixin.py:188} INFO - [2026-07-13T11:17:59.504+0000] {dag.py:3823} INFO - Setting next_dagrun for example_python_operator to None, run_after=None
[2026-07-13T11:17:59.517+0000] {processor.py:183} INFO - Processing /home/airflow/.local/lib/python3.8/site-packages/airflow/example_dags/example_python_operator.py took 0.050 seconds
[2026-07-13T11:19:42.653+0000] {processor.py:161} INFO - Started process (PID=231) to work on /home/airflow/.local/lib/python3.8/site-packages/airflow/example_dags/example_python_operator.py
[2026-07-13T11:19:42.655+0000] {processor.py:830} INFO - Processing file /home/airflow/.local/lib/python3.8/site-packages/airflow/example_dags/example_python_operator.py for tasks to queue
[2026-07-13T11:19:42.658+0000] {logging_mixin.py:188} INFO - [2026-07-13T11:19:42.657+0000] {dagbag.py:538} INFO - Filling up the DagBag from /home/airflow/.local/lib/python3.8/site-packages/airflow/example_dags/example_python_operator.py
[2026-07-13T11:19:42.677+0000] {processor.py:840} INFO - DAG(s) 'example_python_operator' retrieved from /home/airflow/.local/lib/python3.8/site-packages/airflow/example_dags/example_python_operator.py
[2026-07-13T11:19:42.721+0000] {logging_mixin.py:188} INFO - [2026-07-13T11:19:42.721+0000] {dag.py:3036} INFO - Sync 1 DAGs
[2026-07-13T11:19:42.745+0000] {logging_mixin.py:188} INFO - [2026-07-13T11:19:42.744+0000] {dag.py:3823} INFO - Setting next_dagrun for example_python_operator to None, run_after=None
[2026-07-13T11:19:42.785+0000] {processor.py:183} INFO - Processing /home/airflow/.local/lib/python3.8/site-packages/airflow/example_dags/example_python_operator.py took 0.138 seconds
[2026-07-13T11:20:13.688+0000] {processor.py:161} INFO - Started process (PID=287) to work on /home/airflow/.local/lib/python3.8/site-packages/airflow/example_dags/example_python_operator.py
[2026-07-13T11:20:13.689+0000] {processor.py:830} INFO - Processing file /home/airflow/.local/lib/python3.8/site-packages/airflow/example_dags/example_python_operator.py for tasks to queue
[2026-07-13T11:20:13.690+0000] {logging_mixin.py:188} INFO - [2026-07-13T11:20:13.690+0000] {dagbag.py:538} INFO - Filling up the DagBag from /home/airflow/.local/lib/python3.8/site-packages/airflow/example_dags/example_python_operator.py
[2026-07-13T11:20:13.700+0000] {processor.py:840} INFO - DAG(s) 'example_python_operator' retrieved from /home/airflow/.local/lib/python3.8/site-packages/airflow/example_dags/example_python_operator.py
[2026-07-13T11:20:13.718+0000] {logging_mixin.py:188} INFO - [2026-07-13T11:20:13.718+0000] {dag.py:3036} INFO - Sync 1 DAGs
[2026-07-13T11:20:13.727+0000] {logging_mixin.py:188} INFO - [2026-07-13T11:20:13.727+0000] {dag.py:3823} INFO - Setting next_dagrun for example_python_operator to None, run_after=None
[2026-07-13T11:20:13.745+0000] {processor.py:183} INFO - Processing /home/airflow/.local/lib/python3.8/site-packages/airflow/example_dags/example_python_operator.py took 0.061 seconds
[2026-07-13T11:20:44.131+0000] {processor.py:161} INFO - Started process (PID=343) to work on /home/airflow/.local/lib/python3.8/site-packages/airflow/example_dags/example_python_operator.py
[2026-07-13T11:20:44.132+0000] {processor.py:830} INFO - Processing file /home/airflow/.local/lib/python3.8/site-packages/airflow/example_dags/example_python_operator.py for tasks to queue
[2026-07-13T11:20:44.133+0000] {logging_mixin.py:188} INFO - [2026-07-13T11:20:44.133+0000] {dagbag.py:538} INFO - Filling up the DagBag from /home/airflow/.local/lib/python3.8/site-packages/airflow/example_dags/example_python_operator.py
[2026-07-13T11:20:44.141+0000] {processor.py:840} INFO - DAG(s) 'example_python_operator' retrieved from /home/airflow/.local/lib/python3.8/site-packages/airflow/example_dags/example_python_operator.py
[2026-07-13T11:20:44.160+0000] {logging_mixin.py:188} INFO - [2026-07-13T11:20:44.160+0000] {dag.py:3036} INFO - Sync 1 DAGs
[2026-07-13T11:20:44.172+0000] {logging_mixin.py:188} INFO - [2026-07-13T11:20:44.172+0000] {dag.py:3823} INFO - Setting next_dagrun for example_python_operator to None, run_after=None
[2026-07-13T11:20:44.187+0000] {processor.py:183} INFO - Processing /home/airflow/.local/lib/python3.8/site-packages/airflow/example_dags/example_python_operator.py took 0.059 seconds
[2026-07-13T11:21:15.221+0000] {processor.py:161} INFO - Started process (PID=398) to work on /home/airflow/.local/lib/python3.8/site-packages/airflow/example_dags/example_python_operator.py
[2026-07-13T11:21:15.222+0000] {processor.py:830} INFO - Processing file /home/airflow/.local/lib/python3.8/site-packages/airflow/example_dags/example_python_operator.py for tasks to queue
[2026-07-13T11:21:15.224+0000] {logging_mixin.py:188} INFO - [2026-07-13T11:21:15.223+0000] {dagbag.py:538} INFO - Filling up the DagBag from /home/airflow/.local/lib/python3.8/site-packages/airflow/example_dags/example_python_operator.py
[2026-07-13T11:21:15.231+0000] {processor.py:840} INFO - DAG(s) 'example_python_operator' retrieved from /home/airflow/.local/lib/python3.8/site-packages/airflow/example_dags/example_python_operator.py
[2026-07-13T11:21:15.248+0000] {logging_mixin.py:188} INFO - [2026-07-13T11:21:15.248+0000] {dag.py:3036} INFO - Sync 1 DAGs
[2026-07-13T11:21:15.256+0000] {logging_mixin.py:188} INFO - [2026-07-13T11:21:15.256+0000] {dag.py:3823} INFO - Setting next_dagrun for example_python_operator to None, run_after=None
[2026-07-13T11:21:15.270+0000] {processor.py:183} INFO - Processing /home/airflow/.local/lib/python3.8/site-packages/airflow/example_dags/example_python_operator.py took 0.051 seconds
[2026-07-13T11:21:45.678+0000] {processor.py:161} INFO - Started process (PID=454) to work on /home/airflow/.local/lib/python3.8/site-packages/airflow/example_dags/example_python_operator.py
[2026-07-13T11:21:45.679+0000] {processor.py:830} INFO - Processing file /home/airflow/.local/lib/python3.8/site-packages/airflow/example_dags/example_python_operator.py for tasks to queue
[2026-07-13T11:21:45.681+0000] {logging_mixin.py:188} INFO - [2026-07-13T11:21:45.680+0000] {dagbag.py:538} INFO - Filling up the DagBag from /home/airflow/.local/lib/python3.8/site-packages/airflow/example_dags/example_python_operator.py
[2026-07-13T11:21:45.688+0000] {processor.py:840} INFO - DAG(s) 'example_python_operator' retrieved from /home/airflow/.local/lib/python3.8/site-packages/airflow/example_dags/example_python_operator.py
[2026-07-13T11:21:45.705+0000] {logging_mixin.py:188} INFO - [2026-07-13T11:21:45.705+0000] {dag.py:3036} INFO - Sync 1 DAGs
[2026-07-13T11:21:45.714+0000] {logging_mixin.py:188} INFO - [2026-07-13T11:21:45.714+0000] {dag.py:3823} INFO - Setting next_dagrun for example_python_operator to None, run_after=None
[2026-07-13T11:21:45.733+0000] {processor.py:183} INFO - Processing /home/airflow/.local/lib/python3.8/site-packages/airflow/example_dags/example_python_operator.py took 0.057 seconds
[2026-07-13T11:22:16.552+0000] {processor.py:161} INFO - Started process (PID=504) to work on /home/airflow/.local/lib/python3.8/site-packages/airflow/example_dags/example_python_operator.py
[2026-07-13T11:22:16.553+0000] {processor.py:830} INFO - Processing file /home/airflow/.local/lib/python3.8/site-packages/airflow/example_dags/example_python_operator.py for tasks to queue
[2026-07-13T11:22:16.555+0000] {logging_mixin.py:188} INFO - [2026-07-13T11:22:16.554+0000] {dagbag.py:538} INFO - Filling up the DagBag from /home/airflow/.local/lib/python3.8/site-packages/airflow/example_dags/example_python_operator.py
[2026-07-13T11:22:16.562+0000] {processor.py:840} INFO - DAG(s) 'example_python_operator' retrieved from /home/airflow/.local/lib/python3.8/site-packages/airflow/example_dags/example_python_operator.py
[2026-07-13T11:22:16.579+0000] {logging_mixin.py:188} INFO - [2026-07-13T11:22:16.578+0000] {dag.py:3036} INFO - Sync 1 DAGs
[2026-07-13T11:22:16.587+0000] {logging_mixin.py:188} INFO - [2026-07-13T11:22:16.587+0000] {dag.py:3823} INFO - Setting next_dagrun for example_python_operator to None, run_after=None
[2026-07-13T11:22:16.600+0000] {processor.py:183} INFO - Processing /home/airflow/.local/lib/python3.8/site-packages/airflow/example_dags/example_python_operator.py took 0.051 seconds
[2026-07-13T11:22:46.685+0000] {processor.py:161} INFO - Started process (PID=560) to work on /home/airflow/.local/lib/python3.8/site-packages/airflow/example_dags/example_python_operator.py
[2026-07-13T11:22:46.686+0000] {processor.py:830} INFO - Processing file /home/airflow/.local/lib/python3.8/site-packages/airflow/example_dags/example_python_operator.py for tasks to queue
[2026-07-13T11:22:46.688+0000] {logging_mixin.py:188} INFO - [2026-07-13T11:22:46.688+0000] {dagbag.py:538} INFO - Filling up the DagBag from /home/airflow/.local/lib/python3.8/site-packages/airflow/example_dags/example_python_operator.py
[2026-07-13T11:22:46.697+0000] {processor.py:840} INFO - DAG(s) 'example_python_operator' retrieved from /home/airflow/.local/lib/python3.8/site-packages/airflow/example_dags/example_python_operator.py
[2026-07-13T11:22:46.713+0000] {logging_mixin.py:188} INFO - [2026-07-13T11:22:46.713+0000] {dag.py:3036} INFO - Sync 1 DAGs
[2026-07-13T11:22:46.723+0000] {logging_mixin.py:188} INFO - [2026-07-13T11:22:46.722+0000] {dag.py:3823} INFO - Setting next_dagrun for example_python_operator to None, run_after=None
[2026-07-13T11:22:46.738+0000] {processor.py:183} INFO - Processing /home/airflow/.local/lib/python3.8/site-packages/airflow/example_dags/example_python_operator.py took 0.055 seconds
[2026-07-13T11:23:17.048+0000] {processor.py:161} INFO - Started process (PID=615) to work on /home/airflow/.local/lib/python3.8/site-packages/airflow/example_dags/example_python_operator.py
[2026-07-13T11:23:17.049+0000] {processor.py:830} INFO - Processing file /home/airflow/.local/lib/python3.8/site-packages/airflow/example_dags/example_python_operator.py for tasks to queue
[2026-07-13T11:23:17.051+0000] {logging_mixin.py:188} INFO - [2026-07-13T11:23:17.050+0000] {dagbag.py:538} INFO - Filling up the DagBag from /home/airflow/.local/lib/python3.8/site-packages/airflow/example_dags/example_python_operator.py
[2026-07-13T11:23:17.059+0000] {processor.py:840} INFO - DAG(s) 'example_python_operator' retrieved from /home/airflow/.local/lib/python3.8/site-packages/airflow/example_dags/example_python_operator.py
[2026-07-13T11:23:17.076+0000] {logging_mixin.py:188} INFO - [2026-07-13T11:23:17.075+0000] {dag.py:3036} INFO - Sync 1 DAGs
[2026-07-13T11:23:17.084+0000] {logging_mixin.py:188} INFO - [2026-07-13T11:23:17.084+0000] {dag.py:3823} INFO - Setting next_dagrun for example_python_operator to None, run_after=None
[2026-07-13T11:23:17.097+0000] {processor.py:183} INFO - Processing /home/airflow/.local/lib/python3.8/site-packages/airflow/example_dags/example_python_operator.py took 0.051 seconds
[2026-07-13T11:23:47.322+0000] {processor.py:161} INFO - Started process (PID=671) to work on /home/airflow/.local/lib/python3.8/site-packages/airflow/example_dags/example_python_operator.py
[2026-07-13T11:23:47.323+0000] {processor.py:830} INFO - Processing file /home/airflow/.local/lib/python3.8/site-packages/airflow/example_dags/example_python_operator.py for tasks to queue
[2026-07-13T11:23:47.325+0000] {logging_mixin.py:188} INFO - [2026-07-13T11:23:47.324+0000] {dagbag.py:538} INFO - Filling up the DagBag from /home/airflow/.local/lib/python3.8/site-packages/airflow/example_dags/example_python_operator.py
[2026-07-13T11:23:47.332+0000] {processor.py:840} INFO - DAG(s) 'example_python_operator' retrieved from /home/airflow/.local/lib/python3.8/site-packages/airflow/example_dags/example_python_operator.py
[2026-07-13T11:23:47.361+0000] {logging_mixin.py:188} INFO - [2026-07-13T11:23:47.361+0000] {dag.py:3036} INFO - Sync 1 DAGs
[2026-07-13T11:23:47.379+0000] {logging_mixin.py:188} INFO - [2026-07-13T11:23:47.379+0000] {dag.py:3823} INFO - Setting next_dagrun for example_python_operator to None, run_after=None
[2026-07-13T11:23:47.411+0000] {processor.py:183} INFO - Processing /home/airflow/.local/lib/python3.8/site-packages/airflow/example_dags/example_python_operator.py took 0.091 seconds
[2026-07-13T11:24:18.136+0000] {processor.py:161} INFO - Started process (PID=728) to work on /home/airflow/.local/lib/python3.8/site-packages/airflow/example_dags/example_python_operator.py
[2026-07-13T11:24:18.137+0000] {processor.py:830} INFO - Processing file /home/airflow/.local/lib/python3.8/site-packages/airflow/example_dags/example_python_operator.py for tasks to queue
[2026-07-13T11:24:18.140+0000] {logging_mixin.py:188} INFO - [2026-07-13T11:24:18.139+0000] {dagbag.py:538} INFO - Filling up the DagBag from /home/airflow/.local/lib/python3.8/site-packages/airflow/example_dags/example_python_operator.py
[2026-07-13T11:24:18.148+0000] {processor.py:840} INFO - DAG(s) 'example_python_operator' retrieved from /home/airflow/.local/lib/python3.8/site-packages/airflow/example_dags/example_python_operator.py
[2026-07-13T11:24:18.164+0000] {logging_mixin.py:188} INFO - [2026-07-13T11:24:18.164+0000] {dag.py:3036} INFO - Sync 1 DAGs
[2026-07-13T11:24:18.172+0000] {logging_mixin.py:188} INFO - [2026-07-13T11:24:18.172+0000] {dag.py:3823} INFO - Setting next_dagrun for example_python_operator to None, run_after=None
[2026-07-13T11:24:18.185+0000] {processor.py:183} INFO - Processing /home/airflow/.local/lib/python3.8/site-packages/airflow/example_dags/example_python_operator.py took 0.052 seconds
[2026-07-13T11:24:49.653+0000] {processor.py:161} INFO - Started process (PID=793) to work on /home/airflow/.local/lib/python3.8/site-packages/airflow/example_dags/example_python_operator.py
[2026-07-13T11:24:49.654+0000] {processor.py:830} INFO - Processing file /home/airflow/.local/lib/python3.8/site-packages/airflow/example_dags/example_python_operator.py for tasks to queue
[2026-07-13T11:24:49.657+0000] {logging_mixin.py:188} INFO - [2026-07-13T11:24:49.656+0000] {dagbag.py:538} INFO - Filling up the DagBag from /home/airflow/.local/lib/python3.8/site-packages/airflow/example_dags/example_python_operator.py
[2026-07-13T11:24:49.670+0000] {processor.py:840} INFO - DAG(s) 'example_python_operator' retrieved from /home/airflow/.local/lib/python3.8/site-packages/airflow/example_dags/example_python_operator.py
[2026-07-13T11:24:49.698+0000] {logging_mixin.py:188} INFO - [2026-07-13T11:24:49.698+0000] {dag.py:3036} INFO - Sync 1 DAGs
[2026-07-13T11:24:49.714+0000] {logging_mixin.py:188} INFO - [2026-07-13T11:24:49.713+0000] {dag.py:3823} INFO - Setting next_dagrun for example_python_operator to None, run_after=None
[2026-07-13T11:24:49.745+0000] {processor.py:183} INFO - Processing /home/airflow/.local/lib/python3.8/site-packages/airflow/example_dags/example_python_operator.py took 0.095 seconds
[2026-07-13T11:25:20.263+0000] {processor.py:161} INFO - Started process (PID=858) to work on /home/airflow/.local/lib/python3.8/site-packages/airflow/example_dags/example_python_operator.py
[2026-07-13T11:25:20.264+0000] {processor.py:830} INFO - Processing file /home/airflow/.local/lib/python3.8/site-packages/airflow/example_dags/example_python_operator.py for tasks to queue
[2026-07-13T11:25:20.268+0000] {logging_mixin.py:188} INFO - [2026-07-13T11:25:20.266+0000] {dagbag.py:538} INFO - Filling up the DagBag from /home/airflow/.local/lib/python3.8/site-packages/airflow/example_dags/example_python_operator.py
[2026-07-13T11:25:20.280+0000] {processor.py:840} INFO - DAG(s) 'example_python_operator' retrieved from /home/airflow/.local/lib/python3.8/site-packages/airflow/example_dags/example_python_operator.py
[2026-07-13T11:25:20.297+0000] {logging_mixin.py:188} INFO - [2026-07-13T11:25:20.297+0000] {dag.py:3036} INFO - Sync 1 DAGs
[2026-07-13T11:25:20.307+0000] {logging_mixin.py:188} INFO - [2026-07-13T11:25:20.306+0000] {dag.py:3823} INFO - Setting next_dagrun for example_python_operator to None, run_after=None
[2026-07-13T11:25:20.321+0000] {processor.py:183} INFO - Processing /home/airflow/.local/lib/python3.8/site-packages/airflow/example_dags/example_python_operator.py took 0.063 seconds
[2026-07-13T11:25:50.497+0000] {processor.py:161} INFO - Started process (PID=914) to work on /home/airflow/.local/lib/python3.8/site-packages/airflow/example_dags/example_python_operator.py
[2026-07-13T11:25:50.498+0000] {processor.py:830} INFO - Processing file /home/airflow/.local/lib/python3.8/site-packages/airflow/example_dags/example_python_operator.py for tasks to queue
[2026-07-13T11:25:50.500+0000] {logging_mixin.py:188} INFO - [2026-07-13T11:25:50.500+0000] {dagbag.py:538} INFO - Filling up the DagBag from /home/airflow/.local/lib/python3.8/site-packages/airflow/example_dags/example_python_operator.py
[2026-07-13T11:25:50.508+0000] {processor.py:840} INFO - DAG(s) 'example_python_operator' retrieved from /home/airflow/.local/lib/python3.8/site-packages/airflow/example_dags/example_python_operator.py
[2026-07-13T11:25:50.525+0000] {logging_mixin.py:188} INFO - [2026-07-13T11:25:50.525+0000] {dag.py:3036} INFO - Sync 1 DAGs
[2026-07-13T11:25:50.534+0000] {logging_mixin.py:188} INFO - [2026-07-13T11:25:50.534+0000] {dag.py:3823} INFO - Setting next_dagrun for example_python_operator to None, run_after=None
[2026-07-13T11:25:50.550+0000] {processor.py:183} INFO - Processing /home/airflow/.local/lib/python3.8/site-packages/airflow/example_dags/example_python_operator.py took 0.055 seconds
[2026-07-13T11:26:22.824+0000] {processor.py:161} INFO - Started process (PID=970) to work on /home/airflow/.local/lib/python3.8/site-packages/airflow/example_dags/example_python_operator.py
[2026-07-13T11:26:22.825+0000] {processor.py:830} INFO - Processing file /home/airflow/.local/lib/python3.8/site-packages/airflow/example_dags/example_python_operator.py for tasks to queue
[2026-07-13T11:26:22.827+0000] {logging_mixin.py:188} INFO - [2026-07-13T11:26:22.827+0000] {dagbag.py:538} INFO - Filling up the DagBag from /home/airflow/.local/lib/python3.8/site-packages/airflow/example_dags/example_python_operator.py
[2026-07-13T11:26:22.837+0000] {processor.py:840} INFO - DAG(s) 'example_python_operator' retrieved from /home/airflow/.local/lib/python3.8/site-packages/airflow/example_dags/example_python_operator.py
[2026-07-13T11:26:22.860+0000] {logging_mixin.py:188} INFO - [2026-07-13T11:26:22.859+0000] {dag.py:3036} INFO - Sync 1 DAGs
[2026-07-13T11:26:22.872+0000] {logging_mixin.py:188} INFO - [2026-07-13T11:26:22.872+0000] {dag.py:3823} INFO - Setting next_dagrun for example_python_operator to None, run_after=None
[2026-07-13T11:26:22.893+0000] {processor.py:183} INFO - Processing /home/airflow/.local/lib/python3.8/site-packages/airflow/example_dags/example_python_operator.py took 0.073 seconds
[2026-07-13T11:26:55.491+0000] {processor.py:161} INFO - Started process (PID=1026) to work on /home/airflow/.local/lib/python3.8/site-packages/airflow/example_dags/example_python_operator.py
[2026-07-13T11:26:55.492+0000] {processor.py:830} INFO - Processing file /home/airflow/.local/lib/python3.8/site-packages/airflow/example_dags/example_python_operator.py for tasks to queue
[2026-07-13T11:26:55.495+0000] {logging_mixin.py:188} INFO - [2026-07-13T11:26:55.495+0000] {dagbag.py:538} INFO - Filling up the DagBag from /home/airflow/.local/lib/python3.8/site-packages/airflow/example_dags/example_python_operator.py
[2026-07-13T11:26:55.505+0000] {processor.py:840} INFO - DAG(s) 'example_python_operator' retrieved from /home/airflow/.local/lib/python3.8/site-packages/airflow/example_dags/example_python_operator.py
[2026-07-13T11:26:55.531+0000] {logging_mixin.py:188} INFO - [2026-07-13T11:26:55.531+0000] {dag.py:3036} INFO - Sync 1 DAGs
[2026-07-13T11:26:55.541+0000] {logging_mixin.py:188} INFO - [2026-07-13T11:26:55.541+0000] {dag.py:3823} INFO - Setting next_dagrun for example_python_operator to None, run_after=None
[2026-07-13T11:26:55.568+0000] {processor.py:183} INFO - Processing /home/airflow/.local/lib/python3.8/site-packages/airflow/example_dags/example_python_operator.py took 0.082 seconds
[2026-07-13T11:27:28.344+0000] {processor.py:161} INFO - Started process (PID=1081) to work on /home/airflow/.local/lib/python3.8/site-packages/airflow/example_dags/example_python_operator.py
[2026-07-13T11:27:28.345+0000] {processor.py:830} INFO - Processing file /home/airflow/.local/lib/python3.8/site-packages/airflow/example_dags/example_python_operator.py for tasks to queue
[2026-07-13T11:27:28.346+0000] {logging_mixin.py:188} INFO - [2026-07-13T11:27:28.346+0000] {dagbag.py:538} INFO - Filling up the DagBag from /home/airflow/.local/lib/python3.8/site-packages/airflow/example_dags/example_python_operator.py
[2026-07-13T11:27:28.355+0000] {processor.py:840} INFO - DAG(s) 'example_python_operator' retrieved from /home/airflow/.local/lib/python3.8/site-packages/airflow/example_dags/example_python_operator.py
[2026-07-13T11:27:28.377+0000] {logging_mixin.py:188} INFO - [2026-07-13T11:27:28.376+0000] {dag.py:3036} INFO - Sync 1 DAGs
[2026-07-13T11:27:28.386+0000] {logging_mixin.py:188} INFO - [2026-07-13T11:27:28.386+0000] {dag.py:3823} INFO - Setting next_dagrun for example_python_operator to None, run_after=None
[2026-07-13T11:27:28.408+0000] {processor.py:183} INFO - Processing /home/airflow/.local/lib/python3.8/site-packages/airflow/example_dags/example_python_operator.py took 0.067 seconds
[2026-07-13T11:27:58.711+0000] {processor.py:161} INFO - Started process (PID=1138) to work on /home/airflow/.local/lib/python3.8/site-packages/airflow/example_dags/example_python_operator.py
[2026-07-13T11:27:58.712+0000] {processor.py:830} INFO - Processing file /home/airflow/.local/lib/python3.8/site-packages/airflow/example_dags/example_python_operator.py for tasks to queue
[2026-07-13T11:27:58.714+0000] {logging_mixin.py:188} INFO - [2026-07-13T11:27:58.714+0000] {dagbag.py:538} INFO - Filling up the DagBag from /home/airflow/.local/lib/python3.8/site-packages/airflow/example_dags/example_python_operator.py
[2026-07-13T11:27:58.725+0000] {processor.py:840} INFO - DAG(s) 'example_python_operator' retrieved from /home/airflow/.local/lib/python3.8/site-packages/airflow/example_dags/example_python_operator.py
[2026-07-13T11:27:58.748+0000] {logging_mixin.py:188} INFO - [2026-07-13T11:27:58.748+0000] {dag.py:3036} INFO - Sync 1 DAGs
[2026-07-13T11:27:58.763+0000] {logging_mixin.py:188} INFO - [2026-07-13T11:27:58.762+0000] {dag.py:3823} INFO - Setting next_dagrun for example_python_operator to None, run_after=None
[2026-07-13T11:27:58.795+0000] {processor.py:183} INFO - Processing /home/airflow/.local/lib/python3.8/site-packages/airflow/example_dags/example_python_operator.py took 0.088 seconds
[2026-07-13T11:28:28.943+0000] {processor.py:161} INFO - Started process (PID=1194) to work on /home/airflow/.local/lib/python3.8/site-packages/airflow/example_dags/example_python_operator.py
[2026-07-13T11:28:28.944+0000] {processor.py:830} INFO - Processing file /home/airflow/.local/lib/python3.8/site-packages/airflow/example_dags/example_python_operator.py for tasks to queue
[2026-07-13T11:28:28.945+0000] {logging_mixin.py:188} INFO - [2026-07-13T11:28:28.945+0000] {dagbag.py:538} INFO - Filling up the DagBag from /home/airflow/.local/lib/python3.8/site-packages/airflow/example_dags/example_python_operator.py
[2026-07-13T11:28:28.953+0000] {processor.py:840} INFO - DAG(s) 'example_python_operator' retrieved from /home/airflow/.local/lib/python3.8/site-packages/airflow/example_dags/example_python_operator.py
[2026-07-13T11:28:28.969+0000] {logging_mixin.py:188} INFO - [2026-07-13T11:28:28.969+0000] {dag.py:3036} INFO - Sync 1 DAGs
[2026-07-13T11:28:28.977+0000] {logging_mixin.py:188} INFO - [2026-07-13T11:28:28.977+0000] {dag.py:3823} INFO - Setting next_dagrun for example_python_operator to None, run_after=None
[2026-07-13T11:28:28.990+0000] {processor.py:183} INFO - Processing /home/airflow/.local/lib/python3.8/site-packages/airflow/example_dags/example_python_operator.py took 0.050 seconds
[2026-07-13T11:28:59.249+0000] {processor.py:161} INFO - Started process (PID=1250) to work on /home/airflow/.local/lib/python3.8/site-packages/airflow/example_dags/example_python_operator.py
[2026-07-13T11:28:59.250+0000] {processor.py:830} INFO - Processing file /home/airflow/.local/lib/python3.8/site-packages/airflow/example_dags/example_python_operator.py for tasks to queue
[2026-07-13T11:28:59.252+0000] {logging_mixin.py:188} INFO - [2026-07-13T11:28:59.252+0000] {dagbag.py:538} INFO - Filling up the DagBag from /home/airflow/.local/lib/python3.8/site-packages/airflow/example_dags/example_python_operator.py
[2026-07-13T11:28:59.260+0000] {processor.py:840} INFO - DAG(s) 'example_python_operator' retrieved from /home/airflow/.local/lib/python3.8/site-packages/airflow/example_dags/example_python_operator.py
[2026-07-13T11:28:59.278+0000] {logging_mixin.py:188} INFO - [2026-07-13T11:28:59.278+0000] {dag.py:3036} INFO - Sync 1 DAGs
[2026-07-13T11:28:59.286+0000] {logging_mixin.py:188} INFO - [2026-07-13T11:28:59.286+0000] {dag.py:3823} INFO - Setting next_dagrun for example_python_operator to None, run_after=None
[2026-07-13T11:28:59.302+0000] {processor.py:183} INFO - Processing /home/airflow/.local/lib/python3.8/site-packages/airflow/example_dags/example_python_operator.py took 0.056 seconds
[2026-07-13T11:29:29.723+0000] {processor.py:161} INFO - Started process (PID=1306) to work on /home/airflow/.local/lib/python3.8/site-packages/airflow/example_dags/example_python_operator.py
[2026-07-13T11:29:29.724+0000] {processor.py:830} INFO - Processing file /home/airflow/.local/lib/python3.8/site-packages/airflow/example_dags/example_python_operator.py for tasks to queue
[2026-07-13T11:29:29.725+0000] {logging_mixin.py:188} INFO - [2026-07-13T11:29:29.725+0000] {dagbag.py:538} INFO - Filling up the DagBag from /home/airflow/.local/lib/python3.8/site-packages/airflow/example_dags/example_python_operator.py
[2026-07-13T11:29:29.733+0000] {processor.py:840} INFO - DAG(s) 'example_python_operator' retrieved from /home/airflow/.local/lib/python3.8/site-packages/airflow/example_dags/example_python_operator.py
[2026-07-13T11:29:29.750+0000] {logging_mixin.py:188} INFO - [2026-07-13T11:29:29.750+0000] {dag.py:3036} INFO - Sync 1 DAGs
[2026-07-13T11:29:29.759+0000] {logging_mixin.py:188} INFO - [2026-07-13T11:29:29.759+0000] {dag.py:3823} INFO - Setting next_dagrun for example_python_operator to None, run_after=None
[2026-07-13T11:29:29.775+0000] {processor.py:183} INFO - Processing /home/airflow/.local/lib/python3.8/site-packages/airflow/example_dags/example_python_operator.py took 0.055 seconds
[2026-07-13T11:30:00.310+0000] {processor.py:161} INFO - Started process (PID=1362) to work on /home/airflow/.local/lib/python3.8/site-packages/airflow/example_dags/example_python_operator.py
[2026-07-13T11:30:00.311+0000] {processor.py:830} INFO - Processing file /home/airflow/.local/lib/python3.8/site-packages/airflow/example_dags/example_python_operator.py for tasks to queue
[2026-07-13T11:30:00.313+0000] {logging_mixin.py:188} INFO - [2026-07-13T11:30:00.312+0000] {dagbag.py:538} INFO - Filling up the DagBag from /home/airflow/.local/lib/python3.8/site-packages/airflow/example_dags/example_python_operator.py
[2026-07-13T11:30:00.321+0000] {processor.py:840} INFO - DAG(s) 'example_python_operator' retrieved from /home/airflow/.local/lib/python3.8/site-packages/airflow/example_dags/example_python_operator.py
[2026-07-13T11:30:00.337+0000] {logging_mixin.py:188} INFO - [2026-07-13T11:30:00.337+0000] {dag.py:3036} INFO - Sync 1 DAGs
[2026-07-13T11:30:00.346+0000] {logging_mixin.py:188} INFO - [2026-07-13T11:30:00.346+0000] {dag.py:3823} INFO - Setting next_dagrun for example_python_operator to None, run_after=None
[2026-07-13T11:30:00.362+0000] {processor.py:183} INFO - Processing /home/airflow/.local/lib/python3.8/site-packages/airflow/example_dags/example_python_operator.py took 0.055 seconds
[2026-07-13T11:30:30.386+0000] {processor.py:161} INFO - Started process (PID=1417) to work on /home/airflow/.local/lib/python3.8/site-packages/airflow/example_dags/example_python_operator.py
[2026-07-13T11:30:30.387+0000] {processor.py:830} INFO - Processing file /home/airflow/.local/lib/python3.8/site-packages/airflow/example_dags/example_python_operator.py for tasks to queue
[2026-07-13T11:30:30.388+0000] {logging_mixin.py:188} INFO - [2026-07-13T11:30:30.388+0000] {dagbag.py:538} INFO - Filling up the DagBag from /home/airflow/.local/lib/python3.8/site-packages/airflow/example_dags/example_python_operator.py
[2026-07-13T11:30:30.396+0000] {processor.py:840} INFO - DAG(s) 'example_python_operator' retrieved from /home/airflow/.local/lib/python3.8/site-packages/airflow/example_dags/example_python_operator.py
[2026-07-13T11:30:30.411+0000] {logging_mixin.py:188} INFO - [2026-07-13T11:30:30.411+0000] {dag.py:3036} INFO - Sync 1 DAGs
[2026-07-13T11:30:30.419+0000] {logging_mixin.py:188} INFO - [2026-07-13T11:30:30.419+0000] {dag.py:3823} INFO - Setting next_dagrun for example_python_operator to None, run_after=None
[2026-07-13T11:30:30.432+0000] {processor.py:183} INFO - Processing /home/airflow/.local/lib/python3.8/site-packages/airflow/example_dags/example_python_operator.py took 0.049 seconds
[2026-07-13T11:31:00.621+0000] {processor.py:161} INFO - Started process (PID=1474) to work on /home/airflow/.local/lib/python3.8/site-packages/airflow/example_dags/example_python_operator.py
[2026-07-13T11:31:00.622+0000] {processor.py:830} INFO - Processing file /home/airflow/.local/lib/python3.8/site-packages/airflow/example_dags/example_python_operator.py for tasks to queue
[2026-07-13T11:31:00.624+0000] {logging_mixin.py:188} INFO - [2026-07-13T11:31:00.623+0000] {dagbag.py:538} INFO - Filling up the DagBag from /home/airflow/.local/lib/python3.8/site-packages/airflow/example_dags/example_python_operator.py
[2026-07-13T11:31:00.631+0000] {processor.py:840} INFO - DAG(s) 'example_python_operator' retrieved from /home/airflow/.local/lib/python3.8/site-packages/airflow/example_dags/example_python_operator.py
[2026-07-13T11:31:00.648+0000] {logging_mixin.py:188} INFO - [2026-07-13T11:31:00.648+0000] {dag.py:3036} INFO - Sync 1 DAGs
[2026-07-13T11:31:00.657+0000] {logging_mixin.py:188} INFO - [2026-07-13T11:31:00.656+0000] {dag.py:3823} INFO - Setting next_dagrun for example_python_operator to None, run_after=None
[2026-07-13T11:31:00.671+0000] {processor.py:183} INFO - Processing /home/airflow/.local/lib/python3.8/site-packages/airflow/example_dags/example_python_operator.py took 0.052 seconds
[2026-07-13T11:31:30.752+0000] {processor.py:161} INFO - Started process (PID=1530) to work on /home/airflow/.local/lib/python3.8/site-packages/airflow/example_dags/example_python_operator.py
[2026-07-13T11:31:30.753+0000] {processor.py:830} INFO - Processing file /home/airflow/.local/lib/python3.8/site-packages/airflow/example_dags/example_python_operator.py for tasks to queue
[2026-07-13T11:31:30.754+0000] {logging_mixin.py:188} INFO - [2026-07-13T11:31:30.754+0000] {dagbag.py:538} INFO - Filling up the DagBag from /home/airflow/.local/lib/python3.8/site-packages/airflow/example_dags/example_python_operator.py
[2026-07-13T11:31:30.765+0000] {processor.py:840} INFO - DAG(s) 'example_python_operator' retrieved from /home/airflow/.local/lib/python3.8/site-packages/airflow/example_dags/example_python_operator.py
[2026-07-13T11:31:30.783+0000] {logging_mixin.py:188} INFO - [2026-07-13T11:31:30.783+0000] {dag.py:3036} INFO - Sync 1 DAGs
[2026-07-13T11:31:30.793+0000] {logging_mixin.py:188} INFO - [2026-07-13T11:31:30.793+0000] {dag.py:3823} INFO - Setting next_dagrun for example_python_operator to None, run_after=None
[2026-07-13T11:31:30.809+0000] {processor.py:183} INFO - Processing /home/airflow/.local/lib/python3.8/site-packages/airflow/example_dags/example_python_operator.py took 0.060 seconds
[2026-07-13T11:32:01.202+0000] {processor.py:161} INFO - Started process (PID=1586) to work on /home/airflow/.local/lib/python3.8/site-packages/airflow/example_dags/example_python_operator.py
[2026-07-13T11:32:01.203+0000] {processor.py:830} INFO - Processing file /home/airflow/.local/lib/python3.8/site-packages/airflow/example_dags/example_python_operator.py for tasks to queue
[2026-07-13T11:32:01.204+0000] {logging_mixin.py:188} INFO - [2026-07-13T11:32:01.204+0000] {dagbag.py:538} INFO - Filling up the DagBag from /home/airflow/.local/lib/python3.8/site-packages/airflow/example_dags/example_python_operator.py
[2026-07-13T11:32:01.212+0000] {processor.py:840} INFO - DAG(s) 'example_python_operator' retrieved from /home/airflow/.local/lib/python3.8/site-packages/airflow/example_dags/example_python_operator.py
[2026-07-13T11:32:01.228+0000] {logging_mixin.py:188} INFO - [2026-07-13T11:32:01.228+0000] {dag.py:3036} INFO - Sync 1 DAGs
[2026-07-13T11:32:01.236+0000] {logging_mixin.py:188} INFO - [2026-07-13T11:32:01.236+0000] {dag.py:3823} INFO - Setting next_dagrun for example_python_operator to None, run_after=None
[2026-07-13T11:32:01.249+0000] {processor.py:183} INFO - Processing /home/airflow/.local/lib/python3.8/site-packages/airflow/example_dags/example_python_operator.py took 0.050 seconds
[2026-07-13T11:32:31.611+0000] {processor.py:161} INFO - Started process (PID=1642) to work on /home/airflow/.local/lib/python3.8/site-packages/airflow/example_dags/example_python_operator.py
[2026-07-13T11:32:31.612+0000] {processor.py:830} INFO - Processing file /home/airflow/.local/lib/python3.8/site-packages/airflow/example_dags/example_python_operator.py for tasks to queue
[2026-07-13T11:32:31.614+0000] {logging_mixin.py:188} INFO - [2026-07-13T11:32:31.613+0000] {dagbag.py:538} INFO - Filling up the DagBag from /home/airflow/.local/lib/python3.8/site-packages/airflow/example_dags/example_python_operator.py
[2026-07-13T11:32:31.622+0000] {processor.py:840} INFO - DAG(s) 'example_python_operator' retrieved from /home/airflow/.local/lib/python3.8/site-packages/airflow/example_dags/example_python_operator.py
[2026-07-13T11:32:31.639+0000] {logging_mixin.py:188} INFO - [2026-07-13T11:32:31.639+0000] {dag.py:3036} INFO - Sync 1 DAGs
[2026-07-13T11:32:31.648+0000] {logging_mixin.py:188} INFO - [2026-07-13T11:32:31.648+0000] {dag.py:3823} INFO - Setting next_dagrun for example_python_operator to None, run_after=None
[2026-07-13T11:32:31.662+0000] {processor.py:183} INFO - Processing /home/airflow/.local/lib/python3.8/site-packages/airflow/example_dags/example_python_operator.py took 0.054 seconds
[2026-07-13T11:33:01.890+0000] {processor.py:161} INFO - Started process (PID=1698) to work on /home/airflow/.local/lib/python3.8/site-packages/airflow/example_dags/example_python_operator.py
[2026-07-13T11:33:01.891+0000] {processor.py:830} INFO - Processing file /home/airflow/.local/lib/python3.8/site-packages/airflow/example_dags/example_python_operator.py for tasks to queue
[2026-07-13T11:33:01.892+0000] {logging_mixin.py:188} INFO - [2026-07-13T11:33:01.892+0000] {dagbag.py:538} INFO - Filling up the DagBag from /home/airflow/.local/lib/python3.8/site-packages/airflow/example_dags/example_python_operator.py
[2026-07-13T11:33:01.900+0000] {processor.py:840} INFO - DAG(s) 'example_python_operator' retrieved from /home/airflow/.local/lib/python3.8/site-packages/airflow/example_dags/example_python_operator.py
[2026-07-13T11:33:01.916+0000] {logging_mixin.py:188} INFO - [2026-07-13T11:33:01.916+0000] {dag.py:3036} INFO - Sync 1 DAGs
[2026-07-13T11:33:01.924+0000] {logging_mixin.py:188} INFO - [2026-07-13T11:33:01.924+0000] {dag.py:3823} INFO - Setting next_dagrun for example_python_operator to None, run_after=None
[2026-07-13T11:33:01.938+0000] {processor.py:183} INFO - Processing /home/airflow/.local/lib/python3.8/site-packages/airflow/example_dags/example_python_operator.py took 0.051 seconds
[2026-07-13T11:33:32.182+0000] {processor.py:161} INFO - Started process (PID=1748) to work on /home/airflow/.local/lib/python3.8/site-packages/airflow/example_dags/example_python_operator.py
[2026-07-13T11:33:32.183+0000] {processor.py:830} INFO - Processing file /home/airflow/.local/lib/python3.8/site-packages/airflow/example_dags/example_python_operator.py for tasks to queue
[2026-07-13T11:33:32.185+0000] {logging_mixin.py:188} INFO - [2026-07-13T11:33:32.184+0000] {dagbag.py:538} INFO - Filling up the DagBag from /home/airflow/.local/lib/python3.8/site-packages/airflow/example_dags/example_python_operator.py
[2026-07-13T11:33:32.193+0000] {processor.py:840} INFO - DAG(s) 'example_python_operator' retrieved from /home/airflow/.local/lib/python3.8/site-packages/airflow/example_dags/example_python_operator.py
[2026-07-13T11:33:32.210+0000] {logging_mixin.py:188} INFO - [2026-07-13T11:33:32.210+0000] {dag.py:3036} INFO - Sync 1 DAGs
[2026-07-13T11:33:32.219+0000] {logging_mixin.py:188} INFO - [2026-07-13T11:33:32.219+0000] {dag.py:3823} INFO - Setting next_dagrun for example_python_operator to None, run_after=None
[2026-07-13T11:33:32.233+0000] {processor.py:183} INFO - Processing /home/airflow/.local/lib/python3.8/site-packages/airflow/example_dags/example_python_operator.py took 0.053 seconds
[2026-07-13T11:34:04.674+0000] {processor.py:161} INFO - Started process (PID=1810) to work on /home/airflow/.local/lib/python3.8/site-packages/airflow/example_dags/example_python_operator.py
[2026-07-13T11:34:04.675+0000] {processor.py:830} INFO - Processing file /home/airflow/.local/lib/python3.8/site-packages/airflow/example_dags/example_python_operator.py for tasks to queue
[2026-07-13T11:34:04.676+0000] {logging_mixin.py:188} INFO - [2026-07-13T11:34:04.676+0000] {dagbag.py:538} INFO - Filling up the DagBag from /home/airflow/.local/lib/python3.8/site-packages/airflow/example_dags/example_python_operator.py
[2026-07-13T11:34:04.684+0000] {processor.py:840} INFO - DAG(s) 'example_python_operator' retrieved from /home/airflow/.local/lib/python3.8/site-packages/airflow/example_dags/example_python_operator.py
[2026-07-13T11:34:04.707+0000] {logging_mixin.py:188} INFO - [2026-07-13T11:34:04.707+0000] {dag.py:3036} INFO - Sync 1 DAGs
[2026-07-13T11:34:04.715+0000] {logging_mixin.py:188} INFO - [2026-07-13T11:34:04.715+0000] {dag.py:3823} INFO - Setting next_dagrun for example_python_operator to None, run_after=None
[2026-07-13T11:34:04.730+0000] {processor.py:183} INFO - Processing /home/airflow/.local/lib/python3.8/site-packages/airflow/example_dags/example_python_operator.py took 0.059 seconds
[2026-07-13T11:34:37.030+0000] {processor.py:161} INFO - Started process (PID=1866) to work on /home/airflow/.local/lib/python3.8/site-packages/airflow/example_dags/example_python_operator.py
[2026-07-13T11:34:37.032+0000] {processor.py:830} INFO - Processing file /home/airflow/.local/lib/python3.8/site-packages/airflow/example_dags/example_python_operator.py for tasks to queue
[2026-07-13T11:34:37.035+0000] {logging_mixin.py:188} INFO - [2026-07-13T11:34:37.035+0000] {dagbag.py:538} INFO - Filling up the DagBag from /home/airflow/.local/lib/python3.8/site-packages/airflow/example_dags/example_python_operator.py
[2026-07-13T11:34:37.053+0000] {processor.py:840} INFO - DAG(s) 'example_python_operator' retrieved from /home/airflow/.local/lib/python3.8/site-packages/airflow/example_dags/example_python_operator.py
[2026-07-13T11:34:37.089+0000] {logging_mixin.py:188} INFO - [2026-07-13T11:34:37.089+0000] {dag.py:3036} INFO - Sync 1 DAGs
[2026-07-13T11:34:37.106+0000] {logging_mixin.py:188} INFO - [2026-07-13T11:34:37.106+0000] {dag.py:3823} INFO - Setting next_dagrun for example_python_operator to None, run_after=None
[2026-07-13T11:34:37.135+0000] {processor.py:183} INFO - Processing /home/airflow/.local/lib/python3.8/site-packages/airflow/example_dags/example_python_operator.py took 0.113 seconds
[2026-07-13T11:35:07.927+0000] {processor.py:161} INFO - Started process (PID=1922) to work on /home/airflow/.local/lib/python3.8/site-packages/airflow/example_dags/example_python_operator.py
[2026-07-13T11:35:07.928+0000] {processor.py:830} INFO - Processing file /home/airflow/.local/lib/python3.8/site-packages/airflow/example_dags/example_python_operator.py for tasks to queue
[2026-07-13T11:35:07.933+0000] {logging_mixin.py:188} INFO - [2026-07-13T11:35:07.932+0000] {dagbag.py:538} INFO - Filling up the DagBag from /home/airflow/.local/lib/python3.8/site-packages/airflow/example_dags/example_python_operator.py
[2026-07-13T11:35:07.956+0000] {processor.py:840} INFO - DAG(s) 'example_python_operator' retrieved from /home/airflow/.local/lib/python3.8/site-packages/airflow/example_dags/example_python_operator.py
[2026-07-13T11:35:07.980+0000] {logging_mixin.py:188} INFO - [2026-07-13T11:35:07.980+0000] {dag.py:3036} INFO - Sync 1 DAGs
[2026-07-13T11:35:07.991+0000] {logging_mixin.py:188} INFO - [2026-07-13T11:35:07.991+0000] {dag.py:3823} INFO - Setting next_dagrun for example_python_operator to None, run_after=None
[2026-07-13T11:35:08.012+0000] {processor.py:183} INFO - Processing /home/airflow/.local/lib/python3.8/site-packages/airflow/example_dags/example_python_operator.py took 0.090 seconds
[2026-07-13T11:35:38.033+0000] {processor.py:161} INFO - Started process (PID=1971) to work on /home/airflow/.local/lib/python3.8/site-packages/airflow/example_dags/example_python_operator.py
[2026-07-13T11:35:38.034+0000] {processor.py:830} INFO - Processing file /home/airflow/.local/lib/python3.8/site-packages/airflow/example_dags/example_python_operator.py for tasks to queue
[2026-07-13T11:35:38.035+0000] {logging_mixin.py:188} INFO - [2026-07-13T11:35:38.035+0000] {dagbag.py:538} INFO - Filling up the DagBag from /home/airflow/.local/lib/python3.8/site-packages/airflow/example_dags/example_python_operator.py
[2026-07-13T11:35:38.044+0000] {processor.py:840} INFO - DAG(s) 'example_python_operator' retrieved from /home/airflow/.local/lib/python3.8/site-packages/airflow/example_dags/example_python_operator.py
[2026-07-13T11:35:38.060+0000] {logging_mixin.py:188} INFO - [2026-07-13T11:35:38.060+0000] {dag.py:3036} INFO - Sync 1 DAGs
[2026-07-13T11:35:38.069+0000] {logging_mixin.py:188} INFO - [2026-07-13T11:35:38.069+0000] {dag.py:3823} INFO - Setting next_dagrun for example_python_operator to None, run_after=None
[2026-07-13T11:35:38.083+0000] {processor.py:183} INFO - Processing /home/airflow/.local/lib/python3.8/site-packages/airflow/example_dags/example_python_operator.py took 0.052 seconds
[2026-07-13T11:36:09.089+0000] {processor.py:161} INFO - Started process (PID=2028) to work on /home/airflow/.local/lib/python3.8/site-packages/airflow/example_dags/example_python_operator.py
[2026-07-13T11:36:09.090+0000] {processor.py:830} INFO - Processing file /home/airflow/.local/lib/python3.8/site-packages/airflow/example_dags/example_python_operator.py for tasks to queue
[2026-07-13T11:36:09.092+0000] {logging_mixin.py:188} INFO - [2026-07-13T11:36:09.092+0000] {dagbag.py:538} INFO - Filling up the DagBag from /home/airflow/.local/lib/python3.8/site-packages/airflow/example_dags/example_python_operator.py
[2026-07-13T11:36:09.099+0000] {processor.py:840} INFO - DAG(s) 'example_python_operator' retrieved from /home/airflow/.local/lib/python3.8/site-packages/airflow/example_dags/example_python_operator.py
[2026-07-13T11:36:09.114+0000] {logging_mixin.py:188} INFO - [2026-07-13T11:36:09.114+0000] {dag.py:3036} INFO - Sync 1 DAGs
[2026-07-13T11:36:09.122+0000] {logging_mixin.py:188} INFO - [2026-07-13T11:36:09.122+0000] {dag.py:3823} INFO - Setting next_dagrun for example_python_operator to None, run_after=None
[2026-07-13T11:36:09.136+0000] {processor.py:183} INFO - Processing /home/airflow/.local/lib/python3.8/site-packages/airflow/example_dags/example_python_operator.py took 0.049 seconds
[2026-07-13T11:36:39.576+0000] {processor.py:161} INFO - Started process (PID=2084) to work on /home/airflow/.local/lib/python3.8/site-packages/airflow/example_dags/example_python_operator.py
[2026-07-13T11:36:39.577+0000] {processor.py:830} INFO - Processing file /home/airflow/.local/lib/python3.8/site-packages/airflow/example_dags/example_python_operator.py for tasks to queue
[2026-07-13T11:36:39.579+0000] {logging_mixin.py:188} INFO - [2026-07-13T11:36:39.579+0000] {dagbag.py:538} INFO - Filling up the DagBag from /home/airflow/.local/lib/python3.8/site-packages/airflow/example_dags/example_python_operator.py
[2026-07-13T11:36:39.587+0000] {processor.py:840} INFO - DAG(s) 'example_python_operator' retrieved from /home/airflow/.local/lib/python3.8/site-packages/airflow/example_dags/example_python_operator.py
[2026-07-13T11:36:39.602+0000] {logging_mixin.py:188} INFO - [2026-07-13T11:36:39.602+0000] {dag.py:3036} INFO - Sync 1 DAGs
[2026-07-13T11:36:39.610+0000] {logging_mixin.py:188} INFO - [2026-07-13T11:36:39.610+0000] {dag.py:3823} INFO - Setting next_dagrun for example_python_operator to None, run_after=None
[2026-07-13T11:36:39.624+0000] {processor.py:183} INFO - Processing /home/airflow/.local/lib/python3.8/site-packages/airflow/example_dags/example_python_operator.py took 0.050 seconds
[2026-07-13T11:37:09.893+0000] {processor.py:161} INFO - Started process (PID=2140) to work on /home/airflow/.local/lib/python3.8/site-packages/airflow/example_dags/example_python_operator.py
[2026-07-13T11:37:09.894+0000] {processor.py:830} INFO - Processing file /home/airflow/.local/lib/python3.8/site-packages/airflow/example_dags/example_python_operator.py for tasks to queue
[2026-07-13T11:37:09.895+0000] {logging_mixin.py:188} INFO - [2026-07-13T11:37:09.895+0000] {dagbag.py:538} INFO - Filling up the DagBag from /home/airflow/.local/lib/python3.8/site-packages/airflow/example_dags/example_python_operator.py
[2026-07-13T11:37:09.903+0000] {processor.py:840} INFO - DAG(s) 'example_python_operator' retrieved from /home/airflow/.local/lib/python3.8/site-packages/airflow/example_dags/example_python_operator.py
[2026-07-13T11:37:09.918+0000] {logging_mixin.py:188} INFO - [2026-07-13T11:37:09.918+0000] {dag.py:3036} INFO - Sync 1 DAGs
[2026-07-13T11:37:09.927+0000] {logging_mixin.py:188} INFO - [2026-07-13T11:37:09.927+0000] {dag.py:3823} INFO - Setting next_dagrun for example_python_operator to None, run_after=None
[2026-07-13T11:37:09.944+0000] {processor.py:183} INFO - Processing /home/airflow/.local/lib/python3.8/site-packages/airflow/example_dags/example_python_operator.py took 0.054 seconds
[2026-07-13T11:37:40.124+0000] {processor.py:161} INFO - Started process (PID=2196) to work on /home/airflow/.local/lib/python3.8/site-packages/airflow/example_dags/example_python_operator.py
[2026-07-13T11:37:40.125+0000] {processor.py:830} INFO - Processing file /home/airflow/.local/lib/python3.8/site-packages/airflow/example_dags/example_python_operator.py for tasks to queue
[2026-07-13T11:37:40.126+0000] {logging_mixin.py:188} INFO - [2026-07-13T11:37:40.126+0000] {dagbag.py:538} INFO - Filling up the DagBag from /home/airflow/.local/lib/python3.8/site-packages/airflow/example_dags/example_python_operator.py
[2026-07-13T11:37:40.135+0000] {processor.py:840} INFO - DAG(s) 'example_python_operator' retrieved from /home/airflow/.local/lib/python3.8/site-packages/airflow/example_dags/example_python_operator.py
[2026-07-13T11:37:40.154+0000] {logging_mixin.py:188} INFO - [2026-07-13T11:37:40.154+0000] {dag.py:3036} INFO - Sync 1 DAGs
[2026-07-13T11:37:40.164+0000] {logging_mixin.py:188} INFO - [2026-07-13T11:37:40.164+0000] {dag.py:3823} INFO - Setting next_dagrun for example_python_operator to None, run_after=None
[2026-07-13T11:37:40.182+0000] {processor.py:183} INFO - Processing /home/airflow/.local/lib/python3.8/site-packages/airflow/example_dags/example_python_operator.py took 0.060 seconds
[2026-07-13T11:38:10.491+0000] {processor.py:161} INFO - Started process (PID=2252) to work on /home/airflow/.local/lib/python3.8/site-packages/airflow/example_dags/example_python_operator.py
[2026-07-13T11:38:10.493+0000] {processor.py:830} INFO - Processing file /home/airflow/.local/lib/python3.8/site-packages/airflow/example_dags/example_python_operator.py for tasks to queue
[2026-07-13T11:38:10.494+0000] {logging_mixin.py:188} INFO - [2026-07-13T11:38:10.494+0000] {dagbag.py:538} INFO - Filling up the DagBag from /home/airflow/.local/lib/python3.8/site-packages/airflow/example_dags/example_python_operator.py
[2026-07-13T11:38:10.502+0000] {processor.py:840} INFO - DAG(s) 'example_python_operator' retrieved from /home/airflow/.local/lib/python3.8/site-packages/airflow/example_dags/example_python_operator.py
[2026-07-13T11:38:10.518+0000] {logging_mixin.py:188} INFO - [2026-07-13T11:38:10.518+0000] {dag.py:3036} INFO - Sync 1 DAGs
[2026-07-13T11:38:10.526+0000] {logging_mixin.py:188} INFO - [2026-07-13T11:38:10.526+0000] {dag.py:3823} INFO - Setting next_dagrun for example_python_operator to None, run_after=None
[2026-07-13T11:38:10.540+0000] {processor.py:183} INFO - Processing /home/airflow/.local/lib/python3.8/site-packages/airflow/example_dags/example_python_operator.py took 0.051 seconds
[2026-07-13T11:38:40.980+0000] {processor.py:161} INFO - Started process (PID=2308) to work on /home/airflow/.local/lib/python3.8/site-packages/airflow/example_dags/example_python_operator.py
[2026-07-13T11:38:40.981+0000] {processor.py:830} INFO - Processing file /home/airflow/.local/lib/python3.8/site-packages/airflow/example_dags/example_python_operator.py for tasks to queue
[2026-07-13T11:38:40.983+0000] {logging_mixin.py:188} INFO - [2026-07-13T11:38:40.982+0000] {dagbag.py:538} INFO - Filling up the DagBag from /home/airflow/.local/lib/python3.8/site-packages/airflow/example_dags/example_python_operator.py
[2026-07-13T11:38:40.991+0000] {processor.py:840} INFO - DAG(s) 'example_python_operator' retrieved from /home/airflow/.local/lib/python3.8/site-packages/airflow/example_dags/example_python_operator.py
[2026-07-13T11:38:41.007+0000] {logging_mixin.py:188} INFO - [2026-07-13T11:38:41.006+0000] {dag.py:3036} INFO - Sync 1 DAGs
[2026-07-13T11:38:41.015+0000] {logging_mixin.py:188} INFO - [2026-07-13T11:38:41.014+0000] {dag.py:3823} INFO - Setting next_dagrun for example_python_operator to None, run_after=None
[2026-07-13T11:38:41.028+0000] {processor.py:183} INFO - Processing /home/airflow/.local/lib/python3.8/site-packages/airflow/example_dags/example_python_operator.py took 0.050 seconds
[2026-07-13T11:39:11.464+0000] {processor.py:161} INFO - Started process (PID=2364) to work on /home/airflow/.local/lib/python3.8/site-packages/airflow/example_dags/example_python_operator.py
[2026-07-13T11:39:11.469+0000] {processor.py:830} INFO - Processing file /home/airflow/.local/lib/python3.8/site-packages/airflow/example_dags/example_python_operator.py for tasks to queue
[2026-07-13T11:39:11.470+0000] {logging_mixin.py:188} INFO - [2026-07-13T11:39:11.470+0000] {dagbag.py:538} INFO - Filling up the DagBag from /home/airflow/.local/lib/python3.8/site-packages/airflow/example_dags/example_python_operator.py
[2026-07-13T11:39:11.477+0000] {processor.py:840} INFO - DAG(s) 'example_python_operator' retrieved from /home/airflow/.local/lib/python3.8/site-packages/airflow/example_dags/example_python_operator.py
[2026-07-13T11:39:11.492+0000] {logging_mixin.py:188} INFO - [2026-07-13T11:39:11.491+0000] {dag.py:3036} INFO - Sync 1 DAGs
[2026-07-13T11:39:11.499+0000] {logging_mixin.py:188} INFO - [2026-07-13T11:39:11.499+0000] {dag.py:3823} INFO - Setting next_dagrun for example_python_operator to None, run_after=None
[2026-07-13T11:39:11.514+0000] {processor.py:183} INFO - Processing /home/airflow/.local/lib/python3.8/site-packages/airflow/example_dags/example_python_operator.py took 0.051 seconds
[2026-07-13T11:39:41.891+0000] {processor.py:161} INFO - Started process (PID=2420) to work on /home/airflow/.local/lib/python3.8/site-packages/airflow/example_dags/example_python_operator.py
[2026-07-13T11:39:41.892+0000] {processor.py:830} INFO - Processing file /home/airflow/.local/lib/python3.8/site-packages/airflow/example_dags/example_python_operator.py for tasks to queue
[2026-07-13T11:39:41.893+0000] {logging_mixin.py:188} INFO - [2026-07-13T11:39:41.893+0000] {dagbag.py:538} INFO - Filling up the DagBag from /home/airflow/.local/lib/python3.8/site-packages/airflow/example_dags/example_python_operator.py
[2026-07-13T11:39:41.901+0000] {processor.py:840} INFO - DAG(s) 'example_python_operator' retrieved from /home/airflow/.local/lib/python3.8/site-packages/airflow/example_dags/example_python_operator.py
[2026-07-13T11:39:41.918+0000] {logging_mixin.py:188} INFO - [2026-07-13T11:39:41.917+0000] {dag.py:3036} INFO - Sync 1 DAGs
[2026-07-13T11:39:41.926+0000] {logging_mixin.py:188} INFO - [2026-07-13T11:39:41.926+0000] {dag.py:3823} INFO - Setting next_dagrun for example_python_operator to None, run_after=None
[2026-07-13T11:39:41.939+0000] {processor.py:183} INFO - Processing /home/airflow/.local/lib/python3.8/site-packages/airflow/example_dags/example_python_operator.py took 0.050 seconds
[2026-07-13T11:40:12.220+0000] {processor.py:161} INFO - Started process (PID=2476) to work on /home/airflow/.local/lib/python3.8/site-packages/airflow/example_dags/example_python_operator.py
[2026-07-13T11:40:12.222+0000] {processor.py:830} INFO - Processing file /home/airflow/.local/lib/python3.8/site-packages/airflow/example_dags/example_python_operator.py for tasks to queue
[2026-07-13T11:40:12.224+0000] {logging_mixin.py:188} INFO - [2026-07-13T11:40:12.223+0000] {dagbag.py:538} INFO - Filling up the DagBag from /home/airflow/.local/lib/python3.8/site-packages/airflow/example_dags/example_python_operator.py
[2026-07-13T11:40:12.237+0000] {processor.py:840} INFO - DAG(s) 'example_python_operator' retrieved from /home/airflow/.local/lib/python3.8/site-packages/airflow/example_dags/example_python_operator.py
[2026-07-13T11:40:12.261+0000] {logging_mixin.py:188} INFO - [2026-07-13T11:40:12.261+0000] {dag.py:3036} INFO - Sync 1 DAGs
[2026-07-13T11:40:12.275+0000] {logging_mixin.py:188} INFO - [2026-07-13T11:40:12.274+0000] {dag.py:3823} INFO - Setting next_dagrun for example_python_operator to None, run_after=None
[2026-07-13T11:40:12.297+0000] {processor.py:183} INFO - Processing /home/airflow/.local/lib/python3.8/site-packages/airflow/example_dags/example_python_operator.py took 0.081 seconds
[2026-07-13T11:40:42.594+0000] {processor.py:161} INFO - Started process (PID=2532) to work on /home/airflow/.local/lib/python3.8/site-packages/airflow/example_dags/example_python_operator.py
[2026-07-13T11:40:42.596+0000] {processor.py:830} INFO - Processing file /home/airflow/.local/lib/python3.8/site-packages/airflow/example_dags/example_python_operator.py for tasks to queue
[2026-07-13T11:40:42.598+0000] {logging_mixin.py:188} INFO - [2026-07-13T11:40:42.597+0000] {dagbag.py:538} INFO - Filling up the DagBag from /home/airflow/.local/lib/python3.8/site-packages/airflow/example_dags/example_python_operator.py
[2026-07-13T11:40:42.606+0000] {processor.py:840} INFO - DAG(s) 'example_python_operator' retrieved from /home/airflow/.local/lib/python3.8/site-packages/airflow/example_dags/example_python_operator.py
[2026-07-13T11:40:42.621+0000] {logging_mixin.py:188} INFO - [2026-07-13T11:40:42.621+0000] {dag.py:3036} INFO - Sync 1 DAGs
[2026-07-13T11:40:42.629+0000] {logging_mixin.py:188} INFO - [2026-07-13T11:40:42.629+0000] {dag.py:3823} INFO - Setting next_dagrun for example_python_operator to None, run_after=None
[2026-07-13T11:40:42.646+0000] {processor.py:183} INFO - Processing /home/airflow/.local/lib/python3.8/site-packages/airflow/example_dags/example_python_operator.py took 0.055 seconds
[2026-07-13T11:41:13.674+0000] {processor.py:161} INFO - Started process (PID=2588) to work on /home/airflow/.local/lib/python3.8/site-packages/airflow/example_dags/example_python_operator.py
[2026-07-13T11:41:13.675+0000] {processor.py:830} INFO - Processing file /home/airflow/.local/lib/python3.8/site-packages/airflow/example_dags/example_python_operator.py for tasks to queue
[2026-07-13T11:41:13.676+0000] {logging_mixin.py:188} INFO - [2026-07-13T11:41:13.676+0000] {dagbag.py:538} INFO - Filling up the DagBag from /home/airflow/.local/lib/python3.8/site-packages/airflow/example_dags/example_python_operator.py
[2026-07-13T11:41:13.684+0000] {processor.py:840} INFO - DAG(s) 'example_python_operator' retrieved from /home/airflow/.local/lib/python3.8/site-packages/airflow/example_dags/example_python_operator.py
[2026-07-13T11:41:13.701+0000] {logging_mixin.py:188} INFO - [2026-07-13T11:41:13.701+0000] {dag.py:3036} INFO - Sync 1 DAGs
[2026-07-13T11:41:13.709+0000] {logging_mixin.py:188} INFO - [2026-07-13T11:41:13.709+0000] {dag.py:3823} INFO - Setting next_dagrun for example_python_operator to None, run_after=None
[2026-07-13T11:41:13.723+0000] {processor.py:183} INFO - Processing /home/airflow/.local/lib/python3.8/site-packages/airflow/example_dags/example_python_operator.py took 0.052 seconds
[2026-07-13T11:41:44.560+0000] {processor.py:161} INFO - Started process (PID=2644) to work on /home/airflow/.local/lib/python3.8/site-packages/airflow/example_dags/example_python_operator.py
[2026-07-13T11:41:44.562+0000] {processor.py:830} INFO - Processing file /home/airflow/.local/lib/python3.8/site-packages/airflow/example_dags/example_python_operator.py for tasks to queue
[2026-07-13T11:41:44.564+0000] {logging_mixin.py:188} INFO - [2026-07-13T11:41:44.563+0000] {dagbag.py:538} INFO - Filling up the DagBag from /home/airflow/.local/lib/python3.8/site-packages/airflow/example_dags/example_python_operator.py
[2026-07-13T11:41:44.575+0000] {processor.py:840} INFO - DAG(s) 'example_python_operator' retrieved from /home/airflow/.local/lib/python3.8/site-packages/airflow/example_dags/example_python_operator.py
[2026-07-13T11:41:44.599+0000] {logging_mixin.py:188} INFO - [2026-07-13T11:41:44.599+0000] {dag.py:3036} INFO - Sync 1 DAGs
[2026-07-13T11:41:44.610+0000] {logging_mixin.py:188} INFO - [2026-07-13T11:41:44.610+0000] {dag.py:3823} INFO - Setting next_dagrun for example_python_operator to None, run_after=None
[2026-07-13T11:41:44.628+0000] {processor.py:183} INFO - Processing /home/airflow/.local/lib/python3.8/site-packages/airflow/example_dags/example_python_operator.py took 0.071 seconds
[2026-07-13T11:42:15.165+0000] {processor.py:161} INFO - Started process (PID=2700) to work on /home/airflow/.local/lib/python3.8/site-packages/airflow/example_dags/example_python_operator.py
[2026-07-13T11:42:15.166+0000] {processor.py:830} INFO - Processing file /home/airflow/.local/lib/python3.8/site-packages/airflow/example_dags/example_python_operator.py for tasks to queue
[2026-07-13T11:42:15.168+0000] {logging_mixin.py:188} INFO - [2026-07-13T11:42:15.167+0000] {dagbag.py:538} INFO - Filling up the DagBag from /home/airflow/.local/lib/python3.8/site-packages/airflow/example_dags/example_python_operator.py
[2026-07-13T11:42:15.175+0000] {processor.py:840} INFO - DAG(s) 'example_python_operator' retrieved from /home/airflow/.local/lib/python3.8/site-packages/airflow/example_dags/example_python_operator.py
[2026-07-13T11:42:15.190+0000] {logging_mixin.py:188} INFO - [2026-07-13T11:42:15.190+0000] {dag.py:3036} INFO - Sync 1 DAGs
[2026-07-13T11:42:15.198+0000] {logging_mixin.py:188} INFO - [2026-07-13T11:42:15.198+0000] {dag.py:3823} INFO - Setting next_dagrun for example_python_operator to None, run_after=None
[2026-07-13T11:42:15.211+0000] {processor.py:183} INFO - Processing /home/airflow/.local/lib/python3.8/site-packages/airflow/example_dags/example_python_operator.py took 0.048 seconds
[2026-07-13T11:42:45.918+0000] {processor.py:161} INFO - Started process (PID=2757) to work on /home/airflow/.local/lib/python3.8/site-packages/airflow/example_dags/example_python_operator.py
[2026-07-13T11:42:45.919+0000] {processor.py:830} INFO - Processing file /home/airflow/.local/lib/python3.8/site-packages/airflow/example_dags/example_python_operator.py for tasks to queue
[2026-07-13T11:42:45.921+0000] {logging_mixin.py:188} INFO - [2026-07-13T11:42:45.921+0000] {dagbag.py:538} INFO - Filling up the DagBag from /home/airflow/.local/lib/python3.8/site-packages/airflow/example_dags/example_python_operator.py
[2026-07-13T11:42:45.929+0000] {processor.py:840} INFO - DAG(s) 'example_python_operator' retrieved from /home/airflow/.local/lib/python3.8/site-packages/airflow/example_dags/example_python_operator.py
[2026-07-13T11:42:45.946+0000] {logging_mixin.py:188} INFO - [2026-07-13T11:42:45.946+0000] {dag.py:3036} INFO - Sync 1 DAGs
[2026-07-13T11:42:45.954+0000] {logging_mixin.py:188} INFO - [2026-07-13T11:42:45.954+0000] {dag.py:3823} INFO - Setting next_dagrun for example_python_operator to None, run_after=None
[2026-07-13T11:42:45.969+0000] {processor.py:183} INFO - Processing /home/airflow/.local/lib/python3.8/site-packages/airflow/example_dags/example_python_operator.py took 0.053 seconds
[2026-07-13T11:43:16.625+0000] {processor.py:161} INFO - Started process (PID=2813) to work on /home/airflow/.local/lib/python3.8/site-packages/airflow/example_dags/example_python_operator.py
[2026-07-13T11:43:16.626+0000] {processor.py:830} INFO - Processing file /home/airflow/.local/lib/python3.8/site-packages/airflow/example_dags/example_python_operator.py for tasks to queue
[2026-07-13T11:43:16.627+0000] {logging_mixin.py:188} INFO - [2026-07-13T11:43:16.627+0000] {dagbag.py:538} INFO - Filling up the DagBag from /home/airflow/.local/lib/python3.8/site-packages/airflow/example_dags/example_python_operator.py
[2026-07-13T11:43:16.636+0000] {processor.py:840} INFO - DAG(s) 'example_python_operator' retrieved from /home/airflow/.local/lib/python3.8/site-packages/airflow/example_dags/example_python_operator.py
[2026-07-13T11:43:16.654+0000] {logging_mixin.py:188} INFO - [2026-07-13T11:43:16.654+0000] {dag.py:3036} INFO - Sync 1 DAGs
[2026-07-13T11:43:16.803+0000] {logging_mixin.py:188} INFO - [2026-07-13T11:43:16.802+0000] {dag.py:3823} INFO - Setting next_dagrun for example_python_operator to None, run_after=None
[2026-07-13T11:43:16.827+0000] {processor.py:183} INFO - Processing /home/airflow/.local/lib/python3.8/site-packages/airflow/example_dags/example_python_operator.py took 0.205 seconds
[2026-07-13T11:43:47.585+0000] {processor.py:161} INFO - Started process (PID=2869) to work on /home/airflow/.local/lib/python3.8/site-packages/airflow/example_dags/example_python_operator.py
[2026-07-13T11:43:47.586+0000] {processor.py:830} INFO - Processing file /home/airflow/.local/lib/python3.8/site-packages/airflow/example_dags/example_python_operator.py for tasks to queue
[2026-07-13T11:43:47.588+0000] {logging_mixin.py:188} INFO - [2026-07-13T11:43:47.587+0000] {dagbag.py:538} INFO - Filling up the DagBag from /home/airflow/.local/lib/python3.8/site-packages/airflow/example_dags/example_python_operator.py
[2026-07-13T11:43:47.596+0000] {processor.py:840} INFO - DAG(s) 'example_python_operator' retrieved from /home/airflow/.local/lib/python3.8/site-packages/airflow/example_dags/example_python_operator.py
[2026-07-13T11:43:47.614+0000] {logging_mixin.py:188} INFO - [2026-07-13T11:43:47.613+0000] {dag.py:3036} INFO - Sync 1 DAGs
[2026-07-13T11:43:47.623+0000] {logging_mixin.py:188} INFO - [2026-07-13T11:43:47.622+0000] {dag.py:3823} INFO - Setting next_dagrun for example_python_operator to None, run_after=None
[2026-07-13T11:43:47.748+0000] {processor.py:183} INFO - Processing /home/airflow/.local/lib/python3.8/site-packages/airflow/example_dags/example_python_operator.py took 0.165 seconds
[2026-07-13T11:44:18.475+0000] {processor.py:161} INFO - Started process (PID=2926) to work on /home/airflow/.local/lib/python3.8/site-packages/airflow/example_dags/example_python_operator.py
[2026-07-13T11:44:18.476+0000] {processor.py:830} INFO - Processing file /home/airflow/.local/lib/python3.8/site-packages/airflow/example_dags/example_python_operator.py for tasks to queue
[2026-07-13T11:44:18.478+0000] {logging_mixin.py:188} INFO - [2026-07-13T11:44:18.478+0000] {dagbag.py:538} INFO - Filling up the DagBag from /home/airflow/.local/lib/python3.8/site-packages/airflow/example_dags/example_python_operator.py
[2026-07-13T11:44:18.487+0000] {processor.py:840} INFO - DAG(s) 'example_python_operator' retrieved from /home/airflow/.local/lib/python3.8/site-packages/airflow/example_dags/example_python_operator.py
[2026-07-13T11:44:18.506+0000] {logging_mixin.py:188} INFO - [2026-07-13T11:44:18.506+0000] {dag.py:3036} INFO - Sync 1 DAGs
[2026-07-13T11:44:18.517+0000] {logging_mixin.py:188} INFO - [2026-07-13T11:44:18.517+0000] {dag.py:3823} INFO - Setting next_dagrun for example_python_operator to None, run_after=None
[2026-07-13T11:44:18.536+0000] {processor.py:183} INFO - Processing /home/airflow/.local/lib/python3.8/site-packages/airflow/example_dags/example_python_operator.py took 0.064 seconds
[2026-07-13T11:44:49.248+0000] {processor.py:161} INFO - Started process (PID=2982) to work on /home/airflow/.local/lib/python3.8/site-packages/airflow/example_dags/example_python_operator.py
[2026-07-13T11:44:49.249+0000] {processor.py:830} INFO - Processing file /home/airflow/.local/lib/python3.8/site-packages/airflow/example_dags/example_python_operator.py for tasks to queue
[2026-07-13T11:44:49.251+0000] {logging_mixin.py:188} INFO - [2026-07-13T11:44:49.250+0000] {dagbag.py:538} INFO - Filling up the DagBag from /home/airflow/.local/lib/python3.8/site-packages/airflow/example_dags/example_python_operator.py
[2026-07-13T11:44:49.260+0000] {processor.py:840} INFO - DAG(s) 'example_python_operator' retrieved from /home/airflow/.local/lib/python3.8/site-packages/airflow/example_dags/example_python_operator.py
[2026-07-13T11:44:49.277+0000] {logging_mixin.py:188} INFO - [2026-07-13T11:44:49.277+0000] {dag.py:3036} INFO - Sync 1 DAGs
[2026-07-13T11:44:49.287+0000] {logging_mixin.py:188} INFO - [2026-07-13T11:44:49.287+0000] {dag.py:3823} INFO - Setting next_dagrun for example_python_operator to None, run_after=None
[2026-07-13T11:44:49.303+0000] {processor.py:183} INFO - Processing /home/airflow/.local/lib/python3.8/site-packages/airflow/example_dags/example_python_operator.py took 0.058 seconds
[2026-07-13T11:45:19.754+0000] {processor.py:161} INFO - Started process (PID=3032) to work on /home/airflow/.local/lib/python3.8/site-packages/airflow/example_dags/example_python_operator.py
[2026-07-13T11:45:19.755+0000] {processor.py:830} INFO - Processing file /home/airflow/.local/lib/python3.8/site-packages/airflow/example_dags/example_python_operator.py for tasks to queue
[2026-07-13T11:45:19.757+0000] {logging_mixin.py:188} INFO - [2026-07-13T11:45:19.757+0000] {dagbag.py:538} INFO - Filling up the DagBag from /home/airflow/.local/lib/python3.8/site-packages/airflow/example_dags/example_python_operator.py
[2026-07-13T11:45:19.764+0000] {processor.py:840} INFO - DAG(s) 'example_python_operator' retrieved from /home/airflow/.local/lib/python3.8/site-packages/airflow/example_dags/example_python_operator.py
[2026-07-13T11:45:19.780+0000] {logging_mixin.py:188} INFO - [2026-07-13T11:45:19.780+0000] {dag.py:3036} INFO - Sync 1 DAGs
[2026-07-13T11:45:19.788+0000] {logging_mixin.py:188} INFO - [2026-07-13T11:45:19.787+0000] {dag.py:3823} INFO - Setting next_dagrun for example_python_operator to None, run_after=None
[2026-07-13T11:45:19.800+0000] {processor.py:183} INFO - Processing /home/airflow/.local/lib/python3.8/site-packages/airflow/example_dags/example_python_operator.py took 0.048 seconds
[2026-07-13T11:45:50.149+0000] {processor.py:161} INFO - Started process (PID=3089) to work on /home/airflow/.local/lib/python3.8/site-packages/airflow/example_dags/example_python_operator.py
[2026-07-13T11:45:50.152+0000] {processor.py:830} INFO - Processing file /home/airflow/.local/lib/python3.8/site-packages/airflow/example_dags/example_python_operator.py for tasks to queue
[2026-07-13T11:45:50.156+0000] {logging_mixin.py:188} INFO - [2026-07-13T11:45:50.155+0000] {dagbag.py:538} INFO - Filling up the DagBag from /home/airflow/.local/lib/python3.8/site-packages/airflow/example_dags/example_python_operator.py
[2026-07-13T11:45:50.180+0000] {processor.py:840} INFO - DAG(s) 'example_python_operator' retrieved from /home/airflow/.local/lib/python3.8/site-packages/airflow/example_dags/example_python_operator.py
[2026-07-13T11:45:50.221+0000] {logging_mixin.py:188} INFO - [2026-07-13T11:45:50.221+0000] {dag.py:3036} INFO - Sync 1 DAGs
[2026-07-13T11:45:50.242+0000] {logging_mixin.py:188} INFO - [2026-07-13T11:45:50.242+0000] {dag.py:3823} INFO - Setting next_dagrun for example_python_operator to None, run_after=None
[2026-07-13T11:45:50.272+0000] {processor.py:183} INFO - Processing /home/airflow/.local/lib/python3.8/site-packages/airflow/example_dags/example_python_operator.py took 0.129 seconds
[2026-07-13T11:46:21.542+0000] {processor.py:161} INFO - Started process (PID=3145) to work on /home/airflow/.local/lib/python3.8/site-packages/airflow/example_dags/example_python_operator.py
[2026-07-13T11:46:21.543+0000] {processor.py:830} INFO - Processing file /home/airflow/.local/lib/python3.8/site-packages/airflow/example_dags/example_python_operator.py for tasks to queue
[2026-07-13T11:46:21.544+0000] {logging_mixin.py:188} INFO - [2026-07-13T11:46:21.544+0000] {dagbag.py:538} INFO - Filling up the DagBag from /home/airflow/.local/lib/python3.8/site-packages/airflow/example_dags/example_python_operator.py
[2026-07-13T11:46:21.552+0000] {processor.py:840} INFO - DAG(s) 'example_python_operator' retrieved from /home/airflow/.local/lib/python3.8/site-packages/airflow/example_dags/example_python_operator.py
[2026-07-13T11:46:21.571+0000] {logging_mixin.py:188} INFO - [2026-07-13T11:46:21.571+0000] {dag.py:3036} INFO - Sync 1 DAGs
[2026-07-13T11:46:21.586+0000] {logging_mixin.py:188} INFO - [2026-07-13T11:46:21.586+0000] {dag.py:3823} INFO - Setting next_dagrun for example_python_operator to None, run_after=None
[2026-07-13T11:46:21.617+0000] {processor.py:183} INFO - Processing /home/airflow/.local/lib/python3.8/site-packages/airflow/example_dags/example_python_operator.py took 0.077 seconds
[2026-07-13T11:46:53.440+0000] {processor.py:161} INFO - Started process (PID=3201) to work on /home/airflow/.local/lib/python3.8/site-packages/airflow/example_dags/example_python_operator.py
[2026-07-13T11:46:53.441+0000] {processor.py:830} INFO - Processing file /home/airflow/.local/lib/python3.8/site-packages/airflow/example_dags/example_python_operator.py for tasks to queue
[2026-07-13T11:46:53.443+0000] {logging_mixin.py:188} INFO - [2026-07-13T11:46:53.443+0000] {dagbag.py:538} INFO - Filling up the DagBag from /home/airflow/.local/lib/python3.8/site-packages/airflow/example_dags/example_python_operator.py
[2026-07-13T11:46:53.451+0000] {processor.py:840} INFO - DAG(s) 'example_python_operator' retrieved from /home/airflow/.local/lib/python3.8/site-packages/airflow/example_dags/example_python_operator.py
[2026-07-13T11:46:53.467+0000] {logging_mixin.py:188} INFO - [2026-07-13T11:46:53.467+0000] {dag.py:3036} INFO - Sync 1 DAGs
[2026-07-13T11:46:53.476+0000] {logging_mixin.py:188} INFO - [2026-07-13T11:46:53.475+0000] {dag.py:3823} INFO - Setting next_dagrun for example_python_operator to None, run_after=None
[2026-07-13T11:46:53.493+0000] {processor.py:183} INFO - Processing /home/airflow/.local/lib/python3.8/site-packages/airflow/example_dags/example_python_operator.py took 0.055 seconds
[2026-07-13T11:47:25.456+0000] {processor.py:161} INFO - Started process (PID=3258) to work on /home/airflow/.local/lib/python3.8/site-packages/airflow/example_dags/example_python_operator.py
[2026-07-13T11:47:25.457+0000] {processor.py:830} INFO - Processing file /home/airflow/.local/lib/python3.8/site-packages/airflow/example_dags/example_python_operator.py for tasks to queue
[2026-07-13T11:47:25.458+0000] {logging_mixin.py:188} INFO - [2026-07-13T11:47:25.458+0000] {dagbag.py:538} INFO - Filling up the DagBag from /home/airflow/.local/lib/python3.8/site-packages/airflow/example_dags/example_python_operator.py
[2026-07-13T11:47:25.469+0000] {processor.py:840} INFO - DAG(s) 'example_python_operator' retrieved from /home/airflow/.local/lib/python3.8/site-packages/airflow/example_dags/example_python_operator.py
[2026-07-13T11:47:25.490+0000] {logging_mixin.py:188} INFO - [2026-07-13T11:47:25.490+0000] {dag.py:3036} INFO - Sync 1 DAGs
[2026-07-13T11:47:25.498+0000] {logging_mixin.py:188} INFO - [2026-07-13T11:47:25.498+0000] {dag.py:3823} INFO - Setting next_dagrun for example_python_operator to None, run_after=None
[2026-07-13T11:47:25.516+0000] {processor.py:183} INFO - Processing /home/airflow/.local/lib/python3.8/site-packages/airflow/example_dags/example_python_operator.py took 0.064 seconds
[2026-07-13T11:47:55.834+0000] {processor.py:161} INFO - Started process (PID=3314) to work on /home/airflow/.local/lib/python3.8/site-packages/airflow/example_dags/example_python_operator.py
[2026-07-13T11:47:55.835+0000] {processor.py:830} INFO - Processing file /home/airflow/.local/lib/python3.8/site-packages/airflow/example_dags/example_python_operator.py for tasks to queue
[2026-07-13T11:47:55.837+0000] {logging_mixin.py:188} INFO - [2026-07-13T11:47:55.837+0000] {dagbag.py:538} INFO - Filling up the DagBag from /home/airflow/.local/lib/python3.8/site-packages/airflow/example_dags/example_python_operator.py
[2026-07-13T11:47:55.846+0000] {processor.py:840} INFO - DAG(s) 'example_python_operator' retrieved from /home/airflow/.local/lib/python3.8/site-packages/airflow/example_dags/example_python_operator.py
[2026-07-13T11:47:55.864+0000] {logging_mixin.py:188} INFO - [2026-07-13T11:47:55.864+0000] {dag.py:3036} INFO - Sync 1 DAGs
[2026-07-13T11:47:55.872+0000] {logging_mixin.py:188} INFO - [2026-07-13T11:47:55.872+0000] {dag.py:3823} INFO - Setting next_dagrun for example_python_operator to None, run_after=None
[2026-07-13T11:47:55.886+0000] {processor.py:183} INFO - Processing /home/airflow/.local/lib/python3.8/site-packages/airflow/example_dags/example_python_operator.py took 0.054 seconds
[2026-07-13T11:48:26.456+0000] {processor.py:161} INFO - Started process (PID=3370) to work on /home/airflow/.local/lib/python3.8/site-packages/airflow/example_dags/example_python_operator.py
[2026-07-13T11:48:26.457+0000] {processor.py:830} INFO - Processing file /home/airflow/.local/lib/python3.8/site-packages/airflow/example_dags/example_python_operator.py for tasks to queue
[2026-07-13T11:48:26.458+0000] {logging_mixin.py:188} INFO - [2026-07-13T11:48:26.458+0000] {dagbag.py:538} INFO - Filling up the DagBag from /home/airflow/.local/lib/python3.8/site-packages/airflow/example_dags/example_python_operator.py
[2026-07-13T11:48:26.466+0000] {processor.py:840} INFO - DAG(s) 'example_python_operator' retrieved from /home/airflow/.local/lib/python3.8/site-packages/airflow/example_dags/example_python_operator.py
[2026-07-13T11:48:26.482+0000] {logging_mixin.py:188} INFO - [2026-07-13T11:48:26.482+0000] {dag.py:3036} INFO - Sync 1 DAGs
[2026-07-13T11:48:26.490+0000] {logging_mixin.py:188} INFO - [2026-07-13T11:48:26.490+0000] {dag.py:3823} INFO - Setting next_dagrun for example_python_operator to None, run_after=None
[2026-07-13T11:48:26.504+0000] {processor.py:183} INFO - Processing /home/airflow/.local/lib/python3.8/site-packages/airflow/example_dags/example_python_operator.py took 0.051 seconds
[2026-07-13T11:48:57.129+0000] {processor.py:161} INFO - Started process (PID=3426) to work on /home/airflow/.local/lib/python3.8/site-packages/airflow/example_dags/example_python_operator.py
[2026-07-13T11:48:57.130+0000] {processor.py:830} INFO - Processing file /home/airflow/.local/lib/python3.8/site-packages/airflow/example_dags/example_python_operator.py for tasks to queue
[2026-07-13T11:48:57.134+0000] {logging_mixin.py:188} INFO - [2026-07-13T11:48:57.133+0000] {dagbag.py:538} INFO - Filling up the DagBag from /home/airflow/.local/lib/python3.8/site-packages/airflow/example_dags/example_python_operator.py
[2026-07-13T11:48:57.141+0000] {processor.py:840} INFO - DAG(s) 'example_python_operator' retrieved from /home/airflow/.local/lib/python3.8/site-packages/airflow/example_dags/example_python_operator.py
[2026-07-13T11:48:57.159+0000] {logging_mixin.py:188} INFO - [2026-07-13T11:48:57.158+0000] {dag.py:3036} INFO - Sync 1 DAGs
[2026-07-13T11:48:57.167+0000] {logging_mixin.py:188} INFO - [2026-07-13T11:48:57.167+0000] {dag.py:3823} INFO - Setting next_dagrun for example_python_operator to None, run_after=None
[2026-07-13T11:48:57.183+0000] {processor.py:183} INFO - Processing /home/airflow/.local/lib/python3.8/site-packages/airflow/example_dags/example_python_operator.py took 0.059 seconds
[2026-07-13T11:49:27.359+0000] {processor.py:161} INFO - Started process (PID=3482) to work on /home/airflow/.local/lib/python3.8/site-packages/airflow/example_dags/example_python_operator.py
[2026-07-13T11:49:27.361+0000] {processor.py:830} INFO - Processing file /home/airflow/.local/lib/python3.8/site-packages/airflow/example_dags/example_python_operator.py for tasks to queue
[2026-07-13T11:49:27.363+0000] {logging_mixin.py:188} INFO - [2026-07-13T11:49:27.362+0000] {dagbag.py:538} INFO - Filling up the DagBag from /home/airflow/.local/lib/python3.8/site-packages/airflow/example_dags/example_python_operator.py
[2026-07-13T11:49:27.370+0000] {processor.py:840} INFO - DAG(s) 'example_python_operator' retrieved from /home/airflow/.local/lib/python3.8/site-packages/airflow/example_dags/example_python_operator.py
[2026-07-13T11:49:27.385+0000] {logging_mixin.py:188} INFO - [2026-07-13T11:49:27.385+0000] {dag.py:3036} INFO - Sync 1 DAGs
[2026-07-13T11:49:27.393+0000] {logging_mixin.py:188} INFO - [2026-07-13T11:49:27.393+0000] {dag.py:3823} INFO - Setting next_dagrun for example_python_operator to None, run_after=None
[2026-07-13T11:49:27.406+0000] {processor.py:183} INFO - Processing /home/airflow/.local/lib/python3.8/site-packages/airflow/example_dags/example_python_operator.py took 0.049 seconds
[2026-07-13T11:49:58.023+0000] {processor.py:161} INFO - Started process (PID=3538) to work on /home/airflow/.local/lib/python3.8/site-packages/airflow/example_dags/example_python_operator.py
[2026-07-13T11:49:58.024+0000] {processor.py:830} INFO - Processing file /home/airflow/.local/lib/python3.8/site-packages/airflow/example_dags/example_python_operator.py for tasks to queue
[2026-07-13T11:49:58.026+0000] {logging_mixin.py:188} INFO - [2026-07-13T11:49:58.026+0000] {dagbag.py:538} INFO - Filling up the DagBag from /home/airflow/.local/lib/python3.8/site-packages/airflow/example_dags/example_python_operator.py
[2026-07-13T11:49:58.035+0000] {processor.py:840} INFO - DAG(s) 'example_python_operator' retrieved from /home/airflow/.local/lib/python3.8/site-packages/airflow/example_dags/example_python_operator.py
[2026-07-13T11:49:58.081+0000] {logging_mixin.py:188} INFO - [2026-07-13T11:49:58.080+0000] {dag.py:3036} INFO - Sync 1 DAGs
[2026-07-13T11:49:58.098+0000] {logging_mixin.py:188} INFO - [2026-07-13T11:49:58.098+0000] {dag.py:3823} INFO - Setting next_dagrun for example_python_operator to None, run_after=None
[2026-07-13T11:49:58.140+0000] {processor.py:183} INFO - Processing /home/airflow/.local/lib/python3.8/site-packages/airflow/example_dags/example_python_operator.py took 0.120 seconds
[2026-07-13T11:50:28.261+0000] {processor.py:161} INFO - Started process (PID=3594) to work on /home/airflow/.local/lib/python3.8/site-packages/airflow/example_dags/example_python_operator.py
[2026-07-13T11:50:28.262+0000] {processor.py:830} INFO - Processing file /home/airflow/.local/lib/python3.8/site-packages/airflow/example_dags/example_python_operator.py for tasks to queue
[2026-07-13T11:50:28.264+0000] {logging_mixin.py:188} INFO - [2026-07-13T11:50:28.263+0000] {dagbag.py:538} INFO - Filling up the DagBag from /home/airflow/.local/lib/python3.8/site-packages/airflow/example_dags/example_python_operator.py
[2026-07-13T11:50:28.272+0000] {processor.py:840} INFO - DAG(s) 'example_python_operator' retrieved from /home/airflow/.local/lib/python3.8/site-packages/airflow/example_dags/example_python_operator.py
[2026-07-13T11:50:28.289+0000] {logging_mixin.py:188} INFO - [2026-07-13T11:50:28.289+0000] {dag.py:3036} INFO - Sync 1 DAGs
[2026-07-13T11:50:28.297+0000] {logging_mixin.py:188} INFO - [2026-07-13T11:50:28.297+0000] {dag.py:3823} INFO - Setting next_dagrun for example_python_operator to None, run_after=None
[2026-07-13T11:50:28.311+0000] {processor.py:183} INFO - Processing /home/airflow/.local/lib/python3.8/site-packages/airflow/example_dags/example_python_operator.py took 0.053 seconds
[2026-07-13T11:50:58.553+0000] {processor.py:161} INFO - Started process (PID=3650) to work on /home/airflow/.local/lib/python3.8/site-packages/airflow/example_dags/example_python_operator.py
[2026-07-13T11:50:58.554+0000] {processor.py:830} INFO - Processing file /home/airflow/.local/lib/python3.8/site-packages/airflow/example_dags/example_python_operator.py for tasks to queue
[2026-07-13T11:50:58.556+0000] {logging_mixin.py:188} INFO - [2026-07-13T11:50:58.556+0000] {dagbag.py:538} INFO - Filling up the DagBag from /home/airflow/.local/lib/python3.8/site-packages/airflow/example_dags/example_python_operator.py
[2026-07-13T11:50:58.566+0000] {processor.py:840} INFO - DAG(s) 'example_python_operator' retrieved from /home/airflow/.local/lib/python3.8/site-packages/airflow/example_dags/example_python_operator.py
[2026-07-13T11:50:58.591+0000] {logging_mixin.py:188} INFO - [2026-07-13T11:50:58.590+0000] {dag.py:3036} INFO - Sync 1 DAGs
[2026-07-13T11:50:58.604+0000] {logging_mixin.py:188} INFO - [2026-07-13T11:50:58.604+0000] {dag.py:3823} INFO - Setting next_dagrun for example_python_operator to None, run_after=None
[2026-07-13T11:50:58.625+0000] {processor.py:183} INFO - Processing /home/airflow/.local/lib/python3.8/site-packages/airflow/example_dags/example_python_operator.py took 0.076 seconds
[2026-07-13T11:51:29.163+0000] {processor.py:161} INFO - Started process (PID=3706) to work on /home/airflow/.local/lib/python3.8/site-packages/airflow/example_dags/example_python_operator.py
[2026-07-13T11:51:29.164+0000] {processor.py:830} INFO - Processing file /home/airflow/.local/lib/python3.8/site-packages/airflow/example_dags/example_python_operator.py for tasks to queue
[2026-07-13T11:51:29.166+0000] {logging_mixin.py:188} INFO - [2026-07-13T11:51:29.166+0000] {dagbag.py:538} INFO - Filling up the DagBag from /home/airflow/.local/lib/python3.8/site-packages/airflow/example_dags/example_python_operator.py
[2026-07-13T11:51:29.175+0000] {processor.py:840} INFO - DAG(s) 'example_python_operator' retrieved from /home/airflow/.local/lib/python3.8/site-packages/airflow/example_dags/example_python_operator.py
[2026-07-13T11:51:29.195+0000] {logging_mixin.py:188} INFO - [2026-07-13T11:51:29.194+0000] {dag.py:3036} INFO - Sync 1 DAGs
[2026-07-13T11:51:29.204+0000] {logging_mixin.py:188} INFO - [2026-07-13T11:51:29.203+0000] {dag.py:3823} INFO - Setting next_dagrun for example_python_operator to None, run_after=None
[2026-07-13T11:51:29.222+0000] {processor.py:183} INFO - Processing /home/airflow/.local/lib/python3.8/site-packages/airflow/example_dags/example_python_operator.py took 0.062 seconds
[2026-07-13T11:52:00.047+0000] {processor.py:161} INFO - Started process (PID=3762) to work on /home/airflow/.local/lib/python3.8/site-packages/airflow/example_dags/example_python_operator.py
[2026-07-13T11:52:00.048+0000] {processor.py:830} INFO - Processing file /home/airflow/.local/lib/python3.8/site-packages/airflow/example_dags/example_python_operator.py for tasks to queue
[2026-07-13T11:52:00.049+0000] {logging_mixin.py:188} INFO - [2026-07-13T11:52:00.049+0000] {dagbag.py:538} INFO - Filling up the DagBag from /home/airflow/.local/lib/python3.8/site-packages/airflow/example_dags/example_python_operator.py
[2026-07-13T11:52:00.058+0000] {processor.py:840} INFO - DAG(s) 'example_python_operator' retrieved from /home/airflow/.local/lib/python3.8/site-packages/airflow/example_dags/example_python_operator.py
[2026-07-13T11:52:00.076+0000] {logging_mixin.py:188} INFO - [2026-07-13T11:52:00.075+0000] {dag.py:3036} INFO - Sync 1 DAGs
[2026-07-13T11:52:00.085+0000] {logging_mixin.py:188} INFO - [2026-07-13T11:52:00.084+0000] {dag.py:3823} INFO - Setting next_dagrun for example_python_operator to None, run_after=None
[2026-07-13T11:52:00.099+0000] {processor.py:183} INFO - Processing /home/airflow/.local/lib/python3.8/site-packages/airflow/example_dags/example_python_operator.py took 0.055 seconds
[2026-07-13T11:52:30.297+0000] {processor.py:161} INFO - Started process (PID=3818) to work on /home/airflow/.local/lib/python3.8/site-packages/airflow/example_dags/example_python_operator.py
[2026-07-13T11:52:30.298+0000] {processor.py:830} INFO - Processing file /home/airflow/.local/lib/python3.8/site-packages/airflow/example_dags/example_python_operator.py for tasks to queue
[2026-07-13T11:52:30.300+0000] {logging_mixin.py:188} INFO - [2026-07-13T11:52:30.299+0000] {dagbag.py:538} INFO - Filling up the DagBag from /home/airflow/.local/lib/python3.8/site-packages/airflow/example_dags/example_python_operator.py
[2026-07-13T11:52:30.308+0000] {processor.py:840} INFO - DAG(s) 'example_python_operator' retrieved from /home/airflow/.local/lib/python3.8/site-packages/airflow/example_dags/example_python_operator.py
[2026-07-13T11:52:30.325+0000] {logging_mixin.py:188} INFO - [2026-07-13T11:52:30.325+0000] {dag.py:3036} INFO - Sync 1 DAGs
[2026-07-13T11:52:30.333+0000] {logging_mixin.py:188} INFO - [2026-07-13T11:52:30.333+0000] {dag.py:3823} INFO - Setting next_dagrun for example_python_operator to None, run_after=None
[2026-07-13T11:52:30.348+0000] {processor.py:183} INFO - Processing /home/airflow/.local/lib/python3.8/site-packages/airflow/example_dags/example_python_operator.py took 0.054 seconds
[2026-07-13T11:53:01.277+0000] {processor.py:161} INFO - Started process (PID=3874) to work on /home/airflow/.local/lib/python3.8/site-packages/airflow/example_dags/example_python_operator.py
[2026-07-13T11:53:01.278+0000] {processor.py:830} INFO - Processing file /home/airflow/.local/lib/python3.8/site-packages/airflow/example_dags/example_python_operator.py for tasks to queue
[2026-07-13T11:53:01.280+0000] {logging_mixin.py:188} INFO - [2026-07-13T11:53:01.279+0000] {dagbag.py:538} INFO - Filling up the DagBag from /home/airflow/.local/lib/python3.8/site-packages/airflow/example_dags/example_python_operator.py
[2026-07-13T11:53:01.288+0000] {processor.py:840} INFO - DAG(s) 'example_python_operator' retrieved from /home/airflow/.local/lib/python3.8/site-packages/airflow/example_dags/example_python_operator.py
[2026-07-13T11:53:01.304+0000] {logging_mixin.py:188} INFO - [2026-07-13T11:53:01.304+0000] {dag.py:3036} INFO - Sync 1 DAGs
[2026-07-13T11:53:01.313+0000] {logging_mixin.py:188} INFO - [2026-07-13T11:53:01.312+0000] {dag.py:3823} INFO - Setting next_dagrun for example_python_operator to None, run_after=None
[2026-07-13T11:53:01.327+0000] {processor.py:183} INFO - Processing /home/airflow/.local/lib/python3.8/site-packages/airflow/example_dags/example_python_operator.py took 0.053 seconds
[2026-07-13T11:53:32.030+0000] {processor.py:161} INFO - Started process (PID=3930) to work on /home/airflow/.local/lib/python3.8/site-packages/airflow/example_dags/example_python_operator.py
[2026-07-13T11:53:32.031+0000] {processor.py:830} INFO - Processing file /home/airflow/.local/lib/python3.8/site-packages/airflow/example_dags/example_python_operator.py for tasks to queue
[2026-07-13T11:53:32.033+0000] {logging_mixin.py:188} INFO - [2026-07-13T11:53:32.033+0000] {dagbag.py:538} INFO - Filling up the DagBag from /home/airflow/.local/lib/python3.8/site-packages/airflow/example_dags/example_python_operator.py
[2026-07-13T11:53:32.041+0000] {processor.py:840} INFO - DAG(s) 'example_python_operator' retrieved from /home/airflow/.local/lib/python3.8/site-packages/airflow/example_dags/example_python_operator.py
[2026-07-13T11:53:32.058+0000] {logging_mixin.py:188} INFO - [2026-07-13T11:53:32.058+0000] {dag.py:3036} INFO - Sync 1 DAGs
[2026-07-13T11:53:32.066+0000] {logging_mixin.py:188} INFO - [2026-07-13T11:53:32.066+0000] {dag.py:3823} INFO - Setting next_dagrun for example_python_operator to None, run_after=None
[2026-07-13T11:53:32.079+0000] {processor.py:183} INFO - Processing /home/airflow/.local/lib/python3.8/site-packages/airflow/example_dags/example_python_operator.py took 0.051 seconds
[2026-07-13T11:54:02.579+0000] {processor.py:161} INFO - Started process (PID=3987) to work on /home/airflow/.local/lib/python3.8/site-packages/airflow/example_dags/example_python_operator.py
[2026-07-13T11:54:02.580+0000] {processor.py:830} INFO - Processing file /home/airflow/.local/lib/python3.8/site-packages/airflow/example_dags/example_python_operator.py for tasks to queue
[2026-07-13T11:54:02.581+0000] {logging_mixin.py:188} INFO - [2026-07-13T11:54:02.581+0000] {dagbag.py:538} INFO - Filling up the DagBag from /home/airflow/.local/lib/python3.8/site-packages/airflow/example_dags/example_python_operator.py
[2026-07-13T11:54:02.589+0000] {processor.py:840} INFO - DAG(s) 'example_python_operator' retrieved from /home/airflow/.local/lib/python3.8/site-packages/airflow/example_dags/example_python_operator.py
[2026-07-13T11:54:02.605+0000] {logging_mixin.py:188} INFO - [2026-07-13T11:54:02.605+0000] {dag.py:3036} INFO - Sync 1 DAGs
[2026-07-13T11:54:02.615+0000] {logging_mixin.py:188} INFO - [2026-07-13T11:54:02.614+0000] {dag.py:3823} INFO - Setting next_dagrun for example_python_operator to None, run_after=None
[2026-07-13T11:54:02.629+0000] {processor.py:183} INFO - Processing /home/airflow/.local/lib/python3.8/site-packages/airflow/example_dags/example_python_operator.py took 0.053 seconds
[2026-07-13T11:54:33.107+0000] {processor.py:161} INFO - Started process (PID=4043) to work on /home/airflow/.local/lib/python3.8/site-packages/airflow/example_dags/example_python_operator.py
[2026-07-13T11:54:33.108+0000] {processor.py:830} INFO - Processing file /home/airflow/.local/lib/python3.8/site-packages/airflow/example_dags/example_python_operator.py for tasks to queue
[2026-07-13T11:54:33.110+0000] {logging_mixin.py:188} INFO - [2026-07-13T11:54:33.109+0000] {dagbag.py:538} INFO - Filling up the DagBag from /home/airflow/.local/lib/python3.8/site-packages/airflow/example_dags/example_python_operator.py
[2026-07-13T11:54:33.119+0000] {processor.py:840} INFO - DAG(s) 'example_python_operator' retrieved from /home/airflow/.local/lib/python3.8/site-packages/airflow/example_dags/example_python_operator.py
[2026-07-13T11:54:33.138+0000] {logging_mixin.py:188} INFO - [2026-07-13T11:54:33.138+0000] {dag.py:3036} INFO - Sync 1 DAGs
[2026-07-13T11:54:33.146+0000] {logging_mixin.py:188} INFO - [2026-07-13T11:54:33.146+0000] {dag.py:3823} INFO - Setting next_dagrun for example_python_operator to None, run_after=None
[2026-07-13T11:54:33.161+0000] {processor.py:183} INFO - Processing /home/airflow/.local/lib/python3.8/site-packages/airflow/example_dags/example_python_operator.py took 0.057 seconds
[2026-07-13T11:55:03.664+0000] {processor.py:161} INFO - Started process (PID=4099) to work on /home/airflow/.local/lib/python3.8/site-packages/airflow/example_dags/example_python_operator.py
[2026-07-13T11:55:03.665+0000] {processor.py:830} INFO - Processing file /home/airflow/.local/lib/python3.8/site-packages/airflow/example_dags/example_python_operator.py for tasks to queue
[2026-07-13T11:55:03.667+0000] {logging_mixin.py:188} INFO - [2026-07-13T11:55:03.666+0000] {dagbag.py:538} INFO - Filling up the DagBag from /home/airflow/.local/lib/python3.8/site-packages/airflow/example_dags/example_python_operator.py
[2026-07-13T11:55:03.674+0000] {processor.py:840} INFO - DAG(s) 'example_python_operator' retrieved from /home/airflow/.local/lib/python3.8/site-packages/airflow/example_dags/example_python_operator.py
[2026-07-13T11:55:03.690+0000] {logging_mixin.py:188} INFO - [2026-07-13T11:55:03.690+0000] {dag.py:3036} INFO - Sync 1 DAGs
[2026-07-13T11:55:03.699+0000] {logging_mixin.py:188} INFO - [2026-07-13T11:55:03.699+0000] {dag.py:3823} INFO - Setting next_dagrun for example_python_operator to None, run_after=None
[2026-07-13T11:55:03.713+0000] {processor.py:183} INFO - Processing /home/airflow/.local/lib/python3.8/site-packages/airflow/example_dags/example_python_operator.py took 0.052 seconds
[2026-07-13T11:55:34.240+0000] {processor.py:161} INFO - Started process (PID=4155) to work on /home/airflow/.local/lib/python3.8/site-packages/airflow/example_dags/example_python_operator.py
[2026-07-13T11:55:34.241+0000] {processor.py:830} INFO - Processing file /home/airflow/.local/lib/python3.8/site-packages/airflow/example_dags/example_python_operator.py for tasks to queue
[2026-07-13T11:55:34.242+0000] {logging_mixin.py:188} INFO - [2026-07-13T11:55:34.242+0000] {dagbag.py:538} INFO - Filling up the DagBag from /home/airflow/.local/lib/python3.8/site-packages/airflow/example_dags/example_python_operator.py
[2026-07-13T11:55:34.250+0000] {processor.py:840} INFO - DAG(s) 'example_python_operator' retrieved from /home/airflow/.local/lib/python3.8/site-packages/airflow/example_dags/example_python_operator.py
[2026-07-13T11:55:34.270+0000] {logging_mixin.py:188} INFO - [2026-07-13T11:55:34.270+0000] {dag.py:3036} INFO - Sync 1 DAGs
[2026-07-13T11:55:34.279+0000] {logging_mixin.py:188} INFO - [2026-07-13T11:55:34.279+0000] {dag.py:3823} INFO - Setting next_dagrun for example_python_operator to None, run_after=None
[2026-07-13T11:55:34.294+0000] {processor.py:183} INFO - Processing /home/airflow/.local/lib/python3.8/site-packages/airflow/example_dags/example_python_operator.py took 0.057 seconds
[2026-07-13T11:56:04.795+0000] {processor.py:161} INFO - Started process (PID=4211) to work on /home/airflow/.local/lib/python3.8/site-packages/airflow/example_dags/example_python_operator.py
[2026-07-13T11:56:04.796+0000] {processor.py:830} INFO - Processing file /home/airflow/.local/lib/python3.8/site-packages/airflow/example_dags/example_python_operator.py for tasks to queue
[2026-07-13T11:56:04.798+0000] {logging_mixin.py:188} INFO - [2026-07-13T11:56:04.797+0000] {dagbag.py:538} INFO - Filling up the DagBag from /home/airflow/.local/lib/python3.8/site-packages/airflow/example_dags/example_python_operator.py
[2026-07-13T11:56:04.806+0000] {processor.py:840} INFO - DAG(s) 'example_python_operator' retrieved from /home/airflow/.local/lib/python3.8/site-packages/airflow/example_dags/example_python_operator.py
[2026-07-13T11:56:04.823+0000] {logging_mixin.py:188} INFO - [2026-07-13T11:56:04.823+0000] {dag.py:3036} INFO - Sync 1 DAGs
[2026-07-13T11:56:04.832+0000] {logging_mixin.py:188} INFO - [2026-07-13T11:56:04.832+0000] {dag.py:3823} INFO - Setting next_dagrun for example_python_operator to None, run_after=None
[2026-07-13T11:56:04.847+0000] {processor.py:183} INFO - Processing /home/airflow/.local/lib/python3.8/site-packages/airflow/example_dags/example_python_operator.py took 0.054 seconds
[2026-07-13T11:56:35.310+0000] {processor.py:161} INFO - Started process (PID=4267) to work on /home/airflow/.local/lib/python3.8/site-packages/airflow/example_dags/example_python_operator.py
[2026-07-13T11:56:35.312+0000] {processor.py:830} INFO - Processing file /home/airflow/.local/lib/python3.8/site-packages/airflow/example_dags/example_python_operator.py for tasks to queue
[2026-07-13T11:56:35.313+0000] {logging_mixin.py:188} INFO - [2026-07-13T11:56:35.313+0000] {dagbag.py:538} INFO - Filling up the DagBag from /home/airflow/.local/lib/python3.8/site-packages/airflow/example_dags/example_python_operator.py
[2026-07-13T11:56:35.321+0000] {processor.py:840} INFO - DAG(s) 'example_python_operator' retrieved from /home/airflow/.local/lib/python3.8/site-packages/airflow/example_dags/example_python_operator.py
[2026-07-13T11:56:35.339+0000] {logging_mixin.py:188} INFO - [2026-07-13T11:56:35.339+0000] {dag.py:3036} INFO - Sync 1 DAGs
[2026-07-13T11:56:35.349+0000] {logging_mixin.py:188} INFO - [2026-07-13T11:56:35.349+0000] {dag.py:3823} INFO - Setting next_dagrun for example_python_operator to None, run_after=None
[2026-07-13T11:56:35.365+0000] {processor.py:183} INFO - Processing /home/airflow/.local/lib/python3.8/site-packages/airflow/example_dags/example_python_operator.py took 0.057 seconds
[2026-07-13T11:57:05.996+0000] {processor.py:161} INFO - Started process (PID=4323) to work on /home/airflow/.local/lib/python3.8/site-packages/airflow/example_dags/example_python_operator.py
[2026-07-13T11:57:05.998+0000] {processor.py:830} INFO - Processing file /home/airflow/.local/lib/python3.8/site-packages/airflow/example_dags/example_python_operator.py for tasks to queue
[2026-07-13T11:57:06.000+0000] {logging_mixin.py:188} INFO - [2026-07-13T11:57:06.000+0000] {dagbag.py:538} INFO - Filling up the DagBag from /home/airflow/.local/lib/python3.8/site-packages/airflow/example_dags/example_python_operator.py
[2026-07-13T11:57:06.014+0000] {processor.py:840} INFO - DAG(s) 'example_python_operator' retrieved from /home/airflow/.local/lib/python3.8/site-packages/airflow/example_dags/example_python_operator.py
[2026-07-13T11:57:06.038+0000] {logging_mixin.py:188} INFO - [2026-07-13T11:57:06.038+0000] {dag.py:3036} INFO - Sync 1 DAGs
[2026-07-13T11:57:06.051+0000] {logging_mixin.py:188} INFO - [2026-07-13T11:57:06.051+0000] {dag.py:3823} INFO - Setting next_dagrun for example_python_operator to None, run_after=None
[2026-07-13T11:57:06.065+0000] {processor.py:183} INFO - Processing /home/airflow/.local/lib/python3.8/site-packages/airflow/example_dags/example_python_operator.py took 0.074 seconds
[2026-07-13T11:57:36.758+0000] {processor.py:161} INFO - Started process (PID=4379) to work on /home/airflow/.local/lib/python3.8/site-packages/airflow/example_dags/example_python_operator.py
[2026-07-13T11:57:36.759+0000] {processor.py:830} INFO - Processing file /home/airflow/.local/lib/python3.8/site-packages/airflow/example_dags/example_python_operator.py for tasks to queue
[2026-07-13T11:57:36.760+0000] {logging_mixin.py:188} INFO - [2026-07-13T11:57:36.760+0000] {dagbag.py:538} INFO - Filling up the DagBag from /home/airflow/.local/lib/python3.8/site-packages/airflow/example_dags/example_python_operator.py
[2026-07-13T11:57:36.768+0000] {processor.py:840} INFO - DAG(s) 'example_python_operator' retrieved from /home/airflow/.local/lib/python3.8/site-packages/airflow/example_dags/example_python_operator.py
[2026-07-13T11:57:36.784+0000] {logging_mixin.py:188} INFO - [2026-07-13T11:57:36.784+0000] {dag.py:3036} INFO - Sync 1 DAGs
[2026-07-13T11:57:36.792+0000] {logging_mixin.py:188} INFO - [2026-07-13T11:57:36.792+0000] {dag.py:3823} INFO - Setting next_dagrun for example_python_operator to None, run_after=None
[2026-07-13T11:57:36.806+0000] {processor.py:183} INFO - Processing /home/airflow/.local/lib/python3.8/site-packages/airflow/example_dags/example_python_operator.py took 0.051 seconds
[2026-07-13T11:58:07.165+0000] {processor.py:161} INFO - Started process (PID=4435) to work on /home/airflow/.local/lib/python3.8/site-packages/airflow/example_dags/example_python_operator.py
[2026-07-13T11:58:07.166+0000] {processor.py:830} INFO - Processing file /home/airflow/.local/lib/python3.8/site-packages/airflow/example_dags/example_python_operator.py for tasks to queue
[2026-07-13T11:58:07.168+0000] {logging_mixin.py:188} INFO - [2026-07-13T11:58:07.167+0000] {dagbag.py:538} INFO - Filling up the DagBag from /home/airflow/.local/lib/python3.8/site-packages/airflow/example_dags/example_python_operator.py
[2026-07-13T11:58:07.176+0000] {processor.py:840} INFO - DAG(s) 'example_python_operator' retrieved from /home/airflow/.local/lib/python3.8/site-packages/airflow/example_dags/example_python_operator.py
[2026-07-13T11:58:07.192+0000] {logging_mixin.py:188} INFO - [2026-07-13T11:58:07.192+0000] {dag.py:3036} INFO - Sync 1 DAGs
[2026-07-13T11:58:07.201+0000] {logging_mixin.py:188} INFO - [2026-07-13T11:58:07.201+0000] {dag.py:3823} INFO - Setting next_dagrun for example_python_operator to None, run_after=None
[2026-07-13T11:58:07.216+0000] {processor.py:183} INFO - Processing /home/airflow/.local/lib/python3.8/site-packages/airflow/example_dags/example_python_operator.py took 0.053 seconds
[2026-07-13T11:58:37.716+0000] {processor.py:161} INFO - Started process (PID=4491) to work on /home/airflow/.local/lib/python3.8/site-packages/airflow/example_dags/example_python_operator.py
[2026-07-13T11:58:37.718+0000] {processor.py:830} INFO - Processing file /home/airflow/.local/lib/python3.8/site-packages/airflow/example_dags/example_python_operator.py for tasks to queue
[2026-07-13T11:58:37.720+0000] {logging_mixin.py:188} INFO - [2026-07-13T11:58:37.720+0000] {dagbag.py:538} INFO - Filling up the DagBag from /home/airflow/.local/lib/python3.8/site-packages/airflow/example_dags/example_python_operator.py
[2026-07-13T11:58:37.731+0000] {processor.py:840} INFO - DAG(s) 'example_python_operator' retrieved from /home/airflow/.local/lib/python3.8/site-packages/airflow/example_dags/example_python_operator.py
[2026-07-13T11:58:37.759+0000] {logging_mixin.py:188} INFO - [2026-07-13T11:58:37.759+0000] {dag.py:3036} INFO - Sync 1 DAGs
[2026-07-13T11:58:37.774+0000] {logging_mixin.py:188} INFO - [2026-07-13T11:58:37.773+0000] {dag.py:3823} INFO - Setting next_dagrun for example_python_operator to None, run_after=None
[2026-07-13T11:58:37.801+0000] {processor.py:183} INFO - Processing /home/airflow/.local/lib/python3.8/site-packages/airflow/example_dags/example_python_operator.py took 0.088 seconds
[2026-07-13T11:59:08.038+0000] {processor.py:161} INFO - Started process (PID=4547) to work on /home/airflow/.local/lib/python3.8/site-packages/airflow/example_dags/example_python_operator.py
[2026-07-13T11:59:08.039+0000] {processor.py:830} INFO - Processing file /home/airflow/.local/lib/python3.8/site-packages/airflow/example_dags/example_python_operator.py for tasks to queue
[2026-07-13T11:59:08.040+0000] {logging_mixin.py:188} INFO - [2026-07-13T11:59:08.040+0000] {dagbag.py:538} INFO - Filling up the DagBag from /home/airflow/.local/lib/python3.8/site-packages/airflow/example_dags/example_python_operator.py
[2026-07-13T11:59:08.048+0000] {processor.py:840} INFO - DAG(s) 'example_python_operator' retrieved from /home/airflow/.local/lib/python3.8/site-packages/airflow/example_dags/example_python_operator.py
[2026-07-13T11:59:08.064+0000] {logging_mixin.py:188} INFO - [2026-07-13T11:59:08.064+0000] {dag.py:3036} INFO - Sync 1 DAGs
[2026-07-13T11:59:08.073+0000] {logging_mixin.py:188} INFO - [2026-07-13T11:59:08.073+0000] {dag.py:3823} INFO - Setting next_dagrun for example_python_operator to None, run_after=None
[2026-07-13T11:59:08.086+0000] {processor.py:183} INFO - Processing /home/airflow/.local/lib/python3.8/site-packages/airflow/example_dags/example_python_operator.py took 0.051 seconds
[2026-07-13T11:59:38.367+0000] {processor.py:161} INFO - Started process (PID=4603) to work on /home/airflow/.local/lib/python3.8/site-packages/airflow/example_dags/example_python_operator.py
[2026-07-13T11:59:38.368+0000] {processor.py:830} INFO - Processing file /home/airflow/.local/lib/python3.8/site-packages/airflow/example_dags/example_python_operator.py for tasks to queue
[2026-07-13T11:59:38.371+0000] {logging_mixin.py:188} INFO - [2026-07-13T11:59:38.370+0000] {dagbag.py:538} INFO - Filling up the DagBag from /home/airflow/.local/lib/python3.8/site-packages/airflow/example_dags/example_python_operator.py
[2026-07-13T11:59:38.381+0000] {processor.py:840} INFO - DAG(s) 'example_python_operator' retrieved from /home/airflow/.local/lib/python3.8/site-packages/airflow/example_dags/example_python_operator.py
[2026-07-13T11:59:38.403+0000] {logging_mixin.py:188} INFO - [2026-07-13T11:59:38.403+0000] {dag.py:3036} INFO - Sync 1 DAGs
[2026-07-13T11:59:38.414+0000] {logging_mixin.py:188} INFO - [2026-07-13T11:59:38.414+0000] {dag.py:3823} INFO - Setting next_dagrun for example_python_operator to None, run_after=None
[2026-07-13T11:59:38.435+0000] {processor.py:183} INFO - Processing /home/airflow/.local/lib/python3.8/site-packages/airflow/example_dags/example_python_operator.py took 0.071 seconds
[2026-07-13T12:00:08.554+0000] {processor.py:161} INFO - Started process (PID=4659) to work on /home/airflow/.local/lib/python3.8/site-packages/airflow/example_dags/example_python_operator.py
[2026-07-13T12:00:08.555+0000] {processor.py:830} INFO - Processing file /home/airflow/.local/lib/python3.8/site-packages/airflow/example_dags/example_python_operator.py for tasks to queue
[2026-07-13T12:00:08.557+0000] {logging_mixin.py:188} INFO - [2026-07-13T12:00:08.557+0000] {dagbag.py:538} INFO - Filling up the DagBag from /home/airflow/.local/lib/python3.8/site-packages/airflow/example_dags/example_python_operator.py
[2026-07-13T12:00:08.565+0000] {processor.py:840} INFO - DAG(s) 'example_python_operator' retrieved from /home/airflow/.local/lib/python3.8/site-packages/airflow/example_dags/example_python_operator.py
[2026-07-13T12:00:08.582+0000] {logging_mixin.py:188} INFO - [2026-07-13T12:00:08.582+0000] {dag.py:3036} INFO - Sync 1 DAGs
[2026-07-13T12:00:08.591+0000] {logging_mixin.py:188} INFO - [2026-07-13T12:00:08.591+0000] {dag.py:3823} INFO - Setting next_dagrun for example_python_operator to None, run_after=None
[2026-07-13T12:00:08.605+0000] {processor.py:183} INFO - Processing /home/airflow/.local/lib/python3.8/site-packages/airflow/example_dags/example_python_operator.py took 0.054 seconds
[2026-07-13T12:00:38.932+0000] {processor.py:161} INFO - Started process (PID=4715) to work on /home/airflow/.local/lib/python3.8/site-packages/airflow/example_dags/example_python_operator.py
[2026-07-13T12:00:38.933+0000] {processor.py:830} INFO - Processing file /home/airflow/.local/lib/python3.8/site-packages/airflow/example_dags/example_python_operator.py for tasks to queue
[2026-07-13T12:00:38.935+0000] {logging_mixin.py:188} INFO - [2026-07-13T12:00:38.935+0000] {dagbag.py:538} INFO - Filling up the DagBag from /home/airflow/.local/lib/python3.8/site-packages/airflow/example_dags/example_python_operator.py
[2026-07-13T12:00:38.943+0000] {processor.py:840} INFO - DAG(s) 'example_python_operator' retrieved from /home/airflow/.local/lib/python3.8/site-packages/airflow/example_dags/example_python_operator.py
[2026-07-13T12:00:38.960+0000] {logging_mixin.py:188} INFO - [2026-07-13T12:00:38.960+0000] {dag.py:3036} INFO - Sync 1 DAGs
[2026-07-13T12:00:38.969+0000] {logging_mixin.py:188} INFO - [2026-07-13T12:00:38.969+0000] {dag.py:3823} INFO - Setting next_dagrun for example_python_operator to None, run_after=None
[2026-07-13T12:00:38.983+0000] {processor.py:183} INFO - Processing /home/airflow/.local/lib/python3.8/site-packages/airflow/example_dags/example_python_operator.py took 0.054 seconds
[2026-07-13T12:01:09.240+0000] {processor.py:161} INFO - Started process (PID=4771) to work on /home/airflow/.local/lib/python3.8/site-packages/airflow/example_dags/example_python_operator.py
[2026-07-13T12:01:09.241+0000] {processor.py:830} INFO - Processing file /home/airflow/.local/lib/python3.8/site-packages/airflow/example_dags/example_python_operator.py for tasks to queue
[2026-07-13T12:01:09.243+0000] {logging_mixin.py:188} INFO - [2026-07-13T12:01:09.243+0000] {dagbag.py:538} INFO - Filling up the DagBag from /home/airflow/.local/lib/python3.8/site-packages/airflow/example_dags/example_python_operator.py
[2026-07-13T12:01:09.251+0000] {processor.py:840} INFO - DAG(s) 'example_python_operator' retrieved from /home/airflow/.local/lib/python3.8/site-packages/airflow/example_dags/example_python_operator.py
[2026-07-13T12:01:09.268+0000] {logging_mixin.py:188} INFO - [2026-07-13T12:01:09.268+0000] {dag.py:3036} INFO - Sync 1 DAGs
[2026-07-13T12:01:09.277+0000] {logging_mixin.py:188} INFO - [2026-07-13T12:01:09.277+0000] {dag.py:3823} INFO - Setting next_dagrun for example_python_operator to None, run_after=None
[2026-07-13T12:01:09.292+0000] {processor.py:183} INFO - Processing /home/airflow/.local/lib/python3.8/site-packages/airflow/example_dags/example_python_operator.py took 0.054 seconds
[2026-07-13T12:01:39.451+0000] {processor.py:161} INFO - Started process (PID=4827) to work on /home/airflow/.local/lib/python3.8/site-packages/airflow/example_dags/example_python_operator.py
[2026-07-13T12:01:39.452+0000] {processor.py:830} INFO - Processing file /home/airflow/.local/lib/python3.8/site-packages/airflow/example_dags/example_python_operator.py for tasks to queue
[2026-07-13T12:01:39.454+0000] {logging_mixin.py:188} INFO - [2026-07-13T12:01:39.453+0000] {dagbag.py:538} INFO - Filling up the DagBag from /home/airflow/.local/lib/python3.8/site-packages/airflow/example_dags/example_python_operator.py
[2026-07-13T12:01:39.462+0000] {processor.py:840} INFO - DAG(s) 'example_python_operator' retrieved from /home/airflow/.local/lib/python3.8/site-packages/airflow/example_dags/example_python_operator.py
[2026-07-13T12:01:39.478+0000] {logging_mixin.py:188} INFO - [2026-07-13T12:01:39.478+0000] {dag.py:3036} INFO - Sync 1 DAGs
[2026-07-13T12:01:39.487+0000] {logging_mixin.py:188} INFO - [2026-07-13T12:01:39.487+0000] {dag.py:3823} INFO - Setting next_dagrun for example_python_operator to None, run_after=None
[2026-07-13T12:01:39.500+0000] {processor.py:183} INFO - Processing /home/airflow/.local/lib/python3.8/site-packages/airflow/example_dags/example_python_operator.py took 0.052 seconds
[2026-07-13T12:02:09.563+0000] {processor.py:161} INFO - Started process (PID=4883) to work on /home/airflow/.local/lib/python3.8/site-packages/airflow/example_dags/example_python_operator.py
[2026-07-13T12:02:09.564+0000] {processor.py:830} INFO - Processing file /home/airflow/.local/lib/python3.8/site-packages/airflow/example_dags/example_python_operator.py for tasks to queue
[2026-07-13T12:02:09.566+0000] {logging_mixin.py:188} INFO - [2026-07-13T12:02:09.565+0000] {dagbag.py:538} INFO - Filling up the DagBag from /home/airflow/.local/lib/python3.8/site-packages/airflow/example_dags/example_python_operator.py
[2026-07-13T12:02:09.574+0000] {processor.py:840} INFO - DAG(s) 'example_python_operator' retrieved from /home/airflow/.local/lib/python3.8/site-packages/airflow/example_dags/example_python_operator.py
[2026-07-13T12:02:09.591+0000] {logging_mixin.py:188} INFO - [2026-07-13T12:02:09.591+0000] {dag.py:3036} INFO - Sync 1 DAGs
[2026-07-13T12:02:09.601+0000] {logging_mixin.py:188} INFO - [2026-07-13T12:02:09.601+0000] {dag.py:3823} INFO - Setting next_dagrun for example_python_operator to None, run_after=None
[2026-07-13T12:02:09.616+0000] {processor.py:183} INFO - Processing /home/airflow/.local/lib/python3.8/site-packages/airflow/example_dags/example_python_operator.py took 0.055 seconds
[2026-07-13T12:02:39.807+0000] {processor.py:161} INFO - Started process (PID=4939) to work on /home/airflow/.local/lib/python3.8/site-packages/airflow/example_dags/example_python_operator.py
[2026-07-13T12:02:39.808+0000] {processor.py:830} INFO - Processing file /home/airflow/.local/lib/python3.8/site-packages/airflow/example_dags/example_python_operator.py for tasks to queue
[2026-07-13T12:02:39.809+0000] {logging_mixin.py:188} INFO - [2026-07-13T12:02:39.809+0000] {dagbag.py:538} INFO - Filling up the DagBag from /home/airflow/.local/lib/python3.8/site-packages/airflow/example_dags/example_python_operator.py
[2026-07-13T12:02:39.818+0000] {processor.py:840} INFO - DAG(s) 'example_python_operator' retrieved from /home/airflow/.local/lib/python3.8/site-packages/airflow/example_dags/example_python_operator.py
[2026-07-13T12:02:39.835+0000] {logging_mixin.py:188} INFO - [2026-07-13T12:02:39.834+0000] {dag.py:3036} INFO - Sync 1 DAGs
[2026-07-13T12:02:39.843+0000] {logging_mixin.py:188} INFO - [2026-07-13T12:02:39.843+0000] {dag.py:3823} INFO - Setting next_dagrun for example_python_operator to None, run_after=None
[2026-07-13T12:02:39.859+0000] {processor.py:183} INFO - Processing /home/airflow/.local/lib/python3.8/site-packages/airflow/example_dags/example_python_operator.py took 0.054 seconds
[2026-07-13T12:03:10.058+0000] {processor.py:161} INFO - Started process (PID=4995) to work on /home/airflow/.local/lib/python3.8/site-packages/airflow/example_dags/example_python_operator.py
[2026-07-13T12:03:10.059+0000] {processor.py:830} INFO - Processing file /home/airflow/.local/lib/python3.8/site-packages/airflow/example_dags/example_python_operator.py for tasks to queue
[2026-07-13T12:03:10.060+0000] {logging_mixin.py:188} INFO - [2026-07-13T12:03:10.060+0000] {dagbag.py:538} INFO - Filling up the DagBag from /home/airflow/.local/lib/python3.8/site-packages/airflow/example_dags/example_python_operator.py
[2026-07-13T12:03:10.068+0000] {processor.py:840} INFO - DAG(s) 'example_python_operator' retrieved from /home/airflow/.local/lib/python3.8/site-packages/airflow/example_dags/example_python_operator.py
[2026-07-13T12:03:10.084+0000] {logging_mixin.py:188} INFO - [2026-07-13T12:03:10.084+0000] {dag.py:3036} INFO - Sync 1 DAGs
[2026-07-13T12:03:10.092+0000] {logging_mixin.py:188} INFO - [2026-07-13T12:03:10.092+0000] {dag.py:3823} INFO - Setting next_dagrun for example_python_operator to None, run_after=None
[2026-07-13T12:03:10.110+0000] {processor.py:183} INFO - Processing /home/airflow/.local/lib/python3.8/site-packages/airflow/example_dags/example_python_operator.py took 0.055 seconds
[2026-07-13T12:03:40.282+0000] {processor.py:161} INFO - Started process (PID=5051) to work on /home/airflow/.local/lib/python3.8/site-packages/airflow/example_dags/example_python_operator.py
[2026-07-13T12:03:40.283+0000] {processor.py:830} INFO - Processing file /home/airflow/.local/lib/python3.8/site-packages/airflow/example_dags/example_python_operator.py for tasks to queue
[2026-07-13T12:03:40.284+0000] {logging_mixin.py:188} INFO - [2026-07-13T12:03:40.284+0000] {dagbag.py:538} INFO - Filling up the DagBag from /home/airflow/.local/lib/python3.8/site-packages/airflow/example_dags/example_python_operator.py
[2026-07-13T12:03:40.293+0000] {processor.py:840} INFO - DAG(s) 'example_python_operator' retrieved from /home/airflow/.local/lib/python3.8/site-packages/airflow/example_dags/example_python_operator.py
[2026-07-13T12:03:40.309+0000] {logging_mixin.py:188} INFO - [2026-07-13T12:03:40.309+0000] {dag.py:3036} INFO - Sync 1 DAGs
[2026-07-13T12:03:40.318+0000] {logging_mixin.py:188} INFO - [2026-07-13T12:03:40.318+0000] {dag.py:3823} INFO - Setting next_dagrun for example_python_operator to None, run_after=None
[2026-07-13T12:03:40.335+0000] {processor.py:183} INFO - Processing /home/airflow/.local/lib/python3.8/site-packages/airflow/example_dags/example_python_operator.py took 0.057 seconds
[2026-07-13T12:04:10.486+0000] {processor.py:161} INFO - Started process (PID=5107) to work on /home/airflow/.local/lib/python3.8/site-packages/airflow/example_dags/example_python_operator.py
[2026-07-13T12:04:10.487+0000] {processor.py:830} INFO - Processing file /home/airflow/.local/lib/python3.8/site-packages/airflow/example_dags/example_python_operator.py for tasks to queue
[2026-07-13T12:04:10.488+0000] {logging_mixin.py:188} INFO - [2026-07-13T12:04:10.488+0000] {dagbag.py:538} INFO - Filling up the DagBag from /home/airflow/.local/lib/python3.8/site-packages/airflow/example_dags/example_python_operator.py
[2026-07-13T12:04:10.496+0000] {processor.py:840} INFO - DAG(s) 'example_python_operator' retrieved from /home/airflow/.local/lib/python3.8/site-packages/airflow/example_dags/example_python_operator.py
[2026-07-13T12:04:10.513+0000] {logging_mixin.py:188} INFO - [2026-07-13T12:04:10.513+0000] {dag.py:3036} INFO - Sync 1 DAGs
[2026-07-13T12:04:10.522+0000] {logging_mixin.py:188} INFO - [2026-07-13T12:04:10.521+0000] {dag.py:3823} INFO - Setting next_dagrun for example_python_operator to None, run_after=None
[2026-07-13T12:04:10.538+0000] {processor.py:183} INFO - Processing /home/airflow/.local/lib/python3.8/site-packages/airflow/example_dags/example_python_operator.py took 0.055 seconds
[2026-07-13T12:04:40.657+0000] {processor.py:161} INFO - Started process (PID=5163) to work on /home/airflow/.local/lib/python3.8/site-packages/airflow/example_dags/example_python_operator.py
[2026-07-13T12:04:40.659+0000] {processor.py:830} INFO - Processing file /home/airflow/.local/lib/python3.8/site-packages/airflow/example_dags/example_python_operator.py for tasks to queue
[2026-07-13T12:04:40.660+0000] {logging_mixin.py:188} INFO - [2026-07-13T12:04:40.660+0000] {dagbag.py:538} INFO - Filling up the DagBag from /home/airflow/.local/lib/python3.8/site-packages/airflow/example_dags/example_python_operator.py
[2026-07-13T12:04:40.669+0000] {processor.py:840} INFO - DAG(s) 'example_python_operator' retrieved from /home/airflow/.local/lib/python3.8/site-packages/airflow/example_dags/example_python_operator.py
[2026-07-13T12:04:40.687+0000] {logging_mixin.py:188} INFO - [2026-07-13T12:04:40.687+0000] {dag.py:3036} INFO - Sync 1 DAGs
[2026-07-13T12:04:40.697+0000] {logging_mixin.py:188} INFO - [2026-07-13T12:04:40.696+0000] {dag.py:3823} INFO - Setting next_dagrun for example_python_operator to None, run_after=None
[2026-07-13T12:04:40.712+0000] {processor.py:183} INFO - Processing /home/airflow/.local/lib/python3.8/site-packages/airflow/example_dags/example_python_operator.py took 0.058 seconds
[2026-07-13T12:05:10.934+0000] {processor.py:161} INFO - Started process (PID=5219) to work on /home/airflow/.local/lib/python3.8/site-packages/airflow/example_dags/example_python_operator.py
[2026-07-13T12:05:10.935+0000] {processor.py:830} INFO - Processing file /home/airflow/.local/lib/python3.8/site-packages/airflow/example_dags/example_python_operator.py for tasks to queue
[2026-07-13T12:05:10.936+0000] {logging_mixin.py:188} INFO - [2026-07-13T12:05:10.936+0000] {dagbag.py:538} INFO - Filling up the DagBag from /home/airflow/.local/lib/python3.8/site-packages/airflow/example_dags/example_python_operator.py
[2026-07-13T12:05:10.944+0000] {processor.py:840} INFO - DAG(s) 'example_python_operator' retrieved from /home/airflow/.local/lib/python3.8/site-packages/airflow/example_dags/example_python_operator.py
[2026-07-13T12:05:10.962+0000] {logging_mixin.py:188} INFO - [2026-07-13T12:05:10.962+0000] {dag.py:3036} INFO - Sync 1 DAGs
[2026-07-13T12:05:10.971+0000] {logging_mixin.py:188} INFO - [2026-07-13T12:05:10.971+0000] {dag.py:3823} INFO - Setting next_dagrun for example_python_operator to None, run_after=None
[2026-07-13T12:05:10.986+0000] {processor.py:183} INFO - Processing /home/airflow/.local/lib/python3.8/site-packages/airflow/example_dags/example_python_operator.py took 0.055 seconds
[2026-07-13T12:05:41.007+0000] {processor.py:161} INFO - Started process (PID=5275) to work on /home/airflow/.local/lib/python3.8/site-packages/airflow/example_dags/example_python_operator.py
[2026-07-13T12:05:41.008+0000] {processor.py:830} INFO - Processing file /home/airflow/.local/lib/python3.8/site-packages/airflow/example_dags/example_python_operator.py for tasks to queue
[2026-07-13T12:05:41.010+0000] {logging_mixin.py:188} INFO - [2026-07-13T12:05:41.010+0000] {dagbag.py:538} INFO - Filling up the DagBag from /home/airflow/.local/lib/python3.8/site-packages/airflow/example_dags/example_python_operator.py
[2026-07-13T12:05:41.018+0000] {processor.py:840} INFO - DAG(s) 'example_python_operator' retrieved from /home/airflow/.local/lib/python3.8/site-packages/airflow/example_dags/example_python_operator.py
[2026-07-13T12:05:41.035+0000] {logging_mixin.py:188} INFO - [2026-07-13T12:05:41.035+0000] {dag.py:3036} INFO - Sync 1 DAGs
[2026-07-13T12:05:41.045+0000] {logging_mixin.py:188} INFO - [2026-07-13T12:05:41.045+0000] {dag.py:3823} INFO - Setting next_dagrun for example_python_operator to None, run_after=None
[2026-07-13T12:05:41.060+0000] {processor.py:183} INFO - Processing /home/airflow/.local/lib/python3.8/site-packages/airflow/example_dags/example_python_operator.py took 0.055 seconds
[2026-07-13T12:06:11.164+0000] {processor.py:161} INFO - Started process (PID=5331) to work on /home/airflow/.local/lib/python3.8/site-packages/airflow/example_dags/example_python_operator.py
[2026-07-13T12:06:11.166+0000] {processor.py:830} INFO - Processing file /home/airflow/.local/lib/python3.8/site-packages/airflow/example_dags/example_python_operator.py for tasks to queue
[2026-07-13T12:06:11.167+0000] {logging_mixin.py:188} INFO - [2026-07-13T12:06:11.167+0000] {dagbag.py:538} INFO - Filling up the DagBag from /home/airflow/.local/lib/python3.8/site-packages/airflow/example_dags/example_python_operator.py
[2026-07-13T12:06:11.176+0000] {processor.py:840} INFO - DAG(s) 'example_python_operator' retrieved from /home/airflow/.local/lib/python3.8/site-packages/airflow/example_dags/example_python_operator.py
[2026-07-13T12:06:11.192+0000] {logging_mixin.py:188} INFO - [2026-07-13T12:06:11.192+0000] {dag.py:3036} INFO - Sync 1 DAGs
[2026-07-13T12:06:11.201+0000] {logging_mixin.py:188} INFO - [2026-07-13T12:06:11.200+0000] {dag.py:3823} INFO - Setting next_dagrun for example_python_operator to None, run_after=None
[2026-07-13T12:06:11.217+0000] {processor.py:183} INFO - Processing /home/airflow/.local/lib/python3.8/site-packages/airflow/example_dags/example_python_operator.py took 0.055 seconds
[2026-07-13T12:06:41.324+0000] {processor.py:161} INFO - Started process (PID=5387) to work on /home/airflow/.local/lib/python3.8/site-packages/airflow/example_dags/example_python_operator.py
[2026-07-13T12:06:41.325+0000] {processor.py:830} INFO - Processing file /home/airflow/.local/lib/python3.8/site-packages/airflow/example_dags/example_python_operator.py for tasks to queue
[2026-07-13T12:06:41.327+0000] {logging_mixin.py:188} INFO - [2026-07-13T12:06:41.327+0000] {dagbag.py:538} INFO - Filling up the DagBag from /home/airflow/.local/lib/python3.8/site-packages/airflow/example_dags/example_python_operator.py
[2026-07-13T12:06:41.335+0000] {processor.py:840} INFO - DAG(s) 'example_python_operator' retrieved from /home/airflow/.local/lib/python3.8/site-packages/airflow/example_dags/example_python_operator.py
[2026-07-13T12:06:41.353+0000] {logging_mixin.py:188} INFO - [2026-07-13T12:06:41.352+0000] {dag.py:3036} INFO - Sync 1 DAGs
[2026-07-13T12:06:41.361+0000] {logging_mixin.py:188} INFO - [2026-07-13T12:06:41.361+0000] {dag.py:3823} INFO - Setting next_dagrun for example_python_operator to None, run_after=None
[2026-07-13T12:06:41.376+0000] {processor.py:183} INFO - Processing /home/airflow/.local/lib/python3.8/site-packages/airflow/example_dags/example_python_operator.py took 0.054 seconds
[2026-07-13T12:07:11.438+0000] {processor.py:161} INFO - Started process (PID=5443) to work on /home/airflow/.local/lib/python3.8/site-packages/airflow/example_dags/example_python_operator.py
[2026-07-13T12:07:11.440+0000] {processor.py:830} INFO - Processing file /home/airflow/.local/lib/python3.8/site-packages/airflow/example_dags/example_python_operator.py for tasks to queue
[2026-07-13T12:07:11.442+0000] {logging_mixin.py:188} INFO - [2026-07-13T12:07:11.442+0000] {dagbag.py:538} INFO - Filling up the DagBag from /home/airflow/.local/lib/python3.8/site-packages/airflow/example_dags/example_python_operator.py
[2026-07-13T12:07:11.450+0000] {processor.py:840} INFO - DAG(s) 'example_python_operator' retrieved from /home/airflow/.local/lib/python3.8/site-packages/airflow/example_dags/example_python_operator.py
[2026-07-13T12:07:11.468+0000] {logging_mixin.py:188} INFO - [2026-07-13T12:07:11.467+0000] {dag.py:3036} INFO - Sync 1 DAGs
[2026-07-13T12:07:11.477+0000] {logging_mixin.py:188} INFO - [2026-07-13T12:07:11.476+0000] {dag.py:3823} INFO - Setting next_dagrun for example_python_operator to None, run_after=None
[2026-07-13T12:07:11.491+0000] {processor.py:183} INFO - Processing /home/airflow/.local/lib/python3.8/site-packages/airflow/example_dags/example_python_operator.py took 0.056 seconds
[2026-07-13T12:07:41.573+0000] {processor.py:161} INFO - Started process (PID=5499) to work on /home/airflow/.local/lib/python3.8/site-packages/airflow/example_dags/example_python_operator.py
[2026-07-13T12:07:41.574+0000] {processor.py:830} INFO - Processing file /home/airflow/.local/lib/python3.8/site-packages/airflow/example_dags/example_python_operator.py for tasks to queue
[2026-07-13T12:07:41.575+0000] {logging_mixin.py:188} INFO - [2026-07-13T12:07:41.575+0000] {dagbag.py:538} INFO - Filling up the DagBag from /home/airflow/.local/lib/python3.8/site-packages/airflow/example_dags/example_python_operator.py
[2026-07-13T12:07:41.583+0000] {processor.py:840} INFO - DAG(s) 'example_python_operator' retrieved from /home/airflow/.local/lib/python3.8/site-packages/airflow/example_dags/example_python_operator.py
[2026-07-13T12:07:41.600+0000] {logging_mixin.py:188} INFO - [2026-07-13T12:07:41.600+0000] {dag.py:3036} INFO - Sync 1 DAGs
[2026-07-13T12:07:41.609+0000] {logging_mixin.py:188} INFO - [2026-07-13T12:07:41.608+0000] {dag.py:3823} INFO - Setting next_dagrun for example_python_operator to None, run_after=None
[2026-07-13T12:07:41.623+0000] {processor.py:183} INFO - Processing /home/airflow/.local/lib/python3.8/site-packages/airflow/example_dags/example_python_operator.py took 0.053 seconds
[2026-07-13T12:08:11.993+0000] {processor.py:161} INFO - Started process (PID=5555) to work on /home/airflow/.local/lib/python3.8/site-packages/airflow/example_dags/example_python_operator.py
[2026-07-13T12:08:11.995+0000] {processor.py:830} INFO - Processing file /home/airflow/.local/lib/python3.8/site-packages/airflow/example_dags/example_python_operator.py for tasks to queue
[2026-07-13T12:08:11.996+0000] {logging_mixin.py:188} INFO - [2026-07-13T12:08:11.996+0000] {dagbag.py:538} INFO - Filling up the DagBag from /home/airflow/.local/lib/python3.8/site-packages/airflow/example_dags/example_python_operator.py
[2026-07-13T12:08:12.004+0000] {processor.py:840} INFO - DAG(s) 'example_python_operator' retrieved from /home/airflow/.local/lib/python3.8/site-packages/airflow/example_dags/example_python_operator.py
[2026-07-13T12:08:12.024+0000] {logging_mixin.py:188} INFO - [2026-07-13T12:08:12.023+0000] {dag.py:3036} INFO - Sync 1 DAGs
[2026-07-13T12:08:12.034+0000] {logging_mixin.py:188} INFO - [2026-07-13T12:08:12.033+0000] {dag.py:3823} INFO - Setting next_dagrun for example_python_operator to None, run_after=None
[2026-07-13T12:08:12.049+0000] {processor.py:183} INFO - Processing /home/airflow/.local/lib/python3.8/site-packages/airflow/example_dags/example_python_operator.py took 0.058 seconds
[2026-07-13T12:08:42.158+0000] {processor.py:161} INFO - Started process (PID=5611) to work on /home/airflow/.local/lib/python3.8/site-packages/airflow/example_dags/example_python_operator.py
[2026-07-13T12:08:42.161+0000] {processor.py:830} INFO - Processing file /home/airflow/.local/lib/python3.8/site-packages/airflow/example_dags/example_python_operator.py for tasks to queue
[2026-07-13T12:08:42.165+0000] {logging_mixin.py:188} INFO - [2026-07-13T12:08:42.165+0000] {dagbag.py:538} INFO - Filling up the DagBag from /home/airflow/.local/lib/python3.8/site-packages/airflow/example_dags/example_python_operator.py
[2026-07-13T12:08:42.176+0000] {processor.py:840} INFO - DAG(s) 'example_python_operator' retrieved from /home/airflow/.local/lib/python3.8/site-packages/airflow/example_dags/example_python_operator.py
[2026-07-13T12:08:42.197+0000] {logging_mixin.py:188} INFO - [2026-07-13T12:08:42.196+0000] {dag.py:3036} INFO - Sync 1 DAGs
[2026-07-13T12:08:42.207+0000] {logging_mixin.py:188} INFO - [2026-07-13T12:08:42.207+0000] {dag.py:3823} INFO - Setting next_dagrun for example_python_operator to None, run_after=None
[2026-07-13T12:08:42.221+0000] {processor.py:183} INFO - Processing /home/airflow/.local/lib/python3.8/site-packages/airflow/example_dags/example_python_operator.py took 0.066 seconds
[2026-07-13T12:09:12.785+0000] {processor.py:161} INFO - Started process (PID=5667) to work on /home/airflow/.local/lib/python3.8/site-packages/airflow/example_dags/example_python_operator.py
[2026-07-13T12:09:12.786+0000] {processor.py:830} INFO - Processing file /home/airflow/.local/lib/python3.8/site-packages/airflow/example_dags/example_python_operator.py for tasks to queue
[2026-07-13T12:09:12.788+0000] {logging_mixin.py:188} INFO - [2026-07-13T12:09:12.788+0000] {dagbag.py:538} INFO - Filling up the DagBag from /home/airflow/.local/lib/python3.8/site-packages/airflow/example_dags/example_python_operator.py
[2026-07-13T12:09:12.796+0000] {processor.py:840} INFO - DAG(s) 'example_python_operator' retrieved from /home/airflow/.local/lib/python3.8/site-packages/airflow/example_dags/example_python_operator.py
[2026-07-13T12:09:12.813+0000] {logging_mixin.py:188} INFO - [2026-07-13T12:09:12.813+0000] {dag.py:3036} INFO - Sync 1 DAGs
[2026-07-13T12:09:12.822+0000] {logging_mixin.py:188} INFO - [2026-07-13T12:09:12.822+0000] {dag.py:3823} INFO - Setting next_dagrun for example_python_operator to None, run_after=None
[2026-07-13T12:09:12.841+0000] {processor.py:183} INFO - Processing /home/airflow/.local/lib/python3.8/site-packages/airflow/example_dags/example_python_operator.py took 0.058 seconds
[2026-07-13T12:09:43.100+0000] {processor.py:161} INFO - Started process (PID=5723) to work on /home/airflow/.local/lib/python3.8/site-packages/airflow/example_dags/example_python_operator.py
[2026-07-13T12:09:43.102+0000] {processor.py:830} INFO - Processing file /home/airflow/.local/lib/python3.8/site-packages/airflow/example_dags/example_python_operator.py for tasks to queue
[2026-07-13T12:09:43.103+0000] {logging_mixin.py:188} INFO - [2026-07-13T12:09:43.103+0000] {dagbag.py:538} INFO - Filling up the DagBag from /home/airflow/.local/lib/python3.8/site-packages/airflow/example_dags/example_python_operator.py
[2026-07-13T12:09:43.111+0000] {processor.py:840} INFO - DAG(s) 'example_python_operator' retrieved from /home/airflow/.local/lib/python3.8/site-packages/airflow/example_dags/example_python_operator.py
[2026-07-13T12:09:43.130+0000] {logging_mixin.py:188} INFO - [2026-07-13T12:09:43.130+0000] {dag.py:3036} INFO - Sync 1 DAGs
[2026-07-13T12:09:43.140+0000] {logging_mixin.py:188} INFO - [2026-07-13T12:09:43.140+0000] {dag.py:3823} INFO - Setting next_dagrun for example_python_operator to None, run_after=None
[2026-07-13T12:09:43.155+0000] {processor.py:183} INFO - Processing /home/airflow/.local/lib/python3.8/site-packages/airflow/example_dags/example_python_operator.py took 0.058 seconds
[2026-07-13T12:10:13.299+0000] {processor.py:161} INFO - Started process (PID=5779) to work on /home/airflow/.local/lib/python3.8/site-packages/airflow/example_dags/example_python_operator.py
[2026-07-13T12:10:13.300+0000] {processor.py:830} INFO - Processing file /home/airflow/.local/lib/python3.8/site-packages/airflow/example_dags/example_python_operator.py for tasks to queue
[2026-07-13T12:10:13.302+0000] {logging_mixin.py:188} INFO - [2026-07-13T12:10:13.301+0000] {dagbag.py:538} INFO - Filling up the DagBag from /home/airflow/.local/lib/python3.8/site-packages/airflow/example_dags/example_python_operator.py
[2026-07-13T12:10:13.310+0000] {processor.py:840} INFO - DAG(s) 'example_python_operator' retrieved from /home/airflow/.local/lib/python3.8/site-packages/airflow/example_dags/example_python_operator.py
[2026-07-13T12:10:13.329+0000] {logging_mixin.py:188} INFO - [2026-07-13T12:10:13.329+0000] {dag.py:3036} INFO - Sync 1 DAGs
[2026-07-13T12:10:13.339+0000] {logging_mixin.py:188} INFO - [2026-07-13T12:10:13.338+0000] {dag.py:3823} INFO - Setting next_dagrun for example_python_operator to None, run_after=None
[2026-07-13T12:10:13.354+0000] {processor.py:183} INFO - Processing /home/airflow/.local/lib/python3.8/site-packages/airflow/example_dags/example_python_operator.py took 0.058 seconds
[2026-07-13T12:10:43.448+0000] {processor.py:161} INFO - Started process (PID=5835) to work on /home/airflow/.local/lib/python3.8/site-packages/airflow/example_dags/example_python_operator.py
[2026-07-13T12:10:43.449+0000] {processor.py:830} INFO - Processing file /home/airflow/.local/lib/python3.8/site-packages/airflow/example_dags/example_python_operator.py for tasks to queue
[2026-07-13T12:10:43.450+0000] {logging_mixin.py:188} INFO - [2026-07-13T12:10:43.450+0000] {dagbag.py:538} INFO - Filling up the DagBag from /home/airflow/.local/lib/python3.8/site-packages/airflow/example_dags/example_python_operator.py
[2026-07-13T12:10:43.459+0000] {processor.py:840} INFO - DAG(s) 'example_python_operator' retrieved from /home/airflow/.local/lib/python3.8/site-packages/airflow/example_dags/example_python_operator.py
[2026-07-13T12:10:43.476+0000] {logging_mixin.py:188} INFO - [2026-07-13T12:10:43.476+0000] {dag.py:3036} INFO - Sync 1 DAGs
[2026-07-13T12:10:43.485+0000] {logging_mixin.py:188} INFO - [2026-07-13T12:10:43.485+0000] {dag.py:3823} INFO - Setting next_dagrun for example_python_operator to None, run_after=None
[2026-07-13T12:10:43.499+0000] {processor.py:183} INFO - Processing /home/airflow/.local/lib/python3.8/site-packages/airflow/example_dags/example_python_operator.py took 0.054 seconds
[2026-07-13T12:11:13.643+0000] {processor.py:161} INFO - Started process (PID=5891) to work on /home/airflow/.local/lib/python3.8/site-packages/airflow/example_dags/example_python_operator.py
[2026-07-13T12:11:13.644+0000] {processor.py:830} INFO - Processing file /home/airflow/.local/lib/python3.8/site-packages/airflow/example_dags/example_python_operator.py for tasks to queue
[2026-07-13T12:11:13.645+0000] {logging_mixin.py:188} INFO - [2026-07-13T12:11:13.645+0000] {dagbag.py:538} INFO - Filling up the DagBag from /home/airflow/.local/lib/python3.8/site-packages/airflow/example_dags/example_python_operator.py
[2026-07-13T12:11:13.653+0000] {processor.py:840} INFO - DAG(s) 'example_python_operator' retrieved from /home/airflow/.local/lib/python3.8/site-packages/airflow/example_dags/example_python_operator.py
[2026-07-13T12:11:13.671+0000] {logging_mixin.py:188} INFO - [2026-07-13T12:11:13.670+0000] {dag.py:3036} INFO - Sync 1 DAGs
[2026-07-13T12:11:13.680+0000] {logging_mixin.py:188} INFO - [2026-07-13T12:11:13.680+0000] {dag.py:3823} INFO - Setting next_dagrun for example_python_operator to None, run_after=None
[2026-07-13T12:11:13.695+0000] {processor.py:183} INFO - Processing /home/airflow/.local/lib/python3.8/site-packages/airflow/example_dags/example_python_operator.py took 0.055 seconds
[2026-07-13T12:11:43.826+0000] {processor.py:161} INFO - Started process (PID=5947) to work on /home/airflow/.local/lib/python3.8/site-packages/airflow/example_dags/example_python_operator.py
[2026-07-13T12:11:43.827+0000] {processor.py:830} INFO - Processing file /home/airflow/.local/lib/python3.8/site-packages/airflow/example_dags/example_python_operator.py for tasks to queue
[2026-07-13T12:11:43.828+0000] {logging_mixin.py:188} INFO - [2026-07-13T12:11:43.828+0000] {dagbag.py:538} INFO - Filling up the DagBag from /home/airflow/.local/lib/python3.8/site-packages/airflow/example_dags/example_python_operator.py
[2026-07-13T12:11:43.836+0000] {processor.py:840} INFO - DAG(s) 'example_python_operator' retrieved from /home/airflow/.local/lib/python3.8/site-packages/airflow/example_dags/example_python_operator.py
[2026-07-13T12:11:43.853+0000] {logging_mixin.py:188} INFO - [2026-07-13T12:11:43.853+0000] {dag.py:3036} INFO - Sync 1 DAGs
[2026-07-13T12:11:43.861+0000] {logging_mixin.py:188} INFO - [2026-07-13T12:11:43.861+0000] {dag.py:3823} INFO - Setting next_dagrun for example_python_operator to None, run_after=None
[2026-07-13T12:11:43.876+0000] {processor.py:183} INFO - Processing /home/airflow/.local/lib/python3.8/site-packages/airflow/example_dags/example_python_operator.py took 0.053 seconds
[2026-07-13T12:12:14.001+0000] {processor.py:161} INFO - Started process (PID=6003) to work on /home/airflow/.local/lib/python3.8/site-packages/airflow/example_dags/example_python_operator.py
[2026-07-13T12:12:14.002+0000] {processor.py:830} INFO - Processing file /home/airflow/.local/lib/python3.8/site-packages/airflow/example_dags/example_python_operator.py for tasks to queue
[2026-07-13T12:12:14.003+0000] {logging_mixin.py:188} INFO - [2026-07-13T12:12:14.003+0000] {dagbag.py:538} INFO - Filling up the DagBag from /home/airflow/.local/lib/python3.8/site-packages/airflow/example_dags/example_python_operator.py
[2026-07-13T12:12:14.012+0000] {processor.py:840} INFO - DAG(s) 'example_python_operator' retrieved from /home/airflow/.local/lib/python3.8/site-packages/airflow/example_dags/example_python_operator.py
[2026-07-13T12:12:14.029+0000] {logging_mixin.py:188} INFO - [2026-07-13T12:12:14.029+0000] {dag.py:3036} INFO - Sync 1 DAGs
[2026-07-13T12:12:14.037+0000] {logging_mixin.py:188} INFO - [2026-07-13T12:12:14.037+0000] {dag.py:3823} INFO - Setting next_dagrun for example_python_operator to None, run_after=None
[2026-07-13T12:12:14.052+0000] {processor.py:183} INFO - Processing /home/airflow/.local/lib/python3.8/site-packages/airflow/example_dags/example_python_operator.py took 0.053 seconds
[2026-07-13T12:12:44.197+0000] {processor.py:161} INFO - Started process (PID=6059) to work on /home/airflow/.local/lib/python3.8/site-packages/airflow/example_dags/example_python_operator.py
[2026-07-13T12:12:44.198+0000] {processor.py:830} INFO - Processing file /home/airflow/.local/lib/python3.8/site-packages/airflow/example_dags/example_python_operator.py for tasks to queue
[2026-07-13T12:12:44.199+0000] {logging_mixin.py:188} INFO - [2026-07-13T12:12:44.199+0000] {dagbag.py:538} INFO - Filling up the DagBag from /home/airflow/.local/lib/python3.8/site-packages/airflow/example_dags/example_python_operator.py
[2026-07-13T12:12:44.207+0000] {processor.py:840} INFO - DAG(s) 'example_python_operator' retrieved from /home/airflow/.local/lib/python3.8/site-packages/airflow/example_dags/example_python_operator.py
[2026-07-13T12:12:44.225+0000] {logging_mixin.py:188} INFO - [2026-07-13T12:12:44.224+0000] {dag.py:3036} INFO - Sync 1 DAGs
[2026-07-13T12:12:44.234+0000] {logging_mixin.py:188} INFO - [2026-07-13T12:12:44.233+0000] {dag.py:3823} INFO - Setting next_dagrun for example_python_operator to None, run_after=None
[2026-07-13T12:12:44.247+0000] {processor.py:183} INFO - Processing /home/airflow/.local/lib/python3.8/site-packages/airflow/example_dags/example_python_operator.py took 0.053 seconds
[2026-07-13T12:13:14.332+0000] {processor.py:161} INFO - Started process (PID=6113) to work on /home/airflow/.local/lib/python3.8/site-packages/airflow/example_dags/example_python_operator.py
[2026-07-13T12:13:14.333+0000] {processor.py:830} INFO - Processing file /home/airflow/.local/lib/python3.8/site-packages/airflow/example_dags/example_python_operator.py for tasks to queue
[2026-07-13T12:13:14.334+0000] {logging_mixin.py:188} INFO - [2026-07-13T12:13:14.334+0000] {dagbag.py:538} INFO - Filling up the DagBag from /home/airflow/.local/lib/python3.8/site-packages/airflow/example_dags/example_python_operator.py
[2026-07-13T12:13:14.342+0000] {processor.py:840} INFO - DAG(s) 'example_python_operator' retrieved from /home/airflow/.local/lib/python3.8/site-packages/airflow/example_dags/example_python_operator.py
[2026-07-13T12:13:14.360+0000] {logging_mixin.py:188} INFO - [2026-07-13T12:13:14.360+0000] {dag.py:3036} INFO - Sync 1 DAGs
[2026-07-13T12:13:14.369+0000] {logging_mixin.py:188} INFO - [2026-07-13T12:13:14.368+0000] {dag.py:3823} INFO - Setting next_dagrun for example_python_operator to None, run_after=None
[2026-07-13T12:13:14.383+0000] {processor.py:183} INFO - Processing /home/airflow/.local/lib/python3.8/site-packages/airflow/example_dags/example_python_operator.py took 0.054 seconds
[2026-07-13T12:13:44.440+0000] {processor.py:161} INFO - Started process (PID=6170) to work on /home/airflow/.local/lib/python3.8/site-packages/airflow/example_dags/example_python_operator.py
[2026-07-13T12:13:44.441+0000] {processor.py:830} INFO - Processing file /home/airflow/.local/lib/python3.8/site-packages/airflow/example_dags/example_python_operator.py for tasks to queue
[2026-07-13T12:13:44.442+0000] {logging_mixin.py:188} INFO - [2026-07-13T12:13:44.442+0000] {dagbag.py:538} INFO - Filling up the DagBag from /home/airflow/.local/lib/python3.8/site-packages/airflow/example_dags/example_python_operator.py
[2026-07-13T12:13:44.450+0000] {processor.py:840} INFO - DAG(s) 'example_python_operator' retrieved from /home/airflow/.local/lib/python3.8/site-packages/airflow/example_dags/example_python_operator.py
[2026-07-13T12:13:44.467+0000] {logging_mixin.py:188} INFO - [2026-07-13T12:13:44.467+0000] {dag.py:3036} INFO - Sync 1 DAGs
[2026-07-13T12:13:44.477+0000] {logging_mixin.py:188} INFO - [2026-07-13T12:13:44.477+0000] {dag.py:3823} INFO - Setting next_dagrun for example_python_operator to None, run_after=None
[2026-07-13T12:13:44.490+0000] {processor.py:183} INFO - Processing /home/airflow/.local/lib/python3.8/site-packages/airflow/example_dags/example_python_operator.py took 0.054 seconds
[2026-07-13T12:14:14.790+0000] {processor.py:161} INFO - Started process (PID=6225) to work on /home/airflow/.local/lib/python3.8/site-packages/airflow/example_dags/example_python_operator.py
[2026-07-13T12:14:14.791+0000] {processor.py:830} INFO - Processing file /home/airflow/.local/lib/python3.8/site-packages/airflow/example_dags/example_python_operator.py for tasks to queue
[2026-07-13T12:14:14.792+0000] {logging_mixin.py:188} INFO - [2026-07-13T12:14:14.792+0000] {dagbag.py:538} INFO - Filling up the DagBag from /home/airflow/.local/lib/python3.8/site-packages/airflow/example_dags/example_python_operator.py
[2026-07-13T12:14:14.801+0000] {processor.py:840} INFO - DAG(s) 'example_python_operator' retrieved from /home/airflow/.local/lib/python3.8/site-packages/airflow/example_dags/example_python_operator.py
[2026-07-13T12:14:14.821+0000] {logging_mixin.py:188} INFO - [2026-07-13T12:14:14.821+0000] {dag.py:3036} INFO - Sync 1 DAGs
[2026-07-13T12:14:14.830+0000] {logging_mixin.py:188} INFO - [2026-07-13T12:14:14.830+0000] {dag.py:3823} INFO - Setting next_dagrun for example_python_operator to None, run_after=None
[2026-07-13T12:14:14.844+0000] {processor.py:183} INFO - Processing /home/airflow/.local/lib/python3.8/site-packages/airflow/example_dags/example_python_operator.py took 0.058 seconds
[2026-07-13T12:14:44.986+0000] {processor.py:161} INFO - Started process (PID=6281) to work on /home/airflow/.local/lib/python3.8/site-packages/airflow/example_dags/example_python_operator.py
[2026-07-13T12:14:44.987+0000] {processor.py:830} INFO - Processing file /home/airflow/.local/lib/python3.8/site-packages/airflow/example_dags/example_python_operator.py for tasks to queue
[2026-07-13T12:14:44.989+0000] {logging_mixin.py:188} INFO - [2026-07-13T12:14:44.989+0000] {dagbag.py:538} INFO - Filling up the DagBag from /home/airflow/.local/lib/python3.8/site-packages/airflow/example_dags/example_python_operator.py
[2026-07-13T12:14:44.998+0000] {processor.py:840} INFO - DAG(s) 'example_python_operator' retrieved from /home/airflow/.local/lib/python3.8/site-packages/airflow/example_dags/example_python_operator.py
[2026-07-13T12:14:45.018+0000] {logging_mixin.py:188} INFO - [2026-07-13T12:14:45.018+0000] {dag.py:3036} INFO - Sync 1 DAGs
[2026-07-13T12:14:45.027+0000] {logging_mixin.py:188} INFO - [2026-07-13T12:14:45.027+0000] {dag.py:3823} INFO - Setting next_dagrun for example_python_operator to None, run_after=None
[2026-07-13T12:14:45.047+0000] {processor.py:183} INFO - Processing /home/airflow/.local/lib/python3.8/site-packages/airflow/example_dags/example_python_operator.py took 0.064 seconds
[2026-07-13T12:15:15.317+0000] {processor.py:161} INFO - Started process (PID=6337) to work on /home/airflow/.local/lib/python3.8/site-packages/airflow/example_dags/example_python_operator.py
[2026-07-13T12:15:15.318+0000] {processor.py:830} INFO - Processing file /home/airflow/.local/lib/python3.8/site-packages/airflow/example_dags/example_python_operator.py for tasks to queue
[2026-07-13T12:15:15.319+0000] {logging_mixin.py:188} INFO - [2026-07-13T12:15:15.319+0000] {dagbag.py:538} INFO - Filling up the DagBag from /home/airflow/.local/lib/python3.8/site-packages/airflow/example_dags/example_python_operator.py
[2026-07-13T12:15:15.332+0000] {processor.py:840} INFO - DAG(s) 'example_python_operator' retrieved from /home/airflow/.local/lib/python3.8/site-packages/airflow/example_dags/example_python_operator.py
[2026-07-13T12:15:15.351+0000] {logging_mixin.py:188} INFO - [2026-07-13T12:15:15.351+0000] {dag.py:3036} INFO - Sync 1 DAGs
[2026-07-13T12:15:15.360+0000] {logging_mixin.py:188} INFO - [2026-07-13T12:15:15.360+0000] {dag.py:3823} INFO - Setting next_dagrun for example_python_operator to None, run_after=None
[2026-07-13T12:15:15.379+0000] {processor.py:183} INFO - Processing /home/airflow/.local/lib/python3.8/site-packages/airflow/example_dags/example_python_operator.py took 0.066 seconds
[2026-07-13T12:15:45.552+0000] {processor.py:161} INFO - Started process (PID=6393) to work on /home/airflow/.local/lib/python3.8/site-packages/airflow/example_dags/example_python_operator.py
[2026-07-13T12:15:45.553+0000] {processor.py:830} INFO - Processing file /home/airflow/.local/lib/python3.8/site-packages/airflow/example_dags/example_python_operator.py for tasks to queue
[2026-07-13T12:15:45.555+0000] {logging_mixin.py:188} INFO - [2026-07-13T12:15:45.555+0000] {dagbag.py:538} INFO - Filling up the DagBag from /home/airflow/.local/lib/python3.8/site-packages/airflow/example_dags/example_python_operator.py
[2026-07-13T12:15:45.563+0000] {processor.py:840} INFO - DAG(s) 'example_python_operator' retrieved from /home/airflow/.local/lib/python3.8/site-packages/airflow/example_dags/example_python_operator.py
[2026-07-13T12:15:45.583+0000] {logging_mixin.py:188} INFO - [2026-07-13T12:15:45.582+0000] {dag.py:3036} INFO - Sync 1 DAGs
[2026-07-13T12:15:45.592+0000] {logging_mixin.py:188} INFO - [2026-07-13T12:15:45.592+0000] {dag.py:3823} INFO - Setting next_dagrun for example_python_operator to None, run_after=None
[2026-07-13T12:15:45.607+0000] {processor.py:183} INFO - Processing /home/airflow/.local/lib/python3.8/site-packages/airflow/example_dags/example_python_operator.py took 0.058 seconds
[2026-07-13T12:16:15.688+0000] {processor.py:161} INFO - Started process (PID=6449) to work on /home/airflow/.local/lib/python3.8/site-packages/airflow/example_dags/example_python_operator.py
[2026-07-13T12:16:15.689+0000] {processor.py:830} INFO - Processing file /home/airflow/.local/lib/python3.8/site-packages/airflow/example_dags/example_python_operator.py for tasks to queue
[2026-07-13T12:16:15.690+0000] {logging_mixin.py:188} INFO - [2026-07-13T12:16:15.690+0000] {dagbag.py:538} INFO - Filling up the DagBag from /home/airflow/.local/lib/python3.8/site-packages/airflow/example_dags/example_python_operator.py
[2026-07-13T12:16:15.698+0000] {processor.py:840} INFO - DAG(s) 'example_python_operator' retrieved from /home/airflow/.local/lib/python3.8/site-packages/airflow/example_dags/example_python_operator.py
[2026-07-13T12:16:15.715+0000] {logging_mixin.py:188} INFO - [2026-07-13T12:16:15.715+0000] {dag.py:3036} INFO - Sync 1 DAGs
[2026-07-13T12:16:15.724+0000] {logging_mixin.py:188} INFO - [2026-07-13T12:16:15.724+0000] {dag.py:3823} INFO - Setting next_dagrun for example_python_operator to None, run_after=None
[2026-07-13T12:16:15.738+0000] {processor.py:183} INFO - Processing /home/airflow/.local/lib/python3.8/site-packages/airflow/example_dags/example_python_operator.py took 0.053 seconds
[2026-07-13T12:16:45.889+0000] {processor.py:161} INFO - Started process (PID=6505) to work on /home/airflow/.local/lib/python3.8/site-packages/airflow/example_dags/example_python_operator.py
[2026-07-13T12:16:45.890+0000] {processor.py:830} INFO - Processing file /home/airflow/.local/lib/python3.8/site-packages/airflow/example_dags/example_python_operator.py for tasks to queue
[2026-07-13T12:16:45.891+0000] {logging_mixin.py:188} INFO - [2026-07-13T12:16:45.891+0000] {dagbag.py:538} INFO - Filling up the DagBag from /home/airflow/.local/lib/python3.8/site-packages/airflow/example_dags/example_python_operator.py
[2026-07-13T12:16:45.899+0000] {processor.py:840} INFO - DAG(s) 'example_python_operator' retrieved from /home/airflow/.local/lib/python3.8/site-packages/airflow/example_dags/example_python_operator.py
[2026-07-13T12:16:45.917+0000] {logging_mixin.py:188} INFO - [2026-07-13T12:16:45.917+0000] {dag.py:3036} INFO - Sync 1 DAGs
[2026-07-13T12:16:45.926+0000] {logging_mixin.py:188} INFO - [2026-07-13T12:16:45.926+0000] {dag.py:3823} INFO - Setting next_dagrun for example_python_operator to None, run_after=None
[2026-07-13T12:16:45.939+0000] {processor.py:183} INFO - Processing /home/airflow/.local/lib/python3.8/site-packages/airflow/example_dags/example_python_operator.py took 0.053 seconds
[2026-07-13T12:17:16.081+0000] {processor.py:161} INFO - Started process (PID=6561) to work on /home/airflow/.local/lib/python3.8/site-packages/airflow/example_dags/example_python_operator.py
[2026-07-13T12:17:16.082+0000] {processor.py:830} INFO - Processing file /home/airflow/.local/lib/python3.8/site-packages/airflow/example_dags/example_python_operator.py for tasks to queue
[2026-07-13T12:17:16.083+0000] {logging_mixin.py:188} INFO - [2026-07-13T12:17:16.083+0000] {dagbag.py:538} INFO - Filling up the DagBag from /home/airflow/.local/lib/python3.8/site-packages/airflow/example_dags/example_python_operator.py
[2026-07-13T12:17:16.092+0000] {processor.py:840} INFO - DAG(s) 'example_python_operator' retrieved from /home/airflow/.local/lib/python3.8/site-packages/airflow/example_dags/example_python_operator.py
[2026-07-13T12:17:16.110+0000] {logging_mixin.py:188} INFO - [2026-07-13T12:17:16.109+0000] {dag.py:3036} INFO - Sync 1 DAGs
[2026-07-13T12:17:16.119+0000] {logging_mixin.py:188} INFO - [2026-07-13T12:17:16.118+0000] {dag.py:3823} INFO - Setting next_dagrun for example_python_operator to None, run_after=None
[2026-07-13T12:17:16.137+0000] {processor.py:183} INFO - Processing /home/airflow/.local/lib/python3.8/site-packages/airflow/example_dags/example_python_operator.py took 0.059 seconds
[2026-07-13T12:17:46.249+0000] {processor.py:161} INFO - Started process (PID=6617) to work on /home/airflow/.local/lib/python3.8/site-packages/airflow/example_dags/example_python_operator.py
[2026-07-13T12:17:46.250+0000] {processor.py:830} INFO - Processing file /home/airflow/.local/lib/python3.8/site-packages/airflow/example_dags/example_python_operator.py for tasks to queue
[2026-07-13T12:17:46.251+0000] {logging_mixin.py:188} INFO - [2026-07-13T12:17:46.251+0000] {dagbag.py:538} INFO - Filling up the DagBag from /home/airflow/.local/lib/python3.8/site-packages/airflow/example_dags/example_python_operator.py
[2026-07-13T12:17:46.259+0000] {processor.py:840} INFO - DAG(s) 'example_python_operator' retrieved from /home/airflow/.local/lib/python3.8/site-packages/airflow/example_dags/example_python_operator.py
[2026-07-13T12:17:46.276+0000] {logging_mixin.py:188} INFO - [2026-07-13T12:17:46.276+0000] {dag.py:3036} INFO - Sync 1 DAGs
[2026-07-13T12:17:46.285+0000] {logging_mixin.py:188} INFO - [2026-07-13T12:17:46.284+0000] {dag.py:3823} INFO - Setting next_dagrun for example_python_operator to None, run_after=None
[2026-07-13T12:17:46.298+0000] {processor.py:183} INFO - Processing /home/airflow/.local/lib/python3.8/site-packages/airflow/example_dags/example_python_operator.py took 0.052 seconds
[2026-07-13T12:18:16.437+0000] {processor.py:161} INFO - Started process (PID=6674) to work on /home/airflow/.local/lib/python3.8/site-packages/airflow/example_dags/example_python_operator.py
[2026-07-13T12:18:16.438+0000] {processor.py:830} INFO - Processing file /home/airflow/.local/lib/python3.8/site-packages/airflow/example_dags/example_python_operator.py for tasks to queue
[2026-07-13T12:18:16.440+0000] {logging_mixin.py:188} INFO - [2026-07-13T12:18:16.440+0000] {dagbag.py:538} INFO - Filling up the DagBag from /home/airflow/.local/lib/python3.8/site-packages/airflow/example_dags/example_python_operator.py
[2026-07-13T12:18:16.448+0000] {processor.py:840} INFO - DAG(s) 'example_python_operator' retrieved from /home/airflow/.local/lib/python3.8/site-packages/airflow/example_dags/example_python_operator.py
[2026-07-13T12:18:16.465+0000] {logging_mixin.py:188} INFO - [2026-07-13T12:18:16.465+0000] {dag.py:3036} INFO - Sync 1 DAGs
[2026-07-13T12:18:16.474+0000] {logging_mixin.py:188} INFO - [2026-07-13T12:18:16.474+0000] {dag.py:3823} INFO - Setting next_dagrun for example_python_operator to None, run_after=None
[2026-07-13T12:18:16.488+0000] {processor.py:183} INFO - Processing /home/airflow/.local/lib/python3.8/site-packages/airflow/example_dags/example_python_operator.py took 0.053 seconds
[2026-07-13T12:18:46.626+0000] {processor.py:161} INFO - Started process (PID=6731) to work on /home/airflow/.local/lib/python3.8/site-packages/airflow/example_dags/example_python_operator.py
[2026-07-13T12:18:46.627+0000] {processor.py:830} INFO - Processing file /home/airflow/.local/lib/python3.8/site-packages/airflow/example_dags/example_python_operator.py for tasks to queue
[2026-07-13T12:18:46.629+0000] {logging_mixin.py:188} INFO - [2026-07-13T12:18:46.629+0000] {dagbag.py:538} INFO - Filling up the DagBag from /home/airflow/.local/lib/python3.8/site-packages/airflow/example_dags/example_python_operator.py
[2026-07-13T12:18:46.637+0000] {processor.py:840} INFO - DAG(s) 'example_python_operator' retrieved from /home/airflow/.local/lib/python3.8/site-packages/airflow/example_dags/example_python_operator.py
[2026-07-13T12:18:46.654+0000] {logging_mixin.py:188} INFO - [2026-07-13T12:18:46.654+0000] {dag.py:3036} INFO - Sync 1 DAGs
[2026-07-13T12:18:46.663+0000] {logging_mixin.py:188} INFO - [2026-07-13T12:18:46.663+0000] {dag.py:3823} INFO - Setting next_dagrun for example_python_operator to None, run_after=None
[2026-07-13T12:18:46.677+0000] {processor.py:183} INFO - Processing /home/airflow/.local/lib/python3.8/site-packages/airflow/example_dags/example_python_operator.py took 0.054 seconds
[2026-07-13T12:19:16.781+0000] {processor.py:161} INFO - Started process (PID=6787) to work on /home/airflow/.local/lib/python3.8/site-packages/airflow/example_dags/example_python_operator.py
[2026-07-13T12:19:16.782+0000] {processor.py:830} INFO - Processing file /home/airflow/.local/lib/python3.8/site-packages/airflow/example_dags/example_python_operator.py for tasks to queue
[2026-07-13T12:19:16.784+0000] {logging_mixin.py:188} INFO - [2026-07-13T12:19:16.784+0000] {dagbag.py:538} INFO - Filling up the DagBag from /home/airflow/.local/lib/python3.8/site-packages/airflow/example_dags/example_python_operator.py
[2026-07-13T12:19:16.792+0000] {processor.py:840} INFO - DAG(s) 'example_python_operator' retrieved from /home/airflow/.local/lib/python3.8/site-packages/airflow/example_dags/example_python_operator.py
[2026-07-13T12:19:16.809+0000] {logging_mixin.py:188} INFO - [2026-07-13T12:19:16.808+0000] {dag.py:3036} INFO - Sync 1 DAGs
[2026-07-13T12:19:16.817+0000] {logging_mixin.py:188} INFO - [2026-07-13T12:19:16.817+0000] {dag.py:3823} INFO - Setting next_dagrun for example_python_operator to None, run_after=None
[2026-07-13T12:19:16.832+0000] {processor.py:183} INFO - Processing /home/airflow/.local/lib/python3.8/site-packages/airflow/example_dags/example_python_operator.py took 0.053 seconds
[2026-07-13T12:19:47.024+0000] {processor.py:161} INFO - Started process (PID=6843) to work on /home/airflow/.local/lib/python3.8/site-packages/airflow/example_dags/example_python_operator.py
[2026-07-13T12:19:47.025+0000] {processor.py:830} INFO - Processing file /home/airflow/.local/lib/python3.8/site-packages/airflow/example_dags/example_python_operator.py for tasks to queue
[2026-07-13T12:19:47.027+0000] {logging_mixin.py:188} INFO - [2026-07-13T12:19:47.027+0000] {dagbag.py:538} INFO - Filling up the DagBag from /home/airflow/.local/lib/python3.8/site-packages/airflow/example_dags/example_python_operator.py
[2026-07-13T12:19:47.035+0000] {processor.py:840} INFO - DAG(s) 'example_python_operator' retrieved from /home/airflow/.local/lib/python3.8/site-packages/airflow/example_dags/example_python_operator.py
[2026-07-13T12:19:47.052+0000] {logging_mixin.py:188} INFO - [2026-07-13T12:19:47.051+0000] {dag.py:3036} INFO - Sync 1 DAGs
[2026-07-13T12:19:47.060+0000] {logging_mixin.py:188} INFO - [2026-07-13T12:19:47.060+0000] {dag.py:3823} INFO - Setting next_dagrun for example_python_operator to None, run_after=None
[2026-07-13T12:19:47.074+0000] {processor.py:183} INFO - Processing /home/airflow/.local/lib/python3.8/site-packages/airflow/example_dags/example_python_operator.py took 0.053 seconds
[2026-07-13T12:20:17.336+0000] {processor.py:161} INFO - Started process (PID=6899) to work on /home/airflow/.local/lib/python3.8/site-packages/airflow/example_dags/example_python_operator.py
[2026-07-13T12:20:17.337+0000] {processor.py:830} INFO - Processing file /home/airflow/.local/lib/python3.8/site-packages/airflow/example_dags/example_python_operator.py for tasks to queue
[2026-07-13T12:20:17.338+0000] {logging_mixin.py:188} INFO - [2026-07-13T12:20:17.338+0000] {dagbag.py:538} INFO - Filling up the DagBag from /home/airflow/.local/lib/python3.8/site-packages/airflow/example_dags/example_python_operator.py
[2026-07-13T12:20:17.346+0000] {processor.py:840} INFO - DAG(s) 'example_python_operator' retrieved from /home/airflow/.local/lib/python3.8/site-packages/airflow/example_dags/example_python_operator.py
[2026-07-13T12:20:17.365+0000] {logging_mixin.py:188} INFO - [2026-07-13T12:20:17.364+0000] {dag.py:3036} INFO - Sync 1 DAGs
[2026-07-13T12:20:17.374+0000] {logging_mixin.py:188} INFO - [2026-07-13T12:20:17.374+0000] {dag.py:3823} INFO - Setting next_dagrun for example_python_operator to None, run_after=None
[2026-07-13T12:20:17.389+0000] {processor.py:183} INFO - Processing /home/airflow/.local/lib/python3.8/site-packages/airflow/example_dags/example_python_operator.py took 0.056 seconds
[2026-07-13T12:20:47.487+0000] {processor.py:161} INFO - Started process (PID=6955) to work on /home/airflow/.local/lib/python3.8/site-packages/airflow/example_dags/example_python_operator.py
[2026-07-13T12:20:47.488+0000] {processor.py:830} INFO - Processing file /home/airflow/.local/lib/python3.8/site-packages/airflow/example_dags/example_python_operator.py for tasks to queue
[2026-07-13T12:20:47.489+0000] {logging_mixin.py:188} INFO - [2026-07-13T12:20:47.489+0000] {dagbag.py:538} INFO - Filling up the DagBag from /home/airflow/.local/lib/python3.8/site-packages/airflow/example_dags/example_python_operator.py
[2026-07-13T12:20:47.497+0000] {processor.py:840} INFO - DAG(s) 'example_python_operator' retrieved from /home/airflow/.local/lib/python3.8/site-packages/airflow/example_dags/example_python_operator.py
[2026-07-13T12:20:47.514+0000] {logging_mixin.py:188} INFO - [2026-07-13T12:20:47.513+0000] {dag.py:3036} INFO - Sync 1 DAGs
[2026-07-13T12:20:47.522+0000] {logging_mixin.py:188} INFO - [2026-07-13T12:20:47.522+0000] {dag.py:3823} INFO - Setting next_dagrun for example_python_operator to None, run_after=None
[2026-07-13T12:20:47.536+0000] {processor.py:183} INFO - Processing /home/airflow/.local/lib/python3.8/site-packages/airflow/example_dags/example_python_operator.py took 0.052 seconds
[2026-07-13T12:21:17.658+0000] {processor.py:161} INFO - Started process (PID=7011) to work on /home/airflow/.local/lib/python3.8/site-packages/airflow/example_dags/example_python_operator.py
[2026-07-13T12:21:17.659+0000] {processor.py:830} INFO - Processing file /home/airflow/.local/lib/python3.8/site-packages/airflow/example_dags/example_python_operator.py for tasks to queue
[2026-07-13T12:21:17.660+0000] {logging_mixin.py:188} INFO - [2026-07-13T12:21:17.660+0000] {dagbag.py:538} INFO - Filling up the DagBag from /home/airflow/.local/lib/python3.8/site-packages/airflow/example_dags/example_python_operator.py
[2026-07-13T12:21:17.668+0000] {processor.py:840} INFO - DAG(s) 'example_python_operator' retrieved from /home/airflow/.local/lib/python3.8/site-packages/airflow/example_dags/example_python_operator.py
[2026-07-13T12:21:17.685+0000] {logging_mixin.py:188} INFO - [2026-07-13T12:21:17.684+0000] {dag.py:3036} INFO - Sync 1 DAGs
[2026-07-13T12:21:17.694+0000] {logging_mixin.py:188} INFO - [2026-07-13T12:21:17.694+0000] {dag.py:3823} INFO - Setting next_dagrun for example_python_operator to None, run_after=None
[2026-07-13T12:21:17.711+0000] {processor.py:183} INFO - Processing /home/airflow/.local/lib/python3.8/site-packages/airflow/example_dags/example_python_operator.py took 0.056 seconds
[2026-07-13T12:21:47.827+0000] {processor.py:161} INFO - Started process (PID=7067) to work on /home/airflow/.local/lib/python3.8/site-packages/airflow/example_dags/example_python_operator.py
[2026-07-13T12:21:47.828+0000] {processor.py:830} INFO - Processing file /home/airflow/.local/lib/python3.8/site-packages/airflow/example_dags/example_python_operator.py for tasks to queue
[2026-07-13T12:21:47.829+0000] {logging_mixin.py:188} INFO - [2026-07-13T12:21:47.829+0000] {dagbag.py:538} INFO - Filling up the DagBag from /home/airflow/.local/lib/python3.8/site-packages/airflow/example_dags/example_python_operator.py
[2026-07-13T12:21:47.838+0000] {processor.py:840} INFO - DAG(s) 'example_python_operator' retrieved from /home/airflow/.local/lib/python3.8/site-packages/airflow/example_dags/example_python_operator.py
[2026-07-13T12:21:47.856+0000] {logging_mixin.py:188} INFO - [2026-07-13T12:21:47.855+0000] {dag.py:3036} INFO - Sync 1 DAGs
[2026-07-13T12:21:47.864+0000] {logging_mixin.py:188} INFO - [2026-07-13T12:21:47.864+0000] {dag.py:3823} INFO - Setting next_dagrun for example_python_operator to None, run_after=None
[2026-07-13T12:21:47.878+0000] {processor.py:183} INFO - Processing /home/airflow/.local/lib/python3.8/site-packages/airflow/example_dags/example_python_operator.py took 0.054 seconds
[2026-07-13T12:22:18.042+0000] {processor.py:161} INFO - Started process (PID=7123) to work on /home/airflow/.local/lib/python3.8/site-packages/airflow/example_dags/example_python_operator.py
[2026-07-13T12:22:18.043+0000] {processor.py:830} INFO - Processing file /home/airflow/.local/lib/python3.8/site-packages/airflow/example_dags/example_python_operator.py for tasks to queue
[2026-07-13T12:22:18.044+0000] {logging_mixin.py:188} INFO - [2026-07-13T12:22:18.044+0000] {dagbag.py:538} INFO - Filling up the DagBag from /home/airflow/.local/lib/python3.8/site-packages/airflow/example_dags/example_python_operator.py
[2026-07-13T12:22:18.052+0000] {processor.py:840} INFO - DAG(s) 'example_python_operator' retrieved from /home/airflow/.local/lib/python3.8/site-packages/airflow/example_dags/example_python_operator.py
[2026-07-13T12:22:18.069+0000] {logging_mixin.py:188} INFO - [2026-07-13T12:22:18.069+0000] {dag.py:3036} INFO - Sync 1 DAGs
[2026-07-13T12:22:18.077+0000] {logging_mixin.py:188} INFO - [2026-07-13T12:22:18.077+0000] {dag.py:3823} INFO - Setting next_dagrun for example_python_operator to None, run_after=None
[2026-07-13T12:22:18.090+0000] {processor.py:183} INFO - Processing /home/airflow/.local/lib/python3.8/site-packages/airflow/example_dags/example_python_operator.py took 0.051 seconds
[2026-07-13T12:22:49.168+0000] {processor.py:161} INFO - Started process (PID=7179) to work on /home/airflow/.local/lib/python3.8/site-packages/airflow/example_dags/example_python_operator.py
[2026-07-13T12:22:49.169+0000] {processor.py:830} INFO - Processing file /home/airflow/.local/lib/python3.8/site-packages/airflow/example_dags/example_python_operator.py for tasks to queue
[2026-07-13T12:22:49.171+0000] {logging_mixin.py:188} INFO - [2026-07-13T12:22:49.170+0000] {dagbag.py:538} INFO - Filling up the DagBag from /home/airflow/.local/lib/python3.8/site-packages/airflow/example_dags/example_python_operator.py
[2026-07-13T12:22:49.179+0000] {processor.py:840} INFO - DAG(s) 'example_python_operator' retrieved from /home/airflow/.local/lib/python3.8/site-packages/airflow/example_dags/example_python_operator.py
[2026-07-13T12:22:49.195+0000] {logging_mixin.py:188} INFO - [2026-07-13T12:22:49.195+0000] {dag.py:3036} INFO - Sync 1 DAGs
[2026-07-13T12:22:49.204+0000] {logging_mixin.py:188} INFO - [2026-07-13T12:22:49.204+0000] {dag.py:3823} INFO - Setting next_dagrun for example_python_operator to None, run_after=None
[2026-07-13T12:22:49.218+0000] {processor.py:183} INFO - Processing /home/airflow/.local/lib/python3.8/site-packages/airflow/example_dags/example_python_operator.py took 0.053 seconds
[2026-07-13T12:23:19.377+0000] {processor.py:161} INFO - Started process (PID=7235) to work on /home/airflow/.local/lib/python3.8/site-packages/airflow/example_dags/example_python_operator.py
[2026-07-13T12:23:19.378+0000] {processor.py:830} INFO - Processing file /home/airflow/.local/lib/python3.8/site-packages/airflow/example_dags/example_python_operator.py for tasks to queue
[2026-07-13T12:23:19.380+0000] {logging_mixin.py:188} INFO - [2026-07-13T12:23:19.380+0000] {dagbag.py:538} INFO - Filling up the DagBag from /home/airflow/.local/lib/python3.8/site-packages/airflow/example_dags/example_python_operator.py
[2026-07-13T12:23:19.388+0000] {processor.py:840} INFO - DAG(s) 'example_python_operator' retrieved from /home/airflow/.local/lib/python3.8/site-packages/airflow/example_dags/example_python_operator.py
[2026-07-13T12:23:19.406+0000] {logging_mixin.py:188} INFO - [2026-07-13T12:23:19.406+0000] {dag.py:3036} INFO - Sync 1 DAGs
[2026-07-13T12:23:19.414+0000] {logging_mixin.py:188} INFO - [2026-07-13T12:23:19.414+0000] {dag.py:3823} INFO - Setting next_dagrun for example_python_operator to None, run_after=None
[2026-07-13T12:23:19.427+0000] {processor.py:183} INFO - Processing /home/airflow/.local/lib/python3.8/site-packages/airflow/example_dags/example_python_operator.py took 0.053 seconds
[2026-07-13T12:23:50.330+0000] {processor.py:161} INFO - Started process (PID=7291) to work on /home/airflow/.local/lib/python3.8/site-packages/airflow/example_dags/example_python_operator.py
[2026-07-13T12:23:50.331+0000] {processor.py:830} INFO - Processing file /home/airflow/.local/lib/python3.8/site-packages/airflow/example_dags/example_python_operator.py for tasks to queue
[2026-07-13T12:23:50.333+0000] {logging_mixin.py:188} INFO - [2026-07-13T12:23:50.332+0000] {dagbag.py:538} INFO - Filling up the DagBag from /home/airflow/.local/lib/python3.8/site-packages/airflow/example_dags/example_python_operator.py
[2026-07-13T12:23:50.341+0000] {processor.py:840} INFO - DAG(s) 'example_python_operator' retrieved from /home/airflow/.local/lib/python3.8/site-packages/airflow/example_dags/example_python_operator.py
[2026-07-13T12:23:50.357+0000] {logging_mixin.py:188} INFO - [2026-07-13T12:23:50.357+0000] {dag.py:3036} INFO - Sync 1 DAGs
[2026-07-13T12:23:50.366+0000] {logging_mixin.py:188} INFO - [2026-07-13T12:23:50.366+0000] {dag.py:3823} INFO - Setting next_dagrun for example_python_operator to None, run_after=None
[2026-07-13T12:23:50.379+0000] {processor.py:183} INFO - Processing /home/airflow/.local/lib/python3.8/site-packages/airflow/example_dags/example_python_operator.py took 0.052 seconds
[2026-07-13T12:24:20.606+0000] {processor.py:161} INFO - Started process (PID=7347) to work on /home/airflow/.local/lib/python3.8/site-packages/airflow/example_dags/example_python_operator.py
[2026-07-13T12:24:20.607+0000] {processor.py:830} INFO - Processing file /home/airflow/.local/lib/python3.8/site-packages/airflow/example_dags/example_python_operator.py for tasks to queue
[2026-07-13T12:24:20.608+0000] {logging_mixin.py:188} INFO - [2026-07-13T12:24:20.608+0000] {dagbag.py:538} INFO - Filling up the DagBag from /home/airflow/.local/lib/python3.8/site-packages/airflow/example_dags/example_python_operator.py
[2026-07-13T12:24:20.616+0000] {processor.py:840} INFO - DAG(s) 'example_python_operator' retrieved from /home/airflow/.local/lib/python3.8/site-packages/airflow/example_dags/example_python_operator.py
[2026-07-13T12:24:20.633+0000] {logging_mixin.py:188} INFO - [2026-07-13T12:24:20.633+0000] {dag.py:3036} INFO - Sync 1 DAGs
[2026-07-13T12:24:20.641+0000] {logging_mixin.py:188} INFO - [2026-07-13T12:24:20.641+0000] {dag.py:3823} INFO - Setting next_dagrun for example_python_operator to None, run_after=None
[2026-07-13T12:24:20.654+0000] {processor.py:183} INFO - Processing /home/airflow/.local/lib/python3.8/site-packages/airflow/example_dags/example_python_operator.py took 0.051 seconds
[2026-07-13T12:24:50.811+0000] {processor.py:161} INFO - Started process (PID=7404) to work on /home/airflow/.local/lib/python3.8/site-packages/airflow/example_dags/example_python_operator.py
[2026-07-13T12:24:50.812+0000] {processor.py:830} INFO - Processing file /home/airflow/.local/lib/python3.8/site-packages/airflow/example_dags/example_python_operator.py for tasks to queue
[2026-07-13T12:24:50.813+0000] {logging_mixin.py:188} INFO - [2026-07-13T12:24:50.813+0000] {dagbag.py:538} INFO - Filling up the DagBag from /home/airflow/.local/lib/python3.8/site-packages/airflow/example_dags/example_python_operator.py
[2026-07-13T12:24:50.822+0000] {processor.py:840} INFO - DAG(s) 'example_python_operator' retrieved from /home/airflow/.local/lib/python3.8/site-packages/airflow/example_dags/example_python_operator.py
[2026-07-13T12:24:50.839+0000] {logging_mixin.py:188} INFO - [2026-07-13T12:24:50.839+0000] {dag.py:3036} INFO - Sync 1 DAGs
[2026-07-13T12:24:50.848+0000] {logging_mixin.py:188} INFO - [2026-07-13T12:24:50.848+0000] {dag.py:3823} INFO - Setting next_dagrun for example_python_operator to None, run_after=None
[2026-07-13T12:24:50.863+0000] {processor.py:183} INFO - Processing /home/airflow/.local/lib/python3.8/site-packages/airflow/example_dags/example_python_operator.py took 0.055 seconds
[2026-07-13T12:30:56.983+0000] {processor.py:161} INFO - Started process (PID=94) to work on /home/airflow/.local/lib/python3.8/site-packages/airflow/example_dags/example_python_operator.py
[2026-07-13T12:30:56.984+0000] {processor.py:830} INFO - Processing file /home/airflow/.local/lib/python3.8/site-packages/airflow/example_dags/example_python_operator.py for tasks to queue
[2026-07-13T12:30:56.985+0000] {logging_mixin.py:188} INFO - [2026-07-13T12:30:56.985+0000] {dagbag.py:538} INFO - Filling up the DagBag from /home/airflow/.local/lib/python3.8/site-packages/airflow/example_dags/example_python_operator.py
[2026-07-13T12:30:56.994+0000] {processor.py:840} INFO - DAG(s) 'example_python_operator' retrieved from /home/airflow/.local/lib/python3.8/site-packages/airflow/example_dags/example_python_operator.py
[2026-07-13T12:30:57.004+0000] {logging_mixin.py:188} INFO - [2026-07-13T12:30:57.004+0000] {dag.py:3036} INFO - Sync 1 DAGs
[2026-07-13T12:30:57.013+0000] {logging_mixin.py:188} INFO - [2026-07-13T12:30:57.013+0000] {dag.py:3823} INFO - Setting next_dagrun for example_python_operator to None, run_after=None
[2026-07-13T12:30:57.031+0000] {processor.py:183} INFO - Processing /home/airflow/.local/lib/python3.8/site-packages/airflow/example_dags/example_python_operator.py took 0.051 seconds
[2026-07-13T12:31:28.372+0000] {processor.py:161} INFO - Started process (PID=149) to work on /home/airflow/.local/lib/python3.8/site-packages/airflow/example_dags/example_python_operator.py
[2026-07-13T12:31:28.373+0000] {processor.py:830} INFO - Processing file /home/airflow/.local/lib/python3.8/site-packages/airflow/example_dags/example_python_operator.py for tasks to queue
[2026-07-13T12:31:28.374+0000] {logging_mixin.py:188} INFO - [2026-07-13T12:31:28.374+0000] {dagbag.py:538} INFO - Filling up the DagBag from /home/airflow/.local/lib/python3.8/site-packages/airflow/example_dags/example_python_operator.py
[2026-07-13T12:31:28.381+0000] {processor.py:840} INFO - DAG(s) 'example_python_operator' retrieved from /home/airflow/.local/lib/python3.8/site-packages/airflow/example_dags/example_python_operator.py
[2026-07-13T12:31:28.442+0000] {logging_mixin.py:188} INFO - [2026-07-13T12:31:28.441+0000] {dag.py:3036} INFO - Sync 1 DAGs
[2026-07-13T12:31:28.448+0000] {logging_mixin.py:188} INFO - [2026-07-13T12:31:28.448+0000] {dag.py:3823} INFO - Setting next_dagrun for example_python_operator to None, run_after=None
[2026-07-13T12:31:28.461+0000] {processor.py:183} INFO - Processing /home/airflow/.local/lib/python3.8/site-packages/airflow/example_dags/example_python_operator.py took 0.091 seconds
[2026-07-13T12:31:58.958+0000] {processor.py:161} INFO - Started process (PID=205) to work on /home/airflow/.local/lib/python3.8/site-packages/airflow/example_dags/example_python_operator.py
[2026-07-13T12:31:58.959+0000] {processor.py:830} INFO - Processing file /home/airflow/.local/lib/python3.8/site-packages/airflow/example_dags/example_python_operator.py for tasks to queue
[2026-07-13T12:31:58.960+0000] {logging_mixin.py:188} INFO - [2026-07-13T12:31:58.960+0000] {dagbag.py:538} INFO - Filling up the DagBag from /home/airflow/.local/lib/python3.8/site-packages/airflow/example_dags/example_python_operator.py
[2026-07-13T12:31:58.967+0000] {processor.py:840} INFO - DAG(s) 'example_python_operator' retrieved from /home/airflow/.local/lib/python3.8/site-packages/airflow/example_dags/example_python_operator.py
[2026-07-13T12:31:58.982+0000] {logging_mixin.py:188} INFO - [2026-07-13T12:31:58.982+0000] {dag.py:3036} INFO - Sync 1 DAGs
[2026-07-13T12:31:58.989+0000] {logging_mixin.py:188} INFO - [2026-07-13T12:31:58.989+0000] {dag.py:3823} INFO - Setting next_dagrun for example_python_operator to None, run_after=None
[2026-07-13T12:31:59.002+0000] {processor.py:183} INFO - Processing /home/airflow/.local/lib/python3.8/site-packages/airflow/example_dags/example_python_operator.py took 0.046 seconds
[2026-07-13T12:32:29.383+0000] {processor.py:161} INFO - Started process (PID=262) to work on /home/airflow/.local/lib/python3.8/site-packages/airflow/example_dags/example_python_operator.py
[2026-07-13T12:32:29.384+0000] {processor.py:830} INFO - Processing file /home/airflow/.local/lib/python3.8/site-packages/airflow/example_dags/example_python_operator.py for tasks to queue
[2026-07-13T12:32:29.385+0000] {logging_mixin.py:188} INFO - [2026-07-13T12:32:29.385+0000] {dagbag.py:538} INFO - Filling up the DagBag from /home/airflow/.local/lib/python3.8/site-packages/airflow/example_dags/example_python_operator.py
[2026-07-13T12:32:29.392+0000] {processor.py:840} INFO - DAG(s) 'example_python_operator' retrieved from /home/airflow/.local/lib/python3.8/site-packages/airflow/example_dags/example_python_operator.py
[2026-07-13T12:32:29.408+0000] {logging_mixin.py:188} INFO - [2026-07-13T12:32:29.407+0000] {dag.py:3036} INFO - Sync 1 DAGs
[2026-07-13T12:32:29.416+0000] {logging_mixin.py:188} INFO - [2026-07-13T12:32:29.416+0000] {dag.py:3823} INFO - Setting next_dagrun for example_python_operator to None, run_after=None
[2026-07-13T12:32:29.430+0000] {processor.py:183} INFO - Processing /home/airflow/.local/lib/python3.8/site-packages/airflow/example_dags/example_python_operator.py took 0.049 seconds
[2026-07-13T12:33:00.619+0000] {processor.py:161} INFO - Started process (PID=318) to work on /home/airflow/.local/lib/python3.8/site-packages/airflow/example_dags/example_python_operator.py
[2026-07-13T12:33:00.621+0000] {processor.py:830} INFO - Processing file /home/airflow/.local/lib/python3.8/site-packages/airflow/example_dags/example_python_operator.py for tasks to queue
[2026-07-13T12:33:00.623+0000] {logging_mixin.py:188} INFO - [2026-07-13T12:33:00.623+0000] {dagbag.py:538} INFO - Filling up the DagBag from /home/airflow/.local/lib/python3.8/site-packages/airflow/example_dags/example_python_operator.py
[2026-07-13T12:33:00.635+0000] {processor.py:840} INFO - DAG(s) 'example_python_operator' retrieved from /home/airflow/.local/lib/python3.8/site-packages/airflow/example_dags/example_python_operator.py
[2026-07-13T12:33:00.658+0000] {logging_mixin.py:188} INFO - [2026-07-13T12:33:00.658+0000] {dag.py:3036} INFO - Sync 1 DAGs
[2026-07-13T12:33:00.681+0000] {logging_mixin.py:188} INFO - [2026-07-13T12:33:00.681+0000] {dag.py:3823} INFO - Setting next_dagrun for example_python_operator to None, run_after=None
[2026-07-13T12:33:00.718+0000] {processor.py:183} INFO - Processing /home/airflow/.local/lib/python3.8/site-packages/airflow/example_dags/example_python_operator.py took 0.107 seconds
[2026-07-13T12:33:31.519+0000] {processor.py:161} INFO - Started process (PID=375) to work on /home/airflow/.local/lib/python3.8/site-packages/airflow/example_dags/example_python_operator.py
[2026-07-13T12:33:31.521+0000] {processor.py:830} INFO - Processing file /home/airflow/.local/lib/python3.8/site-packages/airflow/example_dags/example_python_operator.py for tasks to queue
[2026-07-13T12:33:31.522+0000] {logging_mixin.py:188} INFO - [2026-07-13T12:33:31.522+0000] {dagbag.py:538} INFO - Filling up the DagBag from /home/airflow/.local/lib/python3.8/site-packages/airflow/example_dags/example_python_operator.py
[2026-07-13T12:33:31.529+0000] {processor.py:840} INFO - DAG(s) 'example_python_operator' retrieved from /home/airflow/.local/lib/python3.8/site-packages/airflow/example_dags/example_python_operator.py
[2026-07-13T12:33:31.545+0000] {logging_mixin.py:188} INFO - [2026-07-13T12:33:31.545+0000] {dag.py:3036} INFO - Sync 1 DAGs
[2026-07-13T12:33:31.554+0000] {logging_mixin.py:188} INFO - [2026-07-13T12:33:31.553+0000] {dag.py:3823} INFO - Setting next_dagrun for example_python_operator to None, run_after=None
[2026-07-13T12:33:31.567+0000] {processor.py:183} INFO - Processing /home/airflow/.local/lib/python3.8/site-packages/airflow/example_dags/example_python_operator.py took 0.050 seconds
[2026-07-13T12:34:02.055+0000] {processor.py:161} INFO - Started process (PID=431) to work on /home/airflow/.local/lib/python3.8/site-packages/airflow/example_dags/example_python_operator.py
[2026-07-13T12:34:02.056+0000] {processor.py:830} INFO - Processing file /home/airflow/.local/lib/python3.8/site-packages/airflow/example_dags/example_python_operator.py for tasks to queue
[2026-07-13T12:34:02.057+0000] {logging_mixin.py:188} INFO - [2026-07-13T12:34:02.057+0000] {dagbag.py:538} INFO - Filling up the DagBag from /home/airflow/.local/lib/python3.8/site-packages/airflow/example_dags/example_python_operator.py
[2026-07-13T12:34:02.066+0000] {processor.py:840} INFO - DAG(s) 'example_python_operator' retrieved from /home/airflow/.local/lib/python3.8/site-packages/airflow/example_dags/example_python_operator.py
[2026-07-13T12:34:02.088+0000] {logging_mixin.py:188} INFO - [2026-07-13T12:34:02.087+0000] {dag.py:3036} INFO - Sync 1 DAGs
[2026-07-13T12:34:02.097+0000] {logging_mixin.py:188} INFO - [2026-07-13T12:34:02.097+0000] {dag.py:3823} INFO - Setting next_dagrun for example_python_operator to None, run_after=None
[2026-07-13T12:34:02.113+0000] {processor.py:183} INFO - Processing /home/airflow/.local/lib/python3.8/site-packages/airflow/example_dags/example_python_operator.py took 0.061 seconds
[2026-07-13T12:34:32.649+0000] {processor.py:161} INFO - Started process (PID=487) to work on /home/airflow/.local/lib/python3.8/site-packages/airflow/example_dags/example_python_operator.py
[2026-07-13T12:34:32.650+0000] {processor.py:830} INFO - Processing file /home/airflow/.local/lib/python3.8/site-packages/airflow/example_dags/example_python_operator.py for tasks to queue
[2026-07-13T12:34:32.652+0000] {logging_mixin.py:188} INFO - [2026-07-13T12:34:32.652+0000] {dagbag.py:538} INFO - Filling up the DagBag from /home/airflow/.local/lib/python3.8/site-packages/airflow/example_dags/example_python_operator.py
[2026-07-13T12:34:32.659+0000] {processor.py:840} INFO - DAG(s) 'example_python_operator' retrieved from /home/airflow/.local/lib/python3.8/site-packages/airflow/example_dags/example_python_operator.py
[2026-07-13T12:34:32.675+0000] {logging_mixin.py:188} INFO - [2026-07-13T12:34:32.674+0000] {dag.py:3036} INFO - Sync 1 DAGs
[2026-07-13T12:34:32.683+0000] {logging_mixin.py:188} INFO - [2026-07-13T12:34:32.683+0000] {dag.py:3823} INFO - Setting next_dagrun for example_python_operator to None, run_after=None
[2026-07-13T12:34:32.695+0000] {processor.py:183} INFO - Processing /home/airflow/.local/lib/python3.8/site-packages/airflow/example_dags/example_python_operator.py took 0.048 seconds
[2026-07-13T12:35:03.405+0000] {processor.py:161} INFO - Started process (PID=543) to work on /home/airflow/.local/lib/python3.8/site-packages/airflow/example_dags/example_python_operator.py
[2026-07-13T12:35:03.406+0000] {processor.py:830} INFO - Processing file /home/airflow/.local/lib/python3.8/site-packages/airflow/example_dags/example_python_operator.py for tasks to queue
[2026-07-13T12:35:03.408+0000] {logging_mixin.py:188} INFO - [2026-07-13T12:35:03.407+0000] {dagbag.py:538} INFO - Filling up the DagBag from /home/airflow/.local/lib/python3.8/site-packages/airflow/example_dags/example_python_operator.py
[2026-07-13T12:35:03.416+0000] {processor.py:840} INFO - DAG(s) 'example_python_operator' retrieved from /home/airflow/.local/lib/python3.8/site-packages/airflow/example_dags/example_python_operator.py
[2026-07-13T12:35:03.432+0000] {logging_mixin.py:188} INFO - [2026-07-13T12:35:03.432+0000] {dag.py:3036} INFO - Sync 1 DAGs
[2026-07-13T12:35:03.440+0000] {logging_mixin.py:188} INFO - [2026-07-13T12:35:03.440+0000] {dag.py:3823} INFO - Setting next_dagrun for example_python_operator to None, run_after=None
[2026-07-13T12:35:03.454+0000] {processor.py:183} INFO - Processing /home/airflow/.local/lib/python3.8/site-packages/airflow/example_dags/example_python_operator.py took 0.052 seconds
[2026-07-13T12:35:33.971+0000] {processor.py:161} INFO - Started process (PID=599) to work on /home/airflow/.local/lib/python3.8/site-packages/airflow/example_dags/example_python_operator.py
[2026-07-13T12:35:33.972+0000] {processor.py:830} INFO - Processing file /home/airflow/.local/lib/python3.8/site-packages/airflow/example_dags/example_python_operator.py for tasks to queue
[2026-07-13T12:35:33.973+0000] {logging_mixin.py:188} INFO - [2026-07-13T12:35:33.973+0000] {dagbag.py:538} INFO - Filling up the DagBag from /home/airflow/.local/lib/python3.8/site-packages/airflow/example_dags/example_python_operator.py
[2026-07-13T12:35:33.981+0000] {processor.py:840} INFO - DAG(s) 'example_python_operator' retrieved from /home/airflow/.local/lib/python3.8/site-packages/airflow/example_dags/example_python_operator.py
[2026-07-13T12:35:33.997+0000] {logging_mixin.py:188} INFO - [2026-07-13T12:35:33.997+0000] {dag.py:3036} INFO - Sync 1 DAGs
[2026-07-13T12:35:34.005+0000] {logging_mixin.py:188} INFO - [2026-07-13T12:35:34.005+0000] {dag.py:3823} INFO - Setting next_dagrun for example_python_operator to None, run_after=None
[2026-07-13T12:35:34.019+0000] {processor.py:183} INFO - Processing /home/airflow/.local/lib/python3.8/site-packages/airflow/example_dags/example_python_operator.py took 0.051 seconds
[2026-07-13T12:36:04.756+0000] {processor.py:161} INFO - Started process (PID=655) to work on /home/airflow/.local/lib/python3.8/site-packages/airflow/example_dags/example_python_operator.py
[2026-07-13T12:36:04.757+0000] {processor.py:830} INFO - Processing file /home/airflow/.local/lib/python3.8/site-packages/airflow/example_dags/example_python_operator.py for tasks to queue
[2026-07-13T12:36:04.758+0000] {logging_mixin.py:188} INFO - [2026-07-13T12:36:04.758+0000] {dagbag.py:538} INFO - Filling up the DagBag from /home/airflow/.local/lib/python3.8/site-packages/airflow/example_dags/example_python_operator.py
[2026-07-13T12:36:04.766+0000] {processor.py:840} INFO - DAG(s) 'example_python_operator' retrieved from /home/airflow/.local/lib/python3.8/site-packages/airflow/example_dags/example_python_operator.py
[2026-07-13T12:36:04.782+0000] {logging_mixin.py:188} INFO - [2026-07-13T12:36:04.782+0000] {dag.py:3036} INFO - Sync 1 DAGs
[2026-07-13T12:36:04.790+0000] {logging_mixin.py:188} INFO - [2026-07-13T12:36:04.790+0000] {dag.py:3823} INFO - Setting next_dagrun for example_python_operator to None, run_after=None
[2026-07-13T12:36:04.804+0000] {processor.py:183} INFO - Processing /home/airflow/.local/lib/python3.8/site-packages/airflow/example_dags/example_python_operator.py took 0.051 seconds
[2026-07-13T12:36:35.359+0000] {processor.py:161} INFO - Started process (PID=711) to work on /home/airflow/.local/lib/python3.8/site-packages/airflow/example_dags/example_python_operator.py
[2026-07-13T12:36:35.360+0000] {processor.py:830} INFO - Processing file /home/airflow/.local/lib/python3.8/site-packages/airflow/example_dags/example_python_operator.py for tasks to queue
[2026-07-13T12:36:35.362+0000] {logging_mixin.py:188} INFO - [2026-07-13T12:36:35.362+0000] {dagbag.py:538} INFO - Filling up the DagBag from /home/airflow/.local/lib/python3.8/site-packages/airflow/example_dags/example_python_operator.py
[2026-07-13T12:36:35.371+0000] {processor.py:840} INFO - DAG(s) 'example_python_operator' retrieved from /home/airflow/.local/lib/python3.8/site-packages/airflow/example_dags/example_python_operator.py
[2026-07-13T12:36:35.393+0000] {logging_mixin.py:188} INFO - [2026-07-13T12:36:35.393+0000] {dag.py:3036} INFO - Sync 1 DAGs
[2026-07-13T12:36:35.405+0000] {logging_mixin.py:188} INFO - [2026-07-13T12:36:35.404+0000] {dag.py:3823} INFO - Setting next_dagrun for example_python_operator to None, run_after=None
[2026-07-13T12:36:35.422+0000] {processor.py:183} INFO - Processing /home/airflow/.local/lib/python3.8/site-packages/airflow/example_dags/example_python_operator.py took 0.069 seconds
[2026-07-13T12:37:05.814+0000] {processor.py:161} INFO - Started process (PID=767) to work on /home/airflow/.local/lib/python3.8/site-packages/airflow/example_dags/example_python_operator.py
[2026-07-13T12:37:05.815+0000] {processor.py:830} INFO - Processing file /home/airflow/.local/lib/python3.8/site-packages/airflow/example_dags/example_python_operator.py for tasks to queue
[2026-07-13T12:37:05.817+0000] {logging_mixin.py:188} INFO - [2026-07-13T12:37:05.817+0000] {dagbag.py:538} INFO - Filling up the DagBag from /home/airflow/.local/lib/python3.8/site-packages/airflow/example_dags/example_python_operator.py
[2026-07-13T12:37:05.825+0000] {processor.py:840} INFO - DAG(s) 'example_python_operator' retrieved from /home/airflow/.local/lib/python3.8/site-packages/airflow/example_dags/example_python_operator.py
[2026-07-13T12:37:05.842+0000] {logging_mixin.py:188} INFO - [2026-07-13T12:37:05.842+0000] {dag.py:3036} INFO - Sync 1 DAGs
[2026-07-13T12:37:05.851+0000] {logging_mixin.py:188} INFO - [2026-07-13T12:37:05.851+0000] {dag.py:3823} INFO - Setting next_dagrun for example_python_operator to None, run_after=None
[2026-07-13T12:37:05.865+0000] {processor.py:183} INFO - Processing /home/airflow/.local/lib/python3.8/site-packages/airflow/example_dags/example_python_operator.py took 0.053 seconds
[2026-07-13T12:37:36.439+0000] {processor.py:161} INFO - Started process (PID=823) to work on /home/airflow/.local/lib/python3.8/site-packages/airflow/example_dags/example_python_operator.py
[2026-07-13T12:37:36.440+0000] {processor.py:830} INFO - Processing file /home/airflow/.local/lib/python3.8/site-packages/airflow/example_dags/example_python_operator.py for tasks to queue
[2026-07-13T12:37:36.442+0000] {logging_mixin.py:188} INFO - [2026-07-13T12:37:36.441+0000] {dagbag.py:538} INFO - Filling up the DagBag from /home/airflow/.local/lib/python3.8/site-packages/airflow/example_dags/example_python_operator.py
[2026-07-13T12:37:36.449+0000] {processor.py:840} INFO - DAG(s) 'example_python_operator' retrieved from /home/airflow/.local/lib/python3.8/site-packages/airflow/example_dags/example_python_operator.py
[2026-07-13T12:37:36.466+0000] {logging_mixin.py:188} INFO - [2026-07-13T12:37:36.466+0000] {dag.py:3036} INFO - Sync 1 DAGs
[2026-07-13T12:37:36.475+0000] {logging_mixin.py:188} INFO - [2026-07-13T12:37:36.475+0000] {dag.py:3823} INFO - Setting next_dagrun for example_python_operator to None, run_after=None
[2026-07-13T12:37:36.490+0000] {processor.py:183} INFO - Processing /home/airflow/.local/lib/python3.8/site-packages/airflow/example_dags/example_python_operator.py took 0.054 seconds
[2026-07-13T12:38:06.685+0000] {processor.py:161} INFO - Started process (PID=879) to work on /home/airflow/.local/lib/python3.8/site-packages/airflow/example_dags/example_python_operator.py
[2026-07-13T12:38:06.686+0000] {processor.py:830} INFO - Processing file /home/airflow/.local/lib/python3.8/site-packages/airflow/example_dags/example_python_operator.py for tasks to queue
[2026-07-13T12:38:06.687+0000] {logging_mixin.py:188} INFO - [2026-07-13T12:38:06.687+0000] {dagbag.py:538} INFO - Filling up the DagBag from /home/airflow/.local/lib/python3.8/site-packages/airflow/example_dags/example_python_operator.py
[2026-07-13T12:38:06.695+0000] {processor.py:840} INFO - DAG(s) 'example_python_operator' retrieved from /home/airflow/.local/lib/python3.8/site-packages/airflow/example_dags/example_python_operator.py
[2026-07-13T12:38:06.714+0000] {logging_mixin.py:188} INFO - [2026-07-13T12:38:06.714+0000] {dag.py:3036} INFO - Sync 1 DAGs
[2026-07-13T12:38:06.723+0000] {logging_mixin.py:188} INFO - [2026-07-13T12:38:06.723+0000] {dag.py:3823} INFO - Setting next_dagrun for example_python_operator to None, run_after=None
[2026-07-13T12:38:06.738+0000] {processor.py:183} INFO - Processing /home/airflow/.local/lib/python3.8/site-packages/airflow/example_dags/example_python_operator.py took 0.056 seconds
[2026-07-13T12:38:36.803+0000] {processor.py:161} INFO - Started process (PID=935) to work on /home/airflow/.local/lib/python3.8/site-packages/airflow/example_dags/example_python_operator.py
[2026-07-13T12:38:36.804+0000] {processor.py:830} INFO - Processing file /home/airflow/.local/lib/python3.8/site-packages/airflow/example_dags/example_python_operator.py for tasks to queue
[2026-07-13T12:38:36.805+0000] {logging_mixin.py:188} INFO - [2026-07-13T12:38:36.805+0000] {dagbag.py:538} INFO - Filling up the DagBag from /home/airflow/.local/lib/python3.8/site-packages/airflow/example_dags/example_python_operator.py
[2026-07-13T12:38:36.813+0000] {processor.py:840} INFO - DAG(s) 'example_python_operator' retrieved from /home/airflow/.local/lib/python3.8/site-packages/airflow/example_dags/example_python_operator.py
[2026-07-13T12:38:36.828+0000] {logging_mixin.py:188} INFO - [2026-07-13T12:38:36.828+0000] {dag.py:3036} INFO - Sync 1 DAGs
[2026-07-13T12:38:36.836+0000] {logging_mixin.py:188} INFO - [2026-07-13T12:38:36.836+0000] {dag.py:3823} INFO - Setting next_dagrun for example_python_operator to None, run_after=None
[2026-07-13T12:38:36.849+0000] {processor.py:183} INFO - Processing /home/airflow/.local/lib/python3.8/site-packages/airflow/example_dags/example_python_operator.py took 0.048 seconds
[2026-07-13T12:39:06.891+0000] {processor.py:161} INFO - Started process (PID=991) to work on /home/airflow/.local/lib/python3.8/site-packages/airflow/example_dags/example_python_operator.py
[2026-07-13T12:39:06.891+0000] {processor.py:830} INFO - Processing file /home/airflow/.local/lib/python3.8/site-packages/airflow/example_dags/example_python_operator.py for tasks to queue
[2026-07-13T12:39:06.893+0000] {logging_mixin.py:188} INFO - [2026-07-13T12:39:06.893+0000] {dagbag.py:538} INFO - Filling up the DagBag from /home/airflow/.local/lib/python3.8/site-packages/airflow/example_dags/example_python_operator.py
[2026-07-13T12:39:06.901+0000] {processor.py:840} INFO - DAG(s) 'example_python_operator' retrieved from /home/airflow/.local/lib/python3.8/site-packages/airflow/example_dags/example_python_operator.py
[2026-07-13T12:39:06.916+0000] {logging_mixin.py:188} INFO - [2026-07-13T12:39:06.916+0000] {dag.py:3036} INFO - Sync 1 DAGs
[2026-07-13T12:39:06.924+0000] {logging_mixin.py:188} INFO - [2026-07-13T12:39:06.924+0000] {dag.py:3823} INFO - Setting next_dagrun for example_python_operator to None, run_after=None
[2026-07-13T12:39:06.937+0000] {processor.py:183} INFO - Processing /home/airflow/.local/lib/python3.8/site-packages/airflow/example_dags/example_python_operator.py took 0.049 seconds
[2026-07-13T12:39:37.208+0000] {processor.py:161} INFO - Started process (PID=1047) to work on /home/airflow/.local/lib/python3.8/site-packages/airflow/example_dags/example_python_operator.py
[2026-07-13T12:39:37.209+0000] {processor.py:830} INFO - Processing file /home/airflow/.local/lib/python3.8/site-packages/airflow/example_dags/example_python_operator.py for tasks to queue
[2026-07-13T12:39:37.210+0000] {logging_mixin.py:188} INFO - [2026-07-13T12:39:37.210+0000] {dagbag.py:538} INFO - Filling up the DagBag from /home/airflow/.local/lib/python3.8/site-packages/airflow/example_dags/example_python_operator.py
[2026-07-13T12:39:37.218+0000] {processor.py:840} INFO - DAG(s) 'example_python_operator' retrieved from /home/airflow/.local/lib/python3.8/site-packages/airflow/example_dags/example_python_operator.py
[2026-07-13T12:39:37.233+0000] {logging_mixin.py:188} INFO - [2026-07-13T12:39:37.233+0000] {dag.py:3036} INFO - Sync 1 DAGs
[2026-07-13T12:39:37.242+0000] {logging_mixin.py:188} INFO - [2026-07-13T12:39:37.242+0000] {dag.py:3823} INFO - Setting next_dagrun for example_python_operator to None, run_after=None
[2026-07-13T12:39:37.254+0000] {processor.py:183} INFO - Processing /home/airflow/.local/lib/python3.8/site-packages/airflow/example_dags/example_python_operator.py took 0.049 seconds
[2026-07-13T12:40:07.622+0000] {processor.py:161} INFO - Started process (PID=1103) to work on /home/airflow/.local/lib/python3.8/site-packages/airflow/example_dags/example_python_operator.py
[2026-07-13T12:40:07.624+0000] {processor.py:830} INFO - Processing file /home/airflow/.local/lib/python3.8/site-packages/airflow/example_dags/example_python_operator.py for tasks to queue
[2026-07-13T12:40:07.625+0000] {logging_mixin.py:188} INFO - [2026-07-13T12:40:07.625+0000] {dagbag.py:538} INFO - Filling up the DagBag from /home/airflow/.local/lib/python3.8/site-packages/airflow/example_dags/example_python_operator.py
[2026-07-13T12:40:07.632+0000] {processor.py:840} INFO - DAG(s) 'example_python_operator' retrieved from /home/airflow/.local/lib/python3.8/site-packages/airflow/example_dags/example_python_operator.py
[2026-07-13T12:40:07.647+0000] {logging_mixin.py:188} INFO - [2026-07-13T12:40:07.647+0000] {dag.py:3036} INFO - Sync 1 DAGs
[2026-07-13T12:40:07.656+0000] {logging_mixin.py:188} INFO - [2026-07-13T12:40:07.656+0000] {dag.py:3823} INFO - Setting next_dagrun for example_python_operator to None, run_after=None
[2026-07-13T12:40:07.668+0000] {processor.py:183} INFO - Processing /home/airflow/.local/lib/python3.8/site-packages/airflow/example_dags/example_python_operator.py took 0.049 seconds
[2026-07-13T12:40:38.367+0000] {processor.py:161} INFO - Started process (PID=1159) to work on /home/airflow/.local/lib/python3.8/site-packages/airflow/example_dags/example_python_operator.py
[2026-07-13T12:40:38.368+0000] {processor.py:830} INFO - Processing file /home/airflow/.local/lib/python3.8/site-packages/airflow/example_dags/example_python_operator.py for tasks to queue
[2026-07-13T12:40:38.369+0000] {logging_mixin.py:188} INFO - [2026-07-13T12:40:38.369+0000] {dagbag.py:538} INFO - Filling up the DagBag from /home/airflow/.local/lib/python3.8/site-packages/airflow/example_dags/example_python_operator.py
[2026-07-13T12:40:38.378+0000] {processor.py:840} INFO - DAG(s) 'example_python_operator' retrieved from /home/airflow/.local/lib/python3.8/site-packages/airflow/example_dags/example_python_operator.py
[2026-07-13T12:40:38.395+0000] {logging_mixin.py:188} INFO - [2026-07-13T12:40:38.395+0000] {dag.py:3036} INFO - Sync 1 DAGs
[2026-07-13T12:40:38.405+0000] {logging_mixin.py:188} INFO - [2026-07-13T12:40:38.405+0000] {dag.py:3823} INFO - Setting next_dagrun for example_python_operator to None, run_after=None
[2026-07-13T12:40:38.419+0000] {processor.py:183} INFO - Processing /home/airflow/.local/lib/python3.8/site-packages/airflow/example_dags/example_python_operator.py took 0.055 seconds
[2026-07-13T12:41:11.379+0000] {processor.py:161} INFO - Started process (PID=1215) to work on /home/airflow/.local/lib/python3.8/site-packages/airflow/example_dags/example_python_operator.py
[2026-07-13T12:41:11.380+0000] {processor.py:830} INFO - Processing file /home/airflow/.local/lib/python3.8/site-packages/airflow/example_dags/example_python_operator.py for tasks to queue
[2026-07-13T12:41:11.382+0000] {logging_mixin.py:188} INFO - [2026-07-13T12:41:11.381+0000] {dagbag.py:538} INFO - Filling up the DagBag from /home/airflow/.local/lib/python3.8/site-packages/airflow/example_dags/example_python_operator.py
[2026-07-13T12:41:11.394+0000] {processor.py:840} INFO - DAG(s) 'example_python_operator' retrieved from /home/airflow/.local/lib/python3.8/site-packages/airflow/example_dags/example_python_operator.py
[2026-07-13T12:41:11.416+0000] {logging_mixin.py:188} INFO - [2026-07-13T12:41:11.416+0000] {dag.py:3036} INFO - Sync 1 DAGs
[2026-07-13T12:41:11.427+0000] {logging_mixin.py:188} INFO - [2026-07-13T12:41:11.426+0000] {dag.py:3823} INFO - Setting next_dagrun for example_python_operator to None, run_after=None
[2026-07-13T12:41:11.445+0000] {processor.py:183} INFO - Processing /home/airflow/.local/lib/python3.8/site-packages/airflow/example_dags/example_python_operator.py took 0.070 seconds
[2026-07-13T12:41:43.139+0000] {processor.py:161} INFO - Started process (PID=1271) to work on /home/airflow/.local/lib/python3.8/site-packages/airflow/example_dags/example_python_operator.py
[2026-07-13T12:41:43.140+0000] {processor.py:830} INFO - Processing file /home/airflow/.local/lib/python3.8/site-packages/airflow/example_dags/example_python_operator.py for tasks to queue
[2026-07-13T12:41:43.141+0000] {logging_mixin.py:188} INFO - [2026-07-13T12:41:43.141+0000] {dagbag.py:538} INFO - Filling up the DagBag from /home/airflow/.local/lib/python3.8/site-packages/airflow/example_dags/example_python_operator.py
[2026-07-13T12:41:43.149+0000] {processor.py:840} INFO - DAG(s) 'example_python_operator' retrieved from /home/airflow/.local/lib/python3.8/site-packages/airflow/example_dags/example_python_operator.py
[2026-07-13T12:41:43.165+0000] {logging_mixin.py:188} INFO - [2026-07-13T12:41:43.165+0000] {dag.py:3036} INFO - Sync 1 DAGs
[2026-07-13T12:41:43.173+0000] {logging_mixin.py:188} INFO - [2026-07-13T12:41:43.173+0000] {dag.py:3823} INFO - Setting next_dagrun for example_python_operator to None, run_after=None
[2026-07-13T12:41:43.185+0000] {processor.py:183} INFO - Processing /home/airflow/.local/lib/python3.8/site-packages/airflow/example_dags/example_python_operator.py took 0.049 seconds
[2026-07-13T12:42:13.982+0000] {processor.py:161} INFO - Started process (PID=1327) to work on /home/airflow/.local/lib/python3.8/site-packages/airflow/example_dags/example_python_operator.py
[2026-07-13T12:42:13.983+0000] {processor.py:830} INFO - Processing file /home/airflow/.local/lib/python3.8/site-packages/airflow/example_dags/example_python_operator.py for tasks to queue
[2026-07-13T12:42:13.986+0000] {logging_mixin.py:188} INFO - [2026-07-13T12:42:13.985+0000] {dagbag.py:538} INFO - Filling up the DagBag from /home/airflow/.local/lib/python3.8/site-packages/airflow/example_dags/example_python_operator.py
[2026-07-13T12:42:13.996+0000] {processor.py:840} INFO - DAG(s) 'example_python_operator' retrieved from /home/airflow/.local/lib/python3.8/site-packages/airflow/example_dags/example_python_operator.py
[2026-07-13T12:42:14.016+0000] {logging_mixin.py:188} INFO - [2026-07-13T12:42:14.016+0000] {dag.py:3036} INFO - Sync 1 DAGs
[2026-07-13T12:42:14.026+0000] {logging_mixin.py:188} INFO - [2026-07-13T12:42:14.025+0000] {dag.py:3823} INFO - Setting next_dagrun for example_python_operator to None, run_after=None
[2026-07-13T12:42:14.041+0000] {processor.py:183} INFO - Processing /home/airflow/.local/lib/python3.8/site-packages/airflow/example_dags/example_python_operator.py took 0.063 seconds
[2026-07-13T12:42:44.846+0000] {processor.py:161} INFO - Started process (PID=1383) to work on /home/airflow/.local/lib/python3.8/site-packages/airflow/example_dags/example_python_operator.py
[2026-07-13T12:42:44.847+0000] {processor.py:830} INFO - Processing file /home/airflow/.local/lib/python3.8/site-packages/airflow/example_dags/example_python_operator.py for tasks to queue
[2026-07-13T12:42:44.848+0000] {logging_mixin.py:188} INFO - [2026-07-13T12:42:44.848+0000] {dagbag.py:538} INFO - Filling up the DagBag from /home/airflow/.local/lib/python3.8/site-packages/airflow/example_dags/example_python_operator.py
[2026-07-13T12:42:44.860+0000] {processor.py:840} INFO - DAG(s) 'example_python_operator' retrieved from /home/airflow/.local/lib/python3.8/site-packages/airflow/example_dags/example_python_operator.py
[2026-07-13T12:42:44.893+0000] {logging_mixin.py:188} INFO - [2026-07-13T12:42:44.893+0000] {dag.py:3036} INFO - Sync 1 DAGs
[2026-07-13T12:42:44.909+0000] {logging_mixin.py:188} INFO - [2026-07-13T12:42:44.909+0000] {dag.py:3823} INFO - Setting next_dagrun for example_python_operator to None, run_after=None
[2026-07-13T12:42:44.938+0000] {processor.py:183} INFO - Processing /home/airflow/.local/lib/python3.8/site-packages/airflow/example_dags/example_python_operator.py took 0.096 seconds
[2026-07-13T12:43:16.788+0000] {processor.py:161} INFO - Started process (PID=1439) to work on /home/airflow/.local/lib/python3.8/site-packages/airflow/example_dags/example_python_operator.py
[2026-07-13T12:43:16.789+0000] {processor.py:830} INFO - Processing file /home/airflow/.local/lib/python3.8/site-packages/airflow/example_dags/example_python_operator.py for tasks to queue
[2026-07-13T12:43:16.791+0000] {logging_mixin.py:188} INFO - [2026-07-13T12:43:16.791+0000] {dagbag.py:538} INFO - Filling up the DagBag from /home/airflow/.local/lib/python3.8/site-packages/airflow/example_dags/example_python_operator.py
[2026-07-13T12:43:16.799+0000] {processor.py:840} INFO - DAG(s) 'example_python_operator' retrieved from /home/airflow/.local/lib/python3.8/site-packages/airflow/example_dags/example_python_operator.py
[2026-07-13T12:43:16.814+0000] {logging_mixin.py:188} INFO - [2026-07-13T12:43:16.814+0000] {dag.py:3036} INFO - Sync 1 DAGs
[2026-07-13T12:43:16.823+0000] {logging_mixin.py:188} INFO - [2026-07-13T12:43:16.823+0000] {dag.py:3823} INFO - Setting next_dagrun for example_python_operator to None, run_after=None
[2026-07-13T12:43:16.836+0000] {processor.py:183} INFO - Processing /home/airflow/.local/lib/python3.8/site-packages/airflow/example_dags/example_python_operator.py took 0.050 seconds
[2026-07-13T12:43:49.215+0000] {processor.py:161} INFO - Started process (PID=1495) to work on /home/airflow/.local/lib/python3.8/site-packages/airflow/example_dags/example_python_operator.py
[2026-07-13T12:43:49.216+0000] {processor.py:830} INFO - Processing file /home/airflow/.local/lib/python3.8/site-packages/airflow/example_dags/example_python_operator.py for tasks to queue
[2026-07-13T12:43:49.217+0000] {logging_mixin.py:188} INFO - [2026-07-13T12:43:49.217+0000] {dagbag.py:538} INFO - Filling up the DagBag from /home/airflow/.local/lib/python3.8/site-packages/airflow/example_dags/example_python_operator.py
[2026-07-13T12:43:49.226+0000] {processor.py:840} INFO - DAG(s) 'example_python_operator' retrieved from /home/airflow/.local/lib/python3.8/site-packages/airflow/example_dags/example_python_operator.py
[2026-07-13T12:43:49.243+0000] {logging_mixin.py:188} INFO - [2026-07-13T12:43:49.243+0000] {dag.py:3036} INFO - Sync 1 DAGs
[2026-07-13T12:43:49.252+0000] {logging_mixin.py:188} INFO - [2026-07-13T12:43:49.251+0000] {dag.py:3823} INFO - Setting next_dagrun for example_python_operator to None, run_after=None
[2026-07-13T12:43:49.265+0000] {processor.py:183} INFO - Processing /home/airflow/.local/lib/python3.8/site-packages/airflow/example_dags/example_python_operator.py took 0.053 seconds
[2026-07-13T12:44:20.317+0000] {processor.py:161} INFO - Started process (PID=1551) to work on /home/airflow/.local/lib/python3.8/site-packages/airflow/example_dags/example_python_operator.py
[2026-07-13T12:44:20.318+0000] {processor.py:830} INFO - Processing file /home/airflow/.local/lib/python3.8/site-packages/airflow/example_dags/example_python_operator.py for tasks to queue
[2026-07-13T12:44:20.319+0000] {logging_mixin.py:188} INFO - [2026-07-13T12:44:20.319+0000] {dagbag.py:538} INFO - Filling up the DagBag from /home/airflow/.local/lib/python3.8/site-packages/airflow/example_dags/example_python_operator.py
[2026-07-13T12:44:20.327+0000] {processor.py:840} INFO - DAG(s) 'example_python_operator' retrieved from /home/airflow/.local/lib/python3.8/site-packages/airflow/example_dags/example_python_operator.py
[2026-07-13T12:44:20.343+0000] {logging_mixin.py:188} INFO - [2026-07-13T12:44:20.343+0000] {dag.py:3036} INFO - Sync 1 DAGs
[2026-07-13T12:44:20.351+0000] {logging_mixin.py:188} INFO - [2026-07-13T12:44:20.351+0000] {dag.py:3823} INFO - Setting next_dagrun for example_python_operator to None, run_after=None
[2026-07-13T12:44:20.364+0000] {processor.py:183} INFO - Processing /home/airflow/.local/lib/python3.8/site-packages/airflow/example_dags/example_python_operator.py took 0.050 seconds
[2026-07-13T12:44:52.182+0000] {processor.py:161} INFO - Started process (PID=1607) to work on /home/airflow/.local/lib/python3.8/site-packages/airflow/example_dags/example_python_operator.py
[2026-07-13T12:44:52.183+0000] {processor.py:830} INFO - Processing file /home/airflow/.local/lib/python3.8/site-packages/airflow/example_dags/example_python_operator.py for tasks to queue
[2026-07-13T12:44:52.185+0000] {logging_mixin.py:188} INFO - [2026-07-13T12:44:52.185+0000] {dagbag.py:538} INFO - Filling up the DagBag from /home/airflow/.local/lib/python3.8/site-packages/airflow/example_dags/example_python_operator.py
[2026-07-13T12:44:52.195+0000] {processor.py:840} INFO - DAG(s) 'example_python_operator' retrieved from /home/airflow/.local/lib/python3.8/site-packages/airflow/example_dags/example_python_operator.py
[2026-07-13T12:44:52.216+0000] {logging_mixin.py:188} INFO - [2026-07-13T12:44:52.216+0000] {dag.py:3036} INFO - Sync 1 DAGs
[2026-07-13T12:44:52.229+0000] {logging_mixin.py:188} INFO - [2026-07-13T12:44:52.228+0000] {dag.py:3823} INFO - Setting next_dagrun for example_python_operator to None, run_after=None
[2026-07-13T12:44:52.245+0000] {processor.py:183} INFO - Processing /home/airflow/.local/lib/python3.8/site-packages/airflow/example_dags/example_python_operator.py took 0.067 seconds
[2026-07-13T12:45:24.433+0000] {processor.py:161} INFO - Started process (PID=1663) to work on /home/airflow/.local/lib/python3.8/site-packages/airflow/example_dags/example_python_operator.py
[2026-07-13T12:45:24.434+0000] {processor.py:830} INFO - Processing file /home/airflow/.local/lib/python3.8/site-packages/airflow/example_dags/example_python_operator.py for tasks to queue
[2026-07-13T12:45:24.435+0000] {logging_mixin.py:188} INFO - [2026-07-13T12:45:24.435+0000] {dagbag.py:538} INFO - Filling up the DagBag from /home/airflow/.local/lib/python3.8/site-packages/airflow/example_dags/example_python_operator.py
[2026-07-13T12:45:24.443+0000] {processor.py:840} INFO - DAG(s) 'example_python_operator' retrieved from /home/airflow/.local/lib/python3.8/site-packages/airflow/example_dags/example_python_operator.py
[2026-07-13T12:45:24.460+0000] {logging_mixin.py:188} INFO - [2026-07-13T12:45:24.459+0000] {dag.py:3036} INFO - Sync 1 DAGs
[2026-07-13T12:45:24.468+0000] {logging_mixin.py:188} INFO - [2026-07-13T12:45:24.468+0000] {dag.py:3823} INFO - Setting next_dagrun for example_python_operator to None, run_after=None
[2026-07-13T12:45:24.482+0000] {processor.py:183} INFO - Processing /home/airflow/.local/lib/python3.8/site-packages/airflow/example_dags/example_python_operator.py took 0.051 seconds
[2026-07-13T12:45:56.090+0000] {processor.py:161} INFO - Started process (PID=1719) to work on /home/airflow/.local/lib/python3.8/site-packages/airflow/example_dags/example_python_operator.py
[2026-07-13T12:45:56.093+0000] {processor.py:830} INFO - Processing file /home/airflow/.local/lib/python3.8/site-packages/airflow/example_dags/example_python_operator.py for tasks to queue
[2026-07-13T12:45:56.097+0000] {logging_mixin.py:188} INFO - [2026-07-13T12:45:56.097+0000] {dagbag.py:538} INFO - Filling up the DagBag from /home/airflow/.local/lib/python3.8/site-packages/airflow/example_dags/example_python_operator.py
[2026-07-13T12:45:56.125+0000] {processor.py:840} INFO - DAG(s) 'example_python_operator' retrieved from /home/airflow/.local/lib/python3.8/site-packages/airflow/example_dags/example_python_operator.py
[2026-07-13T12:45:56.161+0000] {logging_mixin.py:188} INFO - [2026-07-13T12:45:56.160+0000] {dag.py:3036} INFO - Sync 1 DAGs
[2026-07-13T12:45:56.193+0000] {logging_mixin.py:188} INFO - [2026-07-13T12:45:56.192+0000] {dag.py:3823} INFO - Setting next_dagrun for example_python_operator to None, run_after=None
[2026-07-13T12:45:56.231+0000] {processor.py:183} INFO - Processing /home/airflow/.local/lib/python3.8/site-packages/airflow/example_dags/example_python_operator.py took 0.147 seconds
[2026-07-13T12:46:28.624+0000] {processor.py:161} INFO - Started process (PID=1775) to work on /home/airflow/.local/lib/python3.8/site-packages/airflow/example_dags/example_python_operator.py
[2026-07-13T12:46:28.626+0000] {processor.py:830} INFO - Processing file /home/airflow/.local/lib/python3.8/site-packages/airflow/example_dags/example_python_operator.py for tasks to queue
[2026-07-13T12:46:28.627+0000] {logging_mixin.py:188} INFO - [2026-07-13T12:46:28.627+0000] {dagbag.py:538} INFO - Filling up the DagBag from /home/airflow/.local/lib/python3.8/site-packages/airflow/example_dags/example_python_operator.py
[2026-07-13T12:46:28.635+0000] {processor.py:840} INFO - DAG(s) 'example_python_operator' retrieved from /home/airflow/.local/lib/python3.8/site-packages/airflow/example_dags/example_python_operator.py
[2026-07-13T12:46:28.651+0000] {logging_mixin.py:188} INFO - [2026-07-13T12:46:28.651+0000] {dag.py:3036} INFO - Sync 1 DAGs
[2026-07-13T12:46:28.660+0000] {logging_mixin.py:188} INFO - [2026-07-13T12:46:28.660+0000] {dag.py:3823} INFO - Setting next_dagrun for example_python_operator to None, run_after=None
[2026-07-13T12:46:28.672+0000] {processor.py:183} INFO - Processing /home/airflow/.local/lib/python3.8/site-packages/airflow/example_dags/example_python_operator.py took 0.051 seconds
[2026-07-13T12:47:00.731+0000] {processor.py:161} INFO - Started process (PID=1831) to work on /home/airflow/.local/lib/python3.8/site-packages/airflow/example_dags/example_python_operator.py
[2026-07-13T12:47:00.732+0000] {processor.py:830} INFO - Processing file /home/airflow/.local/lib/python3.8/site-packages/airflow/example_dags/example_python_operator.py for tasks to queue
[2026-07-13T12:47:00.733+0000] {logging_mixin.py:188} INFO - [2026-07-13T12:47:00.733+0000] {dagbag.py:538} INFO - Filling up the DagBag from /home/airflow/.local/lib/python3.8/site-packages/airflow/example_dags/example_python_operator.py
[2026-07-13T12:47:00.742+0000] {processor.py:840} INFO - DAG(s) 'example_python_operator' retrieved from /home/airflow/.local/lib/python3.8/site-packages/airflow/example_dags/example_python_operator.py
[2026-07-13T12:47:00.758+0000] {logging_mixin.py:188} INFO - [2026-07-13T12:47:00.757+0000] {dag.py:3036} INFO - Sync 1 DAGs
[2026-07-13T12:47:00.766+0000] {logging_mixin.py:188} INFO - [2026-07-13T12:47:00.765+0000] {dag.py:3823} INFO - Setting next_dagrun for example_python_operator to None, run_after=None
[2026-07-13T12:47:00.780+0000] {processor.py:183} INFO - Processing /home/airflow/.local/lib/python3.8/site-packages/airflow/example_dags/example_python_operator.py took 0.051 seconds
[2026-07-13T12:47:31.996+0000] {processor.py:161} INFO - Started process (PID=1887) to work on /home/airflow/.local/lib/python3.8/site-packages/airflow/example_dags/example_python_operator.py
[2026-07-13T12:47:31.997+0000] {processor.py:830} INFO - Processing file /home/airflow/.local/lib/python3.8/site-packages/airflow/example_dags/example_python_operator.py for tasks to queue
[2026-07-13T12:47:31.999+0000] {logging_mixin.py:188} INFO - [2026-07-13T12:47:31.998+0000] {dagbag.py:538} INFO - Filling up the DagBag from /home/airflow/.local/lib/python3.8/site-packages/airflow/example_dags/example_python_operator.py
[2026-07-13T12:47:32.006+0000] {processor.py:840} INFO - DAG(s) 'example_python_operator' retrieved from /home/airflow/.local/lib/python3.8/site-packages/airflow/example_dags/example_python_operator.py
[2026-07-13T12:47:32.021+0000] {logging_mixin.py:188} INFO - [2026-07-13T12:47:32.021+0000] {dag.py:3036} INFO - Sync 1 DAGs
[2026-07-13T12:47:32.029+0000] {logging_mixin.py:188} INFO - [2026-07-13T12:47:32.029+0000] {dag.py:3823} INFO - Setting next_dagrun for example_python_operator to None, run_after=None
[2026-07-13T12:47:32.043+0000] {processor.py:183} INFO - Processing /home/airflow/.local/lib/python3.8/site-packages/airflow/example_dags/example_python_operator.py took 0.049 seconds
[2026-07-13T12:48:04.510+0000] {processor.py:161} INFO - Started process (PID=1943) to work on /home/airflow/.local/lib/python3.8/site-packages/airflow/example_dags/example_python_operator.py
[2026-07-13T12:48:04.511+0000] {processor.py:830} INFO - Processing file /home/airflow/.local/lib/python3.8/site-packages/airflow/example_dags/example_python_operator.py for tasks to queue
[2026-07-13T12:48:04.512+0000] {logging_mixin.py:188} INFO - [2026-07-13T12:48:04.512+0000] {dagbag.py:538} INFO - Filling up the DagBag from /home/airflow/.local/lib/python3.8/site-packages/airflow/example_dags/example_python_operator.py
[2026-07-13T12:48:04.520+0000] {processor.py:840} INFO - DAG(s) 'example_python_operator' retrieved from /home/airflow/.local/lib/python3.8/site-packages/airflow/example_dags/example_python_operator.py
[2026-07-13T12:48:04.540+0000] {logging_mixin.py:188} INFO - [2026-07-13T12:48:04.540+0000] {dag.py:3036} INFO - Sync 1 DAGs
[2026-07-13T12:48:04.549+0000] {logging_mixin.py:188} INFO - [2026-07-13T12:48:04.548+0000] {dag.py:3823} INFO - Setting next_dagrun for example_python_operator to None, run_after=None
[2026-07-13T12:48:04.563+0000] {processor.py:183} INFO - Processing /home/airflow/.local/lib/python3.8/site-packages/airflow/example_dags/example_python_operator.py took 0.057 seconds
[2026-07-13T12:48:36.476+0000] {processor.py:161} INFO - Started process (PID=1999) to work on /home/airflow/.local/lib/python3.8/site-packages/airflow/example_dags/example_python_operator.py
[2026-07-13T12:48:36.476+0000] {processor.py:830} INFO - Processing file /home/airflow/.local/lib/python3.8/site-packages/airflow/example_dags/example_python_operator.py for tasks to queue
[2026-07-13T12:48:36.478+0000] {logging_mixin.py:188} INFO - [2026-07-13T12:48:36.478+0000] {dagbag.py:538} INFO - Filling up the DagBag from /home/airflow/.local/lib/python3.8/site-packages/airflow/example_dags/example_python_operator.py
[2026-07-13T12:48:36.486+0000] {processor.py:840} INFO - DAG(s) 'example_python_operator' retrieved from /home/airflow/.local/lib/python3.8/site-packages/airflow/example_dags/example_python_operator.py
[2026-07-13T12:48:36.503+0000] {logging_mixin.py:188} INFO - [2026-07-13T12:48:36.503+0000] {dag.py:3036} INFO - Sync 1 DAGs
[2026-07-13T12:48:36.511+0000] {logging_mixin.py:188} INFO - [2026-07-13T12:48:36.511+0000] {dag.py:3823} INFO - Setting next_dagrun for example_python_operator to None, run_after=None
[2026-07-13T12:48:36.526+0000] {processor.py:183} INFO - Processing /home/airflow/.local/lib/python3.8/site-packages/airflow/example_dags/example_python_operator.py took 0.053 seconds
[2026-07-13T12:49:13.337+0000] {processor.py:161} INFO - Started process (PID=2063) to work on /home/airflow/.local/lib/python3.8/site-packages/airflow/example_dags/example_python_operator.py
[2026-07-13T12:49:13.340+0000] {processor.py:830} INFO - Processing file /home/airflow/.local/lib/python3.8/site-packages/airflow/example_dags/example_python_operator.py for tasks to queue
[2026-07-13T12:49:13.347+0000] {logging_mixin.py:188} INFO - [2026-07-13T12:49:13.344+0000] {dagbag.py:538} INFO - Filling up the DagBag from /home/airflow/.local/lib/python3.8/site-packages/airflow/example_dags/example_python_operator.py
[2026-07-13T12:49:13.368+0000] {processor.py:840} INFO - DAG(s) 'example_python_operator' retrieved from /home/airflow/.local/lib/python3.8/site-packages/airflow/example_dags/example_python_operator.py
[2026-07-13T12:49:13.408+0000] {logging_mixin.py:188} INFO - [2026-07-13T12:49:13.408+0000] {dag.py:3036} INFO - Sync 1 DAGs
[2026-07-13T12:49:13.427+0000] {logging_mixin.py:188} INFO - [2026-07-13T12:49:13.427+0000] {dag.py:3823} INFO - Setting next_dagrun for example_python_operator to None, run_after=None
[2026-07-13T12:49:13.465+0000] {processor.py:183} INFO - Processing /home/airflow/.local/lib/python3.8/site-packages/airflow/example_dags/example_python_operator.py took 0.136 seconds
[2026-07-13T13:04:34.836+0000] {processor.py:161} INFO - Started process (PID=82) to work on /home/airflow/.local/lib/python3.8/site-packages/airflow/example_dags/example_python_operator.py
[2026-07-13T13:04:34.837+0000] {processor.py:830} INFO - Processing file /home/airflow/.local/lib/python3.8/site-packages/airflow/example_dags/example_python_operator.py for tasks to queue
[2026-07-13T13:04:34.839+0000] {logging_mixin.py:188} INFO - [2026-07-13T13:04:34.839+0000] {dagbag.py:538} INFO - Filling up the DagBag from /home/airflow/.local/lib/python3.8/site-packages/airflow/example_dags/example_python_operator.py
[2026-07-13T13:04:34.846+0000] {processor.py:840} INFO - DAG(s) 'example_python_operator' retrieved from /home/airflow/.local/lib/python3.8/site-packages/airflow/example_dags/example_python_operator.py
[2026-07-13T13:04:34.906+0000] {logging_mixin.py:188} INFO - [2026-07-13T13:04:34.906+0000] {dag.py:3036} INFO - Sync 1 DAGs
[2026-07-13T13:04:34.913+0000] {logging_mixin.py:188} INFO - [2026-07-13T13:04:34.913+0000] {dag.py:3823} INFO - Setting next_dagrun for example_python_operator to None, run_after=None
[2026-07-13T13:04:34.925+0000] {processor.py:183} INFO - Processing /home/airflow/.local/lib/python3.8/site-packages/airflow/example_dags/example_python_operator.py took 0.091 seconds
[2026-07-13T13:05:05.781+0000] {processor.py:161} INFO - Started process (PID=138) to work on /home/airflow/.local/lib/python3.8/site-packages/airflow/example_dags/example_python_operator.py
[2026-07-13T13:05:05.782+0000] {processor.py:830} INFO - Processing file /home/airflow/.local/lib/python3.8/site-packages/airflow/example_dags/example_python_operator.py for tasks to queue
[2026-07-13T13:05:05.783+0000] {logging_mixin.py:188} INFO - [2026-07-13T13:05:05.783+0000] {dagbag.py:538} INFO - Filling up the DagBag from /home/airflow/.local/lib/python3.8/site-packages/airflow/example_dags/example_python_operator.py
[2026-07-13T13:05:05.791+0000] {processor.py:840} INFO - DAG(s) 'example_python_operator' retrieved from /home/airflow/.local/lib/python3.8/site-packages/airflow/example_dags/example_python_operator.py
[2026-07-13T13:05:05.807+0000] {logging_mixin.py:188} INFO - [2026-07-13T13:05:05.807+0000] {dag.py:3036} INFO - Sync 1 DAGs
[2026-07-13T13:05:05.815+0000] {logging_mixin.py:188} INFO - [2026-07-13T13:05:05.814+0000] {dag.py:3823} INFO - Setting next_dagrun for example_python_operator to None, run_after=None
[2026-07-13T13:05:05.827+0000] {processor.py:183} INFO - Processing /home/airflow/.local/lib/python3.8/site-packages/airflow/example_dags/example_python_operator.py took 0.050 seconds
[2026-07-13T13:05:36.421+0000] {processor.py:161} INFO - Started process (PID=195) to work on /home/airflow/.local/lib/python3.8/site-packages/airflow/example_dags/example_python_operator.py
[2026-07-13T13:05:36.422+0000] {processor.py:830} INFO - Processing file /home/airflow/.local/lib/python3.8/site-packages/airflow/example_dags/example_python_operator.py for tasks to queue
[2026-07-13T13:05:36.424+0000] {logging_mixin.py:188} INFO - [2026-07-13T13:05:36.424+0000] {dagbag.py:538} INFO - Filling up the DagBag from /home/airflow/.local/lib/python3.8/site-packages/airflow/example_dags/example_python_operator.py
[2026-07-13T13:05:36.432+0000] {processor.py:840} INFO - DAG(s) 'example_python_operator' retrieved from /home/airflow/.local/lib/python3.8/site-packages/airflow/example_dags/example_python_operator.py
[2026-07-13T13:05:36.449+0000] {logging_mixin.py:188} INFO - [2026-07-13T13:05:36.449+0000] {dag.py:3036} INFO - Sync 1 DAGs
[2026-07-13T13:05:36.457+0000] {logging_mixin.py:188} INFO - [2026-07-13T13:05:36.457+0000] {dag.py:3823} INFO - Setting next_dagrun for example_python_operator to None, run_after=None
[2026-07-13T13:05:36.469+0000] {processor.py:183} INFO - Processing /home/airflow/.local/lib/python3.8/site-packages/airflow/example_dags/example_python_operator.py took 0.051 seconds
[2026-07-13T13:06:06.622+0000] {processor.py:161} INFO - Started process (PID=251) to work on /home/airflow/.local/lib/python3.8/site-packages/airflow/example_dags/example_python_operator.py
[2026-07-13T13:06:06.623+0000] {processor.py:830} INFO - Processing file /home/airflow/.local/lib/python3.8/site-packages/airflow/example_dags/example_python_operator.py for tasks to queue
[2026-07-13T13:06:06.624+0000] {logging_mixin.py:188} INFO - [2026-07-13T13:06:06.624+0000] {dagbag.py:538} INFO - Filling up the DagBag from /home/airflow/.local/lib/python3.8/site-packages/airflow/example_dags/example_python_operator.py
[2026-07-13T13:06:06.633+0000] {processor.py:840} INFO - DAG(s) 'example_python_operator' retrieved from /home/airflow/.local/lib/python3.8/site-packages/airflow/example_dags/example_python_operator.py
[2026-07-13T13:06:06.654+0000] {logging_mixin.py:188} INFO - [2026-07-13T13:06:06.654+0000] {dag.py:3036} INFO - Sync 1 DAGs
[2026-07-13T13:06:06.662+0000] {logging_mixin.py:188} INFO - [2026-07-13T13:06:06.661+0000] {dag.py:3823} INFO - Setting next_dagrun for example_python_operator to None, run_after=None
[2026-07-13T13:06:06.677+0000] {processor.py:183} INFO - Processing /home/airflow/.local/lib/python3.8/site-packages/airflow/example_dags/example_python_operator.py took 0.058 seconds
[2026-07-13T13:06:38.253+0000] {processor.py:161} INFO - Started process (PID=307) to work on /home/airflow/.local/lib/python3.8/site-packages/airflow/example_dags/example_python_operator.py
[2026-07-13T13:06:38.254+0000] {processor.py:830} INFO - Processing file /home/airflow/.local/lib/python3.8/site-packages/airflow/example_dags/example_python_operator.py for tasks to queue
[2026-07-13T13:06:38.255+0000] {logging_mixin.py:188} INFO - [2026-07-13T13:06:38.255+0000] {dagbag.py:538} INFO - Filling up the DagBag from /home/airflow/.local/lib/python3.8/site-packages/airflow/example_dags/example_python_operator.py
[2026-07-13T13:06:38.265+0000] {processor.py:840} INFO - DAG(s) 'example_python_operator' retrieved from /home/airflow/.local/lib/python3.8/site-packages/airflow/example_dags/example_python_operator.py
[2026-07-13T13:06:38.287+0000] {logging_mixin.py:188} INFO - [2026-07-13T13:06:38.287+0000] {dag.py:3036} INFO - Sync 1 DAGs
[2026-07-13T13:06:38.298+0000] {logging_mixin.py:188} INFO - [2026-07-13T13:06:38.298+0000] {dag.py:3823} INFO - Setting next_dagrun for example_python_operator to None, run_after=None
[2026-07-13T13:06:38.317+0000] {processor.py:183} INFO - Processing /home/airflow/.local/lib/python3.8/site-packages/airflow/example_dags/example_python_operator.py took 0.067 seconds
[2026-07-13T13:07:09.201+0000] {processor.py:161} INFO - Started process (PID=363) to work on /home/airflow/.local/lib/python3.8/site-packages/airflow/example_dags/example_python_operator.py
[2026-07-13T13:07:09.202+0000] {processor.py:830} INFO - Processing file /home/airflow/.local/lib/python3.8/site-packages/airflow/example_dags/example_python_operator.py for tasks to queue
[2026-07-13T13:07:09.203+0000] {logging_mixin.py:188} INFO - [2026-07-13T13:07:09.203+0000] {dagbag.py:538} INFO - Filling up the DagBag from /home/airflow/.local/lib/python3.8/site-packages/airflow/example_dags/example_python_operator.py
[2026-07-13T13:07:09.210+0000] {processor.py:840} INFO - DAG(s) 'example_python_operator' retrieved from /home/airflow/.local/lib/python3.8/site-packages/airflow/example_dags/example_python_operator.py
[2026-07-13T13:07:09.226+0000] {logging_mixin.py:188} INFO - [2026-07-13T13:07:09.225+0000] {dag.py:3036} INFO - Sync 1 DAGs
[2026-07-13T13:07:09.233+0000] {logging_mixin.py:188} INFO - [2026-07-13T13:07:09.233+0000] {dag.py:3823} INFO - Setting next_dagrun for example_python_operator to None, run_after=None
[2026-07-13T13:07:09.245+0000] {processor.py:183} INFO - Processing /home/airflow/.local/lib/python3.8/site-packages/airflow/example_dags/example_python_operator.py took 0.046 seconds
[2026-07-13T13:07:40.214+0000] {processor.py:161} INFO - Started process (PID=419) to work on /home/airflow/.local/lib/python3.8/site-packages/airflow/example_dags/example_python_operator.py
[2026-07-13T13:07:40.215+0000] {processor.py:830} INFO - Processing file /home/airflow/.local/lib/python3.8/site-packages/airflow/example_dags/example_python_operator.py for tasks to queue
[2026-07-13T13:07:40.217+0000] {logging_mixin.py:188} INFO - [2026-07-13T13:07:40.217+0000] {dagbag.py:538} INFO - Filling up the DagBag from /home/airflow/.local/lib/python3.8/site-packages/airflow/example_dags/example_python_operator.py
[2026-07-13T13:07:40.228+0000] {processor.py:840} INFO - DAG(s) 'example_python_operator' retrieved from /home/airflow/.local/lib/python3.8/site-packages/airflow/example_dags/example_python_operator.py
[2026-07-13T13:07:40.249+0000] {logging_mixin.py:188} INFO - [2026-07-13T13:07:40.249+0000] {dag.py:3036} INFO - Sync 1 DAGs
[2026-07-13T13:07:40.257+0000] {logging_mixin.py:188} INFO - [2026-07-13T13:07:40.257+0000] {dag.py:3823} INFO - Setting next_dagrun for example_python_operator to None, run_after=None
[2026-07-13T13:07:40.270+0000] {processor.py:183} INFO - Processing /home/airflow/.local/lib/python3.8/site-packages/airflow/example_dags/example_python_operator.py took 0.060 seconds
[2026-07-13T13:08:11.464+0000] {processor.py:161} INFO - Started process (PID=475) to work on /home/airflow/.local/lib/python3.8/site-packages/airflow/example_dags/example_python_operator.py
[2026-07-13T13:08:11.465+0000] {processor.py:830} INFO - Processing file /home/airflow/.local/lib/python3.8/site-packages/airflow/example_dags/example_python_operator.py for tasks to queue
[2026-07-13T13:08:11.466+0000] {logging_mixin.py:188} INFO - [2026-07-13T13:08:11.466+0000] {dagbag.py:538} INFO - Filling up the DagBag from /home/airflow/.local/lib/python3.8/site-packages/airflow/example_dags/example_python_operator.py
[2026-07-13T13:08:11.475+0000] {processor.py:840} INFO - DAG(s) 'example_python_operator' retrieved from /home/airflow/.local/lib/python3.8/site-packages/airflow/example_dags/example_python_operator.py
[2026-07-13T13:08:11.491+0000] {logging_mixin.py:188} INFO - [2026-07-13T13:08:11.490+0000] {dag.py:3036} INFO - Sync 1 DAGs
[2026-07-13T13:08:11.499+0000] {logging_mixin.py:188} INFO - [2026-07-13T13:08:11.499+0000] {dag.py:3823} INFO - Setting next_dagrun for example_python_operator to None, run_after=None
[2026-07-13T13:08:11.512+0000] {processor.py:183} INFO - Processing /home/airflow/.local/lib/python3.8/site-packages/airflow/example_dags/example_python_operator.py took 0.051 seconds
[2026-07-13T13:08:42.976+0000] {processor.py:161} INFO - Started process (PID=531) to work on /home/airflow/.local/lib/python3.8/site-packages/airflow/example_dags/example_python_operator.py
[2026-07-13T13:08:42.977+0000] {processor.py:830} INFO - Processing file /home/airflow/.local/lib/python3.8/site-packages/airflow/example_dags/example_python_operator.py for tasks to queue
[2026-07-13T13:08:42.980+0000] {logging_mixin.py:188} INFO - [2026-07-13T13:08:42.979+0000] {dagbag.py:538} INFO - Filling up the DagBag from /home/airflow/.local/lib/python3.8/site-packages/airflow/example_dags/example_python_operator.py
[2026-07-13T13:08:42.990+0000] {processor.py:840} INFO - DAG(s) 'example_python_operator' retrieved from /home/airflow/.local/lib/python3.8/site-packages/airflow/example_dags/example_python_operator.py
[2026-07-13T13:08:43.008+0000] {logging_mixin.py:188} INFO - [2026-07-13T13:08:43.008+0000] {dag.py:3036} INFO - Sync 1 DAGs
[2026-07-13T13:08:43.016+0000] {logging_mixin.py:188} INFO - [2026-07-13T13:08:43.016+0000] {dag.py:3823} INFO - Setting next_dagrun for example_python_operator to None, run_after=None
[2026-07-13T13:08:43.031+0000] {processor.py:183} INFO - Processing /home/airflow/.local/lib/python3.8/site-packages/airflow/example_dags/example_python_operator.py took 0.057 seconds
[2026-07-13T13:09:15.837+0000] {processor.py:161} INFO - Started process (PID=587) to work on /home/airflow/.local/lib/python3.8/site-packages/airflow/example_dags/example_python_operator.py
[2026-07-13T13:09:15.851+0000] {processor.py:830} INFO - Processing file /home/airflow/.local/lib/python3.8/site-packages/airflow/example_dags/example_python_operator.py for tasks to queue
[2026-07-13T13:09:15.853+0000] {logging_mixin.py:188} INFO - [2026-07-13T13:09:15.852+0000] {dagbag.py:538} INFO - Filling up the DagBag from /home/airflow/.local/lib/python3.8/site-packages/airflow/example_dags/example_python_operator.py
[2026-07-13T13:09:15.863+0000] {processor.py:840} INFO - DAG(s) 'example_python_operator' retrieved from /home/airflow/.local/lib/python3.8/site-packages/airflow/example_dags/example_python_operator.py
[2026-07-13T13:09:15.888+0000] {logging_mixin.py:188} INFO - [2026-07-13T13:09:15.887+0000] {dag.py:3036} INFO - Sync 1 DAGs
[2026-07-13T13:09:15.900+0000] {logging_mixin.py:188} INFO - [2026-07-13T13:09:15.900+0000] {dag.py:3823} INFO - Setting next_dagrun for example_python_operator to None, run_after=None
[2026-07-13T13:09:15.920+0000] {processor.py:183} INFO - Processing /home/airflow/.local/lib/python3.8/site-packages/airflow/example_dags/example_python_operator.py took 0.087 seconds
[2026-07-13T13:11:57.783+0000] {processor.py:161} INFO - Started process (PID=113) to work on /home/airflow/.local/lib/python3.8/site-packages/airflow/example_dags/example_python_operator.py
[2026-07-13T13:11:57.785+0000] {processor.py:830} INFO - Processing file /home/airflow/.local/lib/python3.8/site-packages/airflow/example_dags/example_python_operator.py for tasks to queue
[2026-07-13T13:11:57.788+0000] {logging_mixin.py:188} INFO - [2026-07-13T13:11:57.788+0000] {dagbag.py:538} INFO - Filling up the DagBag from /home/airflow/.local/lib/python3.8/site-packages/airflow/example_dags/example_python_operator.py
[2026-07-13T13:11:57.803+0000] {processor.py:840} INFO - DAG(s) 'example_python_operator' retrieved from /home/airflow/.local/lib/python3.8/site-packages/airflow/example_dags/example_python_operator.py
[2026-07-13T13:11:57.922+0000] {logging_mixin.py:188} INFO - [2026-07-13T13:11:57.922+0000] {dag.py:3036} INFO - Sync 1 DAGs
[2026-07-13T13:11:57.934+0000] {logging_mixin.py:188} INFO - [2026-07-13T13:11:57.934+0000] {dag.py:3823} INFO - Setting next_dagrun for example_python_operator to None, run_after=None
[2026-07-13T13:11:57.964+0000] {processor.py:183} INFO - Processing /home/airflow/.local/lib/python3.8/site-packages/airflow/example_dags/example_python_operator.py took 0.186 seconds
[2026-07-13T13:12:28.542+0000] {processor.py:161} INFO - Started process (PID=169) to work on /home/airflow/.local/lib/python3.8/site-packages/airflow/example_dags/example_python_operator.py
[2026-07-13T13:12:28.544+0000] {processor.py:830} INFO - Processing file /home/airflow/.local/lib/python3.8/site-packages/airflow/example_dags/example_python_operator.py for tasks to queue
[2026-07-13T13:12:28.545+0000] {logging_mixin.py:188} INFO - [2026-07-13T13:12:28.545+0000] {dagbag.py:538} INFO - Filling up the DagBag from /home/airflow/.local/lib/python3.8/site-packages/airflow/example_dags/example_python_operator.py
[2026-07-13T13:12:28.553+0000] {processor.py:840} INFO - DAG(s) 'example_python_operator' retrieved from /home/airflow/.local/lib/python3.8/site-packages/airflow/example_dags/example_python_operator.py
[2026-07-13T13:12:28.571+0000] {logging_mixin.py:188} INFO - [2026-07-13T13:12:28.571+0000] {dag.py:3036} INFO - Sync 1 DAGs
[2026-07-13T13:12:28.580+0000] {logging_mixin.py:188} INFO - [2026-07-13T13:12:28.580+0000] {dag.py:3823} INFO - Setting next_dagrun for example_python_operator to None, run_after=None
[2026-07-13T13:12:28.594+0000] {processor.py:183} INFO - Processing /home/airflow/.local/lib/python3.8/site-packages/airflow/example_dags/example_python_operator.py took 0.055 seconds
[2026-07-13T13:12:59.311+0000] {processor.py:161} INFO - Started process (PID=225) to work on /home/airflow/.local/lib/python3.8/site-packages/airflow/example_dags/example_python_operator.py
[2026-07-13T13:12:59.313+0000] {processor.py:830} INFO - Processing file /home/airflow/.local/lib/python3.8/site-packages/airflow/example_dags/example_python_operator.py for tasks to queue
[2026-07-13T13:12:59.316+0000] {logging_mixin.py:188} INFO - [2026-07-13T13:12:59.315+0000] {dagbag.py:538} INFO - Filling up the DagBag from /home/airflow/.local/lib/python3.8/site-packages/airflow/example_dags/example_python_operator.py
[2026-07-13T13:12:59.327+0000] {processor.py:840} INFO - DAG(s) 'example_python_operator' retrieved from /home/airflow/.local/lib/python3.8/site-packages/airflow/example_dags/example_python_operator.py
[2026-07-13T13:12:59.347+0000] {logging_mixin.py:188} INFO - [2026-07-13T13:12:59.347+0000] {dag.py:3036} INFO - Sync 1 DAGs
[2026-07-13T13:12:59.356+0000] {logging_mixin.py:188} INFO - [2026-07-13T13:12:59.356+0000] {dag.py:3823} INFO - Setting next_dagrun for example_python_operator to None, run_after=None
[2026-07-13T13:12:59.370+0000] {processor.py:183} INFO - Processing /home/airflow/.local/lib/python3.8/site-packages/airflow/example_dags/example_python_operator.py took 0.061 seconds
[2026-07-13T13:13:30.226+0000] {processor.py:161} INFO - Started process (PID=281) to work on /home/airflow/.local/lib/python3.8/site-packages/airflow/example_dags/example_python_operator.py
[2026-07-13T13:13:30.227+0000] {processor.py:830} INFO - Processing file /home/airflow/.local/lib/python3.8/site-packages/airflow/example_dags/example_python_operator.py for tasks to queue
[2026-07-13T13:13:30.229+0000] {logging_mixin.py:188} INFO - [2026-07-13T13:13:30.229+0000] {dagbag.py:538} INFO - Filling up the DagBag from /home/airflow/.local/lib/python3.8/site-packages/airflow/example_dags/example_python_operator.py
[2026-07-13T13:13:30.237+0000] {processor.py:840} INFO - DAG(s) 'example_python_operator' retrieved from /home/airflow/.local/lib/python3.8/site-packages/airflow/example_dags/example_python_operator.py
[2026-07-13T13:13:30.254+0000] {logging_mixin.py:188} INFO - [2026-07-13T13:13:30.254+0000] {dag.py:3036} INFO - Sync 1 DAGs
[2026-07-13T13:13:30.262+0000] {logging_mixin.py:188} INFO - [2026-07-13T13:13:30.262+0000] {dag.py:3823} INFO - Setting next_dagrun for example_python_operator to None, run_after=None
[2026-07-13T13:13:30.276+0000] {processor.py:183} INFO - Processing /home/airflow/.local/lib/python3.8/site-packages/airflow/example_dags/example_python_operator.py took 0.053 seconds
[2026-07-13T13:14:01.760+0000] {processor.py:161} INFO - Started process (PID=331) to work on /home/airflow/.local/lib/python3.8/site-packages/airflow/example_dags/example_python_operator.py
[2026-07-13T13:14:01.761+0000] {processor.py:830} INFO - Processing file /home/airflow/.local/lib/python3.8/site-packages/airflow/example_dags/example_python_operator.py for tasks to queue
[2026-07-13T13:14:01.762+0000] {logging_mixin.py:188} INFO - [2026-07-13T13:14:01.762+0000] {dagbag.py:538} INFO - Filling up the DagBag from /home/airflow/.local/lib/python3.8/site-packages/airflow/example_dags/example_python_operator.py
[2026-07-13T13:14:01.770+0000] {processor.py:840} INFO - DAG(s) 'example_python_operator' retrieved from /home/airflow/.local/lib/python3.8/site-packages/airflow/example_dags/example_python_operator.py
[2026-07-13T13:14:01.788+0000] {logging_mixin.py:188} INFO - [2026-07-13T13:14:01.787+0000] {dag.py:3036} INFO - Sync 1 DAGs
[2026-07-13T13:14:01.796+0000] {logging_mixin.py:188} INFO - [2026-07-13T13:14:01.796+0000] {dag.py:3823} INFO - Setting next_dagrun for example_python_operator to None, run_after=None
[2026-07-13T13:14:01.812+0000] {processor.py:183} INFO - Processing /home/airflow/.local/lib/python3.8/site-packages/airflow/example_dags/example_python_operator.py took 0.055 seconds
[2026-07-13T13:14:34.265+0000] {processor.py:161} INFO - Started process (PID=393) to work on /home/airflow/.local/lib/python3.8/site-packages/airflow/example_dags/example_python_operator.py
[2026-07-13T13:14:34.266+0000] {processor.py:830} INFO - Processing file /home/airflow/.local/lib/python3.8/site-packages/airflow/example_dags/example_python_operator.py for tasks to queue
[2026-07-13T13:14:34.268+0000] {logging_mixin.py:188} INFO - [2026-07-13T13:14:34.267+0000] {dagbag.py:538} INFO - Filling up the DagBag from /home/airflow/.local/lib/python3.8/site-packages/airflow/example_dags/example_python_operator.py
[2026-07-13T13:14:34.275+0000] {processor.py:840} INFO - DAG(s) 'example_python_operator' retrieved from /home/airflow/.local/lib/python3.8/site-packages/airflow/example_dags/example_python_operator.py
[2026-07-13T13:14:34.292+0000] {logging_mixin.py:188} INFO - [2026-07-13T13:14:34.291+0000] {dag.py:3036} INFO - Sync 1 DAGs
[2026-07-13T13:14:34.299+0000] {logging_mixin.py:188} INFO - [2026-07-13T13:14:34.299+0000] {dag.py:3823} INFO - Setting next_dagrun for example_python_operator to None, run_after=None
[2026-07-13T13:14:34.313+0000] {processor.py:183} INFO - Processing /home/airflow/.local/lib/python3.8/site-packages/airflow/example_dags/example_python_operator.py took 0.050 seconds
[2026-07-13T13:15:06.522+0000] {processor.py:161} INFO - Started process (PID=449) to work on /home/airflow/.local/lib/python3.8/site-packages/airflow/example_dags/example_python_operator.py
[2026-07-13T13:15:06.523+0000] {processor.py:830} INFO - Processing file /home/airflow/.local/lib/python3.8/site-packages/airflow/example_dags/example_python_operator.py for tasks to queue
[2026-07-13T13:15:06.525+0000] {logging_mixin.py:188} INFO - [2026-07-13T13:15:06.524+0000] {dagbag.py:538} INFO - Filling up the DagBag from /home/airflow/.local/lib/python3.8/site-packages/airflow/example_dags/example_python_operator.py
[2026-07-13T13:15:06.533+0000] {processor.py:840} INFO - DAG(s) 'example_python_operator' retrieved from /home/airflow/.local/lib/python3.8/site-packages/airflow/example_dags/example_python_operator.py
[2026-07-13T13:15:06.549+0000] {logging_mixin.py:188} INFO - [2026-07-13T13:15:06.549+0000] {dag.py:3036} INFO - Sync 1 DAGs
[2026-07-13T13:15:06.557+0000] {logging_mixin.py:188} INFO - [2026-07-13T13:15:06.556+0000] {dag.py:3823} INFO - Setting next_dagrun for example_python_operator to None, run_after=None
[2026-07-13T13:15:06.573+0000] {processor.py:183} INFO - Processing /home/airflow/.local/lib/python3.8/site-packages/airflow/example_dags/example_python_operator.py took 0.054 seconds
[2026-07-13T13:15:38.186+0000] {processor.py:161} INFO - Started process (PID=499) to work on /home/airflow/.local/lib/python3.8/site-packages/airflow/example_dags/example_python_operator.py
[2026-07-13T13:15:38.187+0000] {processor.py:830} INFO - Processing file /home/airflow/.local/lib/python3.8/site-packages/airflow/example_dags/example_python_operator.py for tasks to queue
[2026-07-13T13:15:38.189+0000] {logging_mixin.py:188} INFO - [2026-07-13T13:15:38.188+0000] {dagbag.py:538} INFO - Filling up the DagBag from /home/airflow/.local/lib/python3.8/site-packages/airflow/example_dags/example_python_operator.py
[2026-07-13T13:15:38.196+0000] {processor.py:840} INFO - DAG(s) 'example_python_operator' retrieved from /home/airflow/.local/lib/python3.8/site-packages/airflow/example_dags/example_python_operator.py
[2026-07-13T13:15:38.211+0000] {logging_mixin.py:188} INFO - [2026-07-13T13:15:38.211+0000] {dag.py:3036} INFO - Sync 1 DAGs
[2026-07-13T13:15:38.219+0000] {logging_mixin.py:188} INFO - [2026-07-13T13:15:38.218+0000] {dag.py:3823} INFO - Setting next_dagrun for example_python_operator to None, run_after=None
[2026-07-13T13:15:38.234+0000] {processor.py:183} INFO - Processing /home/airflow/.local/lib/python3.8/site-packages/airflow/example_dags/example_python_operator.py took 0.051 seconds
[2026-07-13T13:16:08.479+0000] {processor.py:161} INFO - Started process (PID=555) to work on /home/airflow/.local/lib/python3.8/site-packages/airflow/example_dags/example_python_operator.py
[2026-07-13T13:16:08.480+0000] {processor.py:830} INFO - Processing file /home/airflow/.local/lib/python3.8/site-packages/airflow/example_dags/example_python_operator.py for tasks to queue
[2026-07-13T13:16:08.481+0000] {logging_mixin.py:188} INFO - [2026-07-13T13:16:08.481+0000] {dagbag.py:538} INFO - Filling up the DagBag from /home/airflow/.local/lib/python3.8/site-packages/airflow/example_dags/example_python_operator.py
[2026-07-13T13:16:08.489+0000] {processor.py:840} INFO - DAG(s) 'example_python_operator' retrieved from /home/airflow/.local/lib/python3.8/site-packages/airflow/example_dags/example_python_operator.py
[2026-07-13T13:16:08.505+0000] {logging_mixin.py:188} INFO - [2026-07-13T13:16:08.505+0000] {dag.py:3036} INFO - Sync 1 DAGs
[2026-07-13T13:16:08.513+0000] {logging_mixin.py:188} INFO - [2026-07-13T13:16:08.513+0000] {dag.py:3823} INFO - Setting next_dagrun for example_python_operator to None, run_after=None
[2026-07-13T13:16:08.527+0000] {processor.py:183} INFO - Processing /home/airflow/.local/lib/python3.8/site-packages/airflow/example_dags/example_python_operator.py took 0.051 seconds
[2026-07-13T13:16:38.721+0000] {processor.py:161} INFO - Started process (PID=611) to work on /home/airflow/.local/lib/python3.8/site-packages/airflow/example_dags/example_python_operator.py
[2026-07-13T13:16:38.722+0000] {processor.py:830} INFO - Processing file /home/airflow/.local/lib/python3.8/site-packages/airflow/example_dags/example_python_operator.py for tasks to queue
[2026-07-13T13:16:38.723+0000] {logging_mixin.py:188} INFO - [2026-07-13T13:16:38.723+0000] {dagbag.py:538} INFO - Filling up the DagBag from /home/airflow/.local/lib/python3.8/site-packages/airflow/example_dags/example_python_operator.py
[2026-07-13T13:16:38.731+0000] {processor.py:840} INFO - DAG(s) 'example_python_operator' retrieved from /home/airflow/.local/lib/python3.8/site-packages/airflow/example_dags/example_python_operator.py
[2026-07-13T13:16:38.746+0000] {logging_mixin.py:188} INFO - [2026-07-13T13:16:38.746+0000] {dag.py:3036} INFO - Sync 1 DAGs
[2026-07-13T13:16:38.754+0000] {logging_mixin.py:188} INFO - [2026-07-13T13:16:38.754+0000] {dag.py:3823} INFO - Setting next_dagrun for example_python_operator to None, run_after=None
[2026-07-13T13:16:38.768+0000] {processor.py:183} INFO - Processing /home/airflow/.local/lib/python3.8/site-packages/airflow/example_dags/example_python_operator.py took 0.049 seconds
[2026-07-13T13:17:09.336+0000] {processor.py:161} INFO - Started process (PID=667) to work on /home/airflow/.local/lib/python3.8/site-packages/airflow/example_dags/example_python_operator.py
[2026-07-13T13:17:09.337+0000] {processor.py:830} INFO - Processing file /home/airflow/.local/lib/python3.8/site-packages/airflow/example_dags/example_python_operator.py for tasks to queue
[2026-07-13T13:17:09.339+0000] {logging_mixin.py:188} INFO - [2026-07-13T13:17:09.339+0000] {dagbag.py:538} INFO - Filling up the DagBag from /home/airflow/.local/lib/python3.8/site-packages/airflow/example_dags/example_python_operator.py
[2026-07-13T13:17:09.349+0000] {processor.py:840} INFO - DAG(s) 'example_python_operator' retrieved from /home/airflow/.local/lib/python3.8/site-packages/airflow/example_dags/example_python_operator.py
[2026-07-13T13:17:09.367+0000] {logging_mixin.py:188} INFO - [2026-07-13T13:17:09.367+0000] {dag.py:3036} INFO - Sync 1 DAGs
[2026-07-13T13:17:09.377+0000] {logging_mixin.py:188} INFO - [2026-07-13T13:17:09.376+0000] {dag.py:3823} INFO - Setting next_dagrun for example_python_operator to None, run_after=None
[2026-07-13T13:17:09.396+0000] {processor.py:183} INFO - Processing /home/airflow/.local/lib/python3.8/site-packages/airflow/example_dags/example_python_operator.py took 0.063 seconds
[2026-07-13T13:17:41.006+0000] {processor.py:161} INFO - Started process (PID=723) to work on /home/airflow/.local/lib/python3.8/site-packages/airflow/example_dags/example_python_operator.py
[2026-07-13T13:17:41.007+0000] {processor.py:830} INFO - Processing file /home/airflow/.local/lib/python3.8/site-packages/airflow/example_dags/example_python_operator.py for tasks to queue
[2026-07-13T13:17:41.009+0000] {logging_mixin.py:188} INFO - [2026-07-13T13:17:41.008+0000] {dagbag.py:538} INFO - Filling up the DagBag from /home/airflow/.local/lib/python3.8/site-packages/airflow/example_dags/example_python_operator.py
[2026-07-13T13:17:41.017+0000] {processor.py:840} INFO - DAG(s) 'example_python_operator' retrieved from /home/airflow/.local/lib/python3.8/site-packages/airflow/example_dags/example_python_operator.py
[2026-07-13T13:17:41.036+0000] {logging_mixin.py:188} INFO - [2026-07-13T13:17:41.036+0000] {dag.py:3036} INFO - Sync 1 DAGs
[2026-07-13T13:17:41.048+0000] {logging_mixin.py:188} INFO - [2026-07-13T13:17:41.047+0000] {dag.py:3823} INFO - Setting next_dagrun for example_python_operator to None, run_after=None
[2026-07-13T13:17:41.069+0000] {processor.py:183} INFO - Processing /home/airflow/.local/lib/python3.8/site-packages/airflow/example_dags/example_python_operator.py took 0.066 seconds
[2026-07-13T13:18:13.991+0000] {processor.py:161} INFO - Started process (PID=779) to work on /home/airflow/.local/lib/python3.8/site-packages/airflow/example_dags/example_python_operator.py
[2026-07-13T13:18:13.992+0000] {processor.py:830} INFO - Processing file /home/airflow/.local/lib/python3.8/site-packages/airflow/example_dags/example_python_operator.py for tasks to queue
[2026-07-13T13:18:13.995+0000] {logging_mixin.py:188} INFO - [2026-07-13T13:18:13.995+0000] {dagbag.py:538} INFO - Filling up the DagBag from /home/airflow/.local/lib/python3.8/site-packages/airflow/example_dags/example_python_operator.py
[2026-07-13T13:18:14.002+0000] {processor.py:840} INFO - DAG(s) 'example_python_operator' retrieved from /home/airflow/.local/lib/python3.8/site-packages/airflow/example_dags/example_python_operator.py
[2026-07-13T13:18:14.022+0000] {logging_mixin.py:188} INFO - [2026-07-13T13:18:14.021+0000] {dag.py:3036} INFO - Sync 1 DAGs
[2026-07-13T13:18:14.031+0000] {logging_mixin.py:188} INFO - [2026-07-13T13:18:14.031+0000] {dag.py:3823} INFO - Setting next_dagrun for example_python_operator to None, run_after=None
[2026-07-13T13:18:14.051+0000] {processor.py:183} INFO - Processing /home/airflow/.local/lib/python3.8/site-packages/airflow/example_dags/example_python_operator.py took 0.062 seconds
[2026-07-13T13:18:46.634+0000] {processor.py:161} INFO - Started process (PID=835) to work on /home/airflow/.local/lib/python3.8/site-packages/airflow/example_dags/example_python_operator.py
[2026-07-13T13:18:46.635+0000] {processor.py:830} INFO - Processing file /home/airflow/.local/lib/python3.8/site-packages/airflow/example_dags/example_python_operator.py for tasks to queue
[2026-07-13T13:18:46.637+0000] {logging_mixin.py:188} INFO - [2026-07-13T13:18:46.637+0000] {dagbag.py:538} INFO - Filling up the DagBag from /home/airflow/.local/lib/python3.8/site-packages/airflow/example_dags/example_python_operator.py
[2026-07-13T13:18:46.645+0000] {processor.py:840} INFO - DAG(s) 'example_python_operator' retrieved from /home/airflow/.local/lib/python3.8/site-packages/airflow/example_dags/example_python_operator.py
[2026-07-13T13:18:46.663+0000] {logging_mixin.py:188} INFO - [2026-07-13T13:18:46.663+0000] {dag.py:3036} INFO - Sync 1 DAGs
[2026-07-13T13:18:46.672+0000] {logging_mixin.py:188} INFO - [2026-07-13T13:18:46.672+0000] {dag.py:3823} INFO - Setting next_dagrun for example_python_operator to None, run_after=None
[2026-07-13T13:18:46.689+0000] {processor.py:183} INFO - Processing /home/airflow/.local/lib/python3.8/site-packages/airflow/example_dags/example_python_operator.py took 0.058 seconds
[2026-07-13T13:19:17.385+0000] {processor.py:161} INFO - Started process (PID=892) to work on /home/airflow/.local/lib/python3.8/site-packages/airflow/example_dags/example_python_operator.py
[2026-07-13T13:19:17.386+0000] {processor.py:830} INFO - Processing file /home/airflow/.local/lib/python3.8/site-packages/airflow/example_dags/example_python_operator.py for tasks to queue
[2026-07-13T13:19:17.387+0000] {logging_mixin.py:188} INFO - [2026-07-13T13:19:17.387+0000] {dagbag.py:538} INFO - Filling up the DagBag from /home/airflow/.local/lib/python3.8/site-packages/airflow/example_dags/example_python_operator.py
[2026-07-13T13:19:17.398+0000] {processor.py:840} INFO - DAG(s) 'example_python_operator' retrieved from /home/airflow/.local/lib/python3.8/site-packages/airflow/example_dags/example_python_operator.py
[2026-07-13T13:19:17.415+0000] {logging_mixin.py:188} INFO - [2026-07-13T13:19:17.415+0000] {dag.py:3036} INFO - Sync 1 DAGs
[2026-07-13T13:19:17.424+0000] {logging_mixin.py:188} INFO - [2026-07-13T13:19:17.424+0000] {dag.py:3823} INFO - Setting next_dagrun for example_python_operator to None, run_after=None
[2026-07-13T13:19:17.439+0000] {processor.py:183} INFO - Processing /home/airflow/.local/lib/python3.8/site-packages/airflow/example_dags/example_python_operator.py took 0.057 seconds
[2026-07-13T13:19:47.632+0000] {processor.py:161} INFO - Started process (PID=948) to work on /home/airflow/.local/lib/python3.8/site-packages/airflow/example_dags/example_python_operator.py
[2026-07-13T13:19:47.633+0000] {processor.py:830} INFO - Processing file /home/airflow/.local/lib/python3.8/site-packages/airflow/example_dags/example_python_operator.py for tasks to queue
[2026-07-13T13:19:47.634+0000] {logging_mixin.py:188} INFO - [2026-07-13T13:19:47.634+0000] {dagbag.py:538} INFO - Filling up the DagBag from /home/airflow/.local/lib/python3.8/site-packages/airflow/example_dags/example_python_operator.py
[2026-07-13T13:19:47.642+0000] {processor.py:840} INFO - DAG(s) 'example_python_operator' retrieved from /home/airflow/.local/lib/python3.8/site-packages/airflow/example_dags/example_python_operator.py
[2026-07-13T13:19:47.660+0000] {logging_mixin.py:188} INFO - [2026-07-13T13:19:47.660+0000] {dag.py:3036} INFO - Sync 1 DAGs
[2026-07-13T13:19:47.672+0000] {logging_mixin.py:188} INFO - [2026-07-13T13:19:47.672+0000] {dag.py:3823} INFO - Setting next_dagrun for example_python_operator to None, run_after=None
[2026-07-13T13:19:47.688+0000] {processor.py:183} INFO - Processing /home/airflow/.local/lib/python3.8/site-packages/airflow/example_dags/example_python_operator.py took 0.060 seconds
[2026-07-13T13:20:18.626+0000] {processor.py:161} INFO - Started process (PID=1004) to work on /home/airflow/.local/lib/python3.8/site-packages/airflow/example_dags/example_python_operator.py
[2026-07-13T13:20:18.627+0000] {processor.py:830} INFO - Processing file /home/airflow/.local/lib/python3.8/site-packages/airflow/example_dags/example_python_operator.py for tasks to queue
[2026-07-13T13:20:18.628+0000] {logging_mixin.py:188} INFO - [2026-07-13T13:20:18.628+0000] {dagbag.py:538} INFO - Filling up the DagBag from /home/airflow/.local/lib/python3.8/site-packages/airflow/example_dags/example_python_operator.py
[2026-07-13T13:20:18.636+0000] {processor.py:840} INFO - DAG(s) 'example_python_operator' retrieved from /home/airflow/.local/lib/python3.8/site-packages/airflow/example_dags/example_python_operator.py
[2026-07-13T13:20:18.653+0000] {logging_mixin.py:188} INFO - [2026-07-13T13:20:18.652+0000] {dag.py:3036} INFO - Sync 1 DAGs
[2026-07-13T13:20:18.661+0000] {logging_mixin.py:188} INFO - [2026-07-13T13:20:18.660+0000] {dag.py:3823} INFO - Setting next_dagrun for example_python_operator to None, run_after=None
[2026-07-13T13:20:18.674+0000] {processor.py:183} INFO - Processing /home/airflow/.local/lib/python3.8/site-packages/airflow/example_dags/example_python_operator.py took 0.051 seconds
[2026-07-13T13:20:49.202+0000] {processor.py:161} INFO - Started process (PID=1060) to work on /home/airflow/.local/lib/python3.8/site-packages/airflow/example_dags/example_python_operator.py
[2026-07-13T13:20:49.203+0000] {processor.py:830} INFO - Processing file /home/airflow/.local/lib/python3.8/site-packages/airflow/example_dags/example_python_operator.py for tasks to queue
[2026-07-13T13:20:49.204+0000] {logging_mixin.py:188} INFO - [2026-07-13T13:20:49.204+0000] {dagbag.py:538} INFO - Filling up the DagBag from /home/airflow/.local/lib/python3.8/site-packages/airflow/example_dags/example_python_operator.py
[2026-07-13T13:20:49.212+0000] {processor.py:840} INFO - DAG(s) 'example_python_operator' retrieved from /home/airflow/.local/lib/python3.8/site-packages/airflow/example_dags/example_python_operator.py
[2026-07-13T13:20:49.227+0000] {logging_mixin.py:188} INFO - [2026-07-13T13:20:49.227+0000] {dag.py:3036} INFO - Sync 1 DAGs
[2026-07-13T13:20:49.236+0000] {logging_mixin.py:188} INFO - [2026-07-13T13:20:49.235+0000] {dag.py:3823} INFO - Setting next_dagrun for example_python_operator to None, run_after=None
[2026-07-13T13:20:49.250+0000] {processor.py:183} INFO - Processing /home/airflow/.local/lib/python3.8/site-packages/airflow/example_dags/example_python_operator.py took 0.051 seconds
[2026-07-13T13:21:19.635+0000] {processor.py:161} INFO - Started process (PID=1116) to work on /home/airflow/.local/lib/python3.8/site-packages/airflow/example_dags/example_python_operator.py
[2026-07-13T13:21:19.638+0000] {processor.py:830} INFO - Processing file /home/airflow/.local/lib/python3.8/site-packages/airflow/example_dags/example_python_operator.py for tasks to queue
[2026-07-13T13:21:19.641+0000] {logging_mixin.py:188} INFO - [2026-07-13T13:21:19.640+0000] {dagbag.py:538} INFO - Filling up the DagBag from /home/airflow/.local/lib/python3.8/site-packages/airflow/example_dags/example_python_operator.py
[2026-07-13T13:21:19.656+0000] {processor.py:840} INFO - DAG(s) 'example_python_operator' retrieved from /home/airflow/.local/lib/python3.8/site-packages/airflow/example_dags/example_python_operator.py
[2026-07-13T13:21:19.681+0000] {logging_mixin.py:188} INFO - [2026-07-13T13:21:19.680+0000] {dag.py:3036} INFO - Sync 1 DAGs
[2026-07-13T13:21:19.691+0000] {logging_mixin.py:188} INFO - [2026-07-13T13:21:19.690+0000] {dag.py:3823} INFO - Setting next_dagrun for example_python_operator to None, run_after=None
[2026-07-13T13:21:19.714+0000] {processor.py:183} INFO - Processing /home/airflow/.local/lib/python3.8/site-packages/airflow/example_dags/example_python_operator.py took 0.084 seconds
[2026-07-13T13:21:49.819+0000] {processor.py:161} INFO - Started process (PID=1172) to work on /home/airflow/.local/lib/python3.8/site-packages/airflow/example_dags/example_python_operator.py
[2026-07-13T13:21:49.820+0000] {processor.py:830} INFO - Processing file /home/airflow/.local/lib/python3.8/site-packages/airflow/example_dags/example_python_operator.py for tasks to queue
[2026-07-13T13:21:49.821+0000] {logging_mixin.py:188} INFO - [2026-07-13T13:21:49.821+0000] {dagbag.py:538} INFO - Filling up the DagBag from /home/airflow/.local/lib/python3.8/site-packages/airflow/example_dags/example_python_operator.py
[2026-07-13T13:21:49.829+0000] {processor.py:840} INFO - DAG(s) 'example_python_operator' retrieved from /home/airflow/.local/lib/python3.8/site-packages/airflow/example_dags/example_python_operator.py
[2026-07-13T13:21:49.845+0000] {logging_mixin.py:188} INFO - [2026-07-13T13:21:49.845+0000] {dag.py:3036} INFO - Sync 1 DAGs
[2026-07-13T13:21:49.853+0000] {logging_mixin.py:188} INFO - [2026-07-13T13:21:49.853+0000] {dag.py:3823} INFO - Setting next_dagrun for example_python_operator to None, run_after=None
[2026-07-13T13:21:49.868+0000] {processor.py:183} INFO - Processing /home/airflow/.local/lib/python3.8/site-packages/airflow/example_dags/example_python_operator.py took 0.052 seconds
[2026-07-13T13:22:19.899+0000] {processor.py:161} INFO - Started process (PID=1227) to work on /home/airflow/.local/lib/python3.8/site-packages/airflow/example_dags/example_python_operator.py
[2026-07-13T13:22:19.900+0000] {processor.py:830} INFO - Processing file /home/airflow/.local/lib/python3.8/site-packages/airflow/example_dags/example_python_operator.py for tasks to queue
[2026-07-13T13:22:19.901+0000] {logging_mixin.py:188} INFO - [2026-07-13T13:22:19.901+0000] {dagbag.py:538} INFO - Filling up the DagBag from /home/airflow/.local/lib/python3.8/site-packages/airflow/example_dags/example_python_operator.py
[2026-07-13T13:22:19.911+0000] {processor.py:840} INFO - DAG(s) 'example_python_operator' retrieved from /home/airflow/.local/lib/python3.8/site-packages/airflow/example_dags/example_python_operator.py
[2026-07-13T13:22:19.928+0000] {logging_mixin.py:188} INFO - [2026-07-13T13:22:19.927+0000] {dag.py:3036} INFO - Sync 1 DAGs
[2026-07-13T13:22:19.936+0000] {logging_mixin.py:188} INFO - [2026-07-13T13:22:19.935+0000] {dag.py:3823} INFO - Setting next_dagrun for example_python_operator to None, run_after=None
[2026-07-13T13:22:19.951+0000] {processor.py:183} INFO - Processing /home/airflow/.local/lib/python3.8/site-packages/airflow/example_dags/example_python_operator.py took 0.056 seconds
[2026-07-13T13:22:50.921+0000] {processor.py:161} INFO - Started process (PID=1284) to work on /home/airflow/.local/lib/python3.8/site-packages/airflow/example_dags/example_python_operator.py
[2026-07-13T13:22:50.922+0000] {processor.py:830} INFO - Processing file /home/airflow/.local/lib/python3.8/site-packages/airflow/example_dags/example_python_operator.py for tasks to queue
[2026-07-13T13:22:50.923+0000] {logging_mixin.py:188} INFO - [2026-07-13T13:22:50.923+0000] {dagbag.py:538} INFO - Filling up the DagBag from /home/airflow/.local/lib/python3.8/site-packages/airflow/example_dags/example_python_operator.py
[2026-07-13T13:22:50.931+0000] {processor.py:840} INFO - DAG(s) 'example_python_operator' retrieved from /home/airflow/.local/lib/python3.8/site-packages/airflow/example_dags/example_python_operator.py
[2026-07-13T13:22:50.948+0000] {logging_mixin.py:188} INFO - [2026-07-13T13:22:50.948+0000] {dag.py:3036} INFO - Sync 1 DAGs
[2026-07-13T13:22:50.956+0000] {logging_mixin.py:188} INFO - [2026-07-13T13:22:50.956+0000] {dag.py:3823} INFO - Setting next_dagrun for example_python_operator to None, run_after=None
[2026-07-13T13:22:50.969+0000] {processor.py:183} INFO - Processing /home/airflow/.local/lib/python3.8/site-packages/airflow/example_dags/example_python_operator.py took 0.051 seconds
[2026-07-13T13:23:21.603+0000] {processor.py:161} INFO - Started process (PID=1340) to work on /home/airflow/.local/lib/python3.8/site-packages/airflow/example_dags/example_python_operator.py
[2026-07-13T13:23:21.604+0000] {processor.py:830} INFO - Processing file /home/airflow/.local/lib/python3.8/site-packages/airflow/example_dags/example_python_operator.py for tasks to queue
[2026-07-13T13:23:21.605+0000] {logging_mixin.py:188} INFO - [2026-07-13T13:23:21.605+0000] {dagbag.py:538} INFO - Filling up the DagBag from /home/airflow/.local/lib/python3.8/site-packages/airflow/example_dags/example_python_operator.py
[2026-07-13T13:23:21.611+0000] {processor.py:840} INFO - DAG(s) 'example_python_operator' retrieved from /home/airflow/.local/lib/python3.8/site-packages/airflow/example_dags/example_python_operator.py
[2026-07-13T13:23:21.627+0000] {logging_mixin.py:188} INFO - [2026-07-13T13:23:21.627+0000] {dag.py:3036} INFO - Sync 1 DAGs
[2026-07-13T13:23:21.635+0000] {logging_mixin.py:188} INFO - [2026-07-13T13:23:21.635+0000] {dag.py:3823} INFO - Setting next_dagrun for example_python_operator to None, run_after=None
[2026-07-13T13:23:21.650+0000] {processor.py:183} INFO - Processing /home/airflow/.local/lib/python3.8/site-packages/airflow/example_dags/example_python_operator.py took 0.050 seconds
[2026-07-13T13:23:51.928+0000] {processor.py:161} INFO - Started process (PID=1396) to work on /home/airflow/.local/lib/python3.8/site-packages/airflow/example_dags/example_python_operator.py
[2026-07-13T13:23:51.929+0000] {processor.py:830} INFO - Processing file /home/airflow/.local/lib/python3.8/site-packages/airflow/example_dags/example_python_operator.py for tasks to queue
[2026-07-13T13:23:51.930+0000] {logging_mixin.py:188} INFO - [2026-07-13T13:23:51.930+0000] {dagbag.py:538} INFO - Filling up the DagBag from /home/airflow/.local/lib/python3.8/site-packages/airflow/example_dags/example_python_operator.py
[2026-07-13T13:23:51.938+0000] {processor.py:840} INFO - DAG(s) 'example_python_operator' retrieved from /home/airflow/.local/lib/python3.8/site-packages/airflow/example_dags/example_python_operator.py
[2026-07-13T13:23:51.955+0000] {logging_mixin.py:188} INFO - [2026-07-13T13:23:51.955+0000] {dag.py:3036} INFO - Sync 1 DAGs
[2026-07-13T13:23:51.963+0000] {logging_mixin.py:188} INFO - [2026-07-13T13:23:51.963+0000] {dag.py:3823} INFO - Setting next_dagrun for example_python_operator to None, run_after=None
[2026-07-13T13:23:51.978+0000] {processor.py:183} INFO - Processing /home/airflow/.local/lib/python3.8/site-packages/airflow/example_dags/example_python_operator.py took 0.052 seconds
[2026-07-13T13:24:22.520+0000] {processor.py:161} INFO - Started process (PID=1452) to work on /home/airflow/.local/lib/python3.8/site-packages/airflow/example_dags/example_python_operator.py
[2026-07-13T13:24:22.521+0000] {processor.py:830} INFO - Processing file /home/airflow/.local/lib/python3.8/site-packages/airflow/example_dags/example_python_operator.py for tasks to queue
[2026-07-13T13:24:22.522+0000] {logging_mixin.py:188} INFO - [2026-07-13T13:24:22.522+0000] {dagbag.py:538} INFO - Filling up the DagBag from /home/airflow/.local/lib/python3.8/site-packages/airflow/example_dags/example_python_operator.py
[2026-07-13T13:24:22.530+0000] {processor.py:840} INFO - DAG(s) 'example_python_operator' retrieved from /home/airflow/.local/lib/python3.8/site-packages/airflow/example_dags/example_python_operator.py
[2026-07-13T13:24:22.549+0000] {logging_mixin.py:188} INFO - [2026-07-13T13:24:22.549+0000] {dag.py:3036} INFO - Sync 1 DAGs
[2026-07-13T13:24:22.560+0000] {logging_mixin.py:188} INFO - [2026-07-13T13:24:22.560+0000] {dag.py:3823} INFO - Setting next_dagrun for example_python_operator to None, run_after=None
[2026-07-13T13:24:22.572+0000] {processor.py:183} INFO - Processing /home/airflow/.local/lib/python3.8/site-packages/airflow/example_dags/example_python_operator.py took 0.055 seconds
[2026-07-13T13:24:52.881+0000] {processor.py:161} INFO - Started process (PID=1508) to work on /home/airflow/.local/lib/python3.8/site-packages/airflow/example_dags/example_python_operator.py
[2026-07-13T13:24:52.882+0000] {processor.py:830} INFO - Processing file /home/airflow/.local/lib/python3.8/site-packages/airflow/example_dags/example_python_operator.py for tasks to queue
[2026-07-13T13:24:52.884+0000] {logging_mixin.py:188} INFO - [2026-07-13T13:24:52.883+0000] {dagbag.py:538} INFO - Filling up the DagBag from /home/airflow/.local/lib/python3.8/site-packages/airflow/example_dags/example_python_operator.py
[2026-07-13T13:24:52.891+0000] {processor.py:840} INFO - DAG(s) 'example_python_operator' retrieved from /home/airflow/.local/lib/python3.8/site-packages/airflow/example_dags/example_python_operator.py
[2026-07-13T13:24:52.907+0000] {logging_mixin.py:188} INFO - [2026-07-13T13:24:52.907+0000] {dag.py:3036} INFO - Sync 1 DAGs
[2026-07-13T13:24:52.914+0000] {logging_mixin.py:188} INFO - [2026-07-13T13:24:52.914+0000] {dag.py:3823} INFO - Setting next_dagrun for example_python_operator to None, run_after=None
[2026-07-13T13:24:52.928+0000] {processor.py:183} INFO - Processing /home/airflow/.local/lib/python3.8/site-packages/airflow/example_dags/example_python_operator.py took 0.049 seconds
[2026-07-13T13:25:23.436+0000] {processor.py:161} INFO - Started process (PID=1564) to work on /home/airflow/.local/lib/python3.8/site-packages/airflow/example_dags/example_python_operator.py
[2026-07-13T13:25:23.437+0000] {processor.py:830} INFO - Processing file /home/airflow/.local/lib/python3.8/site-packages/airflow/example_dags/example_python_operator.py for tasks to queue
[2026-07-13T13:25:23.438+0000] {logging_mixin.py:188} INFO - [2026-07-13T13:25:23.438+0000] {dagbag.py:538} INFO - Filling up the DagBag from /home/airflow/.local/lib/python3.8/site-packages/airflow/example_dags/example_python_operator.py
[2026-07-13T13:25:23.446+0000] {processor.py:840} INFO - DAG(s) 'example_python_operator' retrieved from /home/airflow/.local/lib/python3.8/site-packages/airflow/example_dags/example_python_operator.py
[2026-07-13T13:25:23.461+0000] {logging_mixin.py:188} INFO - [2026-07-13T13:25:23.461+0000] {dag.py:3036} INFO - Sync 1 DAGs
[2026-07-13T13:25:23.468+0000] {logging_mixin.py:188} INFO - [2026-07-13T13:25:23.468+0000] {dag.py:3823} INFO - Setting next_dagrun for example_python_operator to None, run_after=None
[2026-07-13T13:25:23.481+0000] {processor.py:183} INFO - Processing /home/airflow/.local/lib/python3.8/site-packages/airflow/example_dags/example_python_operator.py took 0.048 seconds
[2026-07-13T13:25:53.984+0000] {processor.py:161} INFO - Started process (PID=1614) to work on /home/airflow/.local/lib/python3.8/site-packages/airflow/example_dags/example_python_operator.py
[2026-07-13T13:25:53.985+0000] {processor.py:830} INFO - Processing file /home/airflow/.local/lib/python3.8/site-packages/airflow/example_dags/example_python_operator.py for tasks to queue
[2026-07-13T13:25:53.987+0000] {logging_mixin.py:188} INFO - [2026-07-13T13:25:53.986+0000] {dagbag.py:538} INFO - Filling up the DagBag from /home/airflow/.local/lib/python3.8/site-packages/airflow/example_dags/example_python_operator.py
[2026-07-13T13:25:53.995+0000] {processor.py:840} INFO - DAG(s) 'example_python_operator' retrieved from /home/airflow/.local/lib/python3.8/site-packages/airflow/example_dags/example_python_operator.py
[2026-07-13T13:25:54.014+0000] {logging_mixin.py:188} INFO - [2026-07-13T13:25:54.014+0000] {dag.py:3036} INFO - Sync 1 DAGs
[2026-07-13T13:25:54.023+0000] {logging_mixin.py:188} INFO - [2026-07-13T13:25:54.023+0000] {dag.py:3823} INFO - Setting next_dagrun for example_python_operator to None, run_after=None
[2026-07-13T13:25:54.037+0000] {processor.py:183} INFO - Processing /home/airflow/.local/lib/python3.8/site-packages/airflow/example_dags/example_python_operator.py took 0.057 seconds
[2026-07-13T13:26:27.456+0000] {processor.py:161} INFO - Started process (PID=1676) to work on /home/airflow/.local/lib/python3.8/site-packages/airflow/example_dags/example_python_operator.py
[2026-07-13T13:26:27.460+0000] {processor.py:830} INFO - Processing file /home/airflow/.local/lib/python3.8/site-packages/airflow/example_dags/example_python_operator.py for tasks to queue
[2026-07-13T13:26:27.466+0000] {logging_mixin.py:188} INFO - [2026-07-13T13:26:27.465+0000] {dagbag.py:538} INFO - Filling up the DagBag from /home/airflow/.local/lib/python3.8/site-packages/airflow/example_dags/example_python_operator.py
[2026-07-13T13:26:27.486+0000] {processor.py:840} INFO - DAG(s) 'example_python_operator' retrieved from /home/airflow/.local/lib/python3.8/site-packages/airflow/example_dags/example_python_operator.py
[2026-07-13T13:26:27.553+0000] {logging_mixin.py:188} INFO - [2026-07-13T13:26:27.552+0000] {dag.py:3036} INFO - Sync 1 DAGs
[2026-07-13T13:26:27.598+0000] {logging_mixin.py:188} INFO - [2026-07-13T13:26:27.592+0000] {dag.py:3823} INFO - Setting next_dagrun for example_python_operator to None, run_after=None
[2026-07-13T13:26:27.650+0000] {processor.py:183} INFO - Processing /home/airflow/.local/lib/python3.8/site-packages/airflow/example_dags/example_python_operator.py took 0.201 seconds
[2026-07-13T13:26:59.966+0000] {processor.py:161} INFO - Started process (PID=1732) to work on /home/airflow/.local/lib/python3.8/site-packages/airflow/example_dags/example_python_operator.py
[2026-07-13T13:26:59.967+0000] {processor.py:830} INFO - Processing file /home/airflow/.local/lib/python3.8/site-packages/airflow/example_dags/example_python_operator.py for tasks to queue
[2026-07-13T13:26:59.969+0000] {logging_mixin.py:188} INFO - [2026-07-13T13:26:59.969+0000] {dagbag.py:538} INFO - Filling up the DagBag from /home/airflow/.local/lib/python3.8/site-packages/airflow/example_dags/example_python_operator.py
[2026-07-13T13:26:59.977+0000] {processor.py:840} INFO - DAG(s) 'example_python_operator' retrieved from /home/airflow/.local/lib/python3.8/site-packages/airflow/example_dags/example_python_operator.py
[2026-07-13T13:27:00.119+0000] {logging_mixin.py:188} INFO - [2026-07-13T13:27:00.118+0000] {dag.py:3036} INFO - Sync 1 DAGs
[2026-07-13T13:27:00.131+0000] {logging_mixin.py:188} INFO - [2026-07-13T13:27:00.130+0000] {dag.py:3823} INFO - Setting next_dagrun for example_python_operator to None, run_after=None
[2026-07-13T13:27:00.162+0000] {processor.py:183} INFO - Processing /home/airflow/.local/lib/python3.8/site-packages/airflow/example_dags/example_python_operator.py took 0.199 seconds
[2026-07-13T13:27:30.958+0000] {processor.py:161} INFO - Started process (PID=1782) to work on /home/airflow/.local/lib/python3.8/site-packages/airflow/example_dags/example_python_operator.py
[2026-07-13T13:27:30.959+0000] {processor.py:830} INFO - Processing file /home/airflow/.local/lib/python3.8/site-packages/airflow/example_dags/example_python_operator.py for tasks to queue
[2026-07-13T13:27:30.961+0000] {logging_mixin.py:188} INFO - [2026-07-13T13:27:30.961+0000] {dagbag.py:538} INFO - Filling up the DagBag from /home/airflow/.local/lib/python3.8/site-packages/airflow/example_dags/example_python_operator.py
[2026-07-13T13:27:30.969+0000] {processor.py:840} INFO - DAG(s) 'example_python_operator' retrieved from /home/airflow/.local/lib/python3.8/site-packages/airflow/example_dags/example_python_operator.py
[2026-07-13T13:27:30.984+0000] {logging_mixin.py:188} INFO - [2026-07-13T13:27:30.984+0000] {dag.py:3036} INFO - Sync 1 DAGs
[2026-07-13T13:27:30.992+0000] {logging_mixin.py:188} INFO - [2026-07-13T13:27:30.992+0000] {dag.py:3823} INFO - Setting next_dagrun for example_python_operator to None, run_after=None
[2026-07-13T13:27:31.106+0000] {processor.py:183} INFO - Processing /home/airflow/.local/lib/python3.8/site-packages/airflow/example_dags/example_python_operator.py took 0.150 seconds
[2026-07-13T13:28:01.737+0000] {processor.py:161} INFO - Started process (PID=1838) to work on /home/airflow/.local/lib/python3.8/site-packages/airflow/example_dags/example_python_operator.py
[2026-07-13T13:28:01.738+0000] {processor.py:830} INFO - Processing file /home/airflow/.local/lib/python3.8/site-packages/airflow/example_dags/example_python_operator.py for tasks to queue
[2026-07-13T13:28:01.740+0000] {logging_mixin.py:188} INFO - [2026-07-13T13:28:01.740+0000] {dagbag.py:538} INFO - Filling up the DagBag from /home/airflow/.local/lib/python3.8/site-packages/airflow/example_dags/example_python_operator.py
[2026-07-13T13:28:01.749+0000] {processor.py:840} INFO - DAG(s) 'example_python_operator' retrieved from /home/airflow/.local/lib/python3.8/site-packages/airflow/example_dags/example_python_operator.py
[2026-07-13T13:28:01.775+0000] {logging_mixin.py:188} INFO - [2026-07-13T13:28:01.775+0000] {dag.py:3036} INFO - Sync 1 DAGs
[2026-07-13T13:28:01.793+0000] {logging_mixin.py:188} INFO - [2026-07-13T13:28:01.793+0000] {dag.py:3823} INFO - Setting next_dagrun for example_python_operator to None, run_after=None
[2026-07-13T13:28:01.829+0000] {processor.py:183} INFO - Processing /home/airflow/.local/lib/python3.8/site-packages/airflow/example_dags/example_python_operator.py took 0.095 seconds
[2026-07-13T13:28:33.033+0000] {processor.py:161} INFO - Started process (PID=1894) to work on /home/airflow/.local/lib/python3.8/site-packages/airflow/example_dags/example_python_operator.py
[2026-07-13T13:28:33.034+0000] {processor.py:830} INFO - Processing file /home/airflow/.local/lib/python3.8/site-packages/airflow/example_dags/example_python_operator.py for tasks to queue
[2026-07-13T13:28:33.035+0000] {logging_mixin.py:188} INFO - [2026-07-13T13:28:33.035+0000] {dagbag.py:538} INFO - Filling up the DagBag from /home/airflow/.local/lib/python3.8/site-packages/airflow/example_dags/example_python_operator.py
[2026-07-13T13:28:33.042+0000] {processor.py:840} INFO - DAG(s) 'example_python_operator' retrieved from /home/airflow/.local/lib/python3.8/site-packages/airflow/example_dags/example_python_operator.py
[2026-07-13T13:28:33.057+0000] {logging_mixin.py:188} INFO - [2026-07-13T13:28:33.057+0000] {dag.py:3036} INFO - Sync 1 DAGs
[2026-07-13T13:28:33.065+0000] {logging_mixin.py:188} INFO - [2026-07-13T13:28:33.065+0000] {dag.py:3823} INFO - Setting next_dagrun for example_python_operator to None, run_after=None
[2026-07-13T13:28:33.076+0000] {processor.py:183} INFO - Processing /home/airflow/.local/lib/python3.8/site-packages/airflow/example_dags/example_python_operator.py took 0.047 seconds
[2026-07-13T13:29:05.053+0000] {processor.py:161} INFO - Started process (PID=1950) to work on /home/airflow/.local/lib/python3.8/site-packages/airflow/example_dags/example_python_operator.py
[2026-07-13T13:29:05.054+0000] {processor.py:830} INFO - Processing file /home/airflow/.local/lib/python3.8/site-packages/airflow/example_dags/example_python_operator.py for tasks to queue
[2026-07-13T13:29:05.055+0000] {logging_mixin.py:188} INFO - [2026-07-13T13:29:05.055+0000] {dagbag.py:538} INFO - Filling up the DagBag from /home/airflow/.local/lib/python3.8/site-packages/airflow/example_dags/example_python_operator.py
[2026-07-13T13:29:05.065+0000] {processor.py:840} INFO - DAG(s) 'example_python_operator' retrieved from /home/airflow/.local/lib/python3.8/site-packages/airflow/example_dags/example_python_operator.py
[2026-07-13T13:29:05.082+0000] {logging_mixin.py:188} INFO - [2026-07-13T13:29:05.082+0000] {dag.py:3036} INFO - Sync 1 DAGs
[2026-07-13T13:29:05.091+0000] {logging_mixin.py:188} INFO - [2026-07-13T13:29:05.091+0000] {dag.py:3823} INFO - Setting next_dagrun for example_python_operator to None, run_after=None
[2026-07-13T13:29:05.104+0000] {processor.py:183} INFO - Processing /home/airflow/.local/lib/python3.8/site-packages/airflow/example_dags/example_python_operator.py took 0.054 seconds
[2026-07-13T13:33:34.012+0000] {processor.py:161} INFO - Started process (PID=92) to work on /home/airflow/.local/lib/python3.8/site-packages/airflow/example_dags/example_python_operator.py
[2026-07-13T13:33:34.013+0000] {processor.py:830} INFO - Processing file /home/airflow/.local/lib/python3.8/site-packages/airflow/example_dags/example_python_operator.py for tasks to queue
[2026-07-13T13:33:34.015+0000] {logging_mixin.py:188} INFO - [2026-07-13T13:33:34.015+0000] {dagbag.py:538} INFO - Filling up the DagBag from /home/airflow/.local/lib/python3.8/site-packages/airflow/example_dags/example_python_operator.py
[2026-07-13T13:33:34.025+0000] {processor.py:840} INFO - DAG(s) 'example_python_operator' retrieved from /home/airflow/.local/lib/python3.8/site-packages/airflow/example_dags/example_python_operator.py
[2026-07-13T13:33:34.111+0000] {logging_mixin.py:188} INFO - [2026-07-13T13:33:34.111+0000] {dag.py:3036} INFO - Sync 1 DAGs
[2026-07-13T13:33:34.122+0000] {logging_mixin.py:188} INFO - [2026-07-13T13:33:34.122+0000] {dag.py:3823} INFO - Setting next_dagrun for example_python_operator to None, run_after=None
[2026-07-13T13:33:34.153+0000] {processor.py:183} INFO - Processing /home/airflow/.local/lib/python3.8/site-packages/airflow/example_dags/example_python_operator.py took 0.144 seconds
[2026-07-13T13:35:32.096+0000] {processor.py:161} INFO - Started process (PID=100) to work on /home/airflow/.local/lib/python3.8/site-packages/airflow/example_dags/example_python_operator.py
[2026-07-13T13:35:32.097+0000] {processor.py:830} INFO - Processing file /home/airflow/.local/lib/python3.8/site-packages/airflow/example_dags/example_python_operator.py for tasks to queue
[2026-07-13T13:35:32.098+0000] {logging_mixin.py:188} INFO - [2026-07-13T13:35:32.098+0000] {dagbag.py:538} INFO - Filling up the DagBag from /home/airflow/.local/lib/python3.8/site-packages/airflow/example_dags/example_python_operator.py
[2026-07-13T13:35:32.107+0000] {processor.py:840} INFO - DAG(s) 'example_python_operator' retrieved from /home/airflow/.local/lib/python3.8/site-packages/airflow/example_dags/example_python_operator.py
[2026-07-13T13:35:32.119+0000] {logging_mixin.py:188} INFO - [2026-07-13T13:35:32.119+0000] {dag.py:3036} INFO - Sync 1 DAGs
[2026-07-13T13:35:32.130+0000] {logging_mixin.py:188} INFO - [2026-07-13T13:35:32.130+0000] {dag.py:3823} INFO - Setting next_dagrun for example_python_operator to None, run_after=None
[2026-07-13T13:35:32.149+0000] {processor.py:183} INFO - Processing /home/airflow/.local/lib/python3.8/site-packages/airflow/example_dags/example_python_operator.py took 0.056 seconds
[2026-07-13T13:36:03.110+0000] {processor.py:161} INFO - Started process (PID=156) to work on /home/airflow/.local/lib/python3.8/site-packages/airflow/example_dags/example_python_operator.py
[2026-07-13T13:36:03.111+0000] {processor.py:830} INFO - Processing file /home/airflow/.local/lib/python3.8/site-packages/airflow/example_dags/example_python_operator.py for tasks to queue
[2026-07-13T13:36:03.112+0000] {logging_mixin.py:188} INFO - [2026-07-13T13:36:03.112+0000] {dagbag.py:538} INFO - Filling up the DagBag from /home/airflow/.local/lib/python3.8/site-packages/airflow/example_dags/example_python_operator.py
[2026-07-13T13:36:03.120+0000] {processor.py:840} INFO - DAG(s) 'example_python_operator' retrieved from /home/airflow/.local/lib/python3.8/site-packages/airflow/example_dags/example_python_operator.py
[2026-07-13T13:36:03.181+0000] {logging_mixin.py:188} INFO - [2026-07-13T13:36:03.181+0000] {dag.py:3036} INFO - Sync 1 DAGs
[2026-07-13T13:36:03.188+0000] {logging_mixin.py:188} INFO - [2026-07-13T13:36:03.188+0000] {dag.py:3823} INFO - Setting next_dagrun for example_python_operator to None, run_after=None
[2026-07-13T13:36:03.205+0000] {processor.py:183} INFO - Processing /home/airflow/.local/lib/python3.8/site-packages/airflow/example_dags/example_python_operator.py took 0.098 seconds
[2026-07-13T13:36:33.911+0000] {processor.py:161} INFO - Started process (PID=212) to work on /home/airflow/.local/lib/python3.8/site-packages/airflow/example_dags/example_python_operator.py
[2026-07-13T13:36:33.912+0000] {processor.py:830} INFO - Processing file /home/airflow/.local/lib/python3.8/site-packages/airflow/example_dags/example_python_operator.py for tasks to queue
[2026-07-13T13:36:33.913+0000] {logging_mixin.py:188} INFO - [2026-07-13T13:36:33.913+0000] {dagbag.py:538} INFO - Filling up the DagBag from /home/airflow/.local/lib/python3.8/site-packages/airflow/example_dags/example_python_operator.py
[2026-07-13T13:36:33.921+0000] {processor.py:840} INFO - DAG(s) 'example_python_operator' retrieved from /home/airflow/.local/lib/python3.8/site-packages/airflow/example_dags/example_python_operator.py
[2026-07-13T13:36:33.937+0000] {logging_mixin.py:188} INFO - [2026-07-13T13:36:33.937+0000] {dag.py:3036} INFO - Sync 1 DAGs
[2026-07-13T13:36:33.947+0000] {logging_mixin.py:188} INFO - [2026-07-13T13:36:33.947+0000] {dag.py:3823} INFO - Setting next_dagrun for example_python_operator to None, run_after=None
[2026-07-13T13:36:33.972+0000] {processor.py:183} INFO - Processing /home/airflow/.local/lib/python3.8/site-packages/airflow/example_dags/example_python_operator.py took 0.063 seconds
[2026-07-13T13:37:04.279+0000] {processor.py:161} INFO - Started process (PID=262) to work on /home/airflow/.local/lib/python3.8/site-packages/airflow/example_dags/example_python_operator.py
[2026-07-13T13:37:04.280+0000] {processor.py:830} INFO - Processing file /home/airflow/.local/lib/python3.8/site-packages/airflow/example_dags/example_python_operator.py for tasks to queue
[2026-07-13T13:37:04.281+0000] {logging_mixin.py:188} INFO - [2026-07-13T13:37:04.281+0000] {dagbag.py:538} INFO - Filling up the DagBag from /home/airflow/.local/lib/python3.8/site-packages/airflow/example_dags/example_python_operator.py
[2026-07-13T13:37:04.291+0000] {processor.py:840} INFO - DAG(s) 'example_python_operator' retrieved from /home/airflow/.local/lib/python3.8/site-packages/airflow/example_dags/example_python_operator.py
[2026-07-13T13:37:04.308+0000] {logging_mixin.py:188} INFO - [2026-07-13T13:37:04.307+0000] {dag.py:3036} INFO - Sync 1 DAGs
[2026-07-13T13:37:04.316+0000] {logging_mixin.py:188} INFO - [2026-07-13T13:37:04.316+0000] {dag.py:3823} INFO - Setting next_dagrun for example_python_operator to None, run_after=None
[2026-07-13T13:37:04.331+0000] {processor.py:183} INFO - Processing /home/airflow/.local/lib/python3.8/site-packages/airflow/example_dags/example_python_operator.py took 0.054 seconds
[2026-07-13T13:37:34.577+0000] {processor.py:161} INFO - Started process (PID=318) to work on /home/airflow/.local/lib/python3.8/site-packages/airflow/example_dags/example_python_operator.py
[2026-07-13T13:37:34.578+0000] {processor.py:830} INFO - Processing file /home/airflow/.local/lib/python3.8/site-packages/airflow/example_dags/example_python_operator.py for tasks to queue
[2026-07-13T13:37:34.579+0000] {logging_mixin.py:188} INFO - [2026-07-13T13:37:34.579+0000] {dagbag.py:538} INFO - Filling up the DagBag from /home/airflow/.local/lib/python3.8/site-packages/airflow/example_dags/example_python_operator.py
[2026-07-13T13:37:34.588+0000] {processor.py:840} INFO - DAG(s) 'example_python_operator' retrieved from /home/airflow/.local/lib/python3.8/site-packages/airflow/example_dags/example_python_operator.py
[2026-07-13T13:37:34.605+0000] {logging_mixin.py:188} INFO - [2026-07-13T13:37:34.605+0000] {dag.py:3036} INFO - Sync 1 DAGs
[2026-07-13T13:37:34.613+0000] {logging_mixin.py:188} INFO - [2026-07-13T13:37:34.613+0000] {dag.py:3823} INFO - Setting next_dagrun for example_python_operator to None, run_after=None
[2026-07-13T13:37:34.628+0000] {processor.py:183} INFO - Processing /home/airflow/.local/lib/python3.8/site-packages/airflow/example_dags/example_python_operator.py took 0.054 seconds
[2026-07-13T13:38:05.377+0000] {processor.py:161} INFO - Started process (PID=374) to work on /home/airflow/.local/lib/python3.8/site-packages/airflow/example_dags/example_python_operator.py
[2026-07-13T13:38:05.378+0000] {processor.py:830} INFO - Processing file /home/airflow/.local/lib/python3.8/site-packages/airflow/example_dags/example_python_operator.py for tasks to queue
[2026-07-13T13:38:05.380+0000] {logging_mixin.py:188} INFO - [2026-07-13T13:38:05.379+0000] {dagbag.py:538} INFO - Filling up the DagBag from /home/airflow/.local/lib/python3.8/site-packages/airflow/example_dags/example_python_operator.py
[2026-07-13T13:38:05.389+0000] {processor.py:840} INFO - DAG(s) 'example_python_operator' retrieved from /home/airflow/.local/lib/python3.8/site-packages/airflow/example_dags/example_python_operator.py
[2026-07-13T13:38:05.406+0000] {logging_mixin.py:188} INFO - [2026-07-13T13:38:05.406+0000] {dag.py:3036} INFO - Sync 1 DAGs
[2026-07-13T13:38:05.415+0000] {logging_mixin.py:188} INFO - [2026-07-13T13:38:05.415+0000] {dag.py:3823} INFO - Setting next_dagrun for example_python_operator to None, run_after=None
[2026-07-13T13:38:05.430+0000] {processor.py:183} INFO - Processing /home/airflow/.local/lib/python3.8/site-packages/airflow/example_dags/example_python_operator.py took 0.055 seconds
[2026-07-13T13:38:35.915+0000] {processor.py:161} INFO - Started process (PID=430) to work on /home/airflow/.local/lib/python3.8/site-packages/airflow/example_dags/example_python_operator.py
[2026-07-13T13:38:35.916+0000] {processor.py:830} INFO - Processing file /home/airflow/.local/lib/python3.8/site-packages/airflow/example_dags/example_python_operator.py for tasks to queue
[2026-07-13T13:38:35.917+0000] {logging_mixin.py:188} INFO - [2026-07-13T13:38:35.917+0000] {dagbag.py:538} INFO - Filling up the DagBag from /home/airflow/.local/lib/python3.8/site-packages/airflow/example_dags/example_python_operator.py
[2026-07-13T13:38:35.926+0000] {processor.py:840} INFO - DAG(s) 'example_python_operator' retrieved from /home/airflow/.local/lib/python3.8/site-packages/airflow/example_dags/example_python_operator.py
[2026-07-13T13:38:35.944+0000] {logging_mixin.py:188} INFO - [2026-07-13T13:38:35.944+0000] {dag.py:3036} INFO - Sync 1 DAGs
[2026-07-13T13:38:35.953+0000] {logging_mixin.py:188} INFO - [2026-07-13T13:38:35.953+0000] {dag.py:3823} INFO - Setting next_dagrun for example_python_operator to None, run_after=None
[2026-07-13T13:38:35.968+0000] {processor.py:183} INFO - Processing /home/airflow/.local/lib/python3.8/site-packages/airflow/example_dags/example_python_operator.py took 0.057 seconds
[2026-07-13T13:39:07.987+0000] {processor.py:161} INFO - Started process (PID=486) to work on /home/airflow/.local/lib/python3.8/site-packages/airflow/example_dags/example_python_operator.py
[2026-07-13T13:39:07.988+0000] {processor.py:830} INFO - Processing file /home/airflow/.local/lib/python3.8/site-packages/airflow/example_dags/example_python_operator.py for tasks to queue
[2026-07-13T13:39:07.990+0000] {logging_mixin.py:188} INFO - [2026-07-13T13:39:07.989+0000] {dagbag.py:538} INFO - Filling up the DagBag from /home/airflow/.local/lib/python3.8/site-packages/airflow/example_dags/example_python_operator.py
[2026-07-13T13:39:07.999+0000] {processor.py:840} INFO - DAG(s) 'example_python_operator' retrieved from /home/airflow/.local/lib/python3.8/site-packages/airflow/example_dags/example_python_operator.py
[2026-07-13T13:39:08.020+0000] {logging_mixin.py:188} INFO - [2026-07-13T13:39:08.020+0000] {dag.py:3036} INFO - Sync 1 DAGs
[2026-07-13T13:39:08.031+0000] {logging_mixin.py:188} INFO - [2026-07-13T13:39:08.031+0000] {dag.py:3823} INFO - Setting next_dagrun for example_python_operator to None, run_after=None
[2026-07-13T13:39:08.046+0000] {processor.py:183} INFO - Processing /home/airflow/.local/lib/python3.8/site-packages/airflow/example_dags/example_python_operator.py took 0.062 seconds
[2026-07-13T13:39:40.001+0000] {processor.py:161} INFO - Started process (PID=541) to work on /home/airflow/.local/lib/python3.8/site-packages/airflow/example_dags/example_python_operator.py
[2026-07-13T13:39:40.002+0000] {processor.py:830} INFO - Processing file /home/airflow/.local/lib/python3.8/site-packages/airflow/example_dags/example_python_operator.py for tasks to queue
[2026-07-13T13:39:40.003+0000] {logging_mixin.py:188} INFO - [2026-07-13T13:39:40.003+0000] {dagbag.py:538} INFO - Filling up the DagBag from /home/airflow/.local/lib/python3.8/site-packages/airflow/example_dags/example_python_operator.py
[2026-07-13T13:39:40.011+0000] {processor.py:840} INFO - DAG(s) 'example_python_operator' retrieved from /home/airflow/.local/lib/python3.8/site-packages/airflow/example_dags/example_python_operator.py
[2026-07-13T13:39:40.030+0000] {logging_mixin.py:188} INFO - [2026-07-13T13:39:40.029+0000] {dag.py:3036} INFO - Sync 1 DAGs
[2026-07-13T13:39:40.043+0000] {logging_mixin.py:188} INFO - [2026-07-13T13:39:40.042+0000] {dag.py:3823} INFO - Setting next_dagrun for example_python_operator to None, run_after=None
[2026-07-13T13:39:40.061+0000] {processor.py:183} INFO - Processing /home/airflow/.local/lib/python3.8/site-packages/airflow/example_dags/example_python_operator.py took 0.062 seconds
[2026-07-13T13:40:12.389+0000] {processor.py:161} INFO - Started process (PID=597) to work on /home/airflow/.local/lib/python3.8/site-packages/airflow/example_dags/example_python_operator.py
[2026-07-13T13:40:12.391+0000] {processor.py:830} INFO - Processing file /home/airflow/.local/lib/python3.8/site-packages/airflow/example_dags/example_python_operator.py for tasks to queue
[2026-07-13T13:40:12.392+0000] {logging_mixin.py:188} INFO - [2026-07-13T13:40:12.392+0000] {dagbag.py:538} INFO - Filling up the DagBag from /home/airflow/.local/lib/python3.8/site-packages/airflow/example_dags/example_python_operator.py
[2026-07-13T13:40:12.400+0000] {processor.py:840} INFO - DAG(s) 'example_python_operator' retrieved from /home/airflow/.local/lib/python3.8/site-packages/airflow/example_dags/example_python_operator.py
[2026-07-13T13:40:12.417+0000] {logging_mixin.py:188} INFO - [2026-07-13T13:40:12.417+0000] {dag.py:3036} INFO - Sync 1 DAGs
[2026-07-13T13:40:12.425+0000] {logging_mixin.py:188} INFO - [2026-07-13T13:40:12.425+0000] {dag.py:3823} INFO - Setting next_dagrun for example_python_operator to None, run_after=None
[2026-07-13T13:40:12.439+0000] {processor.py:183} INFO - Processing /home/airflow/.local/lib/python3.8/site-packages/airflow/example_dags/example_python_operator.py took 0.052 seconds
[2026-07-13T13:40:43.992+0000] {processor.py:161} INFO - Started process (PID=653) to work on /home/airflow/.local/lib/python3.8/site-packages/airflow/example_dags/example_python_operator.py
[2026-07-13T13:40:43.994+0000] {processor.py:830} INFO - Processing file /home/airflow/.local/lib/python3.8/site-packages/airflow/example_dags/example_python_operator.py for tasks to queue
[2026-07-13T13:40:43.997+0000] {logging_mixin.py:188} INFO - [2026-07-13T13:40:43.996+0000] {dagbag.py:538} INFO - Filling up the DagBag from /home/airflow/.local/lib/python3.8/site-packages/airflow/example_dags/example_python_operator.py
[2026-07-13T13:40:44.006+0000] {processor.py:840} INFO - DAG(s) 'example_python_operator' retrieved from /home/airflow/.local/lib/python3.8/site-packages/airflow/example_dags/example_python_operator.py
[2026-07-13T13:40:44.024+0000] {logging_mixin.py:188} INFO - [2026-07-13T13:40:44.023+0000] {dag.py:3036} INFO - Sync 1 DAGs
[2026-07-13T13:40:44.033+0000] {logging_mixin.py:188} INFO - [2026-07-13T13:40:44.032+0000] {dag.py:3823} INFO - Setting next_dagrun for example_python_operator to None, run_after=None
[2026-07-13T13:40:44.048+0000] {processor.py:183} INFO - Processing /home/airflow/.local/lib/python3.8/site-packages/airflow/example_dags/example_python_operator.py took 0.058 seconds
[2026-07-13T13:41:16.501+0000] {processor.py:161} INFO - Started process (PID=709) to work on /home/airflow/.local/lib/python3.8/site-packages/airflow/example_dags/example_python_operator.py
[2026-07-13T13:41:16.503+0000] {processor.py:830} INFO - Processing file /home/airflow/.local/lib/python3.8/site-packages/airflow/example_dags/example_python_operator.py for tasks to queue
[2026-07-13T13:41:16.506+0000] {logging_mixin.py:188} INFO - [2026-07-13T13:41:16.505+0000] {dagbag.py:538} INFO - Filling up the DagBag from /home/airflow/.local/lib/python3.8/site-packages/airflow/example_dags/example_python_operator.py
[2026-07-13T13:41:16.515+0000] {processor.py:840} INFO - DAG(s) 'example_python_operator' retrieved from /home/airflow/.local/lib/python3.8/site-packages/airflow/example_dags/example_python_operator.py
[2026-07-13T13:41:16.561+0000] {logging_mixin.py:188} INFO - [2026-07-13T13:41:16.561+0000] {dag.py:3036} INFO - Sync 1 DAGs
[2026-07-13T13:41:16.572+0000] {logging_mixin.py:188} INFO - [2026-07-13T13:41:16.571+0000] {dag.py:3823} INFO - Setting next_dagrun for example_python_operator to None, run_after=None
[2026-07-13T13:41:16.596+0000] {processor.py:183} INFO - Processing /home/airflow/.local/lib/python3.8/site-packages/airflow/example_dags/example_python_operator.py took 0.098 seconds
[2026-07-13T13:41:48.521+0000] {processor.py:161} INFO - Started process (PID=765) to work on /home/airflow/.local/lib/python3.8/site-packages/airflow/example_dags/example_python_operator.py
[2026-07-13T13:41:48.522+0000] {processor.py:830} INFO - Processing file /home/airflow/.local/lib/python3.8/site-packages/airflow/example_dags/example_python_operator.py for tasks to queue
[2026-07-13T13:41:48.527+0000] {logging_mixin.py:188} INFO - [2026-07-13T13:41:48.526+0000] {dagbag.py:538} INFO - Filling up the DagBag from /home/airflow/.local/lib/python3.8/site-packages/airflow/example_dags/example_python_operator.py
[2026-07-13T13:41:48.539+0000] {processor.py:840} INFO - DAG(s) 'example_python_operator' retrieved from /home/airflow/.local/lib/python3.8/site-packages/airflow/example_dags/example_python_operator.py
[2026-07-13T13:41:48.572+0000] {logging_mixin.py:188} INFO - [2026-07-13T13:41:48.572+0000] {dag.py:3036} INFO - Sync 1 DAGs
[2026-07-13T13:41:48.584+0000] {logging_mixin.py:188} INFO - [2026-07-13T13:41:48.584+0000] {dag.py:3823} INFO - Setting next_dagrun for example_python_operator to None, run_after=None
[2026-07-13T13:41:48.604+0000] {processor.py:183} INFO - Processing /home/airflow/.local/lib/python3.8/site-packages/airflow/example_dags/example_python_operator.py took 0.086 seconds
[2026-07-13T13:42:19.989+0000] {processor.py:161} INFO - Started process (PID=821) to work on /home/airflow/.local/lib/python3.8/site-packages/airflow/example_dags/example_python_operator.py
[2026-07-13T13:42:19.990+0000] {processor.py:830} INFO - Processing file /home/airflow/.local/lib/python3.8/site-packages/airflow/example_dags/example_python_operator.py for tasks to queue
[2026-07-13T13:42:19.991+0000] {logging_mixin.py:188} INFO - [2026-07-13T13:42:19.991+0000] {dagbag.py:538} INFO - Filling up the DagBag from /home/airflow/.local/lib/python3.8/site-packages/airflow/example_dags/example_python_operator.py
[2026-07-13T13:42:19.999+0000] {processor.py:840} INFO - DAG(s) 'example_python_operator' retrieved from /home/airflow/.local/lib/python3.8/site-packages/airflow/example_dags/example_python_operator.py
[2026-07-13T13:42:20.014+0000] {logging_mixin.py:188} INFO - [2026-07-13T13:42:20.013+0000] {dag.py:3036} INFO - Sync 1 DAGs
[2026-07-13T13:42:20.022+0000] {logging_mixin.py:188} INFO - [2026-07-13T13:42:20.022+0000] {dag.py:3823} INFO - Setting next_dagrun for example_python_operator to None, run_after=None
[2026-07-13T13:42:20.037+0000] {processor.py:183} INFO - Processing /home/airflow/.local/lib/python3.8/site-packages/airflow/example_dags/example_python_operator.py took 0.050 seconds
[2026-07-13T13:42:53.031+0000] {processor.py:161} INFO - Started process (PID=877) to work on /home/airflow/.local/lib/python3.8/site-packages/airflow/example_dags/example_python_operator.py
[2026-07-13T13:42:53.032+0000] {processor.py:830} INFO - Processing file /home/airflow/.local/lib/python3.8/site-packages/airflow/example_dags/example_python_operator.py for tasks to queue
[2026-07-13T13:42:53.037+0000] {logging_mixin.py:188} INFO - [2026-07-13T13:42:53.036+0000] {dagbag.py:538} INFO - Filling up the DagBag from /home/airflow/.local/lib/python3.8/site-packages/airflow/example_dags/example_python_operator.py
[2026-07-13T13:42:53.048+0000] {processor.py:840} INFO - DAG(s) 'example_python_operator' retrieved from /home/airflow/.local/lib/python3.8/site-packages/airflow/example_dags/example_python_operator.py
[2026-07-13T13:42:53.074+0000] {logging_mixin.py:188} INFO - [2026-07-13T13:42:53.074+0000] {dag.py:3036} INFO - Sync 1 DAGs
[2026-07-13T13:42:53.090+0000] {logging_mixin.py:188} INFO - [2026-07-13T13:42:53.089+0000] {dag.py:3823} INFO - Setting next_dagrun for example_python_operator to None, run_after=None
[2026-07-13T13:42:53.111+0000] {processor.py:183} INFO - Processing /home/airflow/.local/lib/python3.8/site-packages/airflow/example_dags/example_python_operator.py took 0.084 seconds
[2026-07-13T13:43:24.937+0000] {processor.py:161} INFO - Started process (PID=934) to work on /home/airflow/.local/lib/python3.8/site-packages/airflow/example_dags/example_python_operator.py
[2026-07-13T13:43:24.938+0000] {processor.py:830} INFO - Processing file /home/airflow/.local/lib/python3.8/site-packages/airflow/example_dags/example_python_operator.py for tasks to queue
[2026-07-13T13:43:24.940+0000] {logging_mixin.py:188} INFO - [2026-07-13T13:43:24.940+0000] {dagbag.py:538} INFO - Filling up the DagBag from /home/airflow/.local/lib/python3.8/site-packages/airflow/example_dags/example_python_operator.py
[2026-07-13T13:43:24.948+0000] {processor.py:840} INFO - DAG(s) 'example_python_operator' retrieved from /home/airflow/.local/lib/python3.8/site-packages/airflow/example_dags/example_python_operator.py
[2026-07-13T13:43:24.963+0000] {logging_mixin.py:188} INFO - [2026-07-13T13:43:24.963+0000] {dag.py:3036} INFO - Sync 1 DAGs
[2026-07-13T13:43:24.973+0000] {logging_mixin.py:188} INFO - [2026-07-13T13:43:24.973+0000] {dag.py:3823} INFO - Setting next_dagrun for example_python_operator to None, run_after=None
[2026-07-13T13:43:24.986+0000] {processor.py:183} INFO - Processing /home/airflow/.local/lib/python3.8/site-packages/airflow/example_dags/example_python_operator.py took 0.052 seconds
[2026-07-13T13:43:57.161+0000] {processor.py:161} INFO - Started process (PID=991) to work on /home/airflow/.local/lib/python3.8/site-packages/airflow/example_dags/example_python_operator.py
[2026-07-13T13:43:57.162+0000] {processor.py:830} INFO - Processing file /home/airflow/.local/lib/python3.8/site-packages/airflow/example_dags/example_python_operator.py for tasks to queue
[2026-07-13T13:43:57.163+0000] {logging_mixin.py:188} INFO - [2026-07-13T13:43:57.163+0000] {dagbag.py:538} INFO - Filling up the DagBag from /home/airflow/.local/lib/python3.8/site-packages/airflow/example_dags/example_python_operator.py
[2026-07-13T13:43:57.172+0000] {processor.py:840} INFO - DAG(s) 'example_python_operator' retrieved from /home/airflow/.local/lib/python3.8/site-packages/airflow/example_dags/example_python_operator.py
[2026-07-13T13:43:57.187+0000] {logging_mixin.py:188} INFO - [2026-07-13T13:43:57.187+0000] {dag.py:3036} INFO - Sync 1 DAGs
[2026-07-13T13:43:57.196+0000] {logging_mixin.py:188} INFO - [2026-07-13T13:43:57.196+0000] {dag.py:3823} INFO - Setting next_dagrun for example_python_operator to None, run_after=None
[2026-07-13T13:43:57.209+0000] {processor.py:183} INFO - Processing /home/airflow/.local/lib/python3.8/site-packages/airflow/example_dags/example_python_operator.py took 0.050 seconds
[2026-07-13T13:44:30.003+0000] {processor.py:161} INFO - Started process (PID=1048) to work on /home/airflow/.local/lib/python3.8/site-packages/airflow/example_dags/example_python_operator.py
[2026-07-13T13:44:30.004+0000] {processor.py:830} INFO - Processing file /home/airflow/.local/lib/python3.8/site-packages/airflow/example_dags/example_python_operator.py for tasks to queue
[2026-07-13T13:44:30.005+0000] {logging_mixin.py:188} INFO - [2026-07-13T13:44:30.005+0000] {dagbag.py:538} INFO - Filling up the DagBag from /home/airflow/.local/lib/python3.8/site-packages/airflow/example_dags/example_python_operator.py
[2026-07-13T13:44:30.024+0000] {processor.py:840} INFO - DAG(s) 'example_python_operator' retrieved from /home/airflow/.local/lib/python3.8/site-packages/airflow/example_dags/example_python_operator.py
[2026-07-13T13:44:30.048+0000] {logging_mixin.py:188} INFO - [2026-07-13T13:44:30.048+0000] {dag.py:3036} INFO - Sync 1 DAGs
[2026-07-13T13:44:30.057+0000] {logging_mixin.py:188} INFO - [2026-07-13T13:44:30.057+0000] {dag.py:3823} INFO - Setting next_dagrun for example_python_operator to None, run_after=None
[2026-07-13T13:44:30.072+0000] {processor.py:183} INFO - Processing /home/airflow/.local/lib/python3.8/site-packages/airflow/example_dags/example_python_operator.py took 0.072 seconds
[2026-07-13T13:45:02.084+0000] {processor.py:161} INFO - Started process (PID=1104) to work on /home/airflow/.local/lib/python3.8/site-packages/airflow/example_dags/example_python_operator.py
[2026-07-13T13:45:02.085+0000] {processor.py:830} INFO - Processing file /home/airflow/.local/lib/python3.8/site-packages/airflow/example_dags/example_python_operator.py for tasks to queue
[2026-07-13T13:45:02.086+0000] {logging_mixin.py:188} INFO - [2026-07-13T13:45:02.086+0000] {dagbag.py:538} INFO - Filling up the DagBag from /home/airflow/.local/lib/python3.8/site-packages/airflow/example_dags/example_python_operator.py
[2026-07-13T13:45:02.094+0000] {processor.py:840} INFO - DAG(s) 'example_python_operator' retrieved from /home/airflow/.local/lib/python3.8/site-packages/airflow/example_dags/example_python_operator.py
[2026-07-13T13:45:02.109+0000] {logging_mixin.py:188} INFO - [2026-07-13T13:45:02.109+0000] {dag.py:3036} INFO - Sync 1 DAGs
[2026-07-13T13:45:02.117+0000] {logging_mixin.py:188} INFO - [2026-07-13T13:45:02.116+0000] {dag.py:3823} INFO - Setting next_dagrun for example_python_operator to None, run_after=None
[2026-07-13T13:45:02.129+0000] {processor.py:183} INFO - Processing /home/airflow/.local/lib/python3.8/site-packages/airflow/example_dags/example_python_operator.py took 0.047 seconds
[2026-07-13T13:45:34.331+0000] {processor.py:161} INFO - Started process (PID=1160) to work on /home/airflow/.local/lib/python3.8/site-packages/airflow/example_dags/example_python_operator.py
[2026-07-13T13:45:34.332+0000] {processor.py:830} INFO - Processing file /home/airflow/.local/lib/python3.8/site-packages/airflow/example_dags/example_python_operator.py for tasks to queue
[2026-07-13T13:45:34.333+0000] {logging_mixin.py:188} INFO - [2026-07-13T13:45:34.333+0000] {dagbag.py:538} INFO - Filling up the DagBag from /home/airflow/.local/lib/python3.8/site-packages/airflow/example_dags/example_python_operator.py
[2026-07-13T13:45:34.341+0000] {processor.py:840} INFO - DAG(s) 'example_python_operator' retrieved from /home/airflow/.local/lib/python3.8/site-packages/airflow/example_dags/example_python_operator.py
[2026-07-13T13:45:34.356+0000] {logging_mixin.py:188} INFO - [2026-07-13T13:45:34.356+0000] {dag.py:3036} INFO - Sync 1 DAGs
[2026-07-13T13:45:34.364+0000] {logging_mixin.py:188} INFO - [2026-07-13T13:45:34.364+0000] {dag.py:3823} INFO - Setting next_dagrun for example_python_operator to None, run_after=None
[2026-07-13T13:45:34.377+0000] {processor.py:183} INFO - Processing /home/airflow/.local/lib/python3.8/site-packages/airflow/example_dags/example_python_operator.py took 0.048 seconds
[2026-07-13T13:46:06.483+0000] {processor.py:161} INFO - Started process (PID=1216) to work on /home/airflow/.local/lib/python3.8/site-packages/airflow/example_dags/example_python_operator.py
[2026-07-13T13:46:06.484+0000] {processor.py:830} INFO - Processing file /home/airflow/.local/lib/python3.8/site-packages/airflow/example_dags/example_python_operator.py for tasks to queue
[2026-07-13T13:46:06.485+0000] {logging_mixin.py:188} INFO - [2026-07-13T13:46:06.485+0000] {dagbag.py:538} INFO - Filling up the DagBag from /home/airflow/.local/lib/python3.8/site-packages/airflow/example_dags/example_python_operator.py
[2026-07-13T13:46:06.493+0000] {processor.py:840} INFO - DAG(s) 'example_python_operator' retrieved from /home/airflow/.local/lib/python3.8/site-packages/airflow/example_dags/example_python_operator.py
[2026-07-13T13:46:06.514+0000] {logging_mixin.py:188} INFO - [2026-07-13T13:46:06.513+0000] {dag.py:3036} INFO - Sync 1 DAGs
[2026-07-13T13:46:06.522+0000] {logging_mixin.py:188} INFO - [2026-07-13T13:46:06.522+0000] {dag.py:3823} INFO - Setting next_dagrun for example_python_operator to None, run_after=None
[2026-07-13T13:46:06.534+0000] {processor.py:183} INFO - Processing /home/airflow/.local/lib/python3.8/site-packages/airflow/example_dags/example_python_operator.py took 0.054 seconds
[2026-07-13T13:46:38.727+0000] {processor.py:161} INFO - Started process (PID=1272) to work on /home/airflow/.local/lib/python3.8/site-packages/airflow/example_dags/example_python_operator.py
[2026-07-13T13:46:38.728+0000] {processor.py:830} INFO - Processing file /home/airflow/.local/lib/python3.8/site-packages/airflow/example_dags/example_python_operator.py for tasks to queue
[2026-07-13T13:46:38.729+0000] {logging_mixin.py:188} INFO - [2026-07-13T13:46:38.729+0000] {dagbag.py:538} INFO - Filling up the DagBag from /home/airflow/.local/lib/python3.8/site-packages/airflow/example_dags/example_python_operator.py
[2026-07-13T13:46:38.737+0000] {processor.py:840} INFO - DAG(s) 'example_python_operator' retrieved from /home/airflow/.local/lib/python3.8/site-packages/airflow/example_dags/example_python_operator.py
[2026-07-13T13:46:38.751+0000] {logging_mixin.py:188} INFO - [2026-07-13T13:46:38.751+0000] {dag.py:3036} INFO - Sync 1 DAGs
[2026-07-13T13:46:38.759+0000] {logging_mixin.py:188} INFO - [2026-07-13T13:46:38.759+0000] {dag.py:3823} INFO - Setting next_dagrun for example_python_operator to None, run_after=None
[2026-07-13T13:46:38.771+0000] {processor.py:183} INFO - Processing /home/airflow/.local/lib/python3.8/site-packages/airflow/example_dags/example_python_operator.py took 0.046 seconds
[2026-07-13T13:47:11.021+0000] {processor.py:161} INFO - Started process (PID=1328) to work on /home/airflow/.local/lib/python3.8/site-packages/airflow/example_dags/example_python_operator.py
[2026-07-13T13:47:11.022+0000] {processor.py:830} INFO - Processing file /home/airflow/.local/lib/python3.8/site-packages/airflow/example_dags/example_python_operator.py for tasks to queue
[2026-07-13T13:47:11.024+0000] {logging_mixin.py:188} INFO - [2026-07-13T13:47:11.023+0000] {dagbag.py:538} INFO - Filling up the DagBag from /home/airflow/.local/lib/python3.8/site-packages/airflow/example_dags/example_python_operator.py
[2026-07-13T13:47:11.031+0000] {processor.py:840} INFO - DAG(s) 'example_python_operator' retrieved from /home/airflow/.local/lib/python3.8/site-packages/airflow/example_dags/example_python_operator.py
[2026-07-13T13:47:11.046+0000] {logging_mixin.py:188} INFO - [2026-07-13T13:47:11.046+0000] {dag.py:3036} INFO - Sync 1 DAGs
[2026-07-13T13:47:11.055+0000] {logging_mixin.py:188} INFO - [2026-07-13T13:47:11.054+0000] {dag.py:3823} INFO - Setting next_dagrun for example_python_operator to None, run_after=None
[2026-07-13T13:47:11.069+0000] {processor.py:183} INFO - Processing /home/airflow/.local/lib/python3.8/site-packages/airflow/example_dags/example_python_operator.py took 0.050 seconds
[2026-07-13T13:48:52.346+0000] {processor.py:161} INFO - Started process (PID=94) to work on /home/airflow/.local/lib/python3.8/site-packages/airflow/example_dags/example_python_operator.py
[2026-07-13T13:48:52.347+0000] {processor.py:830} INFO - Processing file /home/airflow/.local/lib/python3.8/site-packages/airflow/example_dags/example_python_operator.py for tasks to queue
[2026-07-13T13:48:52.349+0000] {logging_mixin.py:188} INFO - [2026-07-13T13:48:52.349+0000] {dagbag.py:538} INFO - Filling up the DagBag from /home/airflow/.local/lib/python3.8/site-packages/airflow/example_dags/example_python_operator.py
[2026-07-13T13:48:52.362+0000] {processor.py:840} INFO - DAG(s) 'example_python_operator' retrieved from /home/airflow/.local/lib/python3.8/site-packages/airflow/example_dags/example_python_operator.py
[2026-07-13T13:48:52.374+0000] {logging_mixin.py:188} INFO - [2026-07-13T13:48:52.374+0000] {dag.py:3036} INFO - Sync 1 DAGs
[2026-07-13T13:48:52.457+0000] {logging_mixin.py:188} INFO - [2026-07-13T13:48:52.457+0000] {dag.py:3823} INFO - Setting next_dagrun for example_python_operator to None, run_after=None
[2026-07-13T13:48:52.481+0000] {processor.py:183} INFO - Processing /home/airflow/.local/lib/python3.8/site-packages/airflow/example_dags/example_python_operator.py took 0.138 seconds
[2026-07-13T13:49:23.588+0000] {processor.py:161} INFO - Started process (PID=150) to work on /home/airflow/.local/lib/python3.8/site-packages/airflow/example_dags/example_python_operator.py
[2026-07-13T13:49:23.590+0000] {processor.py:830} INFO - Processing file /home/airflow/.local/lib/python3.8/site-packages/airflow/example_dags/example_python_operator.py for tasks to queue
[2026-07-13T13:49:23.591+0000] {logging_mixin.py:188} INFO - [2026-07-13T13:49:23.591+0000] {dagbag.py:538} INFO - Filling up the DagBag from /home/airflow/.local/lib/python3.8/site-packages/airflow/example_dags/example_python_operator.py
[2026-07-13T13:49:23.600+0000] {processor.py:840} INFO - DAG(s) 'example_python_operator' retrieved from /home/airflow/.local/lib/python3.8/site-packages/airflow/example_dags/example_python_operator.py
[2026-07-13T13:49:23.669+0000] {logging_mixin.py:188} INFO - [2026-07-13T13:49:23.669+0000] {dag.py:3036} INFO - Sync 1 DAGs
[2026-07-13T13:49:23.678+0000] {logging_mixin.py:188} INFO - [2026-07-13T13:49:23.678+0000] {dag.py:3823} INFO - Setting next_dagrun for example_python_operator to None, run_after=None
[2026-07-13T13:49:23.695+0000] {processor.py:183} INFO - Processing /home/airflow/.local/lib/python3.8/site-packages/airflow/example_dags/example_python_operator.py took 0.109 seconds
[2026-07-13T13:49:54.300+0000] {processor.py:161} INFO - Started process (PID=206) to work on /home/airflow/.local/lib/python3.8/site-packages/airflow/example_dags/example_python_operator.py
[2026-07-13T13:49:54.301+0000] {processor.py:830} INFO - Processing file /home/airflow/.local/lib/python3.8/site-packages/airflow/example_dags/example_python_operator.py for tasks to queue
[2026-07-13T13:49:54.303+0000] {logging_mixin.py:188} INFO - [2026-07-13T13:49:54.303+0000] {dagbag.py:538} INFO - Filling up the DagBag from /home/airflow/.local/lib/python3.8/site-packages/airflow/example_dags/example_python_operator.py
[2026-07-13T13:49:54.312+0000] {processor.py:840} INFO - DAG(s) 'example_python_operator' retrieved from /home/airflow/.local/lib/python3.8/site-packages/airflow/example_dags/example_python_operator.py
[2026-07-13T13:49:54.331+0000] {logging_mixin.py:188} INFO - [2026-07-13T13:49:54.331+0000] {dag.py:3036} INFO - Sync 1 DAGs
[2026-07-13T13:49:54.340+0000] {logging_mixin.py:188} INFO - [2026-07-13T13:49:54.340+0000] {dag.py:3823} INFO - Setting next_dagrun for example_python_operator to None, run_after=None
[2026-07-13T13:49:54.358+0000] {processor.py:183} INFO - Processing /home/airflow/.local/lib/python3.8/site-packages/airflow/example_dags/example_python_operator.py took 0.063 seconds
[2026-07-13T13:50:24.772+0000] {processor.py:161} INFO - Started process (PID=262) to work on /home/airflow/.local/lib/python3.8/site-packages/airflow/example_dags/example_python_operator.py
[2026-07-13T13:50:24.773+0000] {processor.py:830} INFO - Processing file /home/airflow/.local/lib/python3.8/site-packages/airflow/example_dags/example_python_operator.py for tasks to queue
[2026-07-13T13:50:24.777+0000] {logging_mixin.py:188} INFO - [2026-07-13T13:50:24.776+0000] {dagbag.py:538} INFO - Filling up the DagBag from /home/airflow/.local/lib/python3.8/site-packages/airflow/example_dags/example_python_operator.py
[2026-07-13T13:50:24.790+0000] {processor.py:840} INFO - DAG(s) 'example_python_operator' retrieved from /home/airflow/.local/lib/python3.8/site-packages/airflow/example_dags/example_python_operator.py
[2026-07-13T13:50:24.810+0000] {logging_mixin.py:188} INFO - [2026-07-13T13:50:24.810+0000] {dag.py:3036} INFO - Sync 1 DAGs
[2026-07-13T13:50:24.818+0000] {logging_mixin.py:188} INFO - [2026-07-13T13:50:24.818+0000] {dag.py:3823} INFO - Setting next_dagrun for example_python_operator to None, run_after=None
[2026-07-13T13:50:24.831+0000] {processor.py:183} INFO - Processing /home/airflow/.local/lib/python3.8/site-packages/airflow/example_dags/example_python_operator.py took 0.063 seconds
[2026-07-13T13:50:57.175+0000] {processor.py:161} INFO - Started process (PID=318) to work on /home/airflow/.local/lib/python3.8/site-packages/airflow/example_dags/example_python_operator.py
[2026-07-13T13:50:57.176+0000] {processor.py:830} INFO - Processing file /home/airflow/.local/lib/python3.8/site-packages/airflow/example_dags/example_python_operator.py for tasks to queue
[2026-07-13T13:50:57.177+0000] {logging_mixin.py:188} INFO - [2026-07-13T13:50:57.177+0000] {dagbag.py:538} INFO - Filling up the DagBag from /home/airflow/.local/lib/python3.8/site-packages/airflow/example_dags/example_python_operator.py
[2026-07-13T13:50:57.185+0000] {processor.py:840} INFO - DAG(s) 'example_python_operator' retrieved from /home/airflow/.local/lib/python3.8/site-packages/airflow/example_dags/example_python_operator.py
[2026-07-13T13:50:57.203+0000] {logging_mixin.py:188} INFO - [2026-07-13T13:50:57.202+0000] {dag.py:3036} INFO - Sync 1 DAGs
[2026-07-13T13:50:57.213+0000] {logging_mixin.py:188} INFO - [2026-07-13T13:50:57.213+0000] {dag.py:3823} INFO - Setting next_dagrun for example_python_operator to None, run_after=None
[2026-07-13T13:50:57.228+0000] {processor.py:183} INFO - Processing /home/airflow/.local/lib/python3.8/site-packages/airflow/example_dags/example_python_operator.py took 0.060 seconds
[2026-07-13T13:51:29.885+0000] {processor.py:161} INFO - Started process (PID=374) to work on /home/airflow/.local/lib/python3.8/site-packages/airflow/example_dags/example_python_operator.py
[2026-07-13T13:51:29.886+0000] {processor.py:830} INFO - Processing file /home/airflow/.local/lib/python3.8/site-packages/airflow/example_dags/example_python_operator.py for tasks to queue
[2026-07-13T13:51:29.888+0000] {logging_mixin.py:188} INFO - [2026-07-13T13:51:29.887+0000] {dagbag.py:538} INFO - Filling up the DagBag from /home/airflow/.local/lib/python3.8/site-packages/airflow/example_dags/example_python_operator.py
[2026-07-13T13:51:29.896+0000] {processor.py:840} INFO - DAG(s) 'example_python_operator' retrieved from /home/airflow/.local/lib/python3.8/site-packages/airflow/example_dags/example_python_operator.py
[2026-07-13T13:51:29.918+0000] {logging_mixin.py:188} INFO - [2026-07-13T13:51:29.918+0000] {dag.py:3036} INFO - Sync 1 DAGs
[2026-07-13T13:51:29.928+0000] {logging_mixin.py:188} INFO - [2026-07-13T13:51:29.928+0000] {dag.py:3823} INFO - Setting next_dagrun for example_python_operator to None, run_after=None
[2026-07-13T13:51:29.944+0000] {processor.py:183} INFO - Processing /home/airflow/.local/lib/python3.8/site-packages/airflow/example_dags/example_python_operator.py took 0.063 seconds
[2026-07-13T13:52:02.332+0000] {processor.py:161} INFO - Started process (PID=434) to work on /home/airflow/.local/lib/python3.8/site-packages/airflow/example_dags/example_python_operator.py
[2026-07-13T13:52:02.334+0000] {processor.py:830} INFO - Processing file /home/airflow/.local/lib/python3.8/site-packages/airflow/example_dags/example_python_operator.py for tasks to queue
[2026-07-13T13:52:02.336+0000] {logging_mixin.py:188} INFO - [2026-07-13T13:52:02.335+0000] {dagbag.py:538} INFO - Filling up the DagBag from /home/airflow/.local/lib/python3.8/site-packages/airflow/example_dags/example_python_operator.py
[2026-07-13T13:52:02.345+0000] {processor.py:840} INFO - DAG(s) 'example_python_operator' retrieved from /home/airflow/.local/lib/python3.8/site-packages/airflow/example_dags/example_python_operator.py
[2026-07-13T13:52:02.369+0000] {logging_mixin.py:188} INFO - [2026-07-13T13:52:02.369+0000] {dag.py:3036} INFO - Sync 1 DAGs
[2026-07-13T13:52:02.380+0000] {logging_mixin.py:188} INFO - [2026-07-13T13:52:02.380+0000] {dag.py:3823} INFO - Setting next_dagrun for example_python_operator to None, run_after=None
[2026-07-13T13:52:02.405+0000] {processor.py:183} INFO - Processing /home/airflow/.local/lib/python3.8/site-packages/airflow/example_dags/example_python_operator.py took 0.075 seconds
[2026-07-13T13:52:34.961+0000] {processor.py:161} INFO - Started process (PID=494) to work on /home/airflow/.local/lib/python3.8/site-packages/airflow/example_dags/example_python_operator.py
[2026-07-13T13:52:34.963+0000] {processor.py:830} INFO - Processing file /home/airflow/.local/lib/python3.8/site-packages/airflow/example_dags/example_python_operator.py for tasks to queue
[2026-07-13T13:52:34.964+0000] {logging_mixin.py:188} INFO - [2026-07-13T13:52:34.964+0000] {dagbag.py:538} INFO - Filling up the DagBag from /home/airflow/.local/lib/python3.8/site-packages/airflow/example_dags/example_python_operator.py
[2026-07-13T13:52:34.978+0000] {processor.py:840} INFO - DAG(s) 'example_python_operator' retrieved from /home/airflow/.local/lib/python3.8/site-packages/airflow/example_dags/example_python_operator.py
[2026-07-13T13:52:35.012+0000] {logging_mixin.py:188} INFO - [2026-07-13T13:52:35.011+0000] {dag.py:3036} INFO - Sync 1 DAGs
[2026-07-13T13:52:35.028+0000] {logging_mixin.py:188} INFO - [2026-07-13T13:52:35.027+0000] {dag.py:3823} INFO - Setting next_dagrun for example_python_operator to None, run_after=None
[2026-07-13T13:52:35.055+0000] {processor.py:183} INFO - Processing /home/airflow/.local/lib/python3.8/site-packages/airflow/example_dags/example_python_operator.py took 0.097 seconds
[2026-07-13T13:53:07.861+0000] {processor.py:161} INFO - Started process (PID=554) to work on /home/airflow/.local/lib/python3.8/site-packages/airflow/example_dags/example_python_operator.py
[2026-07-13T13:53:07.863+0000] {processor.py:830} INFO - Processing file /home/airflow/.local/lib/python3.8/site-packages/airflow/example_dags/example_python_operator.py for tasks to queue
[2026-07-13T13:53:07.865+0000] {logging_mixin.py:188} INFO - [2026-07-13T13:53:07.865+0000] {dagbag.py:538} INFO - Filling up the DagBag from /home/airflow/.local/lib/python3.8/site-packages/airflow/example_dags/example_python_operator.py
[2026-07-13T13:53:07.880+0000] {processor.py:840} INFO - DAG(s) 'example_python_operator' retrieved from /home/airflow/.local/lib/python3.8/site-packages/airflow/example_dags/example_python_operator.py
[2026-07-13T13:53:07.907+0000] {logging_mixin.py:188} INFO - [2026-07-13T13:53:07.906+0000] {dag.py:3036} INFO - Sync 1 DAGs
[2026-07-13T13:53:07.921+0000] {logging_mixin.py:188} INFO - [2026-07-13T13:53:07.921+0000] {dag.py:3823} INFO - Setting next_dagrun for example_python_operator to None, run_after=None
[2026-07-13T13:53:07.959+0000] {processor.py:183} INFO - Processing /home/airflow/.local/lib/python3.8/site-packages/airflow/example_dags/example_python_operator.py took 0.103 seconds
[2026-07-13T13:53:39.028+0000] {processor.py:161} INFO - Started process (PID=610) to work on /home/airflow/.local/lib/python3.8/site-packages/airflow/example_dags/example_python_operator.py
[2026-07-13T13:53:39.029+0000] {processor.py:830} INFO - Processing file /home/airflow/.local/lib/python3.8/site-packages/airflow/example_dags/example_python_operator.py for tasks to queue
[2026-07-13T13:53:39.032+0000] {logging_mixin.py:188} INFO - [2026-07-13T13:53:39.031+0000] {dagbag.py:538} INFO - Filling up the DagBag from /home/airflow/.local/lib/python3.8/site-packages/airflow/example_dags/example_python_operator.py
[2026-07-13T13:53:39.043+0000] {processor.py:840} INFO - DAG(s) 'example_python_operator' retrieved from /home/airflow/.local/lib/python3.8/site-packages/airflow/example_dags/example_python_operator.py
[2026-07-13T13:53:39.063+0000] {logging_mixin.py:188} INFO - [2026-07-13T13:53:39.062+0000] {dag.py:3036} INFO - Sync 1 DAGs
[2026-07-13T13:53:39.073+0000] {logging_mixin.py:188} INFO - [2026-07-13T13:53:39.073+0000] {dag.py:3823} INFO - Setting next_dagrun for example_python_operator to None, run_after=None
[2026-07-13T13:53:39.089+0000] {processor.py:183} INFO - Processing /home/airflow/.local/lib/python3.8/site-packages/airflow/example_dags/example_python_operator.py took 0.064 seconds
[2026-07-13T13:54:11.349+0000] {processor.py:161} INFO - Started process (PID=666) to work on /home/airflow/.local/lib/python3.8/site-packages/airflow/example_dags/example_python_operator.py
[2026-07-13T13:54:11.350+0000] {processor.py:830} INFO - Processing file /home/airflow/.local/lib/python3.8/site-packages/airflow/example_dags/example_python_operator.py for tasks to queue
[2026-07-13T13:54:11.352+0000] {logging_mixin.py:188} INFO - [2026-07-13T13:54:11.351+0000] {dagbag.py:538} INFO - Filling up the DagBag from /home/airflow/.local/lib/python3.8/site-packages/airflow/example_dags/example_python_operator.py
[2026-07-13T13:54:11.360+0000] {processor.py:840} INFO - DAG(s) 'example_python_operator' retrieved from /home/airflow/.local/lib/python3.8/site-packages/airflow/example_dags/example_python_operator.py
[2026-07-13T13:54:11.376+0000] {logging_mixin.py:188} INFO - [2026-07-13T13:54:11.376+0000] {dag.py:3036} INFO - Sync 1 DAGs
[2026-07-13T13:54:11.385+0000] {logging_mixin.py:188} INFO - [2026-07-13T13:54:11.385+0000] {dag.py:3823} INFO - Setting next_dagrun for example_python_operator to None, run_after=None
[2026-07-13T13:54:11.401+0000] {processor.py:183} INFO - Processing /home/airflow/.local/lib/python3.8/site-packages/airflow/example_dags/example_python_operator.py took 0.055 seconds
[2026-07-13T13:54:44.394+0000] {processor.py:161} INFO - Started process (PID=722) to work on /home/airflow/.local/lib/python3.8/site-packages/airflow/example_dags/example_python_operator.py
[2026-07-13T13:54:44.395+0000] {processor.py:830} INFO - Processing file /home/airflow/.local/lib/python3.8/site-packages/airflow/example_dags/example_python_operator.py for tasks to queue
[2026-07-13T13:54:44.397+0000] {logging_mixin.py:188} INFO - [2026-07-13T13:54:44.396+0000] {dagbag.py:538} INFO - Filling up the DagBag from /home/airflow/.local/lib/python3.8/site-packages/airflow/example_dags/example_python_operator.py
[2026-07-13T13:54:44.405+0000] {processor.py:840} INFO - DAG(s) 'example_python_operator' retrieved from /home/airflow/.local/lib/python3.8/site-packages/airflow/example_dags/example_python_operator.py
[2026-07-13T13:54:44.424+0000] {logging_mixin.py:188} INFO - [2026-07-13T13:54:44.424+0000] {dag.py:3036} INFO - Sync 1 DAGs
[2026-07-13T13:54:44.434+0000] {logging_mixin.py:188} INFO - [2026-07-13T13:54:44.434+0000] {dag.py:3823} INFO - Setting next_dagrun for example_python_operator to None, run_after=None
[2026-07-13T13:54:44.451+0000] {processor.py:183} INFO - Processing /home/airflow/.local/lib/python3.8/site-packages/airflow/example_dags/example_python_operator.py took 0.062 seconds
[2026-07-13T13:55:16.091+0000] {processor.py:161} INFO - Started process (PID=778) to work on /home/airflow/.local/lib/python3.8/site-packages/airflow/example_dags/example_python_operator.py
[2026-07-13T13:55:16.092+0000] {processor.py:830} INFO - Processing file /home/airflow/.local/lib/python3.8/site-packages/airflow/example_dags/example_python_operator.py for tasks to queue
[2026-07-13T13:55:16.094+0000] {logging_mixin.py:188} INFO - [2026-07-13T13:55:16.093+0000] {dagbag.py:538} INFO - Filling up the DagBag from /home/airflow/.local/lib/python3.8/site-packages/airflow/example_dags/example_python_operator.py
[2026-07-13T13:55:16.102+0000] {processor.py:840} INFO - DAG(s) 'example_python_operator' retrieved from /home/airflow/.local/lib/python3.8/site-packages/airflow/example_dags/example_python_operator.py
[2026-07-13T13:55:16.119+0000] {logging_mixin.py:188} INFO - [2026-07-13T13:55:16.119+0000] {dag.py:3036} INFO - Sync 1 DAGs
[2026-07-13T13:55:16.127+0000] {logging_mixin.py:188} INFO - [2026-07-13T13:55:16.127+0000] {dag.py:3823} INFO - Setting next_dagrun for example_python_operator to None, run_after=None
[2026-07-13T13:55:16.141+0000] {processor.py:183} INFO - Processing /home/airflow/.local/lib/python3.8/site-packages/airflow/example_dags/example_python_operator.py took 0.053 seconds
[2026-07-13T13:55:49.044+0000] {processor.py:161} INFO - Started process (PID=834) to work on /home/airflow/.local/lib/python3.8/site-packages/airflow/example_dags/example_python_operator.py
[2026-07-13T13:55:49.045+0000] {processor.py:830} INFO - Processing file /home/airflow/.local/lib/python3.8/site-packages/airflow/example_dags/example_python_operator.py for tasks to queue
[2026-07-13T13:55:49.046+0000] {logging_mixin.py:188} INFO - [2026-07-13T13:55:49.046+0000] {dagbag.py:538} INFO - Filling up the DagBag from /home/airflow/.local/lib/python3.8/site-packages/airflow/example_dags/example_python_operator.py
[2026-07-13T13:55:49.056+0000] {processor.py:840} INFO - DAG(s) 'example_python_operator' retrieved from /home/airflow/.local/lib/python3.8/site-packages/airflow/example_dags/example_python_operator.py
[2026-07-13T13:55:49.084+0000] {logging_mixin.py:188} INFO - [2026-07-13T13:55:49.084+0000] {dag.py:3036} INFO - Sync 1 DAGs
[2026-07-13T13:55:49.096+0000] {logging_mixin.py:188} INFO - [2026-07-13T13:55:49.095+0000] {dag.py:3823} INFO - Setting next_dagrun for example_python_operator to None, run_after=None
[2026-07-13T13:55:49.117+0000] {processor.py:183} INFO - Processing /home/airflow/.local/lib/python3.8/site-packages/airflow/example_dags/example_python_operator.py took 0.077 seconds
[2026-07-13T13:56:20.567+0000] {processor.py:161} INFO - Started process (PID=890) to work on /home/airflow/.local/lib/python3.8/site-packages/airflow/example_dags/example_python_operator.py
[2026-07-13T13:56:20.568+0000] {processor.py:830} INFO - Processing file /home/airflow/.local/lib/python3.8/site-packages/airflow/example_dags/example_python_operator.py for tasks to queue
[2026-07-13T13:56:20.570+0000] {logging_mixin.py:188} INFO - [2026-07-13T13:56:20.570+0000] {dagbag.py:538} INFO - Filling up the DagBag from /home/airflow/.local/lib/python3.8/site-packages/airflow/example_dags/example_python_operator.py
[2026-07-13T13:56:20.581+0000] {processor.py:840} INFO - DAG(s) 'example_python_operator' retrieved from /home/airflow/.local/lib/python3.8/site-packages/airflow/example_dags/example_python_operator.py
[2026-07-13T13:56:20.602+0000] {logging_mixin.py:188} INFO - [2026-07-13T13:56:20.602+0000] {dag.py:3036} INFO - Sync 1 DAGs
[2026-07-13T13:56:20.611+0000] {logging_mixin.py:188} INFO - [2026-07-13T13:56:20.611+0000] {dag.py:3823} INFO - Setting next_dagrun for example_python_operator to None, run_after=None
[2026-07-13T13:56:20.637+0000] {processor.py:183} INFO - Processing /home/airflow/.local/lib/python3.8/site-packages/airflow/example_dags/example_python_operator.py took 0.074 seconds
[2026-07-13T14:04:13.837+0000] {processor.py:161} INFO - Started process (PID=94) to work on /home/airflow/.local/lib/python3.8/site-packages/airflow/example_dags/example_python_operator.py
[2026-07-13T14:04:13.838+0000] {processor.py:830} INFO - Processing file /home/airflow/.local/lib/python3.8/site-packages/airflow/example_dags/example_python_operator.py for tasks to queue
[2026-07-13T14:04:13.840+0000] {logging_mixin.py:188} INFO - [2026-07-13T14:04:13.840+0000] {dagbag.py:538} INFO - Filling up the DagBag from /home/airflow/.local/lib/python3.8/site-packages/airflow/example_dags/example_python_operator.py
[2026-07-13T14:04:13.849+0000] {processor.py:840} INFO - DAG(s) 'example_python_operator' retrieved from /home/airflow/.local/lib/python3.8/site-packages/airflow/example_dags/example_python_operator.py
[2026-07-13T14:04:13.860+0000] {logging_mixin.py:188} INFO - [2026-07-13T14:04:13.860+0000] {dag.py:3036} INFO - Sync 1 DAGs
[2026-07-13T14:04:13.871+0000] {logging_mixin.py:188} INFO - [2026-07-13T14:04:13.870+0000] {dag.py:3823} INFO - Setting next_dagrun for example_python_operator to None, run_after=None
[2026-07-13T14:04:13.887+0000] {processor.py:183} INFO - Processing /home/airflow/.local/lib/python3.8/site-packages/airflow/example_dags/example_python_operator.py took 0.053 seconds
[2026-07-13T14:04:44.351+0000] {processor.py:161} INFO - Started process (PID=150) to work on /home/airflow/.local/lib/python3.8/site-packages/airflow/example_dags/example_python_operator.py
[2026-07-13T14:04:44.352+0000] {processor.py:830} INFO - Processing file /home/airflow/.local/lib/python3.8/site-packages/airflow/example_dags/example_python_operator.py for tasks to queue
[2026-07-13T14:04:44.353+0000] {logging_mixin.py:188} INFO - [2026-07-13T14:04:44.353+0000] {dagbag.py:538} INFO - Filling up the DagBag from /home/airflow/.local/lib/python3.8/site-packages/airflow/example_dags/example_python_operator.py
[2026-07-13T14:04:44.361+0000] {processor.py:840} INFO - DAG(s) 'example_python_operator' retrieved from /home/airflow/.local/lib/python3.8/site-packages/airflow/example_dags/example_python_operator.py
[2026-07-13T14:04:44.426+0000] {logging_mixin.py:188} INFO - [2026-07-13T14:04:44.426+0000] {dag.py:3036} INFO - Sync 1 DAGs
[2026-07-13T14:04:44.433+0000] {logging_mixin.py:188} INFO - [2026-07-13T14:04:44.433+0000] {dag.py:3823} INFO - Setting next_dagrun for example_python_operator to None, run_after=None
[2026-07-13T14:04:44.448+0000] {processor.py:183} INFO - Processing /home/airflow/.local/lib/python3.8/site-packages/airflow/example_dags/example_python_operator.py took 0.099 seconds
[2026-07-13T14:05:15.058+0000] {processor.py:161} INFO - Started process (PID=206) to work on /home/airflow/.local/lib/python3.8/site-packages/airflow/example_dags/example_python_operator.py
[2026-07-13T14:05:15.059+0000] {processor.py:830} INFO - Processing file /home/airflow/.local/lib/python3.8/site-packages/airflow/example_dags/example_python_operator.py for tasks to queue
[2026-07-13T14:05:15.060+0000] {logging_mixin.py:188} INFO - [2026-07-13T14:05:15.060+0000] {dagbag.py:538} INFO - Filling up the DagBag from /home/airflow/.local/lib/python3.8/site-packages/airflow/example_dags/example_python_operator.py
[2026-07-13T14:05:15.068+0000] {processor.py:840} INFO - DAG(s) 'example_python_operator' retrieved from /home/airflow/.local/lib/python3.8/site-packages/airflow/example_dags/example_python_operator.py
[2026-07-13T14:05:15.083+0000] {logging_mixin.py:188} INFO - [2026-07-13T14:05:15.082+0000] {dag.py:3036} INFO - Sync 1 DAGs
[2026-07-13T14:05:15.091+0000] {logging_mixin.py:188} INFO - [2026-07-13T14:05:15.090+0000] {dag.py:3823} INFO - Setting next_dagrun for example_python_operator to None, run_after=None
[2026-07-13T14:05:15.104+0000] {processor.py:183} INFO - Processing /home/airflow/.local/lib/python3.8/site-packages/airflow/example_dags/example_python_operator.py took 0.049 seconds
[2026-07-13T14:05:45.560+0000] {processor.py:161} INFO - Started process (PID=262) to work on /home/airflow/.local/lib/python3.8/site-packages/airflow/example_dags/example_python_operator.py
[2026-07-13T14:05:45.561+0000] {processor.py:830} INFO - Processing file /home/airflow/.local/lib/python3.8/site-packages/airflow/example_dags/example_python_operator.py for tasks to queue
[2026-07-13T14:05:45.562+0000] {logging_mixin.py:188} INFO - [2026-07-13T14:05:45.562+0000] {dagbag.py:538} INFO - Filling up the DagBag from /home/airflow/.local/lib/python3.8/site-packages/airflow/example_dags/example_python_operator.py
[2026-07-13T14:05:45.570+0000] {processor.py:840} INFO - DAG(s) 'example_python_operator' retrieved from /home/airflow/.local/lib/python3.8/site-packages/airflow/example_dags/example_python_operator.py
[2026-07-13T14:05:45.585+0000] {logging_mixin.py:188} INFO - [2026-07-13T14:05:45.584+0000] {dag.py:3036} INFO - Sync 1 DAGs
[2026-07-13T14:05:45.593+0000] {logging_mixin.py:188} INFO - [2026-07-13T14:05:45.592+0000] {dag.py:3823} INFO - Setting next_dagrun for example_python_operator to None, run_after=None
[2026-07-13T14:05:45.607+0000] {processor.py:183} INFO - Processing /home/airflow/.local/lib/python3.8/site-packages/airflow/example_dags/example_python_operator.py took 0.049 seconds
[2026-07-13T14:06:16.576+0000] {processor.py:161} INFO - Started process (PID=318) to work on /home/airflow/.local/lib/python3.8/site-packages/airflow/example_dags/example_python_operator.py
[2026-07-13T14:06:16.577+0000] {processor.py:830} INFO - Processing file /home/airflow/.local/lib/python3.8/site-packages/airflow/example_dags/example_python_operator.py for tasks to queue
[2026-07-13T14:06:16.578+0000] {logging_mixin.py:188} INFO - [2026-07-13T14:06:16.578+0000] {dagbag.py:538} INFO - Filling up the DagBag from /home/airflow/.local/lib/python3.8/site-packages/airflow/example_dags/example_python_operator.py
[2026-07-13T14:06:16.586+0000] {processor.py:840} INFO - DAG(s) 'example_python_operator' retrieved from /home/airflow/.local/lib/python3.8/site-packages/airflow/example_dags/example_python_operator.py
[2026-07-13T14:06:16.602+0000] {logging_mixin.py:188} INFO - [2026-07-13T14:06:16.602+0000] {dag.py:3036} INFO - Sync 1 DAGs
[2026-07-13T14:06:16.609+0000] {logging_mixin.py:188} INFO - [2026-07-13T14:06:16.609+0000] {dag.py:3823} INFO - Setting next_dagrun for example_python_operator to None, run_after=None
[2026-07-13T14:06:16.625+0000] {processor.py:183} INFO - Processing /home/airflow/.local/lib/python3.8/site-packages/airflow/example_dags/example_python_operator.py took 0.051 seconds
[2026-07-13T14:06:46.745+0000] {processor.py:161} INFO - Started process (PID=374) to work on /home/airflow/.local/lib/python3.8/site-packages/airflow/example_dags/example_python_operator.py
[2026-07-13T14:06:46.746+0000] {processor.py:830} INFO - Processing file /home/airflow/.local/lib/python3.8/site-packages/airflow/example_dags/example_python_operator.py for tasks to queue
[2026-07-13T14:06:46.747+0000] {logging_mixin.py:188} INFO - [2026-07-13T14:06:46.747+0000] {dagbag.py:538} INFO - Filling up the DagBag from /home/airflow/.local/lib/python3.8/site-packages/airflow/example_dags/example_python_operator.py
[2026-07-13T14:06:46.755+0000] {processor.py:840} INFO - DAG(s) 'example_python_operator' retrieved from /home/airflow/.local/lib/python3.8/site-packages/airflow/example_dags/example_python_operator.py
[2026-07-13T14:06:46.772+0000] {logging_mixin.py:188} INFO - [2026-07-13T14:06:46.772+0000] {dag.py:3036} INFO - Sync 1 DAGs
[2026-07-13T14:06:46.780+0000] {logging_mixin.py:188} INFO - [2026-07-13T14:06:46.780+0000] {dag.py:3823} INFO - Setting next_dagrun for example_python_operator to None, run_after=None
[2026-07-13T14:06:46.796+0000] {processor.py:183} INFO - Processing /home/airflow/.local/lib/python3.8/site-packages/airflow/example_dags/example_python_operator.py took 0.054 seconds
[2026-07-13T14:07:16.953+0000] {processor.py:161} INFO - Started process (PID=430) to work on /home/airflow/.local/lib/python3.8/site-packages/airflow/example_dags/example_python_operator.py
[2026-07-13T14:07:16.954+0000] {processor.py:830} INFO - Processing file /home/airflow/.local/lib/python3.8/site-packages/airflow/example_dags/example_python_operator.py for tasks to queue
[2026-07-13T14:07:16.955+0000] {logging_mixin.py:188} INFO - [2026-07-13T14:07:16.955+0000] {dagbag.py:538} INFO - Filling up the DagBag from /home/airflow/.local/lib/python3.8/site-packages/airflow/example_dags/example_python_operator.py
[2026-07-13T14:07:16.963+0000] {processor.py:840} INFO - DAG(s) 'example_python_operator' retrieved from /home/airflow/.local/lib/python3.8/site-packages/airflow/example_dags/example_python_operator.py
[2026-07-13T14:07:16.980+0000] {logging_mixin.py:188} INFO - [2026-07-13T14:07:16.980+0000] {dag.py:3036} INFO - Sync 1 DAGs
[2026-07-13T14:07:16.991+0000] {logging_mixin.py:188} INFO - [2026-07-13T14:07:16.991+0000] {dag.py:3823} INFO - Setting next_dagrun for example_python_operator to None, run_after=None
[2026-07-13T14:07:17.007+0000] {processor.py:183} INFO - Processing /home/airflow/.local/lib/python3.8/site-packages/airflow/example_dags/example_python_operator.py took 0.057 seconds
[2026-07-13T14:07:47.151+0000] {processor.py:161} INFO - Started process (PID=487) to work on /home/airflow/.local/lib/python3.8/site-packages/airflow/example_dags/example_python_operator.py
[2026-07-13T14:07:47.152+0000] {processor.py:830} INFO - Processing file /home/airflow/.local/lib/python3.8/site-packages/airflow/example_dags/example_python_operator.py for tasks to queue
[2026-07-13T14:07:47.154+0000] {logging_mixin.py:188} INFO - [2026-07-13T14:07:47.154+0000] {dagbag.py:538} INFO - Filling up the DagBag from /home/airflow/.local/lib/python3.8/site-packages/airflow/example_dags/example_python_operator.py
[2026-07-13T14:07:47.164+0000] {processor.py:840} INFO - DAG(s) 'example_python_operator' retrieved from /home/airflow/.local/lib/python3.8/site-packages/airflow/example_dags/example_python_operator.py
[2026-07-13T14:07:47.184+0000] {logging_mixin.py:188} INFO - [2026-07-13T14:07:47.183+0000] {dag.py:3036} INFO - Sync 1 DAGs
[2026-07-13T14:07:47.192+0000] {logging_mixin.py:188} INFO - [2026-07-13T14:07:47.192+0000] {dag.py:3823} INFO - Setting next_dagrun for example_python_operator to None, run_after=None
[2026-07-13T14:07:47.212+0000] {processor.py:183} INFO - Processing /home/airflow/.local/lib/python3.8/site-packages/airflow/example_dags/example_python_operator.py took 0.064 seconds
[2026-07-13T14:08:17.242+0000] {processor.py:161} INFO - Started process (PID=543) to work on /home/airflow/.local/lib/python3.8/site-packages/airflow/example_dags/example_python_operator.py
[2026-07-13T14:08:17.243+0000] {processor.py:830} INFO - Processing file /home/airflow/.local/lib/python3.8/site-packages/airflow/example_dags/example_python_operator.py for tasks to queue
[2026-07-13T14:08:17.244+0000] {logging_mixin.py:188} INFO - [2026-07-13T14:08:17.244+0000] {dagbag.py:538} INFO - Filling up the DagBag from /home/airflow/.local/lib/python3.8/site-packages/airflow/example_dags/example_python_operator.py
[2026-07-13T14:08:17.252+0000] {processor.py:840} INFO - DAG(s) 'example_python_operator' retrieved from /home/airflow/.local/lib/python3.8/site-packages/airflow/example_dags/example_python_operator.py
[2026-07-13T14:08:17.268+0000] {logging_mixin.py:188} INFO - [2026-07-13T14:08:17.268+0000] {dag.py:3036} INFO - Sync 1 DAGs
[2026-07-13T14:08:17.276+0000] {logging_mixin.py:188} INFO - [2026-07-13T14:08:17.276+0000] {dag.py:3823} INFO - Setting next_dagrun for example_python_operator to None, run_after=None
[2026-07-13T14:08:17.294+0000] {processor.py:183} INFO - Processing /home/airflow/.local/lib/python3.8/site-packages/airflow/example_dags/example_python_operator.py took 0.055 seconds
[2026-07-13T14:08:48.761+0000] {processor.py:161} INFO - Started process (PID=598) to work on /home/airflow/.local/lib/python3.8/site-packages/airflow/example_dags/example_python_operator.py
[2026-07-13T14:08:48.761+0000] {processor.py:830} INFO - Processing file /home/airflow/.local/lib/python3.8/site-packages/airflow/example_dags/example_python_operator.py for tasks to queue
[2026-07-13T14:08:48.763+0000] {logging_mixin.py:188} INFO - [2026-07-13T14:08:48.763+0000] {dagbag.py:538} INFO - Filling up the DagBag from /home/airflow/.local/lib/python3.8/site-packages/airflow/example_dags/example_python_operator.py
[2026-07-13T14:08:48.770+0000] {processor.py:840} INFO - DAG(s) 'example_python_operator' retrieved from /home/airflow/.local/lib/python3.8/site-packages/airflow/example_dags/example_python_operator.py
[2026-07-13T14:08:48.786+0000] {logging_mixin.py:188} INFO - [2026-07-13T14:08:48.786+0000] {dag.py:3036} INFO - Sync 1 DAGs
[2026-07-13T14:08:48.794+0000] {logging_mixin.py:188} INFO - [2026-07-13T14:08:48.794+0000] {dag.py:3823} INFO - Setting next_dagrun for example_python_operator to None, run_after=None
[2026-07-13T14:08:48.810+0000] {processor.py:183} INFO - Processing /home/airflow/.local/lib/python3.8/site-packages/airflow/example_dags/example_python_operator.py took 0.052 seconds
[2026-07-13T14:09:20.764+0000] {processor.py:161} INFO - Started process (PID=654) to work on /home/airflow/.local/lib/python3.8/site-packages/airflow/example_dags/example_python_operator.py
[2026-07-13T14:09:20.765+0000] {processor.py:830} INFO - Processing file /home/airflow/.local/lib/python3.8/site-packages/airflow/example_dags/example_python_operator.py for tasks to queue
[2026-07-13T14:09:20.767+0000] {logging_mixin.py:188} INFO - [2026-07-13T14:09:20.766+0000] {dagbag.py:538} INFO - Filling up the DagBag from /home/airflow/.local/lib/python3.8/site-packages/airflow/example_dags/example_python_operator.py
[2026-07-13T14:09:20.775+0000] {processor.py:840} INFO - DAG(s) 'example_python_operator' retrieved from /home/airflow/.local/lib/python3.8/site-packages/airflow/example_dags/example_python_operator.py
[2026-07-13T14:09:20.792+0000] {logging_mixin.py:188} INFO - [2026-07-13T14:09:20.792+0000] {dag.py:3036} INFO - Sync 1 DAGs
[2026-07-13T14:09:20.801+0000] {logging_mixin.py:188} INFO - [2026-07-13T14:09:20.801+0000] {dag.py:3823} INFO - Setting next_dagrun for example_python_operator to None, run_after=None
[2026-07-13T14:09:20.817+0000] {processor.py:183} INFO - Processing /home/airflow/.local/lib/python3.8/site-packages/airflow/example_dags/example_python_operator.py took 0.056 seconds
[2026-07-13T14:09:53.234+0000] {processor.py:161} INFO - Started process (PID=711) to work on /home/airflow/.local/lib/python3.8/site-packages/airflow/example_dags/example_python_operator.py
[2026-07-13T14:09:53.234+0000] {processor.py:830} INFO - Processing file /home/airflow/.local/lib/python3.8/site-packages/airflow/example_dags/example_python_operator.py for tasks to queue
[2026-07-13T14:09:53.236+0000] {logging_mixin.py:188} INFO - [2026-07-13T14:09:53.235+0000] {dagbag.py:538} INFO - Filling up the DagBag from /home/airflow/.local/lib/python3.8/site-packages/airflow/example_dags/example_python_operator.py
[2026-07-13T14:09:53.243+0000] {processor.py:840} INFO - DAG(s) 'example_python_operator' retrieved from /home/airflow/.local/lib/python3.8/site-packages/airflow/example_dags/example_python_operator.py
[2026-07-13T14:09:53.258+0000] {logging_mixin.py:188} INFO - [2026-07-13T14:09:53.258+0000] {dag.py:3036} INFO - Sync 1 DAGs
[2026-07-13T14:09:53.267+0000] {logging_mixin.py:188} INFO - [2026-07-13T14:09:53.267+0000] {dag.py:3823} INFO - Setting next_dagrun for example_python_operator to None, run_after=None
[2026-07-13T14:09:53.279+0000] {processor.py:183} INFO - Processing /home/airflow/.local/lib/python3.8/site-packages/airflow/example_dags/example_python_operator.py took 0.048 seconds
[2026-07-13T14:10:25.829+0000] {processor.py:161} INFO - Started process (PID=767) to work on /home/airflow/.local/lib/python3.8/site-packages/airflow/example_dags/example_python_operator.py
[2026-07-13T14:10:25.830+0000] {processor.py:830} INFO - Processing file /home/airflow/.local/lib/python3.8/site-packages/airflow/example_dags/example_python_operator.py for tasks to queue
[2026-07-13T14:10:25.832+0000] {logging_mixin.py:188} INFO - [2026-07-13T14:10:25.832+0000] {dagbag.py:538} INFO - Filling up the DagBag from /home/airflow/.local/lib/python3.8/site-packages/airflow/example_dags/example_python_operator.py
[2026-07-13T14:10:25.840+0000] {processor.py:840} INFO - DAG(s) 'example_python_operator' retrieved from /home/airflow/.local/lib/python3.8/site-packages/airflow/example_dags/example_python_operator.py
[2026-07-13T14:10:25.855+0000] {logging_mixin.py:188} INFO - [2026-07-13T14:10:25.855+0000] {dag.py:3036} INFO - Sync 1 DAGs
[2026-07-13T14:10:25.863+0000] {logging_mixin.py:188} INFO - [2026-07-13T14:10:25.863+0000] {dag.py:3823} INFO - Setting next_dagrun for example_python_operator to None, run_after=None
[2026-07-13T14:10:25.877+0000] {processor.py:183} INFO - Processing /home/airflow/.local/lib/python3.8/site-packages/airflow/example_dags/example_python_operator.py took 0.050 seconds
[2026-07-13T14:10:56.992+0000] {processor.py:161} INFO - Started process (PID=823) to work on /home/airflow/.local/lib/python3.8/site-packages/airflow/example_dags/example_python_operator.py
[2026-07-13T14:10:56.994+0000] {processor.py:830} INFO - Processing file /home/airflow/.local/lib/python3.8/site-packages/airflow/example_dags/example_python_operator.py for tasks to queue
[2026-07-13T14:10:56.995+0000] {logging_mixin.py:188} INFO - [2026-07-13T14:10:56.995+0000] {dagbag.py:538} INFO - Filling up the DagBag from /home/airflow/.local/lib/python3.8/site-packages/airflow/example_dags/example_python_operator.py
[2026-07-13T14:10:57.003+0000] {processor.py:840} INFO - DAG(s) 'example_python_operator' retrieved from /home/airflow/.local/lib/python3.8/site-packages/airflow/example_dags/example_python_operator.py
[2026-07-13T14:10:57.025+0000] {logging_mixin.py:188} INFO - [2026-07-13T14:10:57.024+0000] {dag.py:3036} INFO - Sync 1 DAGs
[2026-07-13T14:10:57.033+0000] {logging_mixin.py:188} INFO - [2026-07-13T14:10:57.033+0000] {dag.py:3823} INFO - Setting next_dagrun for example_python_operator to None, run_after=None
[2026-07-13T14:10:57.050+0000] {processor.py:183} INFO - Processing /home/airflow/.local/lib/python3.8/site-packages/airflow/example_dags/example_python_operator.py took 0.060 seconds
[2026-07-13T14:11:27.136+0000] {processor.py:161} INFO - Started process (PID=879) to work on /home/airflow/.local/lib/python3.8/site-packages/airflow/example_dags/example_python_operator.py
[2026-07-13T14:11:27.137+0000] {processor.py:830} INFO - Processing file /home/airflow/.local/lib/python3.8/site-packages/airflow/example_dags/example_python_operator.py for tasks to queue
[2026-07-13T14:11:27.139+0000] {logging_mixin.py:188} INFO - [2026-07-13T14:11:27.139+0000] {dagbag.py:538} INFO - Filling up the DagBag from /home/airflow/.local/lib/python3.8/site-packages/airflow/example_dags/example_python_operator.py
[2026-07-13T14:11:27.149+0000] {processor.py:840} INFO - DAG(s) 'example_python_operator' retrieved from /home/airflow/.local/lib/python3.8/site-packages/airflow/example_dags/example_python_operator.py
[2026-07-13T14:11:27.164+0000] {logging_mixin.py:188} INFO - [2026-07-13T14:11:27.164+0000] {dag.py:3036} INFO - Sync 1 DAGs
[2026-07-13T14:11:27.171+0000] {logging_mixin.py:188} INFO - [2026-07-13T14:11:27.171+0000] {dag.py:3823} INFO - Setting next_dagrun for example_python_operator to None, run_after=None
[2026-07-13T14:11:27.185+0000] {processor.py:183} INFO - Processing /home/airflow/.local/lib/python3.8/site-packages/airflow/example_dags/example_python_operator.py took 0.052 seconds
[2026-07-13T14:11:57.329+0000] {processor.py:161} INFO - Started process (PID=935) to work on /home/airflow/.local/lib/python3.8/site-packages/airflow/example_dags/example_python_operator.py
[2026-07-13T14:11:57.330+0000] {processor.py:830} INFO - Processing file /home/airflow/.local/lib/python3.8/site-packages/airflow/example_dags/example_python_operator.py for tasks to queue
[2026-07-13T14:11:57.331+0000] {logging_mixin.py:188} INFO - [2026-07-13T14:11:57.331+0000] {dagbag.py:538} INFO - Filling up the DagBag from /home/airflow/.local/lib/python3.8/site-packages/airflow/example_dags/example_python_operator.py
[2026-07-13T14:11:57.339+0000] {processor.py:840} INFO - DAG(s) 'example_python_operator' retrieved from /home/airflow/.local/lib/python3.8/site-packages/airflow/example_dags/example_python_operator.py
[2026-07-13T14:11:57.354+0000] {logging_mixin.py:188} INFO - [2026-07-13T14:11:57.353+0000] {dag.py:3036} INFO - Sync 1 DAGs
[2026-07-13T14:11:57.361+0000] {logging_mixin.py:188} INFO - [2026-07-13T14:11:57.361+0000] {dag.py:3823} INFO - Setting next_dagrun for example_python_operator to None, run_after=None
[2026-07-13T14:11:57.376+0000] {processor.py:183} INFO - Processing /home/airflow/.local/lib/python3.8/site-packages/airflow/example_dags/example_python_operator.py took 0.049 seconds
[2026-07-13T14:12:27.919+0000] {processor.py:161} INFO - Started process (PID=991) to work on /home/airflow/.local/lib/python3.8/site-packages/airflow/example_dags/example_python_operator.py
[2026-07-13T14:12:27.920+0000] {processor.py:830} INFO - Processing file /home/airflow/.local/lib/python3.8/site-packages/airflow/example_dags/example_python_operator.py for tasks to queue
[2026-07-13T14:12:27.921+0000] {logging_mixin.py:188} INFO - [2026-07-13T14:12:27.921+0000] {dagbag.py:538} INFO - Filling up the DagBag from /home/airflow/.local/lib/python3.8/site-packages/airflow/example_dags/example_python_operator.py
[2026-07-13T14:12:27.928+0000] {processor.py:840} INFO - DAG(s) 'example_python_operator' retrieved from /home/airflow/.local/lib/python3.8/site-packages/airflow/example_dags/example_python_operator.py
[2026-07-13T14:12:27.944+0000] {logging_mixin.py:188} INFO - [2026-07-13T14:12:27.944+0000] {dag.py:3036} INFO - Sync 1 DAGs
[2026-07-13T14:12:27.952+0000] {logging_mixin.py:188} INFO - [2026-07-13T14:12:27.952+0000] {dag.py:3823} INFO - Setting next_dagrun for example_python_operator to None, run_after=None
[2026-07-13T14:12:27.970+0000] {processor.py:183} INFO - Processing /home/airflow/.local/lib/python3.8/site-packages/airflow/example_dags/example_python_operator.py took 0.054 seconds
[2026-07-13T14:12:58.346+0000] {processor.py:161} INFO - Started process (PID=1047) to work on /home/airflow/.local/lib/python3.8/site-packages/airflow/example_dags/example_python_operator.py
[2026-07-13T14:12:58.347+0000] {processor.py:830} INFO - Processing file /home/airflow/.local/lib/python3.8/site-packages/airflow/example_dags/example_python_operator.py for tasks to queue
[2026-07-13T14:12:58.349+0000] {logging_mixin.py:188} INFO - [2026-07-13T14:12:58.349+0000] {dagbag.py:538} INFO - Filling up the DagBag from /home/airflow/.local/lib/python3.8/site-packages/airflow/example_dags/example_python_operator.py
[2026-07-13T14:12:58.357+0000] {processor.py:840} INFO - DAG(s) 'example_python_operator' retrieved from /home/airflow/.local/lib/python3.8/site-packages/airflow/example_dags/example_python_operator.py
[2026-07-13T14:12:58.372+0000] {logging_mixin.py:188} INFO - [2026-07-13T14:12:58.372+0000] {dag.py:3036} INFO - Sync 1 DAGs
[2026-07-13T14:12:58.379+0000] {logging_mixin.py:188} INFO - [2026-07-13T14:12:58.379+0000] {dag.py:3823} INFO - Setting next_dagrun for example_python_operator to None, run_after=None
[2026-07-13T14:12:58.395+0000] {processor.py:183} INFO - Processing /home/airflow/.local/lib/python3.8/site-packages/airflow/example_dags/example_python_operator.py took 0.051 seconds
[2026-07-13T14:13:29.365+0000] {processor.py:161} INFO - Started process (PID=1097) to work on /home/airflow/.local/lib/python3.8/site-packages/airflow/example_dags/example_python_operator.py
[2026-07-13T14:13:29.366+0000] {processor.py:830} INFO - Processing file /home/airflow/.local/lib/python3.8/site-packages/airflow/example_dags/example_python_operator.py for tasks to queue
[2026-07-13T14:13:29.368+0000] {logging_mixin.py:188} INFO - [2026-07-13T14:13:29.367+0000] {dagbag.py:538} INFO - Filling up the DagBag from /home/airflow/.local/lib/python3.8/site-packages/airflow/example_dags/example_python_operator.py
[2026-07-13T14:13:29.376+0000] {processor.py:840} INFO - DAG(s) 'example_python_operator' retrieved from /home/airflow/.local/lib/python3.8/site-packages/airflow/example_dags/example_python_operator.py
[2026-07-13T14:13:29.395+0000] {logging_mixin.py:188} INFO - [2026-07-13T14:13:29.395+0000] {dag.py:3036} INFO - Sync 1 DAGs
[2026-07-13T14:13:29.407+0000] {logging_mixin.py:188} INFO - [2026-07-13T14:13:29.407+0000] {dag.py:3823} INFO - Setting next_dagrun for example_python_operator to None, run_after=None
[2026-07-13T14:13:29.425+0000] {processor.py:183} INFO - Processing /home/airflow/.local/lib/python3.8/site-packages/airflow/example_dags/example_python_operator.py took 0.062 seconds
[2026-07-13T14:13:59.494+0000] {processor.py:161} INFO - Started process (PID=1153) to work on /home/airflow/.local/lib/python3.8/site-packages/airflow/example_dags/example_python_operator.py
[2026-07-13T14:13:59.495+0000] {processor.py:830} INFO - Processing file /home/airflow/.local/lib/python3.8/site-packages/airflow/example_dags/example_python_operator.py for tasks to queue
[2026-07-13T14:13:59.496+0000] {logging_mixin.py:188} INFO - [2026-07-13T14:13:59.496+0000] {dagbag.py:538} INFO - Filling up the DagBag from /home/airflow/.local/lib/python3.8/site-packages/airflow/example_dags/example_python_operator.py
[2026-07-13T14:13:59.503+0000] {processor.py:840} INFO - DAG(s) 'example_python_operator' retrieved from /home/airflow/.local/lib/python3.8/site-packages/airflow/example_dags/example_python_operator.py
[2026-07-13T14:13:59.521+0000] {logging_mixin.py:188} INFO - [2026-07-13T14:13:59.520+0000] {dag.py:3036} INFO - Sync 1 DAGs
[2026-07-13T14:13:59.528+0000] {logging_mixin.py:188} INFO - [2026-07-13T14:13:59.528+0000] {dag.py:3823} INFO - Setting next_dagrun for example_python_operator to None, run_after=None
[2026-07-13T14:13:59.543+0000] {processor.py:183} INFO - Processing /home/airflow/.local/lib/python3.8/site-packages/airflow/example_dags/example_python_operator.py took 0.051 seconds
[2026-07-13T14:14:30.428+0000] {processor.py:161} INFO - Started process (PID=1210) to work on /home/airflow/.local/lib/python3.8/site-packages/airflow/example_dags/example_python_operator.py
[2026-07-13T14:14:30.430+0000] {processor.py:830} INFO - Processing file /home/airflow/.local/lib/python3.8/site-packages/airflow/example_dags/example_python_operator.py for tasks to queue
[2026-07-13T14:14:30.431+0000] {logging_mixin.py:188} INFO - [2026-07-13T14:14:30.431+0000] {dagbag.py:538} INFO - Filling up the DagBag from /home/airflow/.local/lib/python3.8/site-packages/airflow/example_dags/example_python_operator.py
[2026-07-13T14:14:30.441+0000] {processor.py:840} INFO - DAG(s) 'example_python_operator' retrieved from /home/airflow/.local/lib/python3.8/site-packages/airflow/example_dags/example_python_operator.py
[2026-07-13T14:14:30.459+0000] {logging_mixin.py:188} INFO - [2026-07-13T14:14:30.459+0000] {dag.py:3036} INFO - Sync 1 DAGs
[2026-07-13T14:14:30.467+0000] {logging_mixin.py:188} INFO - [2026-07-13T14:14:30.467+0000] {dag.py:3823} INFO - Setting next_dagrun for example_python_operator to None, run_after=None
[2026-07-13T14:14:30.485+0000] {processor.py:183} INFO - Processing /home/airflow/.local/lib/python3.8/site-packages/airflow/example_dags/example_python_operator.py took 0.061 seconds
[2026-07-13T14:15:00.948+0000] {processor.py:161} INFO - Started process (PID=1266) to work on /home/airflow/.local/lib/python3.8/site-packages/airflow/example_dags/example_python_operator.py
[2026-07-13T14:15:00.949+0000] {processor.py:830} INFO - Processing file /home/airflow/.local/lib/python3.8/site-packages/airflow/example_dags/example_python_operator.py for tasks to queue
[2026-07-13T14:15:00.950+0000] {logging_mixin.py:188} INFO - [2026-07-13T14:15:00.950+0000] {dagbag.py:538} INFO - Filling up the DagBag from /home/airflow/.local/lib/python3.8/site-packages/airflow/example_dags/example_python_operator.py
[2026-07-13T14:15:00.957+0000] {processor.py:840} INFO - DAG(s) 'example_python_operator' retrieved from /home/airflow/.local/lib/python3.8/site-packages/airflow/example_dags/example_python_operator.py
[2026-07-13T14:15:00.973+0000] {logging_mixin.py:188} INFO - [2026-07-13T14:15:00.973+0000] {dag.py:3036} INFO - Sync 1 DAGs
[2026-07-13T14:15:00.981+0000] {logging_mixin.py:188} INFO - [2026-07-13T14:15:00.980+0000] {dag.py:3823} INFO - Setting next_dagrun for example_python_operator to None, run_after=None
[2026-07-13T14:15:00.997+0000] {processor.py:183} INFO - Processing /home/airflow/.local/lib/python3.8/site-packages/airflow/example_dags/example_python_operator.py took 0.051 seconds
[2026-07-13T14:15:31.395+0000] {processor.py:161} INFO - Started process (PID=1322) to work on /home/airflow/.local/lib/python3.8/site-packages/airflow/example_dags/example_python_operator.py
[2026-07-13T14:15:31.396+0000] {processor.py:830} INFO - Processing file /home/airflow/.local/lib/python3.8/site-packages/airflow/example_dags/example_python_operator.py for tasks to queue
[2026-07-13T14:15:31.399+0000] {logging_mixin.py:188} INFO - [2026-07-13T14:15:31.398+0000] {dagbag.py:538} INFO - Filling up the DagBag from /home/airflow/.local/lib/python3.8/site-packages/airflow/example_dags/example_python_operator.py
[2026-07-13T14:15:31.416+0000] {processor.py:840} INFO - DAG(s) 'example_python_operator' retrieved from /home/airflow/.local/lib/python3.8/site-packages/airflow/example_dags/example_python_operator.py
[2026-07-13T14:15:31.439+0000] {logging_mixin.py:188} INFO - [2026-07-13T14:15:31.439+0000] {dag.py:3036} INFO - Sync 1 DAGs
[2026-07-13T14:15:31.447+0000] {logging_mixin.py:188} INFO - [2026-07-13T14:15:31.447+0000] {dag.py:3823} INFO - Setting next_dagrun for example_python_operator to None, run_after=None
[2026-07-13T14:15:31.461+0000] {processor.py:183} INFO - Processing /home/airflow/.local/lib/python3.8/site-packages/airflow/example_dags/example_python_operator.py took 0.068 seconds
[2026-07-13T14:16:01.968+0000] {processor.py:161} INFO - Started process (PID=1378) to work on /home/airflow/.local/lib/python3.8/site-packages/airflow/example_dags/example_python_operator.py
[2026-07-13T14:16:01.969+0000] {processor.py:830} INFO - Processing file /home/airflow/.local/lib/python3.8/site-packages/airflow/example_dags/example_python_operator.py for tasks to queue
[2026-07-13T14:16:01.970+0000] {logging_mixin.py:188} INFO - [2026-07-13T14:16:01.970+0000] {dagbag.py:538} INFO - Filling up the DagBag from /home/airflow/.local/lib/python3.8/site-packages/airflow/example_dags/example_python_operator.py
[2026-07-13T14:16:01.977+0000] {processor.py:840} INFO - DAG(s) 'example_python_operator' retrieved from /home/airflow/.local/lib/python3.8/site-packages/airflow/example_dags/example_python_operator.py
[2026-07-13T14:16:01.994+0000] {logging_mixin.py:188} INFO - [2026-07-13T14:16:01.993+0000] {dag.py:3036} INFO - Sync 1 DAGs
[2026-07-13T14:16:02.003+0000] {logging_mixin.py:188} INFO - [2026-07-13T14:16:02.003+0000] {dag.py:3823} INFO - Setting next_dagrun for example_python_operator to None, run_after=None
[2026-07-13T14:16:02.020+0000] {processor.py:183} INFO - Processing /home/airflow/.local/lib/python3.8/site-packages/airflow/example_dags/example_python_operator.py took 0.055 seconds
[2026-07-13T14:16:32.671+0000] {processor.py:161} INFO - Started process (PID=1434) to work on /home/airflow/.local/lib/python3.8/site-packages/airflow/example_dags/example_python_operator.py
[2026-07-13T14:16:32.672+0000] {processor.py:830} INFO - Processing file /home/airflow/.local/lib/python3.8/site-packages/airflow/example_dags/example_python_operator.py for tasks to queue
[2026-07-13T14:16:32.673+0000] {logging_mixin.py:188} INFO - [2026-07-13T14:16:32.673+0000] {dagbag.py:538} INFO - Filling up the DagBag from /home/airflow/.local/lib/python3.8/site-packages/airflow/example_dags/example_python_operator.py
[2026-07-13T14:16:32.680+0000] {processor.py:840} INFO - DAG(s) 'example_python_operator' retrieved from /home/airflow/.local/lib/python3.8/site-packages/airflow/example_dags/example_python_operator.py
[2026-07-13T14:16:32.696+0000] {logging_mixin.py:188} INFO - [2026-07-13T14:16:32.696+0000] {dag.py:3036} INFO - Sync 1 DAGs
[2026-07-13T14:16:32.704+0000] {logging_mixin.py:188} INFO - [2026-07-13T14:16:32.704+0000] {dag.py:3823} INFO - Setting next_dagrun for example_python_operator to None, run_after=None
[2026-07-13T14:16:32.718+0000] {processor.py:183} INFO - Processing /home/airflow/.local/lib/python3.8/site-packages/airflow/example_dags/example_python_operator.py took 0.050 seconds
[2026-07-13T14:17:03.025+0000] {processor.py:161} INFO - Started process (PID=1490) to work on /home/airflow/.local/lib/python3.8/site-packages/airflow/example_dags/example_python_operator.py
[2026-07-13T14:17:03.027+0000] {processor.py:830} INFO - Processing file /home/airflow/.local/lib/python3.8/site-packages/airflow/example_dags/example_python_operator.py for tasks to queue
[2026-07-13T14:17:03.028+0000] {logging_mixin.py:188} INFO - [2026-07-13T14:17:03.028+0000] {dagbag.py:538} INFO - Filling up the DagBag from /home/airflow/.local/lib/python3.8/site-packages/airflow/example_dags/example_python_operator.py
[2026-07-13T14:17:03.035+0000] {processor.py:840} INFO - DAG(s) 'example_python_operator' retrieved from /home/airflow/.local/lib/python3.8/site-packages/airflow/example_dags/example_python_operator.py
[2026-07-13T14:17:03.050+0000] {logging_mixin.py:188} INFO - [2026-07-13T14:17:03.050+0000] {dag.py:3036} INFO - Sync 1 DAGs
[2026-07-13T14:17:03.059+0000] {logging_mixin.py:188} INFO - [2026-07-13T14:17:03.059+0000] {dag.py:3823} INFO - Setting next_dagrun for example_python_operator to None, run_after=None
[2026-07-13T14:17:03.075+0000] {processor.py:183} INFO - Processing /home/airflow/.local/lib/python3.8/site-packages/airflow/example_dags/example_python_operator.py took 0.053 seconds
[2026-07-13T14:17:33.583+0000] {processor.py:161} INFO - Started process (PID=1546) to work on /home/airflow/.local/lib/python3.8/site-packages/airflow/example_dags/example_python_operator.py
[2026-07-13T14:17:33.585+0000] {processor.py:830} INFO - Processing file /home/airflow/.local/lib/python3.8/site-packages/airflow/example_dags/example_python_operator.py for tasks to queue
[2026-07-13T14:17:33.586+0000] {logging_mixin.py:188} INFO - [2026-07-13T14:17:33.586+0000] {dagbag.py:538} INFO - Filling up the DagBag from /home/airflow/.local/lib/python3.8/site-packages/airflow/example_dags/example_python_operator.py
[2026-07-13T14:17:33.598+0000] {processor.py:840} INFO - DAG(s) 'example_python_operator' retrieved from /home/airflow/.local/lib/python3.8/site-packages/airflow/example_dags/example_python_operator.py
[2026-07-13T14:17:33.626+0000] {logging_mixin.py:188} INFO - [2026-07-13T14:17:33.626+0000] {dag.py:3036} INFO - Sync 1 DAGs
[2026-07-13T14:17:33.639+0000] {logging_mixin.py:188} INFO - [2026-07-13T14:17:33.639+0000] {dag.py:3823} INFO - Setting next_dagrun for example_python_operator to None, run_after=None
[2026-07-13T14:17:33.659+0000] {processor.py:183} INFO - Processing /home/airflow/.local/lib/python3.8/site-packages/airflow/example_dags/example_python_operator.py took 0.080 seconds
[2026-07-13T14:18:04.140+0000] {processor.py:161} INFO - Started process (PID=1602) to work on /home/airflow/.local/lib/python3.8/site-packages/airflow/example_dags/example_python_operator.py
[2026-07-13T14:18:04.142+0000] {processor.py:830} INFO - Processing file /home/airflow/.local/lib/python3.8/site-packages/airflow/example_dags/example_python_operator.py for tasks to queue
[2026-07-13T14:18:04.145+0000] {logging_mixin.py:188} INFO - [2026-07-13T14:18:04.145+0000] {dagbag.py:538} INFO - Filling up the DagBag from /home/airflow/.local/lib/python3.8/site-packages/airflow/example_dags/example_python_operator.py
[2026-07-13T14:18:04.160+0000] {processor.py:840} INFO - DAG(s) 'example_python_operator' retrieved from /home/airflow/.local/lib/python3.8/site-packages/airflow/example_dags/example_python_operator.py
[2026-07-13T14:18:04.184+0000] {logging_mixin.py:188} INFO - [2026-07-13T14:18:04.183+0000] {dag.py:3036} INFO - Sync 1 DAGs
[2026-07-13T14:18:04.192+0000] {logging_mixin.py:188} INFO - [2026-07-13T14:18:04.192+0000] {dag.py:3823} INFO - Setting next_dagrun for example_python_operator to None, run_after=None
[2026-07-13T14:18:04.215+0000] {processor.py:183} INFO - Processing /home/airflow/.local/lib/python3.8/site-packages/airflow/example_dags/example_python_operator.py took 0.088 seconds
[2026-07-13T14:18:35.006+0000] {processor.py:161} INFO - Started process (PID=1658) to work on /home/airflow/.local/lib/python3.8/site-packages/airflow/example_dags/example_python_operator.py
[2026-07-13T14:18:35.007+0000] {processor.py:830} INFO - Processing file /home/airflow/.local/lib/python3.8/site-packages/airflow/example_dags/example_python_operator.py for tasks to queue
[2026-07-13T14:18:35.009+0000] {logging_mixin.py:188} INFO - [2026-07-13T14:18:35.009+0000] {dagbag.py:538} INFO - Filling up the DagBag from /home/airflow/.local/lib/python3.8/site-packages/airflow/example_dags/example_python_operator.py
[2026-07-13T14:18:35.018+0000] {processor.py:840} INFO - DAG(s) 'example_python_operator' retrieved from /home/airflow/.local/lib/python3.8/site-packages/airflow/example_dags/example_python_operator.py
[2026-07-13T14:18:35.037+0000] {logging_mixin.py:188} INFO - [2026-07-13T14:18:35.037+0000] {dag.py:3036} INFO - Sync 1 DAGs
[2026-07-13T14:18:35.045+0000] {logging_mixin.py:188} INFO - [2026-07-13T14:18:35.045+0000] {dag.py:3823} INFO - Setting next_dagrun for example_python_operator to None, run_after=None
[2026-07-13T14:18:35.061+0000] {processor.py:183} INFO - Processing /home/airflow/.local/lib/python3.8/site-packages/airflow/example_dags/example_python_operator.py took 0.060 seconds
[2026-07-13T14:19:06.919+0000] {processor.py:161} INFO - Started process (PID=1714) to work on /home/airflow/.local/lib/python3.8/site-packages/airflow/example_dags/example_python_operator.py
[2026-07-13T14:19:06.920+0000] {processor.py:830} INFO - Processing file /home/airflow/.local/lib/python3.8/site-packages/airflow/example_dags/example_python_operator.py for tasks to queue
[2026-07-13T14:19:06.922+0000] {logging_mixin.py:188} INFO - [2026-07-13T14:19:06.921+0000] {dagbag.py:538} INFO - Filling up the DagBag from /home/airflow/.local/lib/python3.8/site-packages/airflow/example_dags/example_python_operator.py
[2026-07-13T14:19:06.930+0000] {processor.py:840} INFO - DAG(s) 'example_python_operator' retrieved from /home/airflow/.local/lib/python3.8/site-packages/airflow/example_dags/example_python_operator.py
[2026-07-13T14:19:06.948+0000] {logging_mixin.py:188} INFO - [2026-07-13T14:19:06.947+0000] {dag.py:3036} INFO - Sync 1 DAGs
[2026-07-13T14:19:06.957+0000] {logging_mixin.py:188} INFO - [2026-07-13T14:19:06.957+0000] {dag.py:3823} INFO - Setting next_dagrun for example_python_operator to None, run_after=None
[2026-07-13T14:19:06.976+0000] {processor.py:183} INFO - Processing /home/airflow/.local/lib/python3.8/site-packages/airflow/example_dags/example_python_operator.py took 0.060 seconds
[2026-07-13T14:19:38.584+0000] {processor.py:161} INFO - Started process (PID=1768) to work on /home/airflow/.local/lib/python3.8/site-packages/airflow/example_dags/example_python_operator.py
[2026-07-13T14:19:38.585+0000] {processor.py:830} INFO - Processing file /home/airflow/.local/lib/python3.8/site-packages/airflow/example_dags/example_python_operator.py for tasks to queue
[2026-07-13T14:19:38.586+0000] {logging_mixin.py:188} INFO - [2026-07-13T14:19:38.586+0000] {dagbag.py:538} INFO - Filling up the DagBag from /home/airflow/.local/lib/python3.8/site-packages/airflow/example_dags/example_python_operator.py
[2026-07-13T14:19:38.595+0000] {processor.py:840} INFO - DAG(s) 'example_python_operator' retrieved from /home/airflow/.local/lib/python3.8/site-packages/airflow/example_dags/example_python_operator.py
[2026-07-13T14:19:38.610+0000] {logging_mixin.py:188} INFO - [2026-07-13T14:19:38.610+0000] {dag.py:3036} INFO - Sync 1 DAGs
[2026-07-13T14:19:38.618+0000] {logging_mixin.py:188} INFO - [2026-07-13T14:19:38.618+0000] {dag.py:3823} INFO - Setting next_dagrun for example_python_operator to None, run_after=None
[2026-07-13T14:19:38.632+0000] {processor.py:183} INFO - Processing /home/airflow/.local/lib/python3.8/site-packages/airflow/example_dags/example_python_operator.py took 0.050 seconds
[2026-07-13T14:20:11.076+0000] {processor.py:161} INFO - Started process (PID=1824) to work on /home/airflow/.local/lib/python3.8/site-packages/airflow/example_dags/example_python_operator.py
[2026-07-13T14:20:11.077+0000] {processor.py:830} INFO - Processing file /home/airflow/.local/lib/python3.8/site-packages/airflow/example_dags/example_python_operator.py for tasks to queue
[2026-07-13T14:20:11.079+0000] {logging_mixin.py:188} INFO - [2026-07-13T14:20:11.078+0000] {dagbag.py:538} INFO - Filling up the DagBag from /home/airflow/.local/lib/python3.8/site-packages/airflow/example_dags/example_python_operator.py
[2026-07-13T14:20:11.086+0000] {processor.py:840} INFO - DAG(s) 'example_python_operator' retrieved from /home/airflow/.local/lib/python3.8/site-packages/airflow/example_dags/example_python_operator.py
[2026-07-13T14:20:11.103+0000] {logging_mixin.py:188} INFO - [2026-07-13T14:20:11.103+0000] {dag.py:3036} INFO - Sync 1 DAGs
[2026-07-13T14:20:11.111+0000] {logging_mixin.py:188} INFO - [2026-07-13T14:20:11.111+0000] {dag.py:3823} INFO - Setting next_dagrun for example_python_operator to None, run_after=None
[2026-07-13T14:20:11.127+0000] {processor.py:183} INFO - Processing /home/airflow/.local/lib/python3.8/site-packages/airflow/example_dags/example_python_operator.py took 0.053 seconds
[2026-07-13T14:20:43.638+0000] {processor.py:161} INFO - Started process (PID=1880) to work on /home/airflow/.local/lib/python3.8/site-packages/airflow/example_dags/example_python_operator.py
[2026-07-13T14:20:43.639+0000] {processor.py:830} INFO - Processing file /home/airflow/.local/lib/python3.8/site-packages/airflow/example_dags/example_python_operator.py for tasks to queue
[2026-07-13T14:20:43.640+0000] {logging_mixin.py:188} INFO - [2026-07-13T14:20:43.640+0000] {dagbag.py:538} INFO - Filling up the DagBag from /home/airflow/.local/lib/python3.8/site-packages/airflow/example_dags/example_python_operator.py
[2026-07-13T14:20:43.648+0000] {processor.py:840} INFO - DAG(s) 'example_python_operator' retrieved from /home/airflow/.local/lib/python3.8/site-packages/airflow/example_dags/example_python_operator.py
[2026-07-13T14:20:43.663+0000] {logging_mixin.py:188} INFO - [2026-07-13T14:20:43.662+0000] {dag.py:3036} INFO - Sync 1 DAGs
[2026-07-13T14:20:43.671+0000] {logging_mixin.py:188} INFO - [2026-07-13T14:20:43.671+0000] {dag.py:3823} INFO - Setting next_dagrun for example_python_operator to None, run_after=None
[2026-07-13T14:20:43.687+0000] {processor.py:183} INFO - Processing /home/airflow/.local/lib/python3.8/site-packages/airflow/example_dags/example_python_operator.py took 0.051 seconds
[2026-07-13T14:21:16.235+0000] {processor.py:161} INFO - Started process (PID=1936) to work on /home/airflow/.local/lib/python3.8/site-packages/airflow/example_dags/example_python_operator.py
[2026-07-13T14:21:16.236+0000] {processor.py:830} INFO - Processing file /home/airflow/.local/lib/python3.8/site-packages/airflow/example_dags/example_python_operator.py for tasks to queue
[2026-07-13T14:21:16.238+0000] {logging_mixin.py:188} INFO - [2026-07-13T14:21:16.238+0000] {dagbag.py:538} INFO - Filling up the DagBag from /home/airflow/.local/lib/python3.8/site-packages/airflow/example_dags/example_python_operator.py
[2026-07-13T14:21:16.245+0000] {processor.py:840} INFO - DAG(s) 'example_python_operator' retrieved from /home/airflow/.local/lib/python3.8/site-packages/airflow/example_dags/example_python_operator.py
[2026-07-13T14:21:16.260+0000] {logging_mixin.py:188} INFO - [2026-07-13T14:21:16.260+0000] {dag.py:3036} INFO - Sync 1 DAGs
[2026-07-13T14:21:16.268+0000] {logging_mixin.py:188} INFO - [2026-07-13T14:21:16.267+0000] {dag.py:3823} INFO - Setting next_dagrun for example_python_operator to None, run_after=None
[2026-07-13T14:21:16.283+0000] {processor.py:183} INFO - Processing /home/airflow/.local/lib/python3.8/site-packages/airflow/example_dags/example_python_operator.py took 0.051 seconds
[2026-07-13T14:21:48.767+0000] {processor.py:161} INFO - Started process (PID=1992) to work on /home/airflow/.local/lib/python3.8/site-packages/airflow/example_dags/example_python_operator.py
[2026-07-13T14:21:48.768+0000] {processor.py:830} INFO - Processing file /home/airflow/.local/lib/python3.8/site-packages/airflow/example_dags/example_python_operator.py for tasks to queue
[2026-07-13T14:21:48.770+0000] {logging_mixin.py:188} INFO - [2026-07-13T14:21:48.769+0000] {dagbag.py:538} INFO - Filling up the DagBag from /home/airflow/.local/lib/python3.8/site-packages/airflow/example_dags/example_python_operator.py
[2026-07-13T14:21:48.778+0000] {processor.py:840} INFO - DAG(s) 'example_python_operator' retrieved from /home/airflow/.local/lib/python3.8/site-packages/airflow/example_dags/example_python_operator.py
[2026-07-13T14:21:48.797+0000] {logging_mixin.py:188} INFO - [2026-07-13T14:21:48.797+0000] {dag.py:3036} INFO - Sync 1 DAGs
[2026-07-13T14:21:48.807+0000] {logging_mixin.py:188} INFO - [2026-07-13T14:21:48.807+0000] {dag.py:3823} INFO - Setting next_dagrun for example_python_operator to None, run_after=None
[2026-07-13T14:21:48.825+0000] {processor.py:183} INFO - Processing /home/airflow/.local/lib/python3.8/site-packages/airflow/example_dags/example_python_operator.py took 0.061 seconds
[2026-07-13T14:22:21.364+0000] {processor.py:161} INFO - Started process (PID=2048) to work on /home/airflow/.local/lib/python3.8/site-packages/airflow/example_dags/example_python_operator.py
[2026-07-13T14:22:21.365+0000] {processor.py:830} INFO - Processing file /home/airflow/.local/lib/python3.8/site-packages/airflow/example_dags/example_python_operator.py for tasks to queue
[2026-07-13T14:22:21.367+0000] {logging_mixin.py:188} INFO - [2026-07-13T14:22:21.367+0000] {dagbag.py:538} INFO - Filling up the DagBag from /home/airflow/.local/lib/python3.8/site-packages/airflow/example_dags/example_python_operator.py
[2026-07-13T14:22:21.375+0000] {processor.py:840} INFO - DAG(s) 'example_python_operator' retrieved from /home/airflow/.local/lib/python3.8/site-packages/airflow/example_dags/example_python_operator.py
[2026-07-13T14:22:21.392+0000] {logging_mixin.py:188} INFO - [2026-07-13T14:22:21.392+0000] {dag.py:3036} INFO - Sync 1 DAGs
[2026-07-13T14:22:21.400+0000] {logging_mixin.py:188} INFO - [2026-07-13T14:22:21.400+0000] {dag.py:3823} INFO - Setting next_dagrun for example_python_operator to None, run_after=None
[2026-07-13T14:22:21.416+0000] {processor.py:183} INFO - Processing /home/airflow/.local/lib/python3.8/site-packages/airflow/example_dags/example_python_operator.py took 0.056 seconds
[2026-07-13T14:22:53.918+0000] {processor.py:161} INFO - Started process (PID=2105) to work on /home/airflow/.local/lib/python3.8/site-packages/airflow/example_dags/example_python_operator.py
[2026-07-13T14:22:53.919+0000] {processor.py:830} INFO - Processing file /home/airflow/.local/lib/python3.8/site-packages/airflow/example_dags/example_python_operator.py for tasks to queue
[2026-07-13T14:22:53.920+0000] {logging_mixin.py:188} INFO - [2026-07-13T14:22:53.920+0000] {dagbag.py:538} INFO - Filling up the DagBag from /home/airflow/.local/lib/python3.8/site-packages/airflow/example_dags/example_python_operator.py
[2026-07-13T14:22:53.928+0000] {processor.py:840} INFO - DAG(s) 'example_python_operator' retrieved from /home/airflow/.local/lib/python3.8/site-packages/airflow/example_dags/example_python_operator.py
[2026-07-13T14:22:53.943+0000] {logging_mixin.py:188} INFO - [2026-07-13T14:22:53.943+0000] {dag.py:3036} INFO - Sync 1 DAGs
[2026-07-13T14:22:53.952+0000] {logging_mixin.py:188} INFO - [2026-07-13T14:22:53.951+0000] {dag.py:3823} INFO - Setting next_dagrun for example_python_operator to None, run_after=None
[2026-07-13T14:22:53.967+0000] {processor.py:183} INFO - Processing /home/airflow/.local/lib/python3.8/site-packages/airflow/example_dags/example_python_operator.py took 0.051 seconds
[2026-07-13T14:23:26.610+0000] {processor.py:161} INFO - Started process (PID=2161) to work on /home/airflow/.local/lib/python3.8/site-packages/airflow/example_dags/example_python_operator.py
[2026-07-13T14:23:26.611+0000] {processor.py:830} INFO - Processing file /home/airflow/.local/lib/python3.8/site-packages/airflow/example_dags/example_python_operator.py for tasks to queue
[2026-07-13T14:23:26.613+0000] {logging_mixin.py:188} INFO - [2026-07-13T14:23:26.612+0000] {dagbag.py:538} INFO - Filling up the DagBag from /home/airflow/.local/lib/python3.8/site-packages/airflow/example_dags/example_python_operator.py
[2026-07-13T14:23:26.620+0000] {processor.py:840} INFO - DAG(s) 'example_python_operator' retrieved from /home/airflow/.local/lib/python3.8/site-packages/airflow/example_dags/example_python_operator.py
[2026-07-13T14:23:26.635+0000] {logging_mixin.py:188} INFO - [2026-07-13T14:23:26.635+0000] {dag.py:3036} INFO - Sync 1 DAGs
[2026-07-13T14:23:26.644+0000] {logging_mixin.py:188} INFO - [2026-07-13T14:23:26.643+0000] {dag.py:3823} INFO - Setting next_dagrun for example_python_operator to None, run_after=None
[2026-07-13T14:23:26.661+0000] {processor.py:183} INFO - Processing /home/airflow/.local/lib/python3.8/site-packages/airflow/example_dags/example_python_operator.py took 0.053 seconds
[2026-07-13T14:23:59.139+0000] {processor.py:161} INFO - Started process (PID=2218) to work on /home/airflow/.local/lib/python3.8/site-packages/airflow/example_dags/example_python_operator.py
[2026-07-13T14:23:59.140+0000] {processor.py:830} INFO - Processing file /home/airflow/.local/lib/python3.8/site-packages/airflow/example_dags/example_python_operator.py for tasks to queue
[2026-07-13T14:23:59.142+0000] {logging_mixin.py:188} INFO - [2026-07-13T14:23:59.142+0000] {dagbag.py:538} INFO - Filling up the DagBag from /home/airflow/.local/lib/python3.8/site-packages/airflow/example_dags/example_python_operator.py
[2026-07-13T14:23:59.149+0000] {processor.py:840} INFO - DAG(s) 'example_python_operator' retrieved from /home/airflow/.local/lib/python3.8/site-packages/airflow/example_dags/example_python_operator.py
[2026-07-13T14:23:59.164+0000] {logging_mixin.py:188} INFO - [2026-07-13T14:23:59.164+0000] {dag.py:3036} INFO - Sync 1 DAGs
[2026-07-13T14:23:59.172+0000] {logging_mixin.py:188} INFO - [2026-07-13T14:23:59.172+0000] {dag.py:3823} INFO - Setting next_dagrun for example_python_operator to None, run_after=None
[2026-07-13T14:23:59.185+0000] {processor.py:183} INFO - Processing /home/airflow/.local/lib/python3.8/site-packages/airflow/example_dags/example_python_operator.py took 0.048 seconds
[2026-07-13T14:24:31.613+0000] {processor.py:161} INFO - Started process (PID=2274) to work on /home/airflow/.local/lib/python3.8/site-packages/airflow/example_dags/example_python_operator.py
[2026-07-13T14:24:31.614+0000] {processor.py:830} INFO - Processing file /home/airflow/.local/lib/python3.8/site-packages/airflow/example_dags/example_python_operator.py for tasks to queue
[2026-07-13T14:24:31.616+0000] {logging_mixin.py:188} INFO - [2026-07-13T14:24:31.615+0000] {dagbag.py:538} INFO - Filling up the DagBag from /home/airflow/.local/lib/python3.8/site-packages/airflow/example_dags/example_python_operator.py
[2026-07-13T14:24:31.623+0000] {processor.py:840} INFO - DAG(s) 'example_python_operator' retrieved from /home/airflow/.local/lib/python3.8/site-packages/airflow/example_dags/example_python_operator.py
[2026-07-13T14:24:31.638+0000] {logging_mixin.py:188} INFO - [2026-07-13T14:24:31.638+0000] {dag.py:3036} INFO - Sync 1 DAGs
[2026-07-13T14:24:31.646+0000] {logging_mixin.py:188} INFO - [2026-07-13T14:24:31.645+0000] {dag.py:3823} INFO - Setting next_dagrun for example_python_operator to None, run_after=None
[2026-07-13T14:24:31.659+0000] {processor.py:183} INFO - Processing /home/airflow/.local/lib/python3.8/site-packages/airflow/example_dags/example_python_operator.py took 0.048 seconds
[2026-07-13T14:25:04.420+0000] {processor.py:161} INFO - Started process (PID=2331) to work on /home/airflow/.local/lib/python3.8/site-packages/airflow/example_dags/example_python_operator.py
[2026-07-13T14:25:04.421+0000] {processor.py:830} INFO - Processing file /home/airflow/.local/lib/python3.8/site-packages/airflow/example_dags/example_python_operator.py for tasks to queue
[2026-07-13T14:25:04.423+0000] {logging_mixin.py:188} INFO - [2026-07-13T14:25:04.423+0000] {dagbag.py:538} INFO - Filling up the DagBag from /home/airflow/.local/lib/python3.8/site-packages/airflow/example_dags/example_python_operator.py
[2026-07-13T14:25:04.431+0000] {processor.py:840} INFO - DAG(s) 'example_python_operator' retrieved from /home/airflow/.local/lib/python3.8/site-packages/airflow/example_dags/example_python_operator.py
[2026-07-13T14:25:04.447+0000] {logging_mixin.py:188} INFO - [2026-07-13T14:25:04.447+0000] {dag.py:3036} INFO - Sync 1 DAGs
[2026-07-13T14:25:04.454+0000] {logging_mixin.py:188} INFO - [2026-07-13T14:25:04.454+0000] {dag.py:3823} INFO - Setting next_dagrun for example_python_operator to None, run_after=None
[2026-07-13T14:25:04.468+0000] {processor.py:183} INFO - Processing /home/airflow/.local/lib/python3.8/site-packages/airflow/example_dags/example_python_operator.py took 0.050 seconds
[2026-07-13T14:25:37.014+0000] {processor.py:161} INFO - Started process (PID=2387) to work on /home/airflow/.local/lib/python3.8/site-packages/airflow/example_dags/example_python_operator.py
[2026-07-13T14:25:37.015+0000] {processor.py:830} INFO - Processing file /home/airflow/.local/lib/python3.8/site-packages/airflow/example_dags/example_python_operator.py for tasks to queue
[2026-07-13T14:25:37.017+0000] {logging_mixin.py:188} INFO - [2026-07-13T14:25:37.016+0000] {dagbag.py:538} INFO - Filling up the DagBag from /home/airflow/.local/lib/python3.8/site-packages/airflow/example_dags/example_python_operator.py
[2026-07-13T14:25:37.024+0000] {processor.py:840} INFO - DAG(s) 'example_python_operator' retrieved from /home/airflow/.local/lib/python3.8/site-packages/airflow/example_dags/example_python_operator.py
[2026-07-13T14:25:37.039+0000] {logging_mixin.py:188} INFO - [2026-07-13T14:25:37.039+0000] {dag.py:3036} INFO - Sync 1 DAGs
[2026-07-13T14:25:37.047+0000] {logging_mixin.py:188} INFO - [2026-07-13T14:25:37.047+0000] {dag.py:3823} INFO - Setting next_dagrun for example_python_operator to None, run_after=None
[2026-07-13T14:25:37.065+0000] {processor.py:183} INFO - Processing /home/airflow/.local/lib/python3.8/site-packages/airflow/example_dags/example_python_operator.py took 0.053 seconds
[2026-07-13T14:26:09.567+0000] {processor.py:161} INFO - Started process (PID=2443) to work on /home/airflow/.local/lib/python3.8/site-packages/airflow/example_dags/example_python_operator.py
[2026-07-13T14:26:09.568+0000] {processor.py:830} INFO - Processing file /home/airflow/.local/lib/python3.8/site-packages/airflow/example_dags/example_python_operator.py for tasks to queue
[2026-07-13T14:26:09.569+0000] {logging_mixin.py:188} INFO - [2026-07-13T14:26:09.569+0000] {dagbag.py:538} INFO - Filling up the DagBag from /home/airflow/.local/lib/python3.8/site-packages/airflow/example_dags/example_python_operator.py
[2026-07-13T14:26:09.577+0000] {processor.py:840} INFO - DAG(s) 'example_python_operator' retrieved from /home/airflow/.local/lib/python3.8/site-packages/airflow/example_dags/example_python_operator.py
[2026-07-13T14:26:09.592+0000] {logging_mixin.py:188} INFO - [2026-07-13T14:26:09.592+0000] {dag.py:3036} INFO - Sync 1 DAGs
[2026-07-13T14:26:09.600+0000] {logging_mixin.py:188} INFO - [2026-07-13T14:26:09.600+0000] {dag.py:3823} INFO - Setting next_dagrun for example_python_operator to None, run_after=None
[2026-07-13T14:26:09.615+0000] {processor.py:183} INFO - Processing /home/airflow/.local/lib/python3.8/site-packages/airflow/example_dags/example_python_operator.py took 0.051 seconds
[2026-07-13T14:26:42.293+0000] {processor.py:161} INFO - Started process (PID=2499) to work on /home/airflow/.local/lib/python3.8/site-packages/airflow/example_dags/example_python_operator.py
[2026-07-13T14:26:42.293+0000] {processor.py:830} INFO - Processing file /home/airflow/.local/lib/python3.8/site-packages/airflow/example_dags/example_python_operator.py for tasks to queue
[2026-07-13T14:26:42.295+0000] {logging_mixin.py:188} INFO - [2026-07-13T14:26:42.295+0000] {dagbag.py:538} INFO - Filling up the DagBag from /home/airflow/.local/lib/python3.8/site-packages/airflow/example_dags/example_python_operator.py
[2026-07-13T14:26:42.302+0000] {processor.py:840} INFO - DAG(s) 'example_python_operator' retrieved from /home/airflow/.local/lib/python3.8/site-packages/airflow/example_dags/example_python_operator.py
[2026-07-13T14:26:42.317+0000] {logging_mixin.py:188} INFO - [2026-07-13T14:26:42.317+0000] {dag.py:3036} INFO - Sync 1 DAGs
[2026-07-13T14:26:42.325+0000] {logging_mixin.py:188} INFO - [2026-07-13T14:26:42.325+0000] {dag.py:3823} INFO - Setting next_dagrun for example_python_operator to None, run_after=None
[2026-07-13T14:26:42.338+0000] {processor.py:183} INFO - Processing /home/airflow/.local/lib/python3.8/site-packages/airflow/example_dags/example_python_operator.py took 0.048 seconds
[2026-07-13T14:27:14.938+0000] {processor.py:161} INFO - Started process (PID=2555) to work on /home/airflow/.local/lib/python3.8/site-packages/airflow/example_dags/example_python_operator.py
[2026-07-13T14:27:14.939+0000] {processor.py:830} INFO - Processing file /home/airflow/.local/lib/python3.8/site-packages/airflow/example_dags/example_python_operator.py for tasks to queue
[2026-07-13T14:27:14.940+0000] {logging_mixin.py:188} INFO - [2026-07-13T14:27:14.940+0000] {dagbag.py:538} INFO - Filling up the DagBag from /home/airflow/.local/lib/python3.8/site-packages/airflow/example_dags/example_python_operator.py
[2026-07-13T14:27:14.947+0000] {processor.py:840} INFO - DAG(s) 'example_python_operator' retrieved from /home/airflow/.local/lib/python3.8/site-packages/airflow/example_dags/example_python_operator.py
[2026-07-13T14:27:14.962+0000] {logging_mixin.py:188} INFO - [2026-07-13T14:27:14.962+0000] {dag.py:3036} INFO - Sync 1 DAGs
[2026-07-13T14:27:14.969+0000] {logging_mixin.py:188} INFO - [2026-07-13T14:27:14.969+0000] {dag.py:3823} INFO - Setting next_dagrun for example_python_operator to None, run_after=None
[2026-07-13T14:27:14.982+0000] {processor.py:183} INFO - Processing /home/airflow/.local/lib/python3.8/site-packages/airflow/example_dags/example_python_operator.py took 0.047 seconds
[2026-07-13T14:27:47.757+0000] {processor.py:161} INFO - Started process (PID=2611) to work on /home/airflow/.local/lib/python3.8/site-packages/airflow/example_dags/example_python_operator.py
[2026-07-13T14:27:47.758+0000] {processor.py:830} INFO - Processing file /home/airflow/.local/lib/python3.8/site-packages/airflow/example_dags/example_python_operator.py for tasks to queue
[2026-07-13T14:27:47.760+0000] {logging_mixin.py:188} INFO - [2026-07-13T14:27:47.759+0000] {dagbag.py:538} INFO - Filling up the DagBag from /home/airflow/.local/lib/python3.8/site-packages/airflow/example_dags/example_python_operator.py
[2026-07-13T14:27:47.768+0000] {processor.py:840} INFO - DAG(s) 'example_python_operator' retrieved from /home/airflow/.local/lib/python3.8/site-packages/airflow/example_dags/example_python_operator.py
[2026-07-13T14:27:47.785+0000] {logging_mixin.py:188} INFO - [2026-07-13T14:27:47.784+0000] {dag.py:3036} INFO - Sync 1 DAGs
[2026-07-13T14:27:47.792+0000] {logging_mixin.py:188} INFO - [2026-07-13T14:27:47.792+0000] {dag.py:3823} INFO - Setting next_dagrun for example_python_operator to None, run_after=None
[2026-07-13T14:27:47.806+0000] {processor.py:183} INFO - Processing /home/airflow/.local/lib/python3.8/site-packages/airflow/example_dags/example_python_operator.py took 0.052 seconds
[2026-07-13T14:28:19.625+0000] {processor.py:161} INFO - Started process (PID=2667) to work on /home/airflow/.local/lib/python3.8/site-packages/airflow/example_dags/example_python_operator.py
[2026-07-13T14:28:19.626+0000] {processor.py:830} INFO - Processing file /home/airflow/.local/lib/python3.8/site-packages/airflow/example_dags/example_python_operator.py for tasks to queue
[2026-07-13T14:28:19.629+0000] {logging_mixin.py:188} INFO - [2026-07-13T14:28:19.628+0000] {dagbag.py:538} INFO - Filling up the DagBag from /home/airflow/.local/lib/python3.8/site-packages/airflow/example_dags/example_python_operator.py
[2026-07-13T14:28:19.637+0000] {processor.py:840} INFO - DAG(s) 'example_python_operator' retrieved from /home/airflow/.local/lib/python3.8/site-packages/airflow/example_dags/example_python_operator.py
[2026-07-13T14:28:19.653+0000] {logging_mixin.py:188} INFO - [2026-07-13T14:28:19.653+0000] {dag.py:3036} INFO - Sync 1 DAGs
[2026-07-13T14:28:19.663+0000] {logging_mixin.py:188} INFO - [2026-07-13T14:28:19.663+0000] {dag.py:3823} INFO - Setting next_dagrun for example_python_operator to None, run_after=None
[2026-07-13T14:28:19.681+0000] {processor.py:183} INFO - Processing /home/airflow/.local/lib/python3.8/site-packages/airflow/example_dags/example_python_operator.py took 0.059 seconds
[2026-07-13T14:28:52.592+0000] {processor.py:161} INFO - Started process (PID=2725) to work on /home/airflow/.local/lib/python3.8/site-packages/airflow/example_dags/example_python_operator.py
[2026-07-13T14:28:52.594+0000] {processor.py:830} INFO - Processing file /home/airflow/.local/lib/python3.8/site-packages/airflow/example_dags/example_python_operator.py for tasks to queue
[2026-07-13T14:28:52.597+0000] {logging_mixin.py:188} INFO - [2026-07-13T14:28:52.596+0000] {dagbag.py:538} INFO - Filling up the DagBag from /home/airflow/.local/lib/python3.8/site-packages/airflow/example_dags/example_python_operator.py
[2026-07-13T14:28:52.611+0000] {processor.py:840} INFO - DAG(s) 'example_python_operator' retrieved from /home/airflow/.local/lib/python3.8/site-packages/airflow/example_dags/example_python_operator.py
[2026-07-13T14:28:52.641+0000] {logging_mixin.py:188} INFO - [2026-07-13T14:28:52.641+0000] {dag.py:3036} INFO - Sync 1 DAGs
[2026-07-13T14:28:52.657+0000] {logging_mixin.py:188} INFO - [2026-07-13T14:28:52.657+0000] {dag.py:3823} INFO - Setting next_dagrun for example_python_operator to None, run_after=None
[2026-07-13T14:28:52.687+0000] {processor.py:183} INFO - Processing /home/airflow/.local/lib/python3.8/site-packages/airflow/example_dags/example_python_operator.py took 0.099 seconds
[2026-07-13T14:29:27.000+0000] {processor.py:161} INFO - Started process (PID=2781) to work on /home/airflow/.local/lib/python3.8/site-packages/airflow/example_dags/example_python_operator.py
[2026-07-13T14:29:27.002+0000] {processor.py:830} INFO - Processing file /home/airflow/.local/lib/python3.8/site-packages/airflow/example_dags/example_python_operator.py for tasks to queue
[2026-07-13T14:29:27.003+0000] {logging_mixin.py:188} INFO - [2026-07-13T14:29:27.003+0000] {dagbag.py:538} INFO - Filling up the DagBag from /home/airflow/.local/lib/python3.8/site-packages/airflow/example_dags/example_python_operator.py
[2026-07-13T14:29:27.011+0000] {processor.py:840} INFO - DAG(s) 'example_python_operator' retrieved from /home/airflow/.local/lib/python3.8/site-packages/airflow/example_dags/example_python_operator.py
[2026-07-13T14:29:27.027+0000] {logging_mixin.py:188} INFO - [2026-07-13T14:29:27.027+0000] {dag.py:3036} INFO - Sync 1 DAGs
[2026-07-13T14:29:27.048+0000] {logging_mixin.py:188} INFO - [2026-07-13T14:29:27.047+0000] {dag.py:3823} INFO - Setting next_dagrun for example_python_operator to None, run_after=None
[2026-07-13T14:29:27.083+0000] {processor.py:183} INFO - Processing /home/airflow/.local/lib/python3.8/site-packages/airflow/example_dags/example_python_operator.py took 0.087 seconds
[2026-07-13T14:30:00.063+0000] {processor.py:161} INFO - Started process (PID=2837) to work on /home/airflow/.local/lib/python3.8/site-packages/airflow/example_dags/example_python_operator.py
[2026-07-13T14:30:00.065+0000] {processor.py:830} INFO - Processing file /home/airflow/.local/lib/python3.8/site-packages/airflow/example_dags/example_python_operator.py for tasks to queue
[2026-07-13T14:30:00.066+0000] {logging_mixin.py:188} INFO - [2026-07-13T14:30:00.066+0000] {dagbag.py:538} INFO - Filling up the DagBag from /home/airflow/.local/lib/python3.8/site-packages/airflow/example_dags/example_python_operator.py
[2026-07-13T14:30:00.079+0000] {processor.py:840} INFO - DAG(s) 'example_python_operator' retrieved from /home/airflow/.local/lib/python3.8/site-packages/airflow/example_dags/example_python_operator.py
[2026-07-13T14:30:00.097+0000] {logging_mixin.py:188} INFO - [2026-07-13T14:30:00.097+0000] {dag.py:3036} INFO - Sync 1 DAGs
[2026-07-13T14:30:00.105+0000] {logging_mixin.py:188} INFO - [2026-07-13T14:30:00.105+0000] {dag.py:3823} INFO - Setting next_dagrun for example_python_operator to None, run_after=None
[2026-07-13T14:30:00.128+0000] {processor.py:183} INFO - Processing /home/airflow/.local/lib/python3.8/site-packages/airflow/example_dags/example_python_operator.py took 0.067 seconds
[2026-07-13T14:30:31.176+0000] {processor.py:161} INFO - Started process (PID=2893) to work on /home/airflow/.local/lib/python3.8/site-packages/airflow/example_dags/example_python_operator.py
[2026-07-13T14:30:31.178+0000] {processor.py:830} INFO - Processing file /home/airflow/.local/lib/python3.8/site-packages/airflow/example_dags/example_python_operator.py for tasks to queue
[2026-07-13T14:30:31.178+0000] {logging_mixin.py:188} INFO - [2026-07-13T14:30:31.178+0000] {dagbag.py:538} INFO - Filling up the DagBag from /home/airflow/.local/lib/python3.8/site-packages/airflow/example_dags/example_python_operator.py
[2026-07-13T14:30:31.186+0000] {processor.py:840} INFO - DAG(s) 'example_python_operator' retrieved from /home/airflow/.local/lib/python3.8/site-packages/airflow/example_dags/example_python_operator.py
[2026-07-13T14:30:31.205+0000] {logging_mixin.py:188} INFO - [2026-07-13T14:30:31.205+0000] {dag.py:3036} INFO - Sync 1 DAGs
[2026-07-13T14:30:31.316+0000] {logging_mixin.py:188} INFO - [2026-07-13T14:30:31.316+0000] {dag.py:3823} INFO - Setting next_dagrun for example_python_operator to None, run_after=None
[2026-07-13T14:30:31.332+0000] {processor.py:183} INFO - Processing /home/airflow/.local/lib/python3.8/site-packages/airflow/example_dags/example_python_operator.py took 0.159 seconds
[2026-07-13T14:31:03.873+0000] {processor.py:161} INFO - Started process (PID=2949) to work on /home/airflow/.local/lib/python3.8/site-packages/airflow/example_dags/example_python_operator.py
[2026-07-13T14:31:03.874+0000] {processor.py:830} INFO - Processing file /home/airflow/.local/lib/python3.8/site-packages/airflow/example_dags/example_python_operator.py for tasks to queue
[2026-07-13T14:31:03.874+0000] {logging_mixin.py:188} INFO - [2026-07-13T14:31:03.874+0000] {dagbag.py:538} INFO - Filling up the DagBag from /home/airflow/.local/lib/python3.8/site-packages/airflow/example_dags/example_python_operator.py
[2026-07-13T14:31:03.883+0000] {processor.py:840} INFO - DAG(s) 'example_python_operator' retrieved from /home/airflow/.local/lib/python3.8/site-packages/airflow/example_dags/example_python_operator.py
[2026-07-13T14:31:03.900+0000] {logging_mixin.py:188} INFO - [2026-07-13T14:31:03.900+0000] {dag.py:3036} INFO - Sync 1 DAGs
[2026-07-13T14:31:03.908+0000] {logging_mixin.py:188} INFO - [2026-07-13T14:31:03.908+0000] {dag.py:3823} INFO - Setting next_dagrun for example_python_operator to None, run_after=None
[2026-07-13T14:31:03.926+0000] {processor.py:183} INFO - Processing /home/airflow/.local/lib/python3.8/site-packages/airflow/example_dags/example_python_operator.py took 0.056 seconds
[2026-07-13T14:31:36.903+0000] {processor.py:161} INFO - Started process (PID=3005) to work on /home/airflow/.local/lib/python3.8/site-packages/airflow/example_dags/example_python_operator.py
[2026-07-13T14:31:36.905+0000] {processor.py:830} INFO - Processing file /home/airflow/.local/lib/python3.8/site-packages/airflow/example_dags/example_python_operator.py for tasks to queue
[2026-07-13T14:31:36.905+0000] {logging_mixin.py:188} INFO - [2026-07-13T14:31:36.905+0000] {dagbag.py:538} INFO - Filling up the DagBag from /home/airflow/.local/lib/python3.8/site-packages/airflow/example_dags/example_python_operator.py
[2026-07-13T14:31:36.914+0000] {processor.py:840} INFO - DAG(s) 'example_python_operator' retrieved from /home/airflow/.local/lib/python3.8/site-packages/airflow/example_dags/example_python_operator.py
[2026-07-13T14:31:36.931+0000] {logging_mixin.py:188} INFO - [2026-07-13T14:31:36.930+0000] {dag.py:3036} INFO - Sync 1 DAGs
[2026-07-13T14:31:36.939+0000] {logging_mixin.py:188} INFO - [2026-07-13T14:31:36.939+0000] {dag.py:3823} INFO - Setting next_dagrun for example_python_operator to None, run_after=None
[2026-07-13T14:31:36.953+0000] {processor.py:183} INFO - Processing /home/airflow/.local/lib/python3.8/site-packages/airflow/example_dags/example_python_operator.py took 0.054 seconds
[2026-07-13T14:32:09.989+0000] {processor.py:161} INFO - Started process (PID=3061) to work on /home/airflow/.local/lib/python3.8/site-packages/airflow/example_dags/example_python_operator.py
[2026-07-13T14:32:09.990+0000] {processor.py:830} INFO - Processing file /home/airflow/.local/lib/python3.8/site-packages/airflow/example_dags/example_python_operator.py for tasks to queue
[2026-07-13T14:32:09.991+0000] {logging_mixin.py:188} INFO - [2026-07-13T14:32:09.991+0000] {dagbag.py:538} INFO - Filling up the DagBag from /home/airflow/.local/lib/python3.8/site-packages/airflow/example_dags/example_python_operator.py
[2026-07-13T14:32:10.000+0000] {processor.py:840} INFO - DAG(s) 'example_python_operator' retrieved from /home/airflow/.local/lib/python3.8/site-packages/airflow/example_dags/example_python_operator.py
[2026-07-13T14:32:10.146+0000] {logging_mixin.py:188} INFO - [2026-07-13T14:32:10.145+0000] {dag.py:3036} INFO - Sync 1 DAGs
[2026-07-13T14:32:10.155+0000] {logging_mixin.py:188} INFO - [2026-07-13T14:32:10.155+0000] {dag.py:3823} INFO - Setting next_dagrun for example_python_operator to None, run_after=None
[2026-07-13T14:32:10.173+0000] {processor.py:183} INFO - Processing /home/airflow/.local/lib/python3.8/site-packages/airflow/example_dags/example_python_operator.py took 0.187 seconds
[2026-07-13T14:32:42.046+0000] {processor.py:161} INFO - Started process (PID=3117) to work on /home/airflow/.local/lib/python3.8/site-packages/airflow/example_dags/example_python_operator.py
[2026-07-13T14:32:42.047+0000] {processor.py:830} INFO - Processing file /home/airflow/.local/lib/python3.8/site-packages/airflow/example_dags/example_python_operator.py for tasks to queue
[2026-07-13T14:32:42.048+0000] {logging_mixin.py:188} INFO - [2026-07-13T14:32:42.047+0000] {dagbag.py:538} INFO - Filling up the DagBag from /home/airflow/.local/lib/python3.8/site-packages/airflow/example_dags/example_python_operator.py
[2026-07-13T14:32:42.055+0000] {processor.py:840} INFO - DAG(s) 'example_python_operator' retrieved from /home/airflow/.local/lib/python3.8/site-packages/airflow/example_dags/example_python_operator.py
[2026-07-13T14:32:42.078+0000] {logging_mixin.py:188} INFO - [2026-07-13T14:32:42.078+0000] {dag.py:3036} INFO - Sync 1 DAGs
[2026-07-13T14:32:42.189+0000] {logging_mixin.py:188} INFO - [2026-07-13T14:32:42.189+0000] {dag.py:3823} INFO - Setting next_dagrun for example_python_operator to None, run_after=None
[2026-07-13T14:32:42.204+0000] {processor.py:183} INFO - Processing /home/airflow/.local/lib/python3.8/site-packages/airflow/example_dags/example_python_operator.py took 0.161 seconds
[2026-07-13T14:33:14.533+0000] {processor.py:161} INFO - Started process (PID=3173) to work on /home/airflow/.local/lib/python3.8/site-packages/airflow/example_dags/example_python_operator.py
[2026-07-13T14:33:14.534+0000] {processor.py:830} INFO - Processing file /home/airflow/.local/lib/python3.8/site-packages/airflow/example_dags/example_python_operator.py for tasks to queue
[2026-07-13T14:33:14.535+0000] {logging_mixin.py:188} INFO - [2026-07-13T14:33:14.535+0000] {dagbag.py:538} INFO - Filling up the DagBag from /home/airflow/.local/lib/python3.8/site-packages/airflow/example_dags/example_python_operator.py
[2026-07-13T14:33:14.545+0000] {processor.py:840} INFO - DAG(s) 'example_python_operator' retrieved from /home/airflow/.local/lib/python3.8/site-packages/airflow/example_dags/example_python_operator.py
[2026-07-13T14:33:14.563+0000] {logging_mixin.py:188} INFO - [2026-07-13T14:33:14.562+0000] {dag.py:3036} INFO - Sync 1 DAGs
[2026-07-13T14:33:14.571+0000] {logging_mixin.py:188} INFO - [2026-07-13T14:33:14.571+0000] {dag.py:3823} INFO - Setting next_dagrun for example_python_operator to None, run_after=None
[2026-07-13T14:33:14.586+0000] {processor.py:183} INFO - Processing /home/airflow/.local/lib/python3.8/site-packages/airflow/example_dags/example_python_operator.py took 0.056 seconds
[2026-07-13T14:33:47.690+0000] {processor.py:161} INFO - Started process (PID=3229) to work on /home/airflow/.local/lib/python3.8/site-packages/airflow/example_dags/example_python_operator.py
[2026-07-13T14:33:47.691+0000] {processor.py:830} INFO - Processing file /home/airflow/.local/lib/python3.8/site-packages/airflow/example_dags/example_python_operator.py for tasks to queue
[2026-07-13T14:33:47.691+0000] {logging_mixin.py:188} INFO - [2026-07-13T14:33:47.691+0000] {dagbag.py:538} INFO - Filling up the DagBag from /home/airflow/.local/lib/python3.8/site-packages/airflow/example_dags/example_python_operator.py
[2026-07-13T14:33:47.699+0000] {processor.py:840} INFO - DAG(s) 'example_python_operator' retrieved from /home/airflow/.local/lib/python3.8/site-packages/airflow/example_dags/example_python_operator.py
[2026-07-13T14:33:47.715+0000] {logging_mixin.py:188} INFO - [2026-07-13T14:33:47.715+0000] {dag.py:3036} INFO - Sync 1 DAGs
[2026-07-13T14:33:47.723+0000] {logging_mixin.py:188} INFO - [2026-07-13T14:33:47.723+0000] {dag.py:3823} INFO - Setting next_dagrun for example_python_operator to None, run_after=None
[2026-07-13T14:33:47.735+0000] {processor.py:183} INFO - Processing /home/airflow/.local/lib/python3.8/site-packages/airflow/example_dags/example_python_operator.py took 0.048 seconds
[2026-07-13T14:34:18.339+0000] {processor.py:161} INFO - Started process (PID=3285) to work on /home/airflow/.local/lib/python3.8/site-packages/airflow/example_dags/example_python_operator.py
[2026-07-13T14:34:18.341+0000] {processor.py:830} INFO - Processing file /home/airflow/.local/lib/python3.8/site-packages/airflow/example_dags/example_python_operator.py for tasks to queue
[2026-07-13T14:34:18.341+0000] {logging_mixin.py:188} INFO - [2026-07-13T14:34:18.341+0000] {dagbag.py:538} INFO - Filling up the DagBag from /home/airflow/.local/lib/python3.8/site-packages/airflow/example_dags/example_python_operator.py
[2026-07-13T14:34:18.351+0000] {processor.py:840} INFO - DAG(s) 'example_python_operator' retrieved from /home/airflow/.local/lib/python3.8/site-packages/airflow/example_dags/example_python_operator.py
[2026-07-13T14:34:18.369+0000] {logging_mixin.py:188} INFO - [2026-07-13T14:34:18.369+0000] {dag.py:3036} INFO - Sync 1 DAGs
[2026-07-13T14:34:18.378+0000] {logging_mixin.py:188} INFO - [2026-07-13T14:34:18.378+0000] {dag.py:3823} INFO - Setting next_dagrun for example_python_operator to None, run_after=None
[2026-07-13T14:34:18.391+0000] {processor.py:183} INFO - Processing /home/airflow/.local/lib/python3.8/site-packages/airflow/example_dags/example_python_operator.py took 0.054 seconds
[2026-07-13T14:34:50.807+0000] {processor.py:161} INFO - Started process (PID=3341) to work on /home/airflow/.local/lib/python3.8/site-packages/airflow/example_dags/example_python_operator.py
[2026-07-13T14:34:50.808+0000] {processor.py:830} INFO - Processing file /home/airflow/.local/lib/python3.8/site-packages/airflow/example_dags/example_python_operator.py for tasks to queue
[2026-07-13T14:34:50.809+0000] {logging_mixin.py:188} INFO - [2026-07-13T14:34:50.808+0000] {dagbag.py:538} INFO - Filling up the DagBag from /home/airflow/.local/lib/python3.8/site-packages/airflow/example_dags/example_python_operator.py
[2026-07-13T14:34:50.817+0000] {processor.py:840} INFO - DAG(s) 'example_python_operator' retrieved from /home/airflow/.local/lib/python3.8/site-packages/airflow/example_dags/example_python_operator.py
[2026-07-13T14:34:50.834+0000] {logging_mixin.py:188} INFO - [2026-07-13T14:34:50.834+0000] {dag.py:3036} INFO - Sync 1 DAGs
[2026-07-13T14:34:50.842+0000] {logging_mixin.py:188} INFO - [2026-07-13T14:34:50.842+0000] {dag.py:3823} INFO - Setting next_dagrun for example_python_operator to None, run_after=None
[2026-07-13T14:34:50.856+0000] {processor.py:183} INFO - Processing /home/airflow/.local/lib/python3.8/site-packages/airflow/example_dags/example_python_operator.py took 0.051 seconds
[2026-07-13T14:35:46.405+0000] {processor.py:161} INFO - Started process (PID=94) to work on /home/airflow/.local/lib/python3.8/site-packages/airflow/example_dags/example_python_operator.py
[2026-07-13T14:35:46.406+0000] {processor.py:830} INFO - Processing file /home/airflow/.local/lib/python3.8/site-packages/airflow/example_dags/example_python_operator.py for tasks to queue
[2026-07-13T14:35:46.408+0000] {logging_mixin.py:188} INFO - [2026-07-13T14:35:46.408+0000] {dagbag.py:538} INFO - Filling up the DagBag from /home/airflow/.local/lib/python3.8/site-packages/airflow/example_dags/example_python_operator.py
[2026-07-13T14:35:46.420+0000] {processor.py:840} INFO - DAG(s) 'example_python_operator' retrieved from /home/airflow/.local/lib/python3.8/site-packages/airflow/example_dags/example_python_operator.py
[2026-07-13T14:35:46.431+0000] {logging_mixin.py:188} INFO - [2026-07-13T14:35:46.431+0000] {dag.py:3036} INFO - Sync 1 DAGs
[2026-07-13T14:35:46.442+0000] {logging_mixin.py:188} INFO - [2026-07-13T14:35:46.442+0000] {dag.py:3823} INFO - Setting next_dagrun for example_python_operator to None, run_after=None
[2026-07-13T14:35:46.461+0000] {processor.py:183} INFO - Processing /home/airflow/.local/lib/python3.8/site-packages/airflow/example_dags/example_python_operator.py took 0.059 seconds
[2026-07-13T14:36:17.395+0000] {processor.py:161} INFO - Started process (PID=150) to work on /home/airflow/.local/lib/python3.8/site-packages/airflow/example_dags/example_python_operator.py
[2026-07-13T14:36:17.396+0000] {processor.py:830} INFO - Processing file /home/airflow/.local/lib/python3.8/site-packages/airflow/example_dags/example_python_operator.py for tasks to queue
[2026-07-13T14:36:17.397+0000] {logging_mixin.py:188} INFO - [2026-07-13T14:36:17.397+0000] {dagbag.py:538} INFO - Filling up the DagBag from /home/airflow/.local/lib/python3.8/site-packages/airflow/example_dags/example_python_operator.py
[2026-07-13T14:36:17.405+0000] {processor.py:840} INFO - DAG(s) 'example_python_operator' retrieved from /home/airflow/.local/lib/python3.8/site-packages/airflow/example_dags/example_python_operator.py
[2026-07-13T14:36:17.470+0000] {logging_mixin.py:188} INFO - [2026-07-13T14:36:17.470+0000] {dag.py:3036} INFO - Sync 1 DAGs
[2026-07-13T14:36:17.477+0000] {logging_mixin.py:188} INFO - [2026-07-13T14:36:17.476+0000] {dag.py:3823} INFO - Setting next_dagrun for example_python_operator to None, run_after=None
[2026-07-13T14:36:17.492+0000] {processor.py:183} INFO - Processing /home/airflow/.local/lib/python3.8/site-packages/airflow/example_dags/example_python_operator.py took 0.100 seconds
[2026-07-13T14:36:48.273+0000] {processor.py:161} INFO - Started process (PID=200) to work on /home/airflow/.local/lib/python3.8/site-packages/airflow/example_dags/example_python_operator.py
[2026-07-13T14:36:48.275+0000] {processor.py:830} INFO - Processing file /home/airflow/.local/lib/python3.8/site-packages/airflow/example_dags/example_python_operator.py for tasks to queue
[2026-07-13T14:36:48.276+0000] {logging_mixin.py:188} INFO - [2026-07-13T14:36:48.276+0000] {dagbag.py:538} INFO - Filling up the DagBag from /home/airflow/.local/lib/python3.8/site-packages/airflow/example_dags/example_python_operator.py
[2026-07-13T14:36:48.286+0000] {processor.py:840} INFO - DAG(s) 'example_python_operator' retrieved from /home/airflow/.local/lib/python3.8/site-packages/airflow/example_dags/example_python_operator.py
[2026-07-13T14:36:48.303+0000] {logging_mixin.py:188} INFO - [2026-07-13T14:36:48.303+0000] {dag.py:3036} INFO - Sync 1 DAGs
[2026-07-13T14:36:48.312+0000] {logging_mixin.py:188} INFO - [2026-07-13T14:36:48.312+0000] {dag.py:3823} INFO - Setting next_dagrun for example_python_operator to None, run_after=None
[2026-07-13T14:36:48.324+0000] {processor.py:183} INFO - Processing /home/airflow/.local/lib/python3.8/site-packages/airflow/example_dags/example_python_operator.py took 0.055 seconds
[2026-07-13T14:37:19.171+0000] {processor.py:161} INFO - Started process (PID=256) to work on /home/airflow/.local/lib/python3.8/site-packages/airflow/example_dags/example_python_operator.py
[2026-07-13T14:37:19.172+0000] {processor.py:830} INFO - Processing file /home/airflow/.local/lib/python3.8/site-packages/airflow/example_dags/example_python_operator.py for tasks to queue
[2026-07-13T14:37:19.174+0000] {logging_mixin.py:188} INFO - [2026-07-13T14:37:19.174+0000] {dagbag.py:538} INFO - Filling up the DagBag from /home/airflow/.local/lib/python3.8/site-packages/airflow/example_dags/example_python_operator.py
[2026-07-13T14:37:19.183+0000] {processor.py:840} INFO - DAG(s) 'example_python_operator' retrieved from /home/airflow/.local/lib/python3.8/site-packages/airflow/example_dags/example_python_operator.py
[2026-07-13T14:37:19.202+0000] {logging_mixin.py:188} INFO - [2026-07-13T14:37:19.202+0000] {dag.py:3036} INFO - Sync 1 DAGs
[2026-07-13T14:37:19.210+0000] {logging_mixin.py:188} INFO - [2026-07-13T14:37:19.210+0000] {dag.py:3823} INFO - Setting next_dagrun for example_python_operator to None, run_after=None
[2026-07-13T14:37:19.222+0000] {processor.py:183} INFO - Processing /home/airflow/.local/lib/python3.8/site-packages/airflow/example_dags/example_python_operator.py took 0.054 seconds
[2026-07-13T14:37:49.289+0000] {processor.py:161} INFO - Started process (PID=312) to work on /home/airflow/.local/lib/python3.8/site-packages/airflow/example_dags/example_python_operator.py
[2026-07-13T14:37:49.290+0000] {processor.py:830} INFO - Processing file /home/airflow/.local/lib/python3.8/site-packages/airflow/example_dags/example_python_operator.py for tasks to queue
[2026-07-13T14:37:49.292+0000] {logging_mixin.py:188} INFO - [2026-07-13T14:37:49.292+0000] {dagbag.py:538} INFO - Filling up the DagBag from /home/airflow/.local/lib/python3.8/site-packages/airflow/example_dags/example_python_operator.py
[2026-07-13T14:37:49.300+0000] {processor.py:840} INFO - DAG(s) 'example_python_operator' retrieved from /home/airflow/.local/lib/python3.8/site-packages/airflow/example_dags/example_python_operator.py
[2026-07-13T14:37:49.317+0000] {logging_mixin.py:188} INFO - [2026-07-13T14:37:49.317+0000] {dag.py:3036} INFO - Sync 1 DAGs
[2026-07-13T14:37:49.327+0000] {logging_mixin.py:188} INFO - [2026-07-13T14:37:49.326+0000] {dag.py:3823} INFO - Setting next_dagrun for example_python_operator to None, run_after=None
[2026-07-13T14:37:49.341+0000] {processor.py:183} INFO - Processing /home/airflow/.local/lib/python3.8/site-packages/airflow/example_dags/example_python_operator.py took 0.054 seconds
