[2026-07-13T09:11:23.928+0000] {processor.py:161} INFO - Started process (PID=95) to work on /home/airflow/.local/lib/python3.8/site-packages/airflow/example_dags/example_task_group_decorator.py
[2026-07-13T09:11:23.929+0000] {processor.py:830} INFO - Processing file /home/airflow/.local/lib/python3.8/site-packages/airflow/example_dags/example_task_group_decorator.py for tasks to queue
[2026-07-13T09:11:23.933+0000] {logging_mixin.py:188} INFO - [2026-07-13T09:11:23.933+0000] {dagbag.py:538} INFO - Filling up the DagBag from /home/airflow/.local/lib/python3.8/site-packages/airflow/example_dags/example_task_group_decorator.py
[2026-07-13T09:11:23.954+0000] {processor.py:840} INFO - DAG(s) 'example_task_group_decorator' retrieved from /home/airflow/.local/lib/python3.8/site-packages/airflow/example_dags/example_task_group_decorator.py
[2026-07-13T09:11:23.993+0000] {logging_mixin.py:188} INFO - [2026-07-13T09:11:23.993+0000] {dag.py:3036} INFO - Sync 1 DAGs
[2026-07-13T09:11:24.032+0000] {logging_mixin.py:188} INFO - [2026-07-13T09:11:24.032+0000] {dag.py:3823} INFO - Setting next_dagrun for example_task_group_decorator to 2026-07-12 00:00:00+00:00, run_after=2026-07-13 00:00:00+00:00
[2026-07-13T09:11:24.074+0000] {processor.py:183} INFO - Processing /home/airflow/.local/lib/python3.8/site-packages/airflow/example_dags/example_task_group_decorator.py took 0.151 seconds
[2026-07-13T09:11:54.642+0000] {processor.py:161} INFO - Started process (PID=151) to work on /home/airflow/.local/lib/python3.8/site-packages/airflow/example_dags/example_task_group_decorator.py
[2026-07-13T09:11:54.643+0000] {processor.py:830} INFO - Processing file /home/airflow/.local/lib/python3.8/site-packages/airflow/example_dags/example_task_group_decorator.py for tasks to queue
[2026-07-13T09:11:54.645+0000] {logging_mixin.py:188} INFO - [2026-07-13T09:11:54.645+0000] {dagbag.py:538} INFO - Filling up the DagBag from /home/airflow/.local/lib/python3.8/site-packages/airflow/example_dags/example_task_group_decorator.py
[2026-07-13T09:11:54.658+0000] {processor.py:840} INFO - DAG(s) 'example_task_group_decorator' retrieved from /home/airflow/.local/lib/python3.8/site-packages/airflow/example_dags/example_task_group_decorator.py
[2026-07-13T09:11:54.670+0000] {logging_mixin.py:188} INFO - [2026-07-13T09:11:54.670+0000] {dag.py:3036} INFO - Sync 1 DAGs
[2026-07-13T09:11:54.691+0000] {logging_mixin.py:188} INFO - [2026-07-13T09:11:54.691+0000] {dag.py:3823} INFO - Setting next_dagrun for example_task_group_decorator to 2026-07-12 00:00:00+00:00, run_after=2026-07-13 00:00:00+00:00
[2026-07-13T09:11:54.709+0000] {processor.py:183} INFO - Processing /home/airflow/.local/lib/python3.8/site-packages/airflow/example_dags/example_task_group_decorator.py took 0.071 seconds
[2026-07-13T09:12:25.799+0000] {processor.py:161} INFO - Started process (PID=207) to work on /home/airflow/.local/lib/python3.8/site-packages/airflow/example_dags/example_task_group_decorator.py
[2026-07-13T09:12:25.800+0000] {processor.py:830} INFO - Processing file /home/airflow/.local/lib/python3.8/site-packages/airflow/example_dags/example_task_group_decorator.py for tasks to queue
[2026-07-13T09:12:25.803+0000] {logging_mixin.py:188} INFO - [2026-07-13T09:12:25.803+0000] {dagbag.py:538} INFO - Filling up the DagBag from /home/airflow/.local/lib/python3.8/site-packages/airflow/example_dags/example_task_group_decorator.py
[2026-07-13T09:12:25.815+0000] {processor.py:840} INFO - DAG(s) 'example_task_group_decorator' retrieved from /home/airflow/.local/lib/python3.8/site-packages/airflow/example_dags/example_task_group_decorator.py
[2026-07-13T09:12:25.913+0000] {logging_mixin.py:188} INFO - [2026-07-13T09:12:25.913+0000] {dag.py:3036} INFO - Sync 1 DAGs
[2026-07-13T09:12:25.929+0000] {logging_mixin.py:188} INFO - [2026-07-13T09:12:25.929+0000] {dag.py:3823} INFO - Setting next_dagrun for example_task_group_decorator to 2026-07-12 00:00:00+00:00, run_after=2026-07-13 00:00:00+00:00
[2026-07-13T09:12:25.947+0000] {processor.py:183} INFO - Processing /home/airflow/.local/lib/python3.8/site-packages/airflow/example_dags/example_task_group_decorator.py took 0.152 seconds
[2026-07-13T09:12:56.071+0000] {processor.py:161} INFO - Started process (PID=272) to work on /home/airflow/.local/lib/python3.8/site-packages/airflow/example_dags/example_task_group_decorator.py
[2026-07-13T09:12:56.073+0000] {processor.py:830} INFO - Processing file /home/airflow/.local/lib/python3.8/site-packages/airflow/example_dags/example_task_group_decorator.py for tasks to queue
[2026-07-13T09:12:56.075+0000] {logging_mixin.py:188} INFO - [2026-07-13T09:12:56.074+0000] {dagbag.py:538} INFO - Filling up the DagBag from /home/airflow/.local/lib/python3.8/site-packages/airflow/example_dags/example_task_group_decorator.py
[2026-07-13T09:12:56.091+0000] {processor.py:840} INFO - DAG(s) 'example_task_group_decorator' retrieved from /home/airflow/.local/lib/python3.8/site-packages/airflow/example_dags/example_task_group_decorator.py
[2026-07-13T09:12:56.123+0000] {logging_mixin.py:188} INFO - [2026-07-13T09:12:56.123+0000] {dag.py:3036} INFO - Sync 1 DAGs
[2026-07-13T09:12:56.157+0000] {logging_mixin.py:188} INFO - [2026-07-13T09:12:56.156+0000] {dag.py:3823} INFO - Setting next_dagrun for example_task_group_decorator to 2026-07-12 00:00:00+00:00, run_after=2026-07-13 00:00:00+00:00
[2026-07-13T09:12:56.195+0000] {processor.py:183} INFO - Processing /home/airflow/.local/lib/python3.8/site-packages/airflow/example_dags/example_task_group_decorator.py took 0.127 seconds
[2026-07-13T09:13:26.452+0000] {processor.py:161} INFO - Started process (PID=327) to work on /home/airflow/.local/lib/python3.8/site-packages/airflow/example_dags/example_task_group_decorator.py
[2026-07-13T09:13:26.453+0000] {processor.py:830} INFO - Processing file /home/airflow/.local/lib/python3.8/site-packages/airflow/example_dags/example_task_group_decorator.py for tasks to queue
[2026-07-13T09:13:26.458+0000] {logging_mixin.py:188} INFO - [2026-07-13T09:13:26.457+0000] {dagbag.py:538} INFO - Filling up the DagBag from /home/airflow/.local/lib/python3.8/site-packages/airflow/example_dags/example_task_group_decorator.py
[2026-07-13T09:13:26.476+0000] {processor.py:840} INFO - DAG(s) 'example_task_group_decorator' retrieved from /home/airflow/.local/lib/python3.8/site-packages/airflow/example_dags/example_task_group_decorator.py
[2026-07-13T09:13:26.502+0000] {logging_mixin.py:188} INFO - [2026-07-13T09:13:26.502+0000] {dag.py:3036} INFO - Sync 1 DAGs
[2026-07-13T09:13:26.529+0000] {logging_mixin.py:188} INFO - [2026-07-13T09:13:26.529+0000] {dag.py:3823} INFO - Setting next_dagrun for example_task_group_decorator to 2026-07-12 00:00:00+00:00, run_after=2026-07-13 00:00:00+00:00
[2026-07-13T09:13:26.557+0000] {processor.py:183} INFO - Processing /home/airflow/.local/lib/python3.8/site-packages/airflow/example_dags/example_task_group_decorator.py took 0.110 seconds
[2026-07-13T09:13:57.014+0000] {processor.py:161} INFO - Started process (PID=383) to work on /home/airflow/.local/lib/python3.8/site-packages/airflow/example_dags/example_task_group_decorator.py
[2026-07-13T09:13:57.015+0000] {processor.py:830} INFO - Processing file /home/airflow/.local/lib/python3.8/site-packages/airflow/example_dags/example_task_group_decorator.py for tasks to queue
[2026-07-13T09:13:57.017+0000] {logging_mixin.py:188} INFO - [2026-07-13T09:13:57.016+0000] {dagbag.py:538} INFO - Filling up the DagBag from /home/airflow/.local/lib/python3.8/site-packages/airflow/example_dags/example_task_group_decorator.py
[2026-07-13T09:13:57.034+0000] {processor.py:840} INFO - DAG(s) 'example_task_group_decorator' retrieved from /home/airflow/.local/lib/python3.8/site-packages/airflow/example_dags/example_task_group_decorator.py
[2026-07-13T09:13:57.070+0000] {logging_mixin.py:188} INFO - [2026-07-13T09:13:57.069+0000] {dag.py:3036} INFO - Sync 1 DAGs
[2026-07-13T09:13:57.098+0000] {logging_mixin.py:188} INFO - [2026-07-13T09:13:57.098+0000] {dag.py:3823} INFO - Setting next_dagrun for example_task_group_decorator to 2026-07-12 00:00:00+00:00, run_after=2026-07-13 00:00:00+00:00
[2026-07-13T09:13:57.119+0000] {processor.py:183} INFO - Processing /home/airflow/.local/lib/python3.8/site-packages/airflow/example_dags/example_task_group_decorator.py took 0.110 seconds
[2026-07-13T09:14:27.202+0000] {processor.py:161} INFO - Started process (PID=439) to work on /home/airflow/.local/lib/python3.8/site-packages/airflow/example_dags/example_task_group_decorator.py
[2026-07-13T09:14:27.203+0000] {processor.py:830} INFO - Processing file /home/airflow/.local/lib/python3.8/site-packages/airflow/example_dags/example_task_group_decorator.py for tasks to queue
[2026-07-13T09:14:27.207+0000] {logging_mixin.py:188} INFO - [2026-07-13T09:14:27.206+0000] {dagbag.py:538} INFO - Filling up the DagBag from /home/airflow/.local/lib/python3.8/site-packages/airflow/example_dags/example_task_group_decorator.py
[2026-07-13T09:14:27.224+0000] {processor.py:840} INFO - DAG(s) 'example_task_group_decorator' retrieved from /home/airflow/.local/lib/python3.8/site-packages/airflow/example_dags/example_task_group_decorator.py
[2026-07-13T09:14:27.260+0000] {logging_mixin.py:188} INFO - [2026-07-13T09:14:27.260+0000] {dag.py:3036} INFO - Sync 1 DAGs
[2026-07-13T09:14:27.291+0000] {logging_mixin.py:188} INFO - [2026-07-13T09:14:27.291+0000] {dag.py:3823} INFO - Setting next_dagrun for example_task_group_decorator to 2026-07-12 00:00:00+00:00, run_after=2026-07-13 00:00:00+00:00
[2026-07-13T09:14:27.318+0000] {processor.py:183} INFO - Processing /home/airflow/.local/lib/python3.8/site-packages/airflow/example_dags/example_task_group_decorator.py took 0.121 seconds
[2026-07-13T09:14:57.416+0000] {processor.py:161} INFO - Started process (PID=495) to work on /home/airflow/.local/lib/python3.8/site-packages/airflow/example_dags/example_task_group_decorator.py
[2026-07-13T09:14:57.418+0000] {processor.py:830} INFO - Processing file /home/airflow/.local/lib/python3.8/site-packages/airflow/example_dags/example_task_group_decorator.py for tasks to queue
[2026-07-13T09:14:57.420+0000] {logging_mixin.py:188} INFO - [2026-07-13T09:14:57.420+0000] {dagbag.py:538} INFO - Filling up the DagBag from /home/airflow/.local/lib/python3.8/site-packages/airflow/example_dags/example_task_group_decorator.py
[2026-07-13T09:14:57.434+0000] {processor.py:840} INFO - DAG(s) 'example_task_group_decorator' retrieved from /home/airflow/.local/lib/python3.8/site-packages/airflow/example_dags/example_task_group_decorator.py
[2026-07-13T09:14:57.458+0000] {logging_mixin.py:188} INFO - [2026-07-13T09:14:57.458+0000] {dag.py:3036} INFO - Sync 1 DAGs
[2026-07-13T09:14:57.480+0000] {logging_mixin.py:188} INFO - [2026-07-13T09:14:57.480+0000] {dag.py:3823} INFO - Setting next_dagrun for example_task_group_decorator to 2026-07-12 00:00:00+00:00, run_after=2026-07-13 00:00:00+00:00
[2026-07-13T09:14:57.501+0000] {processor.py:183} INFO - Processing /home/airflow/.local/lib/python3.8/site-packages/airflow/example_dags/example_task_group_decorator.py took 0.088 seconds
[2026-07-13T09:15:27.615+0000] {processor.py:161} INFO - Started process (PID=555) to work on /home/airflow/.local/lib/python3.8/site-packages/airflow/example_dags/example_task_group_decorator.py
[2026-07-13T09:15:27.616+0000] {processor.py:830} INFO - Processing file /home/airflow/.local/lib/python3.8/site-packages/airflow/example_dags/example_task_group_decorator.py for tasks to queue
[2026-07-13T09:15:27.618+0000] {logging_mixin.py:188} INFO - [2026-07-13T09:15:27.618+0000] {dagbag.py:538} INFO - Filling up the DagBag from /home/airflow/.local/lib/python3.8/site-packages/airflow/example_dags/example_task_group_decorator.py
[2026-07-13T09:15:27.634+0000] {processor.py:840} INFO - DAG(s) 'example_task_group_decorator' retrieved from /home/airflow/.local/lib/python3.8/site-packages/airflow/example_dags/example_task_group_decorator.py
[2026-07-13T09:15:27.661+0000] {logging_mixin.py:188} INFO - [2026-07-13T09:15:27.661+0000] {dag.py:3036} INFO - Sync 1 DAGs
[2026-07-13T09:15:27.685+0000] {logging_mixin.py:188} INFO - [2026-07-13T09:15:27.685+0000] {dag.py:3823} INFO - Setting next_dagrun for example_task_group_decorator to 2026-07-12 00:00:00+00:00, run_after=2026-07-13 00:00:00+00:00
[2026-07-13T09:15:27.710+0000] {processor.py:183} INFO - Processing /home/airflow/.local/lib/python3.8/site-packages/airflow/example_dags/example_task_group_decorator.py took 0.101 seconds
[2026-07-13T09:15:57.883+0000] {processor.py:161} INFO - Started process (PID=611) to work on /home/airflow/.local/lib/python3.8/site-packages/airflow/example_dags/example_task_group_decorator.py
[2026-07-13T09:15:57.885+0000] {processor.py:830} INFO - Processing file /home/airflow/.local/lib/python3.8/site-packages/airflow/example_dags/example_task_group_decorator.py for tasks to queue
[2026-07-13T09:15:57.887+0000] {logging_mixin.py:188} INFO - [2026-07-13T09:15:57.887+0000] {dagbag.py:538} INFO - Filling up the DagBag from /home/airflow/.local/lib/python3.8/site-packages/airflow/example_dags/example_task_group_decorator.py
[2026-07-13T09:15:57.901+0000] {processor.py:840} INFO - DAG(s) 'example_task_group_decorator' retrieved from /home/airflow/.local/lib/python3.8/site-packages/airflow/example_dags/example_task_group_decorator.py
[2026-07-13T09:15:57.924+0000] {logging_mixin.py:188} INFO - [2026-07-13T09:15:57.924+0000] {dag.py:3036} INFO - Sync 1 DAGs
[2026-07-13T09:15:57.948+0000] {logging_mixin.py:188} INFO - [2026-07-13T09:15:57.948+0000] {dag.py:3823} INFO - Setting next_dagrun for example_task_group_decorator to 2026-07-12 00:00:00+00:00, run_after=2026-07-13 00:00:00+00:00
[2026-07-13T09:15:57.974+0000] {processor.py:183} INFO - Processing /home/airflow/.local/lib/python3.8/site-packages/airflow/example_dags/example_task_group_decorator.py took 0.094 seconds
[2026-07-13T10:09:01.574+0000] {processor.py:161} INFO - Started process (PID=172) to work on /home/airflow/.local/lib/python3.8/site-packages/airflow/example_dags/example_task_group_decorator.py
[2026-07-13T10:09:01.576+0000] {processor.py:830} INFO - Processing file /home/airflow/.local/lib/python3.8/site-packages/airflow/example_dags/example_task_group_decorator.py for tasks to queue
[2026-07-13T10:09:01.578+0000] {logging_mixin.py:188} INFO - [2026-07-13T10:09:01.578+0000] {dagbag.py:538} INFO - Filling up the DagBag from /home/airflow/.local/lib/python3.8/site-packages/airflow/example_dags/example_task_group_decorator.py
[2026-07-13T10:09:01.599+0000] {processor.py:840} INFO - DAG(s) 'example_task_group_decorator' retrieved from /home/airflow/.local/lib/python3.8/site-packages/airflow/example_dags/example_task_group_decorator.py
[2026-07-13T10:09:01.700+0000] {logging_mixin.py:188} INFO - [2026-07-13T10:09:01.700+0000] {dag.py:3036} INFO - Sync 1 DAGs
[2026-07-13T10:09:01.720+0000] {logging_mixin.py:188} INFO - [2026-07-13T10:09:01.719+0000] {dag.py:3823} INFO - Setting next_dagrun for example_task_group_decorator to 2026-07-12 00:00:00+00:00, run_after=2026-07-13 00:00:00+00:00
[2026-07-13T10:09:01.744+0000] {processor.py:183} INFO - Processing /home/airflow/.local/lib/python3.8/site-packages/airflow/example_dags/example_task_group_decorator.py took 0.173 seconds
[2026-07-13T10:09:31.966+0000] {processor.py:161} INFO - Started process (PID=228) to work on /home/airflow/.local/lib/python3.8/site-packages/airflow/example_dags/example_task_group_decorator.py
[2026-07-13T10:09:31.968+0000] {processor.py:830} INFO - Processing file /home/airflow/.local/lib/python3.8/site-packages/airflow/example_dags/example_task_group_decorator.py for tasks to queue
[2026-07-13T10:09:31.970+0000] {logging_mixin.py:188} INFO - [2026-07-13T10:09:31.970+0000] {dagbag.py:538} INFO - Filling up the DagBag from /home/airflow/.local/lib/python3.8/site-packages/airflow/example_dags/example_task_group_decorator.py
[2026-07-13T10:09:31.985+0000] {processor.py:840} INFO - DAG(s) 'example_task_group_decorator' retrieved from /home/airflow/.local/lib/python3.8/site-packages/airflow/example_dags/example_task_group_decorator.py
[2026-07-13T10:09:32.013+0000] {logging_mixin.py:188} INFO - [2026-07-13T10:09:32.012+0000] {dag.py:3036} INFO - Sync 1 DAGs
[2026-07-13T10:09:32.039+0000] {logging_mixin.py:188} INFO - [2026-07-13T10:09:32.038+0000] {dag.py:3823} INFO - Setting next_dagrun for example_task_group_decorator to 2026-07-12 00:00:00+00:00, run_after=2026-07-13 00:00:00+00:00
[2026-07-13T10:09:32.063+0000] {processor.py:183} INFO - Processing /home/airflow/.local/lib/python3.8/site-packages/airflow/example_dags/example_task_group_decorator.py took 0.100 seconds
[2026-07-13T10:10:02.721+0000] {processor.py:161} INFO - Started process (PID=284) to work on /home/airflow/.local/lib/python3.8/site-packages/airflow/example_dags/example_task_group_decorator.py
[2026-07-13T10:10:02.723+0000] {processor.py:830} INFO - Processing file /home/airflow/.local/lib/python3.8/site-packages/airflow/example_dags/example_task_group_decorator.py for tasks to queue
[2026-07-13T10:10:02.725+0000] {logging_mixin.py:188} INFO - [2026-07-13T10:10:02.725+0000] {dagbag.py:538} INFO - Filling up the DagBag from /home/airflow/.local/lib/python3.8/site-packages/airflow/example_dags/example_task_group_decorator.py
[2026-07-13T10:10:02.738+0000] {processor.py:840} INFO - DAG(s) 'example_task_group_decorator' retrieved from /home/airflow/.local/lib/python3.8/site-packages/airflow/example_dags/example_task_group_decorator.py
[2026-07-13T10:10:02.762+0000] {logging_mixin.py:188} INFO - [2026-07-13T10:10:02.762+0000] {dag.py:3036} INFO - Sync 1 DAGs
[2026-07-13T10:10:02.784+0000] {logging_mixin.py:188} INFO - [2026-07-13T10:10:02.784+0000] {dag.py:3823} INFO - Setting next_dagrun for example_task_group_decorator to 2026-07-12 00:00:00+00:00, run_after=2026-07-13 00:00:00+00:00
[2026-07-13T10:10:02.804+0000] {processor.py:183} INFO - Processing /home/airflow/.local/lib/python3.8/site-packages/airflow/example_dags/example_task_group_decorator.py took 0.088 seconds
[2026-07-13T10:10:33.529+0000] {processor.py:161} INFO - Started process (PID=340) to work on /home/airflow/.local/lib/python3.8/site-packages/airflow/example_dags/example_task_group_decorator.py
[2026-07-13T10:10:33.530+0000] {processor.py:830} INFO - Processing file /home/airflow/.local/lib/python3.8/site-packages/airflow/example_dags/example_task_group_decorator.py for tasks to queue
[2026-07-13T10:10:33.532+0000] {logging_mixin.py:188} INFO - [2026-07-13T10:10:33.532+0000] {dagbag.py:538} INFO - Filling up the DagBag from /home/airflow/.local/lib/python3.8/site-packages/airflow/example_dags/example_task_group_decorator.py
[2026-07-13T10:10:33.545+0000] {processor.py:840} INFO - DAG(s) 'example_task_group_decorator' retrieved from /home/airflow/.local/lib/python3.8/site-packages/airflow/example_dags/example_task_group_decorator.py
[2026-07-13T10:10:33.570+0000] {logging_mixin.py:188} INFO - [2026-07-13T10:10:33.569+0000] {dag.py:3036} INFO - Sync 1 DAGs
[2026-07-13T10:10:33.589+0000] {logging_mixin.py:188} INFO - [2026-07-13T10:10:33.588+0000] {dag.py:3823} INFO - Setting next_dagrun for example_task_group_decorator to 2026-07-12 00:00:00+00:00, run_after=2026-07-13 00:00:00+00:00
[2026-07-13T10:10:33.612+0000] {processor.py:183} INFO - Processing /home/airflow/.local/lib/python3.8/site-packages/airflow/example_dags/example_task_group_decorator.py took 0.087 seconds
[2026-07-13T10:11:04.688+0000] {processor.py:161} INFO - Started process (PID=396) to work on /home/airflow/.local/lib/python3.8/site-packages/airflow/example_dags/example_task_group_decorator.py
[2026-07-13T10:11:04.690+0000] {processor.py:830} INFO - Processing file /home/airflow/.local/lib/python3.8/site-packages/airflow/example_dags/example_task_group_decorator.py for tasks to queue
[2026-07-13T10:11:04.691+0000] {logging_mixin.py:188} INFO - [2026-07-13T10:11:04.691+0000] {dagbag.py:538} INFO - Filling up the DagBag from /home/airflow/.local/lib/python3.8/site-packages/airflow/example_dags/example_task_group_decorator.py
[2026-07-13T10:11:04.707+0000] {processor.py:840} INFO - DAG(s) 'example_task_group_decorator' retrieved from /home/airflow/.local/lib/python3.8/site-packages/airflow/example_dags/example_task_group_decorator.py
[2026-07-13T10:11:04.740+0000] {logging_mixin.py:188} INFO - [2026-07-13T10:11:04.740+0000] {dag.py:3036} INFO - Sync 1 DAGs
[2026-07-13T10:11:04.766+0000] {logging_mixin.py:188} INFO - [2026-07-13T10:11:04.766+0000] {dag.py:3823} INFO - Setting next_dagrun for example_task_group_decorator to 2026-07-12 00:00:00+00:00, run_after=2026-07-13 00:00:00+00:00
[2026-07-13T10:11:04.791+0000] {processor.py:183} INFO - Processing /home/airflow/.local/lib/python3.8/site-packages/airflow/example_dags/example_task_group_decorator.py took 0.107 seconds
[2026-07-13T10:11:35.618+0000] {processor.py:161} INFO - Started process (PID=452) to work on /home/airflow/.local/lib/python3.8/site-packages/airflow/example_dags/example_task_group_decorator.py
[2026-07-13T10:11:35.621+0000] {processor.py:830} INFO - Processing file /home/airflow/.local/lib/python3.8/site-packages/airflow/example_dags/example_task_group_decorator.py for tasks to queue
[2026-07-13T10:11:35.623+0000] {logging_mixin.py:188} INFO - [2026-07-13T10:11:35.623+0000] {dagbag.py:538} INFO - Filling up the DagBag from /home/airflow/.local/lib/python3.8/site-packages/airflow/example_dags/example_task_group_decorator.py
[2026-07-13T10:11:35.637+0000] {processor.py:840} INFO - DAG(s) 'example_task_group_decorator' retrieved from /home/airflow/.local/lib/python3.8/site-packages/airflow/example_dags/example_task_group_decorator.py
[2026-07-13T10:11:35.652+0000] {logging_mixin.py:188} INFO - [2026-07-13T10:11:35.652+0000] {dag.py:3036} INFO - Sync 1 DAGs
[2026-07-13T10:11:35.675+0000] {logging_mixin.py:188} INFO - [2026-07-13T10:11:35.675+0000] {dag.py:3823} INFO - Setting next_dagrun for example_task_group_decorator to 2026-07-12 00:00:00+00:00, run_after=2026-07-13 00:00:00+00:00
[2026-07-13T10:11:35.696+0000] {processor.py:183} INFO - Processing /home/airflow/.local/lib/python3.8/site-packages/airflow/example_dags/example_task_group_decorator.py took 0.083 seconds
[2026-07-13T10:12:07.964+0000] {processor.py:161} INFO - Started process (PID=508) to work on /home/airflow/.local/lib/python3.8/site-packages/airflow/example_dags/example_task_group_decorator.py
[2026-07-13T10:12:07.965+0000] {processor.py:830} INFO - Processing file /home/airflow/.local/lib/python3.8/site-packages/airflow/example_dags/example_task_group_decorator.py for tasks to queue
[2026-07-13T10:12:07.968+0000] {logging_mixin.py:188} INFO - [2026-07-13T10:12:07.967+0000] {dagbag.py:538} INFO - Filling up the DagBag from /home/airflow/.local/lib/python3.8/site-packages/airflow/example_dags/example_task_group_decorator.py
[2026-07-13T10:12:07.984+0000] {processor.py:840} INFO - DAG(s) 'example_task_group_decorator' retrieved from /home/airflow/.local/lib/python3.8/site-packages/airflow/example_dags/example_task_group_decorator.py
[2026-07-13T10:12:08.177+0000] {logging_mixin.py:188} INFO - [2026-07-13T10:12:08.177+0000] {dag.py:3036} INFO - Sync 1 DAGs
[2026-07-13T10:12:08.201+0000] {logging_mixin.py:188} INFO - [2026-07-13T10:12:08.201+0000] {dag.py:3823} INFO - Setting next_dagrun for example_task_group_decorator to 2026-07-12 00:00:00+00:00, run_after=2026-07-13 00:00:00+00:00
[2026-07-13T10:12:08.235+0000] {processor.py:183} INFO - Processing /home/airflow/.local/lib/python3.8/site-packages/airflow/example_dags/example_task_group_decorator.py took 0.275 seconds
[2026-07-13T10:12:38.549+0000] {processor.py:161} INFO - Started process (PID=564) to work on /home/airflow/.local/lib/python3.8/site-packages/airflow/example_dags/example_task_group_decorator.py
[2026-07-13T10:12:38.550+0000] {processor.py:830} INFO - Processing file /home/airflow/.local/lib/python3.8/site-packages/airflow/example_dags/example_task_group_decorator.py for tasks to queue
[2026-07-13T10:12:38.553+0000] {logging_mixin.py:188} INFO - [2026-07-13T10:12:38.553+0000] {dagbag.py:538} INFO - Filling up the DagBag from /home/airflow/.local/lib/python3.8/site-packages/airflow/example_dags/example_task_group_decorator.py
[2026-07-13T10:12:38.575+0000] {processor.py:840} INFO - DAG(s) 'example_task_group_decorator' retrieved from /home/airflow/.local/lib/python3.8/site-packages/airflow/example_dags/example_task_group_decorator.py
[2026-07-13T10:12:38.608+0000] {logging_mixin.py:188} INFO - [2026-07-13T10:12:38.608+0000] {dag.py:3036} INFO - Sync 1 DAGs
[2026-07-13T10:12:38.639+0000] {logging_mixin.py:188} INFO - [2026-07-13T10:12:38.637+0000] {dag.py:3823} INFO - Setting next_dagrun for example_task_group_decorator to 2026-07-12 00:00:00+00:00, run_after=2026-07-13 00:00:00+00:00
[2026-07-13T10:12:38.663+0000] {processor.py:183} INFO - Processing /home/airflow/.local/lib/python3.8/site-packages/airflow/example_dags/example_task_group_decorator.py took 0.118 seconds
[2026-07-13T10:13:09.037+0000] {processor.py:161} INFO - Started process (PID=620) to work on /home/airflow/.local/lib/python3.8/site-packages/airflow/example_dags/example_task_group_decorator.py
[2026-07-13T10:13:09.038+0000] {processor.py:830} INFO - Processing file /home/airflow/.local/lib/python3.8/site-packages/airflow/example_dags/example_task_group_decorator.py for tasks to queue
[2026-07-13T10:13:09.041+0000] {logging_mixin.py:188} INFO - [2026-07-13T10:13:09.040+0000] {dagbag.py:538} INFO - Filling up the DagBag from /home/airflow/.local/lib/python3.8/site-packages/airflow/example_dags/example_task_group_decorator.py
[2026-07-13T10:13:09.054+0000] {processor.py:840} INFO - DAG(s) 'example_task_group_decorator' retrieved from /home/airflow/.local/lib/python3.8/site-packages/airflow/example_dags/example_task_group_decorator.py
[2026-07-13T10:13:09.088+0000] {logging_mixin.py:188} INFO - [2026-07-13T10:13:09.087+0000] {dag.py:3036} INFO - Sync 1 DAGs
[2026-07-13T10:13:09.141+0000] {logging_mixin.py:188} INFO - [2026-07-13T10:13:09.140+0000] {dag.py:3823} INFO - Setting next_dagrun for example_task_group_decorator to 2026-07-12 00:00:00+00:00, run_after=2026-07-13 00:00:00+00:00
[2026-07-13T10:13:09.196+0000] {processor.py:183} INFO - Processing /home/airflow/.local/lib/python3.8/site-packages/airflow/example_dags/example_task_group_decorator.py took 0.162 seconds
[2026-07-13T10:13:39.715+0000] {processor.py:161} INFO - Started process (PID=689) to work on /home/airflow/.local/lib/python3.8/site-packages/airflow/example_dags/example_task_group_decorator.py
[2026-07-13T10:13:39.716+0000] {processor.py:830} INFO - Processing file /home/airflow/.local/lib/python3.8/site-packages/airflow/example_dags/example_task_group_decorator.py for tasks to queue
[2026-07-13T10:13:39.718+0000] {logging_mixin.py:188} INFO - [2026-07-13T10:13:39.718+0000] {dagbag.py:538} INFO - Filling up the DagBag from /home/airflow/.local/lib/python3.8/site-packages/airflow/example_dags/example_task_group_decorator.py
[2026-07-13T10:13:39.732+0000] {processor.py:840} INFO - DAG(s) 'example_task_group_decorator' retrieved from /home/airflow/.local/lib/python3.8/site-packages/airflow/example_dags/example_task_group_decorator.py
[2026-07-13T10:13:39.764+0000] {logging_mixin.py:188} INFO - [2026-07-13T10:13:39.764+0000] {dag.py:3036} INFO - Sync 1 DAGs
[2026-07-13T10:13:39.798+0000] {logging_mixin.py:188} INFO - [2026-07-13T10:13:39.798+0000] {dag.py:3823} INFO - Setting next_dagrun for example_task_group_decorator to 2026-07-12 00:00:00+00:00, run_after=2026-07-13 00:00:00+00:00
[2026-07-13T10:13:39.827+0000] {processor.py:183} INFO - Processing /home/airflow/.local/lib/python3.8/site-packages/airflow/example_dags/example_task_group_decorator.py took 0.117 seconds
[2026-07-13T10:14:10.149+0000] {processor.py:161} INFO - Started process (PID=745) to work on /home/airflow/.local/lib/python3.8/site-packages/airflow/example_dags/example_task_group_decorator.py
[2026-07-13T10:14:10.152+0000] {processor.py:830} INFO - Processing file /home/airflow/.local/lib/python3.8/site-packages/airflow/example_dags/example_task_group_decorator.py for tasks to queue
[2026-07-13T10:14:10.155+0000] {logging_mixin.py:188} INFO - [2026-07-13T10:14:10.154+0000] {dagbag.py:538} INFO - Filling up the DagBag from /home/airflow/.local/lib/python3.8/site-packages/airflow/example_dags/example_task_group_decorator.py
[2026-07-13T10:14:10.172+0000] {processor.py:840} INFO - DAG(s) 'example_task_group_decorator' retrieved from /home/airflow/.local/lib/python3.8/site-packages/airflow/example_dags/example_task_group_decorator.py
[2026-07-13T10:14:10.202+0000] {logging_mixin.py:188} INFO - [2026-07-13T10:14:10.201+0000] {dag.py:3036} INFO - Sync 1 DAGs
[2026-07-13T10:14:10.222+0000] {logging_mixin.py:188} INFO - [2026-07-13T10:14:10.222+0000] {dag.py:3823} INFO - Setting next_dagrun for example_task_group_decorator to 2026-07-12 00:00:00+00:00, run_after=2026-07-13 00:00:00+00:00
[2026-07-13T10:14:10.243+0000] {processor.py:183} INFO - Processing /home/airflow/.local/lib/python3.8/site-packages/airflow/example_dags/example_task_group_decorator.py took 0.101 seconds
[2026-07-13T10:14:40.422+0000] {processor.py:161} INFO - Started process (PID=801) to work on /home/airflow/.local/lib/python3.8/site-packages/airflow/example_dags/example_task_group_decorator.py
[2026-07-13T10:14:40.423+0000] {processor.py:830} INFO - Processing file /home/airflow/.local/lib/python3.8/site-packages/airflow/example_dags/example_task_group_decorator.py for tasks to queue
[2026-07-13T10:14:40.426+0000] {logging_mixin.py:188} INFO - [2026-07-13T10:14:40.425+0000] {dagbag.py:538} INFO - Filling up the DagBag from /home/airflow/.local/lib/python3.8/site-packages/airflow/example_dags/example_task_group_decorator.py
[2026-07-13T10:14:40.442+0000] {processor.py:840} INFO - DAG(s) 'example_task_group_decorator' retrieved from /home/airflow/.local/lib/python3.8/site-packages/airflow/example_dags/example_task_group_decorator.py
[2026-07-13T10:14:40.477+0000] {logging_mixin.py:188} INFO - [2026-07-13T10:14:40.477+0000] {dag.py:3036} INFO - Sync 1 DAGs
[2026-07-13T10:14:40.500+0000] {logging_mixin.py:188} INFO - [2026-07-13T10:14:40.499+0000] {dag.py:3823} INFO - Setting next_dagrun for example_task_group_decorator to 2026-07-12 00:00:00+00:00, run_after=2026-07-13 00:00:00+00:00
[2026-07-13T10:14:40.531+0000] {processor.py:183} INFO - Processing /home/airflow/.local/lib/python3.8/site-packages/airflow/example_dags/example_task_group_decorator.py took 0.114 seconds
[2026-07-13T10:15:10.784+0000] {processor.py:161} INFO - Started process (PID=857) to work on /home/airflow/.local/lib/python3.8/site-packages/airflow/example_dags/example_task_group_decorator.py
[2026-07-13T10:15:10.786+0000] {processor.py:830} INFO - Processing file /home/airflow/.local/lib/python3.8/site-packages/airflow/example_dags/example_task_group_decorator.py for tasks to queue
[2026-07-13T10:15:10.789+0000] {logging_mixin.py:188} INFO - [2026-07-13T10:15:10.789+0000] {dagbag.py:538} INFO - Filling up the DagBag from /home/airflow/.local/lib/python3.8/site-packages/airflow/example_dags/example_task_group_decorator.py
[2026-07-13T10:15:10.809+0000] {processor.py:840} INFO - DAG(s) 'example_task_group_decorator' retrieved from /home/airflow/.local/lib/python3.8/site-packages/airflow/example_dags/example_task_group_decorator.py
[2026-07-13T10:15:10.837+0000] {logging_mixin.py:188} INFO - [2026-07-13T10:15:10.837+0000] {dag.py:3036} INFO - Sync 1 DAGs
[2026-07-13T10:15:10.863+0000] {logging_mixin.py:188} INFO - [2026-07-13T10:15:10.863+0000] {dag.py:3823} INFO - Setting next_dagrun for example_task_group_decorator to 2026-07-12 00:00:00+00:00, run_after=2026-07-13 00:00:00+00:00
[2026-07-13T10:15:10.886+0000] {processor.py:183} INFO - Processing /home/airflow/.local/lib/python3.8/site-packages/airflow/example_dags/example_task_group_decorator.py took 0.107 seconds
[2026-07-13T10:15:41.187+0000] {processor.py:161} INFO - Started process (PID=914) to work on /home/airflow/.local/lib/python3.8/site-packages/airflow/example_dags/example_task_group_decorator.py
[2026-07-13T10:15:41.189+0000] {processor.py:830} INFO - Processing file /home/airflow/.local/lib/python3.8/site-packages/airflow/example_dags/example_task_group_decorator.py for tasks to queue
[2026-07-13T10:15:41.191+0000] {logging_mixin.py:188} INFO - [2026-07-13T10:15:41.191+0000] {dagbag.py:538} INFO - Filling up the DagBag from /home/airflow/.local/lib/python3.8/site-packages/airflow/example_dags/example_task_group_decorator.py
[2026-07-13T10:15:41.206+0000] {processor.py:840} INFO - DAG(s) 'example_task_group_decorator' retrieved from /home/airflow/.local/lib/python3.8/site-packages/airflow/example_dags/example_task_group_decorator.py
[2026-07-13T10:15:41.233+0000] {logging_mixin.py:188} INFO - [2026-07-13T10:15:41.233+0000] {dag.py:3036} INFO - Sync 1 DAGs
[2026-07-13T10:15:41.255+0000] {logging_mixin.py:188} INFO - [2026-07-13T10:15:41.255+0000] {dag.py:3823} INFO - Setting next_dagrun for example_task_group_decorator to 2026-07-12 00:00:00+00:00, run_after=2026-07-13 00:00:00+00:00
[2026-07-13T10:15:41.281+0000] {processor.py:183} INFO - Processing /home/airflow/.local/lib/python3.8/site-packages/airflow/example_dags/example_task_group_decorator.py took 0.098 seconds
[2026-07-13T10:16:11.864+0000] {processor.py:161} INFO - Started process (PID=969) to work on /home/airflow/.local/lib/python3.8/site-packages/airflow/example_dags/example_task_group_decorator.py
[2026-07-13T10:16:11.866+0000] {processor.py:830} INFO - Processing file /home/airflow/.local/lib/python3.8/site-packages/airflow/example_dags/example_task_group_decorator.py for tasks to queue
[2026-07-13T10:16:11.869+0000] {logging_mixin.py:188} INFO - [2026-07-13T10:16:11.869+0000] {dagbag.py:538} INFO - Filling up the DagBag from /home/airflow/.local/lib/python3.8/site-packages/airflow/example_dags/example_task_group_decorator.py
[2026-07-13T10:16:11.908+0000] {processor.py:840} INFO - DAG(s) 'example_task_group_decorator' retrieved from /home/airflow/.local/lib/python3.8/site-packages/airflow/example_dags/example_task_group_decorator.py
[2026-07-13T10:16:11.971+0000] {logging_mixin.py:188} INFO - [2026-07-13T10:16:11.970+0000] {dag.py:3036} INFO - Sync 1 DAGs
[2026-07-13T10:16:12.014+0000] {logging_mixin.py:188} INFO - [2026-07-13T10:16:12.013+0000] {dag.py:3823} INFO - Setting next_dagrun for example_task_group_decorator to 2026-07-12 00:00:00+00:00, run_after=2026-07-13 00:00:00+00:00
[2026-07-13T10:16:12.051+0000] {processor.py:183} INFO - Processing /home/airflow/.local/lib/python3.8/site-packages/airflow/example_dags/example_task_group_decorator.py took 0.191 seconds
[2026-07-13T10:25:19.399+0000] {processor.py:161} INFO - Started process (PID=1040) to work on /home/airflow/.local/lib/python3.8/site-packages/airflow/example_dags/example_task_group_decorator.py
[2026-07-13T10:25:19.406+0000] {processor.py:830} INFO - Processing file /home/airflow/.local/lib/python3.8/site-packages/airflow/example_dags/example_task_group_decorator.py for tasks to queue
[2026-07-13T10:25:19.408+0000] {logging_mixin.py:188} INFO - [2026-07-13T10:25:19.407+0000] {dagbag.py:538} INFO - Filling up the DagBag from /home/airflow/.local/lib/python3.8/site-packages/airflow/example_dags/example_task_group_decorator.py
[2026-07-13T10:25:19.449+0000] {processor.py:840} INFO - DAG(s) 'example_task_group_decorator' retrieved from /home/airflow/.local/lib/python3.8/site-packages/airflow/example_dags/example_task_group_decorator.py
[2026-07-13T10:25:19.512+0000] {logging_mixin.py:188} INFO - [2026-07-13T10:25:19.511+0000] {dag.py:3036} INFO - Sync 1 DAGs
[2026-07-13T10:25:19.571+0000] {logging_mixin.py:188} INFO - [2026-07-13T10:25:19.571+0000] {dag.py:3823} INFO - Setting next_dagrun for example_task_group_decorator to 2026-07-12 00:00:00+00:00, run_after=2026-07-13 00:00:00+00:00
[2026-07-13T10:25:19.646+0000] {processor.py:183} INFO - Processing /home/airflow/.local/lib/python3.8/site-packages/airflow/example_dags/example_task_group_decorator.py took 0.257 seconds
[2026-07-13T10:25:50.225+0000] {processor.py:161} INFO - Started process (PID=1096) to work on /home/airflow/.local/lib/python3.8/site-packages/airflow/example_dags/example_task_group_decorator.py
[2026-07-13T10:25:50.227+0000] {processor.py:830} INFO - Processing file /home/airflow/.local/lib/python3.8/site-packages/airflow/example_dags/example_task_group_decorator.py for tasks to queue
[2026-07-13T10:25:50.229+0000] {logging_mixin.py:188} INFO - [2026-07-13T10:25:50.228+0000] {dagbag.py:538} INFO - Filling up the DagBag from /home/airflow/.local/lib/python3.8/site-packages/airflow/example_dags/example_task_group_decorator.py
[2026-07-13T10:25:50.254+0000] {processor.py:840} INFO - DAG(s) 'example_task_group_decorator' retrieved from /home/airflow/.local/lib/python3.8/site-packages/airflow/example_dags/example_task_group_decorator.py
[2026-07-13T10:25:50.295+0000] {logging_mixin.py:188} INFO - [2026-07-13T10:25:50.295+0000] {dag.py:3036} INFO - Sync 1 DAGs
[2026-07-13T10:25:50.322+0000] {logging_mixin.py:188} INFO - [2026-07-13T10:25:50.322+0000] {dag.py:3823} INFO - Setting next_dagrun for example_task_group_decorator to 2026-07-12 00:00:00+00:00, run_after=2026-07-13 00:00:00+00:00
[2026-07-13T10:25:50.364+0000] {processor.py:183} INFO - Processing /home/airflow/.local/lib/python3.8/site-packages/airflow/example_dags/example_task_group_decorator.py took 0.145 seconds
[2026-07-13T10:44:33.564+0000] {processor.py:161} INFO - Started process (PID=93) to work on /home/airflow/.local/lib/python3.8/site-packages/airflow/example_dags/example_task_group_decorator.py
[2026-07-13T10:44:33.567+0000] {processor.py:830} INFO - Processing file /home/airflow/.local/lib/python3.8/site-packages/airflow/example_dags/example_task_group_decorator.py for tasks to queue
[2026-07-13T10:44:33.570+0000] {logging_mixin.py:188} INFO - [2026-07-13T10:44:33.569+0000] {dagbag.py:538} INFO - Filling up the DagBag from /home/airflow/.local/lib/python3.8/site-packages/airflow/example_dags/example_task_group_decorator.py
[2026-07-13T10:44:33.591+0000] {processor.py:840} INFO - DAG(s) 'example_task_group_decorator' retrieved from /home/airflow/.local/lib/python3.8/site-packages/airflow/example_dags/example_task_group_decorator.py
[2026-07-13T10:44:33.794+0000] {logging_mixin.py:188} INFO - [2026-07-13T10:44:33.793+0000] {override.py:1769} INFO - Created Permission View: can read on DAG:example_task_group_decorator
[2026-07-13T10:44:33.826+0000] {logging_mixin.py:188} INFO - [2026-07-13T10:44:33.826+0000] {override.py:1769} INFO - Created Permission View: can delete on DAG:example_task_group_decorator
[2026-07-13T10:44:33.847+0000] {logging_mixin.py:188} INFO - [2026-07-13T10:44:33.847+0000] {override.py:1769} INFO - Created Permission View: can edit on DAG:example_task_group_decorator
[2026-07-13T10:44:33.848+0000] {logging_mixin.py:188} INFO - [2026-07-13T10:44:33.848+0000] {dag.py:3036} INFO - Sync 1 DAGs
[2026-07-13T10:44:33.868+0000] {logging_mixin.py:188} INFO - [2026-07-13T10:44:33.868+0000] {dag.py:3058} INFO - Creating ORM DAG for example_task_group_decorator
[2026-07-13T10:44:33.884+0000] {logging_mixin.py:188} INFO - [2026-07-13T10:44:33.884+0000] {dag.py:3823} INFO - Setting next_dagrun for example_task_group_decorator to 2026-07-12 00:00:00+00:00, run_after=2026-07-13 00:00:00+00:00
[2026-07-13T10:44:33.911+0000] {processor.py:183} INFO - Processing /home/airflow/.local/lib/python3.8/site-packages/airflow/example_dags/example_task_group_decorator.py took 0.353 seconds
[2026-07-13T10:45:04.733+0000] {processor.py:161} INFO - Started process (PID=158) to work on /home/airflow/.local/lib/python3.8/site-packages/airflow/example_dags/example_task_group_decorator.py
[2026-07-13T10:45:04.738+0000] {processor.py:830} INFO - Processing file /home/airflow/.local/lib/python3.8/site-packages/airflow/example_dags/example_task_group_decorator.py for tasks to queue
[2026-07-13T10:45:04.741+0000] {logging_mixin.py:188} INFO - [2026-07-13T10:45:04.741+0000] {dagbag.py:538} INFO - Filling up the DagBag from /home/airflow/.local/lib/python3.8/site-packages/airflow/example_dags/example_task_group_decorator.py
[2026-07-13T10:45:04.770+0000] {processor.py:840} INFO - DAG(s) 'example_task_group_decorator' retrieved from /home/airflow/.local/lib/python3.8/site-packages/airflow/example_dags/example_task_group_decorator.py
[2026-07-13T10:45:04.820+0000] {logging_mixin.py:188} INFO - [2026-07-13T10:45:04.819+0000] {dag.py:3036} INFO - Sync 1 DAGs
[2026-07-13T10:45:04.860+0000] {logging_mixin.py:188} INFO - [2026-07-13T10:45:04.859+0000] {dag.py:3823} INFO - Setting next_dagrun for example_task_group_decorator to 2026-07-12 00:00:00+00:00, run_after=2026-07-13 00:00:00+00:00
[2026-07-13T10:45:04.899+0000] {processor.py:183} INFO - Processing /home/airflow/.local/lib/python3.8/site-packages/airflow/example_dags/example_task_group_decorator.py took 0.174 seconds
[2026-07-13T10:45:35.707+0000] {processor.py:161} INFO - Started process (PID=214) to work on /home/airflow/.local/lib/python3.8/site-packages/airflow/example_dags/example_task_group_decorator.py
[2026-07-13T10:45:35.709+0000] {processor.py:830} INFO - Processing file /home/airflow/.local/lib/python3.8/site-packages/airflow/example_dags/example_task_group_decorator.py for tasks to queue
[2026-07-13T10:45:35.711+0000] {logging_mixin.py:188} INFO - [2026-07-13T10:45:35.711+0000] {dagbag.py:538} INFO - Filling up the DagBag from /home/airflow/.local/lib/python3.8/site-packages/airflow/example_dags/example_task_group_decorator.py
[2026-07-13T10:45:35.729+0000] {processor.py:840} INFO - DAG(s) 'example_task_group_decorator' retrieved from /home/airflow/.local/lib/python3.8/site-packages/airflow/example_dags/example_task_group_decorator.py
[2026-07-13T10:45:35.759+0000] {logging_mixin.py:188} INFO - [2026-07-13T10:45:35.758+0000] {dag.py:3036} INFO - Sync 1 DAGs
[2026-07-13T10:45:35.782+0000] {logging_mixin.py:188} INFO - [2026-07-13T10:45:35.782+0000] {dag.py:3823} INFO - Setting next_dagrun for example_task_group_decorator to 2026-07-12 00:00:00+00:00, run_after=2026-07-13 00:00:00+00:00
[2026-07-13T10:45:35.805+0000] {processor.py:183} INFO - Processing /home/airflow/.local/lib/python3.8/site-packages/airflow/example_dags/example_task_group_decorator.py took 0.102 seconds
[2026-07-13T10:46:06.159+0000] {processor.py:161} INFO - Started process (PID=279) to work on /home/airflow/.local/lib/python3.8/site-packages/airflow/example_dags/example_task_group_decorator.py
[2026-07-13T10:46:06.162+0000] {processor.py:830} INFO - Processing file /home/airflow/.local/lib/python3.8/site-packages/airflow/example_dags/example_task_group_decorator.py for tasks to queue
[2026-07-13T10:46:06.166+0000] {logging_mixin.py:188} INFO - [2026-07-13T10:46:06.165+0000] {dagbag.py:538} INFO - Filling up the DagBag from /home/airflow/.local/lib/python3.8/site-packages/airflow/example_dags/example_task_group_decorator.py
[2026-07-13T10:46:06.205+0000] {processor.py:840} INFO - DAG(s) 'example_task_group_decorator' retrieved from /home/airflow/.local/lib/python3.8/site-packages/airflow/example_dags/example_task_group_decorator.py
[2026-07-13T10:46:06.282+0000] {logging_mixin.py:188} INFO - [2026-07-13T10:46:06.281+0000] {dag.py:3036} INFO - Sync 1 DAGs
[2026-07-13T10:46:06.336+0000] {logging_mixin.py:188} INFO - [2026-07-13T10:46:06.336+0000] {dag.py:3823} INFO - Setting next_dagrun for example_task_group_decorator to 2026-07-12 00:00:00+00:00, run_after=2026-07-13 00:00:00+00:00
[2026-07-13T10:46:06.389+0000] {processor.py:183} INFO - Processing /home/airflow/.local/lib/python3.8/site-packages/airflow/example_dags/example_task_group_decorator.py took 0.238 seconds
[2026-07-13T10:46:37.146+0000] {processor.py:161} INFO - Started process (PID=335) to work on /home/airflow/.local/lib/python3.8/site-packages/airflow/example_dags/example_task_group_decorator.py
[2026-07-13T10:46:37.148+0000] {processor.py:830} INFO - Processing file /home/airflow/.local/lib/python3.8/site-packages/airflow/example_dags/example_task_group_decorator.py for tasks to queue
[2026-07-13T10:46:37.151+0000] {logging_mixin.py:188} INFO - [2026-07-13T10:46:37.150+0000] {dagbag.py:538} INFO - Filling up the DagBag from /home/airflow/.local/lib/python3.8/site-packages/airflow/example_dags/example_task_group_decorator.py
[2026-07-13T10:46:37.169+0000] {processor.py:840} INFO - DAG(s) 'example_task_group_decorator' retrieved from /home/airflow/.local/lib/python3.8/site-packages/airflow/example_dags/example_task_group_decorator.py
[2026-07-13T10:46:37.202+0000] {logging_mixin.py:188} INFO - [2026-07-13T10:46:37.202+0000] {dag.py:3036} INFO - Sync 1 DAGs
[2026-07-13T10:46:37.230+0000] {logging_mixin.py:188} INFO - [2026-07-13T10:46:37.230+0000] {dag.py:3823} INFO - Setting next_dagrun for example_task_group_decorator to 2026-07-12 00:00:00+00:00, run_after=2026-07-13 00:00:00+00:00
[2026-07-13T10:46:37.255+0000] {processor.py:183} INFO - Processing /home/airflow/.local/lib/python3.8/site-packages/airflow/example_dags/example_task_group_decorator.py took 0.113 seconds
[2026-07-13T10:47:07.615+0000] {processor.py:161} INFO - Started process (PID=391) to work on /home/airflow/.local/lib/python3.8/site-packages/airflow/example_dags/example_task_group_decorator.py
[2026-07-13T10:47:07.616+0000] {processor.py:830} INFO - Processing file /home/airflow/.local/lib/python3.8/site-packages/airflow/example_dags/example_task_group_decorator.py for tasks to queue
[2026-07-13T10:47:07.618+0000] {logging_mixin.py:188} INFO - [2026-07-13T10:47:07.618+0000] {dagbag.py:538} INFO - Filling up the DagBag from /home/airflow/.local/lib/python3.8/site-packages/airflow/example_dags/example_task_group_decorator.py
[2026-07-13T10:47:07.633+0000] {processor.py:840} INFO - DAG(s) 'example_task_group_decorator' retrieved from /home/airflow/.local/lib/python3.8/site-packages/airflow/example_dags/example_task_group_decorator.py
[2026-07-13T10:47:07.659+0000] {logging_mixin.py:188} INFO - [2026-07-13T10:47:07.659+0000] {dag.py:3036} INFO - Sync 1 DAGs
[2026-07-13T10:47:07.682+0000] {logging_mixin.py:188} INFO - [2026-07-13T10:47:07.682+0000] {dag.py:3823} INFO - Setting next_dagrun for example_task_group_decorator to 2026-07-12 00:00:00+00:00, run_after=2026-07-13 00:00:00+00:00
[2026-07-13T10:47:07.703+0000] {processor.py:183} INFO - Processing /home/airflow/.local/lib/python3.8/site-packages/airflow/example_dags/example_task_group_decorator.py took 0.091 seconds
[2026-07-13T10:47:38.116+0000] {processor.py:161} INFO - Started process (PID=441) to work on /home/airflow/.local/lib/python3.8/site-packages/airflow/example_dags/example_task_group_decorator.py
[2026-07-13T10:47:38.117+0000] {processor.py:830} INFO - Processing file /home/airflow/.local/lib/python3.8/site-packages/airflow/example_dags/example_task_group_decorator.py for tasks to queue
[2026-07-13T10:47:38.119+0000] {logging_mixin.py:188} INFO - [2026-07-13T10:47:38.119+0000] {dagbag.py:538} INFO - Filling up the DagBag from /home/airflow/.local/lib/python3.8/site-packages/airflow/example_dags/example_task_group_decorator.py
[2026-07-13T10:47:38.134+0000] {processor.py:840} INFO - DAG(s) 'example_task_group_decorator' retrieved from /home/airflow/.local/lib/python3.8/site-packages/airflow/example_dags/example_task_group_decorator.py
[2026-07-13T10:47:38.162+0000] {logging_mixin.py:188} INFO - [2026-07-13T10:47:38.162+0000] {dag.py:3036} INFO - Sync 1 DAGs
[2026-07-13T10:47:38.193+0000] {logging_mixin.py:188} INFO - [2026-07-13T10:47:38.192+0000] {dag.py:3823} INFO - Setting next_dagrun for example_task_group_decorator to 2026-07-12 00:00:00+00:00, run_after=2026-07-13 00:00:00+00:00
[2026-07-13T10:47:38.215+0000] {processor.py:183} INFO - Processing /home/airflow/.local/lib/python3.8/site-packages/airflow/example_dags/example_task_group_decorator.py took 0.103 seconds
[2026-07-13T10:48:08.636+0000] {processor.py:161} INFO - Started process (PID=497) to work on /home/airflow/.local/lib/python3.8/site-packages/airflow/example_dags/example_task_group_decorator.py
[2026-07-13T10:48:08.638+0000] {processor.py:830} INFO - Processing file /home/airflow/.local/lib/python3.8/site-packages/airflow/example_dags/example_task_group_decorator.py for tasks to queue
[2026-07-13T10:48:08.641+0000] {logging_mixin.py:188} INFO - [2026-07-13T10:48:08.641+0000] {dagbag.py:538} INFO - Filling up the DagBag from /home/airflow/.local/lib/python3.8/site-packages/airflow/example_dags/example_task_group_decorator.py
[2026-07-13T10:48:08.657+0000] {processor.py:840} INFO - DAG(s) 'example_task_group_decorator' retrieved from /home/airflow/.local/lib/python3.8/site-packages/airflow/example_dags/example_task_group_decorator.py
[2026-07-13T10:48:08.684+0000] {logging_mixin.py:188} INFO - [2026-07-13T10:48:08.684+0000] {dag.py:3036} INFO - Sync 1 DAGs
[2026-07-13T10:48:08.707+0000] {logging_mixin.py:188} INFO - [2026-07-13T10:48:08.707+0000] {dag.py:3823} INFO - Setting next_dagrun for example_task_group_decorator to 2026-07-12 00:00:00+00:00, run_after=2026-07-13 00:00:00+00:00
[2026-07-13T10:48:08.729+0000] {processor.py:183} INFO - Processing /home/airflow/.local/lib/python3.8/site-packages/airflow/example_dags/example_task_group_decorator.py took 0.097 seconds
[2026-07-13T10:48:40.674+0000] {processor.py:161} INFO - Started process (PID=553) to work on /home/airflow/.local/lib/python3.8/site-packages/airflow/example_dags/example_task_group_decorator.py
[2026-07-13T10:48:40.676+0000] {processor.py:830} INFO - Processing file /home/airflow/.local/lib/python3.8/site-packages/airflow/example_dags/example_task_group_decorator.py for tasks to queue
[2026-07-13T10:48:40.678+0000] {logging_mixin.py:188} INFO - [2026-07-13T10:48:40.677+0000] {dagbag.py:538} INFO - Filling up the DagBag from /home/airflow/.local/lib/python3.8/site-packages/airflow/example_dags/example_task_group_decorator.py
[2026-07-13T10:48:40.702+0000] {processor.py:840} INFO - DAG(s) 'example_task_group_decorator' retrieved from /home/airflow/.local/lib/python3.8/site-packages/airflow/example_dags/example_task_group_decorator.py
[2026-07-13T10:48:40.728+0000] {logging_mixin.py:188} INFO - [2026-07-13T10:48:40.728+0000] {dag.py:3036} INFO - Sync 1 DAGs
[2026-07-13T10:48:40.749+0000] {logging_mixin.py:188} INFO - [2026-07-13T10:48:40.749+0000] {dag.py:3823} INFO - Setting next_dagrun for example_task_group_decorator to 2026-07-12 00:00:00+00:00, run_after=2026-07-13 00:00:00+00:00
[2026-07-13T10:48:40.769+0000] {processor.py:183} INFO - Processing /home/airflow/.local/lib/python3.8/site-packages/airflow/example_dags/example_task_group_decorator.py took 0.100 seconds
[2026-07-13T10:49:12.463+0000] {processor.py:161} INFO - Started process (PID=609) to work on /home/airflow/.local/lib/python3.8/site-packages/airflow/example_dags/example_task_group_decorator.py
[2026-07-13T10:49:12.464+0000] {processor.py:830} INFO - Processing file /home/airflow/.local/lib/python3.8/site-packages/airflow/example_dags/example_task_group_decorator.py for tasks to queue
[2026-07-13T10:49:12.467+0000] {logging_mixin.py:188} INFO - [2026-07-13T10:49:12.467+0000] {dagbag.py:538} INFO - Filling up the DagBag from /home/airflow/.local/lib/python3.8/site-packages/airflow/example_dags/example_task_group_decorator.py
[2026-07-13T10:49:12.482+0000] {processor.py:840} INFO - DAG(s) 'example_task_group_decorator' retrieved from /home/airflow/.local/lib/python3.8/site-packages/airflow/example_dags/example_task_group_decorator.py
[2026-07-13T10:49:12.509+0000] {logging_mixin.py:188} INFO - [2026-07-13T10:49:12.509+0000] {dag.py:3036} INFO - Sync 1 DAGs
[2026-07-13T10:49:12.534+0000] {logging_mixin.py:188} INFO - [2026-07-13T10:49:12.534+0000] {dag.py:3823} INFO - Setting next_dagrun for example_task_group_decorator to 2026-07-12 00:00:00+00:00, run_after=2026-07-13 00:00:00+00:00
[2026-07-13T10:49:12.555+0000] {processor.py:183} INFO - Processing /home/airflow/.local/lib/python3.8/site-packages/airflow/example_dags/example_task_group_decorator.py took 0.096 seconds
[2026-07-13T10:49:44.016+0000] {processor.py:161} INFO - Started process (PID=665) to work on /home/airflow/.local/lib/python3.8/site-packages/airflow/example_dags/example_task_group_decorator.py
[2026-07-13T10:49:44.017+0000] {processor.py:830} INFO - Processing file /home/airflow/.local/lib/python3.8/site-packages/airflow/example_dags/example_task_group_decorator.py for tasks to queue
[2026-07-13T10:49:44.020+0000] {logging_mixin.py:188} INFO - [2026-07-13T10:49:44.020+0000] {dagbag.py:538} INFO - Filling up the DagBag from /home/airflow/.local/lib/python3.8/site-packages/airflow/example_dags/example_task_group_decorator.py
[2026-07-13T10:49:44.036+0000] {processor.py:840} INFO - DAG(s) 'example_task_group_decorator' retrieved from /home/airflow/.local/lib/python3.8/site-packages/airflow/example_dags/example_task_group_decorator.py
[2026-07-13T10:49:44.067+0000] {logging_mixin.py:188} INFO - [2026-07-13T10:49:44.067+0000] {dag.py:3036} INFO - Sync 1 DAGs
[2026-07-13T10:49:44.095+0000] {logging_mixin.py:188} INFO - [2026-07-13T10:49:44.094+0000] {dag.py:3823} INFO - Setting next_dagrun for example_task_group_decorator to 2026-07-12 00:00:00+00:00, run_after=2026-07-13 00:00:00+00:00
[2026-07-13T10:49:44.116+0000] {processor.py:183} INFO - Processing /home/airflow/.local/lib/python3.8/site-packages/airflow/example_dags/example_task_group_decorator.py took 0.104 seconds
[2026-07-13T10:50:15.023+0000] {processor.py:161} INFO - Started process (PID=720) to work on /home/airflow/.local/lib/python3.8/site-packages/airflow/example_dags/example_task_group_decorator.py
[2026-07-13T10:50:15.024+0000] {processor.py:830} INFO - Processing file /home/airflow/.local/lib/python3.8/site-packages/airflow/example_dags/example_task_group_decorator.py for tasks to queue
[2026-07-13T10:50:15.026+0000] {logging_mixin.py:188} INFO - [2026-07-13T10:50:15.026+0000] {dagbag.py:538} INFO - Filling up the DagBag from /home/airflow/.local/lib/python3.8/site-packages/airflow/example_dags/example_task_group_decorator.py
[2026-07-13T10:50:15.043+0000] {processor.py:840} INFO - DAG(s) 'example_task_group_decorator' retrieved from /home/airflow/.local/lib/python3.8/site-packages/airflow/example_dags/example_task_group_decorator.py
[2026-07-13T10:50:15.072+0000] {logging_mixin.py:188} INFO - [2026-07-13T10:50:15.072+0000] {dag.py:3036} INFO - Sync 1 DAGs
[2026-07-13T10:50:15.096+0000] {logging_mixin.py:188} INFO - [2026-07-13T10:50:15.096+0000] {dag.py:3823} INFO - Setting next_dagrun for example_task_group_decorator to 2026-07-12 00:00:00+00:00, run_after=2026-07-13 00:00:00+00:00
[2026-07-13T10:50:15.117+0000] {processor.py:183} INFO - Processing /home/airflow/.local/lib/python3.8/site-packages/airflow/example_dags/example_task_group_decorator.py took 0.099 seconds
[2026-07-13T10:50:48.445+0000] {processor.py:161} INFO - Started process (PID=791) to work on /home/airflow/.local/lib/python3.8/site-packages/airflow/example_dags/example_task_group_decorator.py
[2026-07-13T10:50:48.447+0000] {processor.py:830} INFO - Processing file /home/airflow/.local/lib/python3.8/site-packages/airflow/example_dags/example_task_group_decorator.py for tasks to queue
[2026-07-13T10:50:48.449+0000] {logging_mixin.py:188} INFO - [2026-07-13T10:50:48.449+0000] {dagbag.py:538} INFO - Filling up the DagBag from /home/airflow/.local/lib/python3.8/site-packages/airflow/example_dags/example_task_group_decorator.py
[2026-07-13T10:50:48.469+0000] {processor.py:840} INFO - DAG(s) 'example_task_group_decorator' retrieved from /home/airflow/.local/lib/python3.8/site-packages/airflow/example_dags/example_task_group_decorator.py
[2026-07-13T10:50:48.510+0000] {logging_mixin.py:188} INFO - [2026-07-13T10:50:48.510+0000] {dag.py:3036} INFO - Sync 1 DAGs
[2026-07-13T10:50:48.543+0000] {logging_mixin.py:188} INFO - [2026-07-13T10:50:48.543+0000] {dag.py:3823} INFO - Setting next_dagrun for example_task_group_decorator to 2026-07-12 00:00:00+00:00, run_after=2026-07-13 00:00:00+00:00
[2026-07-13T10:50:48.573+0000] {processor.py:183} INFO - Processing /home/airflow/.local/lib/python3.8/site-packages/airflow/example_dags/example_task_group_decorator.py took 0.133 seconds
[2026-07-13T10:51:18.775+0000] {processor.py:161} INFO - Started process (PID=849) to work on /home/airflow/.local/lib/python3.8/site-packages/airflow/example_dags/example_task_group_decorator.py
[2026-07-13T10:51:18.777+0000] {processor.py:830} INFO - Processing file /home/airflow/.local/lib/python3.8/site-packages/airflow/example_dags/example_task_group_decorator.py for tasks to queue
[2026-07-13T10:51:18.779+0000] {logging_mixin.py:188} INFO - [2026-07-13T10:51:18.778+0000] {dagbag.py:538} INFO - Filling up the DagBag from /home/airflow/.local/lib/python3.8/site-packages/airflow/example_dags/example_task_group_decorator.py
[2026-07-13T10:51:18.803+0000] {processor.py:840} INFO - DAG(s) 'example_task_group_decorator' retrieved from /home/airflow/.local/lib/python3.8/site-packages/airflow/example_dags/example_task_group_decorator.py
[2026-07-13T10:51:18.841+0000] {logging_mixin.py:188} INFO - [2026-07-13T10:51:18.841+0000] {dag.py:3036} INFO - Sync 1 DAGs
[2026-07-13T10:51:18.876+0000] {logging_mixin.py:188} INFO - [2026-07-13T10:51:18.876+0000] {dag.py:3823} INFO - Setting next_dagrun for example_task_group_decorator to 2026-07-12 00:00:00+00:00, run_after=2026-07-13 00:00:00+00:00
[2026-07-13T10:51:18.912+0000] {processor.py:183} INFO - Processing /home/airflow/.local/lib/python3.8/site-packages/airflow/example_dags/example_task_group_decorator.py took 0.142 seconds
[2026-07-13T10:52:11.783+0000] {processor.py:161} INFO - Started process (PID=915) to work on /home/airflow/.local/lib/python3.8/site-packages/airflow/example_dags/example_task_group_decorator.py
[2026-07-13T10:52:11.789+0000] {processor.py:830} INFO - Processing file /home/airflow/.local/lib/python3.8/site-packages/airflow/example_dags/example_task_group_decorator.py for tasks to queue
[2026-07-13T10:52:11.792+0000] {logging_mixin.py:188} INFO - [2026-07-13T10:52:11.791+0000] {dagbag.py:538} INFO - Filling up the DagBag from /home/airflow/.local/lib/python3.8/site-packages/airflow/example_dags/example_task_group_decorator.py
[2026-07-13T10:52:11.827+0000] {processor.py:840} INFO - DAG(s) 'example_task_group_decorator' retrieved from /home/airflow/.local/lib/python3.8/site-packages/airflow/example_dags/example_task_group_decorator.py
[2026-07-13T10:52:11.870+0000] {logging_mixin.py:188} INFO - [2026-07-13T10:52:11.870+0000] {dag.py:3036} INFO - Sync 1 DAGs
[2026-07-13T10:52:11.913+0000] {logging_mixin.py:188} INFO - [2026-07-13T10:52:11.913+0000] {dag.py:3823} INFO - Setting next_dagrun for example_task_group_decorator to 2026-07-12 00:00:00+00:00, run_after=2026-07-13 00:00:00+00:00
[2026-07-13T10:52:11.955+0000] {processor.py:183} INFO - Processing /home/airflow/.local/lib/python3.8/site-packages/airflow/example_dags/example_task_group_decorator.py took 0.180 seconds
[2026-07-13T10:52:42.803+0000] {processor.py:161} INFO - Started process (PID=971) to work on /home/airflow/.local/lib/python3.8/site-packages/airflow/example_dags/example_task_group_decorator.py
[2026-07-13T10:52:42.803+0000] {processor.py:830} INFO - Processing file /home/airflow/.local/lib/python3.8/site-packages/airflow/example_dags/example_task_group_decorator.py for tasks to queue
[2026-07-13T10:52:42.805+0000] {logging_mixin.py:188} INFO - [2026-07-13T10:52:42.805+0000] {dagbag.py:538} INFO - Filling up the DagBag from /home/airflow/.local/lib/python3.8/site-packages/airflow/example_dags/example_task_group_decorator.py
[2026-07-13T10:52:42.816+0000] {processor.py:840} INFO - DAG(s) 'example_task_group_decorator' retrieved from /home/airflow/.local/lib/python3.8/site-packages/airflow/example_dags/example_task_group_decorator.py
[2026-07-13T10:52:42.833+0000] {logging_mixin.py:188} INFO - [2026-07-13T10:52:42.833+0000] {dag.py:3036} INFO - Sync 1 DAGs
[2026-07-13T10:52:42.848+0000] {logging_mixin.py:188} INFO - [2026-07-13T10:52:42.848+0000] {dag.py:3823} INFO - Setting next_dagrun for example_task_group_decorator to 2026-07-12 00:00:00+00:00, run_after=2026-07-13 00:00:00+00:00
[2026-07-13T10:52:42.860+0000] {processor.py:183} INFO - Processing /home/airflow/.local/lib/python3.8/site-packages/airflow/example_dags/example_task_group_decorator.py took 0.060 seconds
[2026-07-13T10:53:13.364+0000] {processor.py:161} INFO - Started process (PID=1027) to work on /home/airflow/.local/lib/python3.8/site-packages/airflow/example_dags/example_task_group_decorator.py
[2026-07-13T10:53:13.367+0000] {processor.py:830} INFO - Processing file /home/airflow/.local/lib/python3.8/site-packages/airflow/example_dags/example_task_group_decorator.py for tasks to queue
[2026-07-13T10:53:13.371+0000] {logging_mixin.py:188} INFO - [2026-07-13T10:53:13.370+0000] {dagbag.py:538} INFO - Filling up the DagBag from /home/airflow/.local/lib/python3.8/site-packages/airflow/example_dags/example_task_group_decorator.py
[2026-07-13T10:53:13.399+0000] {processor.py:840} INFO - DAG(s) 'example_task_group_decorator' retrieved from /home/airflow/.local/lib/python3.8/site-packages/airflow/example_dags/example_task_group_decorator.py
[2026-07-13T10:53:13.434+0000] {logging_mixin.py:188} INFO - [2026-07-13T10:53:13.434+0000] {dag.py:3036} INFO - Sync 1 DAGs
[2026-07-13T10:53:13.461+0000] {logging_mixin.py:188} INFO - [2026-07-13T10:53:13.461+0000] {dag.py:3823} INFO - Setting next_dagrun for example_task_group_decorator to 2026-07-12 00:00:00+00:00, run_after=2026-07-13 00:00:00+00:00
[2026-07-13T10:53:13.481+0000] {processor.py:183} INFO - Processing /home/airflow/.local/lib/python3.8/site-packages/airflow/example_dags/example_task_group_decorator.py took 0.125 seconds
[2026-07-13T10:53:44.318+0000] {processor.py:161} INFO - Started process (PID=1083) to work on /home/airflow/.local/lib/python3.8/site-packages/airflow/example_dags/example_task_group_decorator.py
[2026-07-13T10:53:44.319+0000] {processor.py:830} INFO - Processing file /home/airflow/.local/lib/python3.8/site-packages/airflow/example_dags/example_task_group_decorator.py for tasks to queue
[2026-07-13T10:53:44.320+0000] {logging_mixin.py:188} INFO - [2026-07-13T10:53:44.320+0000] {dagbag.py:538} INFO - Filling up the DagBag from /home/airflow/.local/lib/python3.8/site-packages/airflow/example_dags/example_task_group_decorator.py
[2026-07-13T10:53:44.330+0000] {processor.py:840} INFO - DAG(s) 'example_task_group_decorator' retrieved from /home/airflow/.local/lib/python3.8/site-packages/airflow/example_dags/example_task_group_decorator.py
[2026-07-13T10:53:44.348+0000] {logging_mixin.py:188} INFO - [2026-07-13T10:53:44.348+0000] {dag.py:3036} INFO - Sync 1 DAGs
[2026-07-13T10:53:44.363+0000] {logging_mixin.py:188} INFO - [2026-07-13T10:53:44.363+0000] {dag.py:3823} INFO - Setting next_dagrun for example_task_group_decorator to 2026-07-12 00:00:00+00:00, run_after=2026-07-13 00:00:00+00:00
[2026-07-13T10:53:44.377+0000] {processor.py:183} INFO - Processing /home/airflow/.local/lib/python3.8/site-packages/airflow/example_dags/example_task_group_decorator.py took 0.062 seconds
[2026-07-13T10:54:14.435+0000] {processor.py:161} INFO - Started process (PID=1139) to work on /home/airflow/.local/lib/python3.8/site-packages/airflow/example_dags/example_task_group_decorator.py
[2026-07-13T10:54:14.436+0000] {processor.py:830} INFO - Processing file /home/airflow/.local/lib/python3.8/site-packages/airflow/example_dags/example_task_group_decorator.py for tasks to queue
[2026-07-13T10:54:14.438+0000] {logging_mixin.py:188} INFO - [2026-07-13T10:54:14.437+0000] {dagbag.py:538} INFO - Filling up the DagBag from /home/airflow/.local/lib/python3.8/site-packages/airflow/example_dags/example_task_group_decorator.py
[2026-07-13T10:54:14.449+0000] {processor.py:840} INFO - DAG(s) 'example_task_group_decorator' retrieved from /home/airflow/.local/lib/python3.8/site-packages/airflow/example_dags/example_task_group_decorator.py
[2026-07-13T10:54:14.467+0000] {logging_mixin.py:188} INFO - [2026-07-13T10:54:14.467+0000] {dag.py:3036} INFO - Sync 1 DAGs
[2026-07-13T10:54:14.482+0000] {logging_mixin.py:188} INFO - [2026-07-13T10:54:14.482+0000] {dag.py:3823} INFO - Setting next_dagrun for example_task_group_decorator to 2026-07-12 00:00:00+00:00, run_after=2026-07-13 00:00:00+00:00
[2026-07-13T10:54:14.500+0000] {processor.py:183} INFO - Processing /home/airflow/.local/lib/python3.8/site-packages/airflow/example_dags/example_task_group_decorator.py took 0.067 seconds
[2026-07-13T10:54:44.831+0000] {processor.py:161} INFO - Started process (PID=1195) to work on /home/airflow/.local/lib/python3.8/site-packages/airflow/example_dags/example_task_group_decorator.py
[2026-07-13T10:54:44.832+0000] {processor.py:830} INFO - Processing file /home/airflow/.local/lib/python3.8/site-packages/airflow/example_dags/example_task_group_decorator.py for tasks to queue
[2026-07-13T10:54:44.833+0000] {logging_mixin.py:188} INFO - [2026-07-13T10:54:44.833+0000] {dagbag.py:538} INFO - Filling up the DagBag from /home/airflow/.local/lib/python3.8/site-packages/airflow/example_dags/example_task_group_decorator.py
[2026-07-13T10:54:44.842+0000] {processor.py:840} INFO - DAG(s) 'example_task_group_decorator' retrieved from /home/airflow/.local/lib/python3.8/site-packages/airflow/example_dags/example_task_group_decorator.py
[2026-07-13T10:54:44.859+0000] {logging_mixin.py:188} INFO - [2026-07-13T10:54:44.859+0000] {dag.py:3036} INFO - Sync 1 DAGs
[2026-07-13T10:54:44.873+0000] {logging_mixin.py:188} INFO - [2026-07-13T10:54:44.873+0000] {dag.py:3823} INFO - Setting next_dagrun for example_task_group_decorator to 2026-07-12 00:00:00+00:00, run_after=2026-07-13 00:00:00+00:00
[2026-07-13T10:54:44.888+0000] {processor.py:183} INFO - Processing /home/airflow/.local/lib/python3.8/site-packages/airflow/example_dags/example_task_group_decorator.py took 0.059 seconds
[2026-07-13T10:55:15.843+0000] {processor.py:161} INFO - Started process (PID=1252) to work on /home/airflow/.local/lib/python3.8/site-packages/airflow/example_dags/example_task_group_decorator.py
[2026-07-13T10:55:15.844+0000] {processor.py:830} INFO - Processing file /home/airflow/.local/lib/python3.8/site-packages/airflow/example_dags/example_task_group_decorator.py for tasks to queue
[2026-07-13T10:55:15.847+0000] {logging_mixin.py:188} INFO - [2026-07-13T10:55:15.846+0000] {dagbag.py:538} INFO - Filling up the DagBag from /home/airflow/.local/lib/python3.8/site-packages/airflow/example_dags/example_task_group_decorator.py
[2026-07-13T10:55:15.856+0000] {processor.py:840} INFO - DAG(s) 'example_task_group_decorator' retrieved from /home/airflow/.local/lib/python3.8/site-packages/airflow/example_dags/example_task_group_decorator.py
[2026-07-13T10:55:15.882+0000] {logging_mixin.py:188} INFO - [2026-07-13T10:55:15.881+0000] {dag.py:3036} INFO - Sync 1 DAGs
[2026-07-13T10:55:15.903+0000] {logging_mixin.py:188} INFO - [2026-07-13T10:55:15.903+0000] {dag.py:3823} INFO - Setting next_dagrun for example_task_group_decorator to 2026-07-12 00:00:00+00:00, run_after=2026-07-13 00:00:00+00:00
[2026-07-13T10:55:15.926+0000] {processor.py:183} INFO - Processing /home/airflow/.local/lib/python3.8/site-packages/airflow/example_dags/example_task_group_decorator.py took 0.086 seconds
[2026-07-13T10:55:46.666+0000] {processor.py:161} INFO - Started process (PID=1308) to work on /home/airflow/.local/lib/python3.8/site-packages/airflow/example_dags/example_task_group_decorator.py
[2026-07-13T10:55:46.668+0000] {processor.py:830} INFO - Processing file /home/airflow/.local/lib/python3.8/site-packages/airflow/example_dags/example_task_group_decorator.py for tasks to queue
[2026-07-13T10:55:46.670+0000] {logging_mixin.py:188} INFO - [2026-07-13T10:55:46.669+0000] {dagbag.py:538} INFO - Filling up the DagBag from /home/airflow/.local/lib/python3.8/site-packages/airflow/example_dags/example_task_group_decorator.py
[2026-07-13T10:55:46.700+0000] {processor.py:840} INFO - DAG(s) 'example_task_group_decorator' retrieved from /home/airflow/.local/lib/python3.8/site-packages/airflow/example_dags/example_task_group_decorator.py
[2026-07-13T10:55:46.732+0000] {logging_mixin.py:188} INFO - [2026-07-13T10:55:46.732+0000] {dag.py:3036} INFO - Sync 1 DAGs
[2026-07-13T10:55:46.750+0000] {logging_mixin.py:188} INFO - [2026-07-13T10:55:46.750+0000] {dag.py:3823} INFO - Setting next_dagrun for example_task_group_decorator to 2026-07-12 00:00:00+00:00, run_after=2026-07-13 00:00:00+00:00
[2026-07-13T10:55:46.777+0000] {processor.py:183} INFO - Processing /home/airflow/.local/lib/python3.8/site-packages/airflow/example_dags/example_task_group_decorator.py took 0.117 seconds
[2026-07-13T10:56:16.957+0000] {processor.py:161} INFO - Started process (PID=1364) to work on /home/airflow/.local/lib/python3.8/site-packages/airflow/example_dags/example_task_group_decorator.py
[2026-07-13T10:56:16.958+0000] {processor.py:830} INFO - Processing file /home/airflow/.local/lib/python3.8/site-packages/airflow/example_dags/example_task_group_decorator.py for tasks to queue
[2026-07-13T10:56:16.960+0000] {logging_mixin.py:188} INFO - [2026-07-13T10:56:16.959+0000] {dagbag.py:538} INFO - Filling up the DagBag from /home/airflow/.local/lib/python3.8/site-packages/airflow/example_dags/example_task_group_decorator.py
[2026-07-13T10:56:16.972+0000] {processor.py:840} INFO - DAG(s) 'example_task_group_decorator' retrieved from /home/airflow/.local/lib/python3.8/site-packages/airflow/example_dags/example_task_group_decorator.py
[2026-07-13T10:56:16.997+0000] {logging_mixin.py:188} INFO - [2026-07-13T10:56:16.997+0000] {dag.py:3036} INFO - Sync 1 DAGs
[2026-07-13T10:56:17.018+0000] {logging_mixin.py:188} INFO - [2026-07-13T10:56:17.018+0000] {dag.py:3823} INFO - Setting next_dagrun for example_task_group_decorator to 2026-07-12 00:00:00+00:00, run_after=2026-07-13 00:00:00+00:00
[2026-07-13T10:56:17.038+0000] {processor.py:183} INFO - Processing /home/airflow/.local/lib/python3.8/site-packages/airflow/example_dags/example_task_group_decorator.py took 0.085 seconds
[2026-07-13T10:56:47.563+0000] {processor.py:161} INFO - Started process (PID=1420) to work on /home/airflow/.local/lib/python3.8/site-packages/airflow/example_dags/example_task_group_decorator.py
[2026-07-13T10:56:47.564+0000] {processor.py:830} INFO - Processing file /home/airflow/.local/lib/python3.8/site-packages/airflow/example_dags/example_task_group_decorator.py for tasks to queue
[2026-07-13T10:56:47.566+0000] {logging_mixin.py:188} INFO - [2026-07-13T10:56:47.565+0000] {dagbag.py:538} INFO - Filling up the DagBag from /home/airflow/.local/lib/python3.8/site-packages/airflow/example_dags/example_task_group_decorator.py
[2026-07-13T10:56:47.575+0000] {processor.py:840} INFO - DAG(s) 'example_task_group_decorator' retrieved from /home/airflow/.local/lib/python3.8/site-packages/airflow/example_dags/example_task_group_decorator.py
[2026-07-13T10:56:47.591+0000] {logging_mixin.py:188} INFO - [2026-07-13T10:56:47.591+0000] {dag.py:3036} INFO - Sync 1 DAGs
[2026-07-13T10:56:47.605+0000] {logging_mixin.py:188} INFO - [2026-07-13T10:56:47.605+0000] {dag.py:3823} INFO - Setting next_dagrun for example_task_group_decorator to 2026-07-12 00:00:00+00:00, run_after=2026-07-13 00:00:00+00:00
[2026-07-13T10:56:47.619+0000] {processor.py:183} INFO - Processing /home/airflow/.local/lib/python3.8/site-packages/airflow/example_dags/example_task_group_decorator.py took 0.060 seconds
[2026-07-13T10:57:18.049+0000] {processor.py:161} INFO - Started process (PID=1476) to work on /home/airflow/.local/lib/python3.8/site-packages/airflow/example_dags/example_task_group_decorator.py
[2026-07-13T10:57:18.050+0000] {processor.py:830} INFO - Processing file /home/airflow/.local/lib/python3.8/site-packages/airflow/example_dags/example_task_group_decorator.py for tasks to queue
[2026-07-13T10:57:18.051+0000] {logging_mixin.py:188} INFO - [2026-07-13T10:57:18.051+0000] {dagbag.py:538} INFO - Filling up the DagBag from /home/airflow/.local/lib/python3.8/site-packages/airflow/example_dags/example_task_group_decorator.py
[2026-07-13T10:57:18.059+0000] {processor.py:840} INFO - DAG(s) 'example_task_group_decorator' retrieved from /home/airflow/.local/lib/python3.8/site-packages/airflow/example_dags/example_task_group_decorator.py
[2026-07-13T10:57:18.075+0000] {logging_mixin.py:188} INFO - [2026-07-13T10:57:18.075+0000] {dag.py:3036} INFO - Sync 1 DAGs
[2026-07-13T10:57:18.089+0000] {logging_mixin.py:188} INFO - [2026-07-13T10:57:18.088+0000] {dag.py:3823} INFO - Setting next_dagrun for example_task_group_decorator to 2026-07-12 00:00:00+00:00, run_after=2026-07-13 00:00:00+00:00
[2026-07-13T10:57:18.102+0000] {processor.py:183} INFO - Processing /home/airflow/.local/lib/python3.8/site-packages/airflow/example_dags/example_task_group_decorator.py took 0.055 seconds
[2026-07-13T10:57:48.809+0000] {processor.py:161} INFO - Started process (PID=1532) to work on /home/airflow/.local/lib/python3.8/site-packages/airflow/example_dags/example_task_group_decorator.py
[2026-07-13T10:57:48.810+0000] {processor.py:830} INFO - Processing file /home/airflow/.local/lib/python3.8/site-packages/airflow/example_dags/example_task_group_decorator.py for tasks to queue
[2026-07-13T10:57:48.812+0000] {logging_mixin.py:188} INFO - [2026-07-13T10:57:48.812+0000] {dagbag.py:538} INFO - Filling up the DagBag from /home/airflow/.local/lib/python3.8/site-packages/airflow/example_dags/example_task_group_decorator.py
[2026-07-13T10:57:48.826+0000] {processor.py:840} INFO - DAG(s) 'example_task_group_decorator' retrieved from /home/airflow/.local/lib/python3.8/site-packages/airflow/example_dags/example_task_group_decorator.py
[2026-07-13T10:57:48.851+0000] {logging_mixin.py:188} INFO - [2026-07-13T10:57:48.851+0000] {dag.py:3036} INFO - Sync 1 DAGs
[2026-07-13T10:57:48.870+0000] {logging_mixin.py:188} INFO - [2026-07-13T10:57:48.869+0000] {dag.py:3823} INFO - Setting next_dagrun for example_task_group_decorator to 2026-07-12 00:00:00+00:00, run_after=2026-07-13 00:00:00+00:00
[2026-07-13T10:57:48.887+0000] {processor.py:183} INFO - Processing /home/airflow/.local/lib/python3.8/site-packages/airflow/example_dags/example_task_group_decorator.py took 0.082 seconds
[2026-07-13T10:58:19.651+0000] {processor.py:161} INFO - Started process (PID=1588) to work on /home/airflow/.local/lib/python3.8/site-packages/airflow/example_dags/example_task_group_decorator.py
[2026-07-13T10:58:19.651+0000] {processor.py:830} INFO - Processing file /home/airflow/.local/lib/python3.8/site-packages/airflow/example_dags/example_task_group_decorator.py for tasks to queue
[2026-07-13T10:58:19.654+0000] {logging_mixin.py:188} INFO - [2026-07-13T10:58:19.654+0000] {dagbag.py:538} INFO - Filling up the DagBag from /home/airflow/.local/lib/python3.8/site-packages/airflow/example_dags/example_task_group_decorator.py
[2026-07-13T10:58:19.665+0000] {processor.py:840} INFO - DAG(s) 'example_task_group_decorator' retrieved from /home/airflow/.local/lib/python3.8/site-packages/airflow/example_dags/example_task_group_decorator.py
[2026-07-13T10:58:19.688+0000] {logging_mixin.py:188} INFO - [2026-07-13T10:58:19.687+0000] {dag.py:3036} INFO - Sync 1 DAGs
[2026-07-13T10:58:19.707+0000] {logging_mixin.py:188} INFO - [2026-07-13T10:58:19.707+0000] {dag.py:3823} INFO - Setting next_dagrun for example_task_group_decorator to 2026-07-12 00:00:00+00:00, run_after=2026-07-13 00:00:00+00:00
[2026-07-13T10:58:19.725+0000] {processor.py:183} INFO - Processing /home/airflow/.local/lib/python3.8/site-packages/airflow/example_dags/example_task_group_decorator.py took 0.077 seconds
[2026-07-13T10:58:50.368+0000] {processor.py:161} INFO - Started process (PID=1644) to work on /home/airflow/.local/lib/python3.8/site-packages/airflow/example_dags/example_task_group_decorator.py
[2026-07-13T10:58:50.369+0000] {processor.py:830} INFO - Processing file /home/airflow/.local/lib/python3.8/site-packages/airflow/example_dags/example_task_group_decorator.py for tasks to queue
[2026-07-13T10:58:50.370+0000] {logging_mixin.py:188} INFO - [2026-07-13T10:58:50.370+0000] {dagbag.py:538} INFO - Filling up the DagBag from /home/airflow/.local/lib/python3.8/site-packages/airflow/example_dags/example_task_group_decorator.py
[2026-07-13T10:58:50.380+0000] {processor.py:840} INFO - DAG(s) 'example_task_group_decorator' retrieved from /home/airflow/.local/lib/python3.8/site-packages/airflow/example_dags/example_task_group_decorator.py
[2026-07-13T10:58:50.396+0000] {logging_mixin.py:188} INFO - [2026-07-13T10:58:50.396+0000] {dag.py:3036} INFO - Sync 1 DAGs
[2026-07-13T10:58:50.409+0000] {logging_mixin.py:188} INFO - [2026-07-13T10:58:50.409+0000] {dag.py:3823} INFO - Setting next_dagrun for example_task_group_decorator to 2026-07-12 00:00:00+00:00, run_after=2026-07-13 00:00:00+00:00
[2026-07-13T10:58:50.424+0000] {processor.py:183} INFO - Processing /home/airflow/.local/lib/python3.8/site-packages/airflow/example_dags/example_task_group_decorator.py took 0.058 seconds
[2026-07-13T10:59:20.717+0000] {processor.py:161} INFO - Started process (PID=1700) to work on /home/airflow/.local/lib/python3.8/site-packages/airflow/example_dags/example_task_group_decorator.py
[2026-07-13T10:59:20.718+0000] {processor.py:830} INFO - Processing file /home/airflow/.local/lib/python3.8/site-packages/airflow/example_dags/example_task_group_decorator.py for tasks to queue
[2026-07-13T10:59:20.720+0000] {logging_mixin.py:188} INFO - [2026-07-13T10:59:20.719+0000] {dagbag.py:538} INFO - Filling up the DagBag from /home/airflow/.local/lib/python3.8/site-packages/airflow/example_dags/example_task_group_decorator.py
[2026-07-13T10:59:20.730+0000] {processor.py:840} INFO - DAG(s) 'example_task_group_decorator' retrieved from /home/airflow/.local/lib/python3.8/site-packages/airflow/example_dags/example_task_group_decorator.py
[2026-07-13T10:59:20.747+0000] {logging_mixin.py:188} INFO - [2026-07-13T10:59:20.747+0000] {dag.py:3036} INFO - Sync 1 DAGs
[2026-07-13T10:59:20.763+0000] {logging_mixin.py:188} INFO - [2026-07-13T10:59:20.762+0000] {dag.py:3823} INFO - Setting next_dagrun for example_task_group_decorator to 2026-07-12 00:00:00+00:00, run_after=2026-07-13 00:00:00+00:00
[2026-07-13T10:59:20.777+0000] {processor.py:183} INFO - Processing /home/airflow/.local/lib/python3.8/site-packages/airflow/example_dags/example_task_group_decorator.py took 0.062 seconds
[2026-07-13T10:59:51.414+0000] {processor.py:161} INFO - Started process (PID=1756) to work on /home/airflow/.local/lib/python3.8/site-packages/airflow/example_dags/example_task_group_decorator.py
[2026-07-13T10:59:51.418+0000] {processor.py:830} INFO - Processing file /home/airflow/.local/lib/python3.8/site-packages/airflow/example_dags/example_task_group_decorator.py for tasks to queue
[2026-07-13T10:59:51.422+0000] {logging_mixin.py:188} INFO - [2026-07-13T10:59:51.421+0000] {dagbag.py:538} INFO - Filling up the DagBag from /home/airflow/.local/lib/python3.8/site-packages/airflow/example_dags/example_task_group_decorator.py
[2026-07-13T10:59:51.445+0000] {processor.py:840} INFO - DAG(s) 'example_task_group_decorator' retrieved from /home/airflow/.local/lib/python3.8/site-packages/airflow/example_dags/example_task_group_decorator.py
[2026-07-13T10:59:51.472+0000] {logging_mixin.py:188} INFO - [2026-07-13T10:59:51.472+0000] {dag.py:3036} INFO - Sync 1 DAGs
[2026-07-13T10:59:51.493+0000] {logging_mixin.py:188} INFO - [2026-07-13T10:59:51.493+0000] {dag.py:3823} INFO - Setting next_dagrun for example_task_group_decorator to 2026-07-12 00:00:00+00:00, run_after=2026-07-13 00:00:00+00:00
[2026-07-13T10:59:51.518+0000] {processor.py:183} INFO - Processing /home/airflow/.local/lib/python3.8/site-packages/airflow/example_dags/example_task_group_decorator.py took 0.109 seconds
[2026-07-13T11:00:21.772+0000] {processor.py:161} INFO - Started process (PID=1812) to work on /home/airflow/.local/lib/python3.8/site-packages/airflow/example_dags/example_task_group_decorator.py
[2026-07-13T11:00:21.773+0000] {processor.py:830} INFO - Processing file /home/airflow/.local/lib/python3.8/site-packages/airflow/example_dags/example_task_group_decorator.py for tasks to queue
[2026-07-13T11:00:21.775+0000] {logging_mixin.py:188} INFO - [2026-07-13T11:00:21.775+0000] {dagbag.py:538} INFO - Filling up the DagBag from /home/airflow/.local/lib/python3.8/site-packages/airflow/example_dags/example_task_group_decorator.py
[2026-07-13T11:00:21.789+0000] {processor.py:840} INFO - DAG(s) 'example_task_group_decorator' retrieved from /home/airflow/.local/lib/python3.8/site-packages/airflow/example_dags/example_task_group_decorator.py
[2026-07-13T11:00:21.816+0000] {logging_mixin.py:188} INFO - [2026-07-13T11:00:21.816+0000] {dag.py:3036} INFO - Sync 1 DAGs
[2026-07-13T11:00:21.835+0000] {logging_mixin.py:188} INFO - [2026-07-13T11:00:21.835+0000] {dag.py:3823} INFO - Setting next_dagrun for example_task_group_decorator to 2026-07-12 00:00:00+00:00, run_after=2026-07-13 00:00:00+00:00
[2026-07-13T11:00:21.854+0000] {processor.py:183} INFO - Processing /home/airflow/.local/lib/python3.8/site-packages/airflow/example_dags/example_task_group_decorator.py took 0.087 seconds
[2026-07-13T11:00:52.415+0000] {processor.py:161} INFO - Started process (PID=1868) to work on /home/airflow/.local/lib/python3.8/site-packages/airflow/example_dags/example_task_group_decorator.py
[2026-07-13T11:00:52.416+0000] {processor.py:830} INFO - Processing file /home/airflow/.local/lib/python3.8/site-packages/airflow/example_dags/example_task_group_decorator.py for tasks to queue
[2026-07-13T11:00:52.418+0000] {logging_mixin.py:188} INFO - [2026-07-13T11:00:52.418+0000] {dagbag.py:538} INFO - Filling up the DagBag from /home/airflow/.local/lib/python3.8/site-packages/airflow/example_dags/example_task_group_decorator.py
[2026-07-13T11:00:52.428+0000] {processor.py:840} INFO - DAG(s) 'example_task_group_decorator' retrieved from /home/airflow/.local/lib/python3.8/site-packages/airflow/example_dags/example_task_group_decorator.py
[2026-07-13T11:00:52.447+0000] {logging_mixin.py:188} INFO - [2026-07-13T11:00:52.447+0000] {dag.py:3036} INFO - Sync 1 DAGs
[2026-07-13T11:00:52.462+0000] {logging_mixin.py:188} INFO - [2026-07-13T11:00:52.462+0000] {dag.py:3823} INFO - Setting next_dagrun for example_task_group_decorator to 2026-07-12 00:00:00+00:00, run_after=2026-07-13 00:00:00+00:00
[2026-07-13T11:00:52.478+0000] {processor.py:183} INFO - Processing /home/airflow/.local/lib/python3.8/site-packages/airflow/example_dags/example_task_group_decorator.py took 0.066 seconds
[2026-07-13T11:01:22.530+0000] {processor.py:161} INFO - Started process (PID=1924) to work on /home/airflow/.local/lib/python3.8/site-packages/airflow/example_dags/example_task_group_decorator.py
[2026-07-13T11:01:22.532+0000] {processor.py:830} INFO - Processing file /home/airflow/.local/lib/python3.8/site-packages/airflow/example_dags/example_task_group_decorator.py for tasks to queue
[2026-07-13T11:01:22.534+0000] {logging_mixin.py:188} INFO - [2026-07-13T11:01:22.533+0000] {dagbag.py:538} INFO - Filling up the DagBag from /home/airflow/.local/lib/python3.8/site-packages/airflow/example_dags/example_task_group_decorator.py
[2026-07-13T11:01:22.547+0000] {processor.py:840} INFO - DAG(s) 'example_task_group_decorator' retrieved from /home/airflow/.local/lib/python3.8/site-packages/airflow/example_dags/example_task_group_decorator.py
[2026-07-13T11:01:22.567+0000] {logging_mixin.py:188} INFO - [2026-07-13T11:01:22.567+0000] {dag.py:3036} INFO - Sync 1 DAGs
[2026-07-13T11:01:22.582+0000] {logging_mixin.py:188} INFO - [2026-07-13T11:01:22.582+0000] {dag.py:3823} INFO - Setting next_dagrun for example_task_group_decorator to 2026-07-12 00:00:00+00:00, run_after=2026-07-13 00:00:00+00:00
[2026-07-13T11:01:22.595+0000] {processor.py:183} INFO - Processing /home/airflow/.local/lib/python3.8/site-packages/airflow/example_dags/example_task_group_decorator.py took 0.068 seconds
[2026-07-13T11:01:52.652+0000] {processor.py:161} INFO - Started process (PID=1974) to work on /home/airflow/.local/lib/python3.8/site-packages/airflow/example_dags/example_task_group_decorator.py
[2026-07-13T11:01:52.653+0000] {processor.py:830} INFO - Processing file /home/airflow/.local/lib/python3.8/site-packages/airflow/example_dags/example_task_group_decorator.py for tasks to queue
[2026-07-13T11:01:52.654+0000] {logging_mixin.py:188} INFO - [2026-07-13T11:01:52.654+0000] {dagbag.py:538} INFO - Filling up the DagBag from /home/airflow/.local/lib/python3.8/site-packages/airflow/example_dags/example_task_group_decorator.py
[2026-07-13T11:01:52.664+0000] {processor.py:840} INFO - DAG(s) 'example_task_group_decorator' retrieved from /home/airflow/.local/lib/python3.8/site-packages/airflow/example_dags/example_task_group_decorator.py
[2026-07-13T11:01:52.681+0000] {logging_mixin.py:188} INFO - [2026-07-13T11:01:52.681+0000] {dag.py:3036} INFO - Sync 1 DAGs
[2026-07-13T11:01:52.696+0000] {logging_mixin.py:188} INFO - [2026-07-13T11:01:52.696+0000] {dag.py:3823} INFO - Setting next_dagrun for example_task_group_decorator to 2026-07-12 00:00:00+00:00, run_after=2026-07-13 00:00:00+00:00
[2026-07-13T11:01:52.708+0000] {processor.py:183} INFO - Processing /home/airflow/.local/lib/python3.8/site-packages/airflow/example_dags/example_task_group_decorator.py took 0.059 seconds
[2026-07-13T11:02:23.401+0000] {processor.py:161} INFO - Started process (PID=2030) to work on /home/airflow/.local/lib/python3.8/site-packages/airflow/example_dags/example_task_group_decorator.py
[2026-07-13T11:02:23.402+0000] {processor.py:830} INFO - Processing file /home/airflow/.local/lib/python3.8/site-packages/airflow/example_dags/example_task_group_decorator.py for tasks to queue
[2026-07-13T11:02:23.404+0000] {logging_mixin.py:188} INFO - [2026-07-13T11:02:23.403+0000] {dagbag.py:538} INFO - Filling up the DagBag from /home/airflow/.local/lib/python3.8/site-packages/airflow/example_dags/example_task_group_decorator.py
[2026-07-13T11:02:23.414+0000] {processor.py:840} INFO - DAG(s) 'example_task_group_decorator' retrieved from /home/airflow/.local/lib/python3.8/site-packages/airflow/example_dags/example_task_group_decorator.py
[2026-07-13T11:02:23.433+0000] {logging_mixin.py:188} INFO - [2026-07-13T11:02:23.433+0000] {dag.py:3036} INFO - Sync 1 DAGs
[2026-07-13T11:02:23.450+0000] {logging_mixin.py:188} INFO - [2026-07-13T11:02:23.450+0000] {dag.py:3823} INFO - Setting next_dagrun for example_task_group_decorator to 2026-07-12 00:00:00+00:00, run_after=2026-07-13 00:00:00+00:00
[2026-07-13T11:02:23.466+0000] {processor.py:183} INFO - Processing /home/airflow/.local/lib/python3.8/site-packages/airflow/example_dags/example_task_group_decorator.py took 0.067 seconds
[2026-07-13T11:02:54.194+0000] {processor.py:161} INFO - Started process (PID=2086) to work on /home/airflow/.local/lib/python3.8/site-packages/airflow/example_dags/example_task_group_decorator.py
[2026-07-13T11:02:54.195+0000] {processor.py:830} INFO - Processing file /home/airflow/.local/lib/python3.8/site-packages/airflow/example_dags/example_task_group_decorator.py for tasks to queue
[2026-07-13T11:02:54.196+0000] {logging_mixin.py:188} INFO - [2026-07-13T11:02:54.196+0000] {dagbag.py:538} INFO - Filling up the DagBag from /home/airflow/.local/lib/python3.8/site-packages/airflow/example_dags/example_task_group_decorator.py
[2026-07-13T11:02:54.206+0000] {processor.py:840} INFO - DAG(s) 'example_task_group_decorator' retrieved from /home/airflow/.local/lib/python3.8/site-packages/airflow/example_dags/example_task_group_decorator.py
[2026-07-13T11:02:54.223+0000] {logging_mixin.py:188} INFO - [2026-07-13T11:02:54.223+0000] {dag.py:3036} INFO - Sync 1 DAGs
[2026-07-13T11:02:54.238+0000] {logging_mixin.py:188} INFO - [2026-07-13T11:02:54.237+0000] {dag.py:3823} INFO - Setting next_dagrun for example_task_group_decorator to 2026-07-12 00:00:00+00:00, run_after=2026-07-13 00:00:00+00:00
[2026-07-13T11:02:54.250+0000] {processor.py:183} INFO - Processing /home/airflow/.local/lib/python3.8/site-packages/airflow/example_dags/example_task_group_decorator.py took 0.059 seconds
[2026-07-13T11:03:24.802+0000] {processor.py:161} INFO - Started process (PID=2143) to work on /home/airflow/.local/lib/python3.8/site-packages/airflow/example_dags/example_task_group_decorator.py
[2026-07-13T11:03:24.803+0000] {processor.py:830} INFO - Processing file /home/airflow/.local/lib/python3.8/site-packages/airflow/example_dags/example_task_group_decorator.py for tasks to queue
[2026-07-13T11:03:24.804+0000] {logging_mixin.py:188} INFO - [2026-07-13T11:03:24.804+0000] {dagbag.py:538} INFO - Filling up the DagBag from /home/airflow/.local/lib/python3.8/site-packages/airflow/example_dags/example_task_group_decorator.py
[2026-07-13T11:03:24.814+0000] {processor.py:840} INFO - DAG(s) 'example_task_group_decorator' retrieved from /home/airflow/.local/lib/python3.8/site-packages/airflow/example_dags/example_task_group_decorator.py
[2026-07-13T11:03:24.831+0000] {logging_mixin.py:188} INFO - [2026-07-13T11:03:24.830+0000] {dag.py:3036} INFO - Sync 1 DAGs
[2026-07-13T11:03:24.858+0000] {logging_mixin.py:188} INFO - [2026-07-13T11:03:24.857+0000] {dag.py:3823} INFO - Setting next_dagrun for example_task_group_decorator to 2026-07-12 00:00:00+00:00, run_after=2026-07-13 00:00:00+00:00
[2026-07-13T11:03:24.872+0000] {processor.py:183} INFO - Processing /home/airflow/.local/lib/python3.8/site-packages/airflow/example_dags/example_task_group_decorator.py took 0.072 seconds
[2026-07-13T11:03:56.585+0000] {processor.py:161} INFO - Started process (PID=2199) to work on /home/airflow/.local/lib/python3.8/site-packages/airflow/example_dags/example_task_group_decorator.py
[2026-07-13T11:03:56.586+0000] {processor.py:830} INFO - Processing file /home/airflow/.local/lib/python3.8/site-packages/airflow/example_dags/example_task_group_decorator.py for tasks to queue
[2026-07-13T11:03:56.588+0000] {logging_mixin.py:188} INFO - [2026-07-13T11:03:56.587+0000] {dagbag.py:538} INFO - Filling up the DagBag from /home/airflow/.local/lib/python3.8/site-packages/airflow/example_dags/example_task_group_decorator.py
[2026-07-13T11:03:56.597+0000] {processor.py:840} INFO - DAG(s) 'example_task_group_decorator' retrieved from /home/airflow/.local/lib/python3.8/site-packages/airflow/example_dags/example_task_group_decorator.py
[2026-07-13T11:03:56.623+0000] {logging_mixin.py:188} INFO - [2026-07-13T11:03:56.622+0000] {dag.py:3036} INFO - Sync 1 DAGs
[2026-07-13T11:03:56.641+0000] {logging_mixin.py:188} INFO - [2026-07-13T11:03:56.640+0000] {dag.py:3823} INFO - Setting next_dagrun for example_task_group_decorator to 2026-07-12 00:00:00+00:00, run_after=2026-07-13 00:00:00+00:00
[2026-07-13T11:03:56.655+0000] {processor.py:183} INFO - Processing /home/airflow/.local/lib/python3.8/site-packages/airflow/example_dags/example_task_group_decorator.py took 0.072 seconds
[2026-07-13T11:04:34.042+0000] {processor.py:161} INFO - Started process (PID=2266) to work on /home/airflow/.local/lib/python3.8/site-packages/airflow/example_dags/example_task_group_decorator.py
[2026-07-13T11:04:34.056+0000] {processor.py:830} INFO - Processing file /home/airflow/.local/lib/python3.8/site-packages/airflow/example_dags/example_task_group_decorator.py for tasks to queue
[2026-07-13T11:04:34.061+0000] {logging_mixin.py:188} INFO - [2026-07-13T11:04:34.061+0000] {dagbag.py:538} INFO - Filling up the DagBag from /home/airflow/.local/lib/python3.8/site-packages/airflow/example_dags/example_task_group_decorator.py
[2026-07-13T11:04:34.119+0000] {processor.py:840} INFO - DAG(s) 'example_task_group_decorator' retrieved from /home/airflow/.local/lib/python3.8/site-packages/airflow/example_dags/example_task_group_decorator.py
[2026-07-13T11:04:34.176+0000] {logging_mixin.py:188} INFO - [2026-07-13T11:04:34.175+0000] {dag.py:3036} INFO - Sync 1 DAGs
[2026-07-13T11:04:34.241+0000] {logging_mixin.py:188} INFO - [2026-07-13T11:04:34.240+0000] {dag.py:3823} INFO - Setting next_dagrun for example_task_group_decorator to 2026-07-12 00:00:00+00:00, run_after=2026-07-13 00:00:00+00:00
[2026-07-13T11:04:34.320+0000] {processor.py:183} INFO - Processing /home/airflow/.local/lib/python3.8/site-packages/airflow/example_dags/example_task_group_decorator.py took 0.304 seconds
[2026-07-13T11:05:42.340+0000] {processor.py:161} INFO - Started process (PID=87) to work on /home/airflow/.local/lib/python3.8/site-packages/airflow/example_dags/example_task_group_decorator.py
[2026-07-13T11:05:42.341+0000] {processor.py:830} INFO - Processing file /home/airflow/.local/lib/python3.8/site-packages/airflow/example_dags/example_task_group_decorator.py for tasks to queue
[2026-07-13T11:05:42.343+0000] {logging_mixin.py:188} INFO - [2026-07-13T11:05:42.342+0000] {dagbag.py:538} INFO - Filling up the DagBag from /home/airflow/.local/lib/python3.8/site-packages/airflow/example_dags/example_task_group_decorator.py
[2026-07-13T11:05:42.353+0000] {processor.py:840} INFO - DAG(s) 'example_task_group_decorator' retrieved from /home/airflow/.local/lib/python3.8/site-packages/airflow/example_dags/example_task_group_decorator.py
[2026-07-13T11:05:42.373+0000] {logging_mixin.py:188} INFO - [2026-07-13T11:05:42.372+0000] {dag.py:3036} INFO - Sync 1 DAGs
[2026-07-13T11:05:42.390+0000] {logging_mixin.py:188} INFO - [2026-07-13T11:05:42.390+0000] {dag.py:3823} INFO - Setting next_dagrun for example_task_group_decorator to 2026-07-12 00:00:00+00:00, run_after=2026-07-13 00:00:00+00:00
[2026-07-13T11:05:42.410+0000] {processor.py:183} INFO - Processing /home/airflow/.local/lib/python3.8/site-packages/airflow/example_dags/example_task_group_decorator.py took 0.073 seconds
[2026-07-13T11:06:13.051+0000] {processor.py:161} INFO - Started process (PID=137) to work on /home/airflow/.local/lib/python3.8/site-packages/airflow/example_dags/example_task_group_decorator.py
[2026-07-13T11:06:13.053+0000] {processor.py:830} INFO - Processing file /home/airflow/.local/lib/python3.8/site-packages/airflow/example_dags/example_task_group_decorator.py for tasks to queue
[2026-07-13T11:06:13.054+0000] {logging_mixin.py:188} INFO - [2026-07-13T11:06:13.054+0000] {dagbag.py:538} INFO - Filling up the DagBag from /home/airflow/.local/lib/python3.8/site-packages/airflow/example_dags/example_task_group_decorator.py
[2026-07-13T11:06:13.064+0000] {processor.py:840} INFO - DAG(s) 'example_task_group_decorator' retrieved from /home/airflow/.local/lib/python3.8/site-packages/airflow/example_dags/example_task_group_decorator.py
[2026-07-13T11:06:13.082+0000] {logging_mixin.py:188} INFO - [2026-07-13T11:06:13.081+0000] {dag.py:3036} INFO - Sync 1 DAGs
[2026-07-13T11:06:13.098+0000] {logging_mixin.py:188} INFO - [2026-07-13T11:06:13.097+0000] {dag.py:3823} INFO - Setting next_dagrun for example_task_group_decorator to 2026-07-12 00:00:00+00:00, run_after=2026-07-13 00:00:00+00:00
[2026-07-13T11:06:13.113+0000] {processor.py:183} INFO - Processing /home/airflow/.local/lib/python3.8/site-packages/airflow/example_dags/example_task_group_decorator.py took 0.065 seconds
[2026-07-13T11:06:43.755+0000] {processor.py:161} INFO - Started process (PID=194) to work on /home/airflow/.local/lib/python3.8/site-packages/airflow/example_dags/example_task_group_decorator.py
[2026-07-13T11:06:43.756+0000] {processor.py:830} INFO - Processing file /home/airflow/.local/lib/python3.8/site-packages/airflow/example_dags/example_task_group_decorator.py for tasks to queue
[2026-07-13T11:06:43.758+0000] {logging_mixin.py:188} INFO - [2026-07-13T11:06:43.757+0000] {dagbag.py:538} INFO - Filling up the DagBag from /home/airflow/.local/lib/python3.8/site-packages/airflow/example_dags/example_task_group_decorator.py
[2026-07-13T11:06:43.768+0000] {processor.py:840} INFO - DAG(s) 'example_task_group_decorator' retrieved from /home/airflow/.local/lib/python3.8/site-packages/airflow/example_dags/example_task_group_decorator.py
[2026-07-13T11:06:43.785+0000] {logging_mixin.py:188} INFO - [2026-07-13T11:06:43.785+0000] {dag.py:3036} INFO - Sync 1 DAGs
[2026-07-13T11:06:43.800+0000] {logging_mixin.py:188} INFO - [2026-07-13T11:06:43.800+0000] {dag.py:3823} INFO - Setting next_dagrun for example_task_group_decorator to 2026-07-12 00:00:00+00:00, run_after=2026-07-13 00:00:00+00:00
[2026-07-13T11:06:43.816+0000] {processor.py:183} INFO - Processing /home/airflow/.local/lib/python3.8/site-packages/airflow/example_dags/example_task_group_decorator.py took 0.064 seconds
[2026-07-13T11:07:14.722+0000] {processor.py:161} INFO - Started process (PID=250) to work on /home/airflow/.local/lib/python3.8/site-packages/airflow/example_dags/example_task_group_decorator.py
[2026-07-13T11:07:14.723+0000] {processor.py:830} INFO - Processing file /home/airflow/.local/lib/python3.8/site-packages/airflow/example_dags/example_task_group_decorator.py for tasks to queue
[2026-07-13T11:07:14.724+0000] {logging_mixin.py:188} INFO - [2026-07-13T11:07:14.724+0000] {dagbag.py:538} INFO - Filling up the DagBag from /home/airflow/.local/lib/python3.8/site-packages/airflow/example_dags/example_task_group_decorator.py
[2026-07-13T11:07:14.733+0000] {processor.py:840} INFO - DAG(s) 'example_task_group_decorator' retrieved from /home/airflow/.local/lib/python3.8/site-packages/airflow/example_dags/example_task_group_decorator.py
[2026-07-13T11:07:14.754+0000] {logging_mixin.py:188} INFO - [2026-07-13T11:07:14.754+0000] {dag.py:3036} INFO - Sync 1 DAGs
[2026-07-13T11:07:14.774+0000] {logging_mixin.py:188} INFO - [2026-07-13T11:07:14.773+0000] {dag.py:3823} INFO - Setting next_dagrun for example_task_group_decorator to 2026-07-12 00:00:00+00:00, run_after=2026-07-13 00:00:00+00:00
[2026-07-13T11:07:14.791+0000] {processor.py:183} INFO - Processing /home/airflow/.local/lib/python3.8/site-packages/airflow/example_dags/example_task_group_decorator.py took 0.073 seconds
[2026-07-13T11:07:45.215+0000] {processor.py:161} INFO - Started process (PID=306) to work on /home/airflow/.local/lib/python3.8/site-packages/airflow/example_dags/example_task_group_decorator.py
[2026-07-13T11:07:45.216+0000] {processor.py:830} INFO - Processing file /home/airflow/.local/lib/python3.8/site-packages/airflow/example_dags/example_task_group_decorator.py for tasks to queue
[2026-07-13T11:07:45.217+0000] {logging_mixin.py:188} INFO - [2026-07-13T11:07:45.217+0000] {dagbag.py:538} INFO - Filling up the DagBag from /home/airflow/.local/lib/python3.8/site-packages/airflow/example_dags/example_task_group_decorator.py
[2026-07-13T11:07:45.228+0000] {processor.py:840} INFO - DAG(s) 'example_task_group_decorator' retrieved from /home/airflow/.local/lib/python3.8/site-packages/airflow/example_dags/example_task_group_decorator.py
[2026-07-13T11:07:45.248+0000] {logging_mixin.py:188} INFO - [2026-07-13T11:07:45.248+0000] {dag.py:3036} INFO - Sync 1 DAGs
[2026-07-13T11:07:45.265+0000] {logging_mixin.py:188} INFO - [2026-07-13T11:07:45.264+0000] {dag.py:3823} INFO - Setting next_dagrun for example_task_group_decorator to 2026-07-12 00:00:00+00:00, run_after=2026-07-13 00:00:00+00:00
[2026-07-13T11:07:45.282+0000] {processor.py:183} INFO - Processing /home/airflow/.local/lib/python3.8/site-packages/airflow/example_dags/example_task_group_decorator.py took 0.071 seconds
[2026-07-13T11:08:15.481+0000] {processor.py:161} INFO - Started process (PID=362) to work on /home/airflow/.local/lib/python3.8/site-packages/airflow/example_dags/example_task_group_decorator.py
[2026-07-13T11:08:15.483+0000] {processor.py:830} INFO - Processing file /home/airflow/.local/lib/python3.8/site-packages/airflow/example_dags/example_task_group_decorator.py for tasks to queue
[2026-07-13T11:08:15.484+0000] {logging_mixin.py:188} INFO - [2026-07-13T11:08:15.484+0000] {dagbag.py:538} INFO - Filling up the DagBag from /home/airflow/.local/lib/python3.8/site-packages/airflow/example_dags/example_task_group_decorator.py
[2026-07-13T11:08:15.495+0000] {processor.py:840} INFO - DAG(s) 'example_task_group_decorator' retrieved from /home/airflow/.local/lib/python3.8/site-packages/airflow/example_dags/example_task_group_decorator.py
[2026-07-13T11:08:15.514+0000] {logging_mixin.py:188} INFO - [2026-07-13T11:08:15.514+0000] {dag.py:3036} INFO - Sync 1 DAGs
[2026-07-13T11:08:15.530+0000] {logging_mixin.py:188} INFO - [2026-07-13T11:08:15.529+0000] {dag.py:3823} INFO - Setting next_dagrun for example_task_group_decorator to 2026-07-12 00:00:00+00:00, run_after=2026-07-13 00:00:00+00:00
[2026-07-13T11:08:15.543+0000] {processor.py:183} INFO - Processing /home/airflow/.local/lib/python3.8/site-packages/airflow/example_dags/example_task_group_decorator.py took 0.064 seconds
[2026-07-13T11:08:46.153+0000] {processor.py:161} INFO - Started process (PID=418) to work on /home/airflow/.local/lib/python3.8/site-packages/airflow/example_dags/example_task_group_decorator.py
[2026-07-13T11:08:46.155+0000] {processor.py:830} INFO - Processing file /home/airflow/.local/lib/python3.8/site-packages/airflow/example_dags/example_task_group_decorator.py for tasks to queue
[2026-07-13T11:08:46.157+0000] {logging_mixin.py:188} INFO - [2026-07-13T11:08:46.157+0000] {dagbag.py:538} INFO - Filling up the DagBag from /home/airflow/.local/lib/python3.8/site-packages/airflow/example_dags/example_task_group_decorator.py
[2026-07-13T11:08:46.169+0000] {processor.py:840} INFO - DAG(s) 'example_task_group_decorator' retrieved from /home/airflow/.local/lib/python3.8/site-packages/airflow/example_dags/example_task_group_decorator.py
[2026-07-13T11:08:46.189+0000] {logging_mixin.py:188} INFO - [2026-07-13T11:08:46.189+0000] {dag.py:3036} INFO - Sync 1 DAGs
[2026-07-13T11:08:46.205+0000] {logging_mixin.py:188} INFO - [2026-07-13T11:08:46.204+0000] {dag.py:3823} INFO - Setting next_dagrun for example_task_group_decorator to 2026-07-12 00:00:00+00:00, run_after=2026-07-13 00:00:00+00:00
[2026-07-13T11:08:46.219+0000] {processor.py:183} INFO - Processing /home/airflow/.local/lib/python3.8/site-packages/airflow/example_dags/example_task_group_decorator.py took 0.069 seconds
[2026-07-13T11:09:16.771+0000] {processor.py:161} INFO - Started process (PID=474) to work on /home/airflow/.local/lib/python3.8/site-packages/airflow/example_dags/example_task_group_decorator.py
[2026-07-13T11:09:16.772+0000] {processor.py:830} INFO - Processing file /home/airflow/.local/lib/python3.8/site-packages/airflow/example_dags/example_task_group_decorator.py for tasks to queue
[2026-07-13T11:09:16.774+0000] {logging_mixin.py:188} INFO - [2026-07-13T11:09:16.774+0000] {dagbag.py:538} INFO - Filling up the DagBag from /home/airflow/.local/lib/python3.8/site-packages/airflow/example_dags/example_task_group_decorator.py
[2026-07-13T11:09:16.786+0000] {processor.py:840} INFO - DAG(s) 'example_task_group_decorator' retrieved from /home/airflow/.local/lib/python3.8/site-packages/airflow/example_dags/example_task_group_decorator.py
[2026-07-13T11:09:16.812+0000] {logging_mixin.py:188} INFO - [2026-07-13T11:09:16.812+0000] {dag.py:3036} INFO - Sync 1 DAGs
[2026-07-13T11:09:16.835+0000] {logging_mixin.py:188} INFO - [2026-07-13T11:09:16.835+0000] {dag.py:3823} INFO - Setting next_dagrun for example_task_group_decorator to 2026-07-12 00:00:00+00:00, run_after=2026-07-13 00:00:00+00:00
[2026-07-13T11:09:16.860+0000] {processor.py:183} INFO - Processing /home/airflow/.local/lib/python3.8/site-packages/airflow/example_dags/example_task_group_decorator.py took 0.092 seconds
[2026-07-13T11:09:47.555+0000] {processor.py:161} INFO - Started process (PID=530) to work on /home/airflow/.local/lib/python3.8/site-packages/airflow/example_dags/example_task_group_decorator.py
[2026-07-13T11:09:47.556+0000] {processor.py:830} INFO - Processing file /home/airflow/.local/lib/python3.8/site-packages/airflow/example_dags/example_task_group_decorator.py for tasks to queue
[2026-07-13T11:09:47.558+0000] {logging_mixin.py:188} INFO - [2026-07-13T11:09:47.557+0000] {dagbag.py:538} INFO - Filling up the DagBag from /home/airflow/.local/lib/python3.8/site-packages/airflow/example_dags/example_task_group_decorator.py
[2026-07-13T11:09:47.567+0000] {processor.py:840} INFO - DAG(s) 'example_task_group_decorator' retrieved from /home/airflow/.local/lib/python3.8/site-packages/airflow/example_dags/example_task_group_decorator.py
[2026-07-13T11:09:47.587+0000] {logging_mixin.py:188} INFO - [2026-07-13T11:09:47.587+0000] {dag.py:3036} INFO - Sync 1 DAGs
[2026-07-13T11:09:47.602+0000] {logging_mixin.py:188} INFO - [2026-07-13T11:09:47.602+0000] {dag.py:3823} INFO - Setting next_dagrun for example_task_group_decorator to 2026-07-12 00:00:00+00:00, run_after=2026-07-13 00:00:00+00:00
[2026-07-13T11:09:47.617+0000] {processor.py:183} INFO - Processing /home/airflow/.local/lib/python3.8/site-packages/airflow/example_dags/example_task_group_decorator.py took 0.065 seconds
[2026-07-13T11:10:17.864+0000] {processor.py:161} INFO - Started process (PID=586) to work on /home/airflow/.local/lib/python3.8/site-packages/airflow/example_dags/example_task_group_decorator.py
[2026-07-13T11:10:17.865+0000] {processor.py:830} INFO - Processing file /home/airflow/.local/lib/python3.8/site-packages/airflow/example_dags/example_task_group_decorator.py for tasks to queue
[2026-07-13T11:10:17.867+0000] {logging_mixin.py:188} INFO - [2026-07-13T11:10:17.866+0000] {dagbag.py:538} INFO - Filling up the DagBag from /home/airflow/.local/lib/python3.8/site-packages/airflow/example_dags/example_task_group_decorator.py
[2026-07-13T11:10:17.877+0000] {processor.py:840} INFO - DAG(s) 'example_task_group_decorator' retrieved from /home/airflow/.local/lib/python3.8/site-packages/airflow/example_dags/example_task_group_decorator.py
[2026-07-13T11:10:17.896+0000] {logging_mixin.py:188} INFO - [2026-07-13T11:10:17.896+0000] {dag.py:3036} INFO - Sync 1 DAGs
[2026-07-13T11:10:17.913+0000] {logging_mixin.py:188} INFO - [2026-07-13T11:10:17.913+0000] {dag.py:3823} INFO - Setting next_dagrun for example_task_group_decorator to 2026-07-12 00:00:00+00:00, run_after=2026-07-13 00:00:00+00:00
[2026-07-13T11:10:17.927+0000] {processor.py:183} INFO - Processing /home/airflow/.local/lib/python3.8/site-packages/airflow/example_dags/example_task_group_decorator.py took 0.065 seconds
[2026-07-13T11:10:48.343+0000] {processor.py:161} INFO - Started process (PID=651) to work on /home/airflow/.local/lib/python3.8/site-packages/airflow/example_dags/example_task_group_decorator.py
[2026-07-13T11:10:48.344+0000] {processor.py:830} INFO - Processing file /home/airflow/.local/lib/python3.8/site-packages/airflow/example_dags/example_task_group_decorator.py for tasks to queue
[2026-07-13T11:10:48.346+0000] {logging_mixin.py:188} INFO - [2026-07-13T11:10:48.346+0000] {dagbag.py:538} INFO - Filling up the DagBag from /home/airflow/.local/lib/python3.8/site-packages/airflow/example_dags/example_task_group_decorator.py
[2026-07-13T11:10:48.355+0000] {processor.py:840} INFO - DAG(s) 'example_task_group_decorator' retrieved from /home/airflow/.local/lib/python3.8/site-packages/airflow/example_dags/example_task_group_decorator.py
[2026-07-13T11:10:48.373+0000] {logging_mixin.py:188} INFO - [2026-07-13T11:10:48.373+0000] {dag.py:3036} INFO - Sync 1 DAGs
[2026-07-13T11:10:48.388+0000] {logging_mixin.py:188} INFO - [2026-07-13T11:10:48.388+0000] {dag.py:3823} INFO - Setting next_dagrun for example_task_group_decorator to 2026-07-12 00:00:00+00:00, run_after=2026-07-13 00:00:00+00:00
[2026-07-13T11:10:48.403+0000] {processor.py:183} INFO - Processing /home/airflow/.local/lib/python3.8/site-packages/airflow/example_dags/example_task_group_decorator.py took 0.063 seconds
[2026-07-13T11:11:19.058+0000] {processor.py:161} INFO - Started process (PID=708) to work on /home/airflow/.local/lib/python3.8/site-packages/airflow/example_dags/example_task_group_decorator.py
[2026-07-13T11:11:19.059+0000] {processor.py:830} INFO - Processing file /home/airflow/.local/lib/python3.8/site-packages/airflow/example_dags/example_task_group_decorator.py for tasks to queue
[2026-07-13T11:11:19.061+0000] {logging_mixin.py:188} INFO - [2026-07-13T11:11:19.060+0000] {dagbag.py:538} INFO - Filling up the DagBag from /home/airflow/.local/lib/python3.8/site-packages/airflow/example_dags/example_task_group_decorator.py
[2026-07-13T11:11:19.070+0000] {processor.py:840} INFO - DAG(s) 'example_task_group_decorator' retrieved from /home/airflow/.local/lib/python3.8/site-packages/airflow/example_dags/example_task_group_decorator.py
[2026-07-13T11:11:19.087+0000] {logging_mixin.py:188} INFO - [2026-07-13T11:11:19.087+0000] {dag.py:3036} INFO - Sync 1 DAGs
[2026-07-13T11:11:19.103+0000] {logging_mixin.py:188} INFO - [2026-07-13T11:11:19.103+0000] {dag.py:3823} INFO - Setting next_dagrun for example_task_group_decorator to 2026-07-12 00:00:00+00:00, run_after=2026-07-13 00:00:00+00:00
[2026-07-13T11:11:19.116+0000] {processor.py:183} INFO - Processing /home/airflow/.local/lib/python3.8/site-packages/airflow/example_dags/example_task_group_decorator.py took 0.061 seconds
[2026-07-13T11:11:50.714+0000] {processor.py:161} INFO - Started process (PID=764) to work on /home/airflow/.local/lib/python3.8/site-packages/airflow/example_dags/example_task_group_decorator.py
[2026-07-13T11:11:50.715+0000] {processor.py:830} INFO - Processing file /home/airflow/.local/lib/python3.8/site-packages/airflow/example_dags/example_task_group_decorator.py for tasks to queue
[2026-07-13T11:11:50.716+0000] {logging_mixin.py:188} INFO - [2026-07-13T11:11:50.716+0000] {dagbag.py:538} INFO - Filling up the DagBag from /home/airflow/.local/lib/python3.8/site-packages/airflow/example_dags/example_task_group_decorator.py
[2026-07-13T11:11:50.725+0000] {processor.py:840} INFO - DAG(s) 'example_task_group_decorator' retrieved from /home/airflow/.local/lib/python3.8/site-packages/airflow/example_dags/example_task_group_decorator.py
[2026-07-13T11:11:50.742+0000] {logging_mixin.py:188} INFO - [2026-07-13T11:11:50.742+0000] {dag.py:3036} INFO - Sync 1 DAGs
[2026-07-13T11:11:50.757+0000] {logging_mixin.py:188} INFO - [2026-07-13T11:11:50.756+0000] {dag.py:3823} INFO - Setting next_dagrun for example_task_group_decorator to 2026-07-12 00:00:00+00:00, run_after=2026-07-13 00:00:00+00:00
[2026-07-13T11:11:50.769+0000] {processor.py:183} INFO - Processing /home/airflow/.local/lib/python3.8/site-packages/airflow/example_dags/example_task_group_decorator.py took 0.059 seconds
[2026-07-13T11:12:23.669+0000] {processor.py:161} INFO - Started process (PID=820) to work on /home/airflow/.local/lib/python3.8/site-packages/airflow/example_dags/example_task_group_decorator.py
[2026-07-13T11:12:23.670+0000] {processor.py:830} INFO - Processing file /home/airflow/.local/lib/python3.8/site-packages/airflow/example_dags/example_task_group_decorator.py for tasks to queue
[2026-07-13T11:12:23.671+0000] {logging_mixin.py:188} INFO - [2026-07-13T11:12:23.671+0000] {dagbag.py:538} INFO - Filling up the DagBag from /home/airflow/.local/lib/python3.8/site-packages/airflow/example_dags/example_task_group_decorator.py
[2026-07-13T11:12:23.686+0000] {processor.py:840} INFO - DAG(s) 'example_task_group_decorator' retrieved from /home/airflow/.local/lib/python3.8/site-packages/airflow/example_dags/example_task_group_decorator.py
[2026-07-13T11:12:23.715+0000] {logging_mixin.py:188} INFO - [2026-07-13T11:12:23.714+0000] {dag.py:3036} INFO - Sync 1 DAGs
[2026-07-13T11:12:23.737+0000] {logging_mixin.py:188} INFO - [2026-07-13T11:12:23.737+0000] {dag.py:3823} INFO - Setting next_dagrun for example_task_group_decorator to 2026-07-12 00:00:00+00:00, run_after=2026-07-13 00:00:00+00:00
[2026-07-13T11:12:23.756+0000] {processor.py:183} INFO - Processing /home/airflow/.local/lib/python3.8/site-packages/airflow/example_dags/example_task_group_decorator.py took 0.090 seconds
[2026-07-13T11:12:54.327+0000] {processor.py:161} INFO - Started process (PID=876) to work on /home/airflow/.local/lib/python3.8/site-packages/airflow/example_dags/example_task_group_decorator.py
[2026-07-13T11:12:54.327+0000] {processor.py:830} INFO - Processing file /home/airflow/.local/lib/python3.8/site-packages/airflow/example_dags/example_task_group_decorator.py for tasks to queue
[2026-07-13T11:12:54.329+0000] {logging_mixin.py:188} INFO - [2026-07-13T11:12:54.328+0000] {dagbag.py:538} INFO - Filling up the DagBag from /home/airflow/.local/lib/python3.8/site-packages/airflow/example_dags/example_task_group_decorator.py
[2026-07-13T11:12:54.339+0000] {processor.py:840} INFO - DAG(s) 'example_task_group_decorator' retrieved from /home/airflow/.local/lib/python3.8/site-packages/airflow/example_dags/example_task_group_decorator.py
[2026-07-13T11:12:54.361+0000] {logging_mixin.py:188} INFO - [2026-07-13T11:12:54.360+0000] {dag.py:3036} INFO - Sync 1 DAGs
[2026-07-13T11:12:54.378+0000] {logging_mixin.py:188} INFO - [2026-07-13T11:12:54.378+0000] {dag.py:3823} INFO - Setting next_dagrun for example_task_group_decorator to 2026-07-12 00:00:00+00:00, run_after=2026-07-13 00:00:00+00:00
[2026-07-13T11:12:54.394+0000] {processor.py:183} INFO - Processing /home/airflow/.local/lib/python3.8/site-packages/airflow/example_dags/example_task_group_decorator.py took 0.071 seconds
[2026-07-13T11:13:26.017+0000] {processor.py:161} INFO - Started process (PID=932) to work on /home/airflow/.local/lib/python3.8/site-packages/airflow/example_dags/example_task_group_decorator.py
[2026-07-13T11:13:26.018+0000] {processor.py:830} INFO - Processing file /home/airflow/.local/lib/python3.8/site-packages/airflow/example_dags/example_task_group_decorator.py for tasks to queue
[2026-07-13T11:13:26.020+0000] {logging_mixin.py:188} INFO - [2026-07-13T11:13:26.020+0000] {dagbag.py:538} INFO - Filling up the DagBag from /home/airflow/.local/lib/python3.8/site-packages/airflow/example_dags/example_task_group_decorator.py
[2026-07-13T11:13:26.032+0000] {processor.py:840} INFO - DAG(s) 'example_task_group_decorator' retrieved from /home/airflow/.local/lib/python3.8/site-packages/airflow/example_dags/example_task_group_decorator.py
[2026-07-13T11:13:26.056+0000] {logging_mixin.py:188} INFO - [2026-07-13T11:13:26.055+0000] {dag.py:3036} INFO - Sync 1 DAGs
[2026-07-13T11:13:26.074+0000] {logging_mixin.py:188} INFO - [2026-07-13T11:13:26.074+0000] {dag.py:3823} INFO - Setting next_dagrun for example_task_group_decorator to 2026-07-12 00:00:00+00:00, run_after=2026-07-13 00:00:00+00:00
[2026-07-13T11:13:26.088+0000] {processor.py:183} INFO - Processing /home/airflow/.local/lib/python3.8/site-packages/airflow/example_dags/example_task_group_decorator.py took 0.074 seconds
[2026-07-13T11:13:57.656+0000] {processor.py:161} INFO - Started process (PID=988) to work on /home/airflow/.local/lib/python3.8/site-packages/airflow/example_dags/example_task_group_decorator.py
[2026-07-13T11:13:57.657+0000] {processor.py:830} INFO - Processing file /home/airflow/.local/lib/python3.8/site-packages/airflow/example_dags/example_task_group_decorator.py for tasks to queue
[2026-07-13T11:13:57.659+0000] {logging_mixin.py:188} INFO - [2026-07-13T11:13:57.659+0000] {dagbag.py:538} INFO - Filling up the DagBag from /home/airflow/.local/lib/python3.8/site-packages/airflow/example_dags/example_task_group_decorator.py
[2026-07-13T11:13:57.667+0000] {processor.py:840} INFO - DAG(s) 'example_task_group_decorator' retrieved from /home/airflow/.local/lib/python3.8/site-packages/airflow/example_dags/example_task_group_decorator.py
[2026-07-13T11:13:57.683+0000] {logging_mixin.py:188} INFO - [2026-07-13T11:13:57.683+0000] {dag.py:3036} INFO - Sync 1 DAGs
[2026-07-13T11:13:57.697+0000] {logging_mixin.py:188} INFO - [2026-07-13T11:13:57.697+0000] {dag.py:3823} INFO - Setting next_dagrun for example_task_group_decorator to 2026-07-12 00:00:00+00:00, run_after=2026-07-13 00:00:00+00:00
[2026-07-13T11:13:57.709+0000] {processor.py:183} INFO - Processing /home/airflow/.local/lib/python3.8/site-packages/airflow/example_dags/example_task_group_decorator.py took 0.055 seconds
[2026-07-13T11:17:28.013+0000] {processor.py:161} INFO - Started process (PID=93) to work on /home/airflow/.local/lib/python3.8/site-packages/airflow/example_dags/example_task_group_decorator.py
[2026-07-13T11:17:28.015+0000] {processor.py:830} INFO - Processing file /home/airflow/.local/lib/python3.8/site-packages/airflow/example_dags/example_task_group_decorator.py for tasks to queue
[2026-07-13T11:17:28.016+0000] {logging_mixin.py:188} INFO - [2026-07-13T11:17:28.016+0000] {dagbag.py:538} INFO - Filling up the DagBag from /home/airflow/.local/lib/python3.8/site-packages/airflow/example_dags/example_task_group_decorator.py
[2026-07-13T11:17:28.029+0000] {processor.py:840} INFO - DAG(s) 'example_task_group_decorator' retrieved from /home/airflow/.local/lib/python3.8/site-packages/airflow/example_dags/example_task_group_decorator.py
[2026-07-13T11:17:28.145+0000] {logging_mixin.py:188} INFO - [2026-07-13T11:17:28.144+0000] {override.py:1769} INFO - Created Permission View: can read on DAG:example_task_group_decorator
[2026-07-13T11:17:28.161+0000] {logging_mixin.py:188} INFO - [2026-07-13T11:17:28.161+0000] {override.py:1769} INFO - Created Permission View: can delete on DAG:example_task_group_decorator
[2026-07-13T11:17:28.173+0000] {logging_mixin.py:188} INFO - [2026-07-13T11:17:28.173+0000] {override.py:1769} INFO - Created Permission View: can edit on DAG:example_task_group_decorator
[2026-07-13T11:17:28.174+0000] {logging_mixin.py:188} INFO - [2026-07-13T11:17:28.173+0000] {dag.py:3036} INFO - Sync 1 DAGs
[2026-07-13T11:17:28.189+0000] {logging_mixin.py:188} INFO - [2026-07-13T11:17:28.189+0000] {dag.py:3058} INFO - Creating ORM DAG for example_task_group_decorator
[2026-07-13T11:17:28.208+0000] {logging_mixin.py:188} INFO - [2026-07-13T11:17:28.208+0000] {dag.py:3823} INFO - Setting next_dagrun for example_task_group_decorator to 2026-07-12 00:00:00+00:00, run_after=2026-07-13 00:00:00+00:00
[2026-07-13T11:17:28.232+0000] {processor.py:183} INFO - Processing /home/airflow/.local/lib/python3.8/site-packages/airflow/example_dags/example_task_group_decorator.py took 0.223 seconds
[2026-07-13T11:17:59.020+0000] {processor.py:161} INFO - Started process (PID=150) to work on /home/airflow/.local/lib/python3.8/site-packages/airflow/example_dags/example_task_group_decorator.py
[2026-07-13T11:17:59.021+0000] {processor.py:830} INFO - Processing file /home/airflow/.local/lib/python3.8/site-packages/airflow/example_dags/example_task_group_decorator.py for tasks to queue
[2026-07-13T11:17:59.022+0000] {logging_mixin.py:188} INFO - [2026-07-13T11:17:59.022+0000] {dagbag.py:538} INFO - Filling up the DagBag from /home/airflow/.local/lib/python3.8/site-packages/airflow/example_dags/example_task_group_decorator.py
[2026-07-13T11:17:59.032+0000] {processor.py:840} INFO - DAG(s) 'example_task_group_decorator' retrieved from /home/airflow/.local/lib/python3.8/site-packages/airflow/example_dags/example_task_group_decorator.py
[2026-07-13T11:17:59.050+0000] {logging_mixin.py:188} INFO - [2026-07-13T11:17:59.050+0000] {dag.py:3036} INFO - Sync 1 DAGs
[2026-07-13T11:17:59.073+0000] {logging_mixin.py:188} INFO - [2026-07-13T11:17:59.073+0000] {dag.py:3823} INFO - Setting next_dagrun for example_task_group_decorator to 2026-07-12 00:00:00+00:00, run_after=2026-07-13 00:00:00+00:00
[2026-07-13T11:17:59.090+0000] {processor.py:183} INFO - Processing /home/airflow/.local/lib/python3.8/site-packages/airflow/example_dags/example_task_group_decorator.py took 0.073 seconds
[2026-07-13T11:19:41.989+0000] {processor.py:161} INFO - Started process (PID=224) to work on /home/airflow/.local/lib/python3.8/site-packages/airflow/example_dags/example_task_group_decorator.py
[2026-07-13T11:19:41.994+0000] {processor.py:830} INFO - Processing file /home/airflow/.local/lib/python3.8/site-packages/airflow/example_dags/example_task_group_decorator.py for tasks to queue
[2026-07-13T11:19:41.998+0000] {logging_mixin.py:188} INFO - [2026-07-13T11:19:41.997+0000] {dagbag.py:538} INFO - Filling up the DagBag from /home/airflow/.local/lib/python3.8/site-packages/airflow/example_dags/example_task_group_decorator.py
[2026-07-13T11:19:42.026+0000] {processor.py:840} INFO - DAG(s) 'example_task_group_decorator' retrieved from /home/airflow/.local/lib/python3.8/site-packages/airflow/example_dags/example_task_group_decorator.py
[2026-07-13T11:19:42.069+0000] {logging_mixin.py:188} INFO - [2026-07-13T11:19:42.069+0000] {dag.py:3036} INFO - Sync 1 DAGs
[2026-07-13T11:19:42.106+0000] {logging_mixin.py:188} INFO - [2026-07-13T11:19:42.106+0000] {dag.py:3823} INFO - Setting next_dagrun for example_task_group_decorator to 2026-07-12 00:00:00+00:00, run_after=2026-07-13 00:00:00+00:00
[2026-07-13T11:19:42.144+0000] {processor.py:183} INFO - Processing /home/airflow/.local/lib/python3.8/site-packages/airflow/example_dags/example_task_group_decorator.py took 0.165 seconds
[2026-07-13T11:20:12.172+0000] {processor.py:161} INFO - Started process (PID=280) to work on /home/airflow/.local/lib/python3.8/site-packages/airflow/example_dags/example_task_group_decorator.py
[2026-07-13T11:20:12.174+0000] {processor.py:830} INFO - Processing file /home/airflow/.local/lib/python3.8/site-packages/airflow/example_dags/example_task_group_decorator.py for tasks to queue
[2026-07-13T11:20:12.175+0000] {logging_mixin.py:188} INFO - [2026-07-13T11:20:12.175+0000] {dagbag.py:538} INFO - Filling up the DagBag from /home/airflow/.local/lib/python3.8/site-packages/airflow/example_dags/example_task_group_decorator.py
[2026-07-13T11:20:12.198+0000] {processor.py:840} INFO - DAG(s) 'example_task_group_decorator' retrieved from /home/airflow/.local/lib/python3.8/site-packages/airflow/example_dags/example_task_group_decorator.py
[2026-07-13T11:20:12.245+0000] {logging_mixin.py:188} INFO - [2026-07-13T11:20:12.245+0000] {dag.py:3036} INFO - Sync 1 DAGs
[2026-07-13T11:20:12.278+0000] {logging_mixin.py:188} INFO - [2026-07-13T11:20:12.277+0000] {dag.py:3823} INFO - Setting next_dagrun for example_task_group_decorator to 2026-07-12 00:00:00+00:00, run_after=2026-07-13 00:00:00+00:00
[2026-07-13T11:20:12.311+0000] {processor.py:183} INFO - Processing /home/airflow/.local/lib/python3.8/site-packages/airflow/example_dags/example_task_group_decorator.py took 0.143 seconds
[2026-07-13T11:20:42.862+0000] {processor.py:161} INFO - Started process (PID=336) to work on /home/airflow/.local/lib/python3.8/site-packages/airflow/example_dags/example_task_group_decorator.py
[2026-07-13T11:20:42.863+0000] {processor.py:830} INFO - Processing file /home/airflow/.local/lib/python3.8/site-packages/airflow/example_dags/example_task_group_decorator.py for tasks to queue
[2026-07-13T11:20:42.864+0000] {logging_mixin.py:188} INFO - [2026-07-13T11:20:42.864+0000] {dagbag.py:538} INFO - Filling up the DagBag from /home/airflow/.local/lib/python3.8/site-packages/airflow/example_dags/example_task_group_decorator.py
[2026-07-13T11:20:42.874+0000] {processor.py:840} INFO - DAG(s) 'example_task_group_decorator' retrieved from /home/airflow/.local/lib/python3.8/site-packages/airflow/example_dags/example_task_group_decorator.py
[2026-07-13T11:20:42.892+0000] {logging_mixin.py:188} INFO - [2026-07-13T11:20:42.892+0000] {dag.py:3036} INFO - Sync 1 DAGs
[2026-07-13T11:20:42.907+0000] {logging_mixin.py:188} INFO - [2026-07-13T11:20:42.907+0000] {dag.py:3823} INFO - Setting next_dagrun for example_task_group_decorator to 2026-07-12 00:00:00+00:00, run_after=2026-07-13 00:00:00+00:00
[2026-07-13T11:20:42.928+0000] {processor.py:183} INFO - Processing /home/airflow/.local/lib/python3.8/site-packages/airflow/example_dags/example_task_group_decorator.py took 0.069 seconds
[2026-07-13T11:21:14.974+0000] {processor.py:161} INFO - Started process (PID=391) to work on /home/airflow/.local/lib/python3.8/site-packages/airflow/example_dags/example_task_group_decorator.py
[2026-07-13T11:21:14.975+0000] {processor.py:830} INFO - Processing file /home/airflow/.local/lib/python3.8/site-packages/airflow/example_dags/example_task_group_decorator.py for tasks to queue
[2026-07-13T11:21:14.976+0000] {logging_mixin.py:188} INFO - [2026-07-13T11:21:14.976+0000] {dagbag.py:538} INFO - Filling up the DagBag from /home/airflow/.local/lib/python3.8/site-packages/airflow/example_dags/example_task_group_decorator.py
[2026-07-13T11:21:14.987+0000] {processor.py:840} INFO - DAG(s) 'example_task_group_decorator' retrieved from /home/airflow/.local/lib/python3.8/site-packages/airflow/example_dags/example_task_group_decorator.py
[2026-07-13T11:21:15.005+0000] {logging_mixin.py:188} INFO - [2026-07-13T11:21:15.005+0000] {dag.py:3036} INFO - Sync 1 DAGs
[2026-07-13T11:21:15.021+0000] {logging_mixin.py:188} INFO - [2026-07-13T11:21:15.021+0000] {dag.py:3823} INFO - Setting next_dagrun for example_task_group_decorator to 2026-07-12 00:00:00+00:00, run_after=2026-07-13 00:00:00+00:00
[2026-07-13T11:21:15.034+0000] {processor.py:183} INFO - Processing /home/airflow/.local/lib/python3.8/site-packages/airflow/example_dags/example_task_group_decorator.py took 0.062 seconds
[2026-07-13T11:21:45.407+0000] {processor.py:161} INFO - Started process (PID=447) to work on /home/airflow/.local/lib/python3.8/site-packages/airflow/example_dags/example_task_group_decorator.py
[2026-07-13T11:21:45.408+0000] {processor.py:830} INFO - Processing file /home/airflow/.local/lib/python3.8/site-packages/airflow/example_dags/example_task_group_decorator.py for tasks to queue
[2026-07-13T11:21:45.409+0000] {logging_mixin.py:188} INFO - [2026-07-13T11:21:45.409+0000] {dagbag.py:538} INFO - Filling up the DagBag from /home/airflow/.local/lib/python3.8/site-packages/airflow/example_dags/example_task_group_decorator.py
[2026-07-13T11:21:45.419+0000] {processor.py:840} INFO - DAG(s) 'example_task_group_decorator' retrieved from /home/airflow/.local/lib/python3.8/site-packages/airflow/example_dags/example_task_group_decorator.py
[2026-07-13T11:21:45.437+0000] {logging_mixin.py:188} INFO - [2026-07-13T11:21:45.437+0000] {dag.py:3036} INFO - Sync 1 DAGs
[2026-07-13T11:21:45.454+0000] {logging_mixin.py:188} INFO - [2026-07-13T11:21:45.454+0000] {dag.py:3823} INFO - Setting next_dagrun for example_task_group_decorator to 2026-07-12 00:00:00+00:00, run_after=2026-07-13 00:00:00+00:00
[2026-07-13T11:21:45.472+0000] {processor.py:183} INFO - Processing /home/airflow/.local/lib/python3.8/site-packages/airflow/example_dags/example_task_group_decorator.py took 0.068 seconds
[2026-07-13T11:22:16.235+0000] {processor.py:161} INFO - Started process (PID=497) to work on /home/airflow/.local/lib/python3.8/site-packages/airflow/example_dags/example_task_group_decorator.py
[2026-07-13T11:22:16.236+0000] {processor.py:830} INFO - Processing file /home/airflow/.local/lib/python3.8/site-packages/airflow/example_dags/example_task_group_decorator.py for tasks to queue
[2026-07-13T11:22:16.238+0000] {logging_mixin.py:188} INFO - [2026-07-13T11:22:16.237+0000] {dagbag.py:538} INFO - Filling up the DagBag from /home/airflow/.local/lib/python3.8/site-packages/airflow/example_dags/example_task_group_decorator.py
[2026-07-13T11:22:16.248+0000] {processor.py:840} INFO - DAG(s) 'example_task_group_decorator' retrieved from /home/airflow/.local/lib/python3.8/site-packages/airflow/example_dags/example_task_group_decorator.py
[2026-07-13T11:22:16.268+0000] {logging_mixin.py:188} INFO - [2026-07-13T11:22:16.268+0000] {dag.py:3036} INFO - Sync 1 DAGs
[2026-07-13T11:22:16.286+0000] {logging_mixin.py:188} INFO - [2026-07-13T11:22:16.286+0000] {dag.py:3823} INFO - Setting next_dagrun for example_task_group_decorator to 2026-07-12 00:00:00+00:00, run_after=2026-07-13 00:00:00+00:00
[2026-07-13T11:22:16.303+0000] {processor.py:183} INFO - Processing /home/airflow/.local/lib/python3.8/site-packages/airflow/example_dags/example_task_group_decorator.py took 0.072 seconds
[2026-07-13T11:22:46.390+0000] {processor.py:161} INFO - Started process (PID=553) to work on /home/airflow/.local/lib/python3.8/site-packages/airflow/example_dags/example_task_group_decorator.py
[2026-07-13T11:22:46.391+0000] {processor.py:830} INFO - Processing file /home/airflow/.local/lib/python3.8/site-packages/airflow/example_dags/example_task_group_decorator.py for tasks to queue
[2026-07-13T11:22:46.392+0000] {logging_mixin.py:188} INFO - [2026-07-13T11:22:46.392+0000] {dagbag.py:538} INFO - Filling up the DagBag from /home/airflow/.local/lib/python3.8/site-packages/airflow/example_dags/example_task_group_decorator.py
[2026-07-13T11:22:46.403+0000] {processor.py:840} INFO - DAG(s) 'example_task_group_decorator' retrieved from /home/airflow/.local/lib/python3.8/site-packages/airflow/example_dags/example_task_group_decorator.py
[2026-07-13T11:22:46.424+0000] {logging_mixin.py:188} INFO - [2026-07-13T11:22:46.424+0000] {dag.py:3036} INFO - Sync 1 DAGs
[2026-07-13T11:22:46.439+0000] {logging_mixin.py:188} INFO - [2026-07-13T11:22:46.439+0000] {dag.py:3823} INFO - Setting next_dagrun for example_task_group_decorator to 2026-07-12 00:00:00+00:00, run_after=2026-07-13 00:00:00+00:00
[2026-07-13T11:22:46.455+0000] {processor.py:183} INFO - Processing /home/airflow/.local/lib/python3.8/site-packages/airflow/example_dags/example_task_group_decorator.py took 0.067 seconds
[2026-07-13T11:23:16.825+0000] {processor.py:161} INFO - Started process (PID=609) to work on /home/airflow/.local/lib/python3.8/site-packages/airflow/example_dags/example_task_group_decorator.py
[2026-07-13T11:23:16.827+0000] {processor.py:830} INFO - Processing file /home/airflow/.local/lib/python3.8/site-packages/airflow/example_dags/example_task_group_decorator.py for tasks to queue
[2026-07-13T11:23:16.828+0000] {logging_mixin.py:188} INFO - [2026-07-13T11:23:16.828+0000] {dagbag.py:538} INFO - Filling up the DagBag from /home/airflow/.local/lib/python3.8/site-packages/airflow/example_dags/example_task_group_decorator.py
[2026-07-13T11:23:16.838+0000] {processor.py:840} INFO - DAG(s) 'example_task_group_decorator' retrieved from /home/airflow/.local/lib/python3.8/site-packages/airflow/example_dags/example_task_group_decorator.py
[2026-07-13T11:23:16.856+0000] {logging_mixin.py:188} INFO - [2026-07-13T11:23:16.856+0000] {dag.py:3036} INFO - Sync 1 DAGs
[2026-07-13T11:23:16.871+0000] {logging_mixin.py:188} INFO - [2026-07-13T11:23:16.871+0000] {dag.py:3823} INFO - Setting next_dagrun for example_task_group_decorator to 2026-07-12 00:00:00+00:00, run_after=2026-07-13 00:00:00+00:00
[2026-07-13T11:23:16.884+0000] {processor.py:183} INFO - Processing /home/airflow/.local/lib/python3.8/site-packages/airflow/example_dags/example_task_group_decorator.py took 0.061 seconds
[2026-07-13T11:23:47.033+0000] {processor.py:161} INFO - Started process (PID=665) to work on /home/airflow/.local/lib/python3.8/site-packages/airflow/example_dags/example_task_group_decorator.py
[2026-07-13T11:23:47.034+0000] {processor.py:830} INFO - Processing file /home/airflow/.local/lib/python3.8/site-packages/airflow/example_dags/example_task_group_decorator.py for tasks to queue
[2026-07-13T11:23:47.036+0000] {logging_mixin.py:188} INFO - [2026-07-13T11:23:47.036+0000] {dagbag.py:538} INFO - Filling up the DagBag from /home/airflow/.local/lib/python3.8/site-packages/airflow/example_dags/example_task_group_decorator.py
[2026-07-13T11:23:47.052+0000] {processor.py:840} INFO - DAG(s) 'example_task_group_decorator' retrieved from /home/airflow/.local/lib/python3.8/site-packages/airflow/example_dags/example_task_group_decorator.py
[2026-07-13T11:23:47.070+0000] {logging_mixin.py:188} INFO - [2026-07-13T11:23:47.070+0000] {dag.py:3036} INFO - Sync 1 DAGs
[2026-07-13T11:23:47.086+0000] {logging_mixin.py:188} INFO - [2026-07-13T11:23:47.086+0000] {dag.py:3823} INFO - Setting next_dagrun for example_task_group_decorator to 2026-07-12 00:00:00+00:00, run_after=2026-07-13 00:00:00+00:00
[2026-07-13T11:23:47.109+0000] {processor.py:183} INFO - Processing /home/airflow/.local/lib/python3.8/site-packages/airflow/example_dags/example_task_group_decorator.py took 0.078 seconds
[2026-07-13T11:24:17.768+0000] {processor.py:161} INFO - Started process (PID=721) to work on /home/airflow/.local/lib/python3.8/site-packages/airflow/example_dags/example_task_group_decorator.py
[2026-07-13T11:24:17.769+0000] {processor.py:830} INFO - Processing file /home/airflow/.local/lib/python3.8/site-packages/airflow/example_dags/example_task_group_decorator.py for tasks to queue
[2026-07-13T11:24:17.771+0000] {logging_mixin.py:188} INFO - [2026-07-13T11:24:17.770+0000] {dagbag.py:538} INFO - Filling up the DagBag from /home/airflow/.local/lib/python3.8/site-packages/airflow/example_dags/example_task_group_decorator.py
[2026-07-13T11:24:17.780+0000] {processor.py:840} INFO - DAG(s) 'example_task_group_decorator' retrieved from /home/airflow/.local/lib/python3.8/site-packages/airflow/example_dags/example_task_group_decorator.py
[2026-07-13T11:24:17.796+0000] {logging_mixin.py:188} INFO - [2026-07-13T11:24:17.796+0000] {dag.py:3036} INFO - Sync 1 DAGs
[2026-07-13T11:24:17.811+0000] {logging_mixin.py:188} INFO - [2026-07-13T11:24:17.810+0000] {dag.py:3823} INFO - Setting next_dagrun for example_task_group_decorator to 2026-07-12 00:00:00+00:00, run_after=2026-07-13 00:00:00+00:00
[2026-07-13T11:24:17.828+0000] {processor.py:183} INFO - Processing /home/airflow/.local/lib/python3.8/site-packages/airflow/example_dags/example_task_group_decorator.py took 0.062 seconds
[2026-07-13T11:24:49.086+0000] {processor.py:161} INFO - Started process (PID=786) to work on /home/airflow/.local/lib/python3.8/site-packages/airflow/example_dags/example_task_group_decorator.py
[2026-07-13T11:24:49.088+0000] {processor.py:830} INFO - Processing file /home/airflow/.local/lib/python3.8/site-packages/airflow/example_dags/example_task_group_decorator.py for tasks to queue
[2026-07-13T11:24:49.089+0000] {logging_mixin.py:188} INFO - [2026-07-13T11:24:49.089+0000] {dagbag.py:538} INFO - Filling up the DagBag from /home/airflow/.local/lib/python3.8/site-packages/airflow/example_dags/example_task_group_decorator.py
[2026-07-13T11:24:49.108+0000] {processor.py:840} INFO - DAG(s) 'example_task_group_decorator' retrieved from /home/airflow/.local/lib/python3.8/site-packages/airflow/example_dags/example_task_group_decorator.py
[2026-07-13T11:24:49.142+0000] {logging_mixin.py:188} INFO - [2026-07-13T11:24:49.141+0000] {dag.py:3036} INFO - Sync 1 DAGs
[2026-07-13T11:24:49.177+0000] {logging_mixin.py:188} INFO - [2026-07-13T11:24:49.177+0000] {dag.py:3823} INFO - Setting next_dagrun for example_task_group_decorator to 2026-07-12 00:00:00+00:00, run_after=2026-07-13 00:00:00+00:00
[2026-07-13T11:24:49.213+0000] {processor.py:183} INFO - Processing /home/airflow/.local/lib/python3.8/site-packages/airflow/example_dags/example_task_group_decorator.py took 0.132 seconds
[2026-07-13T11:25:19.985+0000] {processor.py:161} INFO - Started process (PID=851) to work on /home/airflow/.local/lib/python3.8/site-packages/airflow/example_dags/example_task_group_decorator.py
[2026-07-13T11:25:19.987+0000] {processor.py:830} INFO - Processing file /home/airflow/.local/lib/python3.8/site-packages/airflow/example_dags/example_task_group_decorator.py for tasks to queue
[2026-07-13T11:25:19.989+0000] {logging_mixin.py:188} INFO - [2026-07-13T11:25:19.988+0000] {dagbag.py:538} INFO - Filling up the DagBag from /home/airflow/.local/lib/python3.8/site-packages/airflow/example_dags/example_task_group_decorator.py
[2026-07-13T11:25:20.001+0000] {processor.py:840} INFO - DAG(s) 'example_task_group_decorator' retrieved from /home/airflow/.local/lib/python3.8/site-packages/airflow/example_dags/example_task_group_decorator.py
[2026-07-13T11:25:20.026+0000] {logging_mixin.py:188} INFO - [2026-07-13T11:25:20.025+0000] {dag.py:3036} INFO - Sync 1 DAGs
[2026-07-13T11:25:20.049+0000] {logging_mixin.py:188} INFO - [2026-07-13T11:25:20.049+0000] {dag.py:3823} INFO - Setting next_dagrun for example_task_group_decorator to 2026-07-12 00:00:00+00:00, run_after=2026-07-13 00:00:00+00:00
[2026-07-13T11:25:20.068+0000] {processor.py:183} INFO - Processing /home/airflow/.local/lib/python3.8/site-packages/airflow/example_dags/example_task_group_decorator.py took 0.087 seconds
[2026-07-13T11:25:50.173+0000] {processor.py:161} INFO - Started process (PID=907) to work on /home/airflow/.local/lib/python3.8/site-packages/airflow/example_dags/example_task_group_decorator.py
[2026-07-13T11:25:50.175+0000] {processor.py:830} INFO - Processing file /home/airflow/.local/lib/python3.8/site-packages/airflow/example_dags/example_task_group_decorator.py for tasks to queue
[2026-07-13T11:25:50.176+0000] {logging_mixin.py:188} INFO - [2026-07-13T11:25:50.176+0000] {dagbag.py:538} INFO - Filling up the DagBag from /home/airflow/.local/lib/python3.8/site-packages/airflow/example_dags/example_task_group_decorator.py
[2026-07-13T11:25:50.186+0000] {processor.py:840} INFO - DAG(s) 'example_task_group_decorator' retrieved from /home/airflow/.local/lib/python3.8/site-packages/airflow/example_dags/example_task_group_decorator.py
[2026-07-13T11:25:50.204+0000] {logging_mixin.py:188} INFO - [2026-07-13T11:25:50.204+0000] {dag.py:3036} INFO - Sync 1 DAGs
[2026-07-13T11:25:50.220+0000] {logging_mixin.py:188} INFO - [2026-07-13T11:25:50.220+0000] {dag.py:3823} INFO - Setting next_dagrun for example_task_group_decorator to 2026-07-12 00:00:00+00:00, run_after=2026-07-13 00:00:00+00:00
[2026-07-13T11:25:50.234+0000] {processor.py:183} INFO - Processing /home/airflow/.local/lib/python3.8/site-packages/airflow/example_dags/example_task_group_decorator.py took 0.063 seconds
[2026-07-13T11:26:22.433+0000] {processor.py:161} INFO - Started process (PID=963) to work on /home/airflow/.local/lib/python3.8/site-packages/airflow/example_dags/example_task_group_decorator.py
[2026-07-13T11:26:22.434+0000] {processor.py:830} INFO - Processing file /home/airflow/.local/lib/python3.8/site-packages/airflow/example_dags/example_task_group_decorator.py for tasks to queue
[2026-07-13T11:26:22.436+0000] {logging_mixin.py:188} INFO - [2026-07-13T11:26:22.435+0000] {dagbag.py:538} INFO - Filling up the DagBag from /home/airflow/.local/lib/python3.8/site-packages/airflow/example_dags/example_task_group_decorator.py
[2026-07-13T11:26:22.446+0000] {processor.py:840} INFO - DAG(s) 'example_task_group_decorator' retrieved from /home/airflow/.local/lib/python3.8/site-packages/airflow/example_dags/example_task_group_decorator.py
[2026-07-13T11:26:22.468+0000] {logging_mixin.py:188} INFO - [2026-07-13T11:26:22.467+0000] {dag.py:3036} INFO - Sync 1 DAGs
[2026-07-13T11:26:22.486+0000] {logging_mixin.py:188} INFO - [2026-07-13T11:26:22.486+0000] {dag.py:3823} INFO - Setting next_dagrun for example_task_group_decorator to 2026-07-12 00:00:00+00:00, run_after=2026-07-13 00:00:00+00:00
[2026-07-13T11:26:22.510+0000] {processor.py:183} INFO - Processing /home/airflow/.local/lib/python3.8/site-packages/airflow/example_dags/example_task_group_decorator.py took 0.080 seconds
[2026-07-13T11:26:55.128+0000] {processor.py:161} INFO - Started process (PID=1019) to work on /home/airflow/.local/lib/python3.8/site-packages/airflow/example_dags/example_task_group_decorator.py
[2026-07-13T11:26:55.129+0000] {processor.py:830} INFO - Processing file /home/airflow/.local/lib/python3.8/site-packages/airflow/example_dags/example_task_group_decorator.py for tasks to queue
[2026-07-13T11:26:55.130+0000] {logging_mixin.py:188} INFO - [2026-07-13T11:26:55.130+0000] {dagbag.py:538} INFO - Filling up the DagBag from /home/airflow/.local/lib/python3.8/site-packages/airflow/example_dags/example_task_group_decorator.py
[2026-07-13T11:26:55.142+0000] {processor.py:840} INFO - DAG(s) 'example_task_group_decorator' retrieved from /home/airflow/.local/lib/python3.8/site-packages/airflow/example_dags/example_task_group_decorator.py
[2026-07-13T11:26:55.166+0000] {logging_mixin.py:188} INFO - [2026-07-13T11:26:55.166+0000] {dag.py:3036} INFO - Sync 1 DAGs
[2026-07-13T11:26:55.190+0000] {logging_mixin.py:188} INFO - [2026-07-13T11:26:55.190+0000] {dag.py:3823} INFO - Setting next_dagrun for example_task_group_decorator to 2026-07-12 00:00:00+00:00, run_after=2026-07-13 00:00:00+00:00
[2026-07-13T11:26:55.211+0000] {processor.py:183} INFO - Processing /home/airflow/.local/lib/python3.8/site-packages/airflow/example_dags/example_task_group_decorator.py took 0.086 seconds
[2026-07-13T11:27:27.971+0000] {processor.py:161} INFO - Started process (PID=1074) to work on /home/airflow/.local/lib/python3.8/site-packages/airflow/example_dags/example_task_group_decorator.py
[2026-07-13T11:27:27.973+0000] {processor.py:830} INFO - Processing file /home/airflow/.local/lib/python3.8/site-packages/airflow/example_dags/example_task_group_decorator.py for tasks to queue
[2026-07-13T11:27:27.975+0000] {logging_mixin.py:188} INFO - [2026-07-13T11:27:27.975+0000] {dagbag.py:538} INFO - Filling up the DagBag from /home/airflow/.local/lib/python3.8/site-packages/airflow/example_dags/example_task_group_decorator.py
[2026-07-13T11:27:27.991+0000] {processor.py:840} INFO - DAG(s) 'example_task_group_decorator' retrieved from /home/airflow/.local/lib/python3.8/site-packages/airflow/example_dags/example_task_group_decorator.py
[2026-07-13T11:27:28.023+0000] {logging_mixin.py:188} INFO - [2026-07-13T11:27:28.023+0000] {dag.py:3036} INFO - Sync 1 DAGs
[2026-07-13T11:27:28.056+0000] {logging_mixin.py:188} INFO - [2026-07-13T11:27:28.056+0000] {dag.py:3823} INFO - Setting next_dagrun for example_task_group_decorator to 2026-07-12 00:00:00+00:00, run_after=2026-07-13 00:00:00+00:00
[2026-07-13T11:27:28.078+0000] {processor.py:183} INFO - Processing /home/airflow/.local/lib/python3.8/site-packages/airflow/example_dags/example_task_group_decorator.py took 0.114 seconds
[2026-07-13T11:27:58.199+0000] {processor.py:161} INFO - Started process (PID=1131) to work on /home/airflow/.local/lib/python3.8/site-packages/airflow/example_dags/example_task_group_decorator.py
[2026-07-13T11:27:58.199+0000] {processor.py:830} INFO - Processing file /home/airflow/.local/lib/python3.8/site-packages/airflow/example_dags/example_task_group_decorator.py for tasks to queue
[2026-07-13T11:27:58.201+0000] {logging_mixin.py:188} INFO - [2026-07-13T11:27:58.201+0000] {dagbag.py:538} INFO - Filling up the DagBag from /home/airflow/.local/lib/python3.8/site-packages/airflow/example_dags/example_task_group_decorator.py
[2026-07-13T11:27:58.211+0000] {processor.py:840} INFO - DAG(s) 'example_task_group_decorator' retrieved from /home/airflow/.local/lib/python3.8/site-packages/airflow/example_dags/example_task_group_decorator.py
[2026-07-13T11:27:58.228+0000] {logging_mixin.py:188} INFO - [2026-07-13T11:27:58.228+0000] {dag.py:3036} INFO - Sync 1 DAGs
[2026-07-13T11:27:58.243+0000] {logging_mixin.py:188} INFO - [2026-07-13T11:27:58.243+0000] {dag.py:3823} INFO - Setting next_dagrun for example_task_group_decorator to 2026-07-12 00:00:00+00:00, run_after=2026-07-13 00:00:00+00:00
[2026-07-13T11:27:58.257+0000] {processor.py:183} INFO - Processing /home/airflow/.local/lib/python3.8/site-packages/airflow/example_dags/example_task_group_decorator.py took 0.061 seconds
[2026-07-13T11:28:28.707+0000] {processor.py:161} INFO - Started process (PID=1187) to work on /home/airflow/.local/lib/python3.8/site-packages/airflow/example_dags/example_task_group_decorator.py
[2026-07-13T11:28:28.708+0000] {processor.py:830} INFO - Processing file /home/airflow/.local/lib/python3.8/site-packages/airflow/example_dags/example_task_group_decorator.py for tasks to queue
[2026-07-13T11:28:28.709+0000] {logging_mixin.py:188} INFO - [2026-07-13T11:28:28.709+0000] {dagbag.py:538} INFO - Filling up the DagBag from /home/airflow/.local/lib/python3.8/site-packages/airflow/example_dags/example_task_group_decorator.py
[2026-07-13T11:28:28.719+0000] {processor.py:840} INFO - DAG(s) 'example_task_group_decorator' retrieved from /home/airflow/.local/lib/python3.8/site-packages/airflow/example_dags/example_task_group_decorator.py
[2026-07-13T11:28:28.737+0000] {logging_mixin.py:188} INFO - [2026-07-13T11:28:28.737+0000] {dag.py:3036} INFO - Sync 1 DAGs
[2026-07-13T11:28:28.752+0000] {logging_mixin.py:188} INFO - [2026-07-13T11:28:28.752+0000] {dag.py:3823} INFO - Setting next_dagrun for example_task_group_decorator to 2026-07-12 00:00:00+00:00, run_after=2026-07-13 00:00:00+00:00
[2026-07-13T11:28:28.765+0000] {processor.py:183} INFO - Processing /home/airflow/.local/lib/python3.8/site-packages/airflow/example_dags/example_task_group_decorator.py took 0.060 seconds
[2026-07-13T11:28:59.020+0000] {processor.py:161} INFO - Started process (PID=1243) to work on /home/airflow/.local/lib/python3.8/site-packages/airflow/example_dags/example_task_group_decorator.py
[2026-07-13T11:28:59.020+0000] {processor.py:830} INFO - Processing file /home/airflow/.local/lib/python3.8/site-packages/airflow/example_dags/example_task_group_decorator.py for tasks to queue
[2026-07-13T11:28:59.022+0000] {logging_mixin.py:188} INFO - [2026-07-13T11:28:59.022+0000] {dagbag.py:538} INFO - Filling up the DagBag from /home/airflow/.local/lib/python3.8/site-packages/airflow/example_dags/example_task_group_decorator.py
[2026-07-13T11:28:59.031+0000] {processor.py:840} INFO - DAG(s) 'example_task_group_decorator' retrieved from /home/airflow/.local/lib/python3.8/site-packages/airflow/example_dags/example_task_group_decorator.py
[2026-07-13T11:28:59.047+0000] {logging_mixin.py:188} INFO - [2026-07-13T11:28:59.047+0000] {dag.py:3036} INFO - Sync 1 DAGs
[2026-07-13T11:28:59.062+0000] {logging_mixin.py:188} INFO - [2026-07-13T11:28:59.062+0000] {dag.py:3823} INFO - Setting next_dagrun for example_task_group_decorator to 2026-07-12 00:00:00+00:00, run_after=2026-07-13 00:00:00+00:00
[2026-07-13T11:28:59.075+0000] {processor.py:183} INFO - Processing /home/airflow/.local/lib/python3.8/site-packages/airflow/example_dags/example_task_group_decorator.py took 0.058 seconds
[2026-07-13T11:29:29.455+0000] {processor.py:161} INFO - Started process (PID=1299) to work on /home/airflow/.local/lib/python3.8/site-packages/airflow/example_dags/example_task_group_decorator.py
[2026-07-13T11:29:29.456+0000] {processor.py:830} INFO - Processing file /home/airflow/.local/lib/python3.8/site-packages/airflow/example_dags/example_task_group_decorator.py for tasks to queue
[2026-07-13T11:29:29.458+0000] {logging_mixin.py:188} INFO - [2026-07-13T11:29:29.458+0000] {dagbag.py:538} INFO - Filling up the DagBag from /home/airflow/.local/lib/python3.8/site-packages/airflow/example_dags/example_task_group_decorator.py
[2026-07-13T11:29:29.469+0000] {processor.py:840} INFO - DAG(s) 'example_task_group_decorator' retrieved from /home/airflow/.local/lib/python3.8/site-packages/airflow/example_dags/example_task_group_decorator.py
[2026-07-13T11:29:29.489+0000] {logging_mixin.py:188} INFO - [2026-07-13T11:29:29.489+0000] {dag.py:3036} INFO - Sync 1 DAGs
[2026-07-13T11:29:29.507+0000] {logging_mixin.py:188} INFO - [2026-07-13T11:29:29.507+0000] {dag.py:3823} INFO - Setting next_dagrun for example_task_group_decorator to 2026-07-12 00:00:00+00:00, run_after=2026-07-13 00:00:00+00:00
[2026-07-13T11:29:29.525+0000] {processor.py:183} INFO - Processing /home/airflow/.local/lib/python3.8/site-packages/airflow/example_dags/example_task_group_decorator.py took 0.073 seconds
[2026-07-13T11:30:00.056+0000] {processor.py:161} INFO - Started process (PID=1355) to work on /home/airflow/.local/lib/python3.8/site-packages/airflow/example_dags/example_task_group_decorator.py
[2026-07-13T11:30:00.057+0000] {processor.py:830} INFO - Processing file /home/airflow/.local/lib/python3.8/site-packages/airflow/example_dags/example_task_group_decorator.py for tasks to queue
[2026-07-13T11:30:00.058+0000] {logging_mixin.py:188} INFO - [2026-07-13T11:30:00.058+0000] {dagbag.py:538} INFO - Filling up the DagBag from /home/airflow/.local/lib/python3.8/site-packages/airflow/example_dags/example_task_group_decorator.py
[2026-07-13T11:30:00.068+0000] {processor.py:840} INFO - DAG(s) 'example_task_group_decorator' retrieved from /home/airflow/.local/lib/python3.8/site-packages/airflow/example_dags/example_task_group_decorator.py
[2026-07-13T11:30:00.085+0000] {logging_mixin.py:188} INFO - [2026-07-13T11:30:00.085+0000] {dag.py:3036} INFO - Sync 1 DAGs
[2026-07-13T11:30:00.100+0000] {logging_mixin.py:188} INFO - [2026-07-13T11:30:00.100+0000] {dag.py:3823} INFO - Setting next_dagrun for example_task_group_decorator to 2026-07-12 00:00:00+00:00, run_after=2026-07-13 00:00:00+00:00
[2026-07-13T11:30:00.115+0000] {processor.py:183} INFO - Processing /home/airflow/.local/lib/python3.8/site-packages/airflow/example_dags/example_task_group_decorator.py took 0.062 seconds
[2026-07-13T11:30:30.165+0000] {processor.py:161} INFO - Started process (PID=1411) to work on /home/airflow/.local/lib/python3.8/site-packages/airflow/example_dags/example_task_group_decorator.py
[2026-07-13T11:30:30.166+0000] {processor.py:830} INFO - Processing file /home/airflow/.local/lib/python3.8/site-packages/airflow/example_dags/example_task_group_decorator.py for tasks to queue
[2026-07-13T11:30:30.167+0000] {logging_mixin.py:188} INFO - [2026-07-13T11:30:30.167+0000] {dagbag.py:538} INFO - Filling up the DagBag from /home/airflow/.local/lib/python3.8/site-packages/airflow/example_dags/example_task_group_decorator.py
[2026-07-13T11:30:30.177+0000] {processor.py:840} INFO - DAG(s) 'example_task_group_decorator' retrieved from /home/airflow/.local/lib/python3.8/site-packages/airflow/example_dags/example_task_group_decorator.py
[2026-07-13T11:30:30.193+0000] {logging_mixin.py:188} INFO - [2026-07-13T11:30:30.193+0000] {dag.py:3036} INFO - Sync 1 DAGs
[2026-07-13T11:30:30.209+0000] {logging_mixin.py:188} INFO - [2026-07-13T11:30:30.208+0000] {dag.py:3823} INFO - Setting next_dagrun for example_task_group_decorator to 2026-07-12 00:00:00+00:00, run_after=2026-07-13 00:00:00+00:00
[2026-07-13T11:30:30.221+0000] {processor.py:183} INFO - Processing /home/airflow/.local/lib/python3.8/site-packages/airflow/example_dags/example_task_group_decorator.py took 0.059 seconds
[2026-07-13T11:31:00.359+0000] {processor.py:161} INFO - Started process (PID=1467) to work on /home/airflow/.local/lib/python3.8/site-packages/airflow/example_dags/example_task_group_decorator.py
[2026-07-13T11:31:00.360+0000] {processor.py:830} INFO - Processing file /home/airflow/.local/lib/python3.8/site-packages/airflow/example_dags/example_task_group_decorator.py for tasks to queue
[2026-07-13T11:31:00.361+0000] {logging_mixin.py:188} INFO - [2026-07-13T11:31:00.361+0000] {dagbag.py:538} INFO - Filling up the DagBag from /home/airflow/.local/lib/python3.8/site-packages/airflow/example_dags/example_task_group_decorator.py
[2026-07-13T11:31:00.371+0000] {processor.py:840} INFO - DAG(s) 'example_task_group_decorator' retrieved from /home/airflow/.local/lib/python3.8/site-packages/airflow/example_dags/example_task_group_decorator.py
[2026-07-13T11:31:00.388+0000] {logging_mixin.py:188} INFO - [2026-07-13T11:31:00.388+0000] {dag.py:3036} INFO - Sync 1 DAGs
[2026-07-13T11:31:00.404+0000] {logging_mixin.py:188} INFO - [2026-07-13T11:31:00.404+0000] {dag.py:3823} INFO - Setting next_dagrun for example_task_group_decorator to 2026-07-12 00:00:00+00:00, run_after=2026-07-13 00:00:00+00:00
[2026-07-13T11:31:00.417+0000] {processor.py:183} INFO - Processing /home/airflow/.local/lib/python3.8/site-packages/airflow/example_dags/example_task_group_decorator.py took 0.060 seconds
[2026-07-13T11:31:30.466+0000] {processor.py:161} INFO - Started process (PID=1523) to work on /home/airflow/.local/lib/python3.8/site-packages/airflow/example_dags/example_task_group_decorator.py
[2026-07-13T11:31:30.468+0000] {processor.py:830} INFO - Processing file /home/airflow/.local/lib/python3.8/site-packages/airflow/example_dags/example_task_group_decorator.py for tasks to queue
[2026-07-13T11:31:30.469+0000] {logging_mixin.py:188} INFO - [2026-07-13T11:31:30.469+0000] {dagbag.py:538} INFO - Filling up the DagBag from /home/airflow/.local/lib/python3.8/site-packages/airflow/example_dags/example_task_group_decorator.py
[2026-07-13T11:31:30.479+0000] {processor.py:840} INFO - DAG(s) 'example_task_group_decorator' retrieved from /home/airflow/.local/lib/python3.8/site-packages/airflow/example_dags/example_task_group_decorator.py
[2026-07-13T11:31:30.496+0000] {logging_mixin.py:188} INFO - [2026-07-13T11:31:30.496+0000] {dag.py:3036} INFO - Sync 1 DAGs
[2026-07-13T11:31:30.511+0000] {logging_mixin.py:188} INFO - [2026-07-13T11:31:30.511+0000] {dag.py:3823} INFO - Setting next_dagrun for example_task_group_decorator to 2026-07-12 00:00:00+00:00, run_after=2026-07-13 00:00:00+00:00
[2026-07-13T11:31:30.524+0000] {processor.py:183} INFO - Processing /home/airflow/.local/lib/python3.8/site-packages/airflow/example_dags/example_task_group_decorator.py took 0.060 seconds
[2026-07-13T11:32:00.958+0000] {processor.py:161} INFO - Started process (PID=1579) to work on /home/airflow/.local/lib/python3.8/site-packages/airflow/example_dags/example_task_group_decorator.py
[2026-07-13T11:32:00.960+0000] {processor.py:830} INFO - Processing file /home/airflow/.local/lib/python3.8/site-packages/airflow/example_dags/example_task_group_decorator.py for tasks to queue
[2026-07-13T11:32:00.961+0000] {logging_mixin.py:188} INFO - [2026-07-13T11:32:00.961+0000] {dagbag.py:538} INFO - Filling up the DagBag from /home/airflow/.local/lib/python3.8/site-packages/airflow/example_dags/example_task_group_decorator.py
[2026-07-13T11:32:00.971+0000] {processor.py:840} INFO - DAG(s) 'example_task_group_decorator' retrieved from /home/airflow/.local/lib/python3.8/site-packages/airflow/example_dags/example_task_group_decorator.py
[2026-07-13T11:32:00.989+0000] {logging_mixin.py:188} INFO - [2026-07-13T11:32:00.989+0000] {dag.py:3036} INFO - Sync 1 DAGs
[2026-07-13T11:32:01.006+0000] {logging_mixin.py:188} INFO - [2026-07-13T11:32:01.005+0000] {dag.py:3823} INFO - Setting next_dagrun for example_task_group_decorator to 2026-07-12 00:00:00+00:00, run_after=2026-07-13 00:00:00+00:00
[2026-07-13T11:32:01.026+0000] {processor.py:183} INFO - Processing /home/airflow/.local/lib/python3.8/site-packages/airflow/example_dags/example_task_group_decorator.py took 0.070 seconds
[2026-07-13T11:32:31.369+0000] {processor.py:161} INFO - Started process (PID=1635) to work on /home/airflow/.local/lib/python3.8/site-packages/airflow/example_dags/example_task_group_decorator.py
[2026-07-13T11:32:31.371+0000] {processor.py:830} INFO - Processing file /home/airflow/.local/lib/python3.8/site-packages/airflow/example_dags/example_task_group_decorator.py for tasks to queue
[2026-07-13T11:32:31.373+0000] {logging_mixin.py:188} INFO - [2026-07-13T11:32:31.372+0000] {dagbag.py:538} INFO - Filling up the DagBag from /home/airflow/.local/lib/python3.8/site-packages/airflow/example_dags/example_task_group_decorator.py
[2026-07-13T11:32:31.384+0000] {processor.py:840} INFO - DAG(s) 'example_task_group_decorator' retrieved from /home/airflow/.local/lib/python3.8/site-packages/airflow/example_dags/example_task_group_decorator.py
[2026-07-13T11:32:31.402+0000] {logging_mixin.py:188} INFO - [2026-07-13T11:32:31.402+0000] {dag.py:3036} INFO - Sync 1 DAGs
[2026-07-13T11:32:31.418+0000] {logging_mixin.py:188} INFO - [2026-07-13T11:32:31.417+0000] {dag.py:3823} INFO - Setting next_dagrun for example_task_group_decorator to 2026-07-12 00:00:00+00:00, run_after=2026-07-13 00:00:00+00:00
[2026-07-13T11:32:31.431+0000] {processor.py:183} INFO - Processing /home/airflow/.local/lib/python3.8/site-packages/airflow/example_dags/example_task_group_decorator.py took 0.065 seconds
[2026-07-13T11:33:01.655+0000] {processor.py:161} INFO - Started process (PID=1691) to work on /home/airflow/.local/lib/python3.8/site-packages/airflow/example_dags/example_task_group_decorator.py
[2026-07-13T11:33:01.656+0000] {processor.py:830} INFO - Processing file /home/airflow/.local/lib/python3.8/site-packages/airflow/example_dags/example_task_group_decorator.py for tasks to queue
[2026-07-13T11:33:01.658+0000] {logging_mixin.py:188} INFO - [2026-07-13T11:33:01.657+0000] {dagbag.py:538} INFO - Filling up the DagBag from /home/airflow/.local/lib/python3.8/site-packages/airflow/example_dags/example_task_group_decorator.py
[2026-07-13T11:33:01.667+0000] {processor.py:840} INFO - DAG(s) 'example_task_group_decorator' retrieved from /home/airflow/.local/lib/python3.8/site-packages/airflow/example_dags/example_task_group_decorator.py
[2026-07-13T11:33:01.684+0000] {logging_mixin.py:188} INFO - [2026-07-13T11:33:01.684+0000] {dag.py:3036} INFO - Sync 1 DAGs
[2026-07-13T11:33:01.699+0000] {logging_mixin.py:188} INFO - [2026-07-13T11:33:01.699+0000] {dag.py:3823} INFO - Setting next_dagrun for example_task_group_decorator to 2026-07-12 00:00:00+00:00, run_after=2026-07-13 00:00:00+00:00
[2026-07-13T11:33:01.713+0000] {processor.py:183} INFO - Processing /home/airflow/.local/lib/python3.8/site-packages/airflow/example_dags/example_task_group_decorator.py took 0.060 seconds
[2026-07-13T11:33:31.925+0000] {processor.py:161} INFO - Started process (PID=1741) to work on /home/airflow/.local/lib/python3.8/site-packages/airflow/example_dags/example_task_group_decorator.py
[2026-07-13T11:33:31.926+0000] {processor.py:830} INFO - Processing file /home/airflow/.local/lib/python3.8/site-packages/airflow/example_dags/example_task_group_decorator.py for tasks to queue
[2026-07-13T11:33:31.928+0000] {logging_mixin.py:188} INFO - [2026-07-13T11:33:31.928+0000] {dagbag.py:538} INFO - Filling up the DagBag from /home/airflow/.local/lib/python3.8/site-packages/airflow/example_dags/example_task_group_decorator.py
[2026-07-13T11:33:31.941+0000] {processor.py:840} INFO - DAG(s) 'example_task_group_decorator' retrieved from /home/airflow/.local/lib/python3.8/site-packages/airflow/example_dags/example_task_group_decorator.py
[2026-07-13T11:33:31.963+0000] {logging_mixin.py:188} INFO - [2026-07-13T11:33:31.963+0000] {dag.py:3036} INFO - Sync 1 DAGs
[2026-07-13T11:33:31.979+0000] {logging_mixin.py:188} INFO - [2026-07-13T11:33:31.979+0000] {dag.py:3823} INFO - Setting next_dagrun for example_task_group_decorator to 2026-07-12 00:00:00+00:00, run_after=2026-07-13 00:00:00+00:00
[2026-07-13T11:33:31.995+0000] {processor.py:183} INFO - Processing /home/airflow/.local/lib/python3.8/site-packages/airflow/example_dags/example_task_group_decorator.py took 0.072 seconds
[2026-07-13T11:34:04.394+0000] {processor.py:161} INFO - Started process (PID=1797) to work on /home/airflow/.local/lib/python3.8/site-packages/airflow/example_dags/example_task_group_decorator.py
[2026-07-13T11:34:04.395+0000] {processor.py:830} INFO - Processing file /home/airflow/.local/lib/python3.8/site-packages/airflow/example_dags/example_task_group_decorator.py for tasks to queue
[2026-07-13T11:34:04.396+0000] {logging_mixin.py:188} INFO - [2026-07-13T11:34:04.396+0000] {dagbag.py:538} INFO - Filling up the DagBag from /home/airflow/.local/lib/python3.8/site-packages/airflow/example_dags/example_task_group_decorator.py
[2026-07-13T11:34:04.407+0000] {processor.py:840} INFO - DAG(s) 'example_task_group_decorator' retrieved from /home/airflow/.local/lib/python3.8/site-packages/airflow/example_dags/example_task_group_decorator.py
[2026-07-13T11:34:04.430+0000] {logging_mixin.py:188} INFO - [2026-07-13T11:34:04.429+0000] {dag.py:3036} INFO - Sync 1 DAGs
[2026-07-13T11:34:04.452+0000] {logging_mixin.py:188} INFO - [2026-07-13T11:34:04.451+0000] {dag.py:3823} INFO - Setting next_dagrun for example_task_group_decorator to 2026-07-12 00:00:00+00:00, run_after=2026-07-13 00:00:00+00:00
[2026-07-13T11:34:04.474+0000] {processor.py:183} INFO - Processing /home/airflow/.local/lib/python3.8/site-packages/airflow/example_dags/example_task_group_decorator.py took 0.083 seconds
[2026-07-13T11:34:35.300+0000] {processor.py:161} INFO - Started process (PID=1853) to work on /home/airflow/.local/lib/python3.8/site-packages/airflow/example_dags/example_task_group_decorator.py
[2026-07-13T11:34:35.301+0000] {processor.py:830} INFO - Processing file /home/airflow/.local/lib/python3.8/site-packages/airflow/example_dags/example_task_group_decorator.py for tasks to queue
[2026-07-13T11:34:35.303+0000] {logging_mixin.py:188} INFO - [2026-07-13T11:34:35.303+0000] {dagbag.py:538} INFO - Filling up the DagBag from /home/airflow/.local/lib/python3.8/site-packages/airflow/example_dags/example_task_group_decorator.py
[2026-07-13T11:34:35.313+0000] {processor.py:840} INFO - DAG(s) 'example_task_group_decorator' retrieved from /home/airflow/.local/lib/python3.8/site-packages/airflow/example_dags/example_task_group_decorator.py
[2026-07-13T11:34:35.333+0000] {logging_mixin.py:188} INFO - [2026-07-13T11:34:35.333+0000] {dag.py:3036} INFO - Sync 1 DAGs
[2026-07-13T11:34:35.350+0000] {logging_mixin.py:188} INFO - [2026-07-13T11:34:35.350+0000] {dag.py:3823} INFO - Setting next_dagrun for example_task_group_decorator to 2026-07-12 00:00:00+00:00, run_after=2026-07-13 00:00:00+00:00
[2026-07-13T11:34:35.375+0000] {processor.py:183} INFO - Processing /home/airflow/.local/lib/python3.8/site-packages/airflow/example_dags/example_task_group_decorator.py took 0.078 seconds
[2026-07-13T11:35:05.667+0000] {processor.py:161} INFO - Started process (PID=1909) to work on /home/airflow/.local/lib/python3.8/site-packages/airflow/example_dags/example_task_group_decorator.py
[2026-07-13T11:35:05.668+0000] {processor.py:830} INFO - Processing file /home/airflow/.local/lib/python3.8/site-packages/airflow/example_dags/example_task_group_decorator.py for tasks to queue
[2026-07-13T11:35:05.669+0000] {logging_mixin.py:188} INFO - [2026-07-13T11:35:05.669+0000] {dagbag.py:538} INFO - Filling up the DagBag from /home/airflow/.local/lib/python3.8/site-packages/airflow/example_dags/example_task_group_decorator.py
[2026-07-13T11:35:05.679+0000] {processor.py:840} INFO - DAG(s) 'example_task_group_decorator' retrieved from /home/airflow/.local/lib/python3.8/site-packages/airflow/example_dags/example_task_group_decorator.py
[2026-07-13T11:35:05.696+0000] {logging_mixin.py:188} INFO - [2026-07-13T11:35:05.696+0000] {dag.py:3036} INFO - Sync 1 DAGs
[2026-07-13T11:35:05.713+0000] {logging_mixin.py:188} INFO - [2026-07-13T11:35:05.712+0000] {dag.py:3823} INFO - Setting next_dagrun for example_task_group_decorator to 2026-07-12 00:00:00+00:00, run_after=2026-07-13 00:00:00+00:00
[2026-07-13T11:35:05.729+0000] {processor.py:183} INFO - Processing /home/airflow/.local/lib/python3.8/site-packages/airflow/example_dags/example_task_group_decorator.py took 0.064 seconds
[2026-07-13T11:35:36.775+0000] {processor.py:161} INFO - Started process (PID=1965) to work on /home/airflow/.local/lib/python3.8/site-packages/airflow/example_dags/example_task_group_decorator.py
[2026-07-13T11:35:36.776+0000] {processor.py:830} INFO - Processing file /home/airflow/.local/lib/python3.8/site-packages/airflow/example_dags/example_task_group_decorator.py for tasks to queue
[2026-07-13T11:35:36.777+0000] {logging_mixin.py:188} INFO - [2026-07-13T11:35:36.777+0000] {dagbag.py:538} INFO - Filling up the DagBag from /home/airflow/.local/lib/python3.8/site-packages/airflow/example_dags/example_task_group_decorator.py
[2026-07-13T11:35:36.787+0000] {processor.py:840} INFO - DAG(s) 'example_task_group_decorator' retrieved from /home/airflow/.local/lib/python3.8/site-packages/airflow/example_dags/example_task_group_decorator.py
[2026-07-13T11:35:36.808+0000] {logging_mixin.py:188} INFO - [2026-07-13T11:35:36.808+0000] {dag.py:3036} INFO - Sync 1 DAGs
[2026-07-13T11:35:36.828+0000] {logging_mixin.py:188} INFO - [2026-07-13T11:35:36.828+0000] {dag.py:3823} INFO - Setting next_dagrun for example_task_group_decorator to 2026-07-12 00:00:00+00:00, run_after=2026-07-13 00:00:00+00:00
[2026-07-13T11:35:36.846+0000] {processor.py:183} INFO - Processing /home/airflow/.local/lib/python3.8/site-packages/airflow/example_dags/example_task_group_decorator.py took 0.074 seconds
[2026-07-13T11:36:07.174+0000] {processor.py:161} INFO - Started process (PID=2021) to work on /home/airflow/.local/lib/python3.8/site-packages/airflow/example_dags/example_task_group_decorator.py
[2026-07-13T11:36:07.175+0000] {processor.py:830} INFO - Processing file /home/airflow/.local/lib/python3.8/site-packages/airflow/example_dags/example_task_group_decorator.py for tasks to queue
[2026-07-13T11:36:07.176+0000] {logging_mixin.py:188} INFO - [2026-07-13T11:36:07.176+0000] {dagbag.py:538} INFO - Filling up the DagBag from /home/airflow/.local/lib/python3.8/site-packages/airflow/example_dags/example_task_group_decorator.py
[2026-07-13T11:36:07.186+0000] {processor.py:840} INFO - DAG(s) 'example_task_group_decorator' retrieved from /home/airflow/.local/lib/python3.8/site-packages/airflow/example_dags/example_task_group_decorator.py
[2026-07-13T11:36:07.203+0000] {logging_mixin.py:188} INFO - [2026-07-13T11:36:07.203+0000] {dag.py:3036} INFO - Sync 1 DAGs
[2026-07-13T11:36:07.218+0000] {logging_mixin.py:188} INFO - [2026-07-13T11:36:07.218+0000] {dag.py:3823} INFO - Setting next_dagrun for example_task_group_decorator to 2026-07-12 00:00:00+00:00, run_after=2026-07-13 00:00:00+00:00
[2026-07-13T11:36:07.231+0000] {processor.py:183} INFO - Processing /home/airflow/.local/lib/python3.8/site-packages/airflow/example_dags/example_task_group_decorator.py took 0.060 seconds
[2026-07-13T11:36:37.331+0000] {processor.py:161} INFO - Started process (PID=2077) to work on /home/airflow/.local/lib/python3.8/site-packages/airflow/example_dags/example_task_group_decorator.py
[2026-07-13T11:36:37.332+0000] {processor.py:830} INFO - Processing file /home/airflow/.local/lib/python3.8/site-packages/airflow/example_dags/example_task_group_decorator.py for tasks to queue
[2026-07-13T11:36:37.334+0000] {logging_mixin.py:188} INFO - [2026-07-13T11:36:37.334+0000] {dagbag.py:538} INFO - Filling up the DagBag from /home/airflow/.local/lib/python3.8/site-packages/airflow/example_dags/example_task_group_decorator.py
[2026-07-13T11:36:37.343+0000] {processor.py:840} INFO - DAG(s) 'example_task_group_decorator' retrieved from /home/airflow/.local/lib/python3.8/site-packages/airflow/example_dags/example_task_group_decorator.py
[2026-07-13T11:36:37.360+0000] {logging_mixin.py:188} INFO - [2026-07-13T11:36:37.360+0000] {dag.py:3036} INFO - Sync 1 DAGs
[2026-07-13T11:36:37.375+0000] {logging_mixin.py:188} INFO - [2026-07-13T11:36:37.375+0000] {dag.py:3823} INFO - Setting next_dagrun for example_task_group_decorator to 2026-07-12 00:00:00+00:00, run_after=2026-07-13 00:00:00+00:00
[2026-07-13T11:36:37.387+0000] {processor.py:183} INFO - Processing /home/airflow/.local/lib/python3.8/site-packages/airflow/example_dags/example_task_group_decorator.py took 0.058 seconds
[2026-07-13T11:37:07.563+0000] {processor.py:161} INFO - Started process (PID=2133) to work on /home/airflow/.local/lib/python3.8/site-packages/airflow/example_dags/example_task_group_decorator.py
[2026-07-13T11:37:07.564+0000] {processor.py:830} INFO - Processing file /home/airflow/.local/lib/python3.8/site-packages/airflow/example_dags/example_task_group_decorator.py for tasks to queue
[2026-07-13T11:37:07.565+0000] {logging_mixin.py:188} INFO - [2026-07-13T11:37:07.565+0000] {dagbag.py:538} INFO - Filling up the DagBag from /home/airflow/.local/lib/python3.8/site-packages/airflow/example_dags/example_task_group_decorator.py
[2026-07-13T11:37:07.580+0000] {processor.py:840} INFO - DAG(s) 'example_task_group_decorator' retrieved from /home/airflow/.local/lib/python3.8/site-packages/airflow/example_dags/example_task_group_decorator.py
[2026-07-13T11:37:07.601+0000] {logging_mixin.py:188} INFO - [2026-07-13T11:37:07.601+0000] {dag.py:3036} INFO - Sync 1 DAGs
[2026-07-13T11:37:07.624+0000] {logging_mixin.py:188} INFO - [2026-07-13T11:37:07.623+0000] {dag.py:3823} INFO - Setting next_dagrun for example_task_group_decorator to 2026-07-12 00:00:00+00:00, run_after=2026-07-13 00:00:00+00:00
[2026-07-13T11:37:07.653+0000] {processor.py:183} INFO - Processing /home/airflow/.local/lib/python3.8/site-packages/airflow/example_dags/example_task_group_decorator.py took 0.094 seconds
[2026-07-13T11:37:37.961+0000] {processor.py:161} INFO - Started process (PID=2189) to work on /home/airflow/.local/lib/python3.8/site-packages/airflow/example_dags/example_task_group_decorator.py
[2026-07-13T11:37:37.962+0000] {processor.py:830} INFO - Processing file /home/airflow/.local/lib/python3.8/site-packages/airflow/example_dags/example_task_group_decorator.py for tasks to queue
[2026-07-13T11:37:37.963+0000] {logging_mixin.py:188} INFO - [2026-07-13T11:37:37.963+0000] {dagbag.py:538} INFO - Filling up the DagBag from /home/airflow/.local/lib/python3.8/site-packages/airflow/example_dags/example_task_group_decorator.py
[2026-07-13T11:37:37.973+0000] {processor.py:840} INFO - DAG(s) 'example_task_group_decorator' retrieved from /home/airflow/.local/lib/python3.8/site-packages/airflow/example_dags/example_task_group_decorator.py
[2026-07-13T11:37:37.989+0000] {logging_mixin.py:188} INFO - [2026-07-13T11:37:37.989+0000] {dag.py:3036} INFO - Sync 1 DAGs
[2026-07-13T11:37:38.004+0000] {logging_mixin.py:188} INFO - [2026-07-13T11:37:38.004+0000] {dag.py:3823} INFO - Setting next_dagrun for example_task_group_decorator to 2026-07-12 00:00:00+00:00, run_after=2026-07-13 00:00:00+00:00
[2026-07-13T11:37:38.017+0000] {processor.py:183} INFO - Processing /home/airflow/.local/lib/python3.8/site-packages/airflow/example_dags/example_task_group_decorator.py took 0.058 seconds
[2026-07-13T11:38:08.255+0000] {processor.py:161} INFO - Started process (PID=2245) to work on /home/airflow/.local/lib/python3.8/site-packages/airflow/example_dags/example_task_group_decorator.py
[2026-07-13T11:38:08.256+0000] {processor.py:830} INFO - Processing file /home/airflow/.local/lib/python3.8/site-packages/airflow/example_dags/example_task_group_decorator.py for tasks to queue
[2026-07-13T11:38:08.257+0000] {logging_mixin.py:188} INFO - [2026-07-13T11:38:08.257+0000] {dagbag.py:538} INFO - Filling up the DagBag from /home/airflow/.local/lib/python3.8/site-packages/airflow/example_dags/example_task_group_decorator.py
[2026-07-13T11:38:08.267+0000] {processor.py:840} INFO - DAG(s) 'example_task_group_decorator' retrieved from /home/airflow/.local/lib/python3.8/site-packages/airflow/example_dags/example_task_group_decorator.py
[2026-07-13T11:38:08.283+0000] {logging_mixin.py:188} INFO - [2026-07-13T11:38:08.283+0000] {dag.py:3036} INFO - Sync 1 DAGs
[2026-07-13T11:38:08.297+0000] {logging_mixin.py:188} INFO - [2026-07-13T11:38:08.297+0000] {dag.py:3823} INFO - Setting next_dagrun for example_task_group_decorator to 2026-07-12 00:00:00+00:00, run_after=2026-07-13 00:00:00+00:00
[2026-07-13T11:38:08.310+0000] {processor.py:183} INFO - Processing /home/airflow/.local/lib/python3.8/site-packages/airflow/example_dags/example_task_group_decorator.py took 0.058 seconds
[2026-07-13T11:38:38.751+0000] {processor.py:161} INFO - Started process (PID=2301) to work on /home/airflow/.local/lib/python3.8/site-packages/airflow/example_dags/example_task_group_decorator.py
[2026-07-13T11:38:38.752+0000] {processor.py:830} INFO - Processing file /home/airflow/.local/lib/python3.8/site-packages/airflow/example_dags/example_task_group_decorator.py for tasks to queue
[2026-07-13T11:38:38.754+0000] {logging_mixin.py:188} INFO - [2026-07-13T11:38:38.754+0000] {dagbag.py:538} INFO - Filling up the DagBag from /home/airflow/.local/lib/python3.8/site-packages/airflow/example_dags/example_task_group_decorator.py
[2026-07-13T11:38:38.763+0000] {processor.py:840} INFO - DAG(s) 'example_task_group_decorator' retrieved from /home/airflow/.local/lib/python3.8/site-packages/airflow/example_dags/example_task_group_decorator.py
[2026-07-13T11:38:38.780+0000] {logging_mixin.py:188} INFO - [2026-07-13T11:38:38.780+0000] {dag.py:3036} INFO - Sync 1 DAGs
[2026-07-13T11:38:38.796+0000] {logging_mixin.py:188} INFO - [2026-07-13T11:38:38.795+0000] {dag.py:3823} INFO - Setting next_dagrun for example_task_group_decorator to 2026-07-12 00:00:00+00:00, run_after=2026-07-13 00:00:00+00:00
[2026-07-13T11:38:38.809+0000] {processor.py:183} INFO - Processing /home/airflow/.local/lib/python3.8/site-packages/airflow/example_dags/example_task_group_decorator.py took 0.062 seconds
[2026-07-13T11:39:09.221+0000] {processor.py:161} INFO - Started process (PID=2357) to work on /home/airflow/.local/lib/python3.8/site-packages/airflow/example_dags/example_task_group_decorator.py
[2026-07-13T11:39:09.222+0000] {processor.py:830} INFO - Processing file /home/airflow/.local/lib/python3.8/site-packages/airflow/example_dags/example_task_group_decorator.py for tasks to queue
[2026-07-13T11:39:09.223+0000] {logging_mixin.py:188} INFO - [2026-07-13T11:39:09.223+0000] {dagbag.py:538} INFO - Filling up the DagBag from /home/airflow/.local/lib/python3.8/site-packages/airflow/example_dags/example_task_group_decorator.py
[2026-07-13T11:39:09.232+0000] {processor.py:840} INFO - DAG(s) 'example_task_group_decorator' retrieved from /home/airflow/.local/lib/python3.8/site-packages/airflow/example_dags/example_task_group_decorator.py
[2026-07-13T11:39:09.249+0000] {logging_mixin.py:188} INFO - [2026-07-13T11:39:09.249+0000] {dag.py:3036} INFO - Sync 1 DAGs
[2026-07-13T11:39:09.264+0000] {logging_mixin.py:188} INFO - [2026-07-13T11:39:09.264+0000] {dag.py:3823} INFO - Setting next_dagrun for example_task_group_decorator to 2026-07-12 00:00:00+00:00, run_after=2026-07-13 00:00:00+00:00
[2026-07-13T11:39:09.277+0000] {processor.py:183} INFO - Processing /home/airflow/.local/lib/python3.8/site-packages/airflow/example_dags/example_task_group_decorator.py took 0.059 seconds
[2026-07-13T11:39:39.625+0000] {processor.py:161} INFO - Started process (PID=2413) to work on /home/airflow/.local/lib/python3.8/site-packages/airflow/example_dags/example_task_group_decorator.py
[2026-07-13T11:39:39.626+0000] {processor.py:830} INFO - Processing file /home/airflow/.local/lib/python3.8/site-packages/airflow/example_dags/example_task_group_decorator.py for tasks to queue
[2026-07-13T11:39:39.627+0000] {logging_mixin.py:188} INFO - [2026-07-13T11:39:39.627+0000] {dagbag.py:538} INFO - Filling up the DagBag from /home/airflow/.local/lib/python3.8/site-packages/airflow/example_dags/example_task_group_decorator.py
[2026-07-13T11:39:39.636+0000] {processor.py:840} INFO - DAG(s) 'example_task_group_decorator' retrieved from /home/airflow/.local/lib/python3.8/site-packages/airflow/example_dags/example_task_group_decorator.py
[2026-07-13T11:39:39.653+0000] {logging_mixin.py:188} INFO - [2026-07-13T11:39:39.653+0000] {dag.py:3036} INFO - Sync 1 DAGs
[2026-07-13T11:39:39.668+0000] {logging_mixin.py:188} INFO - [2026-07-13T11:39:39.668+0000] {dag.py:3823} INFO - Setting next_dagrun for example_task_group_decorator to 2026-07-12 00:00:00+00:00, run_after=2026-07-13 00:00:00+00:00
[2026-07-13T11:39:39.680+0000] {processor.py:183} INFO - Processing /home/airflow/.local/lib/python3.8/site-packages/airflow/example_dags/example_task_group_decorator.py took 0.058 seconds
[2026-07-13T11:40:09.925+0000] {processor.py:161} INFO - Started process (PID=2469) to work on /home/airflow/.local/lib/python3.8/site-packages/airflow/example_dags/example_task_group_decorator.py
[2026-07-13T11:40:09.926+0000] {processor.py:830} INFO - Processing file /home/airflow/.local/lib/python3.8/site-packages/airflow/example_dags/example_task_group_decorator.py for tasks to queue
[2026-07-13T11:40:09.928+0000] {logging_mixin.py:188} INFO - [2026-07-13T11:40:09.927+0000] {dagbag.py:538} INFO - Filling up the DagBag from /home/airflow/.local/lib/python3.8/site-packages/airflow/example_dags/example_task_group_decorator.py
[2026-07-13T11:40:09.937+0000] {processor.py:840} INFO - DAG(s) 'example_task_group_decorator' retrieved from /home/airflow/.local/lib/python3.8/site-packages/airflow/example_dags/example_task_group_decorator.py
[2026-07-13T11:40:09.954+0000] {logging_mixin.py:188} INFO - [2026-07-13T11:40:09.954+0000] {dag.py:3036} INFO - Sync 1 DAGs
[2026-07-13T11:40:09.968+0000] {logging_mixin.py:188} INFO - [2026-07-13T11:40:09.968+0000] {dag.py:3823} INFO - Setting next_dagrun for example_task_group_decorator to 2026-07-12 00:00:00+00:00, run_after=2026-07-13 00:00:00+00:00
[2026-07-13T11:40:09.979+0000] {processor.py:183} INFO - Processing /home/airflow/.local/lib/python3.8/site-packages/airflow/example_dags/example_task_group_decorator.py took 0.057 seconds
[2026-07-13T11:40:41.121+0000] {processor.py:161} INFO - Started process (PID=2525) to work on /home/airflow/.local/lib/python3.8/site-packages/airflow/example_dags/example_task_group_decorator.py
[2026-07-13T11:40:41.123+0000] {processor.py:830} INFO - Processing file /home/airflow/.local/lib/python3.8/site-packages/airflow/example_dags/example_task_group_decorator.py for tasks to queue
[2026-07-13T11:40:41.125+0000] {logging_mixin.py:188} INFO - [2026-07-13T11:40:41.124+0000] {dagbag.py:538} INFO - Filling up the DagBag from /home/airflow/.local/lib/python3.8/site-packages/airflow/example_dags/example_task_group_decorator.py
[2026-07-13T11:40:41.138+0000] {processor.py:840} INFO - DAG(s) 'example_task_group_decorator' retrieved from /home/airflow/.local/lib/python3.8/site-packages/airflow/example_dags/example_task_group_decorator.py
[2026-07-13T11:40:41.159+0000] {logging_mixin.py:188} INFO - [2026-07-13T11:40:41.159+0000] {dag.py:3036} INFO - Sync 1 DAGs
[2026-07-13T11:40:41.177+0000] {logging_mixin.py:188} INFO - [2026-07-13T11:40:41.176+0000] {dag.py:3823} INFO - Setting next_dagrun for example_task_group_decorator to 2026-07-12 00:00:00+00:00, run_after=2026-07-13 00:00:00+00:00
[2026-07-13T11:40:41.313+0000] {processor.py:183} INFO - Processing /home/airflow/.local/lib/python3.8/site-packages/airflow/example_dags/example_task_group_decorator.py took 0.197 seconds
[2026-07-13T11:41:11.978+0000] {processor.py:161} INFO - Started process (PID=2581) to work on /home/airflow/.local/lib/python3.8/site-packages/airflow/example_dags/example_task_group_decorator.py
[2026-07-13T11:41:11.979+0000] {processor.py:830} INFO - Processing file /home/airflow/.local/lib/python3.8/site-packages/airflow/example_dags/example_task_group_decorator.py for tasks to queue
[2026-07-13T11:41:11.981+0000] {logging_mixin.py:188} INFO - [2026-07-13T11:41:11.981+0000] {dagbag.py:538} INFO - Filling up the DagBag from /home/airflow/.local/lib/python3.8/site-packages/airflow/example_dags/example_task_group_decorator.py
[2026-07-13T11:41:13.014+0000] {processor.py:840} INFO - DAG(s) 'example_task_group_decorator' retrieved from /home/airflow/.local/lib/python3.8/site-packages/airflow/example_dags/example_task_group_decorator.py
[2026-07-13T11:41:13.043+0000] {logging_mixin.py:188} INFO - [2026-07-13T11:41:13.043+0000] {dag.py:3036} INFO - Sync 1 DAGs
[2026-07-13T11:41:13.069+0000] {logging_mixin.py:188} INFO - [2026-07-13T11:41:13.069+0000] {dag.py:3823} INFO - Setting next_dagrun for example_task_group_decorator to 2026-07-12 00:00:00+00:00, run_after=2026-07-13 00:00:00+00:00
[2026-07-13T11:41:13.093+0000] {processor.py:183} INFO - Processing /home/airflow/.local/lib/python3.8/site-packages/airflow/example_dags/example_task_group_decorator.py took 0.108 seconds
[2026-07-13T11:41:43.214+0000] {processor.py:161} INFO - Started process (PID=2637) to work on /home/airflow/.local/lib/python3.8/site-packages/airflow/example_dags/example_task_group_decorator.py
[2026-07-13T11:41:43.215+0000] {processor.py:830} INFO - Processing file /home/airflow/.local/lib/python3.8/site-packages/airflow/example_dags/example_task_group_decorator.py for tasks to queue
[2026-07-13T11:41:43.216+0000] {logging_mixin.py:188} INFO - [2026-07-13T11:41:43.216+0000] {dagbag.py:538} INFO - Filling up the DagBag from /home/airflow/.local/lib/python3.8/site-packages/airflow/example_dags/example_task_group_decorator.py
[2026-07-13T11:41:43.227+0000] {processor.py:840} INFO - DAG(s) 'example_task_group_decorator' retrieved from /home/airflow/.local/lib/python3.8/site-packages/airflow/example_dags/example_task_group_decorator.py
[2026-07-13T11:41:43.244+0000] {logging_mixin.py:188} INFO - [2026-07-13T11:41:43.244+0000] {dag.py:3036} INFO - Sync 1 DAGs
[2026-07-13T11:41:43.258+0000] {logging_mixin.py:188} INFO - [2026-07-13T11:41:43.258+0000] {dag.py:3823} INFO - Setting next_dagrun for example_task_group_decorator to 2026-07-12 00:00:00+00:00, run_after=2026-07-13 00:00:00+00:00
[2026-07-13T11:41:43.271+0000] {processor.py:183} INFO - Processing /home/airflow/.local/lib/python3.8/site-packages/airflow/example_dags/example_task_group_decorator.py took 0.060 seconds
[2026-07-13T11:42:13.853+0000] {processor.py:161} INFO - Started process (PID=2693) to work on /home/airflow/.local/lib/python3.8/site-packages/airflow/example_dags/example_task_group_decorator.py
[2026-07-13T11:42:13.854+0000] {processor.py:830} INFO - Processing file /home/airflow/.local/lib/python3.8/site-packages/airflow/example_dags/example_task_group_decorator.py for tasks to queue
[2026-07-13T11:42:13.855+0000] {logging_mixin.py:188} INFO - [2026-07-13T11:42:13.855+0000] {dagbag.py:538} INFO - Filling up the DagBag from /home/airflow/.local/lib/python3.8/site-packages/airflow/example_dags/example_task_group_decorator.py
[2026-07-13T11:42:13.865+0000] {processor.py:840} INFO - DAG(s) 'example_task_group_decorator' retrieved from /home/airflow/.local/lib/python3.8/site-packages/airflow/example_dags/example_task_group_decorator.py
[2026-07-13T11:42:13.881+0000] {logging_mixin.py:188} INFO - [2026-07-13T11:42:13.881+0000] {dag.py:3036} INFO - Sync 1 DAGs
[2026-07-13T11:42:13.895+0000] {logging_mixin.py:188} INFO - [2026-07-13T11:42:13.895+0000] {dag.py:3823} INFO - Setting next_dagrun for example_task_group_decorator to 2026-07-12 00:00:00+00:00, run_after=2026-07-13 00:00:00+00:00
[2026-07-13T11:42:13.909+0000] {processor.py:183} INFO - Processing /home/airflow/.local/lib/python3.8/site-packages/airflow/example_dags/example_task_group_decorator.py took 0.058 seconds
[2026-07-13T11:42:44.576+0000] {processor.py:161} INFO - Started process (PID=2750) to work on /home/airflow/.local/lib/python3.8/site-packages/airflow/example_dags/example_task_group_decorator.py
[2026-07-13T11:42:44.577+0000] {processor.py:830} INFO - Processing file /home/airflow/.local/lib/python3.8/site-packages/airflow/example_dags/example_task_group_decorator.py for tasks to queue
[2026-07-13T11:42:44.579+0000] {logging_mixin.py:188} INFO - [2026-07-13T11:42:44.579+0000] {dagbag.py:538} INFO - Filling up the DagBag from /home/airflow/.local/lib/python3.8/site-packages/airflow/example_dags/example_task_group_decorator.py
[2026-07-13T11:42:44.589+0000] {processor.py:840} INFO - DAG(s) 'example_task_group_decorator' retrieved from /home/airflow/.local/lib/python3.8/site-packages/airflow/example_dags/example_task_group_decorator.py
[2026-07-13T11:42:44.607+0000] {logging_mixin.py:188} INFO - [2026-07-13T11:42:44.607+0000] {dag.py:3036} INFO - Sync 1 DAGs
[2026-07-13T11:42:44.627+0000] {logging_mixin.py:188} INFO - [2026-07-13T11:42:44.626+0000] {dag.py:3823} INFO - Setting next_dagrun for example_task_group_decorator to 2026-07-12 00:00:00+00:00, run_after=2026-07-13 00:00:00+00:00
[2026-07-13T11:42:44.660+0000] {processor.py:183} INFO - Processing /home/airflow/.local/lib/python3.8/site-packages/airflow/example_dags/example_task_group_decorator.py took 0.086 seconds
[2026-07-13T11:43:14.803+0000] {processor.py:161} INFO - Started process (PID=2806) to work on /home/airflow/.local/lib/python3.8/site-packages/airflow/example_dags/example_task_group_decorator.py
[2026-07-13T11:43:14.804+0000] {processor.py:830} INFO - Processing file /home/airflow/.local/lib/python3.8/site-packages/airflow/example_dags/example_task_group_decorator.py for tasks to queue
[2026-07-13T11:43:14.805+0000] {logging_mixin.py:188} INFO - [2026-07-13T11:43:14.805+0000] {dagbag.py:538} INFO - Filling up the DagBag from /home/airflow/.local/lib/python3.8/site-packages/airflow/example_dags/example_task_group_decorator.py
[2026-07-13T11:43:14.815+0000] {processor.py:840} INFO - DAG(s) 'example_task_group_decorator' retrieved from /home/airflow/.local/lib/python3.8/site-packages/airflow/example_dags/example_task_group_decorator.py
[2026-07-13T11:43:14.833+0000] {logging_mixin.py:188} INFO - [2026-07-13T11:43:14.833+0000] {dag.py:3036} INFO - Sync 1 DAGs
[2026-07-13T11:43:14.961+0000] {logging_mixin.py:188} INFO - [2026-07-13T11:43:14.961+0000] {dag.py:3823} INFO - Setting next_dagrun for example_task_group_decorator to 2026-07-12 00:00:00+00:00, run_after=2026-07-13 00:00:00+00:00
[2026-07-13T11:43:14.979+0000] {processor.py:183} INFO - Processing /home/airflow/.local/lib/python3.8/site-packages/airflow/example_dags/example_task_group_decorator.py took 0.179 seconds
[2026-07-13T11:43:45.860+0000] {processor.py:161} INFO - Started process (PID=2862) to work on /home/airflow/.local/lib/python3.8/site-packages/airflow/example_dags/example_task_group_decorator.py
[2026-07-13T11:43:45.861+0000] {processor.py:830} INFO - Processing file /home/airflow/.local/lib/python3.8/site-packages/airflow/example_dags/example_task_group_decorator.py for tasks to queue
[2026-07-13T11:43:45.862+0000] {logging_mixin.py:188} INFO - [2026-07-13T11:43:45.862+0000] {dagbag.py:538} INFO - Filling up the DagBag from /home/airflow/.local/lib/python3.8/site-packages/airflow/example_dags/example_task_group_decorator.py
[2026-07-13T11:43:45.871+0000] {processor.py:840} INFO - DAG(s) 'example_task_group_decorator' retrieved from /home/airflow/.local/lib/python3.8/site-packages/airflow/example_dags/example_task_group_decorator.py
[2026-07-13T11:43:45.888+0000] {logging_mixin.py:188} INFO - [2026-07-13T11:43:45.887+0000] {dag.py:3036} INFO - Sync 1 DAGs
[2026-07-13T11:43:45.903+0000] {logging_mixin.py:188} INFO - [2026-07-13T11:43:45.903+0000] {dag.py:3823} INFO - Setting next_dagrun for example_task_group_decorator to 2026-07-12 00:00:00+00:00, run_after=2026-07-13 00:00:00+00:00
[2026-07-13T11:43:46.021+0000] {processor.py:183} INFO - Processing /home/airflow/.local/lib/python3.8/site-packages/airflow/example_dags/example_task_group_decorator.py took 0.163 seconds
[2026-07-13T11:44:16.135+0000] {processor.py:161} INFO - Started process (PID=2919) to work on /home/airflow/.local/lib/python3.8/site-packages/airflow/example_dags/example_task_group_decorator.py
[2026-07-13T11:44:16.136+0000] {processor.py:830} INFO - Processing file /home/airflow/.local/lib/python3.8/site-packages/airflow/example_dags/example_task_group_decorator.py for tasks to queue
[2026-07-13T11:44:16.138+0000] {logging_mixin.py:188} INFO - [2026-07-13T11:44:16.138+0000] {dagbag.py:538} INFO - Filling up the DagBag from /home/airflow/.local/lib/python3.8/site-packages/airflow/example_dags/example_task_group_decorator.py
[2026-07-13T11:44:16.151+0000] {processor.py:840} INFO - DAG(s) 'example_task_group_decorator' retrieved from /home/airflow/.local/lib/python3.8/site-packages/airflow/example_dags/example_task_group_decorator.py
[2026-07-13T11:44:16.170+0000] {logging_mixin.py:188} INFO - [2026-07-13T11:44:16.170+0000] {dag.py:3036} INFO - Sync 1 DAGs
[2026-07-13T11:44:16.187+0000] {logging_mixin.py:188} INFO - [2026-07-13T11:44:16.187+0000] {dag.py:3823} INFO - Setting next_dagrun for example_task_group_decorator to 2026-07-12 00:00:00+00:00, run_after=2026-07-13 00:00:00+00:00
[2026-07-13T11:44:16.201+0000] {processor.py:183} INFO - Processing /home/airflow/.local/lib/python3.8/site-packages/airflow/example_dags/example_task_group_decorator.py took 0.071 seconds
[2026-07-13T11:44:46.923+0000] {processor.py:161} INFO - Started process (PID=2969) to work on /home/airflow/.local/lib/python3.8/site-packages/airflow/example_dags/example_task_group_decorator.py
[2026-07-13T11:44:46.925+0000] {processor.py:830} INFO - Processing file /home/airflow/.local/lib/python3.8/site-packages/airflow/example_dags/example_task_group_decorator.py for tasks to queue
[2026-07-13T11:44:46.927+0000] {logging_mixin.py:188} INFO - [2026-07-13T11:44:46.927+0000] {dagbag.py:538} INFO - Filling up the DagBag from /home/airflow/.local/lib/python3.8/site-packages/airflow/example_dags/example_task_group_decorator.py
[2026-07-13T11:44:46.948+0000] {processor.py:840} INFO - DAG(s) 'example_task_group_decorator' retrieved from /home/airflow/.local/lib/python3.8/site-packages/airflow/example_dags/example_task_group_decorator.py
[2026-07-13T11:44:46.976+0000] {logging_mixin.py:188} INFO - [2026-07-13T11:44:46.976+0000] {dag.py:3036} INFO - Sync 1 DAGs
[2026-07-13T11:44:47.000+0000] {logging_mixin.py:188} INFO - [2026-07-13T11:44:47.000+0000] {dag.py:3823} INFO - Setting next_dagrun for example_task_group_decorator to 2026-07-12 00:00:00+00:00, run_after=2026-07-13 00:00:00+00:00
[2026-07-13T11:44:47.021+0000] {processor.py:183} INFO - Processing /home/airflow/.local/lib/python3.8/site-packages/airflow/example_dags/example_task_group_decorator.py took 0.103 seconds
[2026-07-13T11:45:17.478+0000] {processor.py:161} INFO - Started process (PID=3025) to work on /home/airflow/.local/lib/python3.8/site-packages/airflow/example_dags/example_task_group_decorator.py
[2026-07-13T11:45:17.479+0000] {processor.py:830} INFO - Processing file /home/airflow/.local/lib/python3.8/site-packages/airflow/example_dags/example_task_group_decorator.py for tasks to queue
[2026-07-13T11:45:17.481+0000] {logging_mixin.py:188} INFO - [2026-07-13T11:45:17.480+0000] {dagbag.py:538} INFO - Filling up the DagBag from /home/airflow/.local/lib/python3.8/site-packages/airflow/example_dags/example_task_group_decorator.py
[2026-07-13T11:45:17.491+0000] {processor.py:840} INFO - DAG(s) 'example_task_group_decorator' retrieved from /home/airflow/.local/lib/python3.8/site-packages/airflow/example_dags/example_task_group_decorator.py
[2026-07-13T11:45:17.511+0000] {logging_mixin.py:188} INFO - [2026-07-13T11:45:17.511+0000] {dag.py:3036} INFO - Sync 1 DAGs
[2026-07-13T11:45:17.529+0000] {logging_mixin.py:188} INFO - [2026-07-13T11:45:17.528+0000] {dag.py:3823} INFO - Setting next_dagrun for example_task_group_decorator to 2026-07-12 00:00:00+00:00, run_after=2026-07-13 00:00:00+00:00
[2026-07-13T11:45:17.546+0000] {processor.py:183} INFO - Processing /home/airflow/.local/lib/python3.8/site-packages/airflow/example_dags/example_task_group_decorator.py took 0.071 seconds
[2026-07-13T11:45:47.838+0000] {processor.py:161} INFO - Started process (PID=3082) to work on /home/airflow/.local/lib/python3.8/site-packages/airflow/example_dags/example_task_group_decorator.py
[2026-07-13T11:45:47.841+0000] {processor.py:830} INFO - Processing file /home/airflow/.local/lib/python3.8/site-packages/airflow/example_dags/example_task_group_decorator.py for tasks to queue
[2026-07-13T11:45:47.844+0000] {logging_mixin.py:188} INFO - [2026-07-13T11:45:47.843+0000] {dagbag.py:538} INFO - Filling up the DagBag from /home/airflow/.local/lib/python3.8/site-packages/airflow/example_dags/example_task_group_decorator.py
[2026-07-13T11:45:47.856+0000] {processor.py:840} INFO - DAG(s) 'example_task_group_decorator' retrieved from /home/airflow/.local/lib/python3.8/site-packages/airflow/example_dags/example_task_group_decorator.py
[2026-07-13T11:45:47.880+0000] {logging_mixin.py:188} INFO - [2026-07-13T11:45:47.880+0000] {dag.py:3036} INFO - Sync 1 DAGs
[2026-07-13T11:45:48.918+0000] {logging_mixin.py:188} INFO - [2026-07-13T11:45:48.918+0000] {dag.py:3823} INFO - Setting next_dagrun for example_task_group_decorator to 2026-07-12 00:00:00+00:00, run_after=2026-07-13 00:00:00+00:00
[2026-07-13T11:45:48.934+0000] {processor.py:183} INFO - Processing /home/airflow/.local/lib/python3.8/site-packages/airflow/example_dags/example_task_group_decorator.py took 0.083 seconds
[2026-07-13T11:46:21.263+0000] {processor.py:161} INFO - Started process (PID=3138) to work on /home/airflow/.local/lib/python3.8/site-packages/airflow/example_dags/example_task_group_decorator.py
[2026-07-13T11:46:21.264+0000] {processor.py:830} INFO - Processing file /home/airflow/.local/lib/python3.8/site-packages/airflow/example_dags/example_task_group_decorator.py for tasks to queue
[2026-07-13T11:46:21.266+0000] {logging_mixin.py:188} INFO - [2026-07-13T11:46:21.265+0000] {dagbag.py:538} INFO - Filling up the DagBag from /home/airflow/.local/lib/python3.8/site-packages/airflow/example_dags/example_task_group_decorator.py
[2026-07-13T11:46:21.277+0000] {processor.py:840} INFO - DAG(s) 'example_task_group_decorator' retrieved from /home/airflow/.local/lib/python3.8/site-packages/airflow/example_dags/example_task_group_decorator.py
[2026-07-13T11:46:21.294+0000] {logging_mixin.py:188} INFO - [2026-07-13T11:46:21.294+0000] {dag.py:3036} INFO - Sync 1 DAGs
[2026-07-13T11:46:21.309+0000] {logging_mixin.py:188} INFO - [2026-07-13T11:46:21.309+0000] {dag.py:3823} INFO - Setting next_dagrun for example_task_group_decorator to 2026-07-12 00:00:00+00:00, run_after=2026-07-13 00:00:00+00:00
[2026-07-13T11:46:21.323+0000] {processor.py:183} INFO - Processing /home/airflow/.local/lib/python3.8/site-packages/airflow/example_dags/example_task_group_decorator.py took 0.062 seconds
[2026-07-13T11:46:53.066+0000] {processor.py:161} INFO - Started process (PID=3194) to work on /home/airflow/.local/lib/python3.8/site-packages/airflow/example_dags/example_task_group_decorator.py
[2026-07-13T11:46:53.068+0000] {processor.py:830} INFO - Processing file /home/airflow/.local/lib/python3.8/site-packages/airflow/example_dags/example_task_group_decorator.py for tasks to queue
[2026-07-13T11:46:53.071+0000] {logging_mixin.py:188} INFO - [2026-07-13T11:46:53.070+0000] {dagbag.py:538} INFO - Filling up the DagBag from /home/airflow/.local/lib/python3.8/site-packages/airflow/example_dags/example_task_group_decorator.py
[2026-07-13T11:46:53.096+0000] {processor.py:840} INFO - DAG(s) 'example_task_group_decorator' retrieved from /home/airflow/.local/lib/python3.8/site-packages/airflow/example_dags/example_task_group_decorator.py
[2026-07-13T11:46:53.132+0000] {logging_mixin.py:188} INFO - [2026-07-13T11:46:53.132+0000] {dag.py:3036} INFO - Sync 1 DAGs
[2026-07-13T11:46:53.159+0000] {logging_mixin.py:188} INFO - [2026-07-13T11:46:53.159+0000] {dag.py:3823} INFO - Setting next_dagrun for example_task_group_decorator to 2026-07-12 00:00:00+00:00, run_after=2026-07-13 00:00:00+00:00
[2026-07-13T11:46:53.183+0000] {processor.py:183} INFO - Processing /home/airflow/.local/lib/python3.8/site-packages/airflow/example_dags/example_task_group_decorator.py took 0.123 seconds
[2026-07-13T11:47:25.178+0000] {processor.py:161} INFO - Started process (PID=3251) to work on /home/airflow/.local/lib/python3.8/site-packages/airflow/example_dags/example_task_group_decorator.py
[2026-07-13T11:47:25.179+0000] {processor.py:830} INFO - Processing file /home/airflow/.local/lib/python3.8/site-packages/airflow/example_dags/example_task_group_decorator.py for tasks to queue
[2026-07-13T11:47:25.181+0000] {logging_mixin.py:188} INFO - [2026-07-13T11:47:25.180+0000] {dagbag.py:538} INFO - Filling up the DagBag from /home/airflow/.local/lib/python3.8/site-packages/airflow/example_dags/example_task_group_decorator.py
[2026-07-13T11:47:25.190+0000] {processor.py:840} INFO - DAG(s) 'example_task_group_decorator' retrieved from /home/airflow/.local/lib/python3.8/site-packages/airflow/example_dags/example_task_group_decorator.py
[2026-07-13T11:47:25.210+0000] {logging_mixin.py:188} INFO - [2026-07-13T11:47:25.210+0000] {dag.py:3036} INFO - Sync 1 DAGs
[2026-07-13T11:47:25.225+0000] {logging_mixin.py:188} INFO - [2026-07-13T11:47:25.224+0000] {dag.py:3823} INFO - Setting next_dagrun for example_task_group_decorator to 2026-07-12 00:00:00+00:00, run_after=2026-07-13 00:00:00+00:00
[2026-07-13T11:47:25.237+0000] {processor.py:183} INFO - Processing /home/airflow/.local/lib/python3.8/site-packages/airflow/example_dags/example_task_group_decorator.py took 0.061 seconds
[2026-07-13T11:47:55.520+0000] {processor.py:161} INFO - Started process (PID=3307) to work on /home/airflow/.local/lib/python3.8/site-packages/airflow/example_dags/example_task_group_decorator.py
[2026-07-13T11:47:55.521+0000] {processor.py:830} INFO - Processing file /home/airflow/.local/lib/python3.8/site-packages/airflow/example_dags/example_task_group_decorator.py for tasks to queue
[2026-07-13T11:47:55.523+0000] {logging_mixin.py:188} INFO - [2026-07-13T11:47:55.522+0000] {dagbag.py:538} INFO - Filling up the DagBag from /home/airflow/.local/lib/python3.8/site-packages/airflow/example_dags/example_task_group_decorator.py
[2026-07-13T11:47:55.536+0000] {processor.py:840} INFO - DAG(s) 'example_task_group_decorator' retrieved from /home/airflow/.local/lib/python3.8/site-packages/airflow/example_dags/example_task_group_decorator.py
[2026-07-13T11:47:55.554+0000] {logging_mixin.py:188} INFO - [2026-07-13T11:47:55.553+0000] {dag.py:3036} INFO - Sync 1 DAGs
[2026-07-13T11:47:55.568+0000] {logging_mixin.py:188} INFO - [2026-07-13T11:47:55.568+0000] {dag.py:3823} INFO - Setting next_dagrun for example_task_group_decorator to 2026-07-12 00:00:00+00:00, run_after=2026-07-13 00:00:00+00:00
[2026-07-13T11:47:55.583+0000] {processor.py:183} INFO - Processing /home/airflow/.local/lib/python3.8/site-packages/airflow/example_dags/example_task_group_decorator.py took 0.066 seconds
[2026-07-13T11:48:26.185+0000] {processor.py:161} INFO - Started process (PID=3363) to work on /home/airflow/.local/lib/python3.8/site-packages/airflow/example_dags/example_task_group_decorator.py
[2026-07-13T11:48:26.186+0000] {processor.py:830} INFO - Processing file /home/airflow/.local/lib/python3.8/site-packages/airflow/example_dags/example_task_group_decorator.py for tasks to queue
[2026-07-13T11:48:26.187+0000] {logging_mixin.py:188} INFO - [2026-07-13T11:48:26.187+0000] {dagbag.py:538} INFO - Filling up the DagBag from /home/airflow/.local/lib/python3.8/site-packages/airflow/example_dags/example_task_group_decorator.py
[2026-07-13T11:48:26.196+0000] {processor.py:840} INFO - DAG(s) 'example_task_group_decorator' retrieved from /home/airflow/.local/lib/python3.8/site-packages/airflow/example_dags/example_task_group_decorator.py
[2026-07-13T11:48:26.213+0000] {logging_mixin.py:188} INFO - [2026-07-13T11:48:26.213+0000] {dag.py:3036} INFO - Sync 1 DAGs
[2026-07-13T11:48:26.228+0000] {logging_mixin.py:188} INFO - [2026-07-13T11:48:26.228+0000] {dag.py:3823} INFO - Setting next_dagrun for example_task_group_decorator to 2026-07-12 00:00:00+00:00, run_after=2026-07-13 00:00:00+00:00
[2026-07-13T11:48:26.242+0000] {processor.py:183} INFO - Processing /home/airflow/.local/lib/python3.8/site-packages/airflow/example_dags/example_task_group_decorator.py took 0.059 seconds
[2026-07-13T11:48:56.754+0000] {processor.py:161} INFO - Started process (PID=3419) to work on /home/airflow/.local/lib/python3.8/site-packages/airflow/example_dags/example_task_group_decorator.py
[2026-07-13T11:48:56.755+0000] {processor.py:830} INFO - Processing file /home/airflow/.local/lib/python3.8/site-packages/airflow/example_dags/example_task_group_decorator.py for tasks to queue
[2026-07-13T11:48:56.757+0000] {logging_mixin.py:188} INFO - [2026-07-13T11:48:56.756+0000] {dagbag.py:538} INFO - Filling up the DagBag from /home/airflow/.local/lib/python3.8/site-packages/airflow/example_dags/example_task_group_decorator.py
[2026-07-13T11:48:56.769+0000] {processor.py:840} INFO - DAG(s) 'example_task_group_decorator' retrieved from /home/airflow/.local/lib/python3.8/site-packages/airflow/example_dags/example_task_group_decorator.py
[2026-07-13T11:48:56.790+0000] {logging_mixin.py:188} INFO - [2026-07-13T11:48:56.790+0000] {dag.py:3036} INFO - Sync 1 DAGs
[2026-07-13T11:48:56.806+0000] {logging_mixin.py:188} INFO - [2026-07-13T11:48:56.806+0000] {dag.py:3823} INFO - Setting next_dagrun for example_task_group_decorator to 2026-07-12 00:00:00+00:00, run_after=2026-07-13 00:00:00+00:00
[2026-07-13T11:48:56.821+0000] {processor.py:183} INFO - Processing /home/airflow/.local/lib/python3.8/site-packages/airflow/example_dags/example_task_group_decorator.py took 0.070 seconds
[2026-07-13T11:49:27.051+0000] {processor.py:161} INFO - Started process (PID=3475) to work on /home/airflow/.local/lib/python3.8/site-packages/airflow/example_dags/example_task_group_decorator.py
[2026-07-13T11:49:27.052+0000] {processor.py:830} INFO - Processing file /home/airflow/.local/lib/python3.8/site-packages/airflow/example_dags/example_task_group_decorator.py for tasks to queue
[2026-07-13T11:49:27.053+0000] {logging_mixin.py:188} INFO - [2026-07-13T11:49:27.053+0000] {dagbag.py:538} INFO - Filling up the DagBag from /home/airflow/.local/lib/python3.8/site-packages/airflow/example_dags/example_task_group_decorator.py
[2026-07-13T11:49:27.062+0000] {processor.py:840} INFO - DAG(s) 'example_task_group_decorator' retrieved from /home/airflow/.local/lib/python3.8/site-packages/airflow/example_dags/example_task_group_decorator.py
[2026-07-13T11:49:27.078+0000] {logging_mixin.py:188} INFO - [2026-07-13T11:49:27.077+0000] {dag.py:3036} INFO - Sync 1 DAGs
[2026-07-13T11:49:27.092+0000] {logging_mixin.py:188} INFO - [2026-07-13T11:49:27.091+0000] {dag.py:3823} INFO - Setting next_dagrun for example_task_group_decorator to 2026-07-12 00:00:00+00:00, run_after=2026-07-13 00:00:00+00:00
[2026-07-13T11:49:27.108+0000] {processor.py:183} INFO - Processing /home/airflow/.local/lib/python3.8/site-packages/airflow/example_dags/example_task_group_decorator.py took 0.060 seconds
[2026-07-13T11:49:57.385+0000] {processor.py:161} INFO - Started process (PID=3531) to work on /home/airflow/.local/lib/python3.8/site-packages/airflow/example_dags/example_task_group_decorator.py
[2026-07-13T11:49:57.386+0000] {processor.py:830} INFO - Processing file /home/airflow/.local/lib/python3.8/site-packages/airflow/example_dags/example_task_group_decorator.py for tasks to queue
[2026-07-13T11:49:57.389+0000] {logging_mixin.py:188} INFO - [2026-07-13T11:49:57.388+0000] {dagbag.py:538} INFO - Filling up the DagBag from /home/airflow/.local/lib/python3.8/site-packages/airflow/example_dags/example_task_group_decorator.py
[2026-07-13T11:49:57.406+0000] {processor.py:840} INFO - DAG(s) 'example_task_group_decorator' retrieved from /home/airflow/.local/lib/python3.8/site-packages/airflow/example_dags/example_task_group_decorator.py
[2026-07-13T11:49:57.437+0000] {logging_mixin.py:188} INFO - [2026-07-13T11:49:57.437+0000] {dag.py:3036} INFO - Sync 1 DAGs
[2026-07-13T11:49:57.466+0000] {logging_mixin.py:188} INFO - [2026-07-13T11:49:57.466+0000] {dag.py:3823} INFO - Setting next_dagrun for example_task_group_decorator to 2026-07-12 00:00:00+00:00, run_after=2026-07-13 00:00:00+00:00
[2026-07-13T11:49:57.501+0000] {processor.py:183} INFO - Processing /home/airflow/.local/lib/python3.8/site-packages/airflow/example_dags/example_task_group_decorator.py took 0.121 seconds
[2026-07-13T11:50:27.969+0000] {processor.py:161} INFO - Started process (PID=3587) to work on /home/airflow/.local/lib/python3.8/site-packages/airflow/example_dags/example_task_group_decorator.py
[2026-07-13T11:50:27.970+0000] {processor.py:830} INFO - Processing file /home/airflow/.local/lib/python3.8/site-packages/airflow/example_dags/example_task_group_decorator.py for tasks to queue
[2026-07-13T11:50:27.972+0000] {logging_mixin.py:188} INFO - [2026-07-13T11:50:27.972+0000] {dagbag.py:538} INFO - Filling up the DagBag from /home/airflow/.local/lib/python3.8/site-packages/airflow/example_dags/example_task_group_decorator.py
[2026-07-13T11:50:27.982+0000] {processor.py:840} INFO - DAG(s) 'example_task_group_decorator' retrieved from /home/airflow/.local/lib/python3.8/site-packages/airflow/example_dags/example_task_group_decorator.py
[2026-07-13T11:50:28.000+0000] {logging_mixin.py:188} INFO - [2026-07-13T11:50:28.000+0000] {dag.py:3036} INFO - Sync 1 DAGs
[2026-07-13T11:50:28.016+0000] {logging_mixin.py:188} INFO - [2026-07-13T11:50:28.015+0000] {dag.py:3823} INFO - Setting next_dagrun for example_task_group_decorator to 2026-07-12 00:00:00+00:00, run_after=2026-07-13 00:00:00+00:00
[2026-07-13T11:50:28.030+0000] {processor.py:183} INFO - Processing /home/airflow/.local/lib/python3.8/site-packages/airflow/example_dags/example_task_group_decorator.py took 0.063 seconds
[2026-07-13T11:50:58.152+0000] {processor.py:161} INFO - Started process (PID=3643) to work on /home/airflow/.local/lib/python3.8/site-packages/airflow/example_dags/example_task_group_decorator.py
[2026-07-13T11:50:58.153+0000] {processor.py:830} INFO - Processing file /home/airflow/.local/lib/python3.8/site-packages/airflow/example_dags/example_task_group_decorator.py for tasks to queue
[2026-07-13T11:50:58.155+0000] {logging_mixin.py:188} INFO - [2026-07-13T11:50:58.155+0000] {dagbag.py:538} INFO - Filling up the DagBag from /home/airflow/.local/lib/python3.8/site-packages/airflow/example_dags/example_task_group_decorator.py
[2026-07-13T11:50:58.169+0000] {processor.py:840} INFO - DAG(s) 'example_task_group_decorator' retrieved from /home/airflow/.local/lib/python3.8/site-packages/airflow/example_dags/example_task_group_decorator.py
[2026-07-13T11:50:58.192+0000] {logging_mixin.py:188} INFO - [2026-07-13T11:50:58.191+0000] {dag.py:3036} INFO - Sync 1 DAGs
[2026-07-13T11:50:58.211+0000] {logging_mixin.py:188} INFO - [2026-07-13T11:50:58.210+0000] {dag.py:3823} INFO - Setting next_dagrun for example_task_group_decorator to 2026-07-12 00:00:00+00:00, run_after=2026-07-13 00:00:00+00:00
[2026-07-13T11:50:58.234+0000] {processor.py:183} INFO - Processing /home/airflow/.local/lib/python3.8/site-packages/airflow/example_dags/example_task_group_decorator.py took 0.090 seconds
[2026-07-13T11:51:28.861+0000] {processor.py:161} INFO - Started process (PID=3699) to work on /home/airflow/.local/lib/python3.8/site-packages/airflow/example_dags/example_task_group_decorator.py
[2026-07-13T11:51:28.862+0000] {processor.py:830} INFO - Processing file /home/airflow/.local/lib/python3.8/site-packages/airflow/example_dags/example_task_group_decorator.py for tasks to queue
[2026-07-13T11:51:28.863+0000] {logging_mixin.py:188} INFO - [2026-07-13T11:51:28.863+0000] {dagbag.py:538} INFO - Filling up the DagBag from /home/airflow/.local/lib/python3.8/site-packages/airflow/example_dags/example_task_group_decorator.py
[2026-07-13T11:51:28.874+0000] {processor.py:840} INFO - DAG(s) 'example_task_group_decorator' retrieved from /home/airflow/.local/lib/python3.8/site-packages/airflow/example_dags/example_task_group_decorator.py
[2026-07-13T11:51:28.891+0000] {logging_mixin.py:188} INFO - [2026-07-13T11:51:28.891+0000] {dag.py:3036} INFO - Sync 1 DAGs
[2026-07-13T11:51:28.908+0000] {logging_mixin.py:188} INFO - [2026-07-13T11:51:28.908+0000] {dag.py:3823} INFO - Setting next_dagrun for example_task_group_decorator to 2026-07-12 00:00:00+00:00, run_after=2026-07-13 00:00:00+00:00
[2026-07-13T11:51:28.924+0000] {processor.py:183} INFO - Processing /home/airflow/.local/lib/python3.8/site-packages/airflow/example_dags/example_task_group_decorator.py took 0.065 seconds
[2026-07-13T11:51:59.663+0000] {processor.py:161} INFO - Started process (PID=3755) to work on /home/airflow/.local/lib/python3.8/site-packages/airflow/example_dags/example_task_group_decorator.py
[2026-07-13T11:51:59.664+0000] {processor.py:830} INFO - Processing file /home/airflow/.local/lib/python3.8/site-packages/airflow/example_dags/example_task_group_decorator.py for tasks to queue
[2026-07-13T11:51:59.666+0000] {logging_mixin.py:188} INFO - [2026-07-13T11:51:59.665+0000] {dagbag.py:538} INFO - Filling up the DagBag from /home/airflow/.local/lib/python3.8/site-packages/airflow/example_dags/example_task_group_decorator.py
[2026-07-13T11:51:59.677+0000] {processor.py:840} INFO - DAG(s) 'example_task_group_decorator' retrieved from /home/airflow/.local/lib/python3.8/site-packages/airflow/example_dags/example_task_group_decorator.py
[2026-07-13T11:51:59.697+0000] {logging_mixin.py:188} INFO - [2026-07-13T11:51:59.697+0000] {dag.py:3036} INFO - Sync 1 DAGs
[2026-07-13T11:51:59.714+0000] {logging_mixin.py:188} INFO - [2026-07-13T11:51:59.714+0000] {dag.py:3823} INFO - Setting next_dagrun for example_task_group_decorator to 2026-07-12 00:00:00+00:00, run_after=2026-07-13 00:00:00+00:00
[2026-07-13T11:51:59.730+0000] {processor.py:183} INFO - Processing /home/airflow/.local/lib/python3.8/site-packages/airflow/example_dags/example_task_group_decorator.py took 0.069 seconds
[2026-07-13T11:52:29.940+0000] {processor.py:161} INFO - Started process (PID=3811) to work on /home/airflow/.local/lib/python3.8/site-packages/airflow/example_dags/example_task_group_decorator.py
[2026-07-13T11:52:29.942+0000] {processor.py:830} INFO - Processing file /home/airflow/.local/lib/python3.8/site-packages/airflow/example_dags/example_task_group_decorator.py for tasks to queue
[2026-07-13T11:52:29.943+0000] {logging_mixin.py:188} INFO - [2026-07-13T11:52:29.943+0000] {dagbag.py:538} INFO - Filling up the DagBag from /home/airflow/.local/lib/python3.8/site-packages/airflow/example_dags/example_task_group_decorator.py
[2026-07-13T11:52:29.953+0000] {processor.py:840} INFO - DAG(s) 'example_task_group_decorator' retrieved from /home/airflow/.local/lib/python3.8/site-packages/airflow/example_dags/example_task_group_decorator.py
[2026-07-13T11:52:29.969+0000] {logging_mixin.py:188} INFO - [2026-07-13T11:52:29.969+0000] {dag.py:3036} INFO - Sync 1 DAGs
[2026-07-13T11:52:29.984+0000] {logging_mixin.py:188} INFO - [2026-07-13T11:52:29.984+0000] {dag.py:3823} INFO - Setting next_dagrun for example_task_group_decorator to 2026-07-12 00:00:00+00:00, run_after=2026-07-13 00:00:00+00:00
[2026-07-13T11:52:29.998+0000] {processor.py:183} INFO - Processing /home/airflow/.local/lib/python3.8/site-packages/airflow/example_dags/example_task_group_decorator.py took 0.060 seconds
[2026-07-13T11:53:00.897+0000] {processor.py:161} INFO - Started process (PID=3867) to work on /home/airflow/.local/lib/python3.8/site-packages/airflow/example_dags/example_task_group_decorator.py
[2026-07-13T11:53:00.899+0000] {processor.py:830} INFO - Processing file /home/airflow/.local/lib/python3.8/site-packages/airflow/example_dags/example_task_group_decorator.py for tasks to queue
[2026-07-13T11:53:00.900+0000] {logging_mixin.py:188} INFO - [2026-07-13T11:53:00.900+0000] {dagbag.py:538} INFO - Filling up the DagBag from /home/airflow/.local/lib/python3.8/site-packages/airflow/example_dags/example_task_group_decorator.py
[2026-07-13T11:53:00.913+0000] {processor.py:840} INFO - DAG(s) 'example_task_group_decorator' retrieved from /home/airflow/.local/lib/python3.8/site-packages/airflow/example_dags/example_task_group_decorator.py
[2026-07-13T11:53:00.935+0000] {logging_mixin.py:188} INFO - [2026-07-13T11:53:00.935+0000] {dag.py:3036} INFO - Sync 1 DAGs
[2026-07-13T11:53:00.950+0000] {logging_mixin.py:188} INFO - [2026-07-13T11:53:00.950+0000] {dag.py:3823} INFO - Setting next_dagrun for example_task_group_decorator to 2026-07-12 00:00:00+00:00, run_after=2026-07-13 00:00:00+00:00
[2026-07-13T11:53:00.964+0000] {processor.py:183} INFO - Processing /home/airflow/.local/lib/python3.8/site-packages/airflow/example_dags/example_task_group_decorator.py took 0.075 seconds
[2026-07-13T11:53:31.753+0000] {processor.py:161} INFO - Started process (PID=3923) to work on /home/airflow/.local/lib/python3.8/site-packages/airflow/example_dags/example_task_group_decorator.py
[2026-07-13T11:53:31.754+0000] {processor.py:830} INFO - Processing file /home/airflow/.local/lib/python3.8/site-packages/airflow/example_dags/example_task_group_decorator.py for tasks to queue
[2026-07-13T11:53:31.755+0000] {logging_mixin.py:188} INFO - [2026-07-13T11:53:31.755+0000] {dagbag.py:538} INFO - Filling up the DagBag from /home/airflow/.local/lib/python3.8/site-packages/airflow/example_dags/example_task_group_decorator.py
[2026-07-13T11:53:31.765+0000] {processor.py:840} INFO - DAG(s) 'example_task_group_decorator' retrieved from /home/airflow/.local/lib/python3.8/site-packages/airflow/example_dags/example_task_group_decorator.py
[2026-07-13T11:53:31.783+0000] {logging_mixin.py:188} INFO - [2026-07-13T11:53:31.783+0000] {dag.py:3036} INFO - Sync 1 DAGs
[2026-07-13T11:53:31.799+0000] {logging_mixin.py:188} INFO - [2026-07-13T11:53:31.798+0000] {dag.py:3823} INFO - Setting next_dagrun for example_task_group_decorator to 2026-07-12 00:00:00+00:00, run_after=2026-07-13 00:00:00+00:00
[2026-07-13T11:53:31.813+0000] {processor.py:183} INFO - Processing /home/airflow/.local/lib/python3.8/site-packages/airflow/example_dags/example_task_group_decorator.py took 0.062 seconds
[2026-07-13T11:54:02.260+0000] {processor.py:161} INFO - Started process (PID=3980) to work on /home/airflow/.local/lib/python3.8/site-packages/airflow/example_dags/example_task_group_decorator.py
[2026-07-13T11:54:02.261+0000] {processor.py:830} INFO - Processing file /home/airflow/.local/lib/python3.8/site-packages/airflow/example_dags/example_task_group_decorator.py for tasks to queue
[2026-07-13T11:54:02.262+0000] {logging_mixin.py:188} INFO - [2026-07-13T11:54:02.262+0000] {dagbag.py:538} INFO - Filling up the DagBag from /home/airflow/.local/lib/python3.8/site-packages/airflow/example_dags/example_task_group_decorator.py
[2026-07-13T11:54:02.274+0000] {processor.py:840} INFO - DAG(s) 'example_task_group_decorator' retrieved from /home/airflow/.local/lib/python3.8/site-packages/airflow/example_dags/example_task_group_decorator.py
[2026-07-13T11:54:02.291+0000] {logging_mixin.py:188} INFO - [2026-07-13T11:54:02.291+0000] {dag.py:3036} INFO - Sync 1 DAGs
[2026-07-13T11:54:02.307+0000] {logging_mixin.py:188} INFO - [2026-07-13T11:54:02.307+0000] {dag.py:3823} INFO - Setting next_dagrun for example_task_group_decorator to 2026-07-12 00:00:00+00:00, run_after=2026-07-13 00:00:00+00:00
[2026-07-13T11:54:02.324+0000] {processor.py:183} INFO - Processing /home/airflow/.local/lib/python3.8/site-packages/airflow/example_dags/example_task_group_decorator.py took 0.067 seconds
[2026-07-13T11:54:32.800+0000] {processor.py:161} INFO - Started process (PID=4036) to work on /home/airflow/.local/lib/python3.8/site-packages/airflow/example_dags/example_task_group_decorator.py
[2026-07-13T11:54:32.801+0000] {processor.py:830} INFO - Processing file /home/airflow/.local/lib/python3.8/site-packages/airflow/example_dags/example_task_group_decorator.py for tasks to queue
[2026-07-13T11:54:32.803+0000] {logging_mixin.py:188} INFO - [2026-07-13T11:54:32.803+0000] {dagbag.py:538} INFO - Filling up the DagBag from /home/airflow/.local/lib/python3.8/site-packages/airflow/example_dags/example_task_group_decorator.py
[2026-07-13T11:54:32.813+0000] {processor.py:840} INFO - DAG(s) 'example_task_group_decorator' retrieved from /home/airflow/.local/lib/python3.8/site-packages/airflow/example_dags/example_task_group_decorator.py
[2026-07-13T11:54:32.831+0000] {logging_mixin.py:188} INFO - [2026-07-13T11:54:32.831+0000] {dag.py:3036} INFO - Sync 1 DAGs
[2026-07-13T11:54:32.849+0000] {logging_mixin.py:188} INFO - [2026-07-13T11:54:32.849+0000] {dag.py:3823} INFO - Setting next_dagrun for example_task_group_decorator to 2026-07-12 00:00:00+00:00, run_after=2026-07-13 00:00:00+00:00
[2026-07-13T11:54:32.864+0000] {processor.py:183} INFO - Processing /home/airflow/.local/lib/python3.8/site-packages/airflow/example_dags/example_task_group_decorator.py took 0.066 seconds
[2026-07-13T11:55:03.379+0000] {processor.py:161} INFO - Started process (PID=4092) to work on /home/airflow/.local/lib/python3.8/site-packages/airflow/example_dags/example_task_group_decorator.py
[2026-07-13T11:55:03.381+0000] {processor.py:830} INFO - Processing file /home/airflow/.local/lib/python3.8/site-packages/airflow/example_dags/example_task_group_decorator.py for tasks to queue
[2026-07-13T11:55:03.382+0000] {logging_mixin.py:188} INFO - [2026-07-13T11:55:03.382+0000] {dagbag.py:538} INFO - Filling up the DagBag from /home/airflow/.local/lib/python3.8/site-packages/airflow/example_dags/example_task_group_decorator.py
[2026-07-13T11:55:03.396+0000] {processor.py:840} INFO - DAG(s) 'example_task_group_decorator' retrieved from /home/airflow/.local/lib/python3.8/site-packages/airflow/example_dags/example_task_group_decorator.py
[2026-07-13T11:55:03.417+0000] {logging_mixin.py:188} INFO - [2026-07-13T11:55:03.417+0000] {dag.py:3036} INFO - Sync 1 DAGs
[2026-07-13T11:55:03.435+0000] {logging_mixin.py:188} INFO - [2026-07-13T11:55:03.434+0000] {dag.py:3823} INFO - Setting next_dagrun for example_task_group_decorator to 2026-07-12 00:00:00+00:00, run_after=2026-07-13 00:00:00+00:00
[2026-07-13T11:55:03.448+0000] {processor.py:183} INFO - Processing /home/airflow/.local/lib/python3.8/site-packages/airflow/example_dags/example_task_group_decorator.py took 0.071 seconds
[2026-07-13T11:55:33.956+0000] {processor.py:161} INFO - Started process (PID=4148) to work on /home/airflow/.local/lib/python3.8/site-packages/airflow/example_dags/example_task_group_decorator.py
[2026-07-13T11:55:33.958+0000] {processor.py:830} INFO - Processing file /home/airflow/.local/lib/python3.8/site-packages/airflow/example_dags/example_task_group_decorator.py for tasks to queue
[2026-07-13T11:55:33.959+0000] {logging_mixin.py:188} INFO - [2026-07-13T11:55:33.959+0000] {dagbag.py:538} INFO - Filling up the DagBag from /home/airflow/.local/lib/python3.8/site-packages/airflow/example_dags/example_task_group_decorator.py
[2026-07-13T11:55:33.968+0000] {processor.py:840} INFO - DAG(s) 'example_task_group_decorator' retrieved from /home/airflow/.local/lib/python3.8/site-packages/airflow/example_dags/example_task_group_decorator.py
[2026-07-13T11:55:33.984+0000] {logging_mixin.py:188} INFO - [2026-07-13T11:55:33.984+0000] {dag.py:3036} INFO - Sync 1 DAGs
[2026-07-13T11:55:33.999+0000] {logging_mixin.py:188} INFO - [2026-07-13T11:55:33.999+0000] {dag.py:3823} INFO - Setting next_dagrun for example_task_group_decorator to 2026-07-12 00:00:00+00:00, run_after=2026-07-13 00:00:00+00:00
[2026-07-13T11:55:34.016+0000] {processor.py:183} INFO - Processing /home/airflow/.local/lib/python3.8/site-packages/airflow/example_dags/example_task_group_decorator.py took 0.062 seconds
[2026-07-13T11:56:04.479+0000] {processor.py:161} INFO - Started process (PID=4204) to work on /home/airflow/.local/lib/python3.8/site-packages/airflow/example_dags/example_task_group_decorator.py
[2026-07-13T11:56:04.480+0000] {processor.py:830} INFO - Processing file /home/airflow/.local/lib/python3.8/site-packages/airflow/example_dags/example_task_group_decorator.py for tasks to queue
[2026-07-13T11:56:04.482+0000] {logging_mixin.py:188} INFO - [2026-07-13T11:56:04.481+0000] {dagbag.py:538} INFO - Filling up the DagBag from /home/airflow/.local/lib/python3.8/site-packages/airflow/example_dags/example_task_group_decorator.py
[2026-07-13T11:56:04.494+0000] {processor.py:840} INFO - DAG(s) 'example_task_group_decorator' retrieved from /home/airflow/.local/lib/python3.8/site-packages/airflow/example_dags/example_task_group_decorator.py
[2026-07-13T11:56:04.513+0000] {logging_mixin.py:188} INFO - [2026-07-13T11:56:04.513+0000] {dag.py:3036} INFO - Sync 1 DAGs
[2026-07-13T11:56:04.528+0000] {logging_mixin.py:188} INFO - [2026-07-13T11:56:04.528+0000] {dag.py:3823} INFO - Setting next_dagrun for example_task_group_decorator to 2026-07-12 00:00:00+00:00, run_after=2026-07-13 00:00:00+00:00
[2026-07-13T11:56:04.543+0000] {processor.py:183} INFO - Processing /home/airflow/.local/lib/python3.8/site-packages/airflow/example_dags/example_task_group_decorator.py took 0.070 seconds
[2026-07-13T11:56:34.994+0000] {processor.py:161} INFO - Started process (PID=4260) to work on /home/airflow/.local/lib/python3.8/site-packages/airflow/example_dags/example_task_group_decorator.py
[2026-07-13T11:56:34.996+0000] {processor.py:830} INFO - Processing file /home/airflow/.local/lib/python3.8/site-packages/airflow/example_dags/example_task_group_decorator.py for tasks to queue
[2026-07-13T11:56:34.998+0000] {logging_mixin.py:188} INFO - [2026-07-13T11:56:34.998+0000] {dagbag.py:538} INFO - Filling up the DagBag from /home/airflow/.local/lib/python3.8/site-packages/airflow/example_dags/example_task_group_decorator.py
[2026-07-13T11:56:35.008+0000] {processor.py:840} INFO - DAG(s) 'example_task_group_decorator' retrieved from /home/airflow/.local/lib/python3.8/site-packages/airflow/example_dags/example_task_group_decorator.py
[2026-07-13T11:56:35.025+0000] {logging_mixin.py:188} INFO - [2026-07-13T11:56:35.025+0000] {dag.py:3036} INFO - Sync 1 DAGs
[2026-07-13T11:56:35.042+0000] {logging_mixin.py:188} INFO - [2026-07-13T11:56:35.042+0000] {dag.py:3823} INFO - Setting next_dagrun for example_task_group_decorator to 2026-07-12 00:00:00+00:00, run_after=2026-07-13 00:00:00+00:00
[2026-07-13T11:56:35.058+0000] {processor.py:183} INFO - Processing /home/airflow/.local/lib/python3.8/site-packages/airflow/example_dags/example_task_group_decorator.py took 0.068 seconds
[2026-07-13T11:57:05.648+0000] {processor.py:161} INFO - Started process (PID=4316) to work on /home/airflow/.local/lib/python3.8/site-packages/airflow/example_dags/example_task_group_decorator.py
[2026-07-13T11:57:05.649+0000] {processor.py:830} INFO - Processing file /home/airflow/.local/lib/python3.8/site-packages/airflow/example_dags/example_task_group_decorator.py for tasks to queue
[2026-07-13T11:57:05.651+0000] {logging_mixin.py:188} INFO - [2026-07-13T11:57:05.651+0000] {dagbag.py:538} INFO - Filling up the DagBag from /home/airflow/.local/lib/python3.8/site-packages/airflow/example_dags/example_task_group_decorator.py
[2026-07-13T11:57:05.660+0000] {processor.py:840} INFO - DAG(s) 'example_task_group_decorator' retrieved from /home/airflow/.local/lib/python3.8/site-packages/airflow/example_dags/example_task_group_decorator.py
[2026-07-13T11:57:05.678+0000] {logging_mixin.py:188} INFO - [2026-07-13T11:57:05.678+0000] {dag.py:3036} INFO - Sync 1 DAGs
[2026-07-13T11:57:05.693+0000] {logging_mixin.py:188} INFO - [2026-07-13T11:57:05.692+0000] {dag.py:3823} INFO - Setting next_dagrun for example_task_group_decorator to 2026-07-12 00:00:00+00:00, run_after=2026-07-13 00:00:00+00:00
[2026-07-13T11:57:05.708+0000] {processor.py:183} INFO - Processing /home/airflow/.local/lib/python3.8/site-packages/airflow/example_dags/example_task_group_decorator.py took 0.062 seconds
[2026-07-13T11:57:36.479+0000] {processor.py:161} INFO - Started process (PID=4372) to work on /home/airflow/.local/lib/python3.8/site-packages/airflow/example_dags/example_task_group_decorator.py
[2026-07-13T11:57:36.480+0000] {processor.py:830} INFO - Processing file /home/airflow/.local/lib/python3.8/site-packages/airflow/example_dags/example_task_group_decorator.py for tasks to queue
[2026-07-13T11:57:36.482+0000] {logging_mixin.py:188} INFO - [2026-07-13T11:57:36.481+0000] {dagbag.py:538} INFO - Filling up the DagBag from /home/airflow/.local/lib/python3.8/site-packages/airflow/example_dags/example_task_group_decorator.py
[2026-07-13T11:57:36.491+0000] {processor.py:840} INFO - DAG(s) 'example_task_group_decorator' retrieved from /home/airflow/.local/lib/python3.8/site-packages/airflow/example_dags/example_task_group_decorator.py
[2026-07-13T11:57:36.508+0000] {logging_mixin.py:188} INFO - [2026-07-13T11:57:36.508+0000] {dag.py:3036} INFO - Sync 1 DAGs
[2026-07-13T11:57:36.523+0000] {logging_mixin.py:188} INFO - [2026-07-13T11:57:36.523+0000] {dag.py:3823} INFO - Setting next_dagrun for example_task_group_decorator to 2026-07-12 00:00:00+00:00, run_after=2026-07-13 00:00:00+00:00
[2026-07-13T11:57:36.538+0000] {processor.py:183} INFO - Processing /home/airflow/.local/lib/python3.8/site-packages/airflow/example_dags/example_task_group_decorator.py took 0.061 seconds
[2026-07-13T11:58:06.879+0000] {processor.py:161} INFO - Started process (PID=4428) to work on /home/airflow/.local/lib/python3.8/site-packages/airflow/example_dags/example_task_group_decorator.py
[2026-07-13T11:58:06.880+0000] {processor.py:830} INFO - Processing file /home/airflow/.local/lib/python3.8/site-packages/airflow/example_dags/example_task_group_decorator.py for tasks to queue
[2026-07-13T11:58:06.882+0000] {logging_mixin.py:188} INFO - [2026-07-13T11:58:06.882+0000] {dagbag.py:538} INFO - Filling up the DagBag from /home/airflow/.local/lib/python3.8/site-packages/airflow/example_dags/example_task_group_decorator.py
[2026-07-13T11:58:06.892+0000] {processor.py:840} INFO - DAG(s) 'example_task_group_decorator' retrieved from /home/airflow/.local/lib/python3.8/site-packages/airflow/example_dags/example_task_group_decorator.py
[2026-07-13T11:58:06.909+0000] {logging_mixin.py:188} INFO - [2026-07-13T11:58:06.909+0000] {dag.py:3036} INFO - Sync 1 DAGs
[2026-07-13T11:58:06.925+0000] {logging_mixin.py:188} INFO - [2026-07-13T11:58:06.925+0000] {dag.py:3823} INFO - Setting next_dagrun for example_task_group_decorator to 2026-07-12 00:00:00+00:00, run_after=2026-07-13 00:00:00+00:00
[2026-07-13T11:58:06.939+0000] {processor.py:183} INFO - Processing /home/airflow/.local/lib/python3.8/site-packages/airflow/example_dags/example_task_group_decorator.py took 0.063 seconds
[2026-07-13T11:58:37.244+0000] {processor.py:161} INFO - Started process (PID=4484) to work on /home/airflow/.local/lib/python3.8/site-packages/airflow/example_dags/example_task_group_decorator.py
[2026-07-13T11:58:37.246+0000] {processor.py:830} INFO - Processing file /home/airflow/.local/lib/python3.8/site-packages/airflow/example_dags/example_task_group_decorator.py for tasks to queue
[2026-07-13T11:58:37.248+0000] {logging_mixin.py:188} INFO - [2026-07-13T11:58:37.248+0000] {dagbag.py:538} INFO - Filling up the DagBag from /home/airflow/.local/lib/python3.8/site-packages/airflow/example_dags/example_task_group_decorator.py
[2026-07-13T11:58:37.264+0000] {processor.py:840} INFO - DAG(s) 'example_task_group_decorator' retrieved from /home/airflow/.local/lib/python3.8/site-packages/airflow/example_dags/example_task_group_decorator.py
[2026-07-13T11:58:37.293+0000] {logging_mixin.py:188} INFO - [2026-07-13T11:58:37.293+0000] {dag.py:3036} INFO - Sync 1 DAGs
[2026-07-13T11:58:37.321+0000] {logging_mixin.py:188} INFO - [2026-07-13T11:58:37.321+0000] {dag.py:3823} INFO - Setting next_dagrun for example_task_group_decorator to 2026-07-12 00:00:00+00:00, run_after=2026-07-13 00:00:00+00:00
[2026-07-13T11:58:37.346+0000] {processor.py:183} INFO - Processing /home/airflow/.local/lib/python3.8/site-packages/airflow/example_dags/example_task_group_decorator.py took 0.106 seconds
[2026-07-13T11:59:07.749+0000] {processor.py:161} INFO - Started process (PID=4540) to work on /home/airflow/.local/lib/python3.8/site-packages/airflow/example_dags/example_task_group_decorator.py
[2026-07-13T11:59:07.750+0000] {processor.py:830} INFO - Processing file /home/airflow/.local/lib/python3.8/site-packages/airflow/example_dags/example_task_group_decorator.py for tasks to queue
[2026-07-13T11:59:07.752+0000] {logging_mixin.py:188} INFO - [2026-07-13T11:59:07.752+0000] {dagbag.py:538} INFO - Filling up the DagBag from /home/airflow/.local/lib/python3.8/site-packages/airflow/example_dags/example_task_group_decorator.py
[2026-07-13T11:59:07.762+0000] {processor.py:840} INFO - DAG(s) 'example_task_group_decorator' retrieved from /home/airflow/.local/lib/python3.8/site-packages/airflow/example_dags/example_task_group_decorator.py
[2026-07-13T11:59:07.780+0000] {logging_mixin.py:188} INFO - [2026-07-13T11:59:07.780+0000] {dag.py:3036} INFO - Sync 1 DAGs
[2026-07-13T11:59:07.795+0000] {logging_mixin.py:188} INFO - [2026-07-13T11:59:07.795+0000] {dag.py:3823} INFO - Setting next_dagrun for example_task_group_decorator to 2026-07-12 00:00:00+00:00, run_after=2026-07-13 00:00:00+00:00
[2026-07-13T11:59:07.809+0000] {processor.py:183} INFO - Processing /home/airflow/.local/lib/python3.8/site-packages/airflow/example_dags/example_task_group_decorator.py took 0.062 seconds
[2026-07-13T11:59:38.028+0000] {processor.py:161} INFO - Started process (PID=4596) to work on /home/airflow/.local/lib/python3.8/site-packages/airflow/example_dags/example_task_group_decorator.py
[2026-07-13T11:59:38.029+0000] {processor.py:830} INFO - Processing file /home/airflow/.local/lib/python3.8/site-packages/airflow/example_dags/example_task_group_decorator.py for tasks to queue
[2026-07-13T11:59:38.031+0000] {logging_mixin.py:188} INFO - [2026-07-13T11:59:38.030+0000] {dagbag.py:538} INFO - Filling up the DagBag from /home/airflow/.local/lib/python3.8/site-packages/airflow/example_dags/example_task_group_decorator.py
[2026-07-13T11:59:38.041+0000] {processor.py:840} INFO - DAG(s) 'example_task_group_decorator' retrieved from /home/airflow/.local/lib/python3.8/site-packages/airflow/example_dags/example_task_group_decorator.py
[2026-07-13T11:59:38.058+0000] {logging_mixin.py:188} INFO - [2026-07-13T11:59:38.058+0000] {dag.py:3036} INFO - Sync 1 DAGs
[2026-07-13T11:59:38.074+0000] {logging_mixin.py:188} INFO - [2026-07-13T11:59:38.074+0000] {dag.py:3823} INFO - Setting next_dagrun for example_task_group_decorator to 2026-07-12 00:00:00+00:00, run_after=2026-07-13 00:00:00+00:00
[2026-07-13T11:59:38.089+0000] {processor.py:183} INFO - Processing /home/airflow/.local/lib/python3.8/site-packages/airflow/example_dags/example_task_group_decorator.py took 0.063 seconds
[2026-07-13T12:00:08.265+0000] {processor.py:161} INFO - Started process (PID=4652) to work on /home/airflow/.local/lib/python3.8/site-packages/airflow/example_dags/example_task_group_decorator.py
[2026-07-13T12:00:08.266+0000] {processor.py:830} INFO - Processing file /home/airflow/.local/lib/python3.8/site-packages/airflow/example_dags/example_task_group_decorator.py for tasks to queue
[2026-07-13T12:00:08.268+0000] {logging_mixin.py:188} INFO - [2026-07-13T12:00:08.267+0000] {dagbag.py:538} INFO - Filling up the DagBag from /home/airflow/.local/lib/python3.8/site-packages/airflow/example_dags/example_task_group_decorator.py
[2026-07-13T12:00:08.278+0000] {processor.py:840} INFO - DAG(s) 'example_task_group_decorator' retrieved from /home/airflow/.local/lib/python3.8/site-packages/airflow/example_dags/example_task_group_decorator.py
[2026-07-13T12:00:08.297+0000] {logging_mixin.py:188} INFO - [2026-07-13T12:00:08.296+0000] {dag.py:3036} INFO - Sync 1 DAGs
[2026-07-13T12:00:08.312+0000] {logging_mixin.py:188} INFO - [2026-07-13T12:00:08.312+0000] {dag.py:3823} INFO - Setting next_dagrun for example_task_group_decorator to 2026-07-12 00:00:00+00:00, run_after=2026-07-13 00:00:00+00:00
[2026-07-13T12:00:08.327+0000] {processor.py:183} INFO - Processing /home/airflow/.local/lib/python3.8/site-packages/airflow/example_dags/example_task_group_decorator.py took 0.064 seconds
[2026-07-13T12:00:38.639+0000] {processor.py:161} INFO - Started process (PID=4708) to work on /home/airflow/.local/lib/python3.8/site-packages/airflow/example_dags/example_task_group_decorator.py
[2026-07-13T12:00:38.640+0000] {processor.py:830} INFO - Processing file /home/airflow/.local/lib/python3.8/site-packages/airflow/example_dags/example_task_group_decorator.py for tasks to queue
[2026-07-13T12:00:38.642+0000] {logging_mixin.py:188} INFO - [2026-07-13T12:00:38.642+0000] {dagbag.py:538} INFO - Filling up the DagBag from /home/airflow/.local/lib/python3.8/site-packages/airflow/example_dags/example_task_group_decorator.py
[2026-07-13T12:00:38.652+0000] {processor.py:840} INFO - DAG(s) 'example_task_group_decorator' retrieved from /home/airflow/.local/lib/python3.8/site-packages/airflow/example_dags/example_task_group_decorator.py
[2026-07-13T12:00:38.669+0000] {logging_mixin.py:188} INFO - [2026-07-13T12:00:38.669+0000] {dag.py:3036} INFO - Sync 1 DAGs
[2026-07-13T12:00:38.685+0000] {logging_mixin.py:188} INFO - [2026-07-13T12:00:38.685+0000] {dag.py:3823} INFO - Setting next_dagrun for example_task_group_decorator to 2026-07-12 00:00:00+00:00, run_after=2026-07-13 00:00:00+00:00
[2026-07-13T12:00:38.700+0000] {processor.py:183} INFO - Processing /home/airflow/.local/lib/python3.8/site-packages/airflow/example_dags/example_task_group_decorator.py took 0.063 seconds
[2026-07-13T12:01:08.964+0000] {processor.py:161} INFO - Started process (PID=4764) to work on /home/airflow/.local/lib/python3.8/site-packages/airflow/example_dags/example_task_group_decorator.py
[2026-07-13T12:01:08.965+0000] {processor.py:830} INFO - Processing file /home/airflow/.local/lib/python3.8/site-packages/airflow/example_dags/example_task_group_decorator.py for tasks to queue
[2026-07-13T12:01:08.966+0000] {logging_mixin.py:188} INFO - [2026-07-13T12:01:08.966+0000] {dagbag.py:538} INFO - Filling up the DagBag from /home/airflow/.local/lib/python3.8/site-packages/airflow/example_dags/example_task_group_decorator.py
[2026-07-13T12:01:08.976+0000] {processor.py:840} INFO - DAG(s) 'example_task_group_decorator' retrieved from /home/airflow/.local/lib/python3.8/site-packages/airflow/example_dags/example_task_group_decorator.py
[2026-07-13T12:01:08.992+0000] {logging_mixin.py:188} INFO - [2026-07-13T12:01:08.991+0000] {dag.py:3036} INFO - Sync 1 DAGs
[2026-07-13T12:01:09.006+0000] {logging_mixin.py:188} INFO - [2026-07-13T12:01:09.006+0000] {dag.py:3823} INFO - Setting next_dagrun for example_task_group_decorator to 2026-07-12 00:00:00+00:00, run_after=2026-07-13 00:00:00+00:00
[2026-07-13T12:01:09.020+0000] {processor.py:183} INFO - Processing /home/airflow/.local/lib/python3.8/site-packages/airflow/example_dags/example_task_group_decorator.py took 0.058 seconds
[2026-07-13T12:01:39.163+0000] {processor.py:161} INFO - Started process (PID=4820) to work on /home/airflow/.local/lib/python3.8/site-packages/airflow/example_dags/example_task_group_decorator.py
[2026-07-13T12:01:39.164+0000] {processor.py:830} INFO - Processing file /home/airflow/.local/lib/python3.8/site-packages/airflow/example_dags/example_task_group_decorator.py for tasks to queue
[2026-07-13T12:01:39.166+0000] {logging_mixin.py:188} INFO - [2026-07-13T12:01:39.165+0000] {dagbag.py:538} INFO - Filling up the DagBag from /home/airflow/.local/lib/python3.8/site-packages/airflow/example_dags/example_task_group_decorator.py
[2026-07-13T12:01:39.177+0000] {processor.py:840} INFO - DAG(s) 'example_task_group_decorator' retrieved from /home/airflow/.local/lib/python3.8/site-packages/airflow/example_dags/example_task_group_decorator.py
[2026-07-13T12:01:39.194+0000] {logging_mixin.py:188} INFO - [2026-07-13T12:01:39.193+0000] {dag.py:3036} INFO - Sync 1 DAGs
[2026-07-13T12:01:39.209+0000] {logging_mixin.py:188} INFO - [2026-07-13T12:01:39.209+0000] {dag.py:3823} INFO - Setting next_dagrun for example_task_group_decorator to 2026-07-12 00:00:00+00:00, run_after=2026-07-13 00:00:00+00:00
[2026-07-13T12:01:39.224+0000] {processor.py:183} INFO - Processing /home/airflow/.local/lib/python3.8/site-packages/airflow/example_dags/example_task_group_decorator.py took 0.064 seconds
[2026-07-13T12:02:09.273+0000] {processor.py:161} INFO - Started process (PID=4876) to work on /home/airflow/.local/lib/python3.8/site-packages/airflow/example_dags/example_task_group_decorator.py
[2026-07-13T12:02:09.274+0000] {processor.py:830} INFO - Processing file /home/airflow/.local/lib/python3.8/site-packages/airflow/example_dags/example_task_group_decorator.py for tasks to queue
[2026-07-13T12:02:09.275+0000] {logging_mixin.py:188} INFO - [2026-07-13T12:02:09.275+0000] {dagbag.py:538} INFO - Filling up the DagBag from /home/airflow/.local/lib/python3.8/site-packages/airflow/example_dags/example_task_group_decorator.py
[2026-07-13T12:02:09.288+0000] {processor.py:840} INFO - DAG(s) 'example_task_group_decorator' retrieved from /home/airflow/.local/lib/python3.8/site-packages/airflow/example_dags/example_task_group_decorator.py
[2026-07-13T12:02:09.308+0000] {logging_mixin.py:188} INFO - [2026-07-13T12:02:09.308+0000] {dag.py:3036} INFO - Sync 1 DAGs
[2026-07-13T12:02:09.323+0000] {logging_mixin.py:188} INFO - [2026-07-13T12:02:09.323+0000] {dag.py:3823} INFO - Setting next_dagrun for example_task_group_decorator to 2026-07-12 00:00:00+00:00, run_after=2026-07-13 00:00:00+00:00
[2026-07-13T12:02:09.337+0000] {processor.py:183} INFO - Processing /home/airflow/.local/lib/python3.8/site-packages/airflow/example_dags/example_task_group_decorator.py took 0.067 seconds
[2026-07-13T12:02:39.509+0000] {processor.py:161} INFO - Started process (PID=4932) to work on /home/airflow/.local/lib/python3.8/site-packages/airflow/example_dags/example_task_group_decorator.py
[2026-07-13T12:02:39.510+0000] {processor.py:830} INFO - Processing file /home/airflow/.local/lib/python3.8/site-packages/airflow/example_dags/example_task_group_decorator.py for tasks to queue
[2026-07-13T12:02:39.512+0000] {logging_mixin.py:188} INFO - [2026-07-13T12:02:39.511+0000] {dagbag.py:538} INFO - Filling up the DagBag from /home/airflow/.local/lib/python3.8/site-packages/airflow/example_dags/example_task_group_decorator.py
[2026-07-13T12:02:39.524+0000] {processor.py:840} INFO - DAG(s) 'example_task_group_decorator' retrieved from /home/airflow/.local/lib/python3.8/site-packages/airflow/example_dags/example_task_group_decorator.py
[2026-07-13T12:02:39.542+0000] {logging_mixin.py:188} INFO - [2026-07-13T12:02:39.542+0000] {dag.py:3036} INFO - Sync 1 DAGs
[2026-07-13T12:02:39.557+0000] {logging_mixin.py:188} INFO - [2026-07-13T12:02:39.557+0000] {dag.py:3823} INFO - Setting next_dagrun for example_task_group_decorator to 2026-07-12 00:00:00+00:00, run_after=2026-07-13 00:00:00+00:00
[2026-07-13T12:02:39.573+0000] {processor.py:183} INFO - Processing /home/airflow/.local/lib/python3.8/site-packages/airflow/example_dags/example_task_group_decorator.py took 0.066 seconds
[2026-07-13T12:03:09.722+0000] {processor.py:161} INFO - Started process (PID=4988) to work on /home/airflow/.local/lib/python3.8/site-packages/airflow/example_dags/example_task_group_decorator.py
[2026-07-13T12:03:09.725+0000] {processor.py:830} INFO - Processing file /home/airflow/.local/lib/python3.8/site-packages/airflow/example_dags/example_task_group_decorator.py for tasks to queue
[2026-07-13T12:03:09.728+0000] {logging_mixin.py:188} INFO - [2026-07-13T12:03:09.727+0000] {dagbag.py:538} INFO - Filling up the DagBag from /home/airflow/.local/lib/python3.8/site-packages/airflow/example_dags/example_task_group_decorator.py
[2026-07-13T12:03:09.745+0000] {processor.py:840} INFO - DAG(s) 'example_task_group_decorator' retrieved from /home/airflow/.local/lib/python3.8/site-packages/airflow/example_dags/example_task_group_decorator.py
[2026-07-13T12:03:09.775+0000] {logging_mixin.py:188} INFO - [2026-07-13T12:03:09.775+0000] {dag.py:3036} INFO - Sync 1 DAGs
[2026-07-13T12:03:09.792+0000] {logging_mixin.py:188} INFO - [2026-07-13T12:03:09.792+0000] {dag.py:3823} INFO - Setting next_dagrun for example_task_group_decorator to 2026-07-12 00:00:00+00:00, run_after=2026-07-13 00:00:00+00:00
[2026-07-13T12:03:09.809+0000] {processor.py:183} INFO - Processing /home/airflow/.local/lib/python3.8/site-packages/airflow/example_dags/example_task_group_decorator.py took 0.099 seconds
[2026-07-13T12:03:39.954+0000] {processor.py:161} INFO - Started process (PID=5044) to work on /home/airflow/.local/lib/python3.8/site-packages/airflow/example_dags/example_task_group_decorator.py
[2026-07-13T12:03:39.956+0000] {processor.py:830} INFO - Processing file /home/airflow/.local/lib/python3.8/site-packages/airflow/example_dags/example_task_group_decorator.py for tasks to queue
[2026-07-13T12:03:39.958+0000] {logging_mixin.py:188} INFO - [2026-07-13T12:03:39.958+0000] {dagbag.py:538} INFO - Filling up the DagBag from /home/airflow/.local/lib/python3.8/site-packages/airflow/example_dags/example_task_group_decorator.py
[2026-07-13T12:03:39.972+0000] {processor.py:840} INFO - DAG(s) 'example_task_group_decorator' retrieved from /home/airflow/.local/lib/python3.8/site-packages/airflow/example_dags/example_task_group_decorator.py
[2026-07-13T12:03:39.996+0000] {logging_mixin.py:188} INFO - [2026-07-13T12:03:39.996+0000] {dag.py:3036} INFO - Sync 1 DAGs
[2026-07-13T12:03:40.014+0000] {logging_mixin.py:188} INFO - [2026-07-13T12:03:40.014+0000] {dag.py:3823} INFO - Setting next_dagrun for example_task_group_decorator to 2026-07-12 00:00:00+00:00, run_after=2026-07-13 00:00:00+00:00
[2026-07-13T12:03:40.034+0000] {processor.py:183} INFO - Processing /home/airflow/.local/lib/python3.8/site-packages/airflow/example_dags/example_task_group_decorator.py took 0.084 seconds
[2026-07-13T12:04:10.198+0000] {processor.py:161} INFO - Started process (PID=5100) to work on /home/airflow/.local/lib/python3.8/site-packages/airflow/example_dags/example_task_group_decorator.py
[2026-07-13T12:04:10.199+0000] {processor.py:830} INFO - Processing file /home/airflow/.local/lib/python3.8/site-packages/airflow/example_dags/example_task_group_decorator.py for tasks to queue
[2026-07-13T12:04:10.201+0000] {logging_mixin.py:188} INFO - [2026-07-13T12:04:10.201+0000] {dagbag.py:538} INFO - Filling up the DagBag from /home/airflow/.local/lib/python3.8/site-packages/airflow/example_dags/example_task_group_decorator.py
[2026-07-13T12:04:10.210+0000] {processor.py:840} INFO - DAG(s) 'example_task_group_decorator' retrieved from /home/airflow/.local/lib/python3.8/site-packages/airflow/example_dags/example_task_group_decorator.py
[2026-07-13T12:04:10.228+0000] {logging_mixin.py:188} INFO - [2026-07-13T12:04:10.228+0000] {dag.py:3036} INFO - Sync 1 DAGs
[2026-07-13T12:04:10.245+0000] {logging_mixin.py:188} INFO - [2026-07-13T12:04:10.244+0000] {dag.py:3823} INFO - Setting next_dagrun for example_task_group_decorator to 2026-07-12 00:00:00+00:00, run_after=2026-07-13 00:00:00+00:00
[2026-07-13T12:04:10.260+0000] {processor.py:183} INFO - Processing /home/airflow/.local/lib/python3.8/site-packages/airflow/example_dags/example_task_group_decorator.py took 0.065 seconds
[2026-07-13T12:04:40.333+0000] {processor.py:161} INFO - Started process (PID=5156) to work on /home/airflow/.local/lib/python3.8/site-packages/airflow/example_dags/example_task_group_decorator.py
[2026-07-13T12:04:40.334+0000] {processor.py:830} INFO - Processing file /home/airflow/.local/lib/python3.8/site-packages/airflow/example_dags/example_task_group_decorator.py for tasks to queue
[2026-07-13T12:04:40.336+0000] {logging_mixin.py:188} INFO - [2026-07-13T12:04:40.335+0000] {dagbag.py:538} INFO - Filling up the DagBag from /home/airflow/.local/lib/python3.8/site-packages/airflow/example_dags/example_task_group_decorator.py
[2026-07-13T12:04:40.347+0000] {processor.py:840} INFO - DAG(s) 'example_task_group_decorator' retrieved from /home/airflow/.local/lib/python3.8/site-packages/airflow/example_dags/example_task_group_decorator.py
[2026-07-13T12:04:40.366+0000] {logging_mixin.py:188} INFO - [2026-07-13T12:04:40.365+0000] {dag.py:3036} INFO - Sync 1 DAGs
[2026-07-13T12:04:40.382+0000] {logging_mixin.py:188} INFO - [2026-07-13T12:04:40.382+0000] {dag.py:3823} INFO - Setting next_dagrun for example_task_group_decorator to 2026-07-12 00:00:00+00:00, run_after=2026-07-13 00:00:00+00:00
[2026-07-13T12:04:40.397+0000] {processor.py:183} INFO - Processing /home/airflow/.local/lib/python3.8/site-packages/airflow/example_dags/example_task_group_decorator.py took 0.068 seconds
[2026-07-13T12:05:10.523+0000] {processor.py:161} INFO - Started process (PID=5212) to work on /home/airflow/.local/lib/python3.8/site-packages/airflow/example_dags/example_task_group_decorator.py
[2026-07-13T12:05:10.524+0000] {processor.py:830} INFO - Processing file /home/airflow/.local/lib/python3.8/site-packages/airflow/example_dags/example_task_group_decorator.py for tasks to queue
[2026-07-13T12:05:10.526+0000] {logging_mixin.py:188} INFO - [2026-07-13T12:05:10.526+0000] {dagbag.py:538} INFO - Filling up the DagBag from /home/airflow/.local/lib/python3.8/site-packages/airflow/example_dags/example_task_group_decorator.py
[2026-07-13T12:05:10.542+0000] {processor.py:840} INFO - DAG(s) 'example_task_group_decorator' retrieved from /home/airflow/.local/lib/python3.8/site-packages/airflow/example_dags/example_task_group_decorator.py
[2026-07-13T12:05:10.565+0000] {logging_mixin.py:188} INFO - [2026-07-13T12:05:10.564+0000] {dag.py:3036} INFO - Sync 1 DAGs
[2026-07-13T12:05:10.585+0000] {logging_mixin.py:188} INFO - [2026-07-13T12:05:10.585+0000] {dag.py:3823} INFO - Setting next_dagrun for example_task_group_decorator to 2026-07-12 00:00:00+00:00, run_after=2026-07-13 00:00:00+00:00
[2026-07-13T12:05:10.604+0000] {processor.py:183} INFO - Processing /home/airflow/.local/lib/python3.8/site-packages/airflow/example_dags/example_task_group_decorator.py took 0.084 seconds
[2026-07-13T12:05:40.698+0000] {processor.py:161} INFO - Started process (PID=5268) to work on /home/airflow/.local/lib/python3.8/site-packages/airflow/example_dags/example_task_group_decorator.py
[2026-07-13T12:05:40.700+0000] {processor.py:830} INFO - Processing file /home/airflow/.local/lib/python3.8/site-packages/airflow/example_dags/example_task_group_decorator.py for tasks to queue
[2026-07-13T12:05:40.704+0000] {logging_mixin.py:188} INFO - [2026-07-13T12:05:40.704+0000] {dagbag.py:538} INFO - Filling up the DagBag from /home/airflow/.local/lib/python3.8/site-packages/airflow/example_dags/example_task_group_decorator.py
[2026-07-13T12:05:40.714+0000] {processor.py:840} INFO - DAG(s) 'example_task_group_decorator' retrieved from /home/airflow/.local/lib/python3.8/site-packages/airflow/example_dags/example_task_group_decorator.py
[2026-07-13T12:05:40.732+0000] {logging_mixin.py:188} INFO - [2026-07-13T12:05:40.732+0000] {dag.py:3036} INFO - Sync 1 DAGs
[2026-07-13T12:05:40.750+0000] {logging_mixin.py:188} INFO - [2026-07-13T12:05:40.750+0000] {dag.py:3823} INFO - Setting next_dagrun for example_task_group_decorator to 2026-07-12 00:00:00+00:00, run_after=2026-07-13 00:00:00+00:00
[2026-07-13T12:05:40.767+0000] {processor.py:183} INFO - Processing /home/airflow/.local/lib/python3.8/site-packages/airflow/example_dags/example_task_group_decorator.py took 0.072 seconds
[2026-07-13T12:06:10.872+0000] {processor.py:161} INFO - Started process (PID=5324) to work on /home/airflow/.local/lib/python3.8/site-packages/airflow/example_dags/example_task_group_decorator.py
[2026-07-13T12:06:10.873+0000] {processor.py:830} INFO - Processing file /home/airflow/.local/lib/python3.8/site-packages/airflow/example_dags/example_task_group_decorator.py for tasks to queue
[2026-07-13T12:06:10.875+0000] {logging_mixin.py:188} INFO - [2026-07-13T12:06:10.874+0000] {dagbag.py:538} INFO - Filling up the DagBag from /home/airflow/.local/lib/python3.8/site-packages/airflow/example_dags/example_task_group_decorator.py
[2026-07-13T12:06:10.885+0000] {processor.py:840} INFO - DAG(s) 'example_task_group_decorator' retrieved from /home/airflow/.local/lib/python3.8/site-packages/airflow/example_dags/example_task_group_decorator.py
[2026-07-13T12:06:10.903+0000] {logging_mixin.py:188} INFO - [2026-07-13T12:06:10.903+0000] {dag.py:3036} INFO - Sync 1 DAGs
[2026-07-13T12:06:10.919+0000] {logging_mixin.py:188} INFO - [2026-07-13T12:06:10.918+0000] {dag.py:3823} INFO - Setting next_dagrun for example_task_group_decorator to 2026-07-12 00:00:00+00:00, run_after=2026-07-13 00:00:00+00:00
[2026-07-13T12:06:10.934+0000] {processor.py:183} INFO - Processing /home/airflow/.local/lib/python3.8/site-packages/airflow/example_dags/example_task_group_decorator.py took 0.065 seconds
[2026-07-13T12:06:41.034+0000] {processor.py:161} INFO - Started process (PID=5380) to work on /home/airflow/.local/lib/python3.8/site-packages/airflow/example_dags/example_task_group_decorator.py
[2026-07-13T12:06:41.036+0000] {processor.py:830} INFO - Processing file /home/airflow/.local/lib/python3.8/site-packages/airflow/example_dags/example_task_group_decorator.py for tasks to queue
[2026-07-13T12:06:41.037+0000] {logging_mixin.py:188} INFO - [2026-07-13T12:06:41.037+0000] {dagbag.py:538} INFO - Filling up the DagBag from /home/airflow/.local/lib/python3.8/site-packages/airflow/example_dags/example_task_group_decorator.py
[2026-07-13T12:06:41.047+0000] {processor.py:840} INFO - DAG(s) 'example_task_group_decorator' retrieved from /home/airflow/.local/lib/python3.8/site-packages/airflow/example_dags/example_task_group_decorator.py
[2026-07-13T12:06:41.064+0000] {logging_mixin.py:188} INFO - [2026-07-13T12:06:41.064+0000] {dag.py:3036} INFO - Sync 1 DAGs
[2026-07-13T12:06:41.081+0000] {logging_mixin.py:188} INFO - [2026-07-13T12:06:41.080+0000] {dag.py:3823} INFO - Setting next_dagrun for example_task_group_decorator to 2026-07-12 00:00:00+00:00, run_after=2026-07-13 00:00:00+00:00
[2026-07-13T12:06:41.096+0000] {processor.py:183} INFO - Processing /home/airflow/.local/lib/python3.8/site-packages/airflow/example_dags/example_task_group_decorator.py took 0.065 seconds
[2026-07-13T12:07:11.147+0000] {processor.py:161} INFO - Started process (PID=5436) to work on /home/airflow/.local/lib/python3.8/site-packages/airflow/example_dags/example_task_group_decorator.py
[2026-07-13T12:07:11.148+0000] {processor.py:830} INFO - Processing file /home/airflow/.local/lib/python3.8/site-packages/airflow/example_dags/example_task_group_decorator.py for tasks to queue
[2026-07-13T12:07:11.149+0000] {logging_mixin.py:188} INFO - [2026-07-13T12:07:11.149+0000] {dagbag.py:538} INFO - Filling up the DagBag from /home/airflow/.local/lib/python3.8/site-packages/airflow/example_dags/example_task_group_decorator.py
[2026-07-13T12:07:11.160+0000] {processor.py:840} INFO - DAG(s) 'example_task_group_decorator' retrieved from /home/airflow/.local/lib/python3.8/site-packages/airflow/example_dags/example_task_group_decorator.py
[2026-07-13T12:07:11.179+0000] {logging_mixin.py:188} INFO - [2026-07-13T12:07:11.179+0000] {dag.py:3036} INFO - Sync 1 DAGs
[2026-07-13T12:07:11.194+0000] {logging_mixin.py:188} INFO - [2026-07-13T12:07:11.194+0000] {dag.py:3823} INFO - Setting next_dagrun for example_task_group_decorator to 2026-07-12 00:00:00+00:00, run_after=2026-07-13 00:00:00+00:00
[2026-07-13T12:07:11.209+0000] {processor.py:183} INFO - Processing /home/airflow/.local/lib/python3.8/site-packages/airflow/example_dags/example_task_group_decorator.py took 0.065 seconds
[2026-07-13T12:07:41.283+0000] {processor.py:161} INFO - Started process (PID=5492) to work on /home/airflow/.local/lib/python3.8/site-packages/airflow/example_dags/example_task_group_decorator.py
[2026-07-13T12:07:41.284+0000] {processor.py:830} INFO - Processing file /home/airflow/.local/lib/python3.8/site-packages/airflow/example_dags/example_task_group_decorator.py for tasks to queue
[2026-07-13T12:07:41.285+0000] {logging_mixin.py:188} INFO - [2026-07-13T12:07:41.285+0000] {dagbag.py:538} INFO - Filling up the DagBag from /home/airflow/.local/lib/python3.8/site-packages/airflow/example_dags/example_task_group_decorator.py
[2026-07-13T12:07:41.297+0000] {processor.py:840} INFO - DAG(s) 'example_task_group_decorator' retrieved from /home/airflow/.local/lib/python3.8/site-packages/airflow/example_dags/example_task_group_decorator.py
[2026-07-13T12:07:41.315+0000] {logging_mixin.py:188} INFO - [2026-07-13T12:07:41.314+0000] {dag.py:3036} INFO - Sync 1 DAGs
[2026-07-13T12:07:41.330+0000] {logging_mixin.py:188} INFO - [2026-07-13T12:07:41.330+0000] {dag.py:3823} INFO - Setting next_dagrun for example_task_group_decorator to 2026-07-12 00:00:00+00:00, run_after=2026-07-13 00:00:00+00:00
[2026-07-13T12:07:41.344+0000] {processor.py:183} INFO - Processing /home/airflow/.local/lib/python3.8/site-packages/airflow/example_dags/example_task_group_decorator.py took 0.064 seconds
[2026-07-13T12:08:11.524+0000] {processor.py:161} INFO - Started process (PID=5548) to work on /home/airflow/.local/lib/python3.8/site-packages/airflow/example_dags/example_task_group_decorator.py
[2026-07-13T12:08:11.525+0000] {processor.py:830} INFO - Processing file /home/airflow/.local/lib/python3.8/site-packages/airflow/example_dags/example_task_group_decorator.py for tasks to queue
[2026-07-13T12:08:11.526+0000] {logging_mixin.py:188} INFO - [2026-07-13T12:08:11.526+0000] {dagbag.py:538} INFO - Filling up the DagBag from /home/airflow/.local/lib/python3.8/site-packages/airflow/example_dags/example_task_group_decorator.py
[2026-07-13T12:08:11.536+0000] {processor.py:840} INFO - DAG(s) 'example_task_group_decorator' retrieved from /home/airflow/.local/lib/python3.8/site-packages/airflow/example_dags/example_task_group_decorator.py
[2026-07-13T12:08:11.555+0000] {logging_mixin.py:188} INFO - [2026-07-13T12:08:11.555+0000] {dag.py:3036} INFO - Sync 1 DAGs
[2026-07-13T12:08:11.571+0000] {logging_mixin.py:188} INFO - [2026-07-13T12:08:11.571+0000] {dag.py:3823} INFO - Setting next_dagrun for example_task_group_decorator to 2026-07-12 00:00:00+00:00, run_after=2026-07-13 00:00:00+00:00
[2026-07-13T12:08:11.585+0000] {processor.py:183} INFO - Processing /home/airflow/.local/lib/python3.8/site-packages/airflow/example_dags/example_task_group_decorator.py took 0.064 seconds
[2026-07-13T12:08:41.718+0000] {processor.py:161} INFO - Started process (PID=5604) to work on /home/airflow/.local/lib/python3.8/site-packages/airflow/example_dags/example_task_group_decorator.py
[2026-07-13T12:08:41.719+0000] {processor.py:830} INFO - Processing file /home/airflow/.local/lib/python3.8/site-packages/airflow/example_dags/example_task_group_decorator.py for tasks to queue
[2026-07-13T12:08:41.720+0000] {logging_mixin.py:188} INFO - [2026-07-13T12:08:41.720+0000] {dagbag.py:538} INFO - Filling up the DagBag from /home/airflow/.local/lib/python3.8/site-packages/airflow/example_dags/example_task_group_decorator.py
[2026-07-13T12:08:41.731+0000] {processor.py:840} INFO - DAG(s) 'example_task_group_decorator' retrieved from /home/airflow/.local/lib/python3.8/site-packages/airflow/example_dags/example_task_group_decorator.py
[2026-07-13T12:08:41.749+0000] {logging_mixin.py:188} INFO - [2026-07-13T12:08:41.748+0000] {dag.py:3036} INFO - Sync 1 DAGs
[2026-07-13T12:08:41.764+0000] {logging_mixin.py:188} INFO - [2026-07-13T12:08:41.764+0000] {dag.py:3823} INFO - Setting next_dagrun for example_task_group_decorator to 2026-07-12 00:00:00+00:00, run_after=2026-07-13 00:00:00+00:00
[2026-07-13T12:08:41.778+0000] {processor.py:183} INFO - Processing /home/airflow/.local/lib/python3.8/site-packages/airflow/example_dags/example_task_group_decorator.py took 0.063 seconds
[2026-07-13T12:09:12.489+0000] {processor.py:161} INFO - Started process (PID=5660) to work on /home/airflow/.local/lib/python3.8/site-packages/airflow/example_dags/example_task_group_decorator.py
[2026-07-13T12:09:12.490+0000] {processor.py:830} INFO - Processing file /home/airflow/.local/lib/python3.8/site-packages/airflow/example_dags/example_task_group_decorator.py for tasks to queue
[2026-07-13T12:09:12.492+0000] {logging_mixin.py:188} INFO - [2026-07-13T12:09:12.492+0000] {dagbag.py:538} INFO - Filling up the DagBag from /home/airflow/.local/lib/python3.8/site-packages/airflow/example_dags/example_task_group_decorator.py
[2026-07-13T12:09:12.502+0000] {processor.py:840} INFO - DAG(s) 'example_task_group_decorator' retrieved from /home/airflow/.local/lib/python3.8/site-packages/airflow/example_dags/example_task_group_decorator.py
[2026-07-13T12:09:12.519+0000] {logging_mixin.py:188} INFO - [2026-07-13T12:09:12.519+0000] {dag.py:3036} INFO - Sync 1 DAGs
[2026-07-13T12:09:12.535+0000] {logging_mixin.py:188} INFO - [2026-07-13T12:09:12.535+0000] {dag.py:3823} INFO - Setting next_dagrun for example_task_group_decorator to 2026-07-12 00:00:00+00:00, run_after=2026-07-13 00:00:00+00:00
[2026-07-13T12:09:12.549+0000] {processor.py:183} INFO - Processing /home/airflow/.local/lib/python3.8/site-packages/airflow/example_dags/example_task_group_decorator.py took 0.063 seconds
[2026-07-13T12:09:42.712+0000] {processor.py:161} INFO - Started process (PID=5716) to work on /home/airflow/.local/lib/python3.8/site-packages/airflow/example_dags/example_task_group_decorator.py
[2026-07-13T12:09:42.714+0000] {processor.py:830} INFO - Processing file /home/airflow/.local/lib/python3.8/site-packages/airflow/example_dags/example_task_group_decorator.py for tasks to queue
[2026-07-13T12:09:42.715+0000] {logging_mixin.py:188} INFO - [2026-07-13T12:09:42.715+0000] {dagbag.py:538} INFO - Filling up the DagBag from /home/airflow/.local/lib/python3.8/site-packages/airflow/example_dags/example_task_group_decorator.py
[2026-07-13T12:09:42.728+0000] {processor.py:840} INFO - DAG(s) 'example_task_group_decorator' retrieved from /home/airflow/.local/lib/python3.8/site-packages/airflow/example_dags/example_task_group_decorator.py
[2026-07-13T12:09:42.750+0000] {logging_mixin.py:188} INFO - [2026-07-13T12:09:42.750+0000] {dag.py:3036} INFO - Sync 1 DAGs
[2026-07-13T12:09:42.771+0000] {logging_mixin.py:188} INFO - [2026-07-13T12:09:42.771+0000] {dag.py:3823} INFO - Setting next_dagrun for example_task_group_decorator to 2026-07-12 00:00:00+00:00, run_after=2026-07-13 00:00:00+00:00
[2026-07-13T12:09:42.791+0000] {processor.py:183} INFO - Processing /home/airflow/.local/lib/python3.8/site-packages/airflow/example_dags/example_task_group_decorator.py took 0.082 seconds
[2026-07-13T12:10:12.984+0000] {processor.py:161} INFO - Started process (PID=5772) to work on /home/airflow/.local/lib/python3.8/site-packages/airflow/example_dags/example_task_group_decorator.py
[2026-07-13T12:10:12.985+0000] {processor.py:830} INFO - Processing file /home/airflow/.local/lib/python3.8/site-packages/airflow/example_dags/example_task_group_decorator.py for tasks to queue
[2026-07-13T12:10:12.987+0000] {logging_mixin.py:188} INFO - [2026-07-13T12:10:12.986+0000] {dagbag.py:538} INFO - Filling up the DagBag from /home/airflow/.local/lib/python3.8/site-packages/airflow/example_dags/example_task_group_decorator.py
[2026-07-13T12:10:12.997+0000] {processor.py:840} INFO - DAG(s) 'example_task_group_decorator' retrieved from /home/airflow/.local/lib/python3.8/site-packages/airflow/example_dags/example_task_group_decorator.py
[2026-07-13T12:10:13.016+0000] {logging_mixin.py:188} INFO - [2026-07-13T12:10:13.016+0000] {dag.py:3036} INFO - Sync 1 DAGs
[2026-07-13T12:10:13.033+0000] {logging_mixin.py:188} INFO - [2026-07-13T12:10:13.033+0000] {dag.py:3823} INFO - Setting next_dagrun for example_task_group_decorator to 2026-07-12 00:00:00+00:00, run_after=2026-07-13 00:00:00+00:00
[2026-07-13T12:10:13.049+0000] {processor.py:183} INFO - Processing /home/airflow/.local/lib/python3.8/site-packages/airflow/example_dags/example_task_group_decorator.py took 0.068 seconds
[2026-07-13T12:10:43.154+0000] {processor.py:161} INFO - Started process (PID=5828) to work on /home/airflow/.local/lib/python3.8/site-packages/airflow/example_dags/example_task_group_decorator.py
[2026-07-13T12:10:43.156+0000] {processor.py:830} INFO - Processing file /home/airflow/.local/lib/python3.8/site-packages/airflow/example_dags/example_task_group_decorator.py for tasks to queue
[2026-07-13T12:10:43.158+0000] {logging_mixin.py:188} INFO - [2026-07-13T12:10:43.157+0000] {dagbag.py:538} INFO - Filling up the DagBag from /home/airflow/.local/lib/python3.8/site-packages/airflow/example_dags/example_task_group_decorator.py
[2026-07-13T12:10:43.168+0000] {processor.py:840} INFO - DAG(s) 'example_task_group_decorator' retrieved from /home/airflow/.local/lib/python3.8/site-packages/airflow/example_dags/example_task_group_decorator.py
[2026-07-13T12:10:43.187+0000] {logging_mixin.py:188} INFO - [2026-07-13T12:10:43.186+0000] {dag.py:3036} INFO - Sync 1 DAGs
[2026-07-13T12:10:43.203+0000] {logging_mixin.py:188} INFO - [2026-07-13T12:10:43.203+0000] {dag.py:3823} INFO - Setting next_dagrun for example_task_group_decorator to 2026-07-12 00:00:00+00:00, run_after=2026-07-13 00:00:00+00:00
[2026-07-13T12:10:43.220+0000] {processor.py:183} INFO - Processing /home/airflow/.local/lib/python3.8/site-packages/airflow/example_dags/example_task_group_decorator.py took 0.068 seconds
[2026-07-13T12:11:13.352+0000] {processor.py:161} INFO - Started process (PID=5884) to work on /home/airflow/.local/lib/python3.8/site-packages/airflow/example_dags/example_task_group_decorator.py
[2026-07-13T12:11:13.353+0000] {processor.py:830} INFO - Processing file /home/airflow/.local/lib/python3.8/site-packages/airflow/example_dags/example_task_group_decorator.py for tasks to queue
[2026-07-13T12:11:13.354+0000] {logging_mixin.py:188} INFO - [2026-07-13T12:11:13.354+0000] {dagbag.py:538} INFO - Filling up the DagBag from /home/airflow/.local/lib/python3.8/site-packages/airflow/example_dags/example_task_group_decorator.py
[2026-07-13T12:11:13.365+0000] {processor.py:840} INFO - DAG(s) 'example_task_group_decorator' retrieved from /home/airflow/.local/lib/python3.8/site-packages/airflow/example_dags/example_task_group_decorator.py
[2026-07-13T12:11:13.382+0000] {logging_mixin.py:188} INFO - [2026-07-13T12:11:13.382+0000] {dag.py:3036} INFO - Sync 1 DAGs
[2026-07-13T12:11:13.398+0000] {logging_mixin.py:188} INFO - [2026-07-13T12:11:13.398+0000] {dag.py:3823} INFO - Setting next_dagrun for example_task_group_decorator to 2026-07-12 00:00:00+00:00, run_after=2026-07-13 00:00:00+00:00
[2026-07-13T12:11:13.411+0000] {processor.py:183} INFO - Processing /home/airflow/.local/lib/python3.8/site-packages/airflow/example_dags/example_task_group_decorator.py took 0.062 seconds
[2026-07-13T12:11:43.519+0000] {processor.py:161} INFO - Started process (PID=5940) to work on /home/airflow/.local/lib/python3.8/site-packages/airflow/example_dags/example_task_group_decorator.py
[2026-07-13T12:11:43.520+0000] {processor.py:830} INFO - Processing file /home/airflow/.local/lib/python3.8/site-packages/airflow/example_dags/example_task_group_decorator.py for tasks to queue
[2026-07-13T12:11:43.521+0000] {logging_mixin.py:188} INFO - [2026-07-13T12:11:43.521+0000] {dagbag.py:538} INFO - Filling up the DagBag from /home/airflow/.local/lib/python3.8/site-packages/airflow/example_dags/example_task_group_decorator.py
[2026-07-13T12:11:43.532+0000] {processor.py:840} INFO - DAG(s) 'example_task_group_decorator' retrieved from /home/airflow/.local/lib/python3.8/site-packages/airflow/example_dags/example_task_group_decorator.py
[2026-07-13T12:11:43.550+0000] {logging_mixin.py:188} INFO - [2026-07-13T12:11:43.550+0000] {dag.py:3036} INFO - Sync 1 DAGs
[2026-07-13T12:11:43.568+0000] {logging_mixin.py:188} INFO - [2026-07-13T12:11:43.568+0000] {dag.py:3823} INFO - Setting next_dagrun for example_task_group_decorator to 2026-07-12 00:00:00+00:00, run_after=2026-07-13 00:00:00+00:00
[2026-07-13T12:11:43.583+0000] {processor.py:183} INFO - Processing /home/airflow/.local/lib/python3.8/site-packages/airflow/example_dags/example_task_group_decorator.py took 0.067 seconds
[2026-07-13T12:12:13.677+0000] {processor.py:161} INFO - Started process (PID=5995) to work on /home/airflow/.local/lib/python3.8/site-packages/airflow/example_dags/example_task_group_decorator.py
[2026-07-13T12:12:13.679+0000] {processor.py:830} INFO - Processing file /home/airflow/.local/lib/python3.8/site-packages/airflow/example_dags/example_task_group_decorator.py for tasks to queue
[2026-07-13T12:12:13.680+0000] {logging_mixin.py:188} INFO - [2026-07-13T12:12:13.680+0000] {dagbag.py:538} INFO - Filling up the DagBag from /home/airflow/.local/lib/python3.8/site-packages/airflow/example_dags/example_task_group_decorator.py
[2026-07-13T12:12:13.690+0000] {processor.py:840} INFO - DAG(s) 'example_task_group_decorator' retrieved from /home/airflow/.local/lib/python3.8/site-packages/airflow/example_dags/example_task_group_decorator.py
[2026-07-13T12:12:13.708+0000] {logging_mixin.py:188} INFO - [2026-07-13T12:12:13.707+0000] {dag.py:3036} INFO - Sync 1 DAGs
[2026-07-13T12:12:13.724+0000] {logging_mixin.py:188} INFO - [2026-07-13T12:12:13.724+0000] {dag.py:3823} INFO - Setting next_dagrun for example_task_group_decorator to 2026-07-12 00:00:00+00:00, run_after=2026-07-13 00:00:00+00:00
[2026-07-13T12:12:13.738+0000] {processor.py:183} INFO - Processing /home/airflow/.local/lib/python3.8/site-packages/airflow/example_dags/example_task_group_decorator.py took 0.063 seconds
[2026-07-13T12:12:43.869+0000] {processor.py:161} INFO - Started process (PID=6051) to work on /home/airflow/.local/lib/python3.8/site-packages/airflow/example_dags/example_task_group_decorator.py
[2026-07-13T12:12:43.870+0000] {processor.py:830} INFO - Processing file /home/airflow/.local/lib/python3.8/site-packages/airflow/example_dags/example_task_group_decorator.py for tasks to queue
[2026-07-13T12:12:43.871+0000] {logging_mixin.py:188} INFO - [2026-07-13T12:12:43.871+0000] {dagbag.py:538} INFO - Filling up the DagBag from /home/airflow/.local/lib/python3.8/site-packages/airflow/example_dags/example_task_group_decorator.py
[2026-07-13T12:12:43.882+0000] {processor.py:840} INFO - DAG(s) 'example_task_group_decorator' retrieved from /home/airflow/.local/lib/python3.8/site-packages/airflow/example_dags/example_task_group_decorator.py
[2026-07-13T12:12:43.900+0000] {logging_mixin.py:188} INFO - [2026-07-13T12:12:43.900+0000] {dag.py:3036} INFO - Sync 1 DAGs
[2026-07-13T12:12:43.916+0000] {logging_mixin.py:188} INFO - [2026-07-13T12:12:43.916+0000] {dag.py:3823} INFO - Setting next_dagrun for example_task_group_decorator to 2026-07-12 00:00:00+00:00, run_after=2026-07-13 00:00:00+00:00
[2026-07-13T12:12:43.930+0000] {processor.py:183} INFO - Processing /home/airflow/.local/lib/python3.8/site-packages/airflow/example_dags/example_task_group_decorator.py took 0.064 seconds
[2026-07-13T12:13:14.030+0000] {processor.py:161} INFO - Started process (PID=6107) to work on /home/airflow/.local/lib/python3.8/site-packages/airflow/example_dags/example_task_group_decorator.py
[2026-07-13T12:13:14.031+0000] {processor.py:830} INFO - Processing file /home/airflow/.local/lib/python3.8/site-packages/airflow/example_dags/example_task_group_decorator.py for tasks to queue
[2026-07-13T12:13:14.033+0000] {logging_mixin.py:188} INFO - [2026-07-13T12:13:14.033+0000] {dagbag.py:538} INFO - Filling up the DagBag from /home/airflow/.local/lib/python3.8/site-packages/airflow/example_dags/example_task_group_decorator.py
[2026-07-13T12:13:14.043+0000] {processor.py:840} INFO - DAG(s) 'example_task_group_decorator' retrieved from /home/airflow/.local/lib/python3.8/site-packages/airflow/example_dags/example_task_group_decorator.py
[2026-07-13T12:13:14.061+0000] {logging_mixin.py:188} INFO - [2026-07-13T12:13:14.061+0000] {dag.py:3036} INFO - Sync 1 DAGs
[2026-07-13T12:13:14.077+0000] {logging_mixin.py:188} INFO - [2026-07-13T12:13:14.077+0000] {dag.py:3823} INFO - Setting next_dagrun for example_task_group_decorator to 2026-07-12 00:00:00+00:00, run_after=2026-07-13 00:00:00+00:00
[2026-07-13T12:13:14.091+0000] {processor.py:183} INFO - Processing /home/airflow/.local/lib/python3.8/site-packages/airflow/example_dags/example_task_group_decorator.py took 0.064 seconds
[2026-07-13T12:13:44.179+0000] {processor.py:161} INFO - Started process (PID=6163) to work on /home/airflow/.local/lib/python3.8/site-packages/airflow/example_dags/example_task_group_decorator.py
[2026-07-13T12:13:44.180+0000] {processor.py:830} INFO - Processing file /home/airflow/.local/lib/python3.8/site-packages/airflow/example_dags/example_task_group_decorator.py for tasks to queue
[2026-07-13T12:13:44.181+0000] {logging_mixin.py:188} INFO - [2026-07-13T12:13:44.181+0000] {dagbag.py:538} INFO - Filling up the DagBag from /home/airflow/.local/lib/python3.8/site-packages/airflow/example_dags/example_task_group_decorator.py
[2026-07-13T12:13:44.191+0000] {processor.py:840} INFO - DAG(s) 'example_task_group_decorator' retrieved from /home/airflow/.local/lib/python3.8/site-packages/airflow/example_dags/example_task_group_decorator.py
[2026-07-13T12:13:44.210+0000] {logging_mixin.py:188} INFO - [2026-07-13T12:13:44.210+0000] {dag.py:3036} INFO - Sync 1 DAGs
[2026-07-13T12:13:44.226+0000] {logging_mixin.py:188} INFO - [2026-07-13T12:13:44.226+0000] {dag.py:3823} INFO - Setting next_dagrun for example_task_group_decorator to 2026-07-12 00:00:00+00:00, run_after=2026-07-13 00:00:00+00:00
[2026-07-13T12:13:44.239+0000] {processor.py:183} INFO - Processing /home/airflow/.local/lib/python3.8/site-packages/airflow/example_dags/example_task_group_decorator.py took 0.064 seconds
[2026-07-13T12:14:14.463+0000] {processor.py:161} INFO - Started process (PID=6218) to work on /home/airflow/.local/lib/python3.8/site-packages/airflow/example_dags/example_task_group_decorator.py
[2026-07-13T12:14:14.465+0000] {processor.py:830} INFO - Processing file /home/airflow/.local/lib/python3.8/site-packages/airflow/example_dags/example_task_group_decorator.py for tasks to queue
[2026-07-13T12:14:14.466+0000] {logging_mixin.py:188} INFO - [2026-07-13T12:14:14.466+0000] {dagbag.py:538} INFO - Filling up the DagBag from /home/airflow/.local/lib/python3.8/site-packages/airflow/example_dags/example_task_group_decorator.py
[2026-07-13T12:14:14.477+0000] {processor.py:840} INFO - DAG(s) 'example_task_group_decorator' retrieved from /home/airflow/.local/lib/python3.8/site-packages/airflow/example_dags/example_task_group_decorator.py
[2026-07-13T12:14:14.496+0000] {logging_mixin.py:188} INFO - [2026-07-13T12:14:14.496+0000] {dag.py:3036} INFO - Sync 1 DAGs
[2026-07-13T12:14:14.515+0000] {logging_mixin.py:188} INFO - [2026-07-13T12:14:14.514+0000] {dag.py:3823} INFO - Setting next_dagrun for example_task_group_decorator to 2026-07-12 00:00:00+00:00, run_after=2026-07-13 00:00:00+00:00
[2026-07-13T12:14:14.531+0000] {processor.py:183} INFO - Processing /home/airflow/.local/lib/python3.8/site-packages/airflow/example_dags/example_task_group_decorator.py took 0.070 seconds
[2026-07-13T12:14:44.743+0000] {processor.py:161} INFO - Started process (PID=6274) to work on /home/airflow/.local/lib/python3.8/site-packages/airflow/example_dags/example_task_group_decorator.py
[2026-07-13T12:14:44.745+0000] {processor.py:830} INFO - Processing file /home/airflow/.local/lib/python3.8/site-packages/airflow/example_dags/example_task_group_decorator.py for tasks to queue
[2026-07-13T12:14:44.746+0000] {logging_mixin.py:188} INFO - [2026-07-13T12:14:44.746+0000] {dagbag.py:538} INFO - Filling up the DagBag from /home/airflow/.local/lib/python3.8/site-packages/airflow/example_dags/example_task_group_decorator.py
[2026-07-13T12:14:44.756+0000] {processor.py:840} INFO - DAG(s) 'example_task_group_decorator' retrieved from /home/airflow/.local/lib/python3.8/site-packages/airflow/example_dags/example_task_group_decorator.py
[2026-07-13T12:14:44.774+0000] {logging_mixin.py:188} INFO - [2026-07-13T12:14:44.773+0000] {dag.py:3036} INFO - Sync 1 DAGs
[2026-07-13T12:14:44.789+0000] {logging_mixin.py:188} INFO - [2026-07-13T12:14:44.789+0000] {dag.py:3823} INFO - Setting next_dagrun for example_task_group_decorator to 2026-07-12 00:00:00+00:00, run_after=2026-07-13 00:00:00+00:00
[2026-07-13T12:14:44.803+0000] {processor.py:183} INFO - Processing /home/airflow/.local/lib/python3.8/site-packages/airflow/example_dags/example_task_group_decorator.py took 0.063 seconds
[2026-07-13T12:15:14.991+0000] {processor.py:161} INFO - Started process (PID=6330) to work on /home/airflow/.local/lib/python3.8/site-packages/airflow/example_dags/example_task_group_decorator.py
[2026-07-13T12:15:14.992+0000] {processor.py:830} INFO - Processing file /home/airflow/.local/lib/python3.8/site-packages/airflow/example_dags/example_task_group_decorator.py for tasks to queue
[2026-07-13T12:15:14.994+0000] {logging_mixin.py:188} INFO - [2026-07-13T12:15:14.994+0000] {dagbag.py:538} INFO - Filling up the DagBag from /home/airflow/.local/lib/python3.8/site-packages/airflow/example_dags/example_task_group_decorator.py
[2026-07-13T12:15:15.007+0000] {processor.py:840} INFO - DAG(s) 'example_task_group_decorator' retrieved from /home/airflow/.local/lib/python3.8/site-packages/airflow/example_dags/example_task_group_decorator.py
[2026-07-13T12:15:15.042+0000] {logging_mixin.py:188} INFO - [2026-07-13T12:15:15.042+0000] {dag.py:3036} INFO - Sync 1 DAGs
[2026-07-13T12:15:15.062+0000] {logging_mixin.py:188} INFO - [2026-07-13T12:15:15.062+0000] {dag.py:3823} INFO - Setting next_dagrun for example_task_group_decorator to 2026-07-12 00:00:00+00:00, run_after=2026-07-13 00:00:00+00:00
[2026-07-13T12:15:15.077+0000] {processor.py:183} INFO - Processing /home/airflow/.local/lib/python3.8/site-packages/airflow/example_dags/example_task_group_decorator.py took 0.089 seconds
[2026-07-13T12:15:45.281+0000] {processor.py:161} INFO - Started process (PID=6386) to work on /home/airflow/.local/lib/python3.8/site-packages/airflow/example_dags/example_task_group_decorator.py
[2026-07-13T12:15:45.282+0000] {processor.py:830} INFO - Processing file /home/airflow/.local/lib/python3.8/site-packages/airflow/example_dags/example_task_group_decorator.py for tasks to queue
[2026-07-13T12:15:45.283+0000] {logging_mixin.py:188} INFO - [2026-07-13T12:15:45.283+0000] {dagbag.py:538} INFO - Filling up the DagBag from /home/airflow/.local/lib/python3.8/site-packages/airflow/example_dags/example_task_group_decorator.py
[2026-07-13T12:15:45.295+0000] {processor.py:840} INFO - DAG(s) 'example_task_group_decorator' retrieved from /home/airflow/.local/lib/python3.8/site-packages/airflow/example_dags/example_task_group_decorator.py
[2026-07-13T12:15:45.315+0000] {logging_mixin.py:188} INFO - [2026-07-13T12:15:45.315+0000] {dag.py:3036} INFO - Sync 1 DAGs
[2026-07-13T12:15:45.330+0000] {logging_mixin.py:188} INFO - [2026-07-13T12:15:45.330+0000] {dag.py:3823} INFO - Setting next_dagrun for example_task_group_decorator to 2026-07-12 00:00:00+00:00, run_after=2026-07-13 00:00:00+00:00
[2026-07-13T12:15:45.348+0000] {processor.py:183} INFO - Processing /home/airflow/.local/lib/python3.8/site-packages/airflow/example_dags/example_task_group_decorator.py took 0.070 seconds
[2026-07-13T12:16:15.398+0000] {processor.py:161} INFO - Started process (PID=6442) to work on /home/airflow/.local/lib/python3.8/site-packages/airflow/example_dags/example_task_group_decorator.py
[2026-07-13T12:16:15.399+0000] {processor.py:830} INFO - Processing file /home/airflow/.local/lib/python3.8/site-packages/airflow/example_dags/example_task_group_decorator.py for tasks to queue
[2026-07-13T12:16:15.401+0000] {logging_mixin.py:188} INFO - [2026-07-13T12:16:15.401+0000] {dagbag.py:538} INFO - Filling up the DagBag from /home/airflow/.local/lib/python3.8/site-packages/airflow/example_dags/example_task_group_decorator.py
[2026-07-13T12:16:15.411+0000] {processor.py:840} INFO - DAG(s) 'example_task_group_decorator' retrieved from /home/airflow/.local/lib/python3.8/site-packages/airflow/example_dags/example_task_group_decorator.py
[2026-07-13T12:16:15.430+0000] {logging_mixin.py:188} INFO - [2026-07-13T12:16:15.430+0000] {dag.py:3036} INFO - Sync 1 DAGs
[2026-07-13T12:16:15.445+0000] {logging_mixin.py:188} INFO - [2026-07-13T12:16:15.445+0000] {dag.py:3823} INFO - Setting next_dagrun for example_task_group_decorator to 2026-07-12 00:00:00+00:00, run_after=2026-07-13 00:00:00+00:00
[2026-07-13T12:16:15.459+0000] {processor.py:183} INFO - Processing /home/airflow/.local/lib/python3.8/site-packages/airflow/example_dags/example_task_group_decorator.py took 0.063 seconds
[2026-07-13T12:16:45.558+0000] {processor.py:161} INFO - Started process (PID=6498) to work on /home/airflow/.local/lib/python3.8/site-packages/airflow/example_dags/example_task_group_decorator.py
[2026-07-13T12:16:45.559+0000] {processor.py:830} INFO - Processing file /home/airflow/.local/lib/python3.8/site-packages/airflow/example_dags/example_task_group_decorator.py for tasks to queue
[2026-07-13T12:16:45.560+0000] {logging_mixin.py:188} INFO - [2026-07-13T12:16:45.560+0000] {dagbag.py:538} INFO - Filling up the DagBag from /home/airflow/.local/lib/python3.8/site-packages/airflow/example_dags/example_task_group_decorator.py
[2026-07-13T12:16:45.579+0000] {processor.py:840} INFO - DAG(s) 'example_task_group_decorator' retrieved from /home/airflow/.local/lib/python3.8/site-packages/airflow/example_dags/example_task_group_decorator.py
[2026-07-13T12:16:45.606+0000] {logging_mixin.py:188} INFO - [2026-07-13T12:16:45.606+0000] {dag.py:3036} INFO - Sync 1 DAGs
[2026-07-13T12:16:45.622+0000] {logging_mixin.py:188} INFO - [2026-07-13T12:16:45.622+0000] {dag.py:3823} INFO - Setting next_dagrun for example_task_group_decorator to 2026-07-12 00:00:00+00:00, run_after=2026-07-13 00:00:00+00:00
[2026-07-13T12:16:45.637+0000] {processor.py:183} INFO - Processing /home/airflow/.local/lib/python3.8/site-packages/airflow/example_dags/example_task_group_decorator.py took 0.082 seconds
[2026-07-13T12:17:15.684+0000] {processor.py:161} INFO - Started process (PID=6553) to work on /home/airflow/.local/lib/python3.8/site-packages/airflow/example_dags/example_task_group_decorator.py
[2026-07-13T12:17:15.686+0000] {processor.py:830} INFO - Processing file /home/airflow/.local/lib/python3.8/site-packages/airflow/example_dags/example_task_group_decorator.py for tasks to queue
[2026-07-13T12:17:15.688+0000] {logging_mixin.py:188} INFO - [2026-07-13T12:17:15.687+0000] {dagbag.py:538} INFO - Filling up the DagBag from /home/airflow/.local/lib/python3.8/site-packages/airflow/example_dags/example_task_group_decorator.py
[2026-07-13T12:17:15.699+0000] {processor.py:840} INFO - DAG(s) 'example_task_group_decorator' retrieved from /home/airflow/.local/lib/python3.8/site-packages/airflow/example_dags/example_task_group_decorator.py
[2026-07-13T12:17:15.720+0000] {logging_mixin.py:188} INFO - [2026-07-13T12:17:15.720+0000] {dag.py:3036} INFO - Sync 1 DAGs
[2026-07-13T12:17:15.738+0000] {logging_mixin.py:188} INFO - [2026-07-13T12:17:15.738+0000] {dag.py:3823} INFO - Setting next_dagrun for example_task_group_decorator to 2026-07-12 00:00:00+00:00, run_after=2026-07-13 00:00:00+00:00
[2026-07-13T12:17:15.754+0000] {processor.py:183} INFO - Processing /home/airflow/.local/lib/python3.8/site-packages/airflow/example_dags/example_task_group_decorator.py took 0.074 seconds
[2026-07-13T12:17:45.886+0000] {processor.py:161} INFO - Started process (PID=6609) to work on /home/airflow/.local/lib/python3.8/site-packages/airflow/example_dags/example_task_group_decorator.py
[2026-07-13T12:17:45.887+0000] {processor.py:830} INFO - Processing file /home/airflow/.local/lib/python3.8/site-packages/airflow/example_dags/example_task_group_decorator.py for tasks to queue
[2026-07-13T12:17:45.888+0000] {logging_mixin.py:188} INFO - [2026-07-13T12:17:45.888+0000] {dagbag.py:538} INFO - Filling up the DagBag from /home/airflow/.local/lib/python3.8/site-packages/airflow/example_dags/example_task_group_decorator.py
[2026-07-13T12:17:45.898+0000] {processor.py:840} INFO - DAG(s) 'example_task_group_decorator' retrieved from /home/airflow/.local/lib/python3.8/site-packages/airflow/example_dags/example_task_group_decorator.py
[2026-07-13T12:17:45.916+0000] {logging_mixin.py:188} INFO - [2026-07-13T12:17:45.916+0000] {dag.py:3036} INFO - Sync 1 DAGs
[2026-07-13T12:17:45.932+0000] {logging_mixin.py:188} INFO - [2026-07-13T12:17:45.932+0000] {dag.py:3823} INFO - Setting next_dagrun for example_task_group_decorator to 2026-07-12 00:00:00+00:00, run_after=2026-07-13 00:00:00+00:00
[2026-07-13T12:17:45.947+0000] {processor.py:183} INFO - Processing /home/airflow/.local/lib/python3.8/site-packages/airflow/example_dags/example_task_group_decorator.py took 0.063 seconds
[2026-07-13T12:18:15.992+0000] {processor.py:161} INFO - Started process (PID=6666) to work on /home/airflow/.local/lib/python3.8/site-packages/airflow/example_dags/example_task_group_decorator.py
[2026-07-13T12:18:15.993+0000] {processor.py:830} INFO - Processing file /home/airflow/.local/lib/python3.8/site-packages/airflow/example_dags/example_task_group_decorator.py for tasks to queue
[2026-07-13T12:18:15.995+0000] {logging_mixin.py:188} INFO - [2026-07-13T12:18:15.994+0000] {dagbag.py:538} INFO - Filling up the DagBag from /home/airflow/.local/lib/python3.8/site-packages/airflow/example_dags/example_task_group_decorator.py
[2026-07-13T12:18:16.006+0000] {processor.py:840} INFO - DAG(s) 'example_task_group_decorator' retrieved from /home/airflow/.local/lib/python3.8/site-packages/airflow/example_dags/example_task_group_decorator.py
[2026-07-13T12:18:16.023+0000] {logging_mixin.py:188} INFO - [2026-07-13T12:18:16.023+0000] {dag.py:3036} INFO - Sync 1 DAGs
[2026-07-13T12:18:16.038+0000] {logging_mixin.py:188} INFO - [2026-07-13T12:18:16.038+0000] {dag.py:3823} INFO - Setting next_dagrun for example_task_group_decorator to 2026-07-12 00:00:00+00:00, run_after=2026-07-13 00:00:00+00:00
[2026-07-13T12:18:16.052+0000] {processor.py:183} INFO - Processing /home/airflow/.local/lib/python3.8/site-packages/airflow/example_dags/example_task_group_decorator.py took 0.063 seconds
[2026-07-13T12:18:46.246+0000] {processor.py:161} INFO - Started process (PID=6723) to work on /home/airflow/.local/lib/python3.8/site-packages/airflow/example_dags/example_task_group_decorator.py
[2026-07-13T12:18:46.247+0000] {processor.py:830} INFO - Processing file /home/airflow/.local/lib/python3.8/site-packages/airflow/example_dags/example_task_group_decorator.py for tasks to queue
[2026-07-13T12:18:46.248+0000] {logging_mixin.py:188} INFO - [2026-07-13T12:18:46.248+0000] {dagbag.py:538} INFO - Filling up the DagBag from /home/airflow/.local/lib/python3.8/site-packages/airflow/example_dags/example_task_group_decorator.py
[2026-07-13T12:18:46.258+0000] {processor.py:840} INFO - DAG(s) 'example_task_group_decorator' retrieved from /home/airflow/.local/lib/python3.8/site-packages/airflow/example_dags/example_task_group_decorator.py
[2026-07-13T12:18:46.274+0000] {logging_mixin.py:188} INFO - [2026-07-13T12:18:46.274+0000] {dag.py:3036} INFO - Sync 1 DAGs
[2026-07-13T12:18:46.290+0000] {logging_mixin.py:188} INFO - [2026-07-13T12:18:46.290+0000] {dag.py:3823} INFO - Setting next_dagrun for example_task_group_decorator to 2026-07-12 00:00:00+00:00, run_after=2026-07-13 00:00:00+00:00
[2026-07-13T12:18:46.305+0000] {processor.py:183} INFO - Processing /home/airflow/.local/lib/python3.8/site-packages/airflow/example_dags/example_task_group_decorator.py took 0.062 seconds
[2026-07-13T12:19:16.412+0000] {processor.py:161} INFO - Started process (PID=6779) to work on /home/airflow/.local/lib/python3.8/site-packages/airflow/example_dags/example_task_group_decorator.py
[2026-07-13T12:19:16.413+0000] {processor.py:830} INFO - Processing file /home/airflow/.local/lib/python3.8/site-packages/airflow/example_dags/example_task_group_decorator.py for tasks to queue
[2026-07-13T12:19:16.414+0000] {logging_mixin.py:188} INFO - [2026-07-13T12:19:16.414+0000] {dagbag.py:538} INFO - Filling up the DagBag from /home/airflow/.local/lib/python3.8/site-packages/airflow/example_dags/example_task_group_decorator.py
[2026-07-13T12:19:16.424+0000] {processor.py:840} INFO - DAG(s) 'example_task_group_decorator' retrieved from /home/airflow/.local/lib/python3.8/site-packages/airflow/example_dags/example_task_group_decorator.py
[2026-07-13T12:19:16.441+0000] {logging_mixin.py:188} INFO - [2026-07-13T12:19:16.441+0000] {dag.py:3036} INFO - Sync 1 DAGs
[2026-07-13T12:19:16.457+0000] {logging_mixin.py:188} INFO - [2026-07-13T12:19:16.457+0000] {dag.py:3823} INFO - Setting next_dagrun for example_task_group_decorator to 2026-07-12 00:00:00+00:00, run_after=2026-07-13 00:00:00+00:00
[2026-07-13T12:19:16.471+0000] {processor.py:183} INFO - Processing /home/airflow/.local/lib/python3.8/site-packages/airflow/example_dags/example_task_group_decorator.py took 0.062 seconds
[2026-07-13T12:19:46.625+0000] {processor.py:161} INFO - Started process (PID=6835) to work on /home/airflow/.local/lib/python3.8/site-packages/airflow/example_dags/example_task_group_decorator.py
[2026-07-13T12:19:46.625+0000] {processor.py:830} INFO - Processing file /home/airflow/.local/lib/python3.8/site-packages/airflow/example_dags/example_task_group_decorator.py for tasks to queue
[2026-07-13T12:19:46.627+0000] {logging_mixin.py:188} INFO - [2026-07-13T12:19:46.627+0000] {dagbag.py:538} INFO - Filling up the DagBag from /home/airflow/.local/lib/python3.8/site-packages/airflow/example_dags/example_task_group_decorator.py
[2026-07-13T12:19:46.638+0000] {processor.py:840} INFO - DAG(s) 'example_task_group_decorator' retrieved from /home/airflow/.local/lib/python3.8/site-packages/airflow/example_dags/example_task_group_decorator.py
[2026-07-13T12:19:46.656+0000] {logging_mixin.py:188} INFO - [2026-07-13T12:19:46.656+0000] {dag.py:3036} INFO - Sync 1 DAGs
[2026-07-13T12:19:46.672+0000] {logging_mixin.py:188} INFO - [2026-07-13T12:19:46.672+0000] {dag.py:3823} INFO - Setting next_dagrun for example_task_group_decorator to 2026-07-12 00:00:00+00:00, run_after=2026-07-13 00:00:00+00:00
[2026-07-13T12:19:46.688+0000] {processor.py:183} INFO - Processing /home/airflow/.local/lib/python3.8/site-packages/airflow/example_dags/example_task_group_decorator.py took 0.066 seconds
[2026-07-13T12:20:17.054+0000] {processor.py:161} INFO - Started process (PID=6892) to work on /home/airflow/.local/lib/python3.8/site-packages/airflow/example_dags/example_task_group_decorator.py
[2026-07-13T12:20:17.055+0000] {processor.py:830} INFO - Processing file /home/airflow/.local/lib/python3.8/site-packages/airflow/example_dags/example_task_group_decorator.py for tasks to queue
[2026-07-13T12:20:17.056+0000] {logging_mixin.py:188} INFO - [2026-07-13T12:20:17.056+0000] {dagbag.py:538} INFO - Filling up the DagBag from /home/airflow/.local/lib/python3.8/site-packages/airflow/example_dags/example_task_group_decorator.py
[2026-07-13T12:20:17.066+0000] {processor.py:840} INFO - DAG(s) 'example_task_group_decorator' retrieved from /home/airflow/.local/lib/python3.8/site-packages/airflow/example_dags/example_task_group_decorator.py
[2026-07-13T12:20:17.084+0000] {logging_mixin.py:188} INFO - [2026-07-13T12:20:17.084+0000] {dag.py:3036} INFO - Sync 1 DAGs
[2026-07-13T12:20:17.101+0000] {logging_mixin.py:188} INFO - [2026-07-13T12:20:17.101+0000] {dag.py:3823} INFO - Setting next_dagrun for example_task_group_decorator to 2026-07-12 00:00:00+00:00, run_after=2026-07-13 00:00:00+00:00
[2026-07-13T12:20:17.119+0000] {processor.py:183} INFO - Processing /home/airflow/.local/lib/python3.8/site-packages/airflow/example_dags/example_task_group_decorator.py took 0.068 seconds
[2026-07-13T12:20:47.180+0000] {processor.py:161} INFO - Started process (PID=6948) to work on /home/airflow/.local/lib/python3.8/site-packages/airflow/example_dags/example_task_group_decorator.py
[2026-07-13T12:20:47.181+0000] {processor.py:830} INFO - Processing file /home/airflow/.local/lib/python3.8/site-packages/airflow/example_dags/example_task_group_decorator.py for tasks to queue
[2026-07-13T12:20:47.182+0000] {logging_mixin.py:188} INFO - [2026-07-13T12:20:47.182+0000] {dagbag.py:538} INFO - Filling up the DagBag from /home/airflow/.local/lib/python3.8/site-packages/airflow/example_dags/example_task_group_decorator.py
[2026-07-13T12:20:47.193+0000] {processor.py:840} INFO - DAG(s) 'example_task_group_decorator' retrieved from /home/airflow/.local/lib/python3.8/site-packages/airflow/example_dags/example_task_group_decorator.py
[2026-07-13T12:20:47.211+0000] {logging_mixin.py:188} INFO - [2026-07-13T12:20:47.211+0000] {dag.py:3036} INFO - Sync 1 DAGs
[2026-07-13T12:20:47.227+0000] {logging_mixin.py:188} INFO - [2026-07-13T12:20:47.227+0000] {dag.py:3823} INFO - Setting next_dagrun for example_task_group_decorator to 2026-07-12 00:00:00+00:00, run_after=2026-07-13 00:00:00+00:00
[2026-07-13T12:20:47.242+0000] {processor.py:183} INFO - Processing /home/airflow/.local/lib/python3.8/site-packages/airflow/example_dags/example_task_group_decorator.py took 0.064 seconds
[2026-07-13T12:21:17.290+0000] {processor.py:161} INFO - Started process (PID=7003) to work on /home/airflow/.local/lib/python3.8/site-packages/airflow/example_dags/example_task_group_decorator.py
[2026-07-13T12:21:17.291+0000] {processor.py:830} INFO - Processing file /home/airflow/.local/lib/python3.8/site-packages/airflow/example_dags/example_task_group_decorator.py for tasks to queue
[2026-07-13T12:21:17.293+0000] {logging_mixin.py:188} INFO - [2026-07-13T12:21:17.292+0000] {dagbag.py:538} INFO - Filling up the DagBag from /home/airflow/.local/lib/python3.8/site-packages/airflow/example_dags/example_task_group_decorator.py
[2026-07-13T12:21:17.303+0000] {processor.py:840} INFO - DAG(s) 'example_task_group_decorator' retrieved from /home/airflow/.local/lib/python3.8/site-packages/airflow/example_dags/example_task_group_decorator.py
[2026-07-13T12:21:17.323+0000] {logging_mixin.py:188} INFO - [2026-07-13T12:21:17.323+0000] {dag.py:3036} INFO - Sync 1 DAGs
[2026-07-13T12:21:17.339+0000] {logging_mixin.py:188} INFO - [2026-07-13T12:21:17.339+0000] {dag.py:3823} INFO - Setting next_dagrun for example_task_group_decorator to 2026-07-12 00:00:00+00:00, run_after=2026-07-13 00:00:00+00:00
[2026-07-13T12:21:17.354+0000] {processor.py:183} INFO - Processing /home/airflow/.local/lib/python3.8/site-packages/airflow/example_dags/example_task_group_decorator.py took 0.067 seconds
[2026-07-13T12:21:47.412+0000] {processor.py:161} INFO - Started process (PID=7059) to work on /home/airflow/.local/lib/python3.8/site-packages/airflow/example_dags/example_task_group_decorator.py
[2026-07-13T12:21:47.413+0000] {processor.py:830} INFO - Processing file /home/airflow/.local/lib/python3.8/site-packages/airflow/example_dags/example_task_group_decorator.py for tasks to queue
[2026-07-13T12:21:47.414+0000] {logging_mixin.py:188} INFO - [2026-07-13T12:21:47.414+0000] {dagbag.py:538} INFO - Filling up the DagBag from /home/airflow/.local/lib/python3.8/site-packages/airflow/example_dags/example_task_group_decorator.py
[2026-07-13T12:21:47.424+0000] {processor.py:840} INFO - DAG(s) 'example_task_group_decorator' retrieved from /home/airflow/.local/lib/python3.8/site-packages/airflow/example_dags/example_task_group_decorator.py
[2026-07-13T12:21:47.443+0000] {logging_mixin.py:188} INFO - [2026-07-13T12:21:47.443+0000] {dag.py:3036} INFO - Sync 1 DAGs
[2026-07-13T12:21:47.459+0000] {logging_mixin.py:188} INFO - [2026-07-13T12:21:47.459+0000] {dag.py:3823} INFO - Setting next_dagrun for example_task_group_decorator to 2026-07-12 00:00:00+00:00, run_after=2026-07-13 00:00:00+00:00
[2026-07-13T12:21:47.477+0000] {processor.py:183} INFO - Processing /home/airflow/.local/lib/python3.8/site-packages/airflow/example_dags/example_task_group_decorator.py took 0.068 seconds
[2026-07-13T12:22:17.590+0000] {processor.py:161} INFO - Started process (PID=7115) to work on /home/airflow/.local/lib/python3.8/site-packages/airflow/example_dags/example_task_group_decorator.py
[2026-07-13T12:22:17.591+0000] {processor.py:830} INFO - Processing file /home/airflow/.local/lib/python3.8/site-packages/airflow/example_dags/example_task_group_decorator.py for tasks to queue
[2026-07-13T12:22:17.592+0000] {logging_mixin.py:188} INFO - [2026-07-13T12:22:17.592+0000] {dagbag.py:538} INFO - Filling up the DagBag from /home/airflow/.local/lib/python3.8/site-packages/airflow/example_dags/example_task_group_decorator.py
[2026-07-13T12:22:17.603+0000] {processor.py:840} INFO - DAG(s) 'example_task_group_decorator' retrieved from /home/airflow/.local/lib/python3.8/site-packages/airflow/example_dags/example_task_group_decorator.py
[2026-07-13T12:22:17.620+0000] {logging_mixin.py:188} INFO - [2026-07-13T12:22:17.620+0000] {dag.py:3036} INFO - Sync 1 DAGs
[2026-07-13T12:22:17.638+0000] {logging_mixin.py:188} INFO - [2026-07-13T12:22:17.638+0000] {dag.py:3823} INFO - Setting next_dagrun for example_task_group_decorator to 2026-07-12 00:00:00+00:00, run_after=2026-07-13 00:00:00+00:00
[2026-07-13T12:22:17.655+0000] {processor.py:183} INFO - Processing /home/airflow/.local/lib/python3.8/site-packages/airflow/example_dags/example_task_group_decorator.py took 0.068 seconds
[2026-07-13T12:22:47.732+0000] {processor.py:161} INFO - Started process (PID=7171) to work on /home/airflow/.local/lib/python3.8/site-packages/airflow/example_dags/example_task_group_decorator.py
[2026-07-13T12:22:47.733+0000] {processor.py:830} INFO - Processing file /home/airflow/.local/lib/python3.8/site-packages/airflow/example_dags/example_task_group_decorator.py for tasks to queue
[2026-07-13T12:22:47.735+0000] {logging_mixin.py:188} INFO - [2026-07-13T12:22:47.735+0000] {dagbag.py:538} INFO - Filling up the DagBag from /home/airflow/.local/lib/python3.8/site-packages/airflow/example_dags/example_task_group_decorator.py
[2026-07-13T12:22:47.744+0000] {processor.py:840} INFO - DAG(s) 'example_task_group_decorator' retrieved from /home/airflow/.local/lib/python3.8/site-packages/airflow/example_dags/example_task_group_decorator.py
[2026-07-13T12:22:47.763+0000] {logging_mixin.py:188} INFO - [2026-07-13T12:22:47.763+0000] {dag.py:3036} INFO - Sync 1 DAGs
[2026-07-13T12:22:47.779+0000] {logging_mixin.py:188} INFO - [2026-07-13T12:22:47.779+0000] {dag.py:3823} INFO - Setting next_dagrun for example_task_group_decorator to 2026-07-12 00:00:00+00:00, run_after=2026-07-13 00:00:00+00:00
[2026-07-13T12:22:47.792+0000] {processor.py:183} INFO - Processing /home/airflow/.local/lib/python3.8/site-packages/airflow/example_dags/example_task_group_decorator.py took 0.062 seconds
[2026-07-13T12:23:18.034+0000] {processor.py:161} INFO - Started process (PID=7227) to work on /home/airflow/.local/lib/python3.8/site-packages/airflow/example_dags/example_task_group_decorator.py
[2026-07-13T12:23:18.035+0000] {processor.py:830} INFO - Processing file /home/airflow/.local/lib/python3.8/site-packages/airflow/example_dags/example_task_group_decorator.py for tasks to queue
[2026-07-13T12:23:18.036+0000] {logging_mixin.py:188} INFO - [2026-07-13T12:23:18.036+0000] {dagbag.py:538} INFO - Filling up the DagBag from /home/airflow/.local/lib/python3.8/site-packages/airflow/example_dags/example_task_group_decorator.py
[2026-07-13T12:23:18.046+0000] {processor.py:840} INFO - DAG(s) 'example_task_group_decorator' retrieved from /home/airflow/.local/lib/python3.8/site-packages/airflow/example_dags/example_task_group_decorator.py
[2026-07-13T12:23:18.064+0000] {logging_mixin.py:188} INFO - [2026-07-13T12:23:18.064+0000] {dag.py:3036} INFO - Sync 1 DAGs
[2026-07-13T12:23:18.080+0000] {logging_mixin.py:188} INFO - [2026-07-13T12:23:18.079+0000] {dag.py:3823} INFO - Setting next_dagrun for example_task_group_decorator to 2026-07-12 00:00:00+00:00, run_after=2026-07-13 00:00:00+00:00
[2026-07-13T12:23:18.094+0000] {processor.py:183} INFO - Processing /home/airflow/.local/lib/python3.8/site-packages/airflow/example_dags/example_task_group_decorator.py took 0.063 seconds
[2026-07-13T12:23:48.987+0000] {processor.py:161} INFO - Started process (PID=7283) to work on /home/airflow/.local/lib/python3.8/site-packages/airflow/example_dags/example_task_group_decorator.py
[2026-07-13T12:23:48.988+0000] {processor.py:830} INFO - Processing file /home/airflow/.local/lib/python3.8/site-packages/airflow/example_dags/example_task_group_decorator.py for tasks to queue
[2026-07-13T12:23:48.989+0000] {logging_mixin.py:188} INFO - [2026-07-13T12:23:48.989+0000] {dagbag.py:538} INFO - Filling up the DagBag from /home/airflow/.local/lib/python3.8/site-packages/airflow/example_dags/example_task_group_decorator.py
[2026-07-13T12:23:48.999+0000] {processor.py:840} INFO - DAG(s) 'example_task_group_decorator' retrieved from /home/airflow/.local/lib/python3.8/site-packages/airflow/example_dags/example_task_group_decorator.py
[2026-07-13T12:23:49.016+0000] {logging_mixin.py:188} INFO - [2026-07-13T12:23:49.016+0000] {dag.py:3036} INFO - Sync 1 DAGs
[2026-07-13T12:23:49.031+0000] {logging_mixin.py:188} INFO - [2026-07-13T12:23:49.031+0000] {dag.py:3823} INFO - Setting next_dagrun for example_task_group_decorator to 2026-07-12 00:00:00+00:00, run_after=2026-07-13 00:00:00+00:00
[2026-07-13T12:23:49.046+0000] {processor.py:183} INFO - Processing /home/airflow/.local/lib/python3.8/site-packages/airflow/example_dags/example_task_group_decorator.py took 0.061 seconds
[2026-07-13T12:24:19.265+0000] {processor.py:161} INFO - Started process (PID=7339) to work on /home/airflow/.local/lib/python3.8/site-packages/airflow/example_dags/example_task_group_decorator.py
[2026-07-13T12:24:19.267+0000] {processor.py:830} INFO - Processing file /home/airflow/.local/lib/python3.8/site-packages/airflow/example_dags/example_task_group_decorator.py for tasks to queue
[2026-07-13T12:24:19.268+0000] {logging_mixin.py:188} INFO - [2026-07-13T12:24:19.268+0000] {dagbag.py:538} INFO - Filling up the DagBag from /home/airflow/.local/lib/python3.8/site-packages/airflow/example_dags/example_task_group_decorator.py
[2026-07-13T12:24:19.278+0000] {processor.py:840} INFO - DAG(s) 'example_task_group_decorator' retrieved from /home/airflow/.local/lib/python3.8/site-packages/airflow/example_dags/example_task_group_decorator.py
[2026-07-13T12:24:19.295+0000] {logging_mixin.py:188} INFO - [2026-07-13T12:24:19.294+0000] {dag.py:3036} INFO - Sync 1 DAGs
[2026-07-13T12:24:19.310+0000] {logging_mixin.py:188} INFO - [2026-07-13T12:24:19.310+0000] {dag.py:3823} INFO - Setting next_dagrun for example_task_group_decorator to 2026-07-12 00:00:00+00:00, run_after=2026-07-13 00:00:00+00:00
[2026-07-13T12:24:19.324+0000] {processor.py:183} INFO - Processing /home/airflow/.local/lib/python3.8/site-packages/airflow/example_dags/example_task_group_decorator.py took 0.062 seconds
[2026-07-13T12:24:49.457+0000] {processor.py:161} INFO - Started process (PID=7396) to work on /home/airflow/.local/lib/python3.8/site-packages/airflow/example_dags/example_task_group_decorator.py
[2026-07-13T12:24:49.460+0000] {processor.py:830} INFO - Processing file /home/airflow/.local/lib/python3.8/site-packages/airflow/example_dags/example_task_group_decorator.py for tasks to queue
[2026-07-13T12:24:49.461+0000] {logging_mixin.py:188} INFO - [2026-07-13T12:24:49.461+0000] {dagbag.py:538} INFO - Filling up the DagBag from /home/airflow/.local/lib/python3.8/site-packages/airflow/example_dags/example_task_group_decorator.py
[2026-07-13T12:24:49.472+0000] {processor.py:840} INFO - DAG(s) 'example_task_group_decorator' retrieved from /home/airflow/.local/lib/python3.8/site-packages/airflow/example_dags/example_task_group_decorator.py
[2026-07-13T12:24:49.491+0000] {logging_mixin.py:188} INFO - [2026-07-13T12:24:49.490+0000] {dag.py:3036} INFO - Sync 1 DAGs
[2026-07-13T12:24:49.506+0000] {logging_mixin.py:188} INFO - [2026-07-13T12:24:49.506+0000] {dag.py:3823} INFO - Setting next_dagrun for example_task_group_decorator to 2026-07-12 00:00:00+00:00, run_after=2026-07-13 00:00:00+00:00
[2026-07-13T12:24:49.521+0000] {processor.py:183} INFO - Processing /home/airflow/.local/lib/python3.8/site-packages/airflow/example_dags/example_task_group_decorator.py took 0.067 seconds
[2026-07-13T12:30:56.757+0000] {processor.py:161} INFO - Started process (PID=87) to work on /home/airflow/.local/lib/python3.8/site-packages/airflow/example_dags/example_task_group_decorator.py
[2026-07-13T12:30:56.759+0000] {processor.py:830} INFO - Processing file /home/airflow/.local/lib/python3.8/site-packages/airflow/example_dags/example_task_group_decorator.py for tasks to queue
[2026-07-13T12:30:56.761+0000] {logging_mixin.py:188} INFO - [2026-07-13T12:30:56.760+0000] {dagbag.py:538} INFO - Filling up the DagBag from /home/airflow/.local/lib/python3.8/site-packages/airflow/example_dags/example_task_group_decorator.py
[2026-07-13T12:30:56.773+0000] {processor.py:840} INFO - DAG(s) 'example_task_group_decorator' retrieved from /home/airflow/.local/lib/python3.8/site-packages/airflow/example_dags/example_task_group_decorator.py
[2026-07-13T12:30:56.784+0000] {logging_mixin.py:188} INFO - [2026-07-13T12:30:56.784+0000] {dag.py:3036} INFO - Sync 1 DAGs
[2026-07-13T12:30:56.800+0000] {logging_mixin.py:188} INFO - [2026-07-13T12:30:56.800+0000] {dag.py:3823} INFO - Setting next_dagrun for example_task_group_decorator to 2026-07-12 00:00:00+00:00, run_after=2026-07-13 00:00:00+00:00
[2026-07-13T12:30:56.813+0000] {processor.py:183} INFO - Processing /home/airflow/.local/lib/python3.8/site-packages/airflow/example_dags/example_task_group_decorator.py took 0.059 seconds
[2026-07-13T12:31:27.786+0000] {processor.py:161} INFO - Started process (PID=142) to work on /home/airflow/.local/lib/python3.8/site-packages/airflow/example_dags/example_task_group_decorator.py
[2026-07-13T12:31:27.787+0000] {processor.py:830} INFO - Processing file /home/airflow/.local/lib/python3.8/site-packages/airflow/example_dags/example_task_group_decorator.py for tasks to queue
[2026-07-13T12:31:27.788+0000] {logging_mixin.py:188} INFO - [2026-07-13T12:31:27.788+0000] {dagbag.py:538} INFO - Filling up the DagBag from /home/airflow/.local/lib/python3.8/site-packages/airflow/example_dags/example_task_group_decorator.py
[2026-07-13T12:31:27.797+0000] {processor.py:840} INFO - DAG(s) 'example_task_group_decorator' retrieved from /home/airflow/.local/lib/python3.8/site-packages/airflow/example_dags/example_task_group_decorator.py
[2026-07-13T12:31:27.858+0000] {logging_mixin.py:188} INFO - [2026-07-13T12:31:27.858+0000] {dag.py:3036} INFO - Sync 1 DAGs
[2026-07-13T12:31:27.871+0000] {logging_mixin.py:188} INFO - [2026-07-13T12:31:27.871+0000] {dag.py:3823} INFO - Setting next_dagrun for example_task_group_decorator to 2026-07-12 00:00:00+00:00, run_after=2026-07-13 00:00:00+00:00
[2026-07-13T12:31:27.887+0000] {processor.py:183} INFO - Processing /home/airflow/.local/lib/python3.8/site-packages/airflow/example_dags/example_task_group_decorator.py took 0.103 seconds
[2026-07-13T12:31:58.740+0000] {processor.py:161} INFO - Started process (PID=198) to work on /home/airflow/.local/lib/python3.8/site-packages/airflow/example_dags/example_task_group_decorator.py
[2026-07-13T12:31:58.741+0000] {processor.py:830} INFO - Processing file /home/airflow/.local/lib/python3.8/site-packages/airflow/example_dags/example_task_group_decorator.py for tasks to queue
[2026-07-13T12:31:58.742+0000] {logging_mixin.py:188} INFO - [2026-07-13T12:31:58.742+0000] {dagbag.py:538} INFO - Filling up the DagBag from /home/airflow/.local/lib/python3.8/site-packages/airflow/example_dags/example_task_group_decorator.py
[2026-07-13T12:31:58.751+0000] {processor.py:840} INFO - DAG(s) 'example_task_group_decorator' retrieved from /home/airflow/.local/lib/python3.8/site-packages/airflow/example_dags/example_task_group_decorator.py
[2026-07-13T12:31:58.767+0000] {logging_mixin.py:188} INFO - [2026-07-13T12:31:58.767+0000] {dag.py:3036} INFO - Sync 1 DAGs
[2026-07-13T12:31:58.782+0000] {logging_mixin.py:188} INFO - [2026-07-13T12:31:58.781+0000] {dag.py:3823} INFO - Setting next_dagrun for example_task_group_decorator to 2026-07-12 00:00:00+00:00, run_after=2026-07-13 00:00:00+00:00
[2026-07-13T12:31:58.794+0000] {processor.py:183} INFO - Processing /home/airflow/.local/lib/python3.8/site-packages/airflow/example_dags/example_task_group_decorator.py took 0.057 seconds
[2026-07-13T12:32:29.153+0000] {processor.py:161} INFO - Started process (PID=255) to work on /home/airflow/.local/lib/python3.8/site-packages/airflow/example_dags/example_task_group_decorator.py
[2026-07-13T12:32:29.154+0000] {processor.py:830} INFO - Processing file /home/airflow/.local/lib/python3.8/site-packages/airflow/example_dags/example_task_group_decorator.py for tasks to queue
[2026-07-13T12:32:29.155+0000] {logging_mixin.py:188} INFO - [2026-07-13T12:32:29.155+0000] {dagbag.py:538} INFO - Filling up the DagBag from /home/airflow/.local/lib/python3.8/site-packages/airflow/example_dags/example_task_group_decorator.py
[2026-07-13T12:32:29.164+0000] {processor.py:840} INFO - DAG(s) 'example_task_group_decorator' retrieved from /home/airflow/.local/lib/python3.8/site-packages/airflow/example_dags/example_task_group_decorator.py
[2026-07-13T12:32:29.180+0000] {logging_mixin.py:188} INFO - [2026-07-13T12:32:29.180+0000] {dag.py:3036} INFO - Sync 1 DAGs
[2026-07-13T12:32:29.195+0000] {logging_mixin.py:188} INFO - [2026-07-13T12:32:29.194+0000] {dag.py:3823} INFO - Setting next_dagrun for example_task_group_decorator to 2026-07-12 00:00:00+00:00, run_after=2026-07-13 00:00:00+00:00
[2026-07-13T12:32:29.209+0000] {processor.py:183} INFO - Processing /home/airflow/.local/lib/python3.8/site-packages/airflow/example_dags/example_task_group_decorator.py took 0.059 seconds
[2026-07-13T12:33:00.032+0000] {processor.py:161} INFO - Started process (PID=311) to work on /home/airflow/.local/lib/python3.8/site-packages/airflow/example_dags/example_task_group_decorator.py
[2026-07-13T12:33:00.034+0000] {processor.py:830} INFO - Processing file /home/airflow/.local/lib/python3.8/site-packages/airflow/example_dags/example_task_group_decorator.py for tasks to queue
[2026-07-13T12:33:00.036+0000] {logging_mixin.py:188} INFO - [2026-07-13T12:33:00.036+0000] {dagbag.py:538} INFO - Filling up the DagBag from /home/airflow/.local/lib/python3.8/site-packages/airflow/example_dags/example_task_group_decorator.py
[2026-07-13T12:33:00.052+0000] {processor.py:840} INFO - DAG(s) 'example_task_group_decorator' retrieved from /home/airflow/.local/lib/python3.8/site-packages/airflow/example_dags/example_task_group_decorator.py
[2026-07-13T12:33:00.084+0000] {logging_mixin.py:188} INFO - [2026-07-13T12:33:00.084+0000] {dag.py:3036} INFO - Sync 1 DAGs
[2026-07-13T12:33:00.111+0000] {logging_mixin.py:188} INFO - [2026-07-13T12:33:00.111+0000] {dag.py:3823} INFO - Setting next_dagrun for example_task_group_decorator to 2026-07-12 00:00:00+00:00, run_after=2026-07-13 00:00:00+00:00
[2026-07-13T12:33:00.132+0000] {processor.py:183} INFO - Processing /home/airflow/.local/lib/python3.8/site-packages/airflow/example_dags/example_task_group_decorator.py took 0.106 seconds
[2026-07-13T12:33:30.204+0000] {processor.py:161} INFO - Started process (PID=368) to work on /home/airflow/.local/lib/python3.8/site-packages/airflow/example_dags/example_task_group_decorator.py
[2026-07-13T12:33:30.205+0000] {processor.py:830} INFO - Processing file /home/airflow/.local/lib/python3.8/site-packages/airflow/example_dags/example_task_group_decorator.py for tasks to queue
[2026-07-13T12:33:30.206+0000] {logging_mixin.py:188} INFO - [2026-07-13T12:33:30.206+0000] {dagbag.py:538} INFO - Filling up the DagBag from /home/airflow/.local/lib/python3.8/site-packages/airflow/example_dags/example_task_group_decorator.py
[2026-07-13T12:33:30.217+0000] {processor.py:840} INFO - DAG(s) 'example_task_group_decorator' retrieved from /home/airflow/.local/lib/python3.8/site-packages/airflow/example_dags/example_task_group_decorator.py
[2026-07-13T12:33:30.234+0000] {logging_mixin.py:188} INFO - [2026-07-13T12:33:30.234+0000] {dag.py:3036} INFO - Sync 1 DAGs
[2026-07-13T12:33:30.249+0000] {logging_mixin.py:188} INFO - [2026-07-13T12:33:30.248+0000] {dag.py:3823} INFO - Setting next_dagrun for example_task_group_decorator to 2026-07-12 00:00:00+00:00, run_after=2026-07-13 00:00:00+00:00
[2026-07-13T12:33:30.262+0000] {processor.py:183} INFO - Processing /home/airflow/.local/lib/python3.8/site-packages/airflow/example_dags/example_task_group_decorator.py took 0.061 seconds
[2026-07-13T12:34:00.656+0000] {processor.py:161} INFO - Started process (PID=424) to work on /home/airflow/.local/lib/python3.8/site-packages/airflow/example_dags/example_task_group_decorator.py
[2026-07-13T12:34:00.658+0000] {processor.py:830} INFO - Processing file /home/airflow/.local/lib/python3.8/site-packages/airflow/example_dags/example_task_group_decorator.py for tasks to queue
[2026-07-13T12:34:00.660+0000] {logging_mixin.py:188} INFO - [2026-07-13T12:34:00.659+0000] {dagbag.py:538} INFO - Filling up the DagBag from /home/airflow/.local/lib/python3.8/site-packages/airflow/example_dags/example_task_group_decorator.py
[2026-07-13T12:34:00.671+0000] {processor.py:840} INFO - DAG(s) 'example_task_group_decorator' retrieved from /home/airflow/.local/lib/python3.8/site-packages/airflow/example_dags/example_task_group_decorator.py
[2026-07-13T12:34:00.693+0000] {logging_mixin.py:188} INFO - [2026-07-13T12:34:00.693+0000] {dag.py:3036} INFO - Sync 1 DAGs
[2026-07-13T12:34:00.711+0000] {logging_mixin.py:188} INFO - [2026-07-13T12:34:00.710+0000] {dag.py:3823} INFO - Setting next_dagrun for example_task_group_decorator to 2026-07-12 00:00:00+00:00, run_after=2026-07-13 00:00:00+00:00
[2026-07-13T12:34:00.725+0000] {processor.py:183} INFO - Processing /home/airflow/.local/lib/python3.8/site-packages/airflow/example_dags/example_task_group_decorator.py took 0.072 seconds
[2026-07-13T12:34:31.360+0000] {processor.py:161} INFO - Started process (PID=480) to work on /home/airflow/.local/lib/python3.8/site-packages/airflow/example_dags/example_task_group_decorator.py
[2026-07-13T12:34:31.361+0000] {processor.py:830} INFO - Processing file /home/airflow/.local/lib/python3.8/site-packages/airflow/example_dags/example_task_group_decorator.py for tasks to queue
[2026-07-13T12:34:31.362+0000] {logging_mixin.py:188} INFO - [2026-07-13T12:34:31.362+0000] {dagbag.py:538} INFO - Filling up the DagBag from /home/airflow/.local/lib/python3.8/site-packages/airflow/example_dags/example_task_group_decorator.py
[2026-07-13T12:34:31.372+0000] {processor.py:840} INFO - DAG(s) 'example_task_group_decorator' retrieved from /home/airflow/.local/lib/python3.8/site-packages/airflow/example_dags/example_task_group_decorator.py
[2026-07-13T12:34:31.388+0000] {logging_mixin.py:188} INFO - [2026-07-13T12:34:31.388+0000] {dag.py:3036} INFO - Sync 1 DAGs
[2026-07-13T12:34:31.402+0000] {logging_mixin.py:188} INFO - [2026-07-13T12:34:31.402+0000] {dag.py:3823} INFO - Setting next_dagrun for example_task_group_decorator to 2026-07-12 00:00:00+00:00, run_after=2026-07-13 00:00:00+00:00
[2026-07-13T12:34:31.414+0000] {processor.py:183} INFO - Processing /home/airflow/.local/lib/python3.8/site-packages/airflow/example_dags/example_task_group_decorator.py took 0.057 seconds
[2026-07-13T12:35:01.985+0000] {processor.py:161} INFO - Started process (PID=536) to work on /home/airflow/.local/lib/python3.8/site-packages/airflow/example_dags/example_task_group_decorator.py
[2026-07-13T12:35:01.986+0000] {processor.py:830} INFO - Processing file /home/airflow/.local/lib/python3.8/site-packages/airflow/example_dags/example_task_group_decorator.py for tasks to queue
[2026-07-13T12:35:01.987+0000] {logging_mixin.py:188} INFO - [2026-07-13T12:35:01.987+0000] {dagbag.py:538} INFO - Filling up the DagBag from /home/airflow/.local/lib/python3.8/site-packages/airflow/example_dags/example_task_group_decorator.py
[2026-07-13T12:35:01.996+0000] {processor.py:840} INFO - DAG(s) 'example_task_group_decorator' retrieved from /home/airflow/.local/lib/python3.8/site-packages/airflow/example_dags/example_task_group_decorator.py
[2026-07-13T12:35:02.014+0000] {logging_mixin.py:188} INFO - [2026-07-13T12:35:02.014+0000] {dag.py:3036} INFO - Sync 1 DAGs
[2026-07-13T12:35:02.029+0000] {logging_mixin.py:188} INFO - [2026-07-13T12:35:02.029+0000] {dag.py:3823} INFO - Setting next_dagrun for example_task_group_decorator to 2026-07-12 00:00:00+00:00, run_after=2026-07-13 00:00:00+00:00
[2026-07-13T12:35:02.043+0000] {processor.py:183} INFO - Processing /home/airflow/.local/lib/python3.8/site-packages/airflow/example_dags/example_task_group_decorator.py took 0.061 seconds
[2026-07-13T12:35:32.638+0000] {processor.py:161} INFO - Started process (PID=592) to work on /home/airflow/.local/lib/python3.8/site-packages/airflow/example_dags/example_task_group_decorator.py
[2026-07-13T12:35:32.639+0000] {processor.py:830} INFO - Processing file /home/airflow/.local/lib/python3.8/site-packages/airflow/example_dags/example_task_group_decorator.py for tasks to queue
[2026-07-13T12:35:32.640+0000] {logging_mixin.py:188} INFO - [2026-07-13T12:35:32.640+0000] {dagbag.py:538} INFO - Filling up the DagBag from /home/airflow/.local/lib/python3.8/site-packages/airflow/example_dags/example_task_group_decorator.py
[2026-07-13T12:35:32.650+0000] {processor.py:840} INFO - DAG(s) 'example_task_group_decorator' retrieved from /home/airflow/.local/lib/python3.8/site-packages/airflow/example_dags/example_task_group_decorator.py
[2026-07-13T12:35:32.667+0000] {logging_mixin.py:188} INFO - [2026-07-13T12:35:32.667+0000] {dag.py:3036} INFO - Sync 1 DAGs
[2026-07-13T12:35:32.683+0000] {logging_mixin.py:188} INFO - [2026-07-13T12:35:32.683+0000] {dag.py:3823} INFO - Setting next_dagrun for example_task_group_decorator to 2026-07-12 00:00:00+00:00, run_after=2026-07-13 00:00:00+00:00
[2026-07-13T12:35:32.697+0000] {processor.py:183} INFO - Processing /home/airflow/.local/lib/python3.8/site-packages/airflow/example_dags/example_task_group_decorator.py took 0.062 seconds
[2026-07-13T12:36:03.431+0000] {processor.py:161} INFO - Started process (PID=648) to work on /home/airflow/.local/lib/python3.8/site-packages/airflow/example_dags/example_task_group_decorator.py
[2026-07-13T12:36:03.432+0000] {processor.py:830} INFO - Processing file /home/airflow/.local/lib/python3.8/site-packages/airflow/example_dags/example_task_group_decorator.py for tasks to queue
[2026-07-13T12:36:03.434+0000] {logging_mixin.py:188} INFO - [2026-07-13T12:36:03.433+0000] {dagbag.py:538} INFO - Filling up the DagBag from /home/airflow/.local/lib/python3.8/site-packages/airflow/example_dags/example_task_group_decorator.py
[2026-07-13T12:36:03.443+0000] {processor.py:840} INFO - DAG(s) 'example_task_group_decorator' retrieved from /home/airflow/.local/lib/python3.8/site-packages/airflow/example_dags/example_task_group_decorator.py
[2026-07-13T12:36:03.460+0000] {logging_mixin.py:188} INFO - [2026-07-13T12:36:03.460+0000] {dag.py:3036} INFO - Sync 1 DAGs
[2026-07-13T12:36:03.475+0000] {logging_mixin.py:188} INFO - [2026-07-13T12:36:03.475+0000] {dag.py:3823} INFO - Setting next_dagrun for example_task_group_decorator to 2026-07-12 00:00:00+00:00, run_after=2026-07-13 00:00:00+00:00
[2026-07-13T12:36:03.488+0000] {processor.py:183} INFO - Processing /home/airflow/.local/lib/python3.8/site-packages/airflow/example_dags/example_task_group_decorator.py took 0.059 seconds
[2026-07-13T12:36:33.891+0000] {processor.py:161} INFO - Started process (PID=704) to work on /home/airflow/.local/lib/python3.8/site-packages/airflow/example_dags/example_task_group_decorator.py
[2026-07-13T12:36:33.892+0000] {processor.py:830} INFO - Processing file /home/airflow/.local/lib/python3.8/site-packages/airflow/example_dags/example_task_group_decorator.py for tasks to queue
[2026-07-13T12:36:33.894+0000] {logging_mixin.py:188} INFO - [2026-07-13T12:36:33.893+0000] {dagbag.py:538} INFO - Filling up the DagBag from /home/airflow/.local/lib/python3.8/site-packages/airflow/example_dags/example_task_group_decorator.py
[2026-07-13T12:36:33.903+0000] {processor.py:840} INFO - DAG(s) 'example_task_group_decorator' retrieved from /home/airflow/.local/lib/python3.8/site-packages/airflow/example_dags/example_task_group_decorator.py
[2026-07-13T12:36:33.919+0000] {logging_mixin.py:188} INFO - [2026-07-13T12:36:33.919+0000] {dag.py:3036} INFO - Sync 1 DAGs
[2026-07-13T12:36:33.934+0000] {logging_mixin.py:188} INFO - [2026-07-13T12:36:33.934+0000] {dag.py:3823} INFO - Setting next_dagrun for example_task_group_decorator to 2026-07-12 00:00:00+00:00, run_after=2026-07-13 00:00:00+00:00
[2026-07-13T12:36:33.946+0000] {processor.py:183} INFO - Processing /home/airflow/.local/lib/python3.8/site-packages/airflow/example_dags/example_task_group_decorator.py took 0.058 seconds
[2026-07-13T12:37:04.513+0000] {processor.py:161} INFO - Started process (PID=760) to work on /home/airflow/.local/lib/python3.8/site-packages/airflow/example_dags/example_task_group_decorator.py
[2026-07-13T12:37:04.514+0000] {processor.py:830} INFO - Processing file /home/airflow/.local/lib/python3.8/site-packages/airflow/example_dags/example_task_group_decorator.py for tasks to queue
[2026-07-13T12:37:04.515+0000] {logging_mixin.py:188} INFO - [2026-07-13T12:37:04.515+0000] {dagbag.py:538} INFO - Filling up the DagBag from /home/airflow/.local/lib/python3.8/site-packages/airflow/example_dags/example_task_group_decorator.py
[2026-07-13T12:37:04.526+0000] {processor.py:840} INFO - DAG(s) 'example_task_group_decorator' retrieved from /home/airflow/.local/lib/python3.8/site-packages/airflow/example_dags/example_task_group_decorator.py
[2026-07-13T12:37:04.543+0000] {logging_mixin.py:188} INFO - [2026-07-13T12:37:04.543+0000] {dag.py:3036} INFO - Sync 1 DAGs
[2026-07-13T12:37:04.559+0000] {logging_mixin.py:188} INFO - [2026-07-13T12:37:04.559+0000] {dag.py:3823} INFO - Setting next_dagrun for example_task_group_decorator to 2026-07-12 00:00:00+00:00, run_after=2026-07-13 00:00:00+00:00
[2026-07-13T12:37:04.572+0000] {processor.py:183} INFO - Processing /home/airflow/.local/lib/python3.8/site-packages/airflow/example_dags/example_task_group_decorator.py took 0.061 seconds
[2026-07-13T12:37:35.055+0000] {processor.py:161} INFO - Started process (PID=816) to work on /home/airflow/.local/lib/python3.8/site-packages/airflow/example_dags/example_task_group_decorator.py
[2026-07-13T12:37:35.056+0000] {processor.py:830} INFO - Processing file /home/airflow/.local/lib/python3.8/site-packages/airflow/example_dags/example_task_group_decorator.py for tasks to queue
[2026-07-13T12:37:35.057+0000] {logging_mixin.py:188} INFO - [2026-07-13T12:37:35.057+0000] {dagbag.py:538} INFO - Filling up the DagBag from /home/airflow/.local/lib/python3.8/site-packages/airflow/example_dags/example_task_group_decorator.py
[2026-07-13T12:37:35.067+0000] {processor.py:840} INFO - DAG(s) 'example_task_group_decorator' retrieved from /home/airflow/.local/lib/python3.8/site-packages/airflow/example_dags/example_task_group_decorator.py
[2026-07-13T12:37:35.085+0000] {logging_mixin.py:188} INFO - [2026-07-13T12:37:35.085+0000] {dag.py:3036} INFO - Sync 1 DAGs
[2026-07-13T12:37:35.100+0000] {logging_mixin.py:188} INFO - [2026-07-13T12:37:35.100+0000] {dag.py:3823} INFO - Setting next_dagrun for example_task_group_decorator to 2026-07-12 00:00:00+00:00, run_after=2026-07-13 00:00:00+00:00
[2026-07-13T12:37:35.113+0000] {processor.py:183} INFO - Processing /home/airflow/.local/lib/python3.8/site-packages/airflow/example_dags/example_task_group_decorator.py took 0.060 seconds
[2026-07-13T12:38:05.358+0000] {processor.py:161} INFO - Started process (PID=872) to work on /home/airflow/.local/lib/python3.8/site-packages/airflow/example_dags/example_task_group_decorator.py
[2026-07-13T12:38:05.359+0000] {processor.py:830} INFO - Processing file /home/airflow/.local/lib/python3.8/site-packages/airflow/example_dags/example_task_group_decorator.py for tasks to queue
[2026-07-13T12:38:05.361+0000] {logging_mixin.py:188} INFO - [2026-07-13T12:38:05.361+0000] {dagbag.py:538} INFO - Filling up the DagBag from /home/airflow/.local/lib/python3.8/site-packages/airflow/example_dags/example_task_group_decorator.py
[2026-07-13T12:38:05.372+0000] {processor.py:840} INFO - DAG(s) 'example_task_group_decorator' retrieved from /home/airflow/.local/lib/python3.8/site-packages/airflow/example_dags/example_task_group_decorator.py
[2026-07-13T12:38:05.395+0000] {logging_mixin.py:188} INFO - [2026-07-13T12:38:05.394+0000] {dag.py:3036} INFO - Sync 1 DAGs
[2026-07-13T12:38:05.413+0000] {logging_mixin.py:188} INFO - [2026-07-13T12:38:05.413+0000] {dag.py:3823} INFO - Setting next_dagrun for example_task_group_decorator to 2026-07-12 00:00:00+00:00, run_after=2026-07-13 00:00:00+00:00
[2026-07-13T12:38:05.430+0000] {processor.py:183} INFO - Processing /home/airflow/.local/lib/python3.8/site-packages/airflow/example_dags/example_task_group_decorator.py took 0.075 seconds
[2026-07-13T12:38:35.521+0000] {processor.py:161} INFO - Started process (PID=928) to work on /home/airflow/.local/lib/python3.8/site-packages/airflow/example_dags/example_task_group_decorator.py
[2026-07-13T12:38:35.522+0000] {processor.py:830} INFO - Processing file /home/airflow/.local/lib/python3.8/site-packages/airflow/example_dags/example_task_group_decorator.py for tasks to queue
[2026-07-13T12:38:35.523+0000] {logging_mixin.py:188} INFO - [2026-07-13T12:38:35.523+0000] {dagbag.py:538} INFO - Filling up the DagBag from /home/airflow/.local/lib/python3.8/site-packages/airflow/example_dags/example_task_group_decorator.py
[2026-07-13T12:38:35.532+0000] {processor.py:840} INFO - DAG(s) 'example_task_group_decorator' retrieved from /home/airflow/.local/lib/python3.8/site-packages/airflow/example_dags/example_task_group_decorator.py
[2026-07-13T12:38:35.549+0000] {logging_mixin.py:188} INFO - [2026-07-13T12:38:35.549+0000] {dag.py:3036} INFO - Sync 1 DAGs
[2026-07-13T12:38:35.563+0000] {logging_mixin.py:188} INFO - [2026-07-13T12:38:35.563+0000] {dag.py:3823} INFO - Setting next_dagrun for example_task_group_decorator to 2026-07-12 00:00:00+00:00, run_after=2026-07-13 00:00:00+00:00
[2026-07-13T12:38:35.577+0000] {processor.py:183} INFO - Processing /home/airflow/.local/lib/python3.8/site-packages/airflow/example_dags/example_task_group_decorator.py took 0.059 seconds
[2026-07-13T12:39:05.589+0000] {processor.py:161} INFO - Started process (PID=984) to work on /home/airflow/.local/lib/python3.8/site-packages/airflow/example_dags/example_task_group_decorator.py
[2026-07-13T12:39:05.590+0000] {processor.py:830} INFO - Processing file /home/airflow/.local/lib/python3.8/site-packages/airflow/example_dags/example_task_group_decorator.py for tasks to queue
[2026-07-13T12:39:05.592+0000] {logging_mixin.py:188} INFO - [2026-07-13T12:39:05.591+0000] {dagbag.py:538} INFO - Filling up the DagBag from /home/airflow/.local/lib/python3.8/site-packages/airflow/example_dags/example_task_group_decorator.py
[2026-07-13T12:39:05.602+0000] {processor.py:840} INFO - DAG(s) 'example_task_group_decorator' retrieved from /home/airflow/.local/lib/python3.8/site-packages/airflow/example_dags/example_task_group_decorator.py
[2026-07-13T12:39:05.619+0000] {logging_mixin.py:188} INFO - [2026-07-13T12:39:05.619+0000] {dag.py:3036} INFO - Sync 1 DAGs
[2026-07-13T12:39:05.634+0000] {logging_mixin.py:188} INFO - [2026-07-13T12:39:05.634+0000] {dag.py:3823} INFO - Setting next_dagrun for example_task_group_decorator to 2026-07-12 00:00:00+00:00, run_after=2026-07-13 00:00:00+00:00
[2026-07-13T12:39:05.647+0000] {processor.py:183} INFO - Processing /home/airflow/.local/lib/python3.8/site-packages/airflow/example_dags/example_task_group_decorator.py took 0.060 seconds
[2026-07-13T12:39:35.906+0000] {processor.py:161} INFO - Started process (PID=1040) to work on /home/airflow/.local/lib/python3.8/site-packages/airflow/example_dags/example_task_group_decorator.py
[2026-07-13T12:39:35.907+0000] {processor.py:830} INFO - Processing file /home/airflow/.local/lib/python3.8/site-packages/airflow/example_dags/example_task_group_decorator.py for tasks to queue
[2026-07-13T12:39:35.908+0000] {logging_mixin.py:188} INFO - [2026-07-13T12:39:35.908+0000] {dagbag.py:538} INFO - Filling up the DagBag from /home/airflow/.local/lib/python3.8/site-packages/airflow/example_dags/example_task_group_decorator.py
[2026-07-13T12:39:35.918+0000] {processor.py:840} INFO - DAG(s) 'example_task_group_decorator' retrieved from /home/airflow/.local/lib/python3.8/site-packages/airflow/example_dags/example_task_group_decorator.py
[2026-07-13T12:39:35.936+0000] {logging_mixin.py:188} INFO - [2026-07-13T12:39:35.936+0000] {dag.py:3036} INFO - Sync 1 DAGs
[2026-07-13T12:39:35.953+0000] {logging_mixin.py:188} INFO - [2026-07-13T12:39:35.953+0000] {dag.py:3823} INFO - Setting next_dagrun for example_task_group_decorator to 2026-07-12 00:00:00+00:00, run_after=2026-07-13 00:00:00+00:00
[2026-07-13T12:39:35.966+0000] {processor.py:183} INFO - Processing /home/airflow/.local/lib/python3.8/site-packages/airflow/example_dags/example_task_group_decorator.py took 0.063 seconds
[2026-07-13T12:40:06.304+0000] {processor.py:161} INFO - Started process (PID=1096) to work on /home/airflow/.local/lib/python3.8/site-packages/airflow/example_dags/example_task_group_decorator.py
[2026-07-13T12:40:06.305+0000] {processor.py:830} INFO - Processing file /home/airflow/.local/lib/python3.8/site-packages/airflow/example_dags/example_task_group_decorator.py for tasks to queue
[2026-07-13T12:40:06.307+0000] {logging_mixin.py:188} INFO - [2026-07-13T12:40:06.306+0000] {dagbag.py:538} INFO - Filling up the DagBag from /home/airflow/.local/lib/python3.8/site-packages/airflow/example_dags/example_task_group_decorator.py
[2026-07-13T12:40:06.317+0000] {processor.py:840} INFO - DAG(s) 'example_task_group_decorator' retrieved from /home/airflow/.local/lib/python3.8/site-packages/airflow/example_dags/example_task_group_decorator.py
[2026-07-13T12:40:06.336+0000] {logging_mixin.py:188} INFO - [2026-07-13T12:40:06.336+0000] {dag.py:3036} INFO - Sync 1 DAGs
[2026-07-13T12:40:06.353+0000] {logging_mixin.py:188} INFO - [2026-07-13T12:40:06.353+0000] {dag.py:3823} INFO - Setting next_dagrun for example_task_group_decorator to 2026-07-12 00:00:00+00:00, run_after=2026-07-13 00:00:00+00:00
[2026-07-13T12:40:06.372+0000] {processor.py:183} INFO - Processing /home/airflow/.local/lib/python3.8/site-packages/airflow/example_dags/example_task_group_decorator.py took 0.072 seconds
[2026-07-13T12:40:38.018+0000] {processor.py:161} INFO - Started process (PID=1152) to work on /home/airflow/.local/lib/python3.8/site-packages/airflow/example_dags/example_task_group_decorator.py
[2026-07-13T12:40:38.019+0000] {processor.py:830} INFO - Processing file /home/airflow/.local/lib/python3.8/site-packages/airflow/example_dags/example_task_group_decorator.py for tasks to queue
[2026-07-13T12:40:38.020+0000] {logging_mixin.py:188} INFO - [2026-07-13T12:40:38.020+0000] {dagbag.py:538} INFO - Filling up the DagBag from /home/airflow/.local/lib/python3.8/site-packages/airflow/example_dags/example_task_group_decorator.py
[2026-07-13T12:40:38.030+0000] {processor.py:840} INFO - DAG(s) 'example_task_group_decorator' retrieved from /home/airflow/.local/lib/python3.8/site-packages/airflow/example_dags/example_task_group_decorator.py
[2026-07-13T12:40:38.047+0000] {logging_mixin.py:188} INFO - [2026-07-13T12:40:38.047+0000] {dag.py:3036} INFO - Sync 1 DAGs
[2026-07-13T12:40:38.062+0000] {logging_mixin.py:188} INFO - [2026-07-13T12:40:38.062+0000] {dag.py:3823} INFO - Setting next_dagrun for example_task_group_decorator to 2026-07-12 00:00:00+00:00, run_after=2026-07-13 00:00:00+00:00
[2026-07-13T12:40:38.077+0000] {processor.py:183} INFO - Processing /home/airflow/.local/lib/python3.8/site-packages/airflow/example_dags/example_task_group_decorator.py took 0.062 seconds
[2026-07-13T12:41:11.040+0000] {processor.py:161} INFO - Started process (PID=1208) to work on /home/airflow/.local/lib/python3.8/site-packages/airflow/example_dags/example_task_group_decorator.py
[2026-07-13T12:41:11.042+0000] {processor.py:830} INFO - Processing file /home/airflow/.local/lib/python3.8/site-packages/airflow/example_dags/example_task_group_decorator.py for tasks to queue
[2026-07-13T12:41:11.043+0000] {logging_mixin.py:188} INFO - [2026-07-13T12:41:11.043+0000] {dagbag.py:538} INFO - Filling up the DagBag from /home/airflow/.local/lib/python3.8/site-packages/airflow/example_dags/example_task_group_decorator.py
[2026-07-13T12:41:11.056+0000] {processor.py:840} INFO - DAG(s) 'example_task_group_decorator' retrieved from /home/airflow/.local/lib/python3.8/site-packages/airflow/example_dags/example_task_group_decorator.py
[2026-07-13T12:41:11.076+0000] {logging_mixin.py:188} INFO - [2026-07-13T12:41:11.076+0000] {dag.py:3036} INFO - Sync 1 DAGs
[2026-07-13T12:41:11.101+0000] {logging_mixin.py:188} INFO - [2026-07-13T12:41:11.101+0000] {dag.py:3823} INFO - Setting next_dagrun for example_task_group_decorator to 2026-07-12 00:00:00+00:00, run_after=2026-07-13 00:00:00+00:00
[2026-07-13T12:41:11.122+0000] {processor.py:183} INFO - Processing /home/airflow/.local/lib/python3.8/site-packages/airflow/example_dags/example_task_group_decorator.py took 0.086 seconds
[2026-07-13T12:41:42.649+0000] {processor.py:161} INFO - Started process (PID=1264) to work on /home/airflow/.local/lib/python3.8/site-packages/airflow/example_dags/example_task_group_decorator.py
[2026-07-13T12:41:42.651+0000] {processor.py:830} INFO - Processing file /home/airflow/.local/lib/python3.8/site-packages/airflow/example_dags/example_task_group_decorator.py for tasks to queue
[2026-07-13T12:41:42.653+0000] {logging_mixin.py:188} INFO - [2026-07-13T12:41:42.653+0000] {dagbag.py:538} INFO - Filling up the DagBag from /home/airflow/.local/lib/python3.8/site-packages/airflow/example_dags/example_task_group_decorator.py
[2026-07-13T12:41:42.669+0000] {processor.py:840} INFO - DAG(s) 'example_task_group_decorator' retrieved from /home/airflow/.local/lib/python3.8/site-packages/airflow/example_dags/example_task_group_decorator.py
[2026-07-13T12:41:42.695+0000] {logging_mixin.py:188} INFO - [2026-07-13T12:41:42.694+0000] {dag.py:3036} INFO - Sync 1 DAGs
[2026-07-13T12:41:42.717+0000] {logging_mixin.py:188} INFO - [2026-07-13T12:41:42.716+0000] {dag.py:3823} INFO - Setting next_dagrun for example_task_group_decorator to 2026-07-12 00:00:00+00:00, run_after=2026-07-13 00:00:00+00:00
[2026-07-13T12:41:42.742+0000] {processor.py:183} INFO - Processing /home/airflow/.local/lib/python3.8/site-packages/airflow/example_dags/example_task_group_decorator.py took 0.098 seconds
[2026-07-13T12:42:13.689+0000] {processor.py:161} INFO - Started process (PID=1320) to work on /home/airflow/.local/lib/python3.8/site-packages/airflow/example_dags/example_task_group_decorator.py
[2026-07-13T12:42:13.690+0000] {processor.py:830} INFO - Processing file /home/airflow/.local/lib/python3.8/site-packages/airflow/example_dags/example_task_group_decorator.py for tasks to queue
[2026-07-13T12:42:13.692+0000] {logging_mixin.py:188} INFO - [2026-07-13T12:42:13.691+0000] {dagbag.py:538} INFO - Filling up the DagBag from /home/airflow/.local/lib/python3.8/site-packages/airflow/example_dags/example_task_group_decorator.py
[2026-07-13T12:42:13.701+0000] {processor.py:840} INFO - DAG(s) 'example_task_group_decorator' retrieved from /home/airflow/.local/lib/python3.8/site-packages/airflow/example_dags/example_task_group_decorator.py
[2026-07-13T12:42:13.719+0000] {logging_mixin.py:188} INFO - [2026-07-13T12:42:13.718+0000] {dag.py:3036} INFO - Sync 1 DAGs
[2026-07-13T12:42:13.736+0000] {logging_mixin.py:188} INFO - [2026-07-13T12:42:13.735+0000] {dag.py:3823} INFO - Setting next_dagrun for example_task_group_decorator to 2026-07-12 00:00:00+00:00, run_after=2026-07-13 00:00:00+00:00
[2026-07-13T12:42:13.749+0000] {processor.py:183} INFO - Processing /home/airflow/.local/lib/python3.8/site-packages/airflow/example_dags/example_task_group_decorator.py took 0.062 seconds
[2026-07-13T12:42:44.449+0000] {processor.py:161} INFO - Started process (PID=1376) to work on /home/airflow/.local/lib/python3.8/site-packages/airflow/example_dags/example_task_group_decorator.py
[2026-07-13T12:42:44.451+0000] {processor.py:830} INFO - Processing file /home/airflow/.local/lib/python3.8/site-packages/airflow/example_dags/example_task_group_decorator.py for tasks to queue
[2026-07-13T12:42:44.452+0000] {logging_mixin.py:188} INFO - [2026-07-13T12:42:44.452+0000] {dagbag.py:538} INFO - Filling up the DagBag from /home/airflow/.local/lib/python3.8/site-packages/airflow/example_dags/example_task_group_decorator.py
[2026-07-13T12:42:44.468+0000] {processor.py:840} INFO - DAG(s) 'example_task_group_decorator' retrieved from /home/airflow/.local/lib/python3.8/site-packages/airflow/example_dags/example_task_group_decorator.py
[2026-07-13T12:42:44.490+0000] {logging_mixin.py:188} INFO - [2026-07-13T12:42:44.490+0000] {dag.py:3036} INFO - Sync 1 DAGs
[2026-07-13T12:42:44.510+0000] {logging_mixin.py:188} INFO - [2026-07-13T12:42:44.509+0000] {dag.py:3823} INFO - Setting next_dagrun for example_task_group_decorator to 2026-07-12 00:00:00+00:00, run_after=2026-07-13 00:00:00+00:00
[2026-07-13T12:42:44.526+0000] {processor.py:183} INFO - Processing /home/airflow/.local/lib/python3.8/site-packages/airflow/example_dags/example_task_group_decorator.py took 0.080 seconds
[2026-07-13T12:43:16.525+0000] {processor.py:161} INFO - Started process (PID=1432) to work on /home/airflow/.local/lib/python3.8/site-packages/airflow/example_dags/example_task_group_decorator.py
[2026-07-13T12:43:16.526+0000] {processor.py:830} INFO - Processing file /home/airflow/.local/lib/python3.8/site-packages/airflow/example_dags/example_task_group_decorator.py for tasks to queue
[2026-07-13T12:43:16.527+0000] {logging_mixin.py:188} INFO - [2026-07-13T12:43:16.527+0000] {dagbag.py:538} INFO - Filling up the DagBag from /home/airflow/.local/lib/python3.8/site-packages/airflow/example_dags/example_task_group_decorator.py
[2026-07-13T12:43:16.543+0000] {processor.py:840} INFO - DAG(s) 'example_task_group_decorator' retrieved from /home/airflow/.local/lib/python3.8/site-packages/airflow/example_dags/example_task_group_decorator.py
[2026-07-13T12:43:16.562+0000] {logging_mixin.py:188} INFO - [2026-07-13T12:43:16.561+0000] {dag.py:3036} INFO - Sync 1 DAGs
[2026-07-13T12:43:16.576+0000] {logging_mixin.py:188} INFO - [2026-07-13T12:43:16.576+0000] {dag.py:3823} INFO - Setting next_dagrun for example_task_group_decorator to 2026-07-12 00:00:00+00:00, run_after=2026-07-13 00:00:00+00:00
[2026-07-13T12:43:16.588+0000] {processor.py:183} INFO - Processing /home/airflow/.local/lib/python3.8/site-packages/airflow/example_dags/example_task_group_decorator.py took 0.068 seconds
[2026-07-13T12:43:48.900+0000] {processor.py:161} INFO - Started process (PID=1488) to work on /home/airflow/.local/lib/python3.8/site-packages/airflow/example_dags/example_task_group_decorator.py
[2026-07-13T12:43:48.902+0000] {processor.py:830} INFO - Processing file /home/airflow/.local/lib/python3.8/site-packages/airflow/example_dags/example_task_group_decorator.py for tasks to queue
[2026-07-13T12:43:48.905+0000] {logging_mixin.py:188} INFO - [2026-07-13T12:43:48.905+0000] {dagbag.py:538} INFO - Filling up the DagBag from /home/airflow/.local/lib/python3.8/site-packages/airflow/example_dags/example_task_group_decorator.py
[2026-07-13T12:43:48.923+0000] {processor.py:840} INFO - DAG(s) 'example_task_group_decorator' retrieved from /home/airflow/.local/lib/python3.8/site-packages/airflow/example_dags/example_task_group_decorator.py
[2026-07-13T12:43:48.950+0000] {logging_mixin.py:188} INFO - [2026-07-13T12:43:48.950+0000] {dag.py:3036} INFO - Sync 1 DAGs
[2026-07-13T12:43:48.973+0000] {logging_mixin.py:188} INFO - [2026-07-13T12:43:48.973+0000] {dag.py:3823} INFO - Setting next_dagrun for example_task_group_decorator to 2026-07-12 00:00:00+00:00, run_after=2026-07-13 00:00:00+00:00
[2026-07-13T12:43:48.988+0000] {processor.py:183} INFO - Processing /home/airflow/.local/lib/python3.8/site-packages/airflow/example_dags/example_task_group_decorator.py took 0.093 seconds
[2026-07-13T12:44:20.073+0000] {processor.py:161} INFO - Started process (PID=1544) to work on /home/airflow/.local/lib/python3.8/site-packages/airflow/example_dags/example_task_group_decorator.py
[2026-07-13T12:44:20.074+0000] {processor.py:830} INFO - Processing file /home/airflow/.local/lib/python3.8/site-packages/airflow/example_dags/example_task_group_decorator.py for tasks to queue
[2026-07-13T12:44:20.076+0000] {logging_mixin.py:188} INFO - [2026-07-13T12:44:20.075+0000] {dagbag.py:538} INFO - Filling up the DagBag from /home/airflow/.local/lib/python3.8/site-packages/airflow/example_dags/example_task_group_decorator.py
[2026-07-13T12:44:20.085+0000] {processor.py:840} INFO - DAG(s) 'example_task_group_decorator' retrieved from /home/airflow/.local/lib/python3.8/site-packages/airflow/example_dags/example_task_group_decorator.py
[2026-07-13T12:44:20.104+0000] {logging_mixin.py:188} INFO - [2026-07-13T12:44:20.103+0000] {dag.py:3036} INFO - Sync 1 DAGs
[2026-07-13T12:44:20.120+0000] {logging_mixin.py:188} INFO - [2026-07-13T12:44:20.119+0000] {dag.py:3823} INFO - Setting next_dagrun for example_task_group_decorator to 2026-07-12 00:00:00+00:00, run_after=2026-07-13 00:00:00+00:00
[2026-07-13T12:44:20.133+0000] {processor.py:183} INFO - Processing /home/airflow/.local/lib/python3.8/site-packages/airflow/example_dags/example_task_group_decorator.py took 0.062 seconds
[2026-07-13T12:44:51.828+0000] {processor.py:161} INFO - Started process (PID=1600) to work on /home/airflow/.local/lib/python3.8/site-packages/airflow/example_dags/example_task_group_decorator.py
[2026-07-13T12:44:51.831+0000] {processor.py:830} INFO - Processing file /home/airflow/.local/lib/python3.8/site-packages/airflow/example_dags/example_task_group_decorator.py for tasks to queue
[2026-07-13T12:44:51.835+0000] {logging_mixin.py:188} INFO - [2026-07-13T12:44:51.835+0000] {dagbag.py:538} INFO - Filling up the DagBag from /home/airflow/.local/lib/python3.8/site-packages/airflow/example_dags/example_task_group_decorator.py
[2026-07-13T12:44:51.874+0000] {processor.py:840} INFO - DAG(s) 'example_task_group_decorator' retrieved from /home/airflow/.local/lib/python3.8/site-packages/airflow/example_dags/example_task_group_decorator.py
[2026-07-13T12:44:51.922+0000] {logging_mixin.py:188} INFO - [2026-07-13T12:44:51.922+0000] {dag.py:3036} INFO - Sync 1 DAGs
[2026-07-13T12:44:51.947+0000] {logging_mixin.py:188} INFO - [2026-07-13T12:44:51.947+0000] {dag.py:3823} INFO - Setting next_dagrun for example_task_group_decorator to 2026-07-12 00:00:00+00:00, run_after=2026-07-13 00:00:00+00:00
[2026-07-13T12:44:51.964+0000] {processor.py:183} INFO - Processing /home/airflow/.local/lib/python3.8/site-packages/airflow/example_dags/example_task_group_decorator.py took 0.140 seconds
[2026-07-13T12:45:24.199+0000] {processor.py:161} INFO - Started process (PID=1656) to work on /home/airflow/.local/lib/python3.8/site-packages/airflow/example_dags/example_task_group_decorator.py
[2026-07-13T12:45:24.200+0000] {processor.py:830} INFO - Processing file /home/airflow/.local/lib/python3.8/site-packages/airflow/example_dags/example_task_group_decorator.py for tasks to queue
[2026-07-13T12:45:24.201+0000] {logging_mixin.py:188} INFO - [2026-07-13T12:45:24.201+0000] {dagbag.py:538} INFO - Filling up the DagBag from /home/airflow/.local/lib/python3.8/site-packages/airflow/example_dags/example_task_group_decorator.py
[2026-07-13T12:45:24.211+0000] {processor.py:840} INFO - DAG(s) 'example_task_group_decorator' retrieved from /home/airflow/.local/lib/python3.8/site-packages/airflow/example_dags/example_task_group_decorator.py
[2026-07-13T12:45:24.227+0000] {logging_mixin.py:188} INFO - [2026-07-13T12:45:24.227+0000] {dag.py:3036} INFO - Sync 1 DAGs
[2026-07-13T12:45:24.242+0000] {logging_mixin.py:188} INFO - [2026-07-13T12:45:24.242+0000] {dag.py:3823} INFO - Setting next_dagrun for example_task_group_decorator to 2026-07-12 00:00:00+00:00, run_after=2026-07-13 00:00:00+00:00
[2026-07-13T12:45:24.257+0000] {processor.py:183} INFO - Processing /home/airflow/.local/lib/python3.8/site-packages/airflow/example_dags/example_task_group_decorator.py took 0.061 seconds
[2026-07-13T12:45:55.685+0000] {processor.py:161} INFO - Started process (PID=1712) to work on /home/airflow/.local/lib/python3.8/site-packages/airflow/example_dags/example_task_group_decorator.py
[2026-07-13T12:45:55.688+0000] {processor.py:830} INFO - Processing file /home/airflow/.local/lib/python3.8/site-packages/airflow/example_dags/example_task_group_decorator.py for tasks to queue
[2026-07-13T12:45:55.691+0000] {logging_mixin.py:188} INFO - [2026-07-13T12:45:55.690+0000] {dagbag.py:538} INFO - Filling up the DagBag from /home/airflow/.local/lib/python3.8/site-packages/airflow/example_dags/example_task_group_decorator.py
[2026-07-13T12:45:55.704+0000] {processor.py:840} INFO - DAG(s) 'example_task_group_decorator' retrieved from /home/airflow/.local/lib/python3.8/site-packages/airflow/example_dags/example_task_group_decorator.py
[2026-07-13T12:45:55.724+0000] {logging_mixin.py:188} INFO - [2026-07-13T12:45:55.724+0000] {dag.py:3036} INFO - Sync 1 DAGs
[2026-07-13T12:45:55.743+0000] {logging_mixin.py:188} INFO - [2026-07-13T12:45:55.743+0000] {dag.py:3823} INFO - Setting next_dagrun for example_task_group_decorator to 2026-07-12 00:00:00+00:00, run_after=2026-07-13 00:00:00+00:00
[2026-07-13T12:45:55.759+0000] {processor.py:183} INFO - Processing /home/airflow/.local/lib/python3.8/site-packages/airflow/example_dags/example_task_group_decorator.py took 0.078 seconds
[2026-07-13T12:46:28.372+0000] {processor.py:161} INFO - Started process (PID=1768) to work on /home/airflow/.local/lib/python3.8/site-packages/airflow/example_dags/example_task_group_decorator.py
[2026-07-13T12:46:28.373+0000] {processor.py:830} INFO - Processing file /home/airflow/.local/lib/python3.8/site-packages/airflow/example_dags/example_task_group_decorator.py for tasks to queue
[2026-07-13T12:46:28.374+0000] {logging_mixin.py:188} INFO - [2026-07-13T12:46:28.374+0000] {dagbag.py:538} INFO - Filling up the DagBag from /home/airflow/.local/lib/python3.8/site-packages/airflow/example_dags/example_task_group_decorator.py
[2026-07-13T12:46:28.383+0000] {processor.py:840} INFO - DAG(s) 'example_task_group_decorator' retrieved from /home/airflow/.local/lib/python3.8/site-packages/airflow/example_dags/example_task_group_decorator.py
[2026-07-13T12:46:28.399+0000] {logging_mixin.py:188} INFO - [2026-07-13T12:46:28.399+0000] {dag.py:3036} INFO - Sync 1 DAGs
[2026-07-13T12:46:28.413+0000] {logging_mixin.py:188} INFO - [2026-07-13T12:46:28.413+0000] {dag.py:3823} INFO - Setting next_dagrun for example_task_group_decorator to 2026-07-12 00:00:00+00:00, run_after=2026-07-13 00:00:00+00:00
[2026-07-13T12:46:28.425+0000] {processor.py:183} INFO - Processing /home/airflow/.local/lib/python3.8/site-packages/airflow/example_dags/example_task_group_decorator.py took 0.056 seconds
[2026-07-13T12:47:00.472+0000] {processor.py:161} INFO - Started process (PID=1824) to work on /home/airflow/.local/lib/python3.8/site-packages/airflow/example_dags/example_task_group_decorator.py
[2026-07-13T12:47:00.473+0000] {processor.py:830} INFO - Processing file /home/airflow/.local/lib/python3.8/site-packages/airflow/example_dags/example_task_group_decorator.py for tasks to queue
[2026-07-13T12:47:00.474+0000] {logging_mixin.py:188} INFO - [2026-07-13T12:47:00.474+0000] {dagbag.py:538} INFO - Filling up the DagBag from /home/airflow/.local/lib/python3.8/site-packages/airflow/example_dags/example_task_group_decorator.py
[2026-07-13T12:47:00.484+0000] {processor.py:840} INFO - DAG(s) 'example_task_group_decorator' retrieved from /home/airflow/.local/lib/python3.8/site-packages/airflow/example_dags/example_task_group_decorator.py
[2026-07-13T12:47:00.506+0000] {logging_mixin.py:188} INFO - [2026-07-13T12:47:00.505+0000] {dag.py:3036} INFO - Sync 1 DAGs
[2026-07-13T12:47:00.522+0000] {logging_mixin.py:188} INFO - [2026-07-13T12:47:00.522+0000] {dag.py:3823} INFO - Setting next_dagrun for example_task_group_decorator to 2026-07-12 00:00:00+00:00, run_after=2026-07-13 00:00:00+00:00
[2026-07-13T12:47:00.536+0000] {processor.py:183} INFO - Processing /home/airflow/.local/lib/python3.8/site-packages/airflow/example_dags/example_task_group_decorator.py took 0.066 seconds
[2026-07-13T12:47:31.737+0000] {processor.py:161} INFO - Started process (PID=1880) to work on /home/airflow/.local/lib/python3.8/site-packages/airflow/example_dags/example_task_group_decorator.py
[2026-07-13T12:47:31.738+0000] {processor.py:830} INFO - Processing file /home/airflow/.local/lib/python3.8/site-packages/airflow/example_dags/example_task_group_decorator.py for tasks to queue
[2026-07-13T12:47:31.740+0000] {logging_mixin.py:188} INFO - [2026-07-13T12:47:31.739+0000] {dagbag.py:538} INFO - Filling up the DagBag from /home/airflow/.local/lib/python3.8/site-packages/airflow/example_dags/example_task_group_decorator.py
[2026-07-13T12:47:31.749+0000] {processor.py:840} INFO - DAG(s) 'example_task_group_decorator' retrieved from /home/airflow/.local/lib/python3.8/site-packages/airflow/example_dags/example_task_group_decorator.py
[2026-07-13T12:47:31.767+0000] {logging_mixin.py:188} INFO - [2026-07-13T12:47:31.766+0000] {dag.py:3036} INFO - Sync 1 DAGs
[2026-07-13T12:47:31.782+0000] {logging_mixin.py:188} INFO - [2026-07-13T12:47:31.782+0000] {dag.py:3823} INFO - Setting next_dagrun for example_task_group_decorator to 2026-07-12 00:00:00+00:00, run_after=2026-07-13 00:00:00+00:00
[2026-07-13T12:47:31.794+0000] {processor.py:183} INFO - Processing /home/airflow/.local/lib/python3.8/site-packages/airflow/example_dags/example_task_group_decorator.py took 0.059 seconds
[2026-07-13T12:48:04.177+0000] {processor.py:161} INFO - Started process (PID=1936) to work on /home/airflow/.local/lib/python3.8/site-packages/airflow/example_dags/example_task_group_decorator.py
[2026-07-13T12:48:04.178+0000] {processor.py:830} INFO - Processing file /home/airflow/.local/lib/python3.8/site-packages/airflow/example_dags/example_task_group_decorator.py for tasks to queue
[2026-07-13T12:48:04.179+0000] {logging_mixin.py:188} INFO - [2026-07-13T12:48:04.179+0000] {dagbag.py:538} INFO - Filling up the DagBag from /home/airflow/.local/lib/python3.8/site-packages/airflow/example_dags/example_task_group_decorator.py
[2026-07-13T12:48:04.190+0000] {processor.py:840} INFO - DAG(s) 'example_task_group_decorator' retrieved from /home/airflow/.local/lib/python3.8/site-packages/airflow/example_dags/example_task_group_decorator.py
[2026-07-13T12:48:04.209+0000] {logging_mixin.py:188} INFO - [2026-07-13T12:48:04.209+0000] {dag.py:3036} INFO - Sync 1 DAGs
[2026-07-13T12:48:04.229+0000] {logging_mixin.py:188} INFO - [2026-07-13T12:48:04.228+0000] {dag.py:3823} INFO - Setting next_dagrun for example_task_group_decorator to 2026-07-12 00:00:00+00:00, run_after=2026-07-13 00:00:00+00:00
[2026-07-13T12:48:04.244+0000] {processor.py:183} INFO - Processing /home/airflow/.local/lib/python3.8/site-packages/airflow/example_dags/example_task_group_decorator.py took 0.070 seconds
[2026-07-13T12:48:36.207+0000] {processor.py:161} INFO - Started process (PID=1992) to work on /home/airflow/.local/lib/python3.8/site-packages/airflow/example_dags/example_task_group_decorator.py
[2026-07-13T12:48:36.208+0000] {processor.py:830} INFO - Processing file /home/airflow/.local/lib/python3.8/site-packages/airflow/example_dags/example_task_group_decorator.py for tasks to queue
[2026-07-13T12:48:36.209+0000] {logging_mixin.py:188} INFO - [2026-07-13T12:48:36.209+0000] {dagbag.py:538} INFO - Filling up the DagBag from /home/airflow/.local/lib/python3.8/site-packages/airflow/example_dags/example_task_group_decorator.py
[2026-07-13T12:48:36.219+0000] {processor.py:840} INFO - DAG(s) 'example_task_group_decorator' retrieved from /home/airflow/.local/lib/python3.8/site-packages/airflow/example_dags/example_task_group_decorator.py
[2026-07-13T12:48:36.239+0000] {logging_mixin.py:188} INFO - [2026-07-13T12:48:36.239+0000] {dag.py:3036} INFO - Sync 1 DAGs
[2026-07-13T12:48:36.254+0000] {logging_mixin.py:188} INFO - [2026-07-13T12:48:36.254+0000] {dag.py:3823} INFO - Setting next_dagrun for example_task_group_decorator to 2026-07-12 00:00:00+00:00, run_after=2026-07-13 00:00:00+00:00
[2026-07-13T12:48:36.270+0000] {processor.py:183} INFO - Processing /home/airflow/.local/lib/python3.8/site-packages/airflow/example_dags/example_task_group_decorator.py took 0.065 seconds
[2026-07-13T12:49:12.181+0000] {processor.py:161} INFO - Started process (PID=2056) to work on /home/airflow/.local/lib/python3.8/site-packages/airflow/example_dags/example_task_group_decorator.py
[2026-07-13T12:49:12.184+0000] {processor.py:830} INFO - Processing file /home/airflow/.local/lib/python3.8/site-packages/airflow/example_dags/example_task_group_decorator.py for tasks to queue
[2026-07-13T12:49:12.191+0000] {logging_mixin.py:188} INFO - [2026-07-13T12:49:12.190+0000] {dagbag.py:538} INFO - Filling up the DagBag from /home/airflow/.local/lib/python3.8/site-packages/airflow/example_dags/example_task_group_decorator.py
[2026-07-13T12:49:12.228+0000] {processor.py:840} INFO - DAG(s) 'example_task_group_decorator' retrieved from /home/airflow/.local/lib/python3.8/site-packages/airflow/example_dags/example_task_group_decorator.py
[2026-07-13T12:49:12.353+0000] {logging_mixin.py:188} INFO - [2026-07-13T12:49:12.352+0000] {dag.py:3036} INFO - Sync 1 DAGs
[2026-07-13T12:49:12.462+0000] {logging_mixin.py:188} INFO - [2026-07-13T12:49:12.461+0000] {dag.py:3823} INFO - Setting next_dagrun for example_task_group_decorator to 2026-07-12 00:00:00+00:00, run_after=2026-07-13 00:00:00+00:00
[2026-07-13T12:49:12.547+0000] {processor.py:183} INFO - Processing /home/airflow/.local/lib/python3.8/site-packages/airflow/example_dags/example_task_group_decorator.py took 0.383 seconds
[2026-07-13T13:04:34.585+0000] {processor.py:161} INFO - Started process (PID=75) to work on /home/airflow/.local/lib/python3.8/site-packages/airflow/example_dags/example_task_group_decorator.py
[2026-07-13T13:04:34.586+0000] {processor.py:830} INFO - Processing file /home/airflow/.local/lib/python3.8/site-packages/airflow/example_dags/example_task_group_decorator.py for tasks to queue
[2026-07-13T13:04:34.587+0000] {logging_mixin.py:188} INFO - [2026-07-13T13:04:34.587+0000] {dagbag.py:538} INFO - Filling up the DagBag from /home/airflow/.local/lib/python3.8/site-packages/airflow/example_dags/example_task_group_decorator.py
[2026-07-13T13:04:34.596+0000] {processor.py:840} INFO - DAG(s) 'example_task_group_decorator' retrieved from /home/airflow/.local/lib/python3.8/site-packages/airflow/example_dags/example_task_group_decorator.py
[2026-07-13T13:04:34.611+0000] {logging_mixin.py:188} INFO - [2026-07-13T13:04:34.611+0000] {dag.py:3036} INFO - Sync 1 DAGs
[2026-07-13T13:04:34.625+0000] {logging_mixin.py:188} INFO - [2026-07-13T13:04:34.625+0000] {dag.py:3823} INFO - Setting next_dagrun for example_task_group_decorator to 2026-07-12 00:00:00+00:00, run_after=2026-07-13 00:00:00+00:00
[2026-07-13T13:04:34.638+0000] {processor.py:183} INFO - Processing /home/airflow/.local/lib/python3.8/site-packages/airflow/example_dags/example_task_group_decorator.py took 0.056 seconds
[2026-07-13T13:05:05.550+0000] {processor.py:161} INFO - Started process (PID=131) to work on /home/airflow/.local/lib/python3.8/site-packages/airflow/example_dags/example_task_group_decorator.py
[2026-07-13T13:05:05.551+0000] {processor.py:830} INFO - Processing file /home/airflow/.local/lib/python3.8/site-packages/airflow/example_dags/example_task_group_decorator.py for tasks to queue
[2026-07-13T13:05:05.552+0000] {logging_mixin.py:188} INFO - [2026-07-13T13:05:05.552+0000] {dagbag.py:538} INFO - Filling up the DagBag from /home/airflow/.local/lib/python3.8/site-packages/airflow/example_dags/example_task_group_decorator.py
[2026-07-13T13:05:05.563+0000] {processor.py:840} INFO - DAG(s) 'example_task_group_decorator' retrieved from /home/airflow/.local/lib/python3.8/site-packages/airflow/example_dags/example_task_group_decorator.py
[2026-07-13T13:05:05.583+0000] {logging_mixin.py:188} INFO - [2026-07-13T13:05:05.582+0000] {dag.py:3036} INFO - Sync 1 DAGs
[2026-07-13T13:05:05.597+0000] {logging_mixin.py:188} INFO - [2026-07-13T13:05:05.597+0000] {dag.py:3823} INFO - Setting next_dagrun for example_task_group_decorator to 2026-07-12 00:00:00+00:00, run_after=2026-07-13 00:00:00+00:00
[2026-07-13T13:05:05.609+0000] {processor.py:183} INFO - Processing /home/airflow/.local/lib/python3.8/site-packages/airflow/example_dags/example_task_group_decorator.py took 0.061 seconds
[2026-07-13T13:05:36.146+0000] {processor.py:161} INFO - Started process (PID=188) to work on /home/airflow/.local/lib/python3.8/site-packages/airflow/example_dags/example_task_group_decorator.py
[2026-07-13T13:05:36.147+0000] {processor.py:830} INFO - Processing file /home/airflow/.local/lib/python3.8/site-packages/airflow/example_dags/example_task_group_decorator.py for tasks to queue
[2026-07-13T13:05:36.149+0000] {logging_mixin.py:188} INFO - [2026-07-13T13:05:36.148+0000] {dagbag.py:538} INFO - Filling up the DagBag from /home/airflow/.local/lib/python3.8/site-packages/airflow/example_dags/example_task_group_decorator.py
[2026-07-13T13:05:36.159+0000] {processor.py:840} INFO - DAG(s) 'example_task_group_decorator' retrieved from /home/airflow/.local/lib/python3.8/site-packages/airflow/example_dags/example_task_group_decorator.py
[2026-07-13T13:05:36.180+0000] {logging_mixin.py:188} INFO - [2026-07-13T13:05:36.179+0000] {dag.py:3036} INFO - Sync 1 DAGs
[2026-07-13T13:05:36.196+0000] {logging_mixin.py:188} INFO - [2026-07-13T13:05:36.195+0000] {dag.py:3823} INFO - Setting next_dagrun for example_task_group_decorator to 2026-07-12 00:00:00+00:00, run_after=2026-07-13 00:00:00+00:00
[2026-07-13T13:05:36.210+0000] {processor.py:183} INFO - Processing /home/airflow/.local/lib/python3.8/site-packages/airflow/example_dags/example_task_group_decorator.py took 0.068 seconds
[2026-07-13T13:06:06.402+0000] {processor.py:161} INFO - Started process (PID=244) to work on /home/airflow/.local/lib/python3.8/site-packages/airflow/example_dags/example_task_group_decorator.py
[2026-07-13T13:06:06.403+0000] {processor.py:830} INFO - Processing file /home/airflow/.local/lib/python3.8/site-packages/airflow/example_dags/example_task_group_decorator.py for tasks to queue
[2026-07-13T13:06:06.405+0000] {logging_mixin.py:188} INFO - [2026-07-13T13:06:06.404+0000] {dagbag.py:538} INFO - Filling up the DagBag from /home/airflow/.local/lib/python3.8/site-packages/airflow/example_dags/example_task_group_decorator.py
[2026-07-13T13:06:06.413+0000] {processor.py:840} INFO - DAG(s) 'example_task_group_decorator' retrieved from /home/airflow/.local/lib/python3.8/site-packages/airflow/example_dags/example_task_group_decorator.py
[2026-07-13T13:06:06.430+0000] {logging_mixin.py:188} INFO - [2026-07-13T13:06:06.429+0000] {dag.py:3036} INFO - Sync 1 DAGs
[2026-07-13T13:06:06.444+0000] {logging_mixin.py:188} INFO - [2026-07-13T13:06:06.444+0000] {dag.py:3823} INFO - Setting next_dagrun for example_task_group_decorator to 2026-07-12 00:00:00+00:00, run_after=2026-07-13 00:00:00+00:00
[2026-07-13T13:06:06.456+0000] {processor.py:183} INFO - Processing /home/airflow/.local/lib/python3.8/site-packages/airflow/example_dags/example_task_group_decorator.py took 0.056 seconds
[2026-07-13T13:06:37.782+0000] {processor.py:161} INFO - Started process (PID=300) to work on /home/airflow/.local/lib/python3.8/site-packages/airflow/example_dags/example_task_group_decorator.py
[2026-07-13T13:06:37.783+0000] {processor.py:830} INFO - Processing file /home/airflow/.local/lib/python3.8/site-packages/airflow/example_dags/example_task_group_decorator.py for tasks to queue
[2026-07-13T13:06:37.785+0000] {logging_mixin.py:188} INFO - [2026-07-13T13:06:37.785+0000] {dagbag.py:538} INFO - Filling up the DagBag from /home/airflow/.local/lib/python3.8/site-packages/airflow/example_dags/example_task_group_decorator.py
[2026-07-13T13:06:37.798+0000] {processor.py:840} INFO - DAG(s) 'example_task_group_decorator' retrieved from /home/airflow/.local/lib/python3.8/site-packages/airflow/example_dags/example_task_group_decorator.py
[2026-07-13T13:06:37.827+0000] {logging_mixin.py:188} INFO - [2026-07-13T13:06:37.827+0000] {dag.py:3036} INFO - Sync 1 DAGs
[2026-07-13T13:06:37.850+0000] {logging_mixin.py:188} INFO - [2026-07-13T13:06:37.850+0000] {dag.py:3823} INFO - Setting next_dagrun for example_task_group_decorator to 2026-07-12 00:00:00+00:00, run_after=2026-07-13 00:00:00+00:00
[2026-07-13T13:06:37.866+0000] {processor.py:183} INFO - Processing /home/airflow/.local/lib/python3.8/site-packages/airflow/example_dags/example_task_group_decorator.py took 0.087 seconds
[2026-07-13T13:07:07.912+0000] {processor.py:161} INFO - Started process (PID=356) to work on /home/airflow/.local/lib/python3.8/site-packages/airflow/example_dags/example_task_group_decorator.py
[2026-07-13T13:07:07.913+0000] {processor.py:830} INFO - Processing file /home/airflow/.local/lib/python3.8/site-packages/airflow/example_dags/example_task_group_decorator.py for tasks to queue
[2026-07-13T13:07:07.914+0000] {logging_mixin.py:188} INFO - [2026-07-13T13:07:07.914+0000] {dagbag.py:538} INFO - Filling up the DagBag from /home/airflow/.local/lib/python3.8/site-packages/airflow/example_dags/example_task_group_decorator.py
[2026-07-13T13:07:07.923+0000] {processor.py:840} INFO - DAG(s) 'example_task_group_decorator' retrieved from /home/airflow/.local/lib/python3.8/site-packages/airflow/example_dags/example_task_group_decorator.py
[2026-07-13T13:07:07.942+0000] {logging_mixin.py:188} INFO - [2026-07-13T13:07:07.941+0000] {dag.py:3036} INFO - Sync 1 DAGs
[2026-07-13T13:07:07.959+0000] {logging_mixin.py:188} INFO - [2026-07-13T13:07:07.959+0000] {dag.py:3823} INFO - Setting next_dagrun for example_task_group_decorator to 2026-07-12 00:00:00+00:00, run_after=2026-07-13 00:00:00+00:00
[2026-07-13T13:07:07.974+0000] {processor.py:183} INFO - Processing /home/airflow/.local/lib/python3.8/site-packages/airflow/example_dags/example_task_group_decorator.py took 0.065 seconds
[2026-07-13T13:07:38.939+0000] {processor.py:161} INFO - Started process (PID=412) to work on /home/airflow/.local/lib/python3.8/site-packages/airflow/example_dags/example_task_group_decorator.py
[2026-07-13T13:07:38.940+0000] {processor.py:830} INFO - Processing file /home/airflow/.local/lib/python3.8/site-packages/airflow/example_dags/example_task_group_decorator.py for tasks to queue
[2026-07-13T13:07:38.941+0000] {logging_mixin.py:188} INFO - [2026-07-13T13:07:38.941+0000] {dagbag.py:538} INFO - Filling up the DagBag from /home/airflow/.local/lib/python3.8/site-packages/airflow/example_dags/example_task_group_decorator.py
[2026-07-13T13:07:38.950+0000] {processor.py:840} INFO - DAG(s) 'example_task_group_decorator' retrieved from /home/airflow/.local/lib/python3.8/site-packages/airflow/example_dags/example_task_group_decorator.py
[2026-07-13T13:07:38.968+0000] {logging_mixin.py:188} INFO - [2026-07-13T13:07:38.967+0000] {dag.py:3036} INFO - Sync 1 DAGs
[2026-07-13T13:07:38.983+0000] {logging_mixin.py:188} INFO - [2026-07-13T13:07:38.982+0000] {dag.py:3823} INFO - Setting next_dagrun for example_task_group_decorator to 2026-07-12 00:00:00+00:00, run_after=2026-07-13 00:00:00+00:00
[2026-07-13T13:07:38.995+0000] {processor.py:183} INFO - Processing /home/airflow/.local/lib/python3.8/site-packages/airflow/example_dags/example_task_group_decorator.py took 0.060 seconds
[2026-07-13T13:08:11.208+0000] {processor.py:161} INFO - Started process (PID=468) to work on /home/airflow/.local/lib/python3.8/site-packages/airflow/example_dags/example_task_group_decorator.py
[2026-07-13T13:08:11.209+0000] {processor.py:830} INFO - Processing file /home/airflow/.local/lib/python3.8/site-packages/airflow/example_dags/example_task_group_decorator.py for tasks to queue
[2026-07-13T13:08:11.211+0000] {logging_mixin.py:188} INFO - [2026-07-13T13:08:11.211+0000] {dagbag.py:538} INFO - Filling up the DagBag from /home/airflow/.local/lib/python3.8/site-packages/airflow/example_dags/example_task_group_decorator.py
[2026-07-13T13:08:11.221+0000] {processor.py:840} INFO - DAG(s) 'example_task_group_decorator' retrieved from /home/airflow/.local/lib/python3.8/site-packages/airflow/example_dags/example_task_group_decorator.py
[2026-07-13T13:08:11.242+0000] {logging_mixin.py:188} INFO - [2026-07-13T13:08:11.242+0000] {dag.py:3036} INFO - Sync 1 DAGs
[2026-07-13T13:08:11.260+0000] {logging_mixin.py:188} INFO - [2026-07-13T13:08:11.260+0000] {dag.py:3823} INFO - Setting next_dagrun for example_task_group_decorator to 2026-07-12 00:00:00+00:00, run_after=2026-07-13 00:00:00+00:00
[2026-07-13T13:08:11.278+0000] {processor.py:183} INFO - Processing /home/airflow/.local/lib/python3.8/site-packages/airflow/example_dags/example_task_group_decorator.py took 0.073 seconds
[2026-07-13T13:08:42.614+0000] {processor.py:161} INFO - Started process (PID=524) to work on /home/airflow/.local/lib/python3.8/site-packages/airflow/example_dags/example_task_group_decorator.py
[2026-07-13T13:08:42.615+0000] {processor.py:830} INFO - Processing file /home/airflow/.local/lib/python3.8/site-packages/airflow/example_dags/example_task_group_decorator.py for tasks to queue
[2026-07-13T13:08:42.616+0000] {logging_mixin.py:188} INFO - [2026-07-13T13:08:42.616+0000] {dagbag.py:538} INFO - Filling up the DagBag from /home/airflow/.local/lib/python3.8/site-packages/airflow/example_dags/example_task_group_decorator.py
[2026-07-13T13:08:42.625+0000] {processor.py:840} INFO - DAG(s) 'example_task_group_decorator' retrieved from /home/airflow/.local/lib/python3.8/site-packages/airflow/example_dags/example_task_group_decorator.py
[2026-07-13T13:08:42.656+0000] {logging_mixin.py:188} INFO - [2026-07-13T13:08:42.656+0000] {dag.py:3036} INFO - Sync 1 DAGs
[2026-07-13T13:08:42.675+0000] {logging_mixin.py:188} INFO - [2026-07-13T13:08:42.674+0000] {dag.py:3823} INFO - Setting next_dagrun for example_task_group_decorator to 2026-07-12 00:00:00+00:00, run_after=2026-07-13 00:00:00+00:00
[2026-07-13T13:08:42.688+0000] {processor.py:183} INFO - Processing /home/airflow/.local/lib/python3.8/site-packages/airflow/example_dags/example_task_group_decorator.py took 0.077 seconds
[2026-07-13T13:09:15.300+0000] {processor.py:161} INFO - Started process (PID=580) to work on /home/airflow/.local/lib/python3.8/site-packages/airflow/example_dags/example_task_group_decorator.py
[2026-07-13T13:09:15.301+0000] {processor.py:830} INFO - Processing file /home/airflow/.local/lib/python3.8/site-packages/airflow/example_dags/example_task_group_decorator.py for tasks to queue
[2026-07-13T13:09:15.303+0000] {logging_mixin.py:188} INFO - [2026-07-13T13:09:15.303+0000] {dagbag.py:538} INFO - Filling up the DagBag from /home/airflow/.local/lib/python3.8/site-packages/airflow/example_dags/example_task_group_decorator.py
[2026-07-13T13:09:15.313+0000] {processor.py:840} INFO - DAG(s) 'example_task_group_decorator' retrieved from /home/airflow/.local/lib/python3.8/site-packages/airflow/example_dags/example_task_group_decorator.py
[2026-07-13T13:09:15.334+0000] {logging_mixin.py:188} INFO - [2026-07-13T13:09:15.334+0000] {dag.py:3036} INFO - Sync 1 DAGs
[2026-07-13T13:09:15.356+0000] {logging_mixin.py:188} INFO - [2026-07-13T13:09:15.355+0000] {dag.py:3823} INFO - Setting next_dagrun for example_task_group_decorator to 2026-07-12 00:00:00+00:00, run_after=2026-07-13 00:00:00+00:00
[2026-07-13T13:09:15.377+0000] {processor.py:183} INFO - Processing /home/airflow/.local/lib/python3.8/site-packages/airflow/example_dags/example_task_group_decorator.py took 0.079 seconds
[2026-07-13T13:11:57.218+0000] {processor.py:161} INFO - Started process (PID=101) to work on /home/airflow/.local/lib/python3.8/site-packages/airflow/example_dags/example_task_group_decorator.py
[2026-07-13T13:11:57.219+0000] {processor.py:830} INFO - Processing file /home/airflow/.local/lib/python3.8/site-packages/airflow/example_dags/example_task_group_decorator.py for tasks to queue
[2026-07-13T13:11:57.221+0000] {logging_mixin.py:188} INFO - [2026-07-13T13:11:57.221+0000] {dagbag.py:538} INFO - Filling up the DagBag from /home/airflow/.local/lib/python3.8/site-packages/airflow/example_dags/example_task_group_decorator.py
[2026-07-13T13:11:57.236+0000] {processor.py:840} INFO - DAG(s) 'example_task_group_decorator' retrieved from /home/airflow/.local/lib/python3.8/site-packages/airflow/example_dags/example_task_group_decorator.py
[2026-07-13T13:11:57.258+0000] {logging_mixin.py:188} INFO - [2026-07-13T13:11:57.258+0000] {dag.py:3036} INFO - Sync 1 DAGs
[2026-07-13T13:11:57.279+0000] {logging_mixin.py:188} INFO - [2026-07-13T13:11:57.279+0000] {dag.py:3823} INFO - Setting next_dagrun for example_task_group_decorator to 2026-07-12 00:00:00+00:00, run_after=2026-07-13 00:00:00+00:00
[2026-07-13T13:11:57.299+0000] {processor.py:183} INFO - Processing /home/airflow/.local/lib/python3.8/site-packages/airflow/example_dags/example_task_group_decorator.py took 0.084 seconds
[2026-07-13T13:12:28.119+0000] {processor.py:161} INFO - Started process (PID=162) to work on /home/airflow/.local/lib/python3.8/site-packages/airflow/example_dags/example_task_group_decorator.py
[2026-07-13T13:12:28.121+0000] {processor.py:830} INFO - Processing file /home/airflow/.local/lib/python3.8/site-packages/airflow/example_dags/example_task_group_decorator.py for tasks to queue
[2026-07-13T13:12:28.125+0000] {logging_mixin.py:188} INFO - [2026-07-13T13:12:28.124+0000] {dagbag.py:538} INFO - Filling up the DagBag from /home/airflow/.local/lib/python3.8/site-packages/airflow/example_dags/example_task_group_decorator.py
[2026-07-13T13:12:28.139+0000] {processor.py:840} INFO - DAG(s) 'example_task_group_decorator' retrieved from /home/airflow/.local/lib/python3.8/site-packages/airflow/example_dags/example_task_group_decorator.py
[2026-07-13T13:12:28.164+0000] {logging_mixin.py:188} INFO - [2026-07-13T13:12:28.164+0000] {dag.py:3036} INFO - Sync 1 DAGs
[2026-07-13T13:12:28.182+0000] {logging_mixin.py:188} INFO - [2026-07-13T13:12:28.182+0000] {dag.py:3823} INFO - Setting next_dagrun for example_task_group_decorator to 2026-07-12 00:00:00+00:00, run_after=2026-07-13 00:00:00+00:00
[2026-07-13T13:12:28.210+0000] {processor.py:183} INFO - Processing /home/airflow/.local/lib/python3.8/site-packages/airflow/example_dags/example_task_group_decorator.py took 0.095 seconds
[2026-07-13T13:12:59.065+0000] {processor.py:161} INFO - Started process (PID=218) to work on /home/airflow/.local/lib/python3.8/site-packages/airflow/example_dags/example_task_group_decorator.py
[2026-07-13T13:12:59.066+0000] {processor.py:830} INFO - Processing file /home/airflow/.local/lib/python3.8/site-packages/airflow/example_dags/example_task_group_decorator.py for tasks to queue
[2026-07-13T13:12:59.068+0000] {logging_mixin.py:188} INFO - [2026-07-13T13:12:59.067+0000] {dagbag.py:538} INFO - Filling up the DagBag from /home/airflow/.local/lib/python3.8/site-packages/airflow/example_dags/example_task_group_decorator.py
[2026-07-13T13:12:59.077+0000] {processor.py:840} INFO - DAG(s) 'example_task_group_decorator' retrieved from /home/airflow/.local/lib/python3.8/site-packages/airflow/example_dags/example_task_group_decorator.py
[2026-07-13T13:12:59.094+0000] {logging_mixin.py:188} INFO - [2026-07-13T13:12:59.094+0000] {dag.py:3036} INFO - Sync 1 DAGs
[2026-07-13T13:12:59.107+0000] {logging_mixin.py:188} INFO - [2026-07-13T13:12:59.107+0000] {dag.py:3823} INFO - Setting next_dagrun for example_task_group_decorator to 2026-07-12 00:00:00+00:00, run_after=2026-07-13 00:00:00+00:00
[2026-07-13T13:12:59.122+0000] {processor.py:183} INFO - Processing /home/airflow/.local/lib/python3.8/site-packages/airflow/example_dags/example_task_group_decorator.py took 0.060 seconds
[2026-07-13T13:13:29.826+0000] {processor.py:161} INFO - Started process (PID=274) to work on /home/airflow/.local/lib/python3.8/site-packages/airflow/example_dags/example_task_group_decorator.py
[2026-07-13T13:13:29.827+0000] {processor.py:830} INFO - Processing file /home/airflow/.local/lib/python3.8/site-packages/airflow/example_dags/example_task_group_decorator.py for tasks to queue
[2026-07-13T13:13:29.829+0000] {logging_mixin.py:188} INFO - [2026-07-13T13:13:29.829+0000] {dagbag.py:538} INFO - Filling up the DagBag from /home/airflow/.local/lib/python3.8/site-packages/airflow/example_dags/example_task_group_decorator.py
[2026-07-13T13:13:29.839+0000] {processor.py:840} INFO - DAG(s) 'example_task_group_decorator' retrieved from /home/airflow/.local/lib/python3.8/site-packages/airflow/example_dags/example_task_group_decorator.py
[2026-07-13T13:13:29.856+0000] {logging_mixin.py:188} INFO - [2026-07-13T13:13:29.856+0000] {dag.py:3036} INFO - Sync 1 DAGs
[2026-07-13T13:13:29.869+0000] {logging_mixin.py:188} INFO - [2026-07-13T13:13:29.869+0000] {dag.py:3823} INFO - Setting next_dagrun for example_task_group_decorator to 2026-07-12 00:00:00+00:00, run_after=2026-07-13 00:00:00+00:00
[2026-07-13T13:13:29.883+0000] {processor.py:183} INFO - Processing /home/airflow/.local/lib/python3.8/site-packages/airflow/example_dags/example_task_group_decorator.py took 0.060 seconds
[2026-07-13T13:14:01.428+0000] {processor.py:161} INFO - Started process (PID=324) to work on /home/airflow/.local/lib/python3.8/site-packages/airflow/example_dags/example_task_group_decorator.py
[2026-07-13T13:14:01.428+0000] {processor.py:830} INFO - Processing file /home/airflow/.local/lib/python3.8/site-packages/airflow/example_dags/example_task_group_decorator.py for tasks to queue
[2026-07-13T13:14:01.430+0000] {logging_mixin.py:188} INFO - [2026-07-13T13:14:01.430+0000] {dagbag.py:538} INFO - Filling up the DagBag from /home/airflow/.local/lib/python3.8/site-packages/airflow/example_dags/example_task_group_decorator.py
[2026-07-13T13:14:01.439+0000] {processor.py:840} INFO - DAG(s) 'example_task_group_decorator' retrieved from /home/airflow/.local/lib/python3.8/site-packages/airflow/example_dags/example_task_group_decorator.py
[2026-07-13T13:14:01.457+0000] {logging_mixin.py:188} INFO - [2026-07-13T13:14:01.457+0000] {dag.py:3036} INFO - Sync 1 DAGs
[2026-07-13T13:14:01.471+0000] {logging_mixin.py:188} INFO - [2026-07-13T13:14:01.471+0000] {dag.py:3823} INFO - Setting next_dagrun for example_task_group_decorator to 2026-07-12 00:00:00+00:00, run_after=2026-07-13 00:00:00+00:00
[2026-07-13T13:14:01.486+0000] {processor.py:183} INFO - Processing /home/airflow/.local/lib/python3.8/site-packages/airflow/example_dags/example_task_group_decorator.py took 0.061 seconds
[2026-07-13T13:14:33.998+0000] {processor.py:161} INFO - Started process (PID=380) to work on /home/airflow/.local/lib/python3.8/site-packages/airflow/example_dags/example_task_group_decorator.py
[2026-07-13T13:14:33.999+0000] {processor.py:830} INFO - Processing file /home/airflow/.local/lib/python3.8/site-packages/airflow/example_dags/example_task_group_decorator.py for tasks to queue
[2026-07-13T13:14:34.001+0000] {logging_mixin.py:188} INFO - [2026-07-13T13:14:34.000+0000] {dagbag.py:538} INFO - Filling up the DagBag from /home/airflow/.local/lib/python3.8/site-packages/airflow/example_dags/example_task_group_decorator.py
[2026-07-13T13:14:34.011+0000] {processor.py:840} INFO - DAG(s) 'example_task_group_decorator' retrieved from /home/airflow/.local/lib/python3.8/site-packages/airflow/example_dags/example_task_group_decorator.py
[2026-07-13T13:14:34.029+0000] {logging_mixin.py:188} INFO - [2026-07-13T13:14:34.028+0000] {dag.py:3036} INFO - Sync 1 DAGs
[2026-07-13T13:14:34.043+0000] {logging_mixin.py:188} INFO - [2026-07-13T13:14:34.043+0000] {dag.py:3823} INFO - Setting next_dagrun for example_task_group_decorator to 2026-07-12 00:00:00+00:00, run_after=2026-07-13 00:00:00+00:00
[2026-07-13T13:14:34.057+0000] {processor.py:183} INFO - Processing /home/airflow/.local/lib/python3.8/site-packages/airflow/example_dags/example_task_group_decorator.py took 0.061 seconds
[2026-07-13T13:15:06.235+0000] {processor.py:161} INFO - Started process (PID=436) to work on /home/airflow/.local/lib/python3.8/site-packages/airflow/example_dags/example_task_group_decorator.py
[2026-07-13T13:15:06.236+0000] {processor.py:830} INFO - Processing file /home/airflow/.local/lib/python3.8/site-packages/airflow/example_dags/example_task_group_decorator.py for tasks to queue
[2026-07-13T13:15:06.237+0000] {logging_mixin.py:188} INFO - [2026-07-13T13:15:06.237+0000] {dagbag.py:538} INFO - Filling up the DagBag from /home/airflow/.local/lib/python3.8/site-packages/airflow/example_dags/example_task_group_decorator.py
[2026-07-13T13:15:06.246+0000] {processor.py:840} INFO - DAG(s) 'example_task_group_decorator' retrieved from /home/airflow/.local/lib/python3.8/site-packages/airflow/example_dags/example_task_group_decorator.py
[2026-07-13T13:15:06.264+0000] {logging_mixin.py:188} INFO - [2026-07-13T13:15:06.264+0000] {dag.py:3036} INFO - Sync 1 DAGs
[2026-07-13T13:15:06.277+0000] {logging_mixin.py:188} INFO - [2026-07-13T13:15:06.277+0000] {dag.py:3823} INFO - Setting next_dagrun for example_task_group_decorator to 2026-07-12 00:00:00+00:00, run_after=2026-07-13 00:00:00+00:00
[2026-07-13T13:15:06.291+0000] {processor.py:183} INFO - Processing /home/airflow/.local/lib/python3.8/site-packages/airflow/example_dags/example_task_group_decorator.py took 0.059 seconds
[2026-07-13T13:15:37.898+0000] {processor.py:161} INFO - Started process (PID=492) to work on /home/airflow/.local/lib/python3.8/site-packages/airflow/example_dags/example_task_group_decorator.py
[2026-07-13T13:15:37.900+0000] {processor.py:830} INFO - Processing file /home/airflow/.local/lib/python3.8/site-packages/airflow/example_dags/example_task_group_decorator.py for tasks to queue
[2026-07-13T13:15:37.903+0000] {logging_mixin.py:188} INFO - [2026-07-13T13:15:37.902+0000] {dagbag.py:538} INFO - Filling up the DagBag from /home/airflow/.local/lib/python3.8/site-packages/airflow/example_dags/example_task_group_decorator.py
[2026-07-13T13:15:37.913+0000] {processor.py:840} INFO - DAG(s) 'example_task_group_decorator' retrieved from /home/airflow/.local/lib/python3.8/site-packages/airflow/example_dags/example_task_group_decorator.py
[2026-07-13T13:15:37.930+0000] {logging_mixin.py:188} INFO - [2026-07-13T13:15:37.930+0000] {dag.py:3036} INFO - Sync 1 DAGs
[2026-07-13T13:15:37.946+0000] {logging_mixin.py:188} INFO - [2026-07-13T13:15:37.945+0000] {dag.py:3823} INFO - Setting next_dagrun for example_task_group_decorator to 2026-07-12 00:00:00+00:00, run_after=2026-07-13 00:00:00+00:00
[2026-07-13T13:15:37.960+0000] {processor.py:183} INFO - Processing /home/airflow/.local/lib/python3.8/site-packages/airflow/example_dags/example_task_group_decorator.py took 0.065 seconds
[2026-07-13T13:16:08.193+0000] {processor.py:161} INFO - Started process (PID=548) to work on /home/airflow/.local/lib/python3.8/site-packages/airflow/example_dags/example_task_group_decorator.py
[2026-07-13T13:16:08.194+0000] {processor.py:830} INFO - Processing file /home/airflow/.local/lib/python3.8/site-packages/airflow/example_dags/example_task_group_decorator.py for tasks to queue
[2026-07-13T13:16:08.196+0000] {logging_mixin.py:188} INFO - [2026-07-13T13:16:08.195+0000] {dagbag.py:538} INFO - Filling up the DagBag from /home/airflow/.local/lib/python3.8/site-packages/airflow/example_dags/example_task_group_decorator.py
[2026-07-13T13:16:08.207+0000] {processor.py:840} INFO - DAG(s) 'example_task_group_decorator' retrieved from /home/airflow/.local/lib/python3.8/site-packages/airflow/example_dags/example_task_group_decorator.py
[2026-07-13T13:16:08.228+0000] {logging_mixin.py:188} INFO - [2026-07-13T13:16:08.227+0000] {dag.py:3036} INFO - Sync 1 DAGs
[2026-07-13T13:16:08.241+0000] {logging_mixin.py:188} INFO - [2026-07-13T13:16:08.241+0000] {dag.py:3823} INFO - Setting next_dagrun for example_task_group_decorator to 2026-07-12 00:00:00+00:00, run_after=2026-07-13 00:00:00+00:00
[2026-07-13T13:16:08.256+0000] {processor.py:183} INFO - Processing /home/airflow/.local/lib/python3.8/site-packages/airflow/example_dags/example_task_group_decorator.py took 0.067 seconds
[2026-07-13T13:16:38.348+0000] {processor.py:161} INFO - Started process (PID=604) to work on /home/airflow/.local/lib/python3.8/site-packages/airflow/example_dags/example_task_group_decorator.py
[2026-07-13T13:16:38.353+0000] {processor.py:830} INFO - Processing file /home/airflow/.local/lib/python3.8/site-packages/airflow/example_dags/example_task_group_decorator.py for tasks to queue
[2026-07-13T13:16:38.361+0000] {logging_mixin.py:188} INFO - [2026-07-13T13:16:38.359+0000] {dagbag.py:538} INFO - Filling up the DagBag from /home/airflow/.local/lib/python3.8/site-packages/airflow/example_dags/example_task_group_decorator.py
[2026-07-13T13:16:38.398+0000] {processor.py:840} INFO - DAG(s) 'example_task_group_decorator' retrieved from /home/airflow/.local/lib/python3.8/site-packages/airflow/example_dags/example_task_group_decorator.py
[2026-07-13T13:16:38.431+0000] {logging_mixin.py:188} INFO - [2026-07-13T13:16:38.430+0000] {dag.py:3036} INFO - Sync 1 DAGs
[2026-07-13T13:16:38.452+0000] {logging_mixin.py:188} INFO - [2026-07-13T13:16:38.452+0000] {dag.py:3823} INFO - Setting next_dagrun for example_task_group_decorator to 2026-07-12 00:00:00+00:00, run_after=2026-07-13 00:00:00+00:00
[2026-07-13T13:16:38.476+0000] {processor.py:183} INFO - Processing /home/airflow/.local/lib/python3.8/site-packages/airflow/example_dags/example_task_group_decorator.py took 0.137 seconds
[2026-07-13T13:17:08.998+0000] {processor.py:161} INFO - Started process (PID=660) to work on /home/airflow/.local/lib/python3.8/site-packages/airflow/example_dags/example_task_group_decorator.py
[2026-07-13T13:17:08.999+0000] {processor.py:830} INFO - Processing file /home/airflow/.local/lib/python3.8/site-packages/airflow/example_dags/example_task_group_decorator.py for tasks to queue
[2026-07-13T13:17:09.000+0000] {logging_mixin.py:188} INFO - [2026-07-13T13:17:09.000+0000] {dagbag.py:538} INFO - Filling up the DagBag from /home/airflow/.local/lib/python3.8/site-packages/airflow/example_dags/example_task_group_decorator.py
[2026-07-13T13:17:09.011+0000] {processor.py:840} INFO - DAG(s) 'example_task_group_decorator' retrieved from /home/airflow/.local/lib/python3.8/site-packages/airflow/example_dags/example_task_group_decorator.py
[2026-07-13T13:17:09.032+0000] {logging_mixin.py:188} INFO - [2026-07-13T13:17:09.032+0000] {dag.py:3036} INFO - Sync 1 DAGs
[2026-07-13T13:17:09.048+0000] {logging_mixin.py:188} INFO - [2026-07-13T13:17:09.048+0000] {dag.py:3823} INFO - Setting next_dagrun for example_task_group_decorator to 2026-07-12 00:00:00+00:00, run_after=2026-07-13 00:00:00+00:00
[2026-07-13T13:17:09.063+0000] {processor.py:183} INFO - Processing /home/airflow/.local/lib/python3.8/site-packages/airflow/example_dags/example_task_group_decorator.py took 0.070 seconds
[2026-07-13T13:17:40.643+0000] {processor.py:161} INFO - Started process (PID=716) to work on /home/airflow/.local/lib/python3.8/site-packages/airflow/example_dags/example_task_group_decorator.py
[2026-07-13T13:17:40.645+0000] {processor.py:830} INFO - Processing file /home/airflow/.local/lib/python3.8/site-packages/airflow/example_dags/example_task_group_decorator.py for tasks to queue
[2026-07-13T13:17:40.648+0000] {logging_mixin.py:188} INFO - [2026-07-13T13:17:40.647+0000] {dagbag.py:538} INFO - Filling up the DagBag from /home/airflow/.local/lib/python3.8/site-packages/airflow/example_dags/example_task_group_decorator.py
[2026-07-13T13:17:40.660+0000] {processor.py:840} INFO - DAG(s) 'example_task_group_decorator' retrieved from /home/airflow/.local/lib/python3.8/site-packages/airflow/example_dags/example_task_group_decorator.py
[2026-07-13T13:17:40.683+0000] {logging_mixin.py:188} INFO - [2026-07-13T13:17:40.682+0000] {dag.py:3036} INFO - Sync 1 DAGs
[2026-07-13T13:17:40.702+0000] {logging_mixin.py:188} INFO - [2026-07-13T13:17:40.702+0000] {dag.py:3823} INFO - Setting next_dagrun for example_task_group_decorator to 2026-07-12 00:00:00+00:00, run_after=2026-07-13 00:00:00+00:00
[2026-07-13T13:17:40.722+0000] {processor.py:183} INFO - Processing /home/airflow/.local/lib/python3.8/site-packages/airflow/example_dags/example_task_group_decorator.py took 0.083 seconds
[2026-07-13T13:18:13.666+0000] {processor.py:161} INFO - Started process (PID=772) to work on /home/airflow/.local/lib/python3.8/site-packages/airflow/example_dags/example_task_group_decorator.py
[2026-07-13T13:18:13.667+0000] {processor.py:830} INFO - Processing file /home/airflow/.local/lib/python3.8/site-packages/airflow/example_dags/example_task_group_decorator.py for tasks to queue
[2026-07-13T13:18:13.668+0000] {logging_mixin.py:188} INFO - [2026-07-13T13:18:13.668+0000] {dagbag.py:538} INFO - Filling up the DagBag from /home/airflow/.local/lib/python3.8/site-packages/airflow/example_dags/example_task_group_decorator.py
[2026-07-13T13:18:13.681+0000] {processor.py:840} INFO - DAG(s) 'example_task_group_decorator' retrieved from /home/airflow/.local/lib/python3.8/site-packages/airflow/example_dags/example_task_group_decorator.py
[2026-07-13T13:18:13.704+0000] {logging_mixin.py:188} INFO - [2026-07-13T13:18:13.703+0000] {dag.py:3036} INFO - Sync 1 DAGs
[2026-07-13T13:18:13.720+0000] {logging_mixin.py:188} INFO - [2026-07-13T13:18:13.720+0000] {dag.py:3823} INFO - Setting next_dagrun for example_task_group_decorator to 2026-07-12 00:00:00+00:00, run_after=2026-07-13 00:00:00+00:00
[2026-07-13T13:18:13.739+0000] {processor.py:183} INFO - Processing /home/airflow/.local/lib/python3.8/site-packages/airflow/example_dags/example_task_group_decorator.py took 0.076 seconds
[2026-07-13T13:18:46.290+0000] {processor.py:161} INFO - Started process (PID=828) to work on /home/airflow/.local/lib/python3.8/site-packages/airflow/example_dags/example_task_group_decorator.py
[2026-07-13T13:18:46.292+0000] {processor.py:830} INFO - Processing file /home/airflow/.local/lib/python3.8/site-packages/airflow/example_dags/example_task_group_decorator.py for tasks to queue
[2026-07-13T13:18:46.293+0000] {logging_mixin.py:188} INFO - [2026-07-13T13:18:46.293+0000] {dagbag.py:538} INFO - Filling up the DagBag from /home/airflow/.local/lib/python3.8/site-packages/airflow/example_dags/example_task_group_decorator.py
[2026-07-13T13:18:46.305+0000] {processor.py:840} INFO - DAG(s) 'example_task_group_decorator' retrieved from /home/airflow/.local/lib/python3.8/site-packages/airflow/example_dags/example_task_group_decorator.py
[2026-07-13T13:18:46.328+0000] {logging_mixin.py:188} INFO - [2026-07-13T13:18:46.327+0000] {dag.py:3036} INFO - Sync 1 DAGs
[2026-07-13T13:18:46.348+0000] {logging_mixin.py:188} INFO - [2026-07-13T13:18:46.348+0000] {dag.py:3823} INFO - Setting next_dagrun for example_task_group_decorator to 2026-07-12 00:00:00+00:00, run_after=2026-07-13 00:00:00+00:00
[2026-07-13T13:18:46.371+0000] {processor.py:183} INFO - Processing /home/airflow/.local/lib/python3.8/site-packages/airflow/example_dags/example_task_group_decorator.py took 0.084 seconds
[2026-07-13T13:19:16.860+0000] {processor.py:161} INFO - Started process (PID=885) to work on /home/airflow/.local/lib/python3.8/site-packages/airflow/example_dags/example_task_group_decorator.py
[2026-07-13T13:19:16.863+0000] {processor.py:830} INFO - Processing file /home/airflow/.local/lib/python3.8/site-packages/airflow/example_dags/example_task_group_decorator.py for tasks to queue
[2026-07-13T13:19:16.866+0000] {logging_mixin.py:188} INFO - [2026-07-13T13:19:16.866+0000] {dagbag.py:538} INFO - Filling up the DagBag from /home/airflow/.local/lib/python3.8/site-packages/airflow/example_dags/example_task_group_decorator.py
[2026-07-13T13:19:16.894+0000] {processor.py:840} INFO - DAG(s) 'example_task_group_decorator' retrieved from /home/airflow/.local/lib/python3.8/site-packages/airflow/example_dags/example_task_group_decorator.py
[2026-07-13T13:19:16.941+0000] {logging_mixin.py:188} INFO - [2026-07-13T13:19:16.941+0000] {dag.py:3036} INFO - Sync 1 DAGs
[2026-07-13T13:19:16.975+0000] {logging_mixin.py:188} INFO - [2026-07-13T13:19:16.975+0000] {dag.py:3823} INFO - Setting next_dagrun for example_task_group_decorator to 2026-07-12 00:00:00+00:00, run_after=2026-07-13 00:00:00+00:00
[2026-07-13T13:19:17.005+0000] {processor.py:183} INFO - Processing /home/airflow/.local/lib/python3.8/site-packages/airflow/example_dags/example_task_group_decorator.py took 0.150 seconds
[2026-07-13T13:19:47.138+0000] {processor.py:161} INFO - Started process (PID=941) to work on /home/airflow/.local/lib/python3.8/site-packages/airflow/example_dags/example_task_group_decorator.py
[2026-07-13T13:19:47.140+0000] {processor.py:830} INFO - Processing file /home/airflow/.local/lib/python3.8/site-packages/airflow/example_dags/example_task_group_decorator.py for tasks to queue
[2026-07-13T13:19:47.142+0000] {logging_mixin.py:188} INFO - [2026-07-13T13:19:47.142+0000] {dagbag.py:538} INFO - Filling up the DagBag from /home/airflow/.local/lib/python3.8/site-packages/airflow/example_dags/example_task_group_decorator.py
[2026-07-13T13:19:47.155+0000] {processor.py:840} INFO - DAG(s) 'example_task_group_decorator' retrieved from /home/airflow/.local/lib/python3.8/site-packages/airflow/example_dags/example_task_group_decorator.py
[2026-07-13T13:19:47.179+0000] {logging_mixin.py:188} INFO - [2026-07-13T13:19:47.178+0000] {dag.py:3036} INFO - Sync 1 DAGs
[2026-07-13T13:19:47.196+0000] {logging_mixin.py:188} INFO - [2026-07-13T13:19:47.196+0000] {dag.py:3823} INFO - Setting next_dagrun for example_task_group_decorator to 2026-07-12 00:00:00+00:00, run_after=2026-07-13 00:00:00+00:00
[2026-07-13T13:19:47.215+0000] {processor.py:183} INFO - Processing /home/airflow/.local/lib/python3.8/site-packages/airflow/example_dags/example_task_group_decorator.py took 0.081 seconds
[2026-07-13T13:20:17.284+0000] {processor.py:161} INFO - Started process (PID=997) to work on /home/airflow/.local/lib/python3.8/site-packages/airflow/example_dags/example_task_group_decorator.py
[2026-07-13T13:20:17.285+0000] {processor.py:830} INFO - Processing file /home/airflow/.local/lib/python3.8/site-packages/airflow/example_dags/example_task_group_decorator.py for tasks to queue
[2026-07-13T13:20:17.286+0000] {logging_mixin.py:188} INFO - [2026-07-13T13:20:17.286+0000] {dagbag.py:538} INFO - Filling up the DagBag from /home/airflow/.local/lib/python3.8/site-packages/airflow/example_dags/example_task_group_decorator.py
[2026-07-13T13:20:17.295+0000] {processor.py:840} INFO - DAG(s) 'example_task_group_decorator' retrieved from /home/airflow/.local/lib/python3.8/site-packages/airflow/example_dags/example_task_group_decorator.py
[2026-07-13T13:20:17.311+0000] {logging_mixin.py:188} INFO - [2026-07-13T13:20:17.311+0000] {dag.py:3036} INFO - Sync 1 DAGs
[2026-07-13T13:20:17.324+0000] {logging_mixin.py:188} INFO - [2026-07-13T13:20:17.324+0000] {dag.py:3823} INFO - Setting next_dagrun for example_task_group_decorator to 2026-07-12 00:00:00+00:00, run_after=2026-07-13 00:00:00+00:00
[2026-07-13T13:20:17.337+0000] {processor.py:183} INFO - Processing /home/airflow/.local/lib/python3.8/site-packages/airflow/example_dags/example_task_group_decorator.py took 0.055 seconds
[2026-07-13T13:20:47.837+0000] {processor.py:161} INFO - Started process (PID=1053) to work on /home/airflow/.local/lib/python3.8/site-packages/airflow/example_dags/example_task_group_decorator.py
[2026-07-13T13:20:47.838+0000] {processor.py:830} INFO - Processing file /home/airflow/.local/lib/python3.8/site-packages/airflow/example_dags/example_task_group_decorator.py for tasks to queue
[2026-07-13T13:20:47.841+0000] {logging_mixin.py:188} INFO - [2026-07-13T13:20:47.841+0000] {dagbag.py:538} INFO - Filling up the DagBag from /home/airflow/.local/lib/python3.8/site-packages/airflow/example_dags/example_task_group_decorator.py
[2026-07-13T13:20:47.858+0000] {processor.py:840} INFO - DAG(s) 'example_task_group_decorator' retrieved from /home/airflow/.local/lib/python3.8/site-packages/airflow/example_dags/example_task_group_decorator.py
[2026-07-13T13:20:47.895+0000] {logging_mixin.py:188} INFO - [2026-07-13T13:20:47.895+0000] {dag.py:3036} INFO - Sync 1 DAGs
[2026-07-13T13:20:47.913+0000] {logging_mixin.py:188} INFO - [2026-07-13T13:20:47.913+0000] {dag.py:3823} INFO - Setting next_dagrun for example_task_group_decorator to 2026-07-12 00:00:00+00:00, run_after=2026-07-13 00:00:00+00:00
[2026-07-13T13:20:47.931+0000] {processor.py:183} INFO - Processing /home/airflow/.local/lib/python3.8/site-packages/airflow/example_dags/example_task_group_decorator.py took 0.099 seconds
[2026-07-13T13:21:18.187+0000] {processor.py:161} INFO - Started process (PID=1109) to work on /home/airflow/.local/lib/python3.8/site-packages/airflow/example_dags/example_task_group_decorator.py
[2026-07-13T13:21:18.188+0000] {processor.py:830} INFO - Processing file /home/airflow/.local/lib/python3.8/site-packages/airflow/example_dags/example_task_group_decorator.py for tasks to queue
[2026-07-13T13:21:18.190+0000] {logging_mixin.py:188} INFO - [2026-07-13T13:21:18.190+0000] {dagbag.py:538} INFO - Filling up the DagBag from /home/airflow/.local/lib/python3.8/site-packages/airflow/example_dags/example_task_group_decorator.py
[2026-07-13T13:21:18.201+0000] {processor.py:840} INFO - DAG(s) 'example_task_group_decorator' retrieved from /home/airflow/.local/lib/python3.8/site-packages/airflow/example_dags/example_task_group_decorator.py
[2026-07-13T13:21:18.229+0000] {logging_mixin.py:188} INFO - [2026-07-13T13:21:18.229+0000] {dag.py:3036} INFO - Sync 1 DAGs
[2026-07-13T13:21:18.254+0000] {logging_mixin.py:188} INFO - [2026-07-13T13:21:18.253+0000] {dag.py:3823} INFO - Setting next_dagrun for example_task_group_decorator to 2026-07-12 00:00:00+00:00, run_after=2026-07-13 00:00:00+00:00
[2026-07-13T13:21:18.278+0000] {processor.py:183} INFO - Processing /home/airflow/.local/lib/python3.8/site-packages/airflow/example_dags/example_task_group_decorator.py took 0.094 seconds
[2026-07-13T13:21:48.342+0000] {processor.py:161} INFO - Started process (PID=1165) to work on /home/airflow/.local/lib/python3.8/site-packages/airflow/example_dags/example_task_group_decorator.py
[2026-07-13T13:21:48.344+0000] {processor.py:830} INFO - Processing file /home/airflow/.local/lib/python3.8/site-packages/airflow/example_dags/example_task_group_decorator.py for tasks to queue
[2026-07-13T13:21:48.345+0000] {logging_mixin.py:188} INFO - [2026-07-13T13:21:48.345+0000] {dagbag.py:538} INFO - Filling up the DagBag from /home/airflow/.local/lib/python3.8/site-packages/airflow/example_dags/example_task_group_decorator.py
[2026-07-13T13:21:48.355+0000] {processor.py:840} INFO - DAG(s) 'example_task_group_decorator' retrieved from /home/airflow/.local/lib/python3.8/site-packages/airflow/example_dags/example_task_group_decorator.py
[2026-07-13T13:21:48.374+0000] {logging_mixin.py:188} INFO - [2026-07-13T13:21:48.374+0000] {dag.py:3036} INFO - Sync 1 DAGs
[2026-07-13T13:21:48.390+0000] {logging_mixin.py:188} INFO - [2026-07-13T13:21:48.390+0000] {dag.py:3823} INFO - Setting next_dagrun for example_task_group_decorator to 2026-07-12 00:00:00+00:00, run_after=2026-07-13 00:00:00+00:00
[2026-07-13T13:21:48.405+0000] {processor.py:183} INFO - Processing /home/airflow/.local/lib/python3.8/site-packages/airflow/example_dags/example_task_group_decorator.py took 0.067 seconds
[2026-07-13T13:22:18.571+0000] {processor.py:161} INFO - Started process (PID=1221) to work on /home/airflow/.local/lib/python3.8/site-packages/airflow/example_dags/example_task_group_decorator.py
[2026-07-13T13:22:18.572+0000] {processor.py:830} INFO - Processing file /home/airflow/.local/lib/python3.8/site-packages/airflow/example_dags/example_task_group_decorator.py for tasks to queue
[2026-07-13T13:22:18.573+0000] {logging_mixin.py:188} INFO - [2026-07-13T13:22:18.573+0000] {dagbag.py:538} INFO - Filling up the DagBag from /home/airflow/.local/lib/python3.8/site-packages/airflow/example_dags/example_task_group_decorator.py
[2026-07-13T13:22:18.583+0000] {processor.py:840} INFO - DAG(s) 'example_task_group_decorator' retrieved from /home/airflow/.local/lib/python3.8/site-packages/airflow/example_dags/example_task_group_decorator.py
[2026-07-13T13:22:18.602+0000] {logging_mixin.py:188} INFO - [2026-07-13T13:22:18.602+0000] {dag.py:3036} INFO - Sync 1 DAGs
[2026-07-13T13:22:18.618+0000] {logging_mixin.py:188} INFO - [2026-07-13T13:22:18.618+0000] {dag.py:3823} INFO - Setting next_dagrun for example_task_group_decorator to 2026-07-12 00:00:00+00:00, run_after=2026-07-13 00:00:00+00:00
[2026-07-13T13:22:18.632+0000] {processor.py:183} INFO - Processing /home/airflow/.local/lib/python3.8/site-packages/airflow/example_dags/example_task_group_decorator.py took 0.064 seconds
[2026-07-13T13:22:49.548+0000] {processor.py:161} INFO - Started process (PID=1277) to work on /home/airflow/.local/lib/python3.8/site-packages/airflow/example_dags/example_task_group_decorator.py
[2026-07-13T13:22:49.549+0000] {processor.py:830} INFO - Processing file /home/airflow/.local/lib/python3.8/site-packages/airflow/example_dags/example_task_group_decorator.py for tasks to queue
[2026-07-13T13:22:49.550+0000] {logging_mixin.py:188} INFO - [2026-07-13T13:22:49.550+0000] {dagbag.py:538} INFO - Filling up the DagBag from /home/airflow/.local/lib/python3.8/site-packages/airflow/example_dags/example_task_group_decorator.py
[2026-07-13T13:22:49.560+0000] {processor.py:840} INFO - DAG(s) 'example_task_group_decorator' retrieved from /home/airflow/.local/lib/python3.8/site-packages/airflow/example_dags/example_task_group_decorator.py
[2026-07-13T13:22:49.580+0000] {logging_mixin.py:188} INFO - [2026-07-13T13:22:49.580+0000] {dag.py:3036} INFO - Sync 1 DAGs
[2026-07-13T13:22:49.594+0000] {logging_mixin.py:188} INFO - [2026-07-13T13:22:49.594+0000] {dag.py:3823} INFO - Setting next_dagrun for example_task_group_decorator to 2026-07-12 00:00:00+00:00, run_after=2026-07-13 00:00:00+00:00
[2026-07-13T13:22:49.608+0000] {processor.py:183} INFO - Processing /home/airflow/.local/lib/python3.8/site-packages/airflow/example_dags/example_task_group_decorator.py took 0.063 seconds
[2026-07-13T13:23:20.290+0000] {processor.py:161} INFO - Started process (PID=1333) to work on /home/airflow/.local/lib/python3.8/site-packages/airflow/example_dags/example_task_group_decorator.py
[2026-07-13T13:23:20.292+0000] {processor.py:830} INFO - Processing file /home/airflow/.local/lib/python3.8/site-packages/airflow/example_dags/example_task_group_decorator.py for tasks to queue
[2026-07-13T13:23:20.293+0000] {logging_mixin.py:188} INFO - [2026-07-13T13:23:20.293+0000] {dagbag.py:538} INFO - Filling up the DagBag from /home/airflow/.local/lib/python3.8/site-packages/airflow/example_dags/example_task_group_decorator.py
[2026-07-13T13:23:20.301+0000] {processor.py:840} INFO - DAG(s) 'example_task_group_decorator' retrieved from /home/airflow/.local/lib/python3.8/site-packages/airflow/example_dags/example_task_group_decorator.py
[2026-07-13T13:23:20.324+0000] {logging_mixin.py:188} INFO - [2026-07-13T13:23:20.323+0000] {dag.py:3036} INFO - Sync 1 DAGs
[2026-07-13T13:23:20.341+0000] {logging_mixin.py:188} INFO - [2026-07-13T13:23:20.341+0000] {dag.py:3823} INFO - Setting next_dagrun for example_task_group_decorator to 2026-07-12 00:00:00+00:00, run_after=2026-07-13 00:00:00+00:00
[2026-07-13T13:23:20.358+0000] {processor.py:183} INFO - Processing /home/airflow/.local/lib/python3.8/site-packages/airflow/example_dags/example_task_group_decorator.py took 0.070 seconds
[2026-07-13T13:23:50.642+0000] {processor.py:161} INFO - Started process (PID=1389) to work on /home/airflow/.local/lib/python3.8/site-packages/airflow/example_dags/example_task_group_decorator.py
[2026-07-13T13:23:50.643+0000] {processor.py:830} INFO - Processing file /home/airflow/.local/lib/python3.8/site-packages/airflow/example_dags/example_task_group_decorator.py for tasks to queue
[2026-07-13T13:23:50.644+0000] {logging_mixin.py:188} INFO - [2026-07-13T13:23:50.644+0000] {dagbag.py:538} INFO - Filling up the DagBag from /home/airflow/.local/lib/python3.8/site-packages/airflow/example_dags/example_task_group_decorator.py
[2026-07-13T13:23:50.652+0000] {processor.py:840} INFO - DAG(s) 'example_task_group_decorator' retrieved from /home/airflow/.local/lib/python3.8/site-packages/airflow/example_dags/example_task_group_decorator.py
[2026-07-13T13:23:50.669+0000] {logging_mixin.py:188} INFO - [2026-07-13T13:23:50.668+0000] {dag.py:3036} INFO - Sync 1 DAGs
[2026-07-13T13:23:50.682+0000] {logging_mixin.py:188} INFO - [2026-07-13T13:23:50.682+0000] {dag.py:3823} INFO - Setting next_dagrun for example_task_group_decorator to 2026-07-12 00:00:00+00:00, run_after=2026-07-13 00:00:00+00:00
[2026-07-13T13:23:50.694+0000] {processor.py:183} INFO - Processing /home/airflow/.local/lib/python3.8/site-packages/airflow/example_dags/example_task_group_decorator.py took 0.055 seconds
[2026-07-13T13:24:21.189+0000] {processor.py:161} INFO - Started process (PID=1445) to work on /home/airflow/.local/lib/python3.8/site-packages/airflow/example_dags/example_task_group_decorator.py
[2026-07-13T13:24:21.190+0000] {processor.py:830} INFO - Processing file /home/airflow/.local/lib/python3.8/site-packages/airflow/example_dags/example_task_group_decorator.py for tasks to queue
[2026-07-13T13:24:21.192+0000] {logging_mixin.py:188} INFO - [2026-07-13T13:24:21.192+0000] {dagbag.py:538} INFO - Filling up the DagBag from /home/airflow/.local/lib/python3.8/site-packages/airflow/example_dags/example_task_group_decorator.py
[2026-07-13T13:24:21.201+0000] {processor.py:840} INFO - DAG(s) 'example_task_group_decorator' retrieved from /home/airflow/.local/lib/python3.8/site-packages/airflow/example_dags/example_task_group_decorator.py
[2026-07-13T13:24:21.218+0000] {logging_mixin.py:188} INFO - [2026-07-13T13:24:21.217+0000] {dag.py:3036} INFO - Sync 1 DAGs
[2026-07-13T13:24:21.231+0000] {logging_mixin.py:188} INFO - [2026-07-13T13:24:21.231+0000] {dag.py:3823} INFO - Setting next_dagrun for example_task_group_decorator to 2026-07-12 00:00:00+00:00, run_after=2026-07-13 00:00:00+00:00
[2026-07-13T13:24:21.244+0000] {processor.py:183} INFO - Processing /home/airflow/.local/lib/python3.8/site-packages/airflow/example_dags/example_task_group_decorator.py took 0.057 seconds
[2026-07-13T13:24:51.573+0000] {processor.py:161} INFO - Started process (PID=1495) to work on /home/airflow/.local/lib/python3.8/site-packages/airflow/example_dags/example_task_group_decorator.py
[2026-07-13T13:24:51.574+0000] {processor.py:830} INFO - Processing file /home/airflow/.local/lib/python3.8/site-packages/airflow/example_dags/example_task_group_decorator.py for tasks to queue
[2026-07-13T13:24:51.575+0000] {logging_mixin.py:188} INFO - [2026-07-13T13:24:51.575+0000] {dagbag.py:538} INFO - Filling up the DagBag from /home/airflow/.local/lib/python3.8/site-packages/airflow/example_dags/example_task_group_decorator.py
[2026-07-13T13:24:51.584+0000] {processor.py:840} INFO - DAG(s) 'example_task_group_decorator' retrieved from /home/airflow/.local/lib/python3.8/site-packages/airflow/example_dags/example_task_group_decorator.py
[2026-07-13T13:24:51.601+0000] {logging_mixin.py:188} INFO - [2026-07-13T13:24:51.601+0000] {dag.py:3036} INFO - Sync 1 DAGs
[2026-07-13T13:24:51.623+0000] {logging_mixin.py:188} INFO - [2026-07-13T13:24:51.623+0000] {dag.py:3823} INFO - Setting next_dagrun for example_task_group_decorator to 2026-07-12 00:00:00+00:00, run_after=2026-07-13 00:00:00+00:00
[2026-07-13T13:24:51.642+0000] {processor.py:183} INFO - Processing /home/airflow/.local/lib/python3.8/site-packages/airflow/example_dags/example_task_group_decorator.py took 0.071 seconds
[2026-07-13T13:25:22.139+0000] {processor.py:161} INFO - Started process (PID=1551) to work on /home/airflow/.local/lib/python3.8/site-packages/airflow/example_dags/example_task_group_decorator.py
[2026-07-13T13:25:22.140+0000] {processor.py:830} INFO - Processing file /home/airflow/.local/lib/python3.8/site-packages/airflow/example_dags/example_task_group_decorator.py for tasks to queue
[2026-07-13T13:25:22.141+0000] {logging_mixin.py:188} INFO - [2026-07-13T13:25:22.141+0000] {dagbag.py:538} INFO - Filling up the DagBag from /home/airflow/.local/lib/python3.8/site-packages/airflow/example_dags/example_task_group_decorator.py
[2026-07-13T13:25:22.151+0000] {processor.py:840} INFO - DAG(s) 'example_task_group_decorator' retrieved from /home/airflow/.local/lib/python3.8/site-packages/airflow/example_dags/example_task_group_decorator.py
[2026-07-13T13:25:22.167+0000] {logging_mixin.py:188} INFO - [2026-07-13T13:25:22.167+0000] {dag.py:3036} INFO - Sync 1 DAGs
[2026-07-13T13:25:22.180+0000] {logging_mixin.py:188} INFO - [2026-07-13T13:25:22.180+0000] {dag.py:3823} INFO - Setting next_dagrun for example_task_group_decorator to 2026-07-12 00:00:00+00:00, run_after=2026-07-13 00:00:00+00:00
[2026-07-13T13:25:22.192+0000] {processor.py:183} INFO - Processing /home/airflow/.local/lib/python3.8/site-packages/airflow/example_dags/example_task_group_decorator.py took 0.055 seconds
[2026-07-13T13:25:53.660+0000] {processor.py:161} INFO - Started process (PID=1607) to work on /home/airflow/.local/lib/python3.8/site-packages/airflow/example_dags/example_task_group_decorator.py
[2026-07-13T13:25:53.661+0000] {processor.py:830} INFO - Processing file /home/airflow/.local/lib/python3.8/site-packages/airflow/example_dags/example_task_group_decorator.py for tasks to queue
[2026-07-13T13:25:53.663+0000] {logging_mixin.py:188} INFO - [2026-07-13T13:25:53.663+0000] {dagbag.py:538} INFO - Filling up the DagBag from /home/airflow/.local/lib/python3.8/site-packages/airflow/example_dags/example_task_group_decorator.py
[2026-07-13T13:25:53.674+0000] {processor.py:840} INFO - DAG(s) 'example_task_group_decorator' retrieved from /home/airflow/.local/lib/python3.8/site-packages/airflow/example_dags/example_task_group_decorator.py
[2026-07-13T13:25:53.699+0000] {logging_mixin.py:188} INFO - [2026-07-13T13:25:53.699+0000] {dag.py:3036} INFO - Sync 1 DAGs
[2026-07-13T13:25:53.718+0000] {logging_mixin.py:188} INFO - [2026-07-13T13:25:53.718+0000] {dag.py:3823} INFO - Setting next_dagrun for example_task_group_decorator to 2026-07-12 00:00:00+00:00, run_after=2026-07-13 00:00:00+00:00
[2026-07-13T13:25:53.736+0000] {processor.py:183} INFO - Processing /home/airflow/.local/lib/python3.8/site-packages/airflow/example_dags/example_task_group_decorator.py took 0.078 seconds
[2026-07-13T13:26:26.393+0000] {processor.py:161} INFO - Started process (PID=1663) to work on /home/airflow/.local/lib/python3.8/site-packages/airflow/example_dags/example_task_group_decorator.py
[2026-07-13T13:26:26.395+0000] {processor.py:830} INFO - Processing file /home/airflow/.local/lib/python3.8/site-packages/airflow/example_dags/example_task_group_decorator.py for tasks to queue
[2026-07-13T13:26:26.398+0000] {logging_mixin.py:188} INFO - [2026-07-13T13:26:26.397+0000] {dagbag.py:538} INFO - Filling up the DagBag from /home/airflow/.local/lib/python3.8/site-packages/airflow/example_dags/example_task_group_decorator.py
[2026-07-13T13:26:26.414+0000] {processor.py:840} INFO - DAG(s) 'example_task_group_decorator' retrieved from /home/airflow/.local/lib/python3.8/site-packages/airflow/example_dags/example_task_group_decorator.py
[2026-07-13T13:26:26.614+0000] {logging_mixin.py:188} INFO - [2026-07-13T13:26:26.614+0000] {dag.py:3036} INFO - Sync 1 DAGs
[2026-07-13T13:26:26.648+0000] {logging_mixin.py:188} INFO - [2026-07-13T13:26:26.647+0000] {dag.py:3823} INFO - Setting next_dagrun for example_task_group_decorator to 2026-07-12 00:00:00+00:00, run_after=2026-07-13 00:00:00+00:00
[2026-07-13T13:26:26.689+0000] {processor.py:183} INFO - Processing /home/airflow/.local/lib/python3.8/site-packages/airflow/example_dags/example_task_group_decorator.py took 0.300 seconds
[2026-07-13T13:26:58.797+0000] {processor.py:161} INFO - Started process (PID=1719) to work on /home/airflow/.local/lib/python3.8/site-packages/airflow/example_dags/example_task_group_decorator.py
[2026-07-13T13:26:58.798+0000] {processor.py:830} INFO - Processing file /home/airflow/.local/lib/python3.8/site-packages/airflow/example_dags/example_task_group_decorator.py for tasks to queue
[2026-07-13T13:26:58.799+0000] {logging_mixin.py:188} INFO - [2026-07-13T13:26:58.799+0000] {dagbag.py:538} INFO - Filling up the DagBag from /home/airflow/.local/lib/python3.8/site-packages/airflow/example_dags/example_task_group_decorator.py
[2026-07-13T13:26:58.826+0000] {processor.py:840} INFO - DAG(s) 'example_task_group_decorator' retrieved from /home/airflow/.local/lib/python3.8/site-packages/airflow/example_dags/example_task_group_decorator.py
[2026-07-13T13:26:58.866+0000] {logging_mixin.py:188} INFO - [2026-07-13T13:26:58.866+0000] {dag.py:3036} INFO - Sync 1 DAGs
[2026-07-13T13:26:59.061+0000] {logging_mixin.py:188} INFO - [2026-07-13T13:26:59.061+0000] {dag.py:3823} INFO - Setting next_dagrun for example_task_group_decorator to 2026-07-12 00:00:00+00:00, run_after=2026-07-13 00:00:00+00:00
[2026-07-13T13:26:59.074+0000] {processor.py:183} INFO - Processing /home/airflow/.local/lib/python3.8/site-packages/airflow/example_dags/example_task_group_decorator.py took 0.280 seconds
[2026-07-13T13:27:29.384+0000] {processor.py:161} INFO - Started process (PID=1775) to work on /home/airflow/.local/lib/python3.8/site-packages/airflow/example_dags/example_task_group_decorator.py
[2026-07-13T13:27:29.385+0000] {processor.py:830} INFO - Processing file /home/airflow/.local/lib/python3.8/site-packages/airflow/example_dags/example_task_group_decorator.py for tasks to queue
[2026-07-13T13:27:29.386+0000] {logging_mixin.py:188} INFO - [2026-07-13T13:27:29.386+0000] {dagbag.py:538} INFO - Filling up the DagBag from /home/airflow/.local/lib/python3.8/site-packages/airflow/example_dags/example_task_group_decorator.py
[2026-07-13T13:27:29.395+0000] {processor.py:840} INFO - DAG(s) 'example_task_group_decorator' retrieved from /home/airflow/.local/lib/python3.8/site-packages/airflow/example_dags/example_task_group_decorator.py
[2026-07-13T13:27:29.411+0000] {logging_mixin.py:188} INFO - [2026-07-13T13:27:29.411+0000] {dag.py:3036} INFO - Sync 1 DAGs
[2026-07-13T13:27:29.424+0000] {logging_mixin.py:188} INFO - [2026-07-13T13:27:29.424+0000] {dag.py:3823} INFO - Setting next_dagrun for example_task_group_decorator to 2026-07-12 00:00:00+00:00, run_after=2026-07-13 00:00:00+00:00
[2026-07-13T13:27:29.550+0000] {processor.py:183} INFO - Processing /home/airflow/.local/lib/python3.8/site-packages/airflow/example_dags/example_task_group_decorator.py took 0.169 seconds
[2026-07-13T13:28:00.343+0000] {processor.py:161} INFO - Started process (PID=1831) to work on /home/airflow/.local/lib/python3.8/site-packages/airflow/example_dags/example_task_group_decorator.py
[2026-07-13T13:28:00.344+0000] {processor.py:830} INFO - Processing file /home/airflow/.local/lib/python3.8/site-packages/airflow/example_dags/example_task_group_decorator.py for tasks to queue
[2026-07-13T13:28:00.347+0000] {logging_mixin.py:188} INFO - [2026-07-13T13:28:00.346+0000] {dagbag.py:538} INFO - Filling up the DagBag from /home/airflow/.local/lib/python3.8/site-packages/airflow/example_dags/example_task_group_decorator.py
[2026-07-13T13:28:00.357+0000] {processor.py:840} INFO - DAG(s) 'example_task_group_decorator' retrieved from /home/airflow/.local/lib/python3.8/site-packages/airflow/example_dags/example_task_group_decorator.py
[2026-07-13T13:28:00.386+0000] {logging_mixin.py:188} INFO - [2026-07-13T13:28:00.386+0000] {dag.py:3036} INFO - Sync 1 DAGs
[2026-07-13T13:28:00.409+0000] {logging_mixin.py:188} INFO - [2026-07-13T13:28:00.409+0000] {dag.py:3823} INFO - Setting next_dagrun for example_task_group_decorator to 2026-07-12 00:00:00+00:00, run_after=2026-07-13 00:00:00+00:00
[2026-07-13T13:28:00.433+0000] {processor.py:183} INFO - Processing /home/airflow/.local/lib/python3.8/site-packages/airflow/example_dags/example_task_group_decorator.py took 0.094 seconds
[2026-07-13T13:28:32.766+0000] {processor.py:161} INFO - Started process (PID=1887) to work on /home/airflow/.local/lib/python3.8/site-packages/airflow/example_dags/example_task_group_decorator.py
[2026-07-13T13:28:32.768+0000] {processor.py:830} INFO - Processing file /home/airflow/.local/lib/python3.8/site-packages/airflow/example_dags/example_task_group_decorator.py for tasks to queue
[2026-07-13T13:28:32.770+0000] {logging_mixin.py:188} INFO - [2026-07-13T13:28:32.770+0000] {dagbag.py:538} INFO - Filling up the DagBag from /home/airflow/.local/lib/python3.8/site-packages/airflow/example_dags/example_task_group_decorator.py
[2026-07-13T13:28:32.782+0000] {processor.py:840} INFO - DAG(s) 'example_task_group_decorator' retrieved from /home/airflow/.local/lib/python3.8/site-packages/airflow/example_dags/example_task_group_decorator.py
[2026-07-13T13:28:32.805+0000] {logging_mixin.py:188} INFO - [2026-07-13T13:28:32.805+0000] {dag.py:3036} INFO - Sync 1 DAGs
[2026-07-13T13:28:32.821+0000] {logging_mixin.py:188} INFO - [2026-07-13T13:28:32.820+0000] {dag.py:3823} INFO - Setting next_dagrun for example_task_group_decorator to 2026-07-12 00:00:00+00:00, run_after=2026-07-13 00:00:00+00:00
[2026-07-13T13:28:32.836+0000] {processor.py:183} INFO - Processing /home/airflow/.local/lib/python3.8/site-packages/airflow/example_dags/example_task_group_decorator.py took 0.073 seconds
[2026-07-13T13:29:04.763+0000] {processor.py:161} INFO - Started process (PID=1943) to work on /home/airflow/.local/lib/python3.8/site-packages/airflow/example_dags/example_task_group_decorator.py
[2026-07-13T13:29:04.764+0000] {processor.py:830} INFO - Processing file /home/airflow/.local/lib/python3.8/site-packages/airflow/example_dags/example_task_group_decorator.py for tasks to queue
[2026-07-13T13:29:04.766+0000] {logging_mixin.py:188} INFO - [2026-07-13T13:29:04.765+0000] {dagbag.py:538} INFO - Filling up the DagBag from /home/airflow/.local/lib/python3.8/site-packages/airflow/example_dags/example_task_group_decorator.py
[2026-07-13T13:29:04.776+0000] {processor.py:840} INFO - DAG(s) 'example_task_group_decorator' retrieved from /home/airflow/.local/lib/python3.8/site-packages/airflow/example_dags/example_task_group_decorator.py
[2026-07-13T13:29:04.794+0000] {logging_mixin.py:188} INFO - [2026-07-13T13:29:04.794+0000] {dag.py:3036} INFO - Sync 1 DAGs
[2026-07-13T13:29:04.807+0000] {logging_mixin.py:188} INFO - [2026-07-13T13:29:04.807+0000] {dag.py:3823} INFO - Setting next_dagrun for example_task_group_decorator to 2026-07-12 00:00:00+00:00, run_after=2026-07-13 00:00:00+00:00
[2026-07-13T13:29:04.822+0000] {processor.py:183} INFO - Processing /home/airflow/.local/lib/python3.8/site-packages/airflow/example_dags/example_task_group_decorator.py took 0.061 seconds
[2026-07-13T13:33:33.667+0000] {processor.py:161} INFO - Started process (PID=85) to work on /home/airflow/.local/lib/python3.8/site-packages/airflow/example_dags/example_task_group_decorator.py
[2026-07-13T13:33:33.668+0000] {processor.py:830} INFO - Processing file /home/airflow/.local/lib/python3.8/site-packages/airflow/example_dags/example_task_group_decorator.py for tasks to queue
[2026-07-13T13:33:33.669+0000] {logging_mixin.py:188} INFO - [2026-07-13T13:33:33.669+0000] {dagbag.py:538} INFO - Filling up the DagBag from /home/airflow/.local/lib/python3.8/site-packages/airflow/example_dags/example_task_group_decorator.py
[2026-07-13T13:33:33.680+0000] {processor.py:840} INFO - DAG(s) 'example_task_group_decorator' retrieved from /home/airflow/.local/lib/python3.8/site-packages/airflow/example_dags/example_task_group_decorator.py
[2026-07-13T13:33:33.706+0000] {logging_mixin.py:188} INFO - [2026-07-13T13:33:33.706+0000] {dag.py:3036} INFO - Sync 1 DAGs
[2026-07-13T13:33:33.724+0000] {logging_mixin.py:188} INFO - [2026-07-13T13:33:33.723+0000] {dag.py:3823} INFO - Setting next_dagrun for example_task_group_decorator to 2026-07-12 00:00:00+00:00, run_after=2026-07-13 00:00:00+00:00
[2026-07-13T13:33:33.745+0000] {processor.py:183} INFO - Processing /home/airflow/.local/lib/python3.8/site-packages/airflow/example_dags/example_task_group_decorator.py took 0.081 seconds
[2026-07-13T13:35:31.727+0000] {processor.py:161} INFO - Started process (PID=93) to work on /home/airflow/.local/lib/python3.8/site-packages/airflow/example_dags/example_task_group_decorator.py
[2026-07-13T13:35:31.728+0000] {processor.py:830} INFO - Processing file /home/airflow/.local/lib/python3.8/site-packages/airflow/example_dags/example_task_group_decorator.py for tasks to queue
[2026-07-13T13:35:31.729+0000] {logging_mixin.py:188} INFO - [2026-07-13T13:35:31.729+0000] {dagbag.py:538} INFO - Filling up the DagBag from /home/airflow/.local/lib/python3.8/site-packages/airflow/example_dags/example_task_group_decorator.py
[2026-07-13T13:35:31.744+0000] {processor.py:840} INFO - DAG(s) 'example_task_group_decorator' retrieved from /home/airflow/.local/lib/python3.8/site-packages/airflow/example_dags/example_task_group_decorator.py
[2026-07-13T13:35:31.756+0000] {logging_mixin.py:188} INFO - [2026-07-13T13:35:31.756+0000] {dag.py:3036} INFO - Sync 1 DAGs
[2026-07-13T13:35:31.776+0000] {logging_mixin.py:188} INFO - [2026-07-13T13:35:31.776+0000] {dag.py:3823} INFO - Setting next_dagrun for example_task_group_decorator to 2026-07-12 00:00:00+00:00, run_after=2026-07-13 00:00:00+00:00
[2026-07-13T13:35:31.794+0000] {processor.py:183} INFO - Processing /home/airflow/.local/lib/python3.8/site-packages/airflow/example_dags/example_task_group_decorator.py took 0.070 seconds
[2026-07-13T13:36:02.637+0000] {processor.py:161} INFO - Started process (PID=149) to work on /home/airflow/.local/lib/python3.8/site-packages/airflow/example_dags/example_task_group_decorator.py
[2026-07-13T13:36:02.638+0000] {processor.py:830} INFO - Processing file /home/airflow/.local/lib/python3.8/site-packages/airflow/example_dags/example_task_group_decorator.py for tasks to queue
[2026-07-13T13:36:02.639+0000] {logging_mixin.py:188} INFO - [2026-07-13T13:36:02.639+0000] {dagbag.py:538} INFO - Filling up the DagBag from /home/airflow/.local/lib/python3.8/site-packages/airflow/example_dags/example_task_group_decorator.py
[2026-07-13T13:36:02.649+0000] {processor.py:840} INFO - DAG(s) 'example_task_group_decorator' retrieved from /home/airflow/.local/lib/python3.8/site-packages/airflow/example_dags/example_task_group_decorator.py
[2026-07-13T13:36:02.730+0000] {logging_mixin.py:188} INFO - [2026-07-13T13:36:02.730+0000] {dag.py:3036} INFO - Sync 1 DAGs
[2026-07-13T13:36:02.744+0000] {logging_mixin.py:188} INFO - [2026-07-13T13:36:02.744+0000] {dag.py:3823} INFO - Setting next_dagrun for example_task_group_decorator to 2026-07-12 00:00:00+00:00, run_after=2026-07-13 00:00:00+00:00
[2026-07-13T13:36:02.761+0000] {processor.py:183} INFO - Processing /home/airflow/.local/lib/python3.8/site-packages/airflow/example_dags/example_task_group_decorator.py took 0.126 seconds
[2026-07-13T13:36:33.653+0000] {processor.py:161} INFO - Started process (PID=205) to work on /home/airflow/.local/lib/python3.8/site-packages/airflow/example_dags/example_task_group_decorator.py
[2026-07-13T13:36:33.654+0000] {processor.py:830} INFO - Processing file /home/airflow/.local/lib/python3.8/site-packages/airflow/example_dags/example_task_group_decorator.py for tasks to queue
[2026-07-13T13:36:33.655+0000] {logging_mixin.py:188} INFO - [2026-07-13T13:36:33.655+0000] {dagbag.py:538} INFO - Filling up the DagBag from /home/airflow/.local/lib/python3.8/site-packages/airflow/example_dags/example_task_group_decorator.py
[2026-07-13T13:36:33.666+0000] {processor.py:840} INFO - DAG(s) 'example_task_group_decorator' retrieved from /home/airflow/.local/lib/python3.8/site-packages/airflow/example_dags/example_task_group_decorator.py
[2026-07-13T13:36:33.683+0000] {logging_mixin.py:188} INFO - [2026-07-13T13:36:33.682+0000] {dag.py:3036} INFO - Sync 1 DAGs
[2026-07-13T13:36:33.698+0000] {logging_mixin.py:188} INFO - [2026-07-13T13:36:33.698+0000] {dag.py:3823} INFO - Setting next_dagrun for example_task_group_decorator to 2026-07-12 00:00:00+00:00, run_after=2026-07-13 00:00:00+00:00
[2026-07-13T13:36:33.711+0000] {processor.py:183} INFO - Processing /home/airflow/.local/lib/python3.8/site-packages/airflow/example_dags/example_task_group_decorator.py took 0.061 seconds
[2026-07-13T13:37:03.947+0000] {processor.py:161} INFO - Started process (PID=255) to work on /home/airflow/.local/lib/python3.8/site-packages/airflow/example_dags/example_task_group_decorator.py
[2026-07-13T13:37:03.948+0000] {processor.py:830} INFO - Processing file /home/airflow/.local/lib/python3.8/site-packages/airflow/example_dags/example_task_group_decorator.py for tasks to queue
[2026-07-13T13:37:03.949+0000] {logging_mixin.py:188} INFO - [2026-07-13T13:37:03.949+0000] {dagbag.py:538} INFO - Filling up the DagBag from /home/airflow/.local/lib/python3.8/site-packages/airflow/example_dags/example_task_group_decorator.py
[2026-07-13T13:37:03.960+0000] {processor.py:840} INFO - DAG(s) 'example_task_group_decorator' retrieved from /home/airflow/.local/lib/python3.8/site-packages/airflow/example_dags/example_task_group_decorator.py
[2026-07-13T13:37:03.978+0000] {logging_mixin.py:188} INFO - [2026-07-13T13:37:03.977+0000] {dag.py:3036} INFO - Sync 1 DAGs
[2026-07-13T13:37:03.993+0000] {logging_mixin.py:188} INFO - [2026-07-13T13:37:03.993+0000] {dag.py:3823} INFO - Setting next_dagrun for example_task_group_decorator to 2026-07-12 00:00:00+00:00, run_after=2026-07-13 00:00:00+00:00
[2026-07-13T13:37:04.007+0000] {processor.py:183} INFO - Processing /home/airflow/.local/lib/python3.8/site-packages/airflow/example_dags/example_task_group_decorator.py took 0.063 seconds
[2026-07-13T13:37:34.278+0000] {processor.py:161} INFO - Started process (PID=311) to work on /home/airflow/.local/lib/python3.8/site-packages/airflow/example_dags/example_task_group_decorator.py
[2026-07-13T13:37:34.301+0000] {processor.py:830} INFO - Processing file /home/airflow/.local/lib/python3.8/site-packages/airflow/example_dags/example_task_group_decorator.py for tasks to queue
[2026-07-13T13:37:34.304+0000] {logging_mixin.py:188} INFO - [2026-07-13T13:37:34.303+0000] {dagbag.py:538} INFO - Filling up the DagBag from /home/airflow/.local/lib/python3.8/site-packages/airflow/example_dags/example_task_group_decorator.py
[2026-07-13T13:37:34.316+0000] {processor.py:840} INFO - DAG(s) 'example_task_group_decorator' retrieved from /home/airflow/.local/lib/python3.8/site-packages/airflow/example_dags/example_task_group_decorator.py
[2026-07-13T13:37:34.334+0000] {logging_mixin.py:188} INFO - [2026-07-13T13:37:34.334+0000] {dag.py:3036} INFO - Sync 1 DAGs
[2026-07-13T13:37:34.351+0000] {logging_mixin.py:188} INFO - [2026-07-13T13:37:34.351+0000] {dag.py:3823} INFO - Setting next_dagrun for example_task_group_decorator to 2026-07-12 00:00:00+00:00, run_after=2026-07-13 00:00:00+00:00
[2026-07-13T13:37:34.369+0000] {processor.py:183} INFO - Processing /home/airflow/.local/lib/python3.8/site-packages/airflow/example_dags/example_task_group_decorator.py took 0.094 seconds
[2026-07-13T13:38:04.984+0000] {processor.py:161} INFO - Started process (PID=367) to work on /home/airflow/.local/lib/python3.8/site-packages/airflow/example_dags/example_task_group_decorator.py
[2026-07-13T13:38:04.985+0000] {processor.py:830} INFO - Processing file /home/airflow/.local/lib/python3.8/site-packages/airflow/example_dags/example_task_group_decorator.py for tasks to queue
[2026-07-13T13:38:04.987+0000] {logging_mixin.py:188} INFO - [2026-07-13T13:38:04.987+0000] {dagbag.py:538} INFO - Filling up the DagBag from /home/airflow/.local/lib/python3.8/site-packages/airflow/example_dags/example_task_group_decorator.py
[2026-07-13T13:38:04.998+0000] {processor.py:840} INFO - DAG(s) 'example_task_group_decorator' retrieved from /home/airflow/.local/lib/python3.8/site-packages/airflow/example_dags/example_task_group_decorator.py
[2026-07-13T13:38:05.017+0000] {logging_mixin.py:188} INFO - [2026-07-13T13:38:05.016+0000] {dag.py:3036} INFO - Sync 1 DAGs
[2026-07-13T13:38:05.033+0000] {logging_mixin.py:188} INFO - [2026-07-13T13:38:05.033+0000] {dag.py:3823} INFO - Setting next_dagrun for example_task_group_decorator to 2026-07-12 00:00:00+00:00, run_after=2026-07-13 00:00:00+00:00
[2026-07-13T13:38:05.064+0000] {processor.py:183} INFO - Processing /home/airflow/.local/lib/python3.8/site-packages/airflow/example_dags/example_task_group_decorator.py took 0.082 seconds
[2026-07-13T13:38:35.626+0000] {processor.py:161} INFO - Started process (PID=423) to work on /home/airflow/.local/lib/python3.8/site-packages/airflow/example_dags/example_task_group_decorator.py
[2026-07-13T13:38:35.627+0000] {processor.py:830} INFO - Processing file /home/airflow/.local/lib/python3.8/site-packages/airflow/example_dags/example_task_group_decorator.py for tasks to queue
[2026-07-13T13:38:35.629+0000] {logging_mixin.py:188} INFO - [2026-07-13T13:38:35.629+0000] {dagbag.py:538} INFO - Filling up the DagBag from /home/airflow/.local/lib/python3.8/site-packages/airflow/example_dags/example_task_group_decorator.py
[2026-07-13T13:38:35.639+0000] {processor.py:840} INFO - DAG(s) 'example_task_group_decorator' retrieved from /home/airflow/.local/lib/python3.8/site-packages/airflow/example_dags/example_task_group_decorator.py
[2026-07-13T13:38:35.659+0000] {logging_mixin.py:188} INFO - [2026-07-13T13:38:35.658+0000] {dag.py:3036} INFO - Sync 1 DAGs
[2026-07-13T13:38:35.678+0000] {logging_mixin.py:188} INFO - [2026-07-13T13:38:35.677+0000] {dag.py:3823} INFO - Setting next_dagrun for example_task_group_decorator to 2026-07-12 00:00:00+00:00, run_after=2026-07-13 00:00:00+00:00
[2026-07-13T13:38:35.694+0000] {processor.py:183} INFO - Processing /home/airflow/.local/lib/python3.8/site-packages/airflow/example_dags/example_task_group_decorator.py took 0.071 seconds
[2026-07-13T13:39:07.660+0000] {processor.py:161} INFO - Started process (PID=479) to work on /home/airflow/.local/lib/python3.8/site-packages/airflow/example_dags/example_task_group_decorator.py
[2026-07-13T13:39:07.661+0000] {processor.py:830} INFO - Processing file /home/airflow/.local/lib/python3.8/site-packages/airflow/example_dags/example_task_group_decorator.py for tasks to queue
[2026-07-13T13:39:07.663+0000] {logging_mixin.py:188} INFO - [2026-07-13T13:39:07.662+0000] {dagbag.py:538} INFO - Filling up the DagBag from /home/airflow/.local/lib/python3.8/site-packages/airflow/example_dags/example_task_group_decorator.py
[2026-07-13T13:39:07.673+0000] {processor.py:840} INFO - DAG(s) 'example_task_group_decorator' retrieved from /home/airflow/.local/lib/python3.8/site-packages/airflow/example_dags/example_task_group_decorator.py
[2026-07-13T13:39:07.693+0000] {logging_mixin.py:188} INFO - [2026-07-13T13:39:07.692+0000] {dag.py:3036} INFO - Sync 1 DAGs
[2026-07-13T13:39:07.710+0000] {logging_mixin.py:188} INFO - [2026-07-13T13:39:07.710+0000] {dag.py:3823} INFO - Setting next_dagrun for example_task_group_decorator to 2026-07-12 00:00:00+00:00, run_after=2026-07-13 00:00:00+00:00
[2026-07-13T13:39:07.727+0000] {processor.py:183} INFO - Processing /home/airflow/.local/lib/python3.8/site-packages/airflow/example_dags/example_task_group_decorator.py took 0.070 seconds
[2026-07-13T13:39:39.732+0000] {processor.py:161} INFO - Started process (PID=534) to work on /home/airflow/.local/lib/python3.8/site-packages/airflow/example_dags/example_task_group_decorator.py
[2026-07-13T13:39:39.734+0000] {processor.py:830} INFO - Processing file /home/airflow/.local/lib/python3.8/site-packages/airflow/example_dags/example_task_group_decorator.py for tasks to queue
[2026-07-13T13:39:39.737+0000] {logging_mixin.py:188} INFO - [2026-07-13T13:39:39.737+0000] {dagbag.py:538} INFO - Filling up the DagBag from /home/airflow/.local/lib/python3.8/site-packages/airflow/example_dags/example_task_group_decorator.py
[2026-07-13T13:39:39.749+0000] {processor.py:840} INFO - DAG(s) 'example_task_group_decorator' retrieved from /home/airflow/.local/lib/python3.8/site-packages/airflow/example_dags/example_task_group_decorator.py
[2026-07-13T13:39:39.766+0000] {logging_mixin.py:188} INFO - [2026-07-13T13:39:39.766+0000] {dag.py:3036} INFO - Sync 1 DAGs
[2026-07-13T13:39:39.784+0000] {logging_mixin.py:188} INFO - [2026-07-13T13:39:39.784+0000] {dag.py:3823} INFO - Setting next_dagrun for example_task_group_decorator to 2026-07-12 00:00:00+00:00, run_after=2026-07-13 00:00:00+00:00
[2026-07-13T13:39:39.801+0000] {processor.py:183} INFO - Processing /home/airflow/.local/lib/python3.8/site-packages/airflow/example_dags/example_task_group_decorator.py took 0.072 seconds
[2026-07-13T13:40:12.048+0000] {processor.py:161} INFO - Started process (PID=590) to work on /home/airflow/.local/lib/python3.8/site-packages/airflow/example_dags/example_task_group_decorator.py
[2026-07-13T13:40:12.049+0000] {processor.py:830} INFO - Processing file /home/airflow/.local/lib/python3.8/site-packages/airflow/example_dags/example_task_group_decorator.py for tasks to queue
[2026-07-13T13:40:12.050+0000] {logging_mixin.py:188} INFO - [2026-07-13T13:40:12.050+0000] {dagbag.py:538} INFO - Filling up the DagBag from /home/airflow/.local/lib/python3.8/site-packages/airflow/example_dags/example_task_group_decorator.py
[2026-07-13T13:40:12.068+0000] {processor.py:840} INFO - DAG(s) 'example_task_group_decorator' retrieved from /home/airflow/.local/lib/python3.8/site-packages/airflow/example_dags/example_task_group_decorator.py
[2026-07-13T13:40:12.090+0000] {logging_mixin.py:188} INFO - [2026-07-13T13:40:12.089+0000] {dag.py:3036} INFO - Sync 1 DAGs
[2026-07-13T13:40:12.105+0000] {logging_mixin.py:188} INFO - [2026-07-13T13:40:12.105+0000] {dag.py:3823} INFO - Setting next_dagrun for example_task_group_decorator to 2026-07-12 00:00:00+00:00, run_after=2026-07-13 00:00:00+00:00
[2026-07-13T13:40:12.121+0000] {processor.py:183} INFO - Processing /home/airflow/.local/lib/python3.8/site-packages/airflow/example_dags/example_task_group_decorator.py took 0.076 seconds
[2026-07-13T13:40:43.728+0000] {processor.py:161} INFO - Started process (PID=646) to work on /home/airflow/.local/lib/python3.8/site-packages/airflow/example_dags/example_task_group_decorator.py
[2026-07-13T13:40:43.730+0000] {processor.py:830} INFO - Processing file /home/airflow/.local/lib/python3.8/site-packages/airflow/example_dags/example_task_group_decorator.py for tasks to queue
[2026-07-13T13:40:43.731+0000] {logging_mixin.py:188} INFO - [2026-07-13T13:40:43.731+0000] {dagbag.py:538} INFO - Filling up the DagBag from /home/airflow/.local/lib/python3.8/site-packages/airflow/example_dags/example_task_group_decorator.py
[2026-07-13T13:40:43.742+0000] {processor.py:840} INFO - DAG(s) 'example_task_group_decorator' retrieved from /home/airflow/.local/lib/python3.8/site-packages/airflow/example_dags/example_task_group_decorator.py
[2026-07-13T13:40:43.766+0000] {logging_mixin.py:188} INFO - [2026-07-13T13:40:43.765+0000] {dag.py:3036} INFO - Sync 1 DAGs
[2026-07-13T13:40:43.784+0000] {logging_mixin.py:188} INFO - [2026-07-13T13:40:43.784+0000] {dag.py:3823} INFO - Setting next_dagrun for example_task_group_decorator to 2026-07-12 00:00:00+00:00, run_after=2026-07-13 00:00:00+00:00
[2026-07-13T13:40:43.798+0000] {processor.py:183} INFO - Processing /home/airflow/.local/lib/python3.8/site-packages/airflow/example_dags/example_task_group_decorator.py took 0.073 seconds
[2026-07-13T13:41:16.095+0000] {processor.py:161} INFO - Started process (PID=702) to work on /home/airflow/.local/lib/python3.8/site-packages/airflow/example_dags/example_task_group_decorator.py
[2026-07-13T13:41:16.096+0000] {processor.py:830} INFO - Processing file /home/airflow/.local/lib/python3.8/site-packages/airflow/example_dags/example_task_group_decorator.py for tasks to queue
[2026-07-13T13:41:16.099+0000] {logging_mixin.py:188} INFO - [2026-07-13T13:41:16.099+0000] {dagbag.py:538} INFO - Filling up the DagBag from /home/airflow/.local/lib/python3.8/site-packages/airflow/example_dags/example_task_group_decorator.py
[2026-07-13T13:41:16.111+0000] {processor.py:840} INFO - DAG(s) 'example_task_group_decorator' retrieved from /home/airflow/.local/lib/python3.8/site-packages/airflow/example_dags/example_task_group_decorator.py
[2026-07-13T13:41:16.138+0000] {logging_mixin.py:188} INFO - [2026-07-13T13:41:16.138+0000] {dag.py:3036} INFO - Sync 1 DAGs
[2026-07-13T13:41:16.158+0000] {logging_mixin.py:188} INFO - [2026-07-13T13:41:16.158+0000] {dag.py:3823} INFO - Setting next_dagrun for example_task_group_decorator to 2026-07-12 00:00:00+00:00, run_after=2026-07-13 00:00:00+00:00
[2026-07-13T13:41:16.176+0000] {processor.py:183} INFO - Processing /home/airflow/.local/lib/python3.8/site-packages/airflow/example_dags/example_task_group_decorator.py took 0.084 seconds
[2026-07-13T13:41:48.022+0000] {processor.py:161} INFO - Started process (PID=758) to work on /home/airflow/.local/lib/python3.8/site-packages/airflow/example_dags/example_task_group_decorator.py
[2026-07-13T13:41:48.023+0000] {processor.py:830} INFO - Processing file /home/airflow/.local/lib/python3.8/site-packages/airflow/example_dags/example_task_group_decorator.py for tasks to queue
[2026-07-13T13:41:48.025+0000] {logging_mixin.py:188} INFO - [2026-07-13T13:41:48.025+0000] {dagbag.py:538} INFO - Filling up the DagBag from /home/airflow/.local/lib/python3.8/site-packages/airflow/example_dags/example_task_group_decorator.py
[2026-07-13T13:41:48.037+0000] {processor.py:840} INFO - DAG(s) 'example_task_group_decorator' retrieved from /home/airflow/.local/lib/python3.8/site-packages/airflow/example_dags/example_task_group_decorator.py
[2026-07-13T13:41:48.057+0000] {logging_mixin.py:188} INFO - [2026-07-13T13:41:48.056+0000] {dag.py:3036} INFO - Sync 1 DAGs
[2026-07-13T13:41:48.079+0000] {logging_mixin.py:188} INFO - [2026-07-13T13:41:48.079+0000] {dag.py:3823} INFO - Setting next_dagrun for example_task_group_decorator to 2026-07-12 00:00:00+00:00, run_after=2026-07-13 00:00:00+00:00
[2026-07-13T13:41:48.097+0000] {processor.py:183} INFO - Processing /home/airflow/.local/lib/python3.8/site-packages/airflow/example_dags/example_task_group_decorator.py took 0.078 seconds
[2026-07-13T13:42:19.749+0000] {processor.py:161} INFO - Started process (PID=814) to work on /home/airflow/.local/lib/python3.8/site-packages/airflow/example_dags/example_task_group_decorator.py
[2026-07-13T13:42:19.751+0000] {processor.py:830} INFO - Processing file /home/airflow/.local/lib/python3.8/site-packages/airflow/example_dags/example_task_group_decorator.py for tasks to queue
[2026-07-13T13:42:19.753+0000] {logging_mixin.py:188} INFO - [2026-07-13T13:42:19.752+0000] {dagbag.py:538} INFO - Filling up the DagBag from /home/airflow/.local/lib/python3.8/site-packages/airflow/example_dags/example_task_group_decorator.py
[2026-07-13T13:42:19.765+0000] {processor.py:840} INFO - DAG(s) 'example_task_group_decorator' retrieved from /home/airflow/.local/lib/python3.8/site-packages/airflow/example_dags/example_task_group_decorator.py
[2026-07-13T13:42:19.783+0000] {logging_mixin.py:188} INFO - [2026-07-13T13:42:19.783+0000] {dag.py:3036} INFO - Sync 1 DAGs
[2026-07-13T13:42:19.798+0000] {logging_mixin.py:188} INFO - [2026-07-13T13:42:19.798+0000] {dag.py:3823} INFO - Setting next_dagrun for example_task_group_decorator to 2026-07-12 00:00:00+00:00, run_after=2026-07-13 00:00:00+00:00
[2026-07-13T13:42:19.813+0000] {processor.py:183} INFO - Processing /home/airflow/.local/lib/python3.8/site-packages/airflow/example_dags/example_task_group_decorator.py took 0.066 seconds
[2026-07-13T13:42:52.675+0000] {processor.py:161} INFO - Started process (PID=870) to work on /home/airflow/.local/lib/python3.8/site-packages/airflow/example_dags/example_task_group_decorator.py
[2026-07-13T13:42:52.676+0000] {processor.py:830} INFO - Processing file /home/airflow/.local/lib/python3.8/site-packages/airflow/example_dags/example_task_group_decorator.py for tasks to queue
[2026-07-13T13:42:52.680+0000] {logging_mixin.py:188} INFO - [2026-07-13T13:42:52.680+0000] {dagbag.py:538} INFO - Filling up the DagBag from /home/airflow/.local/lib/python3.8/site-packages/airflow/example_dags/example_task_group_decorator.py
[2026-07-13T13:42:52.694+0000] {processor.py:840} INFO - DAG(s) 'example_task_group_decorator' retrieved from /home/airflow/.local/lib/python3.8/site-packages/airflow/example_dags/example_task_group_decorator.py
[2026-07-13T13:42:52.717+0000] {logging_mixin.py:188} INFO - [2026-07-13T13:42:52.716+0000] {dag.py:3036} INFO - Sync 1 DAGs
[2026-07-13T13:42:52.735+0000] {logging_mixin.py:188} INFO - [2026-07-13T13:42:52.734+0000] {dag.py:3823} INFO - Setting next_dagrun for example_task_group_decorator to 2026-07-12 00:00:00+00:00, run_after=2026-07-13 00:00:00+00:00
[2026-07-13T13:42:52.755+0000] {processor.py:183} INFO - Processing /home/airflow/.local/lib/python3.8/site-packages/airflow/example_dags/example_task_group_decorator.py took 0.082 seconds
[2026-07-13T13:43:24.646+0000] {processor.py:161} INFO - Started process (PID=927) to work on /home/airflow/.local/lib/python3.8/site-packages/airflow/example_dags/example_task_group_decorator.py
[2026-07-13T13:43:24.648+0000] {processor.py:830} INFO - Processing file /home/airflow/.local/lib/python3.8/site-packages/airflow/example_dags/example_task_group_decorator.py for tasks to queue
[2026-07-13T13:43:24.649+0000] {logging_mixin.py:188} INFO - [2026-07-13T13:43:24.649+0000] {dagbag.py:538} INFO - Filling up the DagBag from /home/airflow/.local/lib/python3.8/site-packages/airflow/example_dags/example_task_group_decorator.py
[2026-07-13T13:43:24.663+0000] {processor.py:840} INFO - DAG(s) 'example_task_group_decorator' retrieved from /home/airflow/.local/lib/python3.8/site-packages/airflow/example_dags/example_task_group_decorator.py
[2026-07-13T13:43:24.683+0000] {logging_mixin.py:188} INFO - [2026-07-13T13:43:24.683+0000] {dag.py:3036} INFO - Sync 1 DAGs
[2026-07-13T13:43:24.701+0000] {logging_mixin.py:188} INFO - [2026-07-13T13:43:24.701+0000] {dag.py:3823} INFO - Setting next_dagrun for example_task_group_decorator to 2026-07-12 00:00:00+00:00, run_after=2026-07-13 00:00:00+00:00
[2026-07-13T13:43:24.719+0000] {processor.py:183} INFO - Processing /home/airflow/.local/lib/python3.8/site-packages/airflow/example_dags/example_task_group_decorator.py took 0.077 seconds
[2026-07-13T13:43:56.917+0000] {processor.py:161} INFO - Started process (PID=984) to work on /home/airflow/.local/lib/python3.8/site-packages/airflow/example_dags/example_task_group_decorator.py
[2026-07-13T13:43:56.918+0000] {processor.py:830} INFO - Processing file /home/airflow/.local/lib/python3.8/site-packages/airflow/example_dags/example_task_group_decorator.py for tasks to queue
[2026-07-13T13:43:56.919+0000] {logging_mixin.py:188} INFO - [2026-07-13T13:43:56.919+0000] {dagbag.py:538} INFO - Filling up the DagBag from /home/airflow/.local/lib/python3.8/site-packages/airflow/example_dags/example_task_group_decorator.py
[2026-07-13T13:43:56.929+0000] {processor.py:840} INFO - DAG(s) 'example_task_group_decorator' retrieved from /home/airflow/.local/lib/python3.8/site-packages/airflow/example_dags/example_task_group_decorator.py
[2026-07-13T13:43:56.947+0000] {logging_mixin.py:188} INFO - [2026-07-13T13:43:56.947+0000] {dag.py:3036} INFO - Sync 1 DAGs
[2026-07-13T13:43:56.962+0000] {logging_mixin.py:188} INFO - [2026-07-13T13:43:56.961+0000] {dag.py:3823} INFO - Setting next_dagrun for example_task_group_decorator to 2026-07-12 00:00:00+00:00, run_after=2026-07-13 00:00:00+00:00
[2026-07-13T13:43:56.974+0000] {processor.py:183} INFO - Processing /home/airflow/.local/lib/python3.8/site-packages/airflow/example_dags/example_task_group_decorator.py took 0.059 seconds
[2026-07-13T13:44:29.793+0000] {processor.py:161} INFO - Started process (PID=1041) to work on /home/airflow/.local/lib/python3.8/site-packages/airflow/example_dags/example_task_group_decorator.py
[2026-07-13T13:44:29.794+0000] {processor.py:830} INFO - Processing file /home/airflow/.local/lib/python3.8/site-packages/airflow/example_dags/example_task_group_decorator.py for tasks to queue
[2026-07-13T13:44:29.795+0000] {logging_mixin.py:188} INFO - [2026-07-13T13:44:29.795+0000] {dagbag.py:538} INFO - Filling up the DagBag from /home/airflow/.local/lib/python3.8/site-packages/airflow/example_dags/example_task_group_decorator.py
[2026-07-13T13:44:29.806+0000] {processor.py:840} INFO - DAG(s) 'example_task_group_decorator' retrieved from /home/airflow/.local/lib/python3.8/site-packages/airflow/example_dags/example_task_group_decorator.py
[2026-07-13T13:44:29.822+0000] {logging_mixin.py:188} INFO - [2026-07-13T13:44:29.821+0000] {dag.py:3036} INFO - Sync 1 DAGs
[2026-07-13T13:44:29.836+0000] {logging_mixin.py:188} INFO - [2026-07-13T13:44:29.836+0000] {dag.py:3823} INFO - Setting next_dagrun for example_task_group_decorator to 2026-07-12 00:00:00+00:00, run_after=2026-07-13 00:00:00+00:00
[2026-07-13T13:44:29.849+0000] {processor.py:183} INFO - Processing /home/airflow/.local/lib/python3.8/site-packages/airflow/example_dags/example_task_group_decorator.py took 0.059 seconds
[2026-07-13T13:45:01.854+0000] {processor.py:161} INFO - Started process (PID=1097) to work on /home/airflow/.local/lib/python3.8/site-packages/airflow/example_dags/example_task_group_decorator.py
[2026-07-13T13:45:01.855+0000] {processor.py:830} INFO - Processing file /home/airflow/.local/lib/python3.8/site-packages/airflow/example_dags/example_task_group_decorator.py for tasks to queue
[2026-07-13T13:45:01.856+0000] {logging_mixin.py:188} INFO - [2026-07-13T13:45:01.856+0000] {dagbag.py:538} INFO - Filling up the DagBag from /home/airflow/.local/lib/python3.8/site-packages/airflow/example_dags/example_task_group_decorator.py
[2026-07-13T13:45:01.866+0000] {processor.py:840} INFO - DAG(s) 'example_task_group_decorator' retrieved from /home/airflow/.local/lib/python3.8/site-packages/airflow/example_dags/example_task_group_decorator.py
[2026-07-13T13:45:01.882+0000] {logging_mixin.py:188} INFO - [2026-07-13T13:45:01.882+0000] {dag.py:3036} INFO - Sync 1 DAGs
[2026-07-13T13:45:01.898+0000] {logging_mixin.py:188} INFO - [2026-07-13T13:45:01.898+0000] {dag.py:3823} INFO - Setting next_dagrun for example_task_group_decorator to 2026-07-12 00:00:00+00:00, run_after=2026-07-13 00:00:00+00:00
[2026-07-13T13:45:01.911+0000] {processor.py:183} INFO - Processing /home/airflow/.local/lib/python3.8/site-packages/airflow/example_dags/example_task_group_decorator.py took 0.060 seconds
[2026-07-13T13:45:34.095+0000] {processor.py:161} INFO - Started process (PID=1153) to work on /home/airflow/.local/lib/python3.8/site-packages/airflow/example_dags/example_task_group_decorator.py
[2026-07-13T13:45:34.096+0000] {processor.py:830} INFO - Processing file /home/airflow/.local/lib/python3.8/site-packages/airflow/example_dags/example_task_group_decorator.py for tasks to queue
[2026-07-13T13:45:34.097+0000] {logging_mixin.py:188} INFO - [2026-07-13T13:45:34.097+0000] {dagbag.py:538} INFO - Filling up the DagBag from /home/airflow/.local/lib/python3.8/site-packages/airflow/example_dags/example_task_group_decorator.py
[2026-07-13T13:45:34.109+0000] {processor.py:840} INFO - DAG(s) 'example_task_group_decorator' retrieved from /home/airflow/.local/lib/python3.8/site-packages/airflow/example_dags/example_task_group_decorator.py
[2026-07-13T13:45:34.126+0000] {logging_mixin.py:188} INFO - [2026-07-13T13:45:34.125+0000] {dag.py:3036} INFO - Sync 1 DAGs
[2026-07-13T13:45:34.140+0000] {logging_mixin.py:188} INFO - [2026-07-13T13:45:34.140+0000] {dag.py:3823} INFO - Setting next_dagrun for example_task_group_decorator to 2026-07-12 00:00:00+00:00, run_after=2026-07-13 00:00:00+00:00
[2026-07-13T13:45:34.153+0000] {processor.py:183} INFO - Processing /home/airflow/.local/lib/python3.8/site-packages/airflow/example_dags/example_task_group_decorator.py took 0.060 seconds
[2026-07-13T13:46:06.243+0000] {processor.py:161} INFO - Started process (PID=1209) to work on /home/airflow/.local/lib/python3.8/site-packages/airflow/example_dags/example_task_group_decorator.py
[2026-07-13T13:46:06.244+0000] {processor.py:830} INFO - Processing file /home/airflow/.local/lib/python3.8/site-packages/airflow/example_dags/example_task_group_decorator.py for tasks to queue
[2026-07-13T13:46:06.245+0000] {logging_mixin.py:188} INFO - [2026-07-13T13:46:06.245+0000] {dagbag.py:538} INFO - Filling up the DagBag from /home/airflow/.local/lib/python3.8/site-packages/airflow/example_dags/example_task_group_decorator.py
[2026-07-13T13:46:06.254+0000] {processor.py:840} INFO - DAG(s) 'example_task_group_decorator' retrieved from /home/airflow/.local/lib/python3.8/site-packages/airflow/example_dags/example_task_group_decorator.py
[2026-07-13T13:46:06.271+0000] {logging_mixin.py:188} INFO - [2026-07-13T13:46:06.271+0000] {dag.py:3036} INFO - Sync 1 DAGs
[2026-07-13T13:46:06.286+0000] {logging_mixin.py:188} INFO - [2026-07-13T13:46:06.286+0000] {dag.py:3823} INFO - Setting next_dagrun for example_task_group_decorator to 2026-07-12 00:00:00+00:00, run_after=2026-07-13 00:00:00+00:00
[2026-07-13T13:46:06.300+0000] {processor.py:183} INFO - Processing /home/airflow/.local/lib/python3.8/site-packages/airflow/example_dags/example_task_group_decorator.py took 0.059 seconds
[2026-07-13T13:46:38.508+0000] {processor.py:161} INFO - Started process (PID=1265) to work on /home/airflow/.local/lib/python3.8/site-packages/airflow/example_dags/example_task_group_decorator.py
[2026-07-13T13:46:38.510+0000] {processor.py:830} INFO - Processing file /home/airflow/.local/lib/python3.8/site-packages/airflow/example_dags/example_task_group_decorator.py for tasks to queue
[2026-07-13T13:46:38.511+0000] {logging_mixin.py:188} INFO - [2026-07-13T13:46:38.511+0000] {dagbag.py:538} INFO - Filling up the DagBag from /home/airflow/.local/lib/python3.8/site-packages/airflow/example_dags/example_task_group_decorator.py
[2026-07-13T13:46:38.521+0000] {processor.py:840} INFO - DAG(s) 'example_task_group_decorator' retrieved from /home/airflow/.local/lib/python3.8/site-packages/airflow/example_dags/example_task_group_decorator.py
[2026-07-13T13:46:38.539+0000] {logging_mixin.py:188} INFO - [2026-07-13T13:46:38.538+0000] {dag.py:3036} INFO - Sync 1 DAGs
[2026-07-13T13:46:38.554+0000] {logging_mixin.py:188} INFO - [2026-07-13T13:46:38.554+0000] {dag.py:3823} INFO - Setting next_dagrun for example_task_group_decorator to 2026-07-12 00:00:00+00:00, run_after=2026-07-13 00:00:00+00:00
[2026-07-13T13:46:38.567+0000] {processor.py:183} INFO - Processing /home/airflow/.local/lib/python3.8/site-packages/airflow/example_dags/example_task_group_decorator.py took 0.061 seconds
[2026-07-13T13:47:10.719+0000] {processor.py:161} INFO - Started process (PID=1321) to work on /home/airflow/.local/lib/python3.8/site-packages/airflow/example_dags/example_task_group_decorator.py
[2026-07-13T13:47:10.721+0000] {processor.py:830} INFO - Processing file /home/airflow/.local/lib/python3.8/site-packages/airflow/example_dags/example_task_group_decorator.py for tasks to queue
[2026-07-13T13:47:10.723+0000] {logging_mixin.py:188} INFO - [2026-07-13T13:47:10.723+0000] {dagbag.py:538} INFO - Filling up the DagBag from /home/airflow/.local/lib/python3.8/site-packages/airflow/example_dags/example_task_group_decorator.py
[2026-07-13T13:47:10.732+0000] {processor.py:840} INFO - DAG(s) 'example_task_group_decorator' retrieved from /home/airflow/.local/lib/python3.8/site-packages/airflow/example_dags/example_task_group_decorator.py
[2026-07-13T13:47:10.751+0000] {logging_mixin.py:188} INFO - [2026-07-13T13:47:10.750+0000] {dag.py:3036} INFO - Sync 1 DAGs
[2026-07-13T13:47:10.767+0000] {logging_mixin.py:188} INFO - [2026-07-13T13:47:10.767+0000] {dag.py:3823} INFO - Setting next_dagrun for example_task_group_decorator to 2026-07-12 00:00:00+00:00, run_after=2026-07-13 00:00:00+00:00
[2026-07-13T13:47:10.782+0000] {processor.py:183} INFO - Processing /home/airflow/.local/lib/python3.8/site-packages/airflow/example_dags/example_task_group_decorator.py took 0.065 seconds
[2026-07-13T13:48:51.906+0000] {processor.py:161} INFO - Started process (PID=87) to work on /home/airflow/.local/lib/python3.8/site-packages/airflow/example_dags/example_task_group_decorator.py
[2026-07-13T13:48:51.907+0000] {processor.py:830} INFO - Processing file /home/airflow/.local/lib/python3.8/site-packages/airflow/example_dags/example_task_group_decorator.py for tasks to queue
[2026-07-13T13:48:51.909+0000] {logging_mixin.py:188} INFO - [2026-07-13T13:48:51.909+0000] {dagbag.py:538} INFO - Filling up the DagBag from /home/airflow/.local/lib/python3.8/site-packages/airflow/example_dags/example_task_group_decorator.py
[2026-07-13T13:48:51.928+0000] {processor.py:840} INFO - DAG(s) 'example_task_group_decorator' retrieved from /home/airflow/.local/lib/python3.8/site-packages/airflow/example_dags/example_task_group_decorator.py
[2026-07-13T13:48:51.944+0000] {logging_mixin.py:188} INFO - [2026-07-13T13:48:51.943+0000] {dag.py:3036} INFO - Sync 1 DAGs
[2026-07-13T13:48:51.989+0000] {logging_mixin.py:188} INFO - [2026-07-13T13:48:51.988+0000] {dag.py:3823} INFO - Setting next_dagrun for example_task_group_decorator to 2026-07-12 00:00:00+00:00, run_after=2026-07-13 00:00:00+00:00
[2026-07-13T13:48:52.028+0000] {processor.py:183} INFO - Processing /home/airflow/.local/lib/python3.8/site-packages/airflow/example_dags/example_task_group_decorator.py took 0.126 seconds
[2026-07-13T13:49:23.039+0000] {processor.py:161} INFO - Started process (PID=143) to work on /home/airflow/.local/lib/python3.8/site-packages/airflow/example_dags/example_task_group_decorator.py
[2026-07-13T13:49:23.040+0000] {processor.py:830} INFO - Processing file /home/airflow/.local/lib/python3.8/site-packages/airflow/example_dags/example_task_group_decorator.py for tasks to queue
[2026-07-13T13:49:23.042+0000] {logging_mixin.py:188} INFO - [2026-07-13T13:49:23.042+0000] {dagbag.py:538} INFO - Filling up the DagBag from /home/airflow/.local/lib/python3.8/site-packages/airflow/example_dags/example_task_group_decorator.py
[2026-07-13T13:49:23.056+0000] {processor.py:840} INFO - DAG(s) 'example_task_group_decorator' retrieved from /home/airflow/.local/lib/python3.8/site-packages/airflow/example_dags/example_task_group_decorator.py
[2026-07-13T13:49:23.129+0000] {logging_mixin.py:188} INFO - [2026-07-13T13:49:23.129+0000] {dag.py:3036} INFO - Sync 1 DAGs
[2026-07-13T13:49:23.142+0000] {logging_mixin.py:188} INFO - [2026-07-13T13:49:23.142+0000] {dag.py:3823} INFO - Setting next_dagrun for example_task_group_decorator to 2026-07-12 00:00:00+00:00, run_after=2026-07-13 00:00:00+00:00
[2026-07-13T13:49:23.163+0000] {processor.py:183} INFO - Processing /home/airflow/.local/lib/python3.8/site-packages/airflow/example_dags/example_task_group_decorator.py took 0.126 seconds
[2026-07-13T13:49:53.911+0000] {processor.py:161} INFO - Started process (PID=199) to work on /home/airflow/.local/lib/python3.8/site-packages/airflow/example_dags/example_task_group_decorator.py
[2026-07-13T13:49:53.913+0000] {processor.py:830} INFO - Processing file /home/airflow/.local/lib/python3.8/site-packages/airflow/example_dags/example_task_group_decorator.py for tasks to queue
[2026-07-13T13:49:53.914+0000] {logging_mixin.py:188} INFO - [2026-07-13T13:49:53.914+0000] {dagbag.py:538} INFO - Filling up the DagBag from /home/airflow/.local/lib/python3.8/site-packages/airflow/example_dags/example_task_group_decorator.py
[2026-07-13T13:49:53.924+0000] {processor.py:840} INFO - DAG(s) 'example_task_group_decorator' retrieved from /home/airflow/.local/lib/python3.8/site-packages/airflow/example_dags/example_task_group_decorator.py
[2026-07-13T13:49:53.942+0000] {logging_mixin.py:188} INFO - [2026-07-13T13:49:53.942+0000] {dag.py:3036} INFO - Sync 1 DAGs
[2026-07-13T13:49:53.958+0000] {logging_mixin.py:188} INFO - [2026-07-13T13:49:53.957+0000] {dag.py:3823} INFO - Setting next_dagrun for example_task_group_decorator to 2026-07-12 00:00:00+00:00, run_after=2026-07-13 00:00:00+00:00
[2026-07-13T13:49:53.971+0000] {processor.py:183} INFO - Processing /home/airflow/.local/lib/python3.8/site-packages/airflow/example_dags/example_task_group_decorator.py took 0.062 seconds
[2026-07-13T13:50:24.500+0000] {processor.py:161} INFO - Started process (PID=255) to work on /home/airflow/.local/lib/python3.8/site-packages/airflow/example_dags/example_task_group_decorator.py
[2026-07-13T13:50:24.501+0000] {processor.py:830} INFO - Processing file /home/airflow/.local/lib/python3.8/site-packages/airflow/example_dags/example_task_group_decorator.py for tasks to queue
[2026-07-13T13:50:24.502+0000] {logging_mixin.py:188} INFO - [2026-07-13T13:50:24.502+0000] {dagbag.py:538} INFO - Filling up the DagBag from /home/airflow/.local/lib/python3.8/site-packages/airflow/example_dags/example_task_group_decorator.py
[2026-07-13T13:50:24.512+0000] {processor.py:840} INFO - DAG(s) 'example_task_group_decorator' retrieved from /home/airflow/.local/lib/python3.8/site-packages/airflow/example_dags/example_task_group_decorator.py
[2026-07-13T13:50:24.529+0000] {logging_mixin.py:188} INFO - [2026-07-13T13:50:24.529+0000] {dag.py:3036} INFO - Sync 1 DAGs
[2026-07-13T13:50:24.544+0000] {logging_mixin.py:188} INFO - [2026-07-13T13:50:24.544+0000] {dag.py:3823} INFO - Setting next_dagrun for example_task_group_decorator to 2026-07-12 00:00:00+00:00, run_after=2026-07-13 00:00:00+00:00
[2026-07-13T13:50:24.557+0000] {processor.py:183} INFO - Processing /home/airflow/.local/lib/python3.8/site-packages/airflow/example_dags/example_task_group_decorator.py took 0.060 seconds
[2026-07-13T13:50:56.933+0000] {processor.py:161} INFO - Started process (PID=311) to work on /home/airflow/.local/lib/python3.8/site-packages/airflow/example_dags/example_task_group_decorator.py
[2026-07-13T13:50:56.934+0000] {processor.py:830} INFO - Processing file /home/airflow/.local/lib/python3.8/site-packages/airflow/example_dags/example_task_group_decorator.py for tasks to queue
[2026-07-13T13:50:56.935+0000] {logging_mixin.py:188} INFO - [2026-07-13T13:50:56.935+0000] {dagbag.py:538} INFO - Filling up the DagBag from /home/airflow/.local/lib/python3.8/site-packages/airflow/example_dags/example_task_group_decorator.py
[2026-07-13T13:50:56.947+0000] {processor.py:840} INFO - DAG(s) 'example_task_group_decorator' retrieved from /home/airflow/.local/lib/python3.8/site-packages/airflow/example_dags/example_task_group_decorator.py
[2026-07-13T13:50:56.965+0000] {logging_mixin.py:188} INFO - [2026-07-13T13:50:56.965+0000] {dag.py:3036} INFO - Sync 1 DAGs
[2026-07-13T13:50:56.980+0000] {logging_mixin.py:188} INFO - [2026-07-13T13:50:56.980+0000] {dag.py:3823} INFO - Setting next_dagrun for example_task_group_decorator to 2026-07-12 00:00:00+00:00, run_after=2026-07-13 00:00:00+00:00
[2026-07-13T13:50:56.992+0000] {processor.py:183} INFO - Processing /home/airflow/.local/lib/python3.8/site-packages/airflow/example_dags/example_task_group_decorator.py took 0.062 seconds
[2026-07-13T13:51:29.552+0000] {processor.py:161} INFO - Started process (PID=367) to work on /home/airflow/.local/lib/python3.8/site-packages/airflow/example_dags/example_task_group_decorator.py
[2026-07-13T13:51:29.553+0000] {processor.py:830} INFO - Processing file /home/airflow/.local/lib/python3.8/site-packages/airflow/example_dags/example_task_group_decorator.py for tasks to queue
[2026-07-13T13:51:29.556+0000] {logging_mixin.py:188} INFO - [2026-07-13T13:51:29.555+0000] {dagbag.py:538} INFO - Filling up the DagBag from /home/airflow/.local/lib/python3.8/site-packages/airflow/example_dags/example_task_group_decorator.py
[2026-07-13T13:51:29.566+0000] {processor.py:840} INFO - DAG(s) 'example_task_group_decorator' retrieved from /home/airflow/.local/lib/python3.8/site-packages/airflow/example_dags/example_task_group_decorator.py
[2026-07-13T13:51:29.587+0000] {logging_mixin.py:188} INFO - [2026-07-13T13:51:29.586+0000] {dag.py:3036} INFO - Sync 1 DAGs
[2026-07-13T13:51:29.604+0000] {logging_mixin.py:188} INFO - [2026-07-13T13:51:29.603+0000] {dag.py:3823} INFO - Setting next_dagrun for example_task_group_decorator to 2026-07-12 00:00:00+00:00, run_after=2026-07-13 00:00:00+00:00
[2026-07-13T13:51:29.618+0000] {processor.py:183} INFO - Processing /home/airflow/.local/lib/python3.8/site-packages/airflow/example_dags/example_task_group_decorator.py took 0.068 seconds
[2026-07-13T13:52:01.924+0000] {processor.py:161} INFO - Started process (PID=427) to work on /home/airflow/.local/lib/python3.8/site-packages/airflow/example_dags/example_task_group_decorator.py
[2026-07-13T13:52:01.925+0000] {processor.py:830} INFO - Processing file /home/airflow/.local/lib/python3.8/site-packages/airflow/example_dags/example_task_group_decorator.py for tasks to queue
[2026-07-13T13:52:01.927+0000] {logging_mixin.py:188} INFO - [2026-07-13T13:52:01.927+0000] {dagbag.py:538} INFO - Filling up the DagBag from /home/airflow/.local/lib/python3.8/site-packages/airflow/example_dags/example_task_group_decorator.py
[2026-07-13T13:52:01.936+0000] {processor.py:840} INFO - DAG(s) 'example_task_group_decorator' retrieved from /home/airflow/.local/lib/python3.8/site-packages/airflow/example_dags/example_task_group_decorator.py
[2026-07-13T13:52:01.954+0000] {logging_mixin.py:188} INFO - [2026-07-13T13:52:01.954+0000] {dag.py:3036} INFO - Sync 1 DAGs
[2026-07-13T13:52:01.979+0000] {logging_mixin.py:188} INFO - [2026-07-13T13:52:01.979+0000] {dag.py:3823} INFO - Setting next_dagrun for example_task_group_decorator to 2026-07-12 00:00:00+00:00, run_after=2026-07-13 00:00:00+00:00
[2026-07-13T13:52:02.005+0000] {processor.py:183} INFO - Processing /home/airflow/.local/lib/python3.8/site-packages/airflow/example_dags/example_task_group_decorator.py took 0.083 seconds
[2026-07-13T13:52:34.564+0000] {processor.py:161} INFO - Started process (PID=487) to work on /home/airflow/.local/lib/python3.8/site-packages/airflow/example_dags/example_task_group_decorator.py
[2026-07-13T13:52:34.565+0000] {processor.py:830} INFO - Processing file /home/airflow/.local/lib/python3.8/site-packages/airflow/example_dags/example_task_group_decorator.py for tasks to queue
[2026-07-13T13:52:34.566+0000] {logging_mixin.py:188} INFO - [2026-07-13T13:52:34.566+0000] {dagbag.py:538} INFO - Filling up the DagBag from /home/airflow/.local/lib/python3.8/site-packages/airflow/example_dags/example_task_group_decorator.py
[2026-07-13T13:52:34.581+0000] {processor.py:840} INFO - DAG(s) 'example_task_group_decorator' retrieved from /home/airflow/.local/lib/python3.8/site-packages/airflow/example_dags/example_task_group_decorator.py
[2026-07-13T13:52:34.613+0000] {logging_mixin.py:188} INFO - [2026-07-13T13:52:34.612+0000] {dag.py:3036} INFO - Sync 1 DAGs
[2026-07-13T13:52:34.637+0000] {logging_mixin.py:188} INFO - [2026-07-13T13:52:34.637+0000] {dag.py:3823} INFO - Setting next_dagrun for example_task_group_decorator to 2026-07-12 00:00:00+00:00, run_after=2026-07-13 00:00:00+00:00
[2026-07-13T13:52:34.664+0000] {processor.py:183} INFO - Processing /home/airflow/.local/lib/python3.8/site-packages/airflow/example_dags/example_task_group_decorator.py took 0.104 seconds
[2026-07-13T13:53:07.233+0000] {processor.py:161} INFO - Started process (PID=547) to work on /home/airflow/.local/lib/python3.8/site-packages/airflow/example_dags/example_task_group_decorator.py
[2026-07-13T13:53:07.237+0000] {processor.py:830} INFO - Processing file /home/airflow/.local/lib/python3.8/site-packages/airflow/example_dags/example_task_group_decorator.py for tasks to queue
[2026-07-13T13:53:07.242+0000] {logging_mixin.py:188} INFO - [2026-07-13T13:53:07.241+0000] {dagbag.py:538} INFO - Filling up the DagBag from /home/airflow/.local/lib/python3.8/site-packages/airflow/example_dags/example_task_group_decorator.py
[2026-07-13T13:53:07.265+0000] {processor.py:840} INFO - DAG(s) 'example_task_group_decorator' retrieved from /home/airflow/.local/lib/python3.8/site-packages/airflow/example_dags/example_task_group_decorator.py
[2026-07-13T13:53:07.304+0000] {logging_mixin.py:188} INFO - [2026-07-13T13:53:07.303+0000] {dag.py:3036} INFO - Sync 1 DAGs
[2026-07-13T13:53:07.341+0000] {logging_mixin.py:188} INFO - [2026-07-13T13:53:07.340+0000] {dag.py:3823} INFO - Setting next_dagrun for example_task_group_decorator to 2026-07-12 00:00:00+00:00, run_after=2026-07-13 00:00:00+00:00
[2026-07-13T13:53:07.374+0000] {processor.py:183} INFO - Processing /home/airflow/.local/lib/python3.8/site-packages/airflow/example_dags/example_task_group_decorator.py took 0.146 seconds
[2026-07-13T13:53:38.750+0000] {processor.py:161} INFO - Started process (PID=603) to work on /home/airflow/.local/lib/python3.8/site-packages/airflow/example_dags/example_task_group_decorator.py
[2026-07-13T13:53:38.751+0000] {processor.py:830} INFO - Processing file /home/airflow/.local/lib/python3.8/site-packages/airflow/example_dags/example_task_group_decorator.py for tasks to queue
[2026-07-13T13:53:38.753+0000] {logging_mixin.py:188} INFO - [2026-07-13T13:53:38.753+0000] {dagbag.py:538} INFO - Filling up the DagBag from /home/airflow/.local/lib/python3.8/site-packages/airflow/example_dags/example_task_group_decorator.py
[2026-07-13T13:53:38.764+0000] {processor.py:840} INFO - DAG(s) 'example_task_group_decorator' retrieved from /home/airflow/.local/lib/python3.8/site-packages/airflow/example_dags/example_task_group_decorator.py
[2026-07-13T13:53:38.784+0000] {logging_mixin.py:188} INFO - [2026-07-13T13:53:38.784+0000] {dag.py:3036} INFO - Sync 1 DAGs
[2026-07-13T13:53:38.802+0000] {logging_mixin.py:188} INFO - [2026-07-13T13:53:38.801+0000] {dag.py:3823} INFO - Setting next_dagrun for example_task_group_decorator to 2026-07-12 00:00:00+00:00, run_after=2026-07-13 00:00:00+00:00
[2026-07-13T13:53:38.819+0000] {processor.py:183} INFO - Processing /home/airflow/.local/lib/python3.8/site-packages/airflow/example_dags/example_task_group_decorator.py took 0.071 seconds
[2026-07-13T13:54:11.103+0000] {processor.py:161} INFO - Started process (PID=659) to work on /home/airflow/.local/lib/python3.8/site-packages/airflow/example_dags/example_task_group_decorator.py
[2026-07-13T13:54:11.104+0000] {processor.py:830} INFO - Processing file /home/airflow/.local/lib/python3.8/site-packages/airflow/example_dags/example_task_group_decorator.py for tasks to queue
[2026-07-13T13:54:11.106+0000] {logging_mixin.py:188} INFO - [2026-07-13T13:54:11.106+0000] {dagbag.py:538} INFO - Filling up the DagBag from /home/airflow/.local/lib/python3.8/site-packages/airflow/example_dags/example_task_group_decorator.py
[2026-07-13T13:54:11.116+0000] {processor.py:840} INFO - DAG(s) 'example_task_group_decorator' retrieved from /home/airflow/.local/lib/python3.8/site-packages/airflow/example_dags/example_task_group_decorator.py
[2026-07-13T13:54:11.133+0000] {logging_mixin.py:188} INFO - [2026-07-13T13:54:11.133+0000] {dag.py:3036} INFO - Sync 1 DAGs
[2026-07-13T13:54:11.149+0000] {logging_mixin.py:188} INFO - [2026-07-13T13:54:11.149+0000] {dag.py:3823} INFO - Setting next_dagrun for example_task_group_decorator to 2026-07-12 00:00:00+00:00, run_after=2026-07-13 00:00:00+00:00
[2026-07-13T13:54:11.164+0000] {processor.py:183} INFO - Processing /home/airflow/.local/lib/python3.8/site-packages/airflow/example_dags/example_task_group_decorator.py took 0.063 seconds
[2026-07-13T13:54:44.109+0000] {processor.py:161} INFO - Started process (PID=715) to work on /home/airflow/.local/lib/python3.8/site-packages/airflow/example_dags/example_task_group_decorator.py
[2026-07-13T13:54:44.110+0000] {processor.py:830} INFO - Processing file /home/airflow/.local/lib/python3.8/site-packages/airflow/example_dags/example_task_group_decorator.py for tasks to queue
[2026-07-13T13:54:44.111+0000] {logging_mixin.py:188} INFO - [2026-07-13T13:54:44.111+0000] {dagbag.py:538} INFO - Filling up the DagBag from /home/airflow/.local/lib/python3.8/site-packages/airflow/example_dags/example_task_group_decorator.py
[2026-07-13T13:54:44.120+0000] {processor.py:840} INFO - DAG(s) 'example_task_group_decorator' retrieved from /home/airflow/.local/lib/python3.8/site-packages/airflow/example_dags/example_task_group_decorator.py
[2026-07-13T13:54:44.140+0000] {logging_mixin.py:188} INFO - [2026-07-13T13:54:44.139+0000] {dag.py:3036} INFO - Sync 1 DAGs
[2026-07-13T13:54:44.157+0000] {logging_mixin.py:188} INFO - [2026-07-13T13:54:44.157+0000] {dag.py:3823} INFO - Setting next_dagrun for example_task_group_decorator to 2026-07-12 00:00:00+00:00, run_after=2026-07-13 00:00:00+00:00
[2026-07-13T13:54:44.173+0000] {processor.py:183} INFO - Processing /home/airflow/.local/lib/python3.8/site-packages/airflow/example_dags/example_task_group_decorator.py took 0.067 seconds
[2026-07-13T13:55:15.815+0000] {processor.py:161} INFO - Started process (PID=771) to work on /home/airflow/.local/lib/python3.8/site-packages/airflow/example_dags/example_task_group_decorator.py
[2026-07-13T13:55:15.817+0000] {processor.py:830} INFO - Processing file /home/airflow/.local/lib/python3.8/site-packages/airflow/example_dags/example_task_group_decorator.py for tasks to queue
[2026-07-13T13:55:15.818+0000] {logging_mixin.py:188} INFO - [2026-07-13T13:55:15.818+0000] {dagbag.py:538} INFO - Filling up the DagBag from /home/airflow/.local/lib/python3.8/site-packages/airflow/example_dags/example_task_group_decorator.py
[2026-07-13T13:55:15.830+0000] {processor.py:840} INFO - DAG(s) 'example_task_group_decorator' retrieved from /home/airflow/.local/lib/python3.8/site-packages/airflow/example_dags/example_task_group_decorator.py
[2026-07-13T13:55:15.848+0000] {logging_mixin.py:188} INFO - [2026-07-13T13:55:15.848+0000] {dag.py:3036} INFO - Sync 1 DAGs
[2026-07-13T13:55:15.864+0000] {logging_mixin.py:188} INFO - [2026-07-13T13:55:15.864+0000] {dag.py:3823} INFO - Setting next_dagrun for example_task_group_decorator to 2026-07-12 00:00:00+00:00, run_after=2026-07-13 00:00:00+00:00
[2026-07-13T13:55:15.882+0000] {processor.py:183} INFO - Processing /home/airflow/.local/lib/python3.8/site-packages/airflow/example_dags/example_task_group_decorator.py took 0.069 seconds
[2026-07-13T13:55:48.758+0000] {processor.py:161} INFO - Started process (PID=827) to work on /home/airflow/.local/lib/python3.8/site-packages/airflow/example_dags/example_task_group_decorator.py
[2026-07-13T13:55:48.759+0000] {processor.py:830} INFO - Processing file /home/airflow/.local/lib/python3.8/site-packages/airflow/example_dags/example_task_group_decorator.py for tasks to queue
[2026-07-13T13:55:48.761+0000] {logging_mixin.py:188} INFO - [2026-07-13T13:55:48.760+0000] {dagbag.py:538} INFO - Filling up the DagBag from /home/airflow/.local/lib/python3.8/site-packages/airflow/example_dags/example_task_group_decorator.py
[2026-07-13T13:55:48.772+0000] {processor.py:840} INFO - DAG(s) 'example_task_group_decorator' retrieved from /home/airflow/.local/lib/python3.8/site-packages/airflow/example_dags/example_task_group_decorator.py
[2026-07-13T13:55:48.791+0000] {logging_mixin.py:188} INFO - [2026-07-13T13:55:48.791+0000] {dag.py:3036} INFO - Sync 1 DAGs
[2026-07-13T13:55:48.809+0000] {logging_mixin.py:188} INFO - [2026-07-13T13:55:48.808+0000] {dag.py:3823} INFO - Setting next_dagrun for example_task_group_decorator to 2026-07-12 00:00:00+00:00, run_after=2026-07-13 00:00:00+00:00
[2026-07-13T13:55:48.824+0000] {processor.py:183} INFO - Processing /home/airflow/.local/lib/python3.8/site-packages/airflow/example_dags/example_task_group_decorator.py took 0.069 seconds
[2026-07-13T13:56:20.267+0000] {processor.py:161} INFO - Started process (PID=883) to work on /home/airflow/.local/lib/python3.8/site-packages/airflow/example_dags/example_task_group_decorator.py
[2026-07-13T13:56:20.268+0000] {processor.py:830} INFO - Processing file /home/airflow/.local/lib/python3.8/site-packages/airflow/example_dags/example_task_group_decorator.py for tasks to queue
[2026-07-13T13:56:20.270+0000] {logging_mixin.py:188} INFO - [2026-07-13T13:56:20.270+0000] {dagbag.py:538} INFO - Filling up the DagBag from /home/airflow/.local/lib/python3.8/site-packages/airflow/example_dags/example_task_group_decorator.py
[2026-07-13T13:56:20.281+0000] {processor.py:840} INFO - DAG(s) 'example_task_group_decorator' retrieved from /home/airflow/.local/lib/python3.8/site-packages/airflow/example_dags/example_task_group_decorator.py
[2026-07-13T13:56:20.300+0000] {logging_mixin.py:188} INFO - [2026-07-13T13:56:20.300+0000] {dag.py:3036} INFO - Sync 1 DAGs
[2026-07-13T13:56:20.318+0000] {logging_mixin.py:188} INFO - [2026-07-13T13:56:20.318+0000] {dag.py:3823} INFO - Setting next_dagrun for example_task_group_decorator to 2026-07-12 00:00:00+00:00, run_after=2026-07-13 00:00:00+00:00
[2026-07-13T13:56:20.335+0000] {processor.py:183} INFO - Processing /home/airflow/.local/lib/python3.8/site-packages/airflow/example_dags/example_task_group_decorator.py took 0.071 seconds
[2026-07-13T14:04:13.531+0000] {processor.py:161} INFO - Started process (PID=87) to work on /home/airflow/.local/lib/python3.8/site-packages/airflow/example_dags/example_task_group_decorator.py
[2026-07-13T14:04:13.533+0000] {processor.py:830} INFO - Processing file /home/airflow/.local/lib/python3.8/site-packages/airflow/example_dags/example_task_group_decorator.py for tasks to queue
[2026-07-13T14:04:13.534+0000] {logging_mixin.py:188} INFO - [2026-07-13T14:04:13.534+0000] {dagbag.py:538} INFO - Filling up the DagBag from /home/airflow/.local/lib/python3.8/site-packages/airflow/example_dags/example_task_group_decorator.py
[2026-07-13T14:04:13.547+0000] {processor.py:840} INFO - DAG(s) 'example_task_group_decorator' retrieved from /home/airflow/.local/lib/python3.8/site-packages/airflow/example_dags/example_task_group_decorator.py
[2026-07-13T14:04:13.558+0000] {logging_mixin.py:188} INFO - [2026-07-13T14:04:13.558+0000] {dag.py:3036} INFO - Sync 1 DAGs
[2026-07-13T14:04:13.575+0000] {logging_mixin.py:188} INFO - [2026-07-13T14:04:13.575+0000] {dag.py:3823} INFO - Setting next_dagrun for example_task_group_decorator to 2026-07-12 00:00:00+00:00, run_after=2026-07-13 00:00:00+00:00
[2026-07-13T14:04:13.603+0000] {processor.py:183} INFO - Processing /home/airflow/.local/lib/python3.8/site-packages/airflow/example_dags/example_task_group_decorator.py took 0.074 seconds
[2026-07-13T14:04:43.884+0000] {processor.py:161} INFO - Started process (PID=143) to work on /home/airflow/.local/lib/python3.8/site-packages/airflow/example_dags/example_task_group_decorator.py
[2026-07-13T14:04:43.886+0000] {processor.py:830} INFO - Processing file /home/airflow/.local/lib/python3.8/site-packages/airflow/example_dags/example_task_group_decorator.py for tasks to queue
[2026-07-13T14:04:43.887+0000] {logging_mixin.py:188} INFO - [2026-07-13T14:04:43.887+0000] {dagbag.py:538} INFO - Filling up the DagBag from /home/airflow/.local/lib/python3.8/site-packages/airflow/example_dags/example_task_group_decorator.py
[2026-07-13T14:04:43.897+0000] {processor.py:840} INFO - DAG(s) 'example_task_group_decorator' retrieved from /home/airflow/.local/lib/python3.8/site-packages/airflow/example_dags/example_task_group_decorator.py
[2026-07-13T14:04:43.964+0000] {logging_mixin.py:188} INFO - [2026-07-13T14:04:43.964+0000] {dag.py:3036} INFO - Sync 1 DAGs
[2026-07-13T14:04:43.978+0000] {logging_mixin.py:188} INFO - [2026-07-13T14:04:43.978+0000] {dag.py:3823} INFO - Setting next_dagrun for example_task_group_decorator to 2026-07-12 00:00:00+00:00, run_after=2026-07-13 00:00:00+00:00
[2026-07-13T14:04:43.993+0000] {processor.py:183} INFO - Processing /home/airflow/.local/lib/python3.8/site-packages/airflow/example_dags/example_task_group_decorator.py took 0.112 seconds
[2026-07-13T14:05:14.701+0000] {processor.py:161} INFO - Started process (PID=199) to work on /home/airflow/.local/lib/python3.8/site-packages/airflow/example_dags/example_task_group_decorator.py
[2026-07-13T14:05:14.702+0000] {processor.py:830} INFO - Processing file /home/airflow/.local/lib/python3.8/site-packages/airflow/example_dags/example_task_group_decorator.py for tasks to queue
[2026-07-13T14:05:14.704+0000] {logging_mixin.py:188} INFO - [2026-07-13T14:05:14.704+0000] {dagbag.py:538} INFO - Filling up the DagBag from /home/airflow/.local/lib/python3.8/site-packages/airflow/example_dags/example_task_group_decorator.py
[2026-07-13T14:05:14.713+0000] {processor.py:840} INFO - DAG(s) 'example_task_group_decorator' retrieved from /home/airflow/.local/lib/python3.8/site-packages/airflow/example_dags/example_task_group_decorator.py
[2026-07-13T14:05:14.729+0000] {logging_mixin.py:188} INFO - [2026-07-13T14:05:14.729+0000] {dag.py:3036} INFO - Sync 1 DAGs
[2026-07-13T14:05:14.743+0000] {logging_mixin.py:188} INFO - [2026-07-13T14:05:14.743+0000] {dag.py:3823} INFO - Setting next_dagrun for example_task_group_decorator to 2026-07-12 00:00:00+00:00, run_after=2026-07-13 00:00:00+00:00
[2026-07-13T14:05:14.756+0000] {processor.py:183} INFO - Processing /home/airflow/.local/lib/python3.8/site-packages/airflow/example_dags/example_task_group_decorator.py took 0.057 seconds
[2026-07-13T14:05:45.290+0000] {processor.py:161} INFO - Started process (PID=255) to work on /home/airflow/.local/lib/python3.8/site-packages/airflow/example_dags/example_task_group_decorator.py
[2026-07-13T14:05:45.291+0000] {processor.py:830} INFO - Processing file /home/airflow/.local/lib/python3.8/site-packages/airflow/example_dags/example_task_group_decorator.py for tasks to queue
[2026-07-13T14:05:45.292+0000] {logging_mixin.py:188} INFO - [2026-07-13T14:05:45.292+0000] {dagbag.py:538} INFO - Filling up the DagBag from /home/airflow/.local/lib/python3.8/site-packages/airflow/example_dags/example_task_group_decorator.py
[2026-07-13T14:05:45.302+0000] {processor.py:840} INFO - DAG(s) 'example_task_group_decorator' retrieved from /home/airflow/.local/lib/python3.8/site-packages/airflow/example_dags/example_task_group_decorator.py
[2026-07-13T14:05:45.322+0000] {logging_mixin.py:188} INFO - [2026-07-13T14:05:45.322+0000] {dag.py:3036} INFO - Sync 1 DAGs
[2026-07-13T14:05:45.335+0000] {logging_mixin.py:188} INFO - [2026-07-13T14:05:45.335+0000] {dag.py:3823} INFO - Setting next_dagrun for example_task_group_decorator to 2026-07-12 00:00:00+00:00, run_after=2026-07-13 00:00:00+00:00
[2026-07-13T14:05:45.350+0000] {processor.py:183} INFO - Processing /home/airflow/.local/lib/python3.8/site-packages/airflow/example_dags/example_task_group_decorator.py took 0.063 seconds
[2026-07-13T14:06:16.186+0000] {processor.py:161} INFO - Started process (PID=311) to work on /home/airflow/.local/lib/python3.8/site-packages/airflow/example_dags/example_task_group_decorator.py
[2026-07-13T14:06:16.187+0000] {processor.py:830} INFO - Processing file /home/airflow/.local/lib/python3.8/site-packages/airflow/example_dags/example_task_group_decorator.py for tasks to queue
[2026-07-13T14:06:16.188+0000] {logging_mixin.py:188} INFO - [2026-07-13T14:06:16.188+0000] {dagbag.py:538} INFO - Filling up the DagBag from /home/airflow/.local/lib/python3.8/site-packages/airflow/example_dags/example_task_group_decorator.py
[2026-07-13T14:06:16.200+0000] {processor.py:840} INFO - DAG(s) 'example_task_group_decorator' retrieved from /home/airflow/.local/lib/python3.8/site-packages/airflow/example_dags/example_task_group_decorator.py
[2026-07-13T14:06:16.219+0000] {logging_mixin.py:188} INFO - [2026-07-13T14:06:16.219+0000] {dag.py:3036} INFO - Sync 1 DAGs
[2026-07-13T14:06:16.233+0000] {logging_mixin.py:188} INFO - [2026-07-13T14:06:16.233+0000] {dag.py:3823} INFO - Setting next_dagrun for example_task_group_decorator to 2026-07-12 00:00:00+00:00, run_after=2026-07-13 00:00:00+00:00
[2026-07-13T14:06:16.247+0000] {processor.py:183} INFO - Processing /home/airflow/.local/lib/python3.8/site-packages/airflow/example_dags/example_task_group_decorator.py took 0.064 seconds
[2026-07-13T14:06:46.429+0000] {processor.py:161} INFO - Started process (PID=367) to work on /home/airflow/.local/lib/python3.8/site-packages/airflow/example_dags/example_task_group_decorator.py
[2026-07-13T14:06:46.431+0000] {processor.py:830} INFO - Processing file /home/airflow/.local/lib/python3.8/site-packages/airflow/example_dags/example_task_group_decorator.py for tasks to queue
[2026-07-13T14:06:46.434+0000] {logging_mixin.py:188} INFO - [2026-07-13T14:06:46.434+0000] {dagbag.py:538} INFO - Filling up the DagBag from /home/airflow/.local/lib/python3.8/site-packages/airflow/example_dags/example_task_group_decorator.py
[2026-07-13T14:06:46.447+0000] {processor.py:840} INFO - DAG(s) 'example_task_group_decorator' retrieved from /home/airflow/.local/lib/python3.8/site-packages/airflow/example_dags/example_task_group_decorator.py
[2026-07-13T14:06:46.470+0000] {logging_mixin.py:188} INFO - [2026-07-13T14:06:46.470+0000] {dag.py:3036} INFO - Sync 1 DAGs
[2026-07-13T14:06:46.488+0000] {logging_mixin.py:188} INFO - [2026-07-13T14:06:46.487+0000] {dag.py:3823} INFO - Setting next_dagrun for example_task_group_decorator to 2026-07-12 00:00:00+00:00, run_after=2026-07-13 00:00:00+00:00
[2026-07-13T14:06:46.523+0000] {processor.py:183} INFO - Processing /home/airflow/.local/lib/python3.8/site-packages/airflow/example_dags/example_task_group_decorator.py took 0.097 seconds
[2026-07-13T14:07:16.624+0000] {processor.py:161} INFO - Started process (PID=423) to work on /home/airflow/.local/lib/python3.8/site-packages/airflow/example_dags/example_task_group_decorator.py
[2026-07-13T14:07:16.627+0000] {processor.py:830} INFO - Processing file /home/airflow/.local/lib/python3.8/site-packages/airflow/example_dags/example_task_group_decorator.py for tasks to queue
[2026-07-13T14:07:16.631+0000] {logging_mixin.py:188} INFO - [2026-07-13T14:07:16.630+0000] {dagbag.py:538} INFO - Filling up the DagBag from /home/airflow/.local/lib/python3.8/site-packages/airflow/example_dags/example_task_group_decorator.py
[2026-07-13T14:07:16.644+0000] {processor.py:840} INFO - DAG(s) 'example_task_group_decorator' retrieved from /home/airflow/.local/lib/python3.8/site-packages/airflow/example_dags/example_task_group_decorator.py
[2026-07-13T14:07:16.663+0000] {logging_mixin.py:188} INFO - [2026-07-13T14:07:16.663+0000] {dag.py:3036} INFO - Sync 1 DAGs
[2026-07-13T14:07:16.677+0000] {logging_mixin.py:188} INFO - [2026-07-13T14:07:16.677+0000] {dag.py:3823} INFO - Setting next_dagrun for example_task_group_decorator to 2026-07-12 00:00:00+00:00, run_after=2026-07-13 00:00:00+00:00
[2026-07-13T14:07:16.701+0000] {processor.py:183} INFO - Processing /home/airflow/.local/lib/python3.8/site-packages/airflow/example_dags/example_task_group_decorator.py took 0.080 seconds
[2026-07-13T14:07:46.756+0000] {processor.py:161} INFO - Started process (PID=479) to work on /home/airflow/.local/lib/python3.8/site-packages/airflow/example_dags/example_task_group_decorator.py
[2026-07-13T14:07:46.757+0000] {processor.py:830} INFO - Processing file /home/airflow/.local/lib/python3.8/site-packages/airflow/example_dags/example_task_group_decorator.py for tasks to queue
[2026-07-13T14:07:46.759+0000] {logging_mixin.py:188} INFO - [2026-07-13T14:07:46.759+0000] {dagbag.py:538} INFO - Filling up the DagBag from /home/airflow/.local/lib/python3.8/site-packages/airflow/example_dags/example_task_group_decorator.py
[2026-07-13T14:07:46.770+0000] {processor.py:840} INFO - DAG(s) 'example_task_group_decorator' retrieved from /home/airflow/.local/lib/python3.8/site-packages/airflow/example_dags/example_task_group_decorator.py
[2026-07-13T14:07:46.791+0000] {logging_mixin.py:188} INFO - [2026-07-13T14:07:46.791+0000] {dag.py:3036} INFO - Sync 1 DAGs
[2026-07-13T14:07:46.807+0000] {logging_mixin.py:188} INFO - [2026-07-13T14:07:46.807+0000] {dag.py:3823} INFO - Setting next_dagrun for example_task_group_decorator to 2026-07-12 00:00:00+00:00, run_after=2026-07-13 00:00:00+00:00
[2026-07-13T14:07:46.826+0000] {processor.py:183} INFO - Processing /home/airflow/.local/lib/python3.8/site-packages/airflow/example_dags/example_task_group_decorator.py took 0.074 seconds
[2026-07-13T14:08:16.888+0000] {processor.py:161} INFO - Started process (PID=535) to work on /home/airflow/.local/lib/python3.8/site-packages/airflow/example_dags/example_task_group_decorator.py
[2026-07-13T14:08:16.889+0000] {processor.py:830} INFO - Processing file /home/airflow/.local/lib/python3.8/site-packages/airflow/example_dags/example_task_group_decorator.py for tasks to queue
[2026-07-13T14:08:16.890+0000] {logging_mixin.py:188} INFO - [2026-07-13T14:08:16.890+0000] {dagbag.py:538} INFO - Filling up the DagBag from /home/airflow/.local/lib/python3.8/site-packages/airflow/example_dags/example_task_group_decorator.py
[2026-07-13T14:08:16.900+0000] {processor.py:840} INFO - DAG(s) 'example_task_group_decorator' retrieved from /home/airflow/.local/lib/python3.8/site-packages/airflow/example_dags/example_task_group_decorator.py
[2026-07-13T14:08:16.919+0000] {logging_mixin.py:188} INFO - [2026-07-13T14:08:16.919+0000] {dag.py:3036} INFO - Sync 1 DAGs
[2026-07-13T14:08:16.938+0000] {logging_mixin.py:188} INFO - [2026-07-13T14:08:16.938+0000] {dag.py:3823} INFO - Setting next_dagrun for example_task_group_decorator to 2026-07-12 00:00:00+00:00, run_after=2026-07-13 00:00:00+00:00
[2026-07-13T14:08:16.957+0000] {processor.py:183} INFO - Processing /home/airflow/.local/lib/python3.8/site-packages/airflow/example_dags/example_task_group_decorator.py took 0.071 seconds
[2026-07-13T14:08:48.493+0000] {processor.py:161} INFO - Started process (PID=591) to work on /home/airflow/.local/lib/python3.8/site-packages/airflow/example_dags/example_task_group_decorator.py
[2026-07-13T14:08:48.495+0000] {processor.py:830} INFO - Processing file /home/airflow/.local/lib/python3.8/site-packages/airflow/example_dags/example_task_group_decorator.py for tasks to queue
[2026-07-13T14:08:48.496+0000] {logging_mixin.py:188} INFO - [2026-07-13T14:08:48.496+0000] {dagbag.py:538} INFO - Filling up the DagBag from /home/airflow/.local/lib/python3.8/site-packages/airflow/example_dags/example_task_group_decorator.py
[2026-07-13T14:08:48.506+0000] {processor.py:840} INFO - DAG(s) 'example_task_group_decorator' retrieved from /home/airflow/.local/lib/python3.8/site-packages/airflow/example_dags/example_task_group_decorator.py
[2026-07-13T14:08:48.524+0000] {logging_mixin.py:188} INFO - [2026-07-13T14:08:48.524+0000] {dag.py:3036} INFO - Sync 1 DAGs
[2026-07-13T14:08:48.540+0000] {logging_mixin.py:188} INFO - [2026-07-13T14:08:48.539+0000] {dag.py:3823} INFO - Setting next_dagrun for example_task_group_decorator to 2026-07-12 00:00:00+00:00, run_after=2026-07-13 00:00:00+00:00
[2026-07-13T14:08:48.553+0000] {processor.py:183} INFO - Processing /home/airflow/.local/lib/python3.8/site-packages/airflow/example_dags/example_task_group_decorator.py took 0.063 seconds
[2026-07-13T14:09:20.509+0000] {processor.py:161} INFO - Started process (PID=647) to work on /home/airflow/.local/lib/python3.8/site-packages/airflow/example_dags/example_task_group_decorator.py
[2026-07-13T14:09:20.510+0000] {processor.py:830} INFO - Processing file /home/airflow/.local/lib/python3.8/site-packages/airflow/example_dags/example_task_group_decorator.py for tasks to queue
[2026-07-13T14:09:20.511+0000] {logging_mixin.py:188} INFO - [2026-07-13T14:09:20.511+0000] {dagbag.py:538} INFO - Filling up the DagBag from /home/airflow/.local/lib/python3.8/site-packages/airflow/example_dags/example_task_group_decorator.py
[2026-07-13T14:09:20.521+0000] {processor.py:840} INFO - DAG(s) 'example_task_group_decorator' retrieved from /home/airflow/.local/lib/python3.8/site-packages/airflow/example_dags/example_task_group_decorator.py
[2026-07-13T14:09:20.538+0000] {logging_mixin.py:188} INFO - [2026-07-13T14:09:20.538+0000] {dag.py:3036} INFO - Sync 1 DAGs
[2026-07-13T14:09:20.552+0000] {logging_mixin.py:188} INFO - [2026-07-13T14:09:20.552+0000] {dag.py:3823} INFO - Setting next_dagrun for example_task_group_decorator to 2026-07-12 00:00:00+00:00, run_after=2026-07-13 00:00:00+00:00
[2026-07-13T14:09:20.567+0000] {processor.py:183} INFO - Processing /home/airflow/.local/lib/python3.8/site-packages/airflow/example_dags/example_task_group_decorator.py took 0.061 seconds
[2026-07-13T14:09:53.004+0000] {processor.py:161} INFO - Started process (PID=704) to work on /home/airflow/.local/lib/python3.8/site-packages/airflow/example_dags/example_task_group_decorator.py
[2026-07-13T14:09:53.005+0000] {processor.py:830} INFO - Processing file /home/airflow/.local/lib/python3.8/site-packages/airflow/example_dags/example_task_group_decorator.py for tasks to queue
[2026-07-13T14:09:53.006+0000] {logging_mixin.py:188} INFO - [2026-07-13T14:09:53.006+0000] {dagbag.py:538} INFO - Filling up the DagBag from /home/airflow/.local/lib/python3.8/site-packages/airflow/example_dags/example_task_group_decorator.py
[2026-07-13T14:09:53.015+0000] {processor.py:840} INFO - DAG(s) 'example_task_group_decorator' retrieved from /home/airflow/.local/lib/python3.8/site-packages/airflow/example_dags/example_task_group_decorator.py
[2026-07-13T14:09:53.032+0000] {logging_mixin.py:188} INFO - [2026-07-13T14:09:53.031+0000] {dag.py:3036} INFO - Sync 1 DAGs
[2026-07-13T14:09:53.046+0000] {logging_mixin.py:188} INFO - [2026-07-13T14:09:53.045+0000] {dag.py:3823} INFO - Setting next_dagrun for example_task_group_decorator to 2026-07-12 00:00:00+00:00, run_after=2026-07-13 00:00:00+00:00
[2026-07-13T14:09:53.059+0000] {processor.py:183} INFO - Processing /home/airflow/.local/lib/python3.8/site-packages/airflow/example_dags/example_task_group_decorator.py took 0.058 seconds
[2026-07-13T14:10:25.579+0000] {processor.py:161} INFO - Started process (PID=760) to work on /home/airflow/.local/lib/python3.8/site-packages/airflow/example_dags/example_task_group_decorator.py
[2026-07-13T14:10:25.580+0000] {processor.py:830} INFO - Processing file /home/airflow/.local/lib/python3.8/site-packages/airflow/example_dags/example_task_group_decorator.py for tasks to queue
[2026-07-13T14:10:25.582+0000] {logging_mixin.py:188} INFO - [2026-07-13T14:10:25.582+0000] {dagbag.py:538} INFO - Filling up the DagBag from /home/airflow/.local/lib/python3.8/site-packages/airflow/example_dags/example_task_group_decorator.py
[2026-07-13T14:10:25.592+0000] {processor.py:840} INFO - DAG(s) 'example_task_group_decorator' retrieved from /home/airflow/.local/lib/python3.8/site-packages/airflow/example_dags/example_task_group_decorator.py
[2026-07-13T14:10:25.609+0000] {logging_mixin.py:188} INFO - [2026-07-13T14:10:25.609+0000] {dag.py:3036} INFO - Sync 1 DAGs
[2026-07-13T14:10:25.625+0000] {logging_mixin.py:188} INFO - [2026-07-13T14:10:25.624+0000] {dag.py:3823} INFO - Setting next_dagrun for example_task_group_decorator to 2026-07-12 00:00:00+00:00, run_after=2026-07-13 00:00:00+00:00
[2026-07-13T14:10:25.643+0000] {processor.py:183} INFO - Processing /home/airflow/.local/lib/python3.8/site-packages/airflow/example_dags/example_task_group_decorator.py took 0.066 seconds
[2026-07-13T14:10:56.627+0000] {processor.py:161} INFO - Started process (PID=816) to work on /home/airflow/.local/lib/python3.8/site-packages/airflow/example_dags/example_task_group_decorator.py
[2026-07-13T14:10:56.628+0000] {processor.py:830} INFO - Processing file /home/airflow/.local/lib/python3.8/site-packages/airflow/example_dags/example_task_group_decorator.py for tasks to queue
[2026-07-13T14:10:56.630+0000] {logging_mixin.py:188} INFO - [2026-07-13T14:10:56.630+0000] {dagbag.py:538} INFO - Filling up the DagBag from /home/airflow/.local/lib/python3.8/site-packages/airflow/example_dags/example_task_group_decorator.py
[2026-07-13T14:10:56.640+0000] {processor.py:840} INFO - DAG(s) 'example_task_group_decorator' retrieved from /home/airflow/.local/lib/python3.8/site-packages/airflow/example_dags/example_task_group_decorator.py
[2026-07-13T14:10:56.657+0000] {logging_mixin.py:188} INFO - [2026-07-13T14:10:56.657+0000] {dag.py:3036} INFO - Sync 1 DAGs
[2026-07-13T14:10:56.673+0000] {logging_mixin.py:188} INFO - [2026-07-13T14:10:56.672+0000] {dag.py:3823} INFO - Setting next_dagrun for example_task_group_decorator to 2026-07-12 00:00:00+00:00, run_after=2026-07-13 00:00:00+00:00
[2026-07-13T14:10:56.688+0000] {processor.py:183} INFO - Processing /home/airflow/.local/lib/python3.8/site-packages/airflow/example_dags/example_task_group_decorator.py took 0.063 seconds
[2026-07-13T14:11:26.788+0000] {processor.py:161} INFO - Started process (PID=872) to work on /home/airflow/.local/lib/python3.8/site-packages/airflow/example_dags/example_task_group_decorator.py
[2026-07-13T14:11:26.789+0000] {processor.py:830} INFO - Processing file /home/airflow/.local/lib/python3.8/site-packages/airflow/example_dags/example_task_group_decorator.py for tasks to queue
[2026-07-13T14:11:26.790+0000] {logging_mixin.py:188} INFO - [2026-07-13T14:11:26.790+0000] {dagbag.py:538} INFO - Filling up the DagBag from /home/airflow/.local/lib/python3.8/site-packages/airflow/example_dags/example_task_group_decorator.py
[2026-07-13T14:11:26.799+0000] {processor.py:840} INFO - DAG(s) 'example_task_group_decorator' retrieved from /home/airflow/.local/lib/python3.8/site-packages/airflow/example_dags/example_task_group_decorator.py
[2026-07-13T14:11:26.816+0000] {logging_mixin.py:188} INFO - [2026-07-13T14:11:26.815+0000] {dag.py:3036} INFO - Sync 1 DAGs
[2026-07-13T14:11:26.830+0000] {logging_mixin.py:188} INFO - [2026-07-13T14:11:26.829+0000] {dag.py:3823} INFO - Setting next_dagrun for example_task_group_decorator to 2026-07-12 00:00:00+00:00, run_after=2026-07-13 00:00:00+00:00
[2026-07-13T14:11:26.842+0000] {processor.py:183} INFO - Processing /home/airflow/.local/lib/python3.8/site-packages/airflow/example_dags/example_task_group_decorator.py took 0.057 seconds
[2026-07-13T14:11:57.064+0000] {processor.py:161} INFO - Started process (PID=928) to work on /home/airflow/.local/lib/python3.8/site-packages/airflow/example_dags/example_task_group_decorator.py
[2026-07-13T14:11:57.065+0000] {processor.py:830} INFO - Processing file /home/airflow/.local/lib/python3.8/site-packages/airflow/example_dags/example_task_group_decorator.py for tasks to queue
[2026-07-13T14:11:57.067+0000] {logging_mixin.py:188} INFO - [2026-07-13T14:11:57.067+0000] {dagbag.py:538} INFO - Filling up the DagBag from /home/airflow/.local/lib/python3.8/site-packages/airflow/example_dags/example_task_group_decorator.py
[2026-07-13T14:11:57.077+0000] {processor.py:840} INFO - DAG(s) 'example_task_group_decorator' retrieved from /home/airflow/.local/lib/python3.8/site-packages/airflow/example_dags/example_task_group_decorator.py
[2026-07-13T14:11:57.095+0000] {logging_mixin.py:188} INFO - [2026-07-13T14:11:57.094+0000] {dag.py:3036} INFO - Sync 1 DAGs
[2026-07-13T14:11:57.112+0000] {logging_mixin.py:188} INFO - [2026-07-13T14:11:57.112+0000] {dag.py:3823} INFO - Setting next_dagrun for example_task_group_decorator to 2026-07-12 00:00:00+00:00, run_after=2026-07-13 00:00:00+00:00
[2026-07-13T14:11:57.128+0000] {processor.py:183} INFO - Processing /home/airflow/.local/lib/python3.8/site-packages/airflow/example_dags/example_task_group_decorator.py took 0.067 seconds
[2026-07-13T14:12:27.564+0000] {processor.py:161} INFO - Started process (PID=984) to work on /home/airflow/.local/lib/python3.8/site-packages/airflow/example_dags/example_task_group_decorator.py
[2026-07-13T14:12:27.564+0000] {processor.py:830} INFO - Processing file /home/airflow/.local/lib/python3.8/site-packages/airflow/example_dags/example_task_group_decorator.py for tasks to queue
[2026-07-13T14:12:27.566+0000] {logging_mixin.py:188} INFO - [2026-07-13T14:12:27.566+0000] {dagbag.py:538} INFO - Filling up the DagBag from /home/airflow/.local/lib/python3.8/site-packages/airflow/example_dags/example_task_group_decorator.py
[2026-07-13T14:12:27.575+0000] {processor.py:840} INFO - DAG(s) 'example_task_group_decorator' retrieved from /home/airflow/.local/lib/python3.8/site-packages/airflow/example_dags/example_task_group_decorator.py
[2026-07-13T14:12:27.592+0000] {logging_mixin.py:188} INFO - [2026-07-13T14:12:27.592+0000] {dag.py:3036} INFO - Sync 1 DAGs
[2026-07-13T14:12:27.605+0000] {logging_mixin.py:188} INFO - [2026-07-13T14:12:27.605+0000] {dag.py:3823} INFO - Setting next_dagrun for example_task_group_decorator to 2026-07-12 00:00:00+00:00, run_after=2026-07-13 00:00:00+00:00
[2026-07-13T14:12:27.621+0000] {processor.py:183} INFO - Processing /home/airflow/.local/lib/python3.8/site-packages/airflow/example_dags/example_task_group_decorator.py took 0.060 seconds
[2026-07-13T14:12:58.119+0000] {processor.py:161} INFO - Started process (PID=1040) to work on /home/airflow/.local/lib/python3.8/site-packages/airflow/example_dags/example_task_group_decorator.py
[2026-07-13T14:12:58.120+0000] {processor.py:830} INFO - Processing file /home/airflow/.local/lib/python3.8/site-packages/airflow/example_dags/example_task_group_decorator.py for tasks to queue
[2026-07-13T14:12:58.121+0000] {logging_mixin.py:188} INFO - [2026-07-13T14:12:58.121+0000] {dagbag.py:538} INFO - Filling up the DagBag from /home/airflow/.local/lib/python3.8/site-packages/airflow/example_dags/example_task_group_decorator.py
[2026-07-13T14:12:58.131+0000] {processor.py:840} INFO - DAG(s) 'example_task_group_decorator' retrieved from /home/airflow/.local/lib/python3.8/site-packages/airflow/example_dags/example_task_group_decorator.py
[2026-07-13T14:12:58.147+0000] {logging_mixin.py:188} INFO - [2026-07-13T14:12:58.147+0000] {dag.py:3036} INFO - Sync 1 DAGs
[2026-07-13T14:12:58.161+0000] {logging_mixin.py:188} INFO - [2026-07-13T14:12:58.161+0000] {dag.py:3823} INFO - Setting next_dagrun for example_task_group_decorator to 2026-07-12 00:00:00+00:00, run_after=2026-07-13 00:00:00+00:00
[2026-07-13T14:12:58.176+0000] {processor.py:183} INFO - Processing /home/airflow/.local/lib/python3.8/site-packages/airflow/example_dags/example_task_group_decorator.py took 0.059 seconds
[2026-07-13T14:13:28.940+0000] {processor.py:161} INFO - Started process (PID=1090) to work on /home/airflow/.local/lib/python3.8/site-packages/airflow/example_dags/example_task_group_decorator.py
[2026-07-13T14:13:28.942+0000] {processor.py:830} INFO - Processing file /home/airflow/.local/lib/python3.8/site-packages/airflow/example_dags/example_task_group_decorator.py for tasks to queue
[2026-07-13T14:13:28.945+0000] {logging_mixin.py:188} INFO - [2026-07-13T14:13:28.944+0000] {dagbag.py:538} INFO - Filling up the DagBag from /home/airflow/.local/lib/python3.8/site-packages/airflow/example_dags/example_task_group_decorator.py
[2026-07-13T14:13:28.963+0000] {processor.py:840} INFO - DAG(s) 'example_task_group_decorator' retrieved from /home/airflow/.local/lib/python3.8/site-packages/airflow/example_dags/example_task_group_decorator.py
[2026-07-13T14:13:28.987+0000] {logging_mixin.py:188} INFO - [2026-07-13T14:13:28.987+0000] {dag.py:3036} INFO - Sync 1 DAGs
[2026-07-13T14:13:29.002+0000] {logging_mixin.py:188} INFO - [2026-07-13T14:13:29.002+0000] {dag.py:3823} INFO - Setting next_dagrun for example_task_group_decorator to 2026-07-12 00:00:00+00:00, run_after=2026-07-13 00:00:00+00:00
[2026-07-13T14:13:29.017+0000] {processor.py:183} INFO - Processing /home/airflow/.local/lib/python3.8/site-packages/airflow/example_dags/example_task_group_decorator.py took 0.080 seconds
[2026-07-13T14:13:59.061+0000] {processor.py:161} INFO - Started process (PID=1146) to work on /home/airflow/.local/lib/python3.8/site-packages/airflow/example_dags/example_task_group_decorator.py
[2026-07-13T14:13:59.063+0000] {processor.py:830} INFO - Processing file /home/airflow/.local/lib/python3.8/site-packages/airflow/example_dags/example_task_group_decorator.py for tasks to queue
[2026-07-13T14:13:59.064+0000] {logging_mixin.py:188} INFO - [2026-07-13T14:13:59.064+0000] {dagbag.py:538} INFO - Filling up the DagBag from /home/airflow/.local/lib/python3.8/site-packages/airflow/example_dags/example_task_group_decorator.py
[2026-07-13T14:13:59.072+0000] {processor.py:840} INFO - DAG(s) 'example_task_group_decorator' retrieved from /home/airflow/.local/lib/python3.8/site-packages/airflow/example_dags/example_task_group_decorator.py
[2026-07-13T14:13:59.088+0000] {logging_mixin.py:188} INFO - [2026-07-13T14:13:59.088+0000] {dag.py:3036} INFO - Sync 1 DAGs
[2026-07-13T14:13:59.101+0000] {logging_mixin.py:188} INFO - [2026-07-13T14:13:59.101+0000] {dag.py:3823} INFO - Setting next_dagrun for example_task_group_decorator to 2026-07-12 00:00:00+00:00, run_after=2026-07-13 00:00:00+00:00
[2026-07-13T14:13:59.115+0000] {processor.py:183} INFO - Processing /home/airflow/.local/lib/python3.8/site-packages/airflow/example_dags/example_task_group_decorator.py took 0.057 seconds
[2026-07-13T14:14:29.212+0000] {processor.py:161} INFO - Started process (PID=1203) to work on /home/airflow/.local/lib/python3.8/site-packages/airflow/example_dags/example_task_group_decorator.py
[2026-07-13T14:14:29.214+0000] {processor.py:830} INFO - Processing file /home/airflow/.local/lib/python3.8/site-packages/airflow/example_dags/example_task_group_decorator.py for tasks to queue
[2026-07-13T14:14:29.215+0000] {logging_mixin.py:188} INFO - [2026-07-13T14:14:29.215+0000] {dagbag.py:538} INFO - Filling up the DagBag from /home/airflow/.local/lib/python3.8/site-packages/airflow/example_dags/example_task_group_decorator.py
[2026-07-13T14:14:29.225+0000] {processor.py:840} INFO - DAG(s) 'example_task_group_decorator' retrieved from /home/airflow/.local/lib/python3.8/site-packages/airflow/example_dags/example_task_group_decorator.py
[2026-07-13T14:14:29.242+0000] {logging_mixin.py:188} INFO - [2026-07-13T14:14:29.241+0000] {dag.py:3036} INFO - Sync 1 DAGs
[2026-07-13T14:14:29.255+0000] {logging_mixin.py:188} INFO - [2026-07-13T14:14:29.255+0000] {dag.py:3823} INFO - Setting next_dagrun for example_task_group_decorator to 2026-07-12 00:00:00+00:00, run_after=2026-07-13 00:00:00+00:00
[2026-07-13T14:14:29.269+0000] {processor.py:183} INFO - Processing /home/airflow/.local/lib/python3.8/site-packages/airflow/example_dags/example_task_group_decorator.py took 0.059 seconds
[2026-07-13T14:14:59.654+0000] {processor.py:161} INFO - Started process (PID=1259) to work on /home/airflow/.local/lib/python3.8/site-packages/airflow/example_dags/example_task_group_decorator.py
[2026-07-13T14:14:59.656+0000] {processor.py:830} INFO - Processing file /home/airflow/.local/lib/python3.8/site-packages/airflow/example_dags/example_task_group_decorator.py for tasks to queue
[2026-07-13T14:14:59.657+0000] {logging_mixin.py:188} INFO - [2026-07-13T14:14:59.657+0000] {dagbag.py:538} INFO - Filling up the DagBag from /home/airflow/.local/lib/python3.8/site-packages/airflow/example_dags/example_task_group_decorator.py
[2026-07-13T14:14:59.666+0000] {processor.py:840} INFO - DAG(s) 'example_task_group_decorator' retrieved from /home/airflow/.local/lib/python3.8/site-packages/airflow/example_dags/example_task_group_decorator.py
[2026-07-13T14:14:59.684+0000] {logging_mixin.py:188} INFO - [2026-07-13T14:14:59.683+0000] {dag.py:3036} INFO - Sync 1 DAGs
[2026-07-13T14:14:59.698+0000] {logging_mixin.py:188} INFO - [2026-07-13T14:14:59.697+0000] {dag.py:3823} INFO - Setting next_dagrun for example_task_group_decorator to 2026-07-12 00:00:00+00:00, run_after=2026-07-13 00:00:00+00:00
[2026-07-13T14:14:59.712+0000] {processor.py:183} INFO - Processing /home/airflow/.local/lib/python3.8/site-packages/airflow/example_dags/example_task_group_decorator.py took 0.060 seconds
[2026-07-13T14:15:30.156+0000] {processor.py:161} INFO - Started process (PID=1315) to work on /home/airflow/.local/lib/python3.8/site-packages/airflow/example_dags/example_task_group_decorator.py
[2026-07-13T14:15:30.157+0000] {processor.py:830} INFO - Processing file /home/airflow/.local/lib/python3.8/site-packages/airflow/example_dags/example_task_group_decorator.py for tasks to queue
[2026-07-13T14:15:30.159+0000] {logging_mixin.py:188} INFO - [2026-07-13T14:15:30.158+0000] {dagbag.py:538} INFO - Filling up the DagBag from /home/airflow/.local/lib/python3.8/site-packages/airflow/example_dags/example_task_group_decorator.py
[2026-07-13T14:15:30.168+0000] {processor.py:840} INFO - DAG(s) 'example_task_group_decorator' retrieved from /home/airflow/.local/lib/python3.8/site-packages/airflow/example_dags/example_task_group_decorator.py
[2026-07-13T14:15:30.185+0000] {logging_mixin.py:188} INFO - [2026-07-13T14:15:30.185+0000] {dag.py:3036} INFO - Sync 1 DAGs
[2026-07-13T14:15:30.200+0000] {logging_mixin.py:188} INFO - [2026-07-13T14:15:30.199+0000] {dag.py:3823} INFO - Setting next_dagrun for example_task_group_decorator to 2026-07-12 00:00:00+00:00, run_after=2026-07-13 00:00:00+00:00
[2026-07-13T14:15:30.219+0000] {processor.py:183} INFO - Processing /home/airflow/.local/lib/python3.8/site-packages/airflow/example_dags/example_task_group_decorator.py took 0.065 seconds
[2026-07-13T14:16:00.721+0000] {processor.py:161} INFO - Started process (PID=1371) to work on /home/airflow/.local/lib/python3.8/site-packages/airflow/example_dags/example_task_group_decorator.py
[2026-07-13T14:16:00.722+0000] {processor.py:830} INFO - Processing file /home/airflow/.local/lib/python3.8/site-packages/airflow/example_dags/example_task_group_decorator.py for tasks to queue
[2026-07-13T14:16:00.723+0000] {logging_mixin.py:188} INFO - [2026-07-13T14:16:00.723+0000] {dagbag.py:538} INFO - Filling up the DagBag from /home/airflow/.local/lib/python3.8/site-packages/airflow/example_dags/example_task_group_decorator.py
[2026-07-13T14:16:00.731+0000] {processor.py:840} INFO - DAG(s) 'example_task_group_decorator' retrieved from /home/airflow/.local/lib/python3.8/site-packages/airflow/example_dags/example_task_group_decorator.py
[2026-07-13T14:16:00.748+0000] {logging_mixin.py:188} INFO - [2026-07-13T14:16:00.747+0000] {dag.py:3036} INFO - Sync 1 DAGs
[2026-07-13T14:16:00.761+0000] {logging_mixin.py:188} INFO - [2026-07-13T14:16:00.761+0000] {dag.py:3823} INFO - Setting next_dagrun for example_task_group_decorator to 2026-07-12 00:00:00+00:00, run_after=2026-07-13 00:00:00+00:00
[2026-07-13T14:16:00.775+0000] {processor.py:183} INFO - Processing /home/airflow/.local/lib/python3.8/site-packages/airflow/example_dags/example_task_group_decorator.py took 0.057 seconds
[2026-07-13T14:16:31.392+0000] {processor.py:161} INFO - Started process (PID=1427) to work on /home/airflow/.local/lib/python3.8/site-packages/airflow/example_dags/example_task_group_decorator.py
[2026-07-13T14:16:31.394+0000] {processor.py:830} INFO - Processing file /home/airflow/.local/lib/python3.8/site-packages/airflow/example_dags/example_task_group_decorator.py for tasks to queue
[2026-07-13T14:16:31.395+0000] {logging_mixin.py:188} INFO - [2026-07-13T14:16:31.395+0000] {dagbag.py:538} INFO - Filling up the DagBag from /home/airflow/.local/lib/python3.8/site-packages/airflow/example_dags/example_task_group_decorator.py
[2026-07-13T14:16:31.408+0000] {processor.py:840} INFO - DAG(s) 'example_task_group_decorator' retrieved from /home/airflow/.local/lib/python3.8/site-packages/airflow/example_dags/example_task_group_decorator.py
[2026-07-13T14:16:31.436+0000] {logging_mixin.py:188} INFO - [2026-07-13T14:16:31.435+0000] {dag.py:3036} INFO - Sync 1 DAGs
[2026-07-13T14:16:31.455+0000] {logging_mixin.py:188} INFO - [2026-07-13T14:16:31.455+0000] {dag.py:3823} INFO - Setting next_dagrun for example_task_group_decorator to 2026-07-12 00:00:00+00:00, run_after=2026-07-13 00:00:00+00:00
[2026-07-13T14:16:31.479+0000] {processor.py:183} INFO - Processing /home/airflow/.local/lib/python3.8/site-packages/airflow/example_dags/example_task_group_decorator.py took 0.090 seconds
[2026-07-13T14:17:01.784+0000] {processor.py:161} INFO - Started process (PID=1483) to work on /home/airflow/.local/lib/python3.8/site-packages/airflow/example_dags/example_task_group_decorator.py
[2026-07-13T14:17:01.785+0000] {processor.py:830} INFO - Processing file /home/airflow/.local/lib/python3.8/site-packages/airflow/example_dags/example_task_group_decorator.py for tasks to queue
[2026-07-13T14:17:01.787+0000] {logging_mixin.py:188} INFO - [2026-07-13T14:17:01.786+0000] {dagbag.py:538} INFO - Filling up the DagBag from /home/airflow/.local/lib/python3.8/site-packages/airflow/example_dags/example_task_group_decorator.py
[2026-07-13T14:17:01.796+0000] {processor.py:840} INFO - DAG(s) 'example_task_group_decorator' retrieved from /home/airflow/.local/lib/python3.8/site-packages/airflow/example_dags/example_task_group_decorator.py
[2026-07-13T14:17:01.812+0000] {logging_mixin.py:188} INFO - [2026-07-13T14:17:01.812+0000] {dag.py:3036} INFO - Sync 1 DAGs
[2026-07-13T14:17:01.827+0000] {logging_mixin.py:188} INFO - [2026-07-13T14:17:01.826+0000] {dag.py:3823} INFO - Setting next_dagrun for example_task_group_decorator to 2026-07-12 00:00:00+00:00, run_after=2026-07-13 00:00:00+00:00
[2026-07-13T14:17:01.846+0000] {processor.py:183} INFO - Processing /home/airflow/.local/lib/python3.8/site-packages/airflow/example_dags/example_task_group_decorator.py took 0.064 seconds
[2026-07-13T14:17:32.358+0000] {processor.py:161} INFO - Started process (PID=1539) to work on /home/airflow/.local/lib/python3.8/site-packages/airflow/example_dags/example_task_group_decorator.py
[2026-07-13T14:17:32.359+0000] {processor.py:830} INFO - Processing file /home/airflow/.local/lib/python3.8/site-packages/airflow/example_dags/example_task_group_decorator.py for tasks to queue
[2026-07-13T14:17:32.360+0000] {logging_mixin.py:188} INFO - [2026-07-13T14:17:32.360+0000] {dagbag.py:538} INFO - Filling up the DagBag from /home/airflow/.local/lib/python3.8/site-packages/airflow/example_dags/example_task_group_decorator.py
[2026-07-13T14:17:32.369+0000] {processor.py:840} INFO - DAG(s) 'example_task_group_decorator' retrieved from /home/airflow/.local/lib/python3.8/site-packages/airflow/example_dags/example_task_group_decorator.py
[2026-07-13T14:17:32.385+0000] {logging_mixin.py:188} INFO - [2026-07-13T14:17:32.385+0000] {dag.py:3036} INFO - Sync 1 DAGs
[2026-07-13T14:17:32.399+0000] {logging_mixin.py:188} INFO - [2026-07-13T14:17:32.398+0000] {dag.py:3823} INFO - Setting next_dagrun for example_task_group_decorator to 2026-07-12 00:00:00+00:00, run_after=2026-07-13 00:00:00+00:00
[2026-07-13T14:17:32.412+0000] {processor.py:183} INFO - Processing /home/airflow/.local/lib/python3.8/site-packages/airflow/example_dags/example_task_group_decorator.py took 0.057 seconds
[2026-07-13T14:18:02.885+0000] {processor.py:161} INFO - Started process (PID=1595) to work on /home/airflow/.local/lib/python3.8/site-packages/airflow/example_dags/example_task_group_decorator.py
[2026-07-13T14:18:02.886+0000] {processor.py:830} INFO - Processing file /home/airflow/.local/lib/python3.8/site-packages/airflow/example_dags/example_task_group_decorator.py for tasks to queue
[2026-07-13T14:18:02.887+0000] {logging_mixin.py:188} INFO - [2026-07-13T14:18:02.887+0000] {dagbag.py:538} INFO - Filling up the DagBag from /home/airflow/.local/lib/python3.8/site-packages/airflow/example_dags/example_task_group_decorator.py
[2026-07-13T14:18:02.896+0000] {processor.py:840} INFO - DAG(s) 'example_task_group_decorator' retrieved from /home/airflow/.local/lib/python3.8/site-packages/airflow/example_dags/example_task_group_decorator.py
[2026-07-13T14:18:02.912+0000] {logging_mixin.py:188} INFO - [2026-07-13T14:18:02.912+0000] {dag.py:3036} INFO - Sync 1 DAGs
[2026-07-13T14:18:02.926+0000] {logging_mixin.py:188} INFO - [2026-07-13T14:18:02.926+0000] {dag.py:3823} INFO - Setting next_dagrun for example_task_group_decorator to 2026-07-12 00:00:00+00:00, run_after=2026-07-13 00:00:00+00:00
[2026-07-13T14:18:02.939+0000] {processor.py:183} INFO - Processing /home/airflow/.local/lib/python3.8/site-packages/airflow/example_dags/example_task_group_decorator.py took 0.057 seconds
[2026-07-13T14:18:33.769+0000] {processor.py:161} INFO - Started process (PID=1651) to work on /home/airflow/.local/lib/python3.8/site-packages/airflow/example_dags/example_task_group_decorator.py
[2026-07-13T14:18:33.770+0000] {processor.py:830} INFO - Processing file /home/airflow/.local/lib/python3.8/site-packages/airflow/example_dags/example_task_group_decorator.py for tasks to queue
[2026-07-13T14:18:33.771+0000] {logging_mixin.py:188} INFO - [2026-07-13T14:18:33.771+0000] {dagbag.py:538} INFO - Filling up the DagBag from /home/airflow/.local/lib/python3.8/site-packages/airflow/example_dags/example_task_group_decorator.py
[2026-07-13T14:18:33.780+0000] {processor.py:840} INFO - DAG(s) 'example_task_group_decorator' retrieved from /home/airflow/.local/lib/python3.8/site-packages/airflow/example_dags/example_task_group_decorator.py
[2026-07-13T14:18:33.796+0000] {logging_mixin.py:188} INFO - [2026-07-13T14:18:33.795+0000] {dag.py:3036} INFO - Sync 1 DAGs
[2026-07-13T14:18:33.809+0000] {logging_mixin.py:188} INFO - [2026-07-13T14:18:33.809+0000] {dag.py:3823} INFO - Setting next_dagrun for example_task_group_decorator to 2026-07-12 00:00:00+00:00, run_after=2026-07-13 00:00:00+00:00
[2026-07-13T14:18:33.822+0000] {processor.py:183} INFO - Processing /home/airflow/.local/lib/python3.8/site-packages/airflow/example_dags/example_task_group_decorator.py took 0.056 seconds
[2026-07-13T14:19:06.491+0000] {processor.py:161} INFO - Started process (PID=1705) to work on /home/airflow/.local/lib/python3.8/site-packages/airflow/example_dags/example_task_group_decorator.py
[2026-07-13T14:19:06.492+0000] {processor.py:830} INFO - Processing file /home/airflow/.local/lib/python3.8/site-packages/airflow/example_dags/example_task_group_decorator.py for tasks to queue
[2026-07-13T14:19:06.493+0000] {logging_mixin.py:188} INFO - [2026-07-13T14:19:06.493+0000] {dagbag.py:538} INFO - Filling up the DagBag from /home/airflow/.local/lib/python3.8/site-packages/airflow/example_dags/example_task_group_decorator.py
[2026-07-13T14:19:06.504+0000] {processor.py:840} INFO - DAG(s) 'example_task_group_decorator' retrieved from /home/airflow/.local/lib/python3.8/site-packages/airflow/example_dags/example_task_group_decorator.py
[2026-07-13T14:19:06.521+0000] {logging_mixin.py:188} INFO - [2026-07-13T14:19:06.521+0000] {dag.py:3036} INFO - Sync 1 DAGs
[2026-07-13T14:19:06.535+0000] {logging_mixin.py:188} INFO - [2026-07-13T14:19:06.535+0000] {dag.py:3823} INFO - Setting next_dagrun for example_task_group_decorator to 2026-07-12 00:00:00+00:00, run_after=2026-07-13 00:00:00+00:00
[2026-07-13T14:19:06.550+0000] {processor.py:183} INFO - Processing /home/airflow/.local/lib/python3.8/site-packages/airflow/example_dags/example_task_group_decorator.py took 0.063 seconds
[2026-07-13T14:19:38.214+0000] {processor.py:161} INFO - Started process (PID=1761) to work on /home/airflow/.local/lib/python3.8/site-packages/airflow/example_dags/example_task_group_decorator.py
[2026-07-13T14:19:38.215+0000] {processor.py:830} INFO - Processing file /home/airflow/.local/lib/python3.8/site-packages/airflow/example_dags/example_task_group_decorator.py for tasks to queue
[2026-07-13T14:19:38.217+0000] {logging_mixin.py:188} INFO - [2026-07-13T14:19:38.216+0000] {dagbag.py:538} INFO - Filling up the DagBag from /home/airflow/.local/lib/python3.8/site-packages/airflow/example_dags/example_task_group_decorator.py
[2026-07-13T14:19:38.225+0000] {processor.py:840} INFO - DAG(s) 'example_task_group_decorator' retrieved from /home/airflow/.local/lib/python3.8/site-packages/airflow/example_dags/example_task_group_decorator.py
[2026-07-13T14:19:38.242+0000] {logging_mixin.py:188} INFO - [2026-07-13T14:19:38.242+0000] {dag.py:3036} INFO - Sync 1 DAGs
[2026-07-13T14:19:38.256+0000] {logging_mixin.py:188} INFO - [2026-07-13T14:19:38.256+0000] {dag.py:3823} INFO - Setting next_dagrun for example_task_group_decorator to 2026-07-12 00:00:00+00:00, run_after=2026-07-13 00:00:00+00:00
[2026-07-13T14:19:38.272+0000] {processor.py:183} INFO - Processing /home/airflow/.local/lib/python3.8/site-packages/airflow/example_dags/example_task_group_decorator.py took 0.060 seconds
[2026-07-13T14:20:10.711+0000] {processor.py:161} INFO - Started process (PID=1817) to work on /home/airflow/.local/lib/python3.8/site-packages/airflow/example_dags/example_task_group_decorator.py
[2026-07-13T14:20:10.712+0000] {processor.py:830} INFO - Processing file /home/airflow/.local/lib/python3.8/site-packages/airflow/example_dags/example_task_group_decorator.py for tasks to queue
[2026-07-13T14:20:10.714+0000] {logging_mixin.py:188} INFO - [2026-07-13T14:20:10.714+0000] {dagbag.py:538} INFO - Filling up the DagBag from /home/airflow/.local/lib/python3.8/site-packages/airflow/example_dags/example_task_group_decorator.py
[2026-07-13T14:20:10.726+0000] {processor.py:840} INFO - DAG(s) 'example_task_group_decorator' retrieved from /home/airflow/.local/lib/python3.8/site-packages/airflow/example_dags/example_task_group_decorator.py
[2026-07-13T14:20:10.760+0000] {logging_mixin.py:188} INFO - [2026-07-13T14:20:10.760+0000] {dag.py:3036} INFO - Sync 1 DAGs
[2026-07-13T14:20:10.785+0000] {logging_mixin.py:188} INFO - [2026-07-13T14:20:10.784+0000] {dag.py:3823} INFO - Setting next_dagrun for example_task_group_decorator to 2026-07-12 00:00:00+00:00, run_after=2026-07-13 00:00:00+00:00
[2026-07-13T14:20:10.813+0000] {processor.py:183} INFO - Processing /home/airflow/.local/lib/python3.8/site-packages/airflow/example_dags/example_task_group_decorator.py took 0.104 seconds
[2026-07-13T14:20:43.388+0000] {processor.py:161} INFO - Started process (PID=1873) to work on /home/airflow/.local/lib/python3.8/site-packages/airflow/example_dags/example_task_group_decorator.py
[2026-07-13T14:20:43.389+0000] {processor.py:830} INFO - Processing file /home/airflow/.local/lib/python3.8/site-packages/airflow/example_dags/example_task_group_decorator.py for tasks to queue
[2026-07-13T14:20:43.390+0000] {logging_mixin.py:188} INFO - [2026-07-13T14:20:43.390+0000] {dagbag.py:538} INFO - Filling up the DagBag from /home/airflow/.local/lib/python3.8/site-packages/airflow/example_dags/example_task_group_decorator.py
[2026-07-13T14:20:43.399+0000] {processor.py:840} INFO - DAG(s) 'example_task_group_decorator' retrieved from /home/airflow/.local/lib/python3.8/site-packages/airflow/example_dags/example_task_group_decorator.py
[2026-07-13T14:20:43.415+0000] {logging_mixin.py:188} INFO - [2026-07-13T14:20:43.415+0000] {dag.py:3036} INFO - Sync 1 DAGs
[2026-07-13T14:20:43.429+0000] {logging_mixin.py:188} INFO - [2026-07-13T14:20:43.428+0000] {dag.py:3823} INFO - Setting next_dagrun for example_task_group_decorator to 2026-07-12 00:00:00+00:00, run_after=2026-07-13 00:00:00+00:00
[2026-07-13T14:20:43.442+0000] {processor.py:183} INFO - Processing /home/airflow/.local/lib/python3.8/site-packages/airflow/example_dags/example_task_group_decorator.py took 0.057 seconds
[2026-07-13T14:21:15.975+0000] {processor.py:161} INFO - Started process (PID=1929) to work on /home/airflow/.local/lib/python3.8/site-packages/airflow/example_dags/example_task_group_decorator.py
[2026-07-13T14:21:15.976+0000] {processor.py:830} INFO - Processing file /home/airflow/.local/lib/python3.8/site-packages/airflow/example_dags/example_task_group_decorator.py for tasks to queue
[2026-07-13T14:21:15.977+0000] {logging_mixin.py:188} INFO - [2026-07-13T14:21:15.977+0000] {dagbag.py:538} INFO - Filling up the DagBag from /home/airflow/.local/lib/python3.8/site-packages/airflow/example_dags/example_task_group_decorator.py
[2026-07-13T14:21:15.986+0000] {processor.py:840} INFO - DAG(s) 'example_task_group_decorator' retrieved from /home/airflow/.local/lib/python3.8/site-packages/airflow/example_dags/example_task_group_decorator.py
[2026-07-13T14:21:16.003+0000] {logging_mixin.py:188} INFO - [2026-07-13T14:21:16.003+0000] {dag.py:3036} INFO - Sync 1 DAGs
[2026-07-13T14:21:16.019+0000] {logging_mixin.py:188} INFO - [2026-07-13T14:21:16.019+0000] {dag.py:3823} INFO - Setting next_dagrun for example_task_group_decorator to 2026-07-12 00:00:00+00:00, run_after=2026-07-13 00:00:00+00:00
[2026-07-13T14:21:16.033+0000] {processor.py:183} INFO - Processing /home/airflow/.local/lib/python3.8/site-packages/airflow/example_dags/example_task_group_decorator.py took 0.060 seconds
[2026-07-13T14:21:48.503+0000] {processor.py:161} INFO - Started process (PID=1985) to work on /home/airflow/.local/lib/python3.8/site-packages/airflow/example_dags/example_task_group_decorator.py
[2026-07-13T14:21:48.504+0000] {processor.py:830} INFO - Processing file /home/airflow/.local/lib/python3.8/site-packages/airflow/example_dags/example_task_group_decorator.py for tasks to queue
[2026-07-13T14:21:48.505+0000] {logging_mixin.py:188} INFO - [2026-07-13T14:21:48.505+0000] {dagbag.py:538} INFO - Filling up the DagBag from /home/airflow/.local/lib/python3.8/site-packages/airflow/example_dags/example_task_group_decorator.py
[2026-07-13T14:21:48.515+0000] {processor.py:840} INFO - DAG(s) 'example_task_group_decorator' retrieved from /home/airflow/.local/lib/python3.8/site-packages/airflow/example_dags/example_task_group_decorator.py
[2026-07-13T14:21:48.532+0000] {logging_mixin.py:188} INFO - [2026-07-13T14:21:48.532+0000] {dag.py:3036} INFO - Sync 1 DAGs
[2026-07-13T14:21:48.546+0000] {logging_mixin.py:188} INFO - [2026-07-13T14:21:48.546+0000] {dag.py:3823} INFO - Setting next_dagrun for example_task_group_decorator to 2026-07-12 00:00:00+00:00, run_after=2026-07-13 00:00:00+00:00
[2026-07-13T14:21:48.559+0000] {processor.py:183} INFO - Processing /home/airflow/.local/lib/python3.8/site-packages/airflow/example_dags/example_task_group_decorator.py took 0.059 seconds
[2026-07-13T14:22:21.104+0000] {processor.py:161} INFO - Started process (PID=2041) to work on /home/airflow/.local/lib/python3.8/site-packages/airflow/example_dags/example_task_group_decorator.py
[2026-07-13T14:22:21.105+0000] {processor.py:830} INFO - Processing file /home/airflow/.local/lib/python3.8/site-packages/airflow/example_dags/example_task_group_decorator.py for tasks to queue
[2026-07-13T14:22:21.106+0000] {logging_mixin.py:188} INFO - [2026-07-13T14:22:21.106+0000] {dagbag.py:538} INFO - Filling up the DagBag from /home/airflow/.local/lib/python3.8/site-packages/airflow/example_dags/example_task_group_decorator.py
[2026-07-13T14:22:21.115+0000] {processor.py:840} INFO - DAG(s) 'example_task_group_decorator' retrieved from /home/airflow/.local/lib/python3.8/site-packages/airflow/example_dags/example_task_group_decorator.py
[2026-07-13T14:22:21.131+0000] {logging_mixin.py:188} INFO - [2026-07-13T14:22:21.131+0000] {dag.py:3036} INFO - Sync 1 DAGs
[2026-07-13T14:22:21.145+0000] {logging_mixin.py:188} INFO - [2026-07-13T14:22:21.145+0000] {dag.py:3823} INFO - Setting next_dagrun for example_task_group_decorator to 2026-07-12 00:00:00+00:00, run_after=2026-07-13 00:00:00+00:00
[2026-07-13T14:22:21.158+0000] {processor.py:183} INFO - Processing /home/airflow/.local/lib/python3.8/site-packages/airflow/example_dags/example_task_group_decorator.py took 0.057 seconds
[2026-07-13T14:22:53.660+0000] {processor.py:161} INFO - Started process (PID=2098) to work on /home/airflow/.local/lib/python3.8/site-packages/airflow/example_dags/example_task_group_decorator.py
[2026-07-13T14:22:53.661+0000] {processor.py:830} INFO - Processing file /home/airflow/.local/lib/python3.8/site-packages/airflow/example_dags/example_task_group_decorator.py for tasks to queue
[2026-07-13T14:22:53.662+0000] {logging_mixin.py:188} INFO - [2026-07-13T14:22:53.662+0000] {dagbag.py:538} INFO - Filling up the DagBag from /home/airflow/.local/lib/python3.8/site-packages/airflow/example_dags/example_task_group_decorator.py
[2026-07-13T14:22:53.672+0000] {processor.py:840} INFO - DAG(s) 'example_task_group_decorator' retrieved from /home/airflow/.local/lib/python3.8/site-packages/airflow/example_dags/example_task_group_decorator.py
[2026-07-13T14:22:53.688+0000] {logging_mixin.py:188} INFO - [2026-07-13T14:22:53.688+0000] {dag.py:3036} INFO - Sync 1 DAGs
[2026-07-13T14:22:53.703+0000] {logging_mixin.py:188} INFO - [2026-07-13T14:22:53.702+0000] {dag.py:3823} INFO - Setting next_dagrun for example_task_group_decorator to 2026-07-12 00:00:00+00:00, run_after=2026-07-13 00:00:00+00:00
[2026-07-13T14:22:53.717+0000] {processor.py:183} INFO - Processing /home/airflow/.local/lib/python3.8/site-packages/airflow/example_dags/example_task_group_decorator.py took 0.060 seconds
[2026-07-13T14:23:26.307+0000] {processor.py:161} INFO - Started process (PID=2154) to work on /home/airflow/.local/lib/python3.8/site-packages/airflow/example_dags/example_task_group_decorator.py
[2026-07-13T14:23:26.308+0000] {processor.py:830} INFO - Processing file /home/airflow/.local/lib/python3.8/site-packages/airflow/example_dags/example_task_group_decorator.py for tasks to queue
[2026-07-13T14:23:26.309+0000] {logging_mixin.py:188} INFO - [2026-07-13T14:23:26.309+0000] {dagbag.py:538} INFO - Filling up the DagBag from /home/airflow/.local/lib/python3.8/site-packages/airflow/example_dags/example_task_group_decorator.py
[2026-07-13T14:23:26.319+0000] {processor.py:840} INFO - DAG(s) 'example_task_group_decorator' retrieved from /home/airflow/.local/lib/python3.8/site-packages/airflow/example_dags/example_task_group_decorator.py
[2026-07-13T14:23:26.335+0000] {logging_mixin.py:188} INFO - [2026-07-13T14:23:26.335+0000] {dag.py:3036} INFO - Sync 1 DAGs
[2026-07-13T14:23:26.349+0000] {logging_mixin.py:188} INFO - [2026-07-13T14:23:26.348+0000] {dag.py:3823} INFO - Setting next_dagrun for example_task_group_decorator to 2026-07-12 00:00:00+00:00, run_after=2026-07-13 00:00:00+00:00
[2026-07-13T14:23:26.362+0000] {processor.py:183} INFO - Processing /home/airflow/.local/lib/python3.8/site-packages/airflow/example_dags/example_task_group_decorator.py took 0.058 seconds
[2026-07-13T14:23:58.918+0000] {processor.py:161} INFO - Started process (PID=2211) to work on /home/airflow/.local/lib/python3.8/site-packages/airflow/example_dags/example_task_group_decorator.py
[2026-07-13T14:23:58.919+0000] {processor.py:830} INFO - Processing file /home/airflow/.local/lib/python3.8/site-packages/airflow/example_dags/example_task_group_decorator.py for tasks to queue
[2026-07-13T14:23:58.921+0000] {logging_mixin.py:188} INFO - [2026-07-13T14:23:58.920+0000] {dagbag.py:538} INFO - Filling up the DagBag from /home/airflow/.local/lib/python3.8/site-packages/airflow/example_dags/example_task_group_decorator.py
[2026-07-13T14:23:58.930+0000] {processor.py:840} INFO - DAG(s) 'example_task_group_decorator' retrieved from /home/airflow/.local/lib/python3.8/site-packages/airflow/example_dags/example_task_group_decorator.py
[2026-07-13T14:23:58.947+0000] {logging_mixin.py:188} INFO - [2026-07-13T14:23:58.946+0000] {dag.py:3036} INFO - Sync 1 DAGs
[2026-07-13T14:23:58.960+0000] {logging_mixin.py:188} INFO - [2026-07-13T14:23:58.960+0000] {dag.py:3823} INFO - Setting next_dagrun for example_task_group_decorator to 2026-07-12 00:00:00+00:00, run_after=2026-07-13 00:00:00+00:00
[2026-07-13T14:23:58.972+0000] {processor.py:183} INFO - Processing /home/airflow/.local/lib/python3.8/site-packages/airflow/example_dags/example_task_group_decorator.py took 0.056 seconds
[2026-07-13T14:24:31.353+0000] {processor.py:161} INFO - Started process (PID=2267) to work on /home/airflow/.local/lib/python3.8/site-packages/airflow/example_dags/example_task_group_decorator.py
[2026-07-13T14:24:31.354+0000] {processor.py:830} INFO - Processing file /home/airflow/.local/lib/python3.8/site-packages/airflow/example_dags/example_task_group_decorator.py for tasks to queue
[2026-07-13T14:24:31.355+0000] {logging_mixin.py:188} INFO - [2026-07-13T14:24:31.355+0000] {dagbag.py:538} INFO - Filling up the DagBag from /home/airflow/.local/lib/python3.8/site-packages/airflow/example_dags/example_task_group_decorator.py
[2026-07-13T14:24:31.366+0000] {processor.py:840} INFO - DAG(s) 'example_task_group_decorator' retrieved from /home/airflow/.local/lib/python3.8/site-packages/airflow/example_dags/example_task_group_decorator.py
[2026-07-13T14:24:31.382+0000] {logging_mixin.py:188} INFO - [2026-07-13T14:24:31.382+0000] {dag.py:3036} INFO - Sync 1 DAGs
[2026-07-13T14:24:31.396+0000] {logging_mixin.py:188} INFO - [2026-07-13T14:24:31.396+0000] {dag.py:3823} INFO - Setting next_dagrun for example_task_group_decorator to 2026-07-12 00:00:00+00:00, run_after=2026-07-13 00:00:00+00:00
[2026-07-13T14:24:31.411+0000] {processor.py:183} INFO - Processing /home/airflow/.local/lib/python3.8/site-packages/airflow/example_dags/example_task_group_decorator.py took 0.060 seconds
[2026-07-13T14:25:04.181+0000] {processor.py:161} INFO - Started process (PID=2324) to work on /home/airflow/.local/lib/python3.8/site-packages/airflow/example_dags/example_task_group_decorator.py
[2026-07-13T14:25:04.182+0000] {processor.py:830} INFO - Processing file /home/airflow/.local/lib/python3.8/site-packages/airflow/example_dags/example_task_group_decorator.py for tasks to queue
[2026-07-13T14:25:04.183+0000] {logging_mixin.py:188} INFO - [2026-07-13T14:25:04.183+0000] {dagbag.py:538} INFO - Filling up the DagBag from /home/airflow/.local/lib/python3.8/site-packages/airflow/example_dags/example_task_group_decorator.py
[2026-07-13T14:25:04.193+0000] {processor.py:840} INFO - DAG(s) 'example_task_group_decorator' retrieved from /home/airflow/.local/lib/python3.8/site-packages/airflow/example_dags/example_task_group_decorator.py
[2026-07-13T14:25:04.211+0000] {logging_mixin.py:188} INFO - [2026-07-13T14:25:04.210+0000] {dag.py:3036} INFO - Sync 1 DAGs
[2026-07-13T14:25:04.227+0000] {logging_mixin.py:188} INFO - [2026-07-13T14:25:04.226+0000] {dag.py:3823} INFO - Setting next_dagrun for example_task_group_decorator to 2026-07-12 00:00:00+00:00, run_after=2026-07-13 00:00:00+00:00
[2026-07-13T14:25:04.240+0000] {processor.py:183} INFO - Processing /home/airflow/.local/lib/python3.8/site-packages/airflow/example_dags/example_task_group_decorator.py took 0.062 seconds
[2026-07-13T14:25:36.781+0000] {processor.py:161} INFO - Started process (PID=2380) to work on /home/airflow/.local/lib/python3.8/site-packages/airflow/example_dags/example_task_group_decorator.py
[2026-07-13T14:25:36.782+0000] {processor.py:830} INFO - Processing file /home/airflow/.local/lib/python3.8/site-packages/airflow/example_dags/example_task_group_decorator.py for tasks to queue
[2026-07-13T14:25:36.783+0000] {logging_mixin.py:188} INFO - [2026-07-13T14:25:36.783+0000] {dagbag.py:538} INFO - Filling up the DagBag from /home/airflow/.local/lib/python3.8/site-packages/airflow/example_dags/example_task_group_decorator.py
[2026-07-13T14:25:36.793+0000] {processor.py:840} INFO - DAG(s) 'example_task_group_decorator' retrieved from /home/airflow/.local/lib/python3.8/site-packages/airflow/example_dags/example_task_group_decorator.py
[2026-07-13T14:25:36.809+0000] {logging_mixin.py:188} INFO - [2026-07-13T14:25:36.809+0000] {dag.py:3036} INFO - Sync 1 DAGs
[2026-07-13T14:25:36.823+0000] {logging_mixin.py:188} INFO - [2026-07-13T14:25:36.823+0000] {dag.py:3823} INFO - Setting next_dagrun for example_task_group_decorator to 2026-07-12 00:00:00+00:00, run_after=2026-07-13 00:00:00+00:00
[2026-07-13T14:25:36.837+0000] {processor.py:183} INFO - Processing /home/airflow/.local/lib/python3.8/site-packages/airflow/example_dags/example_task_group_decorator.py took 0.058 seconds
[2026-07-13T14:26:09.298+0000] {processor.py:161} INFO - Started process (PID=2436) to work on /home/airflow/.local/lib/python3.8/site-packages/airflow/example_dags/example_task_group_decorator.py
[2026-07-13T14:26:09.299+0000] {processor.py:830} INFO - Processing file /home/airflow/.local/lib/python3.8/site-packages/airflow/example_dags/example_task_group_decorator.py for tasks to queue
[2026-07-13T14:26:09.300+0000] {logging_mixin.py:188} INFO - [2026-07-13T14:26:09.300+0000] {dagbag.py:538} INFO - Filling up the DagBag from /home/airflow/.local/lib/python3.8/site-packages/airflow/example_dags/example_task_group_decorator.py
[2026-07-13T14:26:09.310+0000] {processor.py:840} INFO - DAG(s) 'example_task_group_decorator' retrieved from /home/airflow/.local/lib/python3.8/site-packages/airflow/example_dags/example_task_group_decorator.py
[2026-07-13T14:26:09.334+0000] {logging_mixin.py:188} INFO - [2026-07-13T14:26:09.334+0000] {dag.py:3036} INFO - Sync 1 DAGs
[2026-07-13T14:26:09.355+0000] {logging_mixin.py:188} INFO - [2026-07-13T14:26:09.355+0000] {dag.py:3823} INFO - Setting next_dagrun for example_task_group_decorator to 2026-07-12 00:00:00+00:00, run_after=2026-07-13 00:00:00+00:00
[2026-07-13T14:26:09.377+0000] {processor.py:183} INFO - Processing /home/airflow/.local/lib/python3.8/site-packages/airflow/example_dags/example_task_group_decorator.py took 0.081 seconds
[2026-07-13T14:26:42.016+0000] {processor.py:161} INFO - Started process (PID=2492) to work on /home/airflow/.local/lib/python3.8/site-packages/airflow/example_dags/example_task_group_decorator.py
[2026-07-13T14:26:42.017+0000] {processor.py:830} INFO - Processing file /home/airflow/.local/lib/python3.8/site-packages/airflow/example_dags/example_task_group_decorator.py for tasks to queue
[2026-07-13T14:26:42.020+0000] {logging_mixin.py:188} INFO - [2026-07-13T14:26:42.019+0000] {dagbag.py:538} INFO - Filling up the DagBag from /home/airflow/.local/lib/python3.8/site-packages/airflow/example_dags/example_task_group_decorator.py
[2026-07-13T14:26:42.034+0000] {processor.py:840} INFO - DAG(s) 'example_task_group_decorator' retrieved from /home/airflow/.local/lib/python3.8/site-packages/airflow/example_dags/example_task_group_decorator.py
[2026-07-13T14:26:42.053+0000] {logging_mixin.py:188} INFO - [2026-07-13T14:26:42.053+0000] {dag.py:3036} INFO - Sync 1 DAGs
[2026-07-13T14:26:42.067+0000] {logging_mixin.py:188} INFO - [2026-07-13T14:26:42.067+0000] {dag.py:3823} INFO - Setting next_dagrun for example_task_group_decorator to 2026-07-12 00:00:00+00:00, run_after=2026-07-13 00:00:00+00:00
[2026-07-13T14:26:42.085+0000] {processor.py:183} INFO - Processing /home/airflow/.local/lib/python3.8/site-packages/airflow/example_dags/example_task_group_decorator.py took 0.073 seconds
[2026-07-13T14:27:14.665+0000] {processor.py:161} INFO - Started process (PID=2548) to work on /home/airflow/.local/lib/python3.8/site-packages/airflow/example_dags/example_task_group_decorator.py
[2026-07-13T14:27:14.666+0000] {processor.py:830} INFO - Processing file /home/airflow/.local/lib/python3.8/site-packages/airflow/example_dags/example_task_group_decorator.py for tasks to queue
[2026-07-13T14:27:14.667+0000] {logging_mixin.py:188} INFO - [2026-07-13T14:27:14.667+0000] {dagbag.py:538} INFO - Filling up the DagBag from /home/airflow/.local/lib/python3.8/site-packages/airflow/example_dags/example_task_group_decorator.py
[2026-07-13T14:27:14.677+0000] {processor.py:840} INFO - DAG(s) 'example_task_group_decorator' retrieved from /home/airflow/.local/lib/python3.8/site-packages/airflow/example_dags/example_task_group_decorator.py
[2026-07-13T14:27:14.693+0000] {logging_mixin.py:188} INFO - [2026-07-13T14:27:14.693+0000] {dag.py:3036} INFO - Sync 1 DAGs
[2026-07-13T14:27:14.707+0000] {logging_mixin.py:188} INFO - [2026-07-13T14:27:14.707+0000] {dag.py:3823} INFO - Setting next_dagrun for example_task_group_decorator to 2026-07-12 00:00:00+00:00, run_after=2026-07-13 00:00:00+00:00
[2026-07-13T14:27:14.722+0000] {processor.py:183} INFO - Processing /home/airflow/.local/lib/python3.8/site-packages/airflow/example_dags/example_task_group_decorator.py took 0.060 seconds
[2026-07-13T14:27:47.447+0000] {processor.py:161} INFO - Started process (PID=2604) to work on /home/airflow/.local/lib/python3.8/site-packages/airflow/example_dags/example_task_group_decorator.py
[2026-07-13T14:27:47.447+0000] {processor.py:830} INFO - Processing file /home/airflow/.local/lib/python3.8/site-packages/airflow/example_dags/example_task_group_decorator.py for tasks to queue
[2026-07-13T14:27:47.449+0000] {logging_mixin.py:188} INFO - [2026-07-13T14:27:47.449+0000] {dagbag.py:538} INFO - Filling up the DagBag from /home/airflow/.local/lib/python3.8/site-packages/airflow/example_dags/example_task_group_decorator.py
[2026-07-13T14:27:47.459+0000] {processor.py:840} INFO - DAG(s) 'example_task_group_decorator' retrieved from /home/airflow/.local/lib/python3.8/site-packages/airflow/example_dags/example_task_group_decorator.py
[2026-07-13T14:27:47.476+0000] {logging_mixin.py:188} INFO - [2026-07-13T14:27:47.476+0000] {dag.py:3036} INFO - Sync 1 DAGs
[2026-07-13T14:27:47.490+0000] {logging_mixin.py:188} INFO - [2026-07-13T14:27:47.490+0000] {dag.py:3823} INFO - Setting next_dagrun for example_task_group_decorator to 2026-07-12 00:00:00+00:00, run_after=2026-07-13 00:00:00+00:00
[2026-07-13T14:27:47.506+0000] {processor.py:183} INFO - Processing /home/airflow/.local/lib/python3.8/site-packages/airflow/example_dags/example_task_group_decorator.py took 0.061 seconds
[2026-07-13T14:28:19.356+0000] {processor.py:161} INFO - Started process (PID=2660) to work on /home/airflow/.local/lib/python3.8/site-packages/airflow/example_dags/example_task_group_decorator.py
[2026-07-13T14:28:19.357+0000] {processor.py:830} INFO - Processing file /home/airflow/.local/lib/python3.8/site-packages/airflow/example_dags/example_task_group_decorator.py for tasks to queue
[2026-07-13T14:28:19.358+0000] {logging_mixin.py:188} INFO - [2026-07-13T14:28:19.358+0000] {dagbag.py:538} INFO - Filling up the DagBag from /home/airflow/.local/lib/python3.8/site-packages/airflow/example_dags/example_task_group_decorator.py
[2026-07-13T14:28:19.368+0000] {processor.py:840} INFO - DAG(s) 'example_task_group_decorator' retrieved from /home/airflow/.local/lib/python3.8/site-packages/airflow/example_dags/example_task_group_decorator.py
[2026-07-13T14:28:19.386+0000] {logging_mixin.py:188} INFO - [2026-07-13T14:28:19.386+0000] {dag.py:3036} INFO - Sync 1 DAGs
[2026-07-13T14:28:19.402+0000] {logging_mixin.py:188} INFO - [2026-07-13T14:28:19.402+0000] {dag.py:3823} INFO - Setting next_dagrun for example_task_group_decorator to 2026-07-12 00:00:00+00:00, run_after=2026-07-13 00:00:00+00:00
[2026-07-13T14:28:19.417+0000] {processor.py:183} INFO - Processing /home/airflow/.local/lib/python3.8/site-packages/airflow/example_dags/example_task_group_decorator.py took 0.064 seconds
[2026-07-13T14:28:52.332+0000] {processor.py:161} INFO - Started process (PID=2718) to work on /home/airflow/.local/lib/python3.8/site-packages/airflow/example_dags/example_task_group_decorator.py
[2026-07-13T14:28:52.333+0000] {processor.py:830} INFO - Processing file /home/airflow/.local/lib/python3.8/site-packages/airflow/example_dags/example_task_group_decorator.py for tasks to queue
[2026-07-13T14:28:52.334+0000] {logging_mixin.py:188} INFO - [2026-07-13T14:28:52.334+0000] {dagbag.py:538} INFO - Filling up the DagBag from /home/airflow/.local/lib/python3.8/site-packages/airflow/example_dags/example_task_group_decorator.py
[2026-07-13T14:28:52.344+0000] {processor.py:840} INFO - DAG(s) 'example_task_group_decorator' retrieved from /home/airflow/.local/lib/python3.8/site-packages/airflow/example_dags/example_task_group_decorator.py
[2026-07-13T14:28:52.361+0000] {logging_mixin.py:188} INFO - [2026-07-13T14:28:52.361+0000] {dag.py:3036} INFO - Sync 1 DAGs
[2026-07-13T14:28:52.376+0000] {logging_mixin.py:188} INFO - [2026-07-13T14:28:52.375+0000] {dag.py:3823} INFO - Setting next_dagrun for example_task_group_decorator to 2026-07-12 00:00:00+00:00, run_after=2026-07-13 00:00:00+00:00
[2026-07-13T14:28:52.388+0000] {processor.py:183} INFO - Processing /home/airflow/.local/lib/python3.8/site-packages/airflow/example_dags/example_task_group_decorator.py took 0.059 seconds
[2026-07-13T14:29:26.599+0000] {processor.py:161} INFO - Started process (PID=2774) to work on /home/airflow/.local/lib/python3.8/site-packages/airflow/example_dags/example_task_group_decorator.py
[2026-07-13T14:29:26.600+0000] {processor.py:830} INFO - Processing file /home/airflow/.local/lib/python3.8/site-packages/airflow/example_dags/example_task_group_decorator.py for tasks to queue
[2026-07-13T14:29:26.601+0000] {logging_mixin.py:188} INFO - [2026-07-13T14:29:26.601+0000] {dagbag.py:538} INFO - Filling up the DagBag from /home/airflow/.local/lib/python3.8/site-packages/airflow/example_dags/example_task_group_decorator.py
[2026-07-13T14:29:26.611+0000] {processor.py:840} INFO - DAG(s) 'example_task_group_decorator' retrieved from /home/airflow/.local/lib/python3.8/site-packages/airflow/example_dags/example_task_group_decorator.py
[2026-07-13T14:29:26.631+0000] {logging_mixin.py:188} INFO - [2026-07-13T14:29:26.631+0000] {dag.py:3036} INFO - Sync 1 DAGs
[2026-07-13T14:29:26.645+0000] {logging_mixin.py:188} INFO - [2026-07-13T14:29:26.645+0000] {dag.py:3823} INFO - Setting next_dagrun for example_task_group_decorator to 2026-07-12 00:00:00+00:00, run_after=2026-07-13 00:00:00+00:00
[2026-07-13T14:29:26.661+0000] {processor.py:183} INFO - Processing /home/airflow/.local/lib/python3.8/site-packages/airflow/example_dags/example_task_group_decorator.py took 0.066 seconds
[2026-07-13T14:29:59.639+0000] {processor.py:161} INFO - Started process (PID=2830) to work on /home/airflow/.local/lib/python3.8/site-packages/airflow/example_dags/example_task_group_decorator.py
[2026-07-13T14:29:59.641+0000] {processor.py:830} INFO - Processing file /home/airflow/.local/lib/python3.8/site-packages/airflow/example_dags/example_task_group_decorator.py for tasks to queue
[2026-07-13T14:29:59.643+0000] {logging_mixin.py:188} INFO - [2026-07-13T14:29:59.642+0000] {dagbag.py:538} INFO - Filling up the DagBag from /home/airflow/.local/lib/python3.8/site-packages/airflow/example_dags/example_task_group_decorator.py
[2026-07-13T14:29:59.655+0000] {processor.py:840} INFO - DAG(s) 'example_task_group_decorator' retrieved from /home/airflow/.local/lib/python3.8/site-packages/airflow/example_dags/example_task_group_decorator.py
[2026-07-13T14:29:59.680+0000] {logging_mixin.py:188} INFO - [2026-07-13T14:29:59.680+0000] {dag.py:3036} INFO - Sync 1 DAGs
[2026-07-13T14:29:59.700+0000] {logging_mixin.py:188} INFO - [2026-07-13T14:29:59.700+0000] {dag.py:3823} INFO - Setting next_dagrun for example_task_group_decorator to 2026-07-12 00:00:00+00:00, run_after=2026-07-13 00:00:00+00:00
[2026-07-13T14:29:59.726+0000] {processor.py:183} INFO - Processing /home/airflow/.local/lib/python3.8/site-packages/airflow/example_dags/example_task_group_decorator.py took 0.090 seconds
[2026-07-13T14:30:30.570+0000] {processor.py:161} INFO - Started process (PID=2886) to work on /home/airflow/.local/lib/python3.8/site-packages/airflow/example_dags/example_task_group_decorator.py
[2026-07-13T14:30:30.573+0000] {processor.py:830} INFO - Processing file /home/airflow/.local/lib/python3.8/site-packages/airflow/example_dags/example_task_group_decorator.py for tasks to queue
[2026-07-13T14:30:30.574+0000] {logging_mixin.py:188} INFO - [2026-07-13T14:30:30.574+0000] {dagbag.py:538} INFO - Filling up the DagBag from /home/airflow/.local/lib/python3.8/site-packages/airflow/example_dags/example_task_group_decorator.py
[2026-07-13T14:30:30.585+0000] {processor.py:840} INFO - DAG(s) 'example_task_group_decorator' retrieved from /home/airflow/.local/lib/python3.8/site-packages/airflow/example_dags/example_task_group_decorator.py
[2026-07-13T14:30:30.604+0000] {logging_mixin.py:188} INFO - [2026-07-13T14:30:30.604+0000] {dag.py:3036} INFO - Sync 1 DAGs
[2026-07-13T14:30:30.721+0000] {logging_mixin.py:188} INFO - [2026-07-13T14:30:30.721+0000] {dag.py:3823} INFO - Setting next_dagrun for example_task_group_decorator to 2026-07-12 00:00:00+00:00, run_after=2026-07-13 00:00:00+00:00
[2026-07-13T14:30:30.736+0000] {processor.py:183} INFO - Processing /home/airflow/.local/lib/python3.8/site-packages/airflow/example_dags/example_task_group_decorator.py took 0.170 seconds
[2026-07-13T14:31:03.577+0000] {processor.py:161} INFO - Started process (PID=2942) to work on /home/airflow/.local/lib/python3.8/site-packages/airflow/example_dags/example_task_group_decorator.py
[2026-07-13T14:31:03.578+0000] {processor.py:830} INFO - Processing file /home/airflow/.local/lib/python3.8/site-packages/airflow/example_dags/example_task_group_decorator.py for tasks to queue
[2026-07-13T14:31:03.579+0000] {logging_mixin.py:188} INFO - [2026-07-13T14:31:03.579+0000] {dagbag.py:538} INFO - Filling up the DagBag from /home/airflow/.local/lib/python3.8/site-packages/airflow/example_dags/example_task_group_decorator.py
[2026-07-13T14:31:03.589+0000] {processor.py:840} INFO - DAG(s) 'example_task_group_decorator' retrieved from /home/airflow/.local/lib/python3.8/site-packages/airflow/example_dags/example_task_group_decorator.py
[2026-07-13T14:31:03.607+0000] {logging_mixin.py:188} INFO - [2026-07-13T14:31:03.606+0000] {dag.py:3036} INFO - Sync 1 DAGs
[2026-07-13T14:31:03.623+0000] {logging_mixin.py:188} INFO - [2026-07-13T14:31:03.622+0000] {dag.py:3823} INFO - Setting next_dagrun for example_task_group_decorator to 2026-07-12 00:00:00+00:00, run_after=2026-07-13 00:00:00+00:00
[2026-07-13T14:31:03.640+0000] {processor.py:183} INFO - Processing /home/airflow/.local/lib/python3.8/site-packages/airflow/example_dags/example_task_group_decorator.py took 0.066 seconds
[2026-07-13T14:31:36.543+0000] {processor.py:161} INFO - Started process (PID=2998) to work on /home/airflow/.local/lib/python3.8/site-packages/airflow/example_dags/example_task_group_decorator.py
[2026-07-13T14:31:36.544+0000] {processor.py:830} INFO - Processing file /home/airflow/.local/lib/python3.8/site-packages/airflow/example_dags/example_task_group_decorator.py for tasks to queue
[2026-07-13T14:31:36.545+0000] {logging_mixin.py:188} INFO - [2026-07-13T14:31:36.544+0000] {dagbag.py:538} INFO - Filling up the DagBag from /home/airflow/.local/lib/python3.8/site-packages/airflow/example_dags/example_task_group_decorator.py
[2026-07-13T14:31:36.558+0000] {processor.py:840} INFO - DAG(s) 'example_task_group_decorator' retrieved from /home/airflow/.local/lib/python3.8/site-packages/airflow/example_dags/example_task_group_decorator.py
[2026-07-13T14:31:36.577+0000] {logging_mixin.py:188} INFO - [2026-07-13T14:31:36.577+0000] {dag.py:3036} INFO - Sync 1 DAGs
[2026-07-13T14:31:36.591+0000] {logging_mixin.py:188} INFO - [2026-07-13T14:31:36.591+0000] {dag.py:3823} INFO - Setting next_dagrun for example_task_group_decorator to 2026-07-12 00:00:00+00:00, run_after=2026-07-13 00:00:00+00:00
[2026-07-13T14:31:36.606+0000] {processor.py:183} INFO - Processing /home/airflow/.local/lib/python3.8/site-packages/airflow/example_dags/example_task_group_decorator.py took 0.066 seconds
[2026-07-13T14:32:09.373+0000] {processor.py:161} INFO - Started process (PID=3054) to work on /home/airflow/.local/lib/python3.8/site-packages/airflow/example_dags/example_task_group_decorator.py
[2026-07-13T14:32:09.376+0000] {processor.py:830} INFO - Processing file /home/airflow/.local/lib/python3.8/site-packages/airflow/example_dags/example_task_group_decorator.py for tasks to queue
[2026-07-13T14:32:09.377+0000] {logging_mixin.py:188} INFO - [2026-07-13T14:32:09.377+0000] {dagbag.py:538} INFO - Filling up the DagBag from /home/airflow/.local/lib/python3.8/site-packages/airflow/example_dags/example_task_group_decorator.py
[2026-07-13T14:32:09.388+0000] {processor.py:840} INFO - DAG(s) 'example_task_group_decorator' retrieved from /home/airflow/.local/lib/python3.8/site-packages/airflow/example_dags/example_task_group_decorator.py
[2026-07-13T14:32:09.514+0000] {logging_mixin.py:188} INFO - [2026-07-13T14:32:09.514+0000] {dag.py:3036} INFO - Sync 1 DAGs
[2026-07-13T14:32:09.530+0000] {logging_mixin.py:188} INFO - [2026-07-13T14:32:09.530+0000] {dag.py:3823} INFO - Setting next_dagrun for example_task_group_decorator to 2026-07-12 00:00:00+00:00, run_after=2026-07-13 00:00:00+00:00
[2026-07-13T14:32:09.546+0000] {processor.py:183} INFO - Processing /home/airflow/.local/lib/python3.8/site-packages/airflow/example_dags/example_task_group_decorator.py took 0.175 seconds
[2026-07-13T14:32:41.345+0000] {processor.py:161} INFO - Started process (PID=3110) to work on /home/airflow/.local/lib/python3.8/site-packages/airflow/example_dags/example_task_group_decorator.py
[2026-07-13T14:32:41.346+0000] {processor.py:830} INFO - Processing file /home/airflow/.local/lib/python3.8/site-packages/airflow/example_dags/example_task_group_decorator.py for tasks to queue
[2026-07-13T14:32:41.347+0000] {logging_mixin.py:188} INFO - [2026-07-13T14:32:41.347+0000] {dagbag.py:538} INFO - Filling up the DagBag from /home/airflow/.local/lib/python3.8/site-packages/airflow/example_dags/example_task_group_decorator.py
[2026-07-13T14:32:41.359+0000] {processor.py:840} INFO - DAG(s) 'example_task_group_decorator' retrieved from /home/airflow/.local/lib/python3.8/site-packages/airflow/example_dags/example_task_group_decorator.py
[2026-07-13T14:32:41.381+0000] {logging_mixin.py:188} INFO - [2026-07-13T14:32:41.381+0000] {dag.py:3036} INFO - Sync 1 DAGs
[2026-07-13T14:32:41.517+0000] {logging_mixin.py:188} INFO - [2026-07-13T14:32:41.517+0000] {dag.py:3823} INFO - Setting next_dagrun for example_task_group_decorator to 2026-07-12 00:00:00+00:00, run_after=2026-07-13 00:00:00+00:00
[2026-07-13T14:32:41.529+0000] {processor.py:183} INFO - Processing /home/airflow/.local/lib/python3.8/site-packages/airflow/example_dags/example_task_group_decorator.py took 0.187 seconds
[2026-07-13T14:33:14.287+0000] {processor.py:161} INFO - Started process (PID=3166) to work on /home/airflow/.local/lib/python3.8/site-packages/airflow/example_dags/example_task_group_decorator.py
[2026-07-13T14:33:14.288+0000] {processor.py:830} INFO - Processing file /home/airflow/.local/lib/python3.8/site-packages/airflow/example_dags/example_task_group_decorator.py for tasks to queue
[2026-07-13T14:33:14.289+0000] {logging_mixin.py:188} INFO - [2026-07-13T14:33:14.289+0000] {dagbag.py:538} INFO - Filling up the DagBag from /home/airflow/.local/lib/python3.8/site-packages/airflow/example_dags/example_task_group_decorator.py
[2026-07-13T14:33:14.300+0000] {processor.py:840} INFO - DAG(s) 'example_task_group_decorator' retrieved from /home/airflow/.local/lib/python3.8/site-packages/airflow/example_dags/example_task_group_decorator.py
[2026-07-13T14:33:14.319+0000] {logging_mixin.py:188} INFO - [2026-07-13T14:33:14.319+0000] {dag.py:3036} INFO - Sync 1 DAGs
[2026-07-13T14:33:14.335+0000] {logging_mixin.py:188} INFO - [2026-07-13T14:33:14.334+0000] {dag.py:3823} INFO - Setting next_dagrun for example_task_group_decorator to 2026-07-12 00:00:00+00:00, run_after=2026-07-13 00:00:00+00:00
[2026-07-13T14:33:14.349+0000] {processor.py:183} INFO - Processing /home/airflow/.local/lib/python3.8/site-packages/airflow/example_dags/example_task_group_decorator.py took 0.064 seconds
[2026-07-13T14:33:47.450+0000] {processor.py:161} INFO - Started process (PID=3222) to work on /home/airflow/.local/lib/python3.8/site-packages/airflow/example_dags/example_task_group_decorator.py
[2026-07-13T14:33:47.451+0000] {processor.py:830} INFO - Processing file /home/airflow/.local/lib/python3.8/site-packages/airflow/example_dags/example_task_group_decorator.py for tasks to queue
[2026-07-13T14:33:47.452+0000] {logging_mixin.py:188} INFO - [2026-07-13T14:33:47.452+0000] {dagbag.py:538} INFO - Filling up the DagBag from /home/airflow/.local/lib/python3.8/site-packages/airflow/example_dags/example_task_group_decorator.py
[2026-07-13T14:33:47.462+0000] {processor.py:840} INFO - DAG(s) 'example_task_group_decorator' retrieved from /home/airflow/.local/lib/python3.8/site-packages/airflow/example_dags/example_task_group_decorator.py
[2026-07-13T14:33:47.479+0000] {logging_mixin.py:188} INFO - [2026-07-13T14:33:47.479+0000] {dag.py:3036} INFO - Sync 1 DAGs
[2026-07-13T14:33:47.493+0000] {logging_mixin.py:188} INFO - [2026-07-13T14:33:47.493+0000] {dag.py:3823} INFO - Setting next_dagrun for example_task_group_decorator to 2026-07-12 00:00:00+00:00, run_after=2026-07-13 00:00:00+00:00
[2026-07-13T14:33:47.507+0000] {processor.py:183} INFO - Processing /home/airflow/.local/lib/python3.8/site-packages/airflow/example_dags/example_task_group_decorator.py took 0.059 seconds
[2026-07-13T14:34:18.060+0000] {processor.py:161} INFO - Started process (PID=3278) to work on /home/airflow/.local/lib/python3.8/site-packages/airflow/example_dags/example_task_group_decorator.py
[2026-07-13T14:34:18.061+0000] {processor.py:830} INFO - Processing file /home/airflow/.local/lib/python3.8/site-packages/airflow/example_dags/example_task_group_decorator.py for tasks to queue
[2026-07-13T14:34:18.061+0000] {logging_mixin.py:188} INFO - [2026-07-13T14:34:18.061+0000] {dagbag.py:538} INFO - Filling up the DagBag from /home/airflow/.local/lib/python3.8/site-packages/airflow/example_dags/example_task_group_decorator.py
[2026-07-13T14:34:18.073+0000] {processor.py:840} INFO - DAG(s) 'example_task_group_decorator' retrieved from /home/airflow/.local/lib/python3.8/site-packages/airflow/example_dags/example_task_group_decorator.py
[2026-07-13T14:34:18.090+0000] {logging_mixin.py:188} INFO - [2026-07-13T14:34:18.090+0000] {dag.py:3036} INFO - Sync 1 DAGs
[2026-07-13T14:34:18.104+0000] {logging_mixin.py:188} INFO - [2026-07-13T14:34:18.104+0000] {dag.py:3823} INFO - Setting next_dagrun for example_task_group_decorator to 2026-07-12 00:00:00+00:00, run_after=2026-07-13 00:00:00+00:00
[2026-07-13T14:34:18.117+0000] {processor.py:183} INFO - Processing /home/airflow/.local/lib/python3.8/site-packages/airflow/example_dags/example_task_group_decorator.py took 0.060 seconds
[2026-07-13T14:34:50.571+0000] {processor.py:161} INFO - Started process (PID=3334) to work on /home/airflow/.local/lib/python3.8/site-packages/airflow/example_dags/example_task_group_decorator.py
[2026-07-13T14:34:50.572+0000] {processor.py:830} INFO - Processing file /home/airflow/.local/lib/python3.8/site-packages/airflow/example_dags/example_task_group_decorator.py for tasks to queue
[2026-07-13T14:34:50.572+0000] {logging_mixin.py:188} INFO - [2026-07-13T14:34:50.572+0000] {dagbag.py:538} INFO - Filling up the DagBag from /home/airflow/.local/lib/python3.8/site-packages/airflow/example_dags/example_task_group_decorator.py
[2026-07-13T14:34:50.582+0000] {processor.py:840} INFO - DAG(s) 'example_task_group_decorator' retrieved from /home/airflow/.local/lib/python3.8/site-packages/airflow/example_dags/example_task_group_decorator.py
[2026-07-13T14:34:50.599+0000] {logging_mixin.py:188} INFO - [2026-07-13T14:34:50.599+0000] {dag.py:3036} INFO - Sync 1 DAGs
[2026-07-13T14:34:50.617+0000] {logging_mixin.py:188} INFO - [2026-07-13T14:34:50.617+0000] {dag.py:3823} INFO - Setting next_dagrun for example_task_group_decorator to 2026-07-12 00:00:00+00:00, run_after=2026-07-13 00:00:00+00:00
[2026-07-13T14:34:50.629+0000] {processor.py:183} INFO - Processing /home/airflow/.local/lib/python3.8/site-packages/airflow/example_dags/example_task_group_decorator.py took 0.061 seconds
[2026-07-13T14:35:46.072+0000] {processor.py:161} INFO - Started process (PID=87) to work on /home/airflow/.local/lib/python3.8/site-packages/airflow/example_dags/example_task_group_decorator.py
[2026-07-13T14:35:46.073+0000] {processor.py:830} INFO - Processing file /home/airflow/.local/lib/python3.8/site-packages/airflow/example_dags/example_task_group_decorator.py for tasks to queue
[2026-07-13T14:35:46.075+0000] {logging_mixin.py:188} INFO - [2026-07-13T14:35:46.075+0000] {dagbag.py:538} INFO - Filling up the DagBag from /home/airflow/.local/lib/python3.8/site-packages/airflow/example_dags/example_task_group_decorator.py
[2026-07-13T14:35:46.088+0000] {processor.py:840} INFO - DAG(s) 'example_task_group_decorator' retrieved from /home/airflow/.local/lib/python3.8/site-packages/airflow/example_dags/example_task_group_decorator.py
[2026-07-13T14:35:46.099+0000] {logging_mixin.py:188} INFO - [2026-07-13T14:35:46.098+0000] {dag.py:3036} INFO - Sync 1 DAGs
[2026-07-13T14:35:46.117+0000] {logging_mixin.py:188} INFO - [2026-07-13T14:35:46.117+0000] {dag.py:3823} INFO - Setting next_dagrun for example_task_group_decorator to 2026-07-12 00:00:00+00:00, run_after=2026-07-13 00:00:00+00:00
[2026-07-13T14:35:46.133+0000] {processor.py:183} INFO - Processing /home/airflow/.local/lib/python3.8/site-packages/airflow/example_dags/example_task_group_decorator.py took 0.063 seconds
[2026-07-13T14:36:16.900+0000] {processor.py:161} INFO - Started process (PID=137) to work on /home/airflow/.local/lib/python3.8/site-packages/airflow/example_dags/example_task_group_decorator.py
[2026-07-13T14:36:16.901+0000] {processor.py:830} INFO - Processing file /home/airflow/.local/lib/python3.8/site-packages/airflow/example_dags/example_task_group_decorator.py for tasks to queue
[2026-07-13T14:36:16.902+0000] {logging_mixin.py:188} INFO - [2026-07-13T14:36:16.902+0000] {dagbag.py:538} INFO - Filling up the DagBag from /home/airflow/.local/lib/python3.8/site-packages/airflow/example_dags/example_task_group_decorator.py
[2026-07-13T14:36:16.914+0000] {processor.py:840} INFO - DAG(s) 'example_task_group_decorator' retrieved from /home/airflow/.local/lib/python3.8/site-packages/airflow/example_dags/example_task_group_decorator.py
[2026-07-13T14:36:17.001+0000] {logging_mixin.py:188} INFO - [2026-07-13T14:36:17.001+0000] {dag.py:3036} INFO - Sync 1 DAGs
[2026-07-13T14:36:17.016+0000] {logging_mixin.py:188} INFO - [2026-07-13T14:36:17.016+0000] {dag.py:3823} INFO - Setting next_dagrun for example_task_group_decorator to 2026-07-12 00:00:00+00:00, run_after=2026-07-13 00:00:00+00:00
[2026-07-13T14:36:17.033+0000] {processor.py:183} INFO - Processing /home/airflow/.local/lib/python3.8/site-packages/airflow/example_dags/example_task_group_decorator.py took 0.136 seconds
[2026-07-13T14:36:47.999+0000] {processor.py:161} INFO - Started process (PID=193) to work on /home/airflow/.local/lib/python3.8/site-packages/airflow/example_dags/example_task_group_decorator.py
[2026-07-13T14:36:48.000+0000] {processor.py:830} INFO - Processing file /home/airflow/.local/lib/python3.8/site-packages/airflow/example_dags/example_task_group_decorator.py for tasks to queue
[2026-07-13T14:36:48.002+0000] {logging_mixin.py:188} INFO - [2026-07-13T14:36:48.002+0000] {dagbag.py:538} INFO - Filling up the DagBag from /home/airflow/.local/lib/python3.8/site-packages/airflow/example_dags/example_task_group_decorator.py
[2026-07-13T14:36:48.012+0000] {processor.py:840} INFO - DAG(s) 'example_task_group_decorator' retrieved from /home/airflow/.local/lib/python3.8/site-packages/airflow/example_dags/example_task_group_decorator.py
[2026-07-13T14:36:48.032+0000] {logging_mixin.py:188} INFO - [2026-07-13T14:36:48.032+0000] {dag.py:3036} INFO - Sync 1 DAGs
[2026-07-13T14:36:48.046+0000] {logging_mixin.py:188} INFO - [2026-07-13T14:36:48.046+0000] {dag.py:3823} INFO - Setting next_dagrun for example_task_group_decorator to 2026-07-12 00:00:00+00:00, run_after=2026-07-13 00:00:00+00:00
[2026-07-13T14:36:48.061+0000] {processor.py:183} INFO - Processing /home/airflow/.local/lib/python3.8/site-packages/airflow/example_dags/example_task_group_decorator.py took 0.064 seconds
[2026-07-13T14:37:18.738+0000] {processor.py:161} INFO - Started process (PID=249) to work on /home/airflow/.local/lib/python3.8/site-packages/airflow/example_dags/example_task_group_decorator.py
[2026-07-13T14:37:18.740+0000] {processor.py:830} INFO - Processing file /home/airflow/.local/lib/python3.8/site-packages/airflow/example_dags/example_task_group_decorator.py for tasks to queue
[2026-07-13T14:37:18.743+0000] {logging_mixin.py:188} INFO - [2026-07-13T14:37:18.743+0000] {dagbag.py:538} INFO - Filling up the DagBag from /home/airflow/.local/lib/python3.8/site-packages/airflow/example_dags/example_task_group_decorator.py
[2026-07-13T14:37:18.762+0000] {processor.py:840} INFO - DAG(s) 'example_task_group_decorator' retrieved from /home/airflow/.local/lib/python3.8/site-packages/airflow/example_dags/example_task_group_decorator.py
[2026-07-13T14:37:18.781+0000] {logging_mixin.py:188} INFO - [2026-07-13T14:37:18.781+0000] {dag.py:3036} INFO - Sync 1 DAGs
[2026-07-13T14:37:18.799+0000] {logging_mixin.py:188} INFO - [2026-07-13T14:37:18.799+0000] {dag.py:3823} INFO - Setting next_dagrun for example_task_group_decorator to 2026-07-12 00:00:00+00:00, run_after=2026-07-13 00:00:00+00:00
[2026-07-13T14:37:18.816+0000] {processor.py:183} INFO - Processing /home/airflow/.local/lib/python3.8/site-packages/airflow/example_dags/example_task_group_decorator.py took 0.090 seconds
[2026-07-13T14:37:48.887+0000] {processor.py:161} INFO - Started process (PID=305) to work on /home/airflow/.local/lib/python3.8/site-packages/airflow/example_dags/example_task_group_decorator.py
[2026-07-13T14:37:48.888+0000] {processor.py:830} INFO - Processing file /home/airflow/.local/lib/python3.8/site-packages/airflow/example_dags/example_task_group_decorator.py for tasks to queue
[2026-07-13T14:37:48.890+0000] {logging_mixin.py:188} INFO - [2026-07-13T14:37:48.890+0000] {dagbag.py:538} INFO - Filling up the DagBag from /home/airflow/.local/lib/python3.8/site-packages/airflow/example_dags/example_task_group_decorator.py
[2026-07-13T14:37:48.900+0000] {processor.py:840} INFO - DAG(s) 'example_task_group_decorator' retrieved from /home/airflow/.local/lib/python3.8/site-packages/airflow/example_dags/example_task_group_decorator.py
[2026-07-13T14:37:48.919+0000] {logging_mixin.py:188} INFO - [2026-07-13T14:37:48.919+0000] {dag.py:3036} INFO - Sync 1 DAGs
[2026-07-13T14:37:48.935+0000] {logging_mixin.py:188} INFO - [2026-07-13T14:37:48.935+0000] {dag.py:3823} INFO - Setting next_dagrun for example_task_group_decorator to 2026-07-12 00:00:00+00:00, run_after=2026-07-13 00:00:00+00:00
[2026-07-13T14:37:48.948+0000] {processor.py:183} INFO - Processing /home/airflow/.local/lib/python3.8/site-packages/airflow/example_dags/example_task_group_decorator.py took 0.063 seconds
