[2026-07-13T09:11:21.608+0000] {processor.py:161} INFO - Started process (PID=56) to work on /home/airflow/.local/lib/python3.8/site-packages/airflow/example_dags/example_bash_operator.py
[2026-07-13T09:11:21.609+0000] {processor.py:830} INFO - Processing file /home/airflow/.local/lib/python3.8/site-packages/airflow/example_dags/example_bash_operator.py for tasks to queue
[2026-07-13T09:11:21.611+0000] {logging_mixin.py:188} INFO - [2026-07-13T09:11:21.611+0000] {dagbag.py:538} INFO - Filling up the DagBag from /home/airflow/.local/lib/python3.8/site-packages/airflow/example_dags/example_bash_operator.py
[2026-07-13T09:11:21.630+0000] {processor.py:840} INFO - DAG(s) 'example_bash_operator' retrieved from /home/airflow/.local/lib/python3.8/site-packages/airflow/example_dags/example_bash_operator.py
[2026-07-13T09:11:21.679+0000] {logging_mixin.py:188} INFO - [2026-07-13T09:11:21.678+0000] {dag.py:3036} INFO - Sync 1 DAGs
[2026-07-13T09:11:21.708+0000] {logging_mixin.py:188} INFO - [2026-07-13T09:11:21.707+0000] {dag.py:3823} INFO - Setting next_dagrun for example_bash_operator to 2026-07-12 00:00:00+00:00, run_after=2026-07-13 00:00:00+00:00
[2026-07-13T09:11:21.731+0000] {processor.py:183} INFO - Processing /home/airflow/.local/lib/python3.8/site-packages/airflow/example_dags/example_bash_operator.py took 0.126 seconds
[2026-07-13T09:11:52.174+0000] {processor.py:161} INFO - Started process (PID=121) to work on /home/airflow/.local/lib/python3.8/site-packages/airflow/example_dags/example_bash_operator.py
[2026-07-13T09:11:52.176+0000] {processor.py:830} INFO - Processing file /home/airflow/.local/lib/python3.8/site-packages/airflow/example_dags/example_bash_operator.py for tasks to queue
[2026-07-13T09:11:52.178+0000] {logging_mixin.py:188} INFO - [2026-07-13T09:11:52.178+0000] {dagbag.py:538} INFO - Filling up the DagBag from /home/airflow/.local/lib/python3.8/site-packages/airflow/example_dags/example_bash_operator.py
[2026-07-13T09:11:52.190+0000] {processor.py:840} INFO - DAG(s) 'example_bash_operator' retrieved from /home/airflow/.local/lib/python3.8/site-packages/airflow/example_dags/example_bash_operator.py
[2026-07-13T09:11:52.209+0000] {logging_mixin.py:188} INFO - [2026-07-13T09:11:52.209+0000] {dag.py:3036} INFO - Sync 1 DAGs
[2026-07-13T09:11:52.236+0000] {logging_mixin.py:188} INFO - [2026-07-13T09:11:52.236+0000] {dag.py:3823} INFO - Setting next_dagrun for example_bash_operator to 2026-07-12 00:00:00+00:00, run_after=2026-07-13 00:00:00+00:00
[2026-07-13T09:11:52.259+0000] {processor.py:183} INFO - Processing /home/airflow/.local/lib/python3.8/site-packages/airflow/example_dags/example_bash_operator.py took 0.089 seconds
[2026-07-13T09:12:22.577+0000] {processor.py:161} INFO - Started process (PID=177) to work on /home/airflow/.local/lib/python3.8/site-packages/airflow/example_dags/example_bash_operator.py
[2026-07-13T09:12:22.578+0000] {processor.py:830} INFO - Processing file /home/airflow/.local/lib/python3.8/site-packages/airflow/example_dags/example_bash_operator.py for tasks to queue
[2026-07-13T09:12:22.580+0000] {logging_mixin.py:188} INFO - [2026-07-13T09:12:22.580+0000] {dagbag.py:538} INFO - Filling up the DagBag from /home/airflow/.local/lib/python3.8/site-packages/airflow/example_dags/example_bash_operator.py
[2026-07-13T09:12:22.592+0000] {processor.py:840} INFO - DAG(s) 'example_bash_operator' retrieved from /home/airflow/.local/lib/python3.8/site-packages/airflow/example_dags/example_bash_operator.py
[2026-07-13T09:12:22.714+0000] {logging_mixin.py:188} INFO - [2026-07-13T09:12:22.714+0000] {dag.py:3036} INFO - Sync 1 DAGs
[2026-07-13T09:12:22.750+0000] {logging_mixin.py:188} INFO - [2026-07-13T09:12:22.750+0000] {dag.py:3823} INFO - Setting next_dagrun for example_bash_operator to 2026-07-12 00:00:00+00:00, run_after=2026-07-13 00:00:00+00:00
[2026-07-13T09:12:22.793+0000] {processor.py:183} INFO - Processing /home/airflow/.local/lib/python3.8/site-packages/airflow/example_dags/example_bash_operator.py took 0.220 seconds
[2026-07-13T09:12:53.687+0000] {processor.py:161} INFO - Started process (PID=242) to work on /home/airflow/.local/lib/python3.8/site-packages/airflow/example_dags/example_bash_operator.py
[2026-07-13T09:12:53.690+0000] {processor.py:830} INFO - Processing file /home/airflow/.local/lib/python3.8/site-packages/airflow/example_dags/example_bash_operator.py for tasks to queue
[2026-07-13T09:12:53.694+0000] {logging_mixin.py:188} INFO - [2026-07-13T09:12:53.693+0000] {dagbag.py:538} INFO - Filling up the DagBag from /home/airflow/.local/lib/python3.8/site-packages/airflow/example_dags/example_bash_operator.py
[2026-07-13T09:12:53.727+0000] {processor.py:840} INFO - DAG(s) 'example_bash_operator' retrieved from /home/airflow/.local/lib/python3.8/site-packages/airflow/example_dags/example_bash_operator.py
[2026-07-13T09:12:53.793+0000] {logging_mixin.py:188} INFO - [2026-07-13T09:12:53.793+0000] {dag.py:3036} INFO - Sync 1 DAGs
[2026-07-13T09:12:53.831+0000] {logging_mixin.py:188} INFO - [2026-07-13T09:12:53.830+0000] {dag.py:3823} INFO - Setting next_dagrun for example_bash_operator to 2026-07-12 00:00:00+00:00, run_after=2026-07-13 00:00:00+00:00
[2026-07-13T09:12:53.862+0000] {processor.py:183} INFO - Processing /home/airflow/.local/lib/python3.8/site-packages/airflow/example_dags/example_bash_operator.py took 0.181 seconds
[2026-07-13T09:13:24.247+0000] {processor.py:161} INFO - Started process (PID=297) to work on /home/airflow/.local/lib/python3.8/site-packages/airflow/example_dags/example_bash_operator.py
[2026-07-13T09:13:24.249+0000] {processor.py:830} INFO - Processing file /home/airflow/.local/lib/python3.8/site-packages/airflow/example_dags/example_bash_operator.py for tasks to queue
[2026-07-13T09:13:24.251+0000] {logging_mixin.py:188} INFO - [2026-07-13T09:13:24.250+0000] {dagbag.py:538} INFO - Filling up the DagBag from /home/airflow/.local/lib/python3.8/site-packages/airflow/example_dags/example_bash_operator.py
[2026-07-13T09:13:24.264+0000] {processor.py:840} INFO - DAG(s) 'example_bash_operator' retrieved from /home/airflow/.local/lib/python3.8/site-packages/airflow/example_dags/example_bash_operator.py
[2026-07-13T09:13:24.294+0000] {logging_mixin.py:188} INFO - [2026-07-13T09:13:24.294+0000] {dag.py:3036} INFO - Sync 1 DAGs
[2026-07-13T09:13:24.319+0000] {logging_mixin.py:188} INFO - [2026-07-13T09:13:24.319+0000] {dag.py:3823} INFO - Setting next_dagrun for example_bash_operator to 2026-07-12 00:00:00+00:00, run_after=2026-07-13 00:00:00+00:00
[2026-07-13T09:13:24.348+0000] {processor.py:183} INFO - Processing /home/airflow/.local/lib/python3.8/site-packages/airflow/example_dags/example_bash_operator.py took 0.105 seconds
[2026-07-13T09:13:54.756+0000] {processor.py:161} INFO - Started process (PID=353) to work on /home/airflow/.local/lib/python3.8/site-packages/airflow/example_dags/example_bash_operator.py
[2026-07-13T09:13:54.758+0000] {processor.py:830} INFO - Processing file /home/airflow/.local/lib/python3.8/site-packages/airflow/example_dags/example_bash_operator.py for tasks to queue
[2026-07-13T09:13:54.760+0000] {logging_mixin.py:188} INFO - [2026-07-13T09:13:54.759+0000] {dagbag.py:538} INFO - Filling up the DagBag from /home/airflow/.local/lib/python3.8/site-packages/airflow/example_dags/example_bash_operator.py
[2026-07-13T09:13:54.773+0000] {processor.py:840} INFO - DAG(s) 'example_bash_operator' retrieved from /home/airflow/.local/lib/python3.8/site-packages/airflow/example_dags/example_bash_operator.py
[2026-07-13T09:13:54.803+0000] {logging_mixin.py:188} INFO - [2026-07-13T09:13:54.803+0000] {dag.py:3036} INFO - Sync 1 DAGs
[2026-07-13T09:13:54.826+0000] {logging_mixin.py:188} INFO - [2026-07-13T09:13:54.826+0000] {dag.py:3823} INFO - Setting next_dagrun for example_bash_operator to 2026-07-12 00:00:00+00:00, run_after=2026-07-13 00:00:00+00:00
[2026-07-13T09:13:54.849+0000] {processor.py:183} INFO - Processing /home/airflow/.local/lib/python3.8/site-packages/airflow/example_dags/example_bash_operator.py took 0.096 seconds
[2026-07-13T09:14:25.181+0000] {processor.py:161} INFO - Started process (PID=409) to work on /home/airflow/.local/lib/python3.8/site-packages/airflow/example_dags/example_bash_operator.py
[2026-07-13T09:14:25.184+0000] {processor.py:830} INFO - Processing file /home/airflow/.local/lib/python3.8/site-packages/airflow/example_dags/example_bash_operator.py for tasks to queue
[2026-07-13T09:14:25.185+0000] {logging_mixin.py:188} INFO - [2026-07-13T09:14:25.185+0000] {dagbag.py:538} INFO - Filling up the DagBag from /home/airflow/.local/lib/python3.8/site-packages/airflow/example_dags/example_bash_operator.py
[2026-07-13T09:14:25.196+0000] {processor.py:840} INFO - DAG(s) 'example_bash_operator' retrieved from /home/airflow/.local/lib/python3.8/site-packages/airflow/example_dags/example_bash_operator.py
[2026-07-13T09:14:25.223+0000] {logging_mixin.py:188} INFO - [2026-07-13T09:14:25.223+0000] {dag.py:3036} INFO - Sync 1 DAGs
[2026-07-13T09:14:25.244+0000] {logging_mixin.py:188} INFO - [2026-07-13T09:14:25.244+0000] {dag.py:3823} INFO - Setting next_dagrun for example_bash_operator to 2026-07-12 00:00:00+00:00, run_after=2026-07-13 00:00:00+00:00
[2026-07-13T09:14:25.272+0000] {processor.py:183} INFO - Processing /home/airflow/.local/lib/python3.8/site-packages/airflow/example_dags/example_bash_operator.py took 0.094 seconds
[2026-07-13T09:14:55.492+0000] {processor.py:161} INFO - Started process (PID=465) to work on /home/airflow/.local/lib/python3.8/site-packages/airflow/example_dags/example_bash_operator.py
[2026-07-13T09:14:55.494+0000] {processor.py:830} INFO - Processing file /home/airflow/.local/lib/python3.8/site-packages/airflow/example_dags/example_bash_operator.py for tasks to queue
[2026-07-13T09:14:55.497+0000] {logging_mixin.py:188} INFO - [2026-07-13T09:14:55.496+0000] {dagbag.py:538} INFO - Filling up the DagBag from /home/airflow/.local/lib/python3.8/site-packages/airflow/example_dags/example_bash_operator.py
[2026-07-13T09:14:55.509+0000] {processor.py:840} INFO - DAG(s) 'example_bash_operator' retrieved from /home/airflow/.local/lib/python3.8/site-packages/airflow/example_dags/example_bash_operator.py
[2026-07-13T09:14:55.539+0000] {logging_mixin.py:188} INFO - [2026-07-13T09:14:55.538+0000] {dag.py:3036} INFO - Sync 1 DAGs
[2026-07-13T09:14:55.561+0000] {logging_mixin.py:188} INFO - [2026-07-13T09:14:55.561+0000] {dag.py:3823} INFO - Setting next_dagrun for example_bash_operator to 2026-07-12 00:00:00+00:00, run_after=2026-07-13 00:00:00+00:00
[2026-07-13T09:14:55.586+0000] {processor.py:183} INFO - Processing /home/airflow/.local/lib/python3.8/site-packages/airflow/example_dags/example_bash_operator.py took 0.097 seconds
[2026-07-13T09:15:25.655+0000] {processor.py:161} INFO - Started process (PID=525) to work on /home/airflow/.local/lib/python3.8/site-packages/airflow/example_dags/example_bash_operator.py
[2026-07-13T09:15:25.657+0000] {processor.py:830} INFO - Processing file /home/airflow/.local/lib/python3.8/site-packages/airflow/example_dags/example_bash_operator.py for tasks to queue
[2026-07-13T09:15:25.660+0000] {logging_mixin.py:188} INFO - [2026-07-13T09:15:25.660+0000] {dagbag.py:538} INFO - Filling up the DagBag from /home/airflow/.local/lib/python3.8/site-packages/airflow/example_dags/example_bash_operator.py
[2026-07-13T09:15:25.677+0000] {processor.py:840} INFO - DAG(s) 'example_bash_operator' retrieved from /home/airflow/.local/lib/python3.8/site-packages/airflow/example_dags/example_bash_operator.py
[2026-07-13T09:15:25.708+0000] {logging_mixin.py:188} INFO - [2026-07-13T09:15:25.707+0000] {dag.py:3036} INFO - Sync 1 DAGs
[2026-07-13T09:15:25.740+0000] {logging_mixin.py:188} INFO - [2026-07-13T09:15:25.739+0000] {dag.py:3823} INFO - Setting next_dagrun for example_bash_operator to 2026-07-12 00:00:00+00:00, run_after=2026-07-13 00:00:00+00:00
[2026-07-13T09:15:25.766+0000] {processor.py:183} INFO - Processing /home/airflow/.local/lib/python3.8/site-packages/airflow/example_dags/example_bash_operator.py took 0.116 seconds
[2026-07-13T09:15:56.114+0000] {processor.py:161} INFO - Started process (PID=581) to work on /home/airflow/.local/lib/python3.8/site-packages/airflow/example_dags/example_bash_operator.py
[2026-07-13T09:15:56.117+0000] {processor.py:830} INFO - Processing file /home/airflow/.local/lib/python3.8/site-packages/airflow/example_dags/example_bash_operator.py for tasks to queue
[2026-07-13T09:15:56.119+0000] {logging_mixin.py:188} INFO - [2026-07-13T09:15:56.119+0000] {dagbag.py:538} INFO - Filling up the DagBag from /home/airflow/.local/lib/python3.8/site-packages/airflow/example_dags/example_bash_operator.py
[2026-07-13T09:15:56.131+0000] {processor.py:840} INFO - DAG(s) 'example_bash_operator' retrieved from /home/airflow/.local/lib/python3.8/site-packages/airflow/example_dags/example_bash_operator.py
[2026-07-13T09:15:56.160+0000] {logging_mixin.py:188} INFO - [2026-07-13T09:15:56.160+0000] {dag.py:3036} INFO - Sync 1 DAGs
[2026-07-13T09:15:56.185+0000] {logging_mixin.py:188} INFO - [2026-07-13T09:15:56.184+0000] {dag.py:3823} INFO - Setting next_dagrun for example_bash_operator to 2026-07-12 00:00:00+00:00, run_after=2026-07-13 00:00:00+00:00
[2026-07-13T09:15:56.206+0000] {processor.py:183} INFO - Processing /home/airflow/.local/lib/python3.8/site-packages/airflow/example_dags/example_bash_operator.py took 0.095 seconds
[2026-07-13T10:08:58.197+0000] {processor.py:161} INFO - Started process (PID=136) to work on /home/airflow/.local/lib/python3.8/site-packages/airflow/example_dags/example_bash_operator.py
[2026-07-13T10:08:58.198+0000] {processor.py:830} INFO - Processing file /home/airflow/.local/lib/python3.8/site-packages/airflow/example_dags/example_bash_operator.py for tasks to queue
[2026-07-13T10:08:58.200+0000] {logging_mixin.py:188} INFO - [2026-07-13T10:08:58.200+0000] {dagbag.py:538} INFO - Filling up the DagBag from /home/airflow/.local/lib/python3.8/site-packages/airflow/example_dags/example_bash_operator.py
[2026-07-13T10:08:58.214+0000] {processor.py:840} INFO - DAG(s) 'example_bash_operator' retrieved from /home/airflow/.local/lib/python3.8/site-packages/airflow/example_dags/example_bash_operator.py
[2026-07-13T10:08:58.329+0000] {logging_mixin.py:188} INFO - [2026-07-13T10:08:58.329+0000] {dag.py:3036} INFO - Sync 1 DAGs
[2026-07-13T10:08:58.345+0000] {logging_mixin.py:188} INFO - [2026-07-13T10:08:58.345+0000] {dag.py:3823} INFO - Setting next_dagrun for example_bash_operator to 2026-07-12 00:00:00+00:00, run_after=2026-07-13 00:00:00+00:00
[2026-07-13T10:08:58.364+0000] {processor.py:183} INFO - Processing /home/airflow/.local/lib/python3.8/site-packages/airflow/example_dags/example_bash_operator.py took 0.172 seconds
[2026-07-13T10:09:28.811+0000] {processor.py:161} INFO - Started process (PID=192) to work on /home/airflow/.local/lib/python3.8/site-packages/airflow/example_dags/example_bash_operator.py
[2026-07-13T10:09:28.813+0000] {processor.py:830} INFO - Processing file /home/airflow/.local/lib/python3.8/site-packages/airflow/example_dags/example_bash_operator.py for tasks to queue
[2026-07-13T10:09:28.815+0000] {logging_mixin.py:188} INFO - [2026-07-13T10:09:28.815+0000] {dagbag.py:538} INFO - Filling up the DagBag from /home/airflow/.local/lib/python3.8/site-packages/airflow/example_dags/example_bash_operator.py
[2026-07-13T10:09:28.832+0000] {processor.py:840} INFO - DAG(s) 'example_bash_operator' retrieved from /home/airflow/.local/lib/python3.8/site-packages/airflow/example_dags/example_bash_operator.py
[2026-07-13T10:09:28.871+0000] {logging_mixin.py:188} INFO - [2026-07-13T10:09:28.871+0000] {dag.py:3036} INFO - Sync 1 DAGs
[2026-07-13T10:09:28.910+0000] {logging_mixin.py:188} INFO - [2026-07-13T10:09:28.909+0000] {dag.py:3823} INFO - Setting next_dagrun for example_bash_operator to 2026-07-12 00:00:00+00:00, run_after=2026-07-13 00:00:00+00:00
[2026-07-13T10:09:28.952+0000] {processor.py:183} INFO - Processing /home/airflow/.local/lib/python3.8/site-packages/airflow/example_dags/example_bash_operator.py took 0.145 seconds
[2026-07-13T10:09:59.899+0000] {processor.py:161} INFO - Started process (PID=248) to work on /home/airflow/.local/lib/python3.8/site-packages/airflow/example_dags/example_bash_operator.py
[2026-07-13T10:09:59.902+0000] {processor.py:830} INFO - Processing file /home/airflow/.local/lib/python3.8/site-packages/airflow/example_dags/example_bash_operator.py for tasks to queue
[2026-07-13T10:09:59.904+0000] {logging_mixin.py:188} INFO - [2026-07-13T10:09:59.903+0000] {dagbag.py:538} INFO - Filling up the DagBag from /home/airflow/.local/lib/python3.8/site-packages/airflow/example_dags/example_bash_operator.py
[2026-07-13T10:09:59.915+0000] {processor.py:840} INFO - DAG(s) 'example_bash_operator' retrieved from /home/airflow/.local/lib/python3.8/site-packages/airflow/example_dags/example_bash_operator.py
[2026-07-13T10:09:59.947+0000] {logging_mixin.py:188} INFO - [2026-07-13T10:09:59.946+0000] {dag.py:3036} INFO - Sync 1 DAGs
[2026-07-13T10:09:59.969+0000] {logging_mixin.py:188} INFO - [2026-07-13T10:09:59.969+0000] {dag.py:3823} INFO - Setting next_dagrun for example_bash_operator to 2026-07-12 00:00:00+00:00, run_after=2026-07-13 00:00:00+00:00
[2026-07-13T10:09:59.988+0000] {processor.py:183} INFO - Processing /home/airflow/.local/lib/python3.8/site-packages/airflow/example_dags/example_bash_operator.py took 0.092 seconds
[2026-07-13T10:10:30.554+0000] {processor.py:161} INFO - Started process (PID=304) to work on /home/airflow/.local/lib/python3.8/site-packages/airflow/example_dags/example_bash_operator.py
[2026-07-13T10:10:30.556+0000] {processor.py:830} INFO - Processing file /home/airflow/.local/lib/python3.8/site-packages/airflow/example_dags/example_bash_operator.py for tasks to queue
[2026-07-13T10:10:30.557+0000] {logging_mixin.py:188} INFO - [2026-07-13T10:10:30.557+0000] {dagbag.py:538} INFO - Filling up the DagBag from /home/airflow/.local/lib/python3.8/site-packages/airflow/example_dags/example_bash_operator.py
[2026-07-13T10:10:30.569+0000] {processor.py:840} INFO - DAG(s) 'example_bash_operator' retrieved from /home/airflow/.local/lib/python3.8/site-packages/airflow/example_dags/example_bash_operator.py
[2026-07-13T10:10:30.601+0000] {logging_mixin.py:188} INFO - [2026-07-13T10:10:30.601+0000] {dag.py:3036} INFO - Sync 1 DAGs
[2026-07-13T10:10:30.630+0000] {logging_mixin.py:188} INFO - [2026-07-13T10:10:30.630+0000] {dag.py:3823} INFO - Setting next_dagrun for example_bash_operator to 2026-07-12 00:00:00+00:00, run_after=2026-07-13 00:00:00+00:00
[2026-07-13T10:10:30.652+0000] {processor.py:183} INFO - Processing /home/airflow/.local/lib/python3.8/site-packages/airflow/example_dags/example_bash_operator.py took 0.102 seconds
[2026-07-13T10:11:00.728+0000] {processor.py:161} INFO - Started process (PID=360) to work on /home/airflow/.local/lib/python3.8/site-packages/airflow/example_dags/example_bash_operator.py
[2026-07-13T10:11:00.730+0000] {processor.py:830} INFO - Processing file /home/airflow/.local/lib/python3.8/site-packages/airflow/example_dags/example_bash_operator.py for tasks to queue
[2026-07-13T10:11:00.732+0000] {logging_mixin.py:188} INFO - [2026-07-13T10:11:00.731+0000] {dagbag.py:538} INFO - Filling up the DagBag from /home/airflow/.local/lib/python3.8/site-packages/airflow/example_dags/example_bash_operator.py
[2026-07-13T10:11:00.745+0000] {processor.py:840} INFO - DAG(s) 'example_bash_operator' retrieved from /home/airflow/.local/lib/python3.8/site-packages/airflow/example_dags/example_bash_operator.py
[2026-07-13T10:11:00.776+0000] {logging_mixin.py:188} INFO - [2026-07-13T10:11:00.775+0000] {dag.py:3036} INFO - Sync 1 DAGs
[2026-07-13T10:11:00.796+0000] {logging_mixin.py:188} INFO - [2026-07-13T10:11:00.796+0000] {dag.py:3823} INFO - Setting next_dagrun for example_bash_operator to 2026-07-12 00:00:00+00:00, run_after=2026-07-13 00:00:00+00:00
[2026-07-13T10:11:00.820+0000] {processor.py:183} INFO - Processing /home/airflow/.local/lib/python3.8/site-packages/airflow/example_dags/example_bash_operator.py took 0.096 seconds
[2026-07-13T10:11:30.966+0000] {processor.py:161} INFO - Started process (PID=416) to work on /home/airflow/.local/lib/python3.8/site-packages/airflow/example_dags/example_bash_operator.py
[2026-07-13T10:11:30.967+0000] {processor.py:830} INFO - Processing file /home/airflow/.local/lib/python3.8/site-packages/airflow/example_dags/example_bash_operator.py for tasks to queue
[2026-07-13T10:11:30.971+0000] {logging_mixin.py:188} INFO - [2026-07-13T10:11:30.970+0000] {dagbag.py:538} INFO - Filling up the DagBag from /home/airflow/.local/lib/python3.8/site-packages/airflow/example_dags/example_bash_operator.py
[2026-07-13T10:11:30.982+0000] {processor.py:840} INFO - DAG(s) 'example_bash_operator' retrieved from /home/airflow/.local/lib/python3.8/site-packages/airflow/example_dags/example_bash_operator.py
[2026-07-13T10:11:30.999+0000] {logging_mixin.py:188} INFO - [2026-07-13T10:11:30.998+0000] {dag.py:3036} INFO - Sync 1 DAGs
[2026-07-13T10:11:31.023+0000] {logging_mixin.py:188} INFO - [2026-07-13T10:11:31.022+0000] {dag.py:3823} INFO - Setting next_dagrun for example_bash_operator to 2026-07-12 00:00:00+00:00, run_after=2026-07-13 00:00:00+00:00
[2026-07-13T10:11:31.046+0000] {processor.py:183} INFO - Processing /home/airflow/.local/lib/python3.8/site-packages/airflow/example_dags/example_bash_operator.py took 0.085 seconds
[2026-07-13T10:12:01.618+0000] {processor.py:161} INFO - Started process (PID=472) to work on /home/airflow/.local/lib/python3.8/site-packages/airflow/example_dags/example_bash_operator.py
[2026-07-13T10:12:01.620+0000] {processor.py:830} INFO - Processing file /home/airflow/.local/lib/python3.8/site-packages/airflow/example_dags/example_bash_operator.py for tasks to queue
[2026-07-13T10:12:01.621+0000] {logging_mixin.py:188} INFO - [2026-07-13T10:12:01.621+0000] {dagbag.py:538} INFO - Filling up the DagBag from /home/airflow/.local/lib/python3.8/site-packages/airflow/example_dags/example_bash_operator.py
[2026-07-13T10:12:01.635+0000] {processor.py:840} INFO - DAG(s) 'example_bash_operator' retrieved from /home/airflow/.local/lib/python3.8/site-packages/airflow/example_dags/example_bash_operator.py
[2026-07-13T10:12:01.754+0000] {logging_mixin.py:188} INFO - [2026-07-13T10:12:01.754+0000] {dag.py:3036} INFO - Sync 1 DAGs
[2026-07-13T10:12:01.777+0000] {logging_mixin.py:188} INFO - [2026-07-13T10:12:01.776+0000] {dag.py:3823} INFO - Setting next_dagrun for example_bash_operator to 2026-07-12 00:00:00+00:00, run_after=2026-07-13 00:00:00+00:00
[2026-07-13T10:12:01.813+0000] {processor.py:183} INFO - Processing /home/airflow/.local/lib/python3.8/site-packages/airflow/example_dags/example_bash_operator.py took 0.199 seconds
[2026-07-13T10:12:32.587+0000] {processor.py:161} INFO - Started process (PID=528) to work on /home/airflow/.local/lib/python3.8/site-packages/airflow/example_dags/example_bash_operator.py
[2026-07-13T10:12:32.589+0000] {processor.py:830} INFO - Processing file /home/airflow/.local/lib/python3.8/site-packages/airflow/example_dags/example_bash_operator.py for tasks to queue
[2026-07-13T10:12:32.590+0000] {logging_mixin.py:188} INFO - [2026-07-13T10:12:32.590+0000] {dagbag.py:538} INFO - Filling up the DagBag from /home/airflow/.local/lib/python3.8/site-packages/airflow/example_dags/example_bash_operator.py
[2026-07-13T10:12:32.601+0000] {processor.py:840} INFO - DAG(s) 'example_bash_operator' retrieved from /home/airflow/.local/lib/python3.8/site-packages/airflow/example_dags/example_bash_operator.py
[2026-07-13T10:12:32.630+0000] {logging_mixin.py:188} INFO - [2026-07-13T10:12:32.629+0000] {dag.py:3036} INFO - Sync 1 DAGs
[2026-07-13T10:12:32.651+0000] {logging_mixin.py:188} INFO - [2026-07-13T10:12:32.651+0000] {dag.py:3823} INFO - Setting next_dagrun for example_bash_operator to 2026-07-12 00:00:00+00:00, run_after=2026-07-13 00:00:00+00:00
[2026-07-13T10:12:32.670+0000] {processor.py:183} INFO - Processing /home/airflow/.local/lib/python3.8/site-packages/airflow/example_dags/example_bash_operator.py took 0.086 seconds
[2026-07-13T10:13:02.802+0000] {processor.py:161} INFO - Started process (PID=584) to work on /home/airflow/.local/lib/python3.8/site-packages/airflow/example_dags/example_bash_operator.py
[2026-07-13T10:13:02.804+0000] {processor.py:830} INFO - Processing file /home/airflow/.local/lib/python3.8/site-packages/airflow/example_dags/example_bash_operator.py for tasks to queue
[2026-07-13T10:13:02.806+0000] {logging_mixin.py:188} INFO - [2026-07-13T10:13:02.805+0000] {dagbag.py:538} INFO - Filling up the DagBag from /home/airflow/.local/lib/python3.8/site-packages/airflow/example_dags/example_bash_operator.py
[2026-07-13T10:13:02.817+0000] {processor.py:840} INFO - DAG(s) 'example_bash_operator' retrieved from /home/airflow/.local/lib/python3.8/site-packages/airflow/example_dags/example_bash_operator.py
[2026-07-13T10:13:02.847+0000] {logging_mixin.py:188} INFO - [2026-07-13T10:13:02.847+0000] {dag.py:3036} INFO - Sync 1 DAGs
[2026-07-13T10:13:02.869+0000] {logging_mixin.py:188} INFO - [2026-07-13T10:13:02.868+0000] {dag.py:3823} INFO - Setting next_dagrun for example_bash_operator to 2026-07-12 00:00:00+00:00, run_after=2026-07-13 00:00:00+00:00
[2026-07-13T10:13:02.891+0000] {processor.py:183} INFO - Processing /home/airflow/.local/lib/python3.8/site-packages/airflow/example_dags/example_bash_operator.py took 0.092 seconds
[2026-07-13T10:13:33.203+0000] {processor.py:161} INFO - Started process (PID=653) to work on /home/airflow/.local/lib/python3.8/site-packages/airflow/example_dags/example_bash_operator.py
[2026-07-13T10:13:33.210+0000] {processor.py:830} INFO - Processing file /home/airflow/.local/lib/python3.8/site-packages/airflow/example_dags/example_bash_operator.py for tasks to queue
[2026-07-13T10:13:33.216+0000] {logging_mixin.py:188} INFO - [2026-07-13T10:13:33.215+0000] {dagbag.py:538} INFO - Filling up the DagBag from /home/airflow/.local/lib/python3.8/site-packages/airflow/example_dags/example_bash_operator.py
[2026-07-13T10:13:33.256+0000] {processor.py:840} INFO - DAG(s) 'example_bash_operator' retrieved from /home/airflow/.local/lib/python3.8/site-packages/airflow/example_dags/example_bash_operator.py
[2026-07-13T10:13:33.306+0000] {logging_mixin.py:188} INFO - [2026-07-13T10:13:33.305+0000] {dag.py:3036} INFO - Sync 1 DAGs
[2026-07-13T10:13:33.339+0000] {logging_mixin.py:188} INFO - [2026-07-13T10:13:33.339+0000] {dag.py:3823} INFO - Setting next_dagrun for example_bash_operator to 2026-07-12 00:00:00+00:00, run_after=2026-07-13 00:00:00+00:00
[2026-07-13T10:13:33.367+0000] {processor.py:183} INFO - Processing /home/airflow/.local/lib/python3.8/site-packages/airflow/example_dags/example_bash_operator.py took 0.174 seconds
[2026-07-13T10:14:03.432+0000] {processor.py:161} INFO - Started process (PID=710) to work on /home/airflow/.local/lib/python3.8/site-packages/airflow/example_dags/example_bash_operator.py
[2026-07-13T10:14:03.434+0000] {processor.py:830} INFO - Processing file /home/airflow/.local/lib/python3.8/site-packages/airflow/example_dags/example_bash_operator.py for tasks to queue
[2026-07-13T10:14:03.436+0000] {logging_mixin.py:188} INFO - [2026-07-13T10:14:03.436+0000] {dagbag.py:538} INFO - Filling up the DagBag from /home/airflow/.local/lib/python3.8/site-packages/airflow/example_dags/example_bash_operator.py
[2026-07-13T10:14:03.452+0000] {processor.py:840} INFO - DAG(s) 'example_bash_operator' retrieved from /home/airflow/.local/lib/python3.8/site-packages/airflow/example_dags/example_bash_operator.py
[2026-07-13T10:14:03.482+0000] {logging_mixin.py:188} INFO - [2026-07-13T10:14:03.482+0000] {dag.py:3036} INFO - Sync 1 DAGs
[2026-07-13T10:14:03.505+0000] {logging_mixin.py:188} INFO - [2026-07-13T10:14:03.504+0000] {dag.py:3823} INFO - Setting next_dagrun for example_bash_operator to 2026-07-12 00:00:00+00:00, run_after=2026-07-13 00:00:00+00:00
[2026-07-13T10:14:03.530+0000] {processor.py:183} INFO - Processing /home/airflow/.local/lib/python3.8/site-packages/airflow/example_dags/example_bash_operator.py took 0.106 seconds
[2026-07-13T10:14:34.001+0000] {processor.py:161} INFO - Started process (PID=765) to work on /home/airflow/.local/lib/python3.8/site-packages/airflow/example_dags/example_bash_operator.py
[2026-07-13T10:14:34.002+0000] {processor.py:830} INFO - Processing file /home/airflow/.local/lib/python3.8/site-packages/airflow/example_dags/example_bash_operator.py for tasks to queue
[2026-07-13T10:14:34.004+0000] {logging_mixin.py:188} INFO - [2026-07-13T10:14:34.004+0000] {dagbag.py:538} INFO - Filling up the DagBag from /home/airflow/.local/lib/python3.8/site-packages/airflow/example_dags/example_bash_operator.py
[2026-07-13T10:14:34.017+0000] {processor.py:840} INFO - DAG(s) 'example_bash_operator' retrieved from /home/airflow/.local/lib/python3.8/site-packages/airflow/example_dags/example_bash_operator.py
[2026-07-13T10:14:34.047+0000] {logging_mixin.py:188} INFO - [2026-07-13T10:14:34.046+0000] {dag.py:3036} INFO - Sync 1 DAGs
[2026-07-13T10:14:34.067+0000] {logging_mixin.py:188} INFO - [2026-07-13T10:14:34.067+0000] {dag.py:3823} INFO - Setting next_dagrun for example_bash_operator to 2026-07-12 00:00:00+00:00, run_after=2026-07-13 00:00:00+00:00
[2026-07-13T10:14:34.086+0000] {processor.py:183} INFO - Processing /home/airflow/.local/lib/python3.8/site-packages/airflow/example_dags/example_bash_operator.py took 0.089 seconds
[2026-07-13T10:15:04.546+0000] {processor.py:161} INFO - Started process (PID=821) to work on /home/airflow/.local/lib/python3.8/site-packages/airflow/example_dags/example_bash_operator.py
[2026-07-13T10:15:04.549+0000] {processor.py:830} INFO - Processing file /home/airflow/.local/lib/python3.8/site-packages/airflow/example_dags/example_bash_operator.py for tasks to queue
[2026-07-13T10:15:04.553+0000] {logging_mixin.py:188} INFO - [2026-07-13T10:15:04.552+0000] {dagbag.py:538} INFO - Filling up the DagBag from /home/airflow/.local/lib/python3.8/site-packages/airflow/example_dags/example_bash_operator.py
[2026-07-13T10:15:04.572+0000] {processor.py:840} INFO - DAG(s) 'example_bash_operator' retrieved from /home/airflow/.local/lib/python3.8/site-packages/airflow/example_dags/example_bash_operator.py
[2026-07-13T10:15:04.622+0000] {logging_mixin.py:188} INFO - [2026-07-13T10:15:04.621+0000] {dag.py:3036} INFO - Sync 1 DAGs
[2026-07-13T10:15:04.651+0000] {logging_mixin.py:188} INFO - [2026-07-13T10:15:04.651+0000] {dag.py:3823} INFO - Setting next_dagrun for example_bash_operator to 2026-07-12 00:00:00+00:00, run_after=2026-07-13 00:00:00+00:00
[2026-07-13T10:15:04.677+0000] {processor.py:183} INFO - Processing /home/airflow/.local/lib/python3.8/site-packages/airflow/example_dags/example_bash_operator.py took 0.137 seconds
[2026-07-13T10:15:34.910+0000] {processor.py:161} INFO - Started process (PID=877) to work on /home/airflow/.local/lib/python3.8/site-packages/airflow/example_dags/example_bash_operator.py
[2026-07-13T10:15:34.912+0000] {processor.py:830} INFO - Processing file /home/airflow/.local/lib/python3.8/site-packages/airflow/example_dags/example_bash_operator.py for tasks to queue
[2026-07-13T10:15:34.915+0000] {logging_mixin.py:188} INFO - [2026-07-13T10:15:34.914+0000] {dagbag.py:538} INFO - Filling up the DagBag from /home/airflow/.local/lib/python3.8/site-packages/airflow/example_dags/example_bash_operator.py
[2026-07-13T10:15:34.932+0000] {processor.py:840} INFO - DAG(s) 'example_bash_operator' retrieved from /home/airflow/.local/lib/python3.8/site-packages/airflow/example_dags/example_bash_operator.py
[2026-07-13T10:15:34.970+0000] {logging_mixin.py:188} INFO - [2026-07-13T10:15:34.969+0000] {dag.py:3036} INFO - Sync 1 DAGs
[2026-07-13T10:15:34.997+0000] {logging_mixin.py:188} INFO - [2026-07-13T10:15:34.997+0000] {dag.py:3823} INFO - Setting next_dagrun for example_bash_operator to 2026-07-12 00:00:00+00:00, run_after=2026-07-13 00:00:00+00:00
[2026-07-13T10:15:35.027+0000] {processor.py:183} INFO - Processing /home/airflow/.local/lib/python3.8/site-packages/airflow/example_dags/example_bash_operator.py took 0.124 seconds
[2026-07-13T10:16:05.173+0000] {processor.py:161} INFO - Started process (PID=935) to work on /home/airflow/.local/lib/python3.8/site-packages/airflow/example_dags/example_bash_operator.py
[2026-07-13T10:16:05.175+0000] {processor.py:830} INFO - Processing file /home/airflow/.local/lib/python3.8/site-packages/airflow/example_dags/example_bash_operator.py for tasks to queue
[2026-07-13T10:16:05.178+0000] {logging_mixin.py:188} INFO - [2026-07-13T10:16:05.178+0000] {dagbag.py:538} INFO - Filling up the DagBag from /home/airflow/.local/lib/python3.8/site-packages/airflow/example_dags/example_bash_operator.py
[2026-07-13T10:16:05.195+0000] {processor.py:840} INFO - DAG(s) 'example_bash_operator' retrieved from /home/airflow/.local/lib/python3.8/site-packages/airflow/example_dags/example_bash_operator.py
[2026-07-13T10:16:05.227+0000] {logging_mixin.py:188} INFO - [2026-07-13T10:16:05.226+0000] {dag.py:3036} INFO - Sync 1 DAGs
[2026-07-13T10:16:05.251+0000] {logging_mixin.py:188} INFO - [2026-07-13T10:16:05.250+0000] {dag.py:3823} INFO - Setting next_dagrun for example_bash_operator to 2026-07-12 00:00:00+00:00, run_after=2026-07-13 00:00:00+00:00
[2026-07-13T10:16:05.274+0000] {processor.py:183} INFO - Processing /home/airflow/.local/lib/python3.8/site-packages/airflow/example_dags/example_bash_operator.py took 0.106 seconds
[2026-07-13T10:19:49.678+0000] {processor.py:161} INFO - Started process (PID=990) to work on /home/airflow/.local/lib/python3.8/site-packages/airflow/example_dags/example_bash_operator.py
[2026-07-13T10:19:49.701+0000] {processor.py:830} INFO - Processing file /home/airflow/.local/lib/python3.8/site-packages/airflow/example_dags/example_bash_operator.py for tasks to queue
[2026-07-13T10:19:49.779+0000] {logging_mixin.py:188} INFO - [2026-07-13T10:19:49.733+0000] {dagbag.py:538} INFO - Filling up the DagBag from /home/airflow/.local/lib/python3.8/site-packages/airflow/example_dags/example_bash_operator.py
[2026-07-13T10:19:51.582+0000] {processor.py:840} INFO - DAG(s) 'example_bash_operator' retrieved from /home/airflow/.local/lib/python3.8/site-packages/airflow/example_dags/example_bash_operator.py
[2026-07-13T10:25:36.049+0000] {processor.py:161} INFO - Started process (PID=1054) to work on /home/airflow/.local/lib/python3.8/site-packages/airflow/example_dags/example_bash_operator.py
[2026-07-13T10:25:36.066+0000] {processor.py:830} INFO - Processing file /home/airflow/.local/lib/python3.8/site-packages/airflow/example_dags/example_bash_operator.py for tasks to queue
[2026-07-13T10:25:36.082+0000] {logging_mixin.py:188} INFO - [2026-07-13T10:25:36.077+0000] {dagbag.py:538} INFO - Filling up the DagBag from /home/airflow/.local/lib/python3.8/site-packages/airflow/example_dags/example_bash_operator.py
[2026-07-13T10:25:36.442+0000] {processor.py:840} INFO - DAG(s) 'example_bash_operator' retrieved from /home/airflow/.local/lib/python3.8/site-packages/airflow/example_dags/example_bash_operator.py
[2026-07-13T10:25:38.628+0000] {logging_mixin.py:188} INFO - [2026-07-13T10:25:38.627+0000] {dag.py:3036} INFO - Sync 1 DAGs
[2026-07-13T10:25:38.896+0000] {logging_mixin.py:188} INFO - [2026-07-13T10:25:38.892+0000] {dag.py:3823} INFO - Setting next_dagrun for example_bash_operator to 2026-07-12 00:00:00+00:00, run_after=2026-07-13 00:00:00+00:00
[2026-07-13T10:25:44.083+0000] {processor.py:183} INFO - Processing /home/airflow/.local/lib/python3.8/site-packages/airflow/example_dags/example_bash_operator.py took 7.374 seconds
[2026-07-13T10:26:14.213+0000] {processor.py:161} INFO - Started process (PID=1130) to work on /home/airflow/.local/lib/python3.8/site-packages/airflow/example_dags/example_bash_operator.py
[2026-07-13T10:26:14.215+0000] {processor.py:830} INFO - Processing file /home/airflow/.local/lib/python3.8/site-packages/airflow/example_dags/example_bash_operator.py for tasks to queue
[2026-07-13T10:26:14.217+0000] {logging_mixin.py:188} INFO - [2026-07-13T10:26:14.216+0000] {dagbag.py:538} INFO - Filling up the DagBag from /home/airflow/.local/lib/python3.8/site-packages/airflow/example_dags/example_bash_operator.py
[2026-07-13T10:26:14.235+0000] {processor.py:840} INFO - DAG(s) 'example_bash_operator' retrieved from /home/airflow/.local/lib/python3.8/site-packages/airflow/example_dags/example_bash_operator.py
[2026-07-13T10:26:14.270+0000] {logging_mixin.py:188} INFO - [2026-07-13T10:26:14.270+0000] {dag.py:3036} INFO - Sync 1 DAGs
[2026-07-13T10:26:14.298+0000] {logging_mixin.py:188} INFO - [2026-07-13T10:26:14.297+0000] {dag.py:3823} INFO - Setting next_dagrun for example_bash_operator to 2026-07-12 00:00:00+00:00, run_after=2026-07-13 00:00:00+00:00
[2026-07-13T10:26:14.321+0000] {processor.py:183} INFO - Processing /home/airflow/.local/lib/python3.8/site-packages/airflow/example_dags/example_bash_operator.py took 0.113 seconds
[2026-07-13T10:44:28.919+0000] {processor.py:161} INFO - Started process (PID=63) to work on /home/airflow/.local/lib/python3.8/site-packages/airflow/example_dags/example_bash_operator.py
[2026-07-13T10:44:28.923+0000] {processor.py:830} INFO - Processing file /home/airflow/.local/lib/python3.8/site-packages/airflow/example_dags/example_bash_operator.py for tasks to queue
[2026-07-13T10:44:28.925+0000] {logging_mixin.py:188} INFO - [2026-07-13T10:44:28.925+0000] {dagbag.py:538} INFO - Filling up the DagBag from /home/airflow/.local/lib/python3.8/site-packages/airflow/example_dags/example_bash_operator.py
[2026-07-13T10:44:28.942+0000] {processor.py:840} INFO - DAG(s) 'example_bash_operator' retrieved from /home/airflow/.local/lib/python3.8/site-packages/airflow/example_dags/example_bash_operator.py
[2026-07-13T10:44:29.083+0000] {logging_mixin.py:188} INFO - [2026-07-13T10:44:29.082+0000] {override.py:1769} INFO - Created Permission View: can read on DAG:example_bash_operator
[2026-07-13T10:44:29.115+0000] {logging_mixin.py:188} INFO - [2026-07-13T10:44:29.114+0000] {override.py:1769} INFO - Created Permission View: can delete on DAG:example_bash_operator
[2026-07-13T10:44:29.133+0000] {logging_mixin.py:188} INFO - [2026-07-13T10:44:29.132+0000] {override.py:1769} INFO - Created Permission View: can edit on DAG:example_bash_operator
[2026-07-13T10:44:29.133+0000] {logging_mixin.py:188} INFO - [2026-07-13T10:44:29.133+0000] {dag.py:3036} INFO - Sync 1 DAGs
[2026-07-13T10:44:29.150+0000] {logging_mixin.py:188} INFO - [2026-07-13T10:44:29.150+0000] {dag.py:3058} INFO - Creating ORM DAG for example_bash_operator
[2026-07-13T10:44:29.166+0000] {logging_mixin.py:188} INFO - [2026-07-13T10:44:29.166+0000] {dag.py:3823} INFO - Setting next_dagrun for example_bash_operator to 2026-07-12 00:00:00+00:00, run_after=2026-07-13 00:00:00+00:00
[2026-07-13T10:44:29.195+0000] {processor.py:183} INFO - Processing /home/airflow/.local/lib/python3.8/site-packages/airflow/example_dags/example_bash_operator.py took 0.285 seconds
[2026-07-13T10:44:59.524+0000] {processor.py:161} INFO - Started process (PID=113) to work on /home/airflow/.local/lib/python3.8/site-packages/airflow/example_dags/example_bash_operator.py
[2026-07-13T10:44:59.525+0000] {processor.py:830} INFO - Processing file /home/airflow/.local/lib/python3.8/site-packages/airflow/example_dags/example_bash_operator.py for tasks to queue
[2026-07-13T10:44:59.527+0000] {logging_mixin.py:188} INFO - [2026-07-13T10:44:59.527+0000] {dagbag.py:538} INFO - Filling up the DagBag from /home/airflow/.local/lib/python3.8/site-packages/airflow/example_dags/example_bash_operator.py
[2026-07-13T10:44:59.540+0000] {processor.py:840} INFO - DAG(s) 'example_bash_operator' retrieved from /home/airflow/.local/lib/python3.8/site-packages/airflow/example_dags/example_bash_operator.py
[2026-07-13T10:44:59.568+0000] {logging_mixin.py:188} INFO - [2026-07-13T10:44:59.567+0000] {dag.py:3036} INFO - Sync 1 DAGs
[2026-07-13T10:44:59.593+0000] {logging_mixin.py:188} INFO - [2026-07-13T10:44:59.592+0000] {dag.py:3823} INFO - Setting next_dagrun for example_bash_operator to 2026-07-12 00:00:00+00:00, run_after=2026-07-13 00:00:00+00:00
[2026-07-13T10:44:59.614+0000] {processor.py:183} INFO - Processing /home/airflow/.local/lib/python3.8/site-packages/airflow/example_dags/example_bash_operator.py took 0.094 seconds
[2026-07-13T10:45:29.661+0000] {processor.py:161} INFO - Started process (PID=178) to work on /home/airflow/.local/lib/python3.8/site-packages/airflow/example_dags/example_bash_operator.py
[2026-07-13T10:45:29.662+0000] {processor.py:830} INFO - Processing file /home/airflow/.local/lib/python3.8/site-packages/airflow/example_dags/example_bash_operator.py for tasks to queue
[2026-07-13T10:45:29.665+0000] {logging_mixin.py:188} INFO - [2026-07-13T10:45:29.665+0000] {dagbag.py:538} INFO - Filling up the DagBag from /home/airflow/.local/lib/python3.8/site-packages/airflow/example_dags/example_bash_operator.py
[2026-07-13T10:45:29.680+0000] {processor.py:840} INFO - DAG(s) 'example_bash_operator' retrieved from /home/airflow/.local/lib/python3.8/site-packages/airflow/example_dags/example_bash_operator.py
[2026-07-13T10:45:29.710+0000] {logging_mixin.py:188} INFO - [2026-07-13T10:45:29.710+0000] {dag.py:3036} INFO - Sync 1 DAGs
[2026-07-13T10:45:29.734+0000] {logging_mixin.py:188} INFO - [2026-07-13T10:45:29.734+0000] {dag.py:3823} INFO - Setting next_dagrun for example_bash_operator to 2026-07-12 00:00:00+00:00, run_after=2026-07-13 00:00:00+00:00
[2026-07-13T10:45:29.758+0000] {processor.py:183} INFO - Processing /home/airflow/.local/lib/python3.8/site-packages/airflow/example_dags/example_bash_operator.py took 0.101 seconds
[2026-07-13T10:46:01.298+0000] {processor.py:161} INFO - Started process (PID=243) to work on /home/airflow/.local/lib/python3.8/site-packages/airflow/example_dags/example_bash_operator.py
[2026-07-13T10:46:01.301+0000] {processor.py:830} INFO - Processing file /home/airflow/.local/lib/python3.8/site-packages/airflow/example_dags/example_bash_operator.py for tasks to queue
[2026-07-13T10:46:01.311+0000] {logging_mixin.py:188} INFO - [2026-07-13T10:46:01.310+0000] {dagbag.py:538} INFO - Filling up the DagBag from /home/airflow/.local/lib/python3.8/site-packages/airflow/example_dags/example_bash_operator.py
[2026-07-13T10:46:01.352+0000] {processor.py:840} INFO - DAG(s) 'example_bash_operator' retrieved from /home/airflow/.local/lib/python3.8/site-packages/airflow/example_dags/example_bash_operator.py
[2026-07-13T10:46:01.443+0000] {logging_mixin.py:188} INFO - [2026-07-13T10:46:01.443+0000] {dag.py:3036} INFO - Sync 1 DAGs
[2026-07-13T10:46:01.521+0000] {logging_mixin.py:188} INFO - [2026-07-13T10:46:01.521+0000] {dag.py:3823} INFO - Setting next_dagrun for example_bash_operator to 2026-07-12 00:00:00+00:00, run_after=2026-07-13 00:00:00+00:00
[2026-07-13T10:46:01.593+0000] {processor.py:183} INFO - Processing /home/airflow/.local/lib/python3.8/site-packages/airflow/example_dags/example_bash_operator.py took 0.301 seconds
[2026-07-13T10:46:32.964+0000] {processor.py:161} INFO - Started process (PID=299) to work on /home/airflow/.local/lib/python3.8/site-packages/airflow/example_dags/example_bash_operator.py
[2026-07-13T10:46:32.965+0000] {processor.py:830} INFO - Processing file /home/airflow/.local/lib/python3.8/site-packages/airflow/example_dags/example_bash_operator.py for tasks to queue
[2026-07-13T10:46:32.967+0000] {logging_mixin.py:188} INFO - [2026-07-13T10:46:32.966+0000] {dagbag.py:538} INFO - Filling up the DagBag from /home/airflow/.local/lib/python3.8/site-packages/airflow/example_dags/example_bash_operator.py
[2026-07-13T10:46:32.980+0000] {processor.py:840} INFO - DAG(s) 'example_bash_operator' retrieved from /home/airflow/.local/lib/python3.8/site-packages/airflow/example_dags/example_bash_operator.py
[2026-07-13T10:46:33.015+0000] {logging_mixin.py:188} INFO - [2026-07-13T10:46:33.014+0000] {dag.py:3036} INFO - Sync 1 DAGs
[2026-07-13T10:46:33.038+0000] {logging_mixin.py:188} INFO - [2026-07-13T10:46:33.038+0000] {dag.py:3823} INFO - Setting next_dagrun for example_bash_operator to 2026-07-12 00:00:00+00:00, run_after=2026-07-13 00:00:00+00:00
[2026-07-13T10:46:33.059+0000] {processor.py:183} INFO - Processing /home/airflow/.local/lib/python3.8/site-packages/airflow/example_dags/example_bash_operator.py took 0.100 seconds
[2026-07-13T10:47:03.786+0000] {processor.py:161} INFO - Started process (PID=355) to work on /home/airflow/.local/lib/python3.8/site-packages/airflow/example_dags/example_bash_operator.py
[2026-07-13T10:47:03.787+0000] {processor.py:830} INFO - Processing file /home/airflow/.local/lib/python3.8/site-packages/airflow/example_dags/example_bash_operator.py for tasks to queue
[2026-07-13T10:47:03.789+0000] {logging_mixin.py:188} INFO - [2026-07-13T10:47:03.789+0000] {dagbag.py:538} INFO - Filling up the DagBag from /home/airflow/.local/lib/python3.8/site-packages/airflow/example_dags/example_bash_operator.py
[2026-07-13T10:47:03.803+0000] {processor.py:840} INFO - DAG(s) 'example_bash_operator' retrieved from /home/airflow/.local/lib/python3.8/site-packages/airflow/example_dags/example_bash_operator.py
[2026-07-13T10:47:03.835+0000] {logging_mixin.py:188} INFO - [2026-07-13T10:47:03.835+0000] {dag.py:3036} INFO - Sync 1 DAGs
[2026-07-13T10:47:03.862+0000] {logging_mixin.py:188} INFO - [2026-07-13T10:47:03.861+0000] {dag.py:3823} INFO - Setting next_dagrun for example_bash_operator to 2026-07-12 00:00:00+00:00, run_after=2026-07-13 00:00:00+00:00
[2026-07-13T10:47:03.882+0000] {processor.py:183} INFO - Processing /home/airflow/.local/lib/python3.8/site-packages/airflow/example_dags/example_bash_operator.py took 0.100 seconds
[2026-07-13T10:47:35.306+0000] {processor.py:161} INFO - Started process (PID=411) to work on /home/airflow/.local/lib/python3.8/site-packages/airflow/example_dags/example_bash_operator.py
[2026-07-13T10:47:35.307+0000] {processor.py:830} INFO - Processing file /home/airflow/.local/lib/python3.8/site-packages/airflow/example_dags/example_bash_operator.py for tasks to queue
[2026-07-13T10:47:35.310+0000] {logging_mixin.py:188} INFO - [2026-07-13T10:47:35.309+0000] {dagbag.py:538} INFO - Filling up the DagBag from /home/airflow/.local/lib/python3.8/site-packages/airflow/example_dags/example_bash_operator.py
[2026-07-13T10:47:35.322+0000] {processor.py:840} INFO - DAG(s) 'example_bash_operator' retrieved from /home/airflow/.local/lib/python3.8/site-packages/airflow/example_dags/example_bash_operator.py
[2026-07-13T10:47:35.354+0000] {logging_mixin.py:188} INFO - [2026-07-13T10:47:35.354+0000] {dag.py:3036} INFO - Sync 1 DAGs
[2026-07-13T10:47:35.379+0000] {logging_mixin.py:188} INFO - [2026-07-13T10:47:35.378+0000] {dag.py:3823} INFO - Setting next_dagrun for example_bash_operator to 2026-07-12 00:00:00+00:00, run_after=2026-07-13 00:00:00+00:00
[2026-07-13T10:47:35.401+0000] {processor.py:183} INFO - Processing /home/airflow/.local/lib/python3.8/site-packages/airflow/example_dags/example_bash_operator.py took 0.099 seconds
[2026-07-13T10:48:06.749+0000] {processor.py:161} INFO - Started process (PID=467) to work on /home/airflow/.local/lib/python3.8/site-packages/airflow/example_dags/example_bash_operator.py
[2026-07-13T10:48:06.751+0000] {processor.py:830} INFO - Processing file /home/airflow/.local/lib/python3.8/site-packages/airflow/example_dags/example_bash_operator.py for tasks to queue
[2026-07-13T10:48:06.754+0000] {logging_mixin.py:188} INFO - [2026-07-13T10:48:06.754+0000] {dagbag.py:538} INFO - Filling up the DagBag from /home/airflow/.local/lib/python3.8/site-packages/airflow/example_dags/example_bash_operator.py
[2026-07-13T10:48:06.769+0000] {processor.py:840} INFO - DAG(s) 'example_bash_operator' retrieved from /home/airflow/.local/lib/python3.8/site-packages/airflow/example_dags/example_bash_operator.py
[2026-07-13T10:48:06.803+0000] {logging_mixin.py:188} INFO - [2026-07-13T10:48:06.802+0000] {dag.py:3036} INFO - Sync 1 DAGs
[2026-07-13T10:48:06.826+0000] {logging_mixin.py:188} INFO - [2026-07-13T10:48:06.826+0000] {dag.py:3823} INFO - Setting next_dagrun for example_bash_operator to 2026-07-12 00:00:00+00:00, run_after=2026-07-13 00:00:00+00:00
[2026-07-13T10:48:06.845+0000] {processor.py:183} INFO - Processing /home/airflow/.local/lib/python3.8/site-packages/airflow/example_dags/example_bash_operator.py took 0.100 seconds
[2026-07-13T10:48:38.854+0000] {processor.py:161} INFO - Started process (PID=523) to work on /home/airflow/.local/lib/python3.8/site-packages/airflow/example_dags/example_bash_operator.py
[2026-07-13T10:48:38.856+0000] {processor.py:830} INFO - Processing file /home/airflow/.local/lib/python3.8/site-packages/airflow/example_dags/example_bash_operator.py for tasks to queue
[2026-07-13T10:48:38.859+0000] {logging_mixin.py:188} INFO - [2026-07-13T10:48:38.859+0000] {dagbag.py:538} INFO - Filling up the DagBag from /home/airflow/.local/lib/python3.8/site-packages/airflow/example_dags/example_bash_operator.py
[2026-07-13T10:48:38.871+0000] {processor.py:840} INFO - DAG(s) 'example_bash_operator' retrieved from /home/airflow/.local/lib/python3.8/site-packages/airflow/example_dags/example_bash_operator.py
[2026-07-13T10:48:38.904+0000] {logging_mixin.py:188} INFO - [2026-07-13T10:48:38.904+0000] {dag.py:3036} INFO - Sync 1 DAGs
[2026-07-13T10:48:38.930+0000] {logging_mixin.py:188} INFO - [2026-07-13T10:48:38.929+0000] {dag.py:3823} INFO - Setting next_dagrun for example_bash_operator to 2026-07-12 00:00:00+00:00, run_after=2026-07-13 00:00:00+00:00
[2026-07-13T10:48:38.953+0000] {processor.py:183} INFO - Processing /home/airflow/.local/lib/python3.8/site-packages/airflow/example_dags/example_bash_operator.py took 0.102 seconds
[2026-07-13T10:49:10.410+0000] {processor.py:161} INFO - Started process (PID=579) to work on /home/airflow/.local/lib/python3.8/site-packages/airflow/example_dags/example_bash_operator.py
[2026-07-13T10:49:10.411+0000] {processor.py:830} INFO - Processing file /home/airflow/.local/lib/python3.8/site-packages/airflow/example_dags/example_bash_operator.py for tasks to queue
[2026-07-13T10:49:10.414+0000] {logging_mixin.py:188} INFO - [2026-07-13T10:49:10.413+0000] {dagbag.py:538} INFO - Filling up the DagBag from /home/airflow/.local/lib/python3.8/site-packages/airflow/example_dags/example_bash_operator.py
[2026-07-13T10:49:10.430+0000] {processor.py:840} INFO - DAG(s) 'example_bash_operator' retrieved from /home/airflow/.local/lib/python3.8/site-packages/airflow/example_dags/example_bash_operator.py
[2026-07-13T10:49:10.461+0000] {logging_mixin.py:188} INFO - [2026-07-13T10:49:10.461+0000] {dag.py:3036} INFO - Sync 1 DAGs
[2026-07-13T10:49:10.488+0000] {logging_mixin.py:188} INFO - [2026-07-13T10:49:10.488+0000] {dag.py:3823} INFO - Setting next_dagrun for example_bash_operator to 2026-07-12 00:00:00+00:00, run_after=2026-07-13 00:00:00+00:00
[2026-07-13T10:49:10.512+0000] {processor.py:183} INFO - Processing /home/airflow/.local/lib/python3.8/site-packages/airflow/example_dags/example_bash_operator.py took 0.107 seconds
[2026-07-13T10:49:41.970+0000] {processor.py:161} INFO - Started process (PID=635) to work on /home/airflow/.local/lib/python3.8/site-packages/airflow/example_dags/example_bash_operator.py
[2026-07-13T10:49:41.971+0000] {processor.py:830} INFO - Processing file /home/airflow/.local/lib/python3.8/site-packages/airflow/example_dags/example_bash_operator.py for tasks to queue
[2026-07-13T10:49:41.974+0000] {logging_mixin.py:188} INFO - [2026-07-13T10:49:41.973+0000] {dagbag.py:538} INFO - Filling up the DagBag from /home/airflow/.local/lib/python3.8/site-packages/airflow/example_dags/example_bash_operator.py
[2026-07-13T10:49:41.987+0000] {processor.py:840} INFO - DAG(s) 'example_bash_operator' retrieved from /home/airflow/.local/lib/python3.8/site-packages/airflow/example_dags/example_bash_operator.py
[2026-07-13T10:49:42.033+0000] {logging_mixin.py:188} INFO - [2026-07-13T10:49:42.032+0000] {dag.py:3036} INFO - Sync 1 DAGs
[2026-07-13T10:49:42.060+0000] {logging_mixin.py:188} INFO - [2026-07-13T10:49:42.060+0000] {dag.py:3823} INFO - Setting next_dagrun for example_bash_operator to 2026-07-12 00:00:00+00:00, run_after=2026-07-13 00:00:00+00:00
[2026-07-13T10:49:42.081+0000] {processor.py:183} INFO - Processing /home/airflow/.local/lib/python3.8/site-packages/airflow/example_dags/example_bash_operator.py took 0.116 seconds
[2026-07-13T10:50:13.307+0000] {processor.py:161} INFO - Started process (PID=690) to work on /home/airflow/.local/lib/python3.8/site-packages/airflow/example_dags/example_bash_operator.py
[2026-07-13T10:50:13.308+0000] {processor.py:830} INFO - Processing file /home/airflow/.local/lib/python3.8/site-packages/airflow/example_dags/example_bash_operator.py for tasks to queue
[2026-07-13T10:50:13.311+0000] {logging_mixin.py:188} INFO - [2026-07-13T10:50:13.310+0000] {dagbag.py:538} INFO - Filling up the DagBag from /home/airflow/.local/lib/python3.8/site-packages/airflow/example_dags/example_bash_operator.py
[2026-07-13T10:50:13.326+0000] {processor.py:840} INFO - DAG(s) 'example_bash_operator' retrieved from /home/airflow/.local/lib/python3.8/site-packages/airflow/example_dags/example_bash_operator.py
[2026-07-13T10:50:13.363+0000] {logging_mixin.py:188} INFO - [2026-07-13T10:50:13.362+0000] {dag.py:3036} INFO - Sync 1 DAGs
[2026-07-13T10:50:13.386+0000] {logging_mixin.py:188} INFO - [2026-07-13T10:50:13.386+0000] {dag.py:3823} INFO - Setting next_dagrun for example_bash_operator to 2026-07-12 00:00:00+00:00, run_after=2026-07-13 00:00:00+00:00
[2026-07-13T10:50:13.407+0000] {processor.py:183} INFO - Processing /home/airflow/.local/lib/python3.8/site-packages/airflow/example_dags/example_bash_operator.py took 0.104 seconds
[2026-07-13T10:50:45.045+0000] {processor.py:161} INFO - Started process (PID=755) to work on /home/airflow/.local/lib/python3.8/site-packages/airflow/example_dags/example_bash_operator.py
[2026-07-13T10:50:45.046+0000] {processor.py:830} INFO - Processing file /home/airflow/.local/lib/python3.8/site-packages/airflow/example_dags/example_bash_operator.py for tasks to queue
[2026-07-13T10:50:45.048+0000] {logging_mixin.py:188} INFO - [2026-07-13T10:50:45.048+0000] {dagbag.py:538} INFO - Filling up the DagBag from /home/airflow/.local/lib/python3.8/site-packages/airflow/example_dags/example_bash_operator.py
[2026-07-13T10:50:45.063+0000] {processor.py:840} INFO - DAG(s) 'example_bash_operator' retrieved from /home/airflow/.local/lib/python3.8/site-packages/airflow/example_dags/example_bash_operator.py
[2026-07-13T10:50:45.097+0000] {logging_mixin.py:188} INFO - [2026-07-13T10:50:45.097+0000] {dag.py:3036} INFO - Sync 1 DAGs
[2026-07-13T10:50:45.122+0000] {logging_mixin.py:188} INFO - [2026-07-13T10:50:45.122+0000] {dag.py:3823} INFO - Setting next_dagrun for example_bash_operator to 2026-07-12 00:00:00+00:00, run_after=2026-07-13 00:00:00+00:00
[2026-07-13T10:50:45.150+0000] {processor.py:183} INFO - Processing /home/airflow/.local/lib/python3.8/site-packages/airflow/example_dags/example_bash_operator.py took 0.109 seconds
[2026-07-13T10:51:16.282+0000] {processor.py:161} INFO - Started process (PID=811) to work on /home/airflow/.local/lib/python3.8/site-packages/airflow/example_dags/example_bash_operator.py
[2026-07-13T10:51:16.283+0000] {processor.py:830} INFO - Processing file /home/airflow/.local/lib/python3.8/site-packages/airflow/example_dags/example_bash_operator.py for tasks to queue
[2026-07-13T10:51:16.285+0000] {logging_mixin.py:188} INFO - [2026-07-13T10:51:16.285+0000] {dagbag.py:538} INFO - Filling up the DagBag from /home/airflow/.local/lib/python3.8/site-packages/airflow/example_dags/example_bash_operator.py
[2026-07-13T10:51:16.299+0000] {processor.py:840} INFO - DAG(s) 'example_bash_operator' retrieved from /home/airflow/.local/lib/python3.8/site-packages/airflow/example_dags/example_bash_operator.py
[2026-07-13T10:51:16.334+0000] {logging_mixin.py:188} INFO - [2026-07-13T10:51:16.334+0000] {dag.py:3036} INFO - Sync 1 DAGs
[2026-07-13T10:51:16.357+0000] {logging_mixin.py:188} INFO - [2026-07-13T10:51:16.357+0000] {dag.py:3823} INFO - Setting next_dagrun for example_bash_operator to 2026-07-12 00:00:00+00:00, run_after=2026-07-13 00:00:00+00:00
[2026-07-13T10:51:16.378+0000] {processor.py:183} INFO - Processing /home/airflow/.local/lib/python3.8/site-packages/airflow/example_dags/example_bash_operator.py took 0.102 seconds
[2026-07-13T10:51:50.552+0000] {processor.py:161} INFO - Started process (PID=880) to work on /home/airflow/.local/lib/python3.8/site-packages/airflow/example_dags/example_bash_operator.py
[2026-07-13T10:51:50.567+0000] {processor.py:830} INFO - Processing file /home/airflow/.local/lib/python3.8/site-packages/airflow/example_dags/example_bash_operator.py for tasks to queue
[2026-07-13T10:51:50.589+0000] {logging_mixin.py:188} INFO - [2026-07-13T10:51:50.585+0000] {dagbag.py:538} INFO - Filling up the DagBag from /home/airflow/.local/lib/python3.8/site-packages/airflow/example_dags/example_bash_operator.py
[2026-07-13T10:51:50.725+0000] {processor.py:840} INFO - DAG(s) 'example_bash_operator' retrieved from /home/airflow/.local/lib/python3.8/site-packages/airflow/example_dags/example_bash_operator.py
[2026-07-13T10:51:51.042+0000] {logging_mixin.py:188} INFO - [2026-07-13T10:51:51.041+0000] {dag.py:3036} INFO - Sync 1 DAGs
[2026-07-13T10:51:51.292+0000] {logging_mixin.py:188} INFO - [2026-07-13T10:51:51.291+0000] {dag.py:3823} INFO - Setting next_dagrun for example_bash_operator to 2026-07-12 00:00:00+00:00, run_after=2026-07-13 00:00:00+00:00
[2026-07-13T10:51:51.468+0000] {processor.py:183} INFO - Processing /home/airflow/.local/lib/python3.8/site-packages/airflow/example_dags/example_bash_operator.py took 0.952 seconds
[2026-07-13T10:52:22.577+0000] {processor.py:161} INFO - Started process (PID=935) to work on /home/airflow/.local/lib/python3.8/site-packages/airflow/example_dags/example_bash_operator.py
[2026-07-13T10:52:22.578+0000] {processor.py:830} INFO - Processing file /home/airflow/.local/lib/python3.8/site-packages/airflow/example_dags/example_bash_operator.py for tasks to queue
[2026-07-13T10:52:22.580+0000] {logging_mixin.py:188} INFO - [2026-07-13T10:52:22.580+0000] {dagbag.py:538} INFO - Filling up the DagBag from /home/airflow/.local/lib/python3.8/site-packages/airflow/example_dags/example_bash_operator.py
[2026-07-13T10:52:22.599+0000] {processor.py:840} INFO - DAG(s) 'example_bash_operator' retrieved from /home/airflow/.local/lib/python3.8/site-packages/airflow/example_dags/example_bash_operator.py
[2026-07-13T10:52:22.637+0000] {logging_mixin.py:188} INFO - [2026-07-13T10:52:22.637+0000] {dag.py:3036} INFO - Sync 1 DAGs
[2026-07-13T10:52:22.665+0000] {logging_mixin.py:188} INFO - [2026-07-13T10:52:22.665+0000] {dag.py:3823} INFO - Setting next_dagrun for example_bash_operator to 2026-07-12 00:00:00+00:00, run_after=2026-07-13 00:00:00+00:00
[2026-07-13T10:52:22.686+0000] {processor.py:183} INFO - Processing /home/airflow/.local/lib/python3.8/site-packages/airflow/example_dags/example_bash_operator.py took 0.112 seconds
[2026-07-13T10:52:53.015+0000] {processor.py:161} INFO - Started process (PID=991) to work on /home/airflow/.local/lib/python3.8/site-packages/airflow/example_dags/example_bash_operator.py
[2026-07-13T10:52:53.017+0000] {processor.py:830} INFO - Processing file /home/airflow/.local/lib/python3.8/site-packages/airflow/example_dags/example_bash_operator.py for tasks to queue
[2026-07-13T10:52:53.018+0000] {logging_mixin.py:188} INFO - [2026-07-13T10:52:53.018+0000] {dagbag.py:538} INFO - Filling up the DagBag from /home/airflow/.local/lib/python3.8/site-packages/airflow/example_dags/example_bash_operator.py
[2026-07-13T10:52:53.027+0000] {processor.py:840} INFO - DAG(s) 'example_bash_operator' retrieved from /home/airflow/.local/lib/python3.8/site-packages/airflow/example_dags/example_bash_operator.py
[2026-07-13T10:52:53.047+0000] {logging_mixin.py:188} INFO - [2026-07-13T10:52:53.047+0000] {dag.py:3036} INFO - Sync 1 DAGs
[2026-07-13T10:52:53.066+0000] {logging_mixin.py:188} INFO - [2026-07-13T10:52:53.065+0000] {dag.py:3823} INFO - Setting next_dagrun for example_bash_operator to 2026-07-12 00:00:00+00:00, run_after=2026-07-13 00:00:00+00:00
[2026-07-13T10:52:53.084+0000] {processor.py:183} INFO - Processing /home/airflow/.local/lib/python3.8/site-packages/airflow/example_dags/example_bash_operator.py took 0.076 seconds
[2026-07-13T10:53:23.116+0000] {processor.py:161} INFO - Started process (PID=1047) to work on /home/airflow/.local/lib/python3.8/site-packages/airflow/example_dags/example_bash_operator.py
[2026-07-13T10:53:23.117+0000] {processor.py:830} INFO - Processing file /home/airflow/.local/lib/python3.8/site-packages/airflow/example_dags/example_bash_operator.py for tasks to queue
[2026-07-13T10:53:23.119+0000] {logging_mixin.py:188} INFO - [2026-07-13T10:53:23.119+0000] {dagbag.py:538} INFO - Filling up the DagBag from /home/airflow/.local/lib/python3.8/site-packages/airflow/example_dags/example_bash_operator.py
[2026-07-13T10:53:23.130+0000] {processor.py:840} INFO - DAG(s) 'example_bash_operator' retrieved from /home/airflow/.local/lib/python3.8/site-packages/airflow/example_dags/example_bash_operator.py
[2026-07-13T10:53:23.155+0000] {logging_mixin.py:188} INFO - [2026-07-13T10:53:23.155+0000] {dag.py:3036} INFO - Sync 1 DAGs
[2026-07-13T10:53:23.175+0000] {logging_mixin.py:188} INFO - [2026-07-13T10:53:23.175+0000] {dag.py:3823} INFO - Setting next_dagrun for example_bash_operator to 2026-07-12 00:00:00+00:00, run_after=2026-07-13 00:00:00+00:00
[2026-07-13T10:53:23.204+0000] {processor.py:183} INFO - Processing /home/airflow/.local/lib/python3.8/site-packages/airflow/example_dags/example_bash_operator.py took 0.092 seconds
[2026-07-13T10:53:54.143+0000] {processor.py:161} INFO - Started process (PID=1103) to work on /home/airflow/.local/lib/python3.8/site-packages/airflow/example_dags/example_bash_operator.py
[2026-07-13T10:53:54.144+0000] {processor.py:830} INFO - Processing file /home/airflow/.local/lib/python3.8/site-packages/airflow/example_dags/example_bash_operator.py for tasks to queue
[2026-07-13T10:53:54.146+0000] {logging_mixin.py:188} INFO - [2026-07-13T10:53:54.146+0000] {dagbag.py:538} INFO - Filling up the DagBag from /home/airflow/.local/lib/python3.8/site-packages/airflow/example_dags/example_bash_operator.py
[2026-07-13T10:53:54.157+0000] {processor.py:840} INFO - DAG(s) 'example_bash_operator' retrieved from /home/airflow/.local/lib/python3.8/site-packages/airflow/example_dags/example_bash_operator.py
[2026-07-13T10:53:54.184+0000] {logging_mixin.py:188} INFO - [2026-07-13T10:53:54.183+0000] {dag.py:3036} INFO - Sync 1 DAGs
[2026-07-13T10:53:54.205+0000] {logging_mixin.py:188} INFO - [2026-07-13T10:53:54.205+0000] {dag.py:3823} INFO - Setting next_dagrun for example_bash_operator to 2026-07-12 00:00:00+00:00, run_after=2026-07-13 00:00:00+00:00
[2026-07-13T10:53:54.221+0000] {processor.py:183} INFO - Processing /home/airflow/.local/lib/python3.8/site-packages/airflow/example_dags/example_bash_operator.py took 0.081 seconds
[2026-07-13T10:54:25.731+0000] {processor.py:161} INFO - Started process (PID=1159) to work on /home/airflow/.local/lib/python3.8/site-packages/airflow/example_dags/example_bash_operator.py
[2026-07-13T10:54:25.732+0000] {processor.py:830} INFO - Processing file /home/airflow/.local/lib/python3.8/site-packages/airflow/example_dags/example_bash_operator.py for tasks to queue
[2026-07-13T10:54:25.734+0000] {logging_mixin.py:188} INFO - [2026-07-13T10:54:25.734+0000] {dagbag.py:538} INFO - Filling up the DagBag from /home/airflow/.local/lib/python3.8/site-packages/airflow/example_dags/example_bash_operator.py
[2026-07-13T10:54:25.744+0000] {processor.py:840} INFO - DAG(s) 'example_bash_operator' retrieved from /home/airflow/.local/lib/python3.8/site-packages/airflow/example_dags/example_bash_operator.py
[2026-07-13T10:54:25.765+0000] {logging_mixin.py:188} INFO - [2026-07-13T10:54:25.765+0000] {dag.py:3036} INFO - Sync 1 DAGs
[2026-07-13T10:54:25.785+0000] {logging_mixin.py:188} INFO - [2026-07-13T10:54:25.785+0000] {dag.py:3823} INFO - Setting next_dagrun for example_bash_operator to 2026-07-12 00:00:00+00:00, run_after=2026-07-13 00:00:00+00:00
[2026-07-13T10:54:25.802+0000] {processor.py:183} INFO - Processing /home/airflow/.local/lib/python3.8/site-packages/airflow/example_dags/example_bash_operator.py took 0.076 seconds
[2026-07-13T10:54:57.395+0000] {processor.py:161} INFO - Started process (PID=1215) to work on /home/airflow/.local/lib/python3.8/site-packages/airflow/example_dags/example_bash_operator.py
[2026-07-13T10:54:57.396+0000] {processor.py:830} INFO - Processing file /home/airflow/.local/lib/python3.8/site-packages/airflow/example_dags/example_bash_operator.py for tasks to queue
[2026-07-13T10:54:57.398+0000] {logging_mixin.py:188} INFO - [2026-07-13T10:54:57.398+0000] {dagbag.py:538} INFO - Filling up the DagBag from /home/airflow/.local/lib/python3.8/site-packages/airflow/example_dags/example_bash_operator.py
[2026-07-13T10:54:57.409+0000] {processor.py:840} INFO - DAG(s) 'example_bash_operator' retrieved from /home/airflow/.local/lib/python3.8/site-packages/airflow/example_dags/example_bash_operator.py
[2026-07-13T10:54:57.431+0000] {logging_mixin.py:188} INFO - [2026-07-13T10:54:57.431+0000] {dag.py:3036} INFO - Sync 1 DAGs
[2026-07-13T10:54:57.448+0000] {logging_mixin.py:188} INFO - [2026-07-13T10:54:57.448+0000] {dag.py:3823} INFO - Setting next_dagrun for example_bash_operator to 2026-07-12 00:00:00+00:00, run_after=2026-07-13 00:00:00+00:00
[2026-07-13T10:54:57.465+0000] {processor.py:183} INFO - Processing /home/airflow/.local/lib/python3.8/site-packages/airflow/example_dags/example_bash_operator.py took 0.072 seconds
[2026-07-13T10:55:28.942+0000] {processor.py:161} INFO - Started process (PID=1272) to work on /home/airflow/.local/lib/python3.8/site-packages/airflow/example_dags/example_bash_operator.py
[2026-07-13T10:55:28.942+0000] {processor.py:830} INFO - Processing file /home/airflow/.local/lib/python3.8/site-packages/airflow/example_dags/example_bash_operator.py for tasks to queue
[2026-07-13T10:55:28.944+0000] {logging_mixin.py:188} INFO - [2026-07-13T10:55:28.943+0000] {dagbag.py:538} INFO - Filling up the DagBag from /home/airflow/.local/lib/python3.8/site-packages/airflow/example_dags/example_bash_operator.py
[2026-07-13T10:55:28.960+0000] {processor.py:840} INFO - DAG(s) 'example_bash_operator' retrieved from /home/airflow/.local/lib/python3.8/site-packages/airflow/example_dags/example_bash_operator.py
[2026-07-13T10:55:28.987+0000] {logging_mixin.py:188} INFO - [2026-07-13T10:55:28.987+0000] {dag.py:3036} INFO - Sync 1 DAGs
[2026-07-13T10:55:29.004+0000] {logging_mixin.py:188} INFO - [2026-07-13T10:55:29.004+0000] {dag.py:3823} INFO - Setting next_dagrun for example_bash_operator to 2026-07-12 00:00:00+00:00, run_after=2026-07-13 00:00:00+00:00
[2026-07-13T10:55:29.029+0000] {processor.py:183} INFO - Processing /home/airflow/.local/lib/python3.8/site-packages/airflow/example_dags/example_bash_operator.py took 0.090 seconds
[2026-07-13T10:56:00.531+0000] {processor.py:161} INFO - Started process (PID=1328) to work on /home/airflow/.local/lib/python3.8/site-packages/airflow/example_dags/example_bash_operator.py
[2026-07-13T10:56:00.532+0000] {processor.py:830} INFO - Processing file /home/airflow/.local/lib/python3.8/site-packages/airflow/example_dags/example_bash_operator.py for tasks to queue
[2026-07-13T10:56:00.533+0000] {logging_mixin.py:188} INFO - [2026-07-13T10:56:00.533+0000] {dagbag.py:538} INFO - Filling up the DagBag from /home/airflow/.local/lib/python3.8/site-packages/airflow/example_dags/example_bash_operator.py
[2026-07-13T10:56:00.544+0000] {processor.py:840} INFO - DAG(s) 'example_bash_operator' retrieved from /home/airflow/.local/lib/python3.8/site-packages/airflow/example_dags/example_bash_operator.py
[2026-07-13T10:56:00.566+0000] {logging_mixin.py:188} INFO - [2026-07-13T10:56:00.566+0000] {dag.py:3036} INFO - Sync 1 DAGs
[2026-07-13T10:56:00.585+0000] {logging_mixin.py:188} INFO - [2026-07-13T10:56:00.585+0000] {dag.py:3823} INFO - Setting next_dagrun for example_bash_operator to 2026-07-12 00:00:00+00:00, run_after=2026-07-13 00:00:00+00:00
[2026-07-13T10:56:00.601+0000] {processor.py:183} INFO - Processing /home/airflow/.local/lib/python3.8/site-packages/airflow/example_dags/example_bash_operator.py took 0.072 seconds
[2026-07-13T10:56:32.383+0000] {processor.py:161} INFO - Started process (PID=1384) to work on /home/airflow/.local/lib/python3.8/site-packages/airflow/example_dags/example_bash_operator.py
[2026-07-13T10:56:32.385+0000] {processor.py:830} INFO - Processing file /home/airflow/.local/lib/python3.8/site-packages/airflow/example_dags/example_bash_operator.py for tasks to queue
[2026-07-13T10:56:32.387+0000] {logging_mixin.py:188} INFO - [2026-07-13T10:56:32.387+0000] {dagbag.py:538} INFO - Filling up the DagBag from /home/airflow/.local/lib/python3.8/site-packages/airflow/example_dags/example_bash_operator.py
[2026-07-13T10:56:32.404+0000] {processor.py:840} INFO - DAG(s) 'example_bash_operator' retrieved from /home/airflow/.local/lib/python3.8/site-packages/airflow/example_dags/example_bash_operator.py
[2026-07-13T10:56:32.433+0000] {logging_mixin.py:188} INFO - [2026-07-13T10:56:32.432+0000] {dag.py:3036} INFO - Sync 1 DAGs
[2026-07-13T10:56:32.454+0000] {logging_mixin.py:188} INFO - [2026-07-13T10:56:32.453+0000] {dag.py:3823} INFO - Setting next_dagrun for example_bash_operator to 2026-07-12 00:00:00+00:00, run_after=2026-07-13 00:00:00+00:00
[2026-07-13T10:56:32.477+0000] {processor.py:183} INFO - Processing /home/airflow/.local/lib/python3.8/site-packages/airflow/example_dags/example_bash_operator.py took 0.100 seconds
[2026-07-13T10:57:03.951+0000] {processor.py:161} INFO - Started process (PID=1440) to work on /home/airflow/.local/lib/python3.8/site-packages/airflow/example_dags/example_bash_operator.py
[2026-07-13T10:57:03.953+0000] {processor.py:830} INFO - Processing file /home/airflow/.local/lib/python3.8/site-packages/airflow/example_dags/example_bash_operator.py for tasks to queue
[2026-07-13T10:57:03.955+0000] {logging_mixin.py:188} INFO - [2026-07-13T10:57:03.954+0000] {dagbag.py:538} INFO - Filling up the DagBag from /home/airflow/.local/lib/python3.8/site-packages/airflow/example_dags/example_bash_operator.py
[2026-07-13T10:57:03.970+0000] {processor.py:840} INFO - DAG(s) 'example_bash_operator' retrieved from /home/airflow/.local/lib/python3.8/site-packages/airflow/example_dags/example_bash_operator.py
[2026-07-13T10:57:03.994+0000] {logging_mixin.py:188} INFO - [2026-07-13T10:57:03.993+0000] {dag.py:3036} INFO - Sync 1 DAGs
[2026-07-13T10:57:04.012+0000] {logging_mixin.py:188} INFO - [2026-07-13T10:57:04.011+0000] {dag.py:3823} INFO - Setting next_dagrun for example_bash_operator to 2026-07-12 00:00:00+00:00, run_after=2026-07-13 00:00:00+00:00
[2026-07-13T10:57:04.030+0000] {processor.py:183} INFO - Processing /home/airflow/.local/lib/python3.8/site-packages/airflow/example_dags/example_bash_operator.py took 0.083 seconds
[2026-07-13T10:57:35.485+0000] {processor.py:161} INFO - Started process (PID=1496) to work on /home/airflow/.local/lib/python3.8/site-packages/airflow/example_dags/example_bash_operator.py
[2026-07-13T10:57:35.486+0000] {processor.py:830} INFO - Processing file /home/airflow/.local/lib/python3.8/site-packages/airflow/example_dags/example_bash_operator.py for tasks to queue
[2026-07-13T10:57:35.488+0000] {logging_mixin.py:188} INFO - [2026-07-13T10:57:35.488+0000] {dagbag.py:538} INFO - Filling up the DagBag from /home/airflow/.local/lib/python3.8/site-packages/airflow/example_dags/example_bash_operator.py
[2026-07-13T10:57:35.496+0000] {processor.py:840} INFO - DAG(s) 'example_bash_operator' retrieved from /home/airflow/.local/lib/python3.8/site-packages/airflow/example_dags/example_bash_operator.py
[2026-07-13T10:57:35.519+0000] {logging_mixin.py:188} INFO - [2026-07-13T10:57:35.519+0000] {dag.py:3036} INFO - Sync 1 DAGs
[2026-07-13T10:57:35.536+0000] {logging_mixin.py:188} INFO - [2026-07-13T10:57:35.536+0000] {dag.py:3823} INFO - Setting next_dagrun for example_bash_operator to 2026-07-12 00:00:00+00:00, run_after=2026-07-13 00:00:00+00:00
[2026-07-13T10:57:35.558+0000] {processor.py:183} INFO - Processing /home/airflow/.local/lib/python3.8/site-packages/airflow/example_dags/example_bash_operator.py took 0.076 seconds
[2026-07-13T10:58:07.370+0000] {processor.py:161} INFO - Started process (PID=1552) to work on /home/airflow/.local/lib/python3.8/site-packages/airflow/example_dags/example_bash_operator.py
[2026-07-13T10:58:07.371+0000] {processor.py:830} INFO - Processing file /home/airflow/.local/lib/python3.8/site-packages/airflow/example_dags/example_bash_operator.py for tasks to queue
[2026-07-13T10:58:07.373+0000] {logging_mixin.py:188} INFO - [2026-07-13T10:58:07.372+0000] {dagbag.py:538} INFO - Filling up the DagBag from /home/airflow/.local/lib/python3.8/site-packages/airflow/example_dags/example_bash_operator.py
[2026-07-13T10:58:07.385+0000] {processor.py:840} INFO - DAG(s) 'example_bash_operator' retrieved from /home/airflow/.local/lib/python3.8/site-packages/airflow/example_dags/example_bash_operator.py
[2026-07-13T10:58:07.406+0000] {logging_mixin.py:188} INFO - [2026-07-13T10:58:07.406+0000] {dag.py:3036} INFO - Sync 1 DAGs
[2026-07-13T10:58:07.425+0000] {logging_mixin.py:188} INFO - [2026-07-13T10:58:07.425+0000] {dag.py:3823} INFO - Setting next_dagrun for example_bash_operator to 2026-07-12 00:00:00+00:00, run_after=2026-07-13 00:00:00+00:00
[2026-07-13T10:58:07.442+0000] {processor.py:183} INFO - Processing /home/airflow/.local/lib/python3.8/site-packages/airflow/example_dags/example_bash_operator.py took 0.076 seconds
[2026-07-13T10:58:39.232+0000] {processor.py:161} INFO - Started process (PID=1608) to work on /home/airflow/.local/lib/python3.8/site-packages/airflow/example_dags/example_bash_operator.py
[2026-07-13T10:58:39.233+0000] {processor.py:830} INFO - Processing file /home/airflow/.local/lib/python3.8/site-packages/airflow/example_dags/example_bash_operator.py for tasks to queue
[2026-07-13T10:58:39.234+0000] {logging_mixin.py:188} INFO - [2026-07-13T10:58:39.234+0000] {dagbag.py:538} INFO - Filling up the DagBag from /home/airflow/.local/lib/python3.8/site-packages/airflow/example_dags/example_bash_operator.py
[2026-07-13T10:58:39.242+0000] {processor.py:840} INFO - DAG(s) 'example_bash_operator' retrieved from /home/airflow/.local/lib/python3.8/site-packages/airflow/example_dags/example_bash_operator.py
[2026-07-13T10:58:39.260+0000] {logging_mixin.py:188} INFO - [2026-07-13T10:58:39.259+0000] {dag.py:3036} INFO - Sync 1 DAGs
[2026-07-13T10:58:39.276+0000] {logging_mixin.py:188} INFO - [2026-07-13T10:58:39.276+0000] {dag.py:3823} INFO - Setting next_dagrun for example_bash_operator to 2026-07-12 00:00:00+00:00, run_after=2026-07-13 00:00:00+00:00
[2026-07-13T10:58:39.289+0000] {processor.py:183} INFO - Processing /home/airflow/.local/lib/python3.8/site-packages/airflow/example_dags/example_bash_operator.py took 0.060 seconds
[2026-07-13T10:59:10.702+0000] {processor.py:161} INFO - Started process (PID=1664) to work on /home/airflow/.local/lib/python3.8/site-packages/airflow/example_dags/example_bash_operator.py
[2026-07-13T10:59:10.703+0000] {processor.py:830} INFO - Processing file /home/airflow/.local/lib/python3.8/site-packages/airflow/example_dags/example_bash_operator.py for tasks to queue
[2026-07-13T10:59:10.704+0000] {logging_mixin.py:188} INFO - [2026-07-13T10:59:10.704+0000] {dagbag.py:538} INFO - Filling up the DagBag from /home/airflow/.local/lib/python3.8/site-packages/airflow/example_dags/example_bash_operator.py
[2026-07-13T10:59:10.712+0000] {processor.py:840} INFO - DAG(s) 'example_bash_operator' retrieved from /home/airflow/.local/lib/python3.8/site-packages/airflow/example_dags/example_bash_operator.py
[2026-07-13T10:59:10.730+0000] {logging_mixin.py:188} INFO - [2026-07-13T10:59:10.729+0000] {dag.py:3036} INFO - Sync 1 DAGs
[2026-07-13T10:59:10.744+0000] {logging_mixin.py:188} INFO - [2026-07-13T10:59:10.744+0000] {dag.py:3823} INFO - Setting next_dagrun for example_bash_operator to 2026-07-12 00:00:00+00:00, run_after=2026-07-13 00:00:00+00:00
[2026-07-13T10:59:10.757+0000] {processor.py:183} INFO - Processing /home/airflow/.local/lib/python3.8/site-packages/airflow/example_dags/example_bash_operator.py took 0.057 seconds
[2026-07-13T10:59:42.176+0000] {processor.py:161} INFO - Started process (PID=1720) to work on /home/airflow/.local/lib/python3.8/site-packages/airflow/example_dags/example_bash_operator.py
[2026-07-13T10:59:42.177+0000] {processor.py:830} INFO - Processing file /home/airflow/.local/lib/python3.8/site-packages/airflow/example_dags/example_bash_operator.py for tasks to queue
[2026-07-13T10:59:42.178+0000] {logging_mixin.py:188} INFO - [2026-07-13T10:59:42.178+0000] {dagbag.py:538} INFO - Filling up the DagBag from /home/airflow/.local/lib/python3.8/site-packages/airflow/example_dags/example_bash_operator.py
[2026-07-13T10:59:42.187+0000] {processor.py:840} INFO - DAG(s) 'example_bash_operator' retrieved from /home/airflow/.local/lib/python3.8/site-packages/airflow/example_dags/example_bash_operator.py
[2026-07-13T10:59:42.207+0000] {logging_mixin.py:188} INFO - [2026-07-13T10:59:42.206+0000] {dag.py:3036} INFO - Sync 1 DAGs
[2026-07-13T10:59:42.223+0000] {logging_mixin.py:188} INFO - [2026-07-13T10:59:42.222+0000] {dag.py:3823} INFO - Setting next_dagrun for example_bash_operator to 2026-07-12 00:00:00+00:00, run_after=2026-07-13 00:00:00+00:00
[2026-07-13T10:59:42.237+0000] {processor.py:183} INFO - Processing /home/airflow/.local/lib/python3.8/site-packages/airflow/example_dags/example_bash_operator.py took 0.063 seconds
[2026-07-13T11:00:13.884+0000] {processor.py:161} INFO - Started process (PID=1776) to work on /home/airflow/.local/lib/python3.8/site-packages/airflow/example_dags/example_bash_operator.py
[2026-07-13T11:00:13.886+0000] {processor.py:830} INFO - Processing file /home/airflow/.local/lib/python3.8/site-packages/airflow/example_dags/example_bash_operator.py for tasks to queue
[2026-07-13T11:00:13.889+0000] {logging_mixin.py:188} INFO - [2026-07-13T11:00:13.888+0000] {dagbag.py:538} INFO - Filling up the DagBag from /home/airflow/.local/lib/python3.8/site-packages/airflow/example_dags/example_bash_operator.py
[2026-07-13T11:00:13.902+0000] {processor.py:840} INFO - DAG(s) 'example_bash_operator' retrieved from /home/airflow/.local/lib/python3.8/site-packages/airflow/example_dags/example_bash_operator.py
[2026-07-13T11:00:13.929+0000] {logging_mixin.py:188} INFO - [2026-07-13T11:00:13.929+0000] {dag.py:3036} INFO - Sync 1 DAGs
[2026-07-13T11:00:13.947+0000] {logging_mixin.py:188} INFO - [2026-07-13T11:00:13.946+0000] {dag.py:3823} INFO - Setting next_dagrun for example_bash_operator to 2026-07-12 00:00:00+00:00, run_after=2026-07-13 00:00:00+00:00
[2026-07-13T11:00:13.964+0000] {processor.py:183} INFO - Processing /home/airflow/.local/lib/python3.8/site-packages/airflow/example_dags/example_bash_operator.py took 0.085 seconds
[2026-07-13T11:00:45.499+0000] {processor.py:161} INFO - Started process (PID=1832) to work on /home/airflow/.local/lib/python3.8/site-packages/airflow/example_dags/example_bash_operator.py
[2026-07-13T11:00:45.500+0000] {processor.py:830} INFO - Processing file /home/airflow/.local/lib/python3.8/site-packages/airflow/example_dags/example_bash_operator.py for tasks to queue
[2026-07-13T11:00:45.501+0000] {logging_mixin.py:188} INFO - [2026-07-13T11:00:45.501+0000] {dagbag.py:538} INFO - Filling up the DagBag from /home/airflow/.local/lib/python3.8/site-packages/airflow/example_dags/example_bash_operator.py
[2026-07-13T11:00:45.514+0000] {processor.py:840} INFO - DAG(s) 'example_bash_operator' retrieved from /home/airflow/.local/lib/python3.8/site-packages/airflow/example_dags/example_bash_operator.py
[2026-07-13T11:00:45.533+0000] {logging_mixin.py:188} INFO - [2026-07-13T11:00:45.533+0000] {dag.py:3036} INFO - Sync 1 DAGs
[2026-07-13T11:00:45.549+0000] {logging_mixin.py:188} INFO - [2026-07-13T11:00:45.549+0000] {dag.py:3823} INFO - Setting next_dagrun for example_bash_operator to 2026-07-12 00:00:00+00:00, run_after=2026-07-13 00:00:00+00:00
[2026-07-13T11:00:45.563+0000] {processor.py:183} INFO - Processing /home/airflow/.local/lib/python3.8/site-packages/airflow/example_dags/example_bash_operator.py took 0.067 seconds
[2026-07-13T11:01:16.998+0000] {processor.py:161} INFO - Started process (PID=1888) to work on /home/airflow/.local/lib/python3.8/site-packages/airflow/example_dags/example_bash_operator.py
[2026-07-13T11:01:16.999+0000] {processor.py:830} INFO - Processing file /home/airflow/.local/lib/python3.8/site-packages/airflow/example_dags/example_bash_operator.py for tasks to queue
[2026-07-13T11:01:17.000+0000] {logging_mixin.py:188} INFO - [2026-07-13T11:01:17.000+0000] {dagbag.py:538} INFO - Filling up the DagBag from /home/airflow/.local/lib/python3.8/site-packages/airflow/example_dags/example_bash_operator.py
[2026-07-13T11:01:17.017+0000] {processor.py:840} INFO - DAG(s) 'example_bash_operator' retrieved from /home/airflow/.local/lib/python3.8/site-packages/airflow/example_dags/example_bash_operator.py
[2026-07-13T11:01:17.055+0000] {logging_mixin.py:188} INFO - [2026-07-13T11:01:17.055+0000] {dag.py:3036} INFO - Sync 1 DAGs
[2026-07-13T11:01:17.094+0000] {logging_mixin.py:188} INFO - [2026-07-13T11:01:17.094+0000] {dag.py:3823} INFO - Setting next_dagrun for example_bash_operator to 2026-07-12 00:00:00+00:00, run_after=2026-07-13 00:00:00+00:00
[2026-07-13T11:01:17.109+0000] {processor.py:183} INFO - Processing /home/airflow/.local/lib/python3.8/site-packages/airflow/example_dags/example_bash_operator.py took 0.114 seconds
[2026-07-13T11:01:48.376+0000] {processor.py:161} INFO - Started process (PID=1944) to work on /home/airflow/.local/lib/python3.8/site-packages/airflow/example_dags/example_bash_operator.py
[2026-07-13T11:01:48.377+0000] {processor.py:830} INFO - Processing file /home/airflow/.local/lib/python3.8/site-packages/airflow/example_dags/example_bash_operator.py for tasks to queue
[2026-07-13T11:01:48.378+0000] {logging_mixin.py:188} INFO - [2026-07-13T11:01:48.378+0000] {dagbag.py:538} INFO - Filling up the DagBag from /home/airflow/.local/lib/python3.8/site-packages/airflow/example_dags/example_bash_operator.py
[2026-07-13T11:01:48.388+0000] {processor.py:840} INFO - DAG(s) 'example_bash_operator' retrieved from /home/airflow/.local/lib/python3.8/site-packages/airflow/example_dags/example_bash_operator.py
[2026-07-13T11:01:48.410+0000] {logging_mixin.py:188} INFO - [2026-07-13T11:01:48.409+0000] {dag.py:3036} INFO - Sync 1 DAGs
[2026-07-13T11:01:48.427+0000] {logging_mixin.py:188} INFO - [2026-07-13T11:01:48.427+0000] {dag.py:3823} INFO - Setting next_dagrun for example_bash_operator to 2026-07-12 00:00:00+00:00, run_after=2026-07-13 00:00:00+00:00
[2026-07-13T11:01:48.442+0000] {processor.py:183} INFO - Processing /home/airflow/.local/lib/python3.8/site-packages/airflow/example_dags/example_bash_operator.py took 0.068 seconds
[2026-07-13T11:02:20.143+0000] {processor.py:161} INFO - Started process (PID=2000) to work on /home/airflow/.local/lib/python3.8/site-packages/airflow/example_dags/example_bash_operator.py
[2026-07-13T11:02:20.145+0000] {processor.py:830} INFO - Processing file /home/airflow/.local/lib/python3.8/site-packages/airflow/example_dags/example_bash_operator.py for tasks to queue
[2026-07-13T11:02:20.146+0000] {logging_mixin.py:188} INFO - [2026-07-13T11:02:20.146+0000] {dagbag.py:538} INFO - Filling up the DagBag from /home/airflow/.local/lib/python3.8/site-packages/airflow/example_dags/example_bash_operator.py
[2026-07-13T11:02:20.155+0000] {processor.py:840} INFO - DAG(s) 'example_bash_operator' retrieved from /home/airflow/.local/lib/python3.8/site-packages/airflow/example_dags/example_bash_operator.py
[2026-07-13T11:02:20.174+0000] {logging_mixin.py:188} INFO - [2026-07-13T11:02:20.174+0000] {dag.py:3036} INFO - Sync 1 DAGs
[2026-07-13T11:02:20.189+0000] {logging_mixin.py:188} INFO - [2026-07-13T11:02:20.189+0000] {dag.py:3823} INFO - Setting next_dagrun for example_bash_operator to 2026-07-12 00:00:00+00:00, run_after=2026-07-13 00:00:00+00:00
[2026-07-13T11:02:20.204+0000] {processor.py:183} INFO - Processing /home/airflow/.local/lib/python3.8/site-packages/airflow/example_dags/example_bash_operator.py took 0.062 seconds
[2026-07-13T11:02:51.882+0000] {processor.py:161} INFO - Started process (PID=2056) to work on /home/airflow/.local/lib/python3.8/site-packages/airflow/example_dags/example_bash_operator.py
[2026-07-13T11:02:51.883+0000] {processor.py:830} INFO - Processing file /home/airflow/.local/lib/python3.8/site-packages/airflow/example_dags/example_bash_operator.py for tasks to queue
[2026-07-13T11:02:51.885+0000] {logging_mixin.py:188} INFO - [2026-07-13T11:02:51.884+0000] {dagbag.py:538} INFO - Filling up the DagBag from /home/airflow/.local/lib/python3.8/site-packages/airflow/example_dags/example_bash_operator.py
[2026-07-13T11:02:51.892+0000] {processor.py:840} INFO - DAG(s) 'example_bash_operator' retrieved from /home/airflow/.local/lib/python3.8/site-packages/airflow/example_dags/example_bash_operator.py
[2026-07-13T11:02:51.912+0000] {logging_mixin.py:188} INFO - [2026-07-13T11:02:51.912+0000] {dag.py:3036} INFO - Sync 1 DAGs
[2026-07-13T11:02:51.927+0000] {logging_mixin.py:188} INFO - [2026-07-13T11:02:51.927+0000] {dag.py:3823} INFO - Setting next_dagrun for example_bash_operator to 2026-07-12 00:00:00+00:00, run_after=2026-07-13 00:00:00+00:00
[2026-07-13T11:02:51.940+0000] {processor.py:183} INFO - Processing /home/airflow/.local/lib/python3.8/site-packages/airflow/example_dags/example_bash_operator.py took 0.061 seconds
[2026-07-13T11:03:23.579+0000] {processor.py:161} INFO - Started process (PID=2113) to work on /home/airflow/.local/lib/python3.8/site-packages/airflow/example_dags/example_bash_operator.py
[2026-07-13T11:03:23.580+0000] {processor.py:830} INFO - Processing file /home/airflow/.local/lib/python3.8/site-packages/airflow/example_dags/example_bash_operator.py for tasks to queue
[2026-07-13T11:03:23.581+0000] {logging_mixin.py:188} INFO - [2026-07-13T11:03:23.581+0000] {dagbag.py:538} INFO - Filling up the DagBag from /home/airflow/.local/lib/python3.8/site-packages/airflow/example_dags/example_bash_operator.py
[2026-07-13T11:03:23.590+0000] {processor.py:840} INFO - DAG(s) 'example_bash_operator' retrieved from /home/airflow/.local/lib/python3.8/site-packages/airflow/example_dags/example_bash_operator.py
[2026-07-13T11:03:23.612+0000] {logging_mixin.py:188} INFO - [2026-07-13T11:03:23.612+0000] {dag.py:3036} INFO - Sync 1 DAGs
[2026-07-13T11:03:23.634+0000] {logging_mixin.py:188} INFO - [2026-07-13T11:03:23.634+0000] {dag.py:3823} INFO - Setting next_dagrun for example_bash_operator to 2026-07-12 00:00:00+00:00, run_after=2026-07-13 00:00:00+00:00
[2026-07-13T11:03:23.652+0000] {processor.py:183} INFO - Processing /home/airflow/.local/lib/python3.8/site-packages/airflow/example_dags/example_bash_operator.py took 0.076 seconds
[2026-07-13T11:03:55.226+0000] {processor.py:161} INFO - Started process (PID=2169) to work on /home/airflow/.local/lib/python3.8/site-packages/airflow/example_dags/example_bash_operator.py
[2026-07-13T11:03:55.228+0000] {processor.py:830} INFO - Processing file /home/airflow/.local/lib/python3.8/site-packages/airflow/example_dags/example_bash_operator.py for tasks to queue
[2026-07-13T11:03:55.230+0000] {logging_mixin.py:188} INFO - [2026-07-13T11:03:55.230+0000] {dagbag.py:538} INFO - Filling up the DagBag from /home/airflow/.local/lib/python3.8/site-packages/airflow/example_dags/example_bash_operator.py
[2026-07-13T11:03:55.243+0000] {processor.py:840} INFO - DAG(s) 'example_bash_operator' retrieved from /home/airflow/.local/lib/python3.8/site-packages/airflow/example_dags/example_bash_operator.py
[2026-07-13T11:03:55.271+0000] {logging_mixin.py:188} INFO - [2026-07-13T11:03:55.271+0000] {dag.py:3036} INFO - Sync 1 DAGs
[2026-07-13T11:03:55.289+0000] {logging_mixin.py:188} INFO - [2026-07-13T11:03:55.289+0000] {dag.py:3823} INFO - Setting next_dagrun for example_bash_operator to 2026-07-12 00:00:00+00:00, run_after=2026-07-13 00:00:00+00:00
[2026-07-13T11:03:55.309+0000] {processor.py:183} INFO - Processing /home/airflow/.local/lib/python3.8/site-packages/airflow/example_dags/example_bash_operator.py took 0.087 seconds
[2026-07-13T11:04:26.692+0000] {processor.py:161} INFO - Started process (PID=2234) to work on /home/airflow/.local/lib/python3.8/site-packages/airflow/example_dags/example_bash_operator.py
[2026-07-13T11:04:26.695+0000] {processor.py:830} INFO - Processing file /home/airflow/.local/lib/python3.8/site-packages/airflow/example_dags/example_bash_operator.py for tasks to queue
[2026-07-13T11:04:26.701+0000] {logging_mixin.py:188} INFO - [2026-07-13T11:04:26.700+0000] {dagbag.py:538} INFO - Filling up the DagBag from /home/airflow/.local/lib/python3.8/site-packages/airflow/example_dags/example_bash_operator.py
[2026-07-13T11:04:26.751+0000] {processor.py:840} INFO - DAG(s) 'example_bash_operator' retrieved from /home/airflow/.local/lib/python3.8/site-packages/airflow/example_dags/example_bash_operator.py
[2026-07-13T11:04:26.826+0000] {logging_mixin.py:188} INFO - [2026-07-13T11:04:26.825+0000] {dag.py:3036} INFO - Sync 1 DAGs
[2026-07-13T11:04:26.929+0000] {logging_mixin.py:188} INFO - [2026-07-13T11:04:26.929+0000] {dag.py:3823} INFO - Setting next_dagrun for example_bash_operator to 2026-07-12 00:00:00+00:00, run_after=2026-07-13 00:00:00+00:00
[2026-07-13T11:04:26.992+0000] {processor.py:183} INFO - Processing /home/airflow/.local/lib/python3.8/site-packages/airflow/example_dags/example_bash_operator.py took 0.308 seconds
[2026-07-13T11:05:40.501+0000] {processor.py:161} INFO - Started process (PID=50) to work on /home/airflow/.local/lib/python3.8/site-packages/airflow/example_dags/example_bash_operator.py
[2026-07-13T11:05:40.502+0000] {processor.py:830} INFO - Processing file /home/airflow/.local/lib/python3.8/site-packages/airflow/example_dags/example_bash_operator.py for tasks to queue
[2026-07-13T11:05:40.503+0000] {logging_mixin.py:188} INFO - [2026-07-13T11:05:40.503+0000] {dagbag.py:538} INFO - Filling up the DagBag from /home/airflow/.local/lib/python3.8/site-packages/airflow/example_dags/example_bash_operator.py
[2026-07-13T11:05:40.516+0000] {processor.py:840} INFO - DAG(s) 'example_bash_operator' retrieved from /home/airflow/.local/lib/python3.8/site-packages/airflow/example_dags/example_bash_operator.py
[2026-07-13T11:05:40.544+0000] {logging_mixin.py:188} INFO - [2026-07-13T11:05:40.543+0000] {dag.py:3036} INFO - Sync 1 DAGs
[2026-07-13T11:05:40.560+0000] {logging_mixin.py:188} INFO - [2026-07-13T11:05:40.560+0000] {dag.py:3823} INFO - Setting next_dagrun for example_bash_operator to 2026-07-12 00:00:00+00:00, run_after=2026-07-13 00:00:00+00:00
[2026-07-13T11:05:40.574+0000] {processor.py:183} INFO - Processing /home/airflow/.local/lib/python3.8/site-packages/airflow/example_dags/example_bash_operator.py took 0.076 seconds
[2026-07-13T11:06:10.611+0000] {processor.py:161} INFO - Started process (PID=107) to work on /home/airflow/.local/lib/python3.8/site-packages/airflow/example_dags/example_bash_operator.py
[2026-07-13T11:06:10.613+0000] {processor.py:830} INFO - Processing file /home/airflow/.local/lib/python3.8/site-packages/airflow/example_dags/example_bash_operator.py for tasks to queue
[2026-07-13T11:06:10.615+0000] {logging_mixin.py:188} INFO - [2026-07-13T11:06:10.614+0000] {dagbag.py:538} INFO - Filling up the DagBag from /home/airflow/.local/lib/python3.8/site-packages/airflow/example_dags/example_bash_operator.py
[2026-07-13T11:06:10.624+0000] {processor.py:840} INFO - DAG(s) 'example_bash_operator' retrieved from /home/airflow/.local/lib/python3.8/site-packages/airflow/example_dags/example_bash_operator.py
[2026-07-13T11:06:10.646+0000] {logging_mixin.py:188} INFO - [2026-07-13T11:06:10.646+0000] {dag.py:3036} INFO - Sync 1 DAGs
[2026-07-13T11:06:10.663+0000] {logging_mixin.py:188} INFO - [2026-07-13T11:06:10.663+0000] {dag.py:3823} INFO - Setting next_dagrun for example_bash_operator to 2026-07-12 00:00:00+00:00, run_after=2026-07-13 00:00:00+00:00
[2026-07-13T11:06:10.679+0000] {processor.py:183} INFO - Processing /home/airflow/.local/lib/python3.8/site-packages/airflow/example_dags/example_bash_operator.py took 0.070 seconds
[2026-07-13T11:06:41.204+0000] {processor.py:161} INFO - Started process (PID=164) to work on /home/airflow/.local/lib/python3.8/site-packages/airflow/example_dags/example_bash_operator.py
[2026-07-13T11:06:41.205+0000] {processor.py:830} INFO - Processing file /home/airflow/.local/lib/python3.8/site-packages/airflow/example_dags/example_bash_operator.py for tasks to queue
[2026-07-13T11:06:41.207+0000] {logging_mixin.py:188} INFO - [2026-07-13T11:06:41.206+0000] {dagbag.py:538} INFO - Filling up the DagBag from /home/airflow/.local/lib/python3.8/site-packages/airflow/example_dags/example_bash_operator.py
[2026-07-13T11:06:41.219+0000] {processor.py:840} INFO - DAG(s) 'example_bash_operator' retrieved from /home/airflow/.local/lib/python3.8/site-packages/airflow/example_dags/example_bash_operator.py
[2026-07-13T11:06:41.245+0000] {logging_mixin.py:188} INFO - [2026-07-13T11:06:41.245+0000] {dag.py:3036} INFO - Sync 1 DAGs
[2026-07-13T11:06:41.266+0000] {logging_mixin.py:188} INFO - [2026-07-13T11:06:41.266+0000] {dag.py:3823} INFO - Setting next_dagrun for example_bash_operator to 2026-07-12 00:00:00+00:00, run_after=2026-07-13 00:00:00+00:00
[2026-07-13T11:06:41.291+0000] {processor.py:183} INFO - Processing /home/airflow/.local/lib/python3.8/site-packages/airflow/example_dags/example_bash_operator.py took 0.091 seconds
[2026-07-13T11:07:11.339+0000] {processor.py:161} INFO - Started process (PID=220) to work on /home/airflow/.local/lib/python3.8/site-packages/airflow/example_dags/example_bash_operator.py
[2026-07-13T11:07:11.340+0000] {processor.py:830} INFO - Processing file /home/airflow/.local/lib/python3.8/site-packages/airflow/example_dags/example_bash_operator.py for tasks to queue
[2026-07-13T11:07:11.342+0000] {logging_mixin.py:188} INFO - [2026-07-13T11:07:11.341+0000] {dagbag.py:538} INFO - Filling up the DagBag from /home/airflow/.local/lib/python3.8/site-packages/airflow/example_dags/example_bash_operator.py
[2026-07-13T11:07:11.351+0000] {processor.py:840} INFO - DAG(s) 'example_bash_operator' retrieved from /home/airflow/.local/lib/python3.8/site-packages/airflow/example_dags/example_bash_operator.py
[2026-07-13T11:07:11.370+0000] {logging_mixin.py:188} INFO - [2026-07-13T11:07:11.370+0000] {dag.py:3036} INFO - Sync 1 DAGs
[2026-07-13T11:07:11.385+0000] {logging_mixin.py:188} INFO - [2026-07-13T11:07:11.385+0000] {dag.py:3823} INFO - Setting next_dagrun for example_bash_operator to 2026-07-12 00:00:00+00:00, run_after=2026-07-13 00:00:00+00:00
[2026-07-13T11:07:11.400+0000] {processor.py:183} INFO - Processing /home/airflow/.local/lib/python3.8/site-packages/airflow/example_dags/example_bash_operator.py took 0.063 seconds
[2026-07-13T11:07:41.509+0000] {processor.py:161} INFO - Started process (PID=276) to work on /home/airflow/.local/lib/python3.8/site-packages/airflow/example_dags/example_bash_operator.py
[2026-07-13T11:07:41.510+0000] {processor.py:830} INFO - Processing file /home/airflow/.local/lib/python3.8/site-packages/airflow/example_dags/example_bash_operator.py for tasks to queue
[2026-07-13T11:07:41.511+0000] {logging_mixin.py:188} INFO - [2026-07-13T11:07:41.511+0000] {dagbag.py:538} INFO - Filling up the DagBag from /home/airflow/.local/lib/python3.8/site-packages/airflow/example_dags/example_bash_operator.py
[2026-07-13T11:07:41.521+0000] {processor.py:840} INFO - DAG(s) 'example_bash_operator' retrieved from /home/airflow/.local/lib/python3.8/site-packages/airflow/example_dags/example_bash_operator.py
[2026-07-13T11:07:41.543+0000] {logging_mixin.py:188} INFO - [2026-07-13T11:07:41.543+0000] {dag.py:3036} INFO - Sync 1 DAGs
[2026-07-13T11:07:41.562+0000] {logging_mixin.py:188} INFO - [2026-07-13T11:07:41.561+0000] {dag.py:3823} INFO - Setting next_dagrun for example_bash_operator to 2026-07-12 00:00:00+00:00, run_after=2026-07-13 00:00:00+00:00
[2026-07-13T11:07:41.581+0000] {processor.py:183} INFO - Processing /home/airflow/.local/lib/python3.8/site-packages/airflow/example_dags/example_bash_operator.py took 0.075 seconds
[2026-07-13T11:08:11.972+0000] {processor.py:161} INFO - Started process (PID=332) to work on /home/airflow/.local/lib/python3.8/site-packages/airflow/example_dags/example_bash_operator.py
[2026-07-13T11:08:11.974+0000] {processor.py:830} INFO - Processing file /home/airflow/.local/lib/python3.8/site-packages/airflow/example_dags/example_bash_operator.py for tasks to queue
[2026-07-13T11:08:11.976+0000] {logging_mixin.py:188} INFO - [2026-07-13T11:08:11.975+0000] {dagbag.py:538} INFO - Filling up the DagBag from /home/airflow/.local/lib/python3.8/site-packages/airflow/example_dags/example_bash_operator.py
[2026-07-13T11:08:11.985+0000] {processor.py:840} INFO - DAG(s) 'example_bash_operator' retrieved from /home/airflow/.local/lib/python3.8/site-packages/airflow/example_dags/example_bash_operator.py
[2026-07-13T11:08:12.006+0000] {logging_mixin.py:188} INFO - [2026-07-13T11:08:12.005+0000] {dag.py:3036} INFO - Sync 1 DAGs
[2026-07-13T11:08:12.023+0000] {logging_mixin.py:188} INFO - [2026-07-13T11:08:12.022+0000] {dag.py:3823} INFO - Setting next_dagrun for example_bash_operator to 2026-07-12 00:00:00+00:00, run_after=2026-07-13 00:00:00+00:00
[2026-07-13T11:08:12.053+0000] {processor.py:183} INFO - Processing /home/airflow/.local/lib/python3.8/site-packages/airflow/example_dags/example_bash_operator.py took 0.083 seconds
[2026-07-13T11:08:42.212+0000] {processor.py:161} INFO - Started process (PID=388) to work on /home/airflow/.local/lib/python3.8/site-packages/airflow/example_dags/example_bash_operator.py
[2026-07-13T11:08:42.213+0000] {processor.py:830} INFO - Processing file /home/airflow/.local/lib/python3.8/site-packages/airflow/example_dags/example_bash_operator.py for tasks to queue
[2026-07-13T11:08:42.215+0000] {logging_mixin.py:188} INFO - [2026-07-13T11:08:42.214+0000] {dagbag.py:538} INFO - Filling up the DagBag from /home/airflow/.local/lib/python3.8/site-packages/airflow/example_dags/example_bash_operator.py
[2026-07-13T11:08:42.232+0000] {processor.py:840} INFO - DAG(s) 'example_bash_operator' retrieved from /home/airflow/.local/lib/python3.8/site-packages/airflow/example_dags/example_bash_operator.py
[2026-07-13T11:08:42.259+0000] {logging_mixin.py:188} INFO - [2026-07-13T11:08:42.259+0000] {dag.py:3036} INFO - Sync 1 DAGs
[2026-07-13T11:08:42.275+0000] {logging_mixin.py:188} INFO - [2026-07-13T11:08:42.275+0000] {dag.py:3823} INFO - Setting next_dagrun for example_bash_operator to 2026-07-12 00:00:00+00:00, run_after=2026-07-13 00:00:00+00:00
[2026-07-13T11:08:42.291+0000] {processor.py:183} INFO - Processing /home/airflow/.local/lib/python3.8/site-packages/airflow/example_dags/example_bash_operator.py took 0.084 seconds
[2026-07-13T11:09:12.502+0000] {processor.py:161} INFO - Started process (PID=444) to work on /home/airflow/.local/lib/python3.8/site-packages/airflow/example_dags/example_bash_operator.py
[2026-07-13T11:09:12.503+0000] {processor.py:830} INFO - Processing file /home/airflow/.local/lib/python3.8/site-packages/airflow/example_dags/example_bash_operator.py for tasks to queue
[2026-07-13T11:09:12.504+0000] {logging_mixin.py:188} INFO - [2026-07-13T11:09:12.504+0000] {dagbag.py:538} INFO - Filling up the DagBag from /home/airflow/.local/lib/python3.8/site-packages/airflow/example_dags/example_bash_operator.py
[2026-07-13T11:09:12.515+0000] {processor.py:840} INFO - DAG(s) 'example_bash_operator' retrieved from /home/airflow/.local/lib/python3.8/site-packages/airflow/example_dags/example_bash_operator.py
[2026-07-13T11:09:12.541+0000] {logging_mixin.py:188} INFO - [2026-07-13T11:09:12.541+0000] {dag.py:3036} INFO - Sync 1 DAGs
[2026-07-13T11:09:12.560+0000] {logging_mixin.py:188} INFO - [2026-07-13T11:09:12.560+0000] {dag.py:3823} INFO - Setting next_dagrun for example_bash_operator to 2026-07-12 00:00:00+00:00, run_after=2026-07-13 00:00:00+00:00
[2026-07-13T11:09:12.579+0000] {processor.py:183} INFO - Processing /home/airflow/.local/lib/python3.8/site-packages/airflow/example_dags/example_bash_operator.py took 0.081 seconds
[2026-07-13T11:09:43.020+0000] {processor.py:161} INFO - Started process (PID=500) to work on /home/airflow/.local/lib/python3.8/site-packages/airflow/example_dags/example_bash_operator.py
[2026-07-13T11:09:43.022+0000] {processor.py:830} INFO - Processing file /home/airflow/.local/lib/python3.8/site-packages/airflow/example_dags/example_bash_operator.py for tasks to queue
[2026-07-13T11:09:43.024+0000] {logging_mixin.py:188} INFO - [2026-07-13T11:09:43.024+0000] {dagbag.py:538} INFO - Filling up the DagBag from /home/airflow/.local/lib/python3.8/site-packages/airflow/example_dags/example_bash_operator.py
[2026-07-13T11:09:43.036+0000] {processor.py:840} INFO - DAG(s) 'example_bash_operator' retrieved from /home/airflow/.local/lib/python3.8/site-packages/airflow/example_dags/example_bash_operator.py
[2026-07-13T11:09:43.073+0000] {logging_mixin.py:188} INFO - [2026-07-13T11:09:43.073+0000] {dag.py:3036} INFO - Sync 1 DAGs
[2026-07-13T11:09:43.111+0000] {logging_mixin.py:188} INFO - [2026-07-13T11:09:43.110+0000] {dag.py:3823} INFO - Setting next_dagrun for example_bash_operator to 2026-07-12 00:00:00+00:00, run_after=2026-07-13 00:00:00+00:00
[2026-07-13T11:09:43.141+0000] {processor.py:183} INFO - Processing /home/airflow/.local/lib/python3.8/site-packages/airflow/example_dags/example_bash_operator.py took 0.125 seconds
[2026-07-13T11:10:14.382+0000] {processor.py:161} INFO - Started process (PID=556) to work on /home/airflow/.local/lib/python3.8/site-packages/airflow/example_dags/example_bash_operator.py
[2026-07-13T11:10:14.383+0000] {processor.py:830} INFO - Processing file /home/airflow/.local/lib/python3.8/site-packages/airflow/example_dags/example_bash_operator.py for tasks to queue
[2026-07-13T11:10:14.384+0000] {logging_mixin.py:188} INFO - [2026-07-13T11:10:14.384+0000] {dagbag.py:538} INFO - Filling up the DagBag from /home/airflow/.local/lib/python3.8/site-packages/airflow/example_dags/example_bash_operator.py
[2026-07-13T11:10:14.394+0000] {processor.py:840} INFO - DAG(s) 'example_bash_operator' retrieved from /home/airflow/.local/lib/python3.8/site-packages/airflow/example_dags/example_bash_operator.py
[2026-07-13T11:10:14.416+0000] {logging_mixin.py:188} INFO - [2026-07-13T11:10:14.416+0000] {dag.py:3036} INFO - Sync 1 DAGs
[2026-07-13T11:10:14.431+0000] {logging_mixin.py:188} INFO - [2026-07-13T11:10:14.431+0000] {dag.py:3823} INFO - Setting next_dagrun for example_bash_operator to 2026-07-12 00:00:00+00:00, run_after=2026-07-13 00:00:00+00:00
[2026-07-13T11:10:14.446+0000] {processor.py:183} INFO - Processing /home/airflow/.local/lib/python3.8/site-packages/airflow/example_dags/example_bash_operator.py took 0.067 seconds
[2026-07-13T11:10:46.728+0000] {processor.py:161} INFO - Started process (PID=621) to work on /home/airflow/.local/lib/python3.8/site-packages/airflow/example_dags/example_bash_operator.py
[2026-07-13T11:10:46.729+0000] {processor.py:830} INFO - Processing file /home/airflow/.local/lib/python3.8/site-packages/airflow/example_dags/example_bash_operator.py for tasks to queue
[2026-07-13T11:10:46.731+0000] {logging_mixin.py:188} INFO - [2026-07-13T11:10:46.731+0000] {dagbag.py:538} INFO - Filling up the DagBag from /home/airflow/.local/lib/python3.8/site-packages/airflow/example_dags/example_bash_operator.py
[2026-07-13T11:10:46.741+0000] {processor.py:840} INFO - DAG(s) 'example_bash_operator' retrieved from /home/airflow/.local/lib/python3.8/site-packages/airflow/example_dags/example_bash_operator.py
[2026-07-13T11:10:46.767+0000] {logging_mixin.py:188} INFO - [2026-07-13T11:10:46.766+0000] {dag.py:3036} INFO - Sync 1 DAGs
[2026-07-13T11:10:46.785+0000] {logging_mixin.py:188} INFO - [2026-07-13T11:10:46.784+0000] {dag.py:3823} INFO - Setting next_dagrun for example_bash_operator to 2026-07-12 00:00:00+00:00, run_after=2026-07-13 00:00:00+00:00
[2026-07-13T11:10:46.800+0000] {processor.py:183} INFO - Processing /home/airflow/.local/lib/python3.8/site-packages/airflow/example_dags/example_bash_operator.py took 0.074 seconds
[2026-07-13T11:11:17.946+0000] {processor.py:161} INFO - Started process (PID=678) to work on /home/airflow/.local/lib/python3.8/site-packages/airflow/example_dags/example_bash_operator.py
[2026-07-13T11:11:17.947+0000] {processor.py:830} INFO - Processing file /home/airflow/.local/lib/python3.8/site-packages/airflow/example_dags/example_bash_operator.py for tasks to queue
[2026-07-13T11:11:17.949+0000] {logging_mixin.py:188} INFO - [2026-07-13T11:11:17.948+0000] {dagbag.py:538} INFO - Filling up the DagBag from /home/airflow/.local/lib/python3.8/site-packages/airflow/example_dags/example_bash_operator.py
[2026-07-13T11:11:17.957+0000] {processor.py:840} INFO - DAG(s) 'example_bash_operator' retrieved from /home/airflow/.local/lib/python3.8/site-packages/airflow/example_dags/example_bash_operator.py
[2026-07-13T11:11:17.976+0000] {logging_mixin.py:188} INFO - [2026-07-13T11:11:17.976+0000] {dag.py:3036} INFO - Sync 1 DAGs
[2026-07-13T11:11:17.991+0000] {logging_mixin.py:188} INFO - [2026-07-13T11:11:17.991+0000] {dag.py:3823} INFO - Setting next_dagrun for example_bash_operator to 2026-07-12 00:00:00+00:00, run_after=2026-07-13 00:00:00+00:00
[2026-07-13T11:11:18.003+0000] {processor.py:183} INFO - Processing /home/airflow/.local/lib/python3.8/site-packages/airflow/example_dags/example_bash_operator.py took 0.060 seconds
[2026-07-13T11:11:49.535+0000] {processor.py:161} INFO - Started process (PID=734) to work on /home/airflow/.local/lib/python3.8/site-packages/airflow/example_dags/example_bash_operator.py
[2026-07-13T11:11:49.536+0000] {processor.py:830} INFO - Processing file /home/airflow/.local/lib/python3.8/site-packages/airflow/example_dags/example_bash_operator.py for tasks to queue
[2026-07-13T11:11:49.537+0000] {logging_mixin.py:188} INFO - [2026-07-13T11:11:49.537+0000] {dagbag.py:538} INFO - Filling up the DagBag from /home/airflow/.local/lib/python3.8/site-packages/airflow/example_dags/example_bash_operator.py
[2026-07-13T11:11:49.546+0000] {processor.py:840} INFO - DAG(s) 'example_bash_operator' retrieved from /home/airflow/.local/lib/python3.8/site-packages/airflow/example_dags/example_bash_operator.py
[2026-07-13T11:11:49.564+0000] {logging_mixin.py:188} INFO - [2026-07-13T11:11:49.564+0000] {dag.py:3036} INFO - Sync 1 DAGs
[2026-07-13T11:11:49.580+0000] {logging_mixin.py:188} INFO - [2026-07-13T11:11:49.579+0000] {dag.py:3823} INFO - Setting next_dagrun for example_bash_operator to 2026-07-12 00:00:00+00:00, run_after=2026-07-13 00:00:00+00:00
[2026-07-13T11:11:49.594+0000] {processor.py:183} INFO - Processing /home/airflow/.local/lib/python3.8/site-packages/airflow/example_dags/example_bash_operator.py took 0.061 seconds
[2026-07-13T11:12:21.479+0000] {processor.py:161} INFO - Started process (PID=790) to work on /home/airflow/.local/lib/python3.8/site-packages/airflow/example_dags/example_bash_operator.py
[2026-07-13T11:12:21.480+0000] {processor.py:830} INFO - Processing file /home/airflow/.local/lib/python3.8/site-packages/airflow/example_dags/example_bash_operator.py for tasks to queue
[2026-07-13T11:12:21.483+0000] {logging_mixin.py:188} INFO - [2026-07-13T11:12:21.483+0000] {dagbag.py:538} INFO - Filling up the DagBag from /home/airflow/.local/lib/python3.8/site-packages/airflow/example_dags/example_bash_operator.py
[2026-07-13T11:12:21.501+0000] {processor.py:840} INFO - DAG(s) 'example_bash_operator' retrieved from /home/airflow/.local/lib/python3.8/site-packages/airflow/example_dags/example_bash_operator.py
[2026-07-13T11:12:21.545+0000] {logging_mixin.py:188} INFO - [2026-07-13T11:12:21.545+0000] {dag.py:3036} INFO - Sync 1 DAGs
[2026-07-13T11:12:21.575+0000] {logging_mixin.py:188} INFO - [2026-07-13T11:12:21.575+0000] {dag.py:3823} INFO - Setting next_dagrun for example_bash_operator to 2026-07-12 00:00:00+00:00, run_after=2026-07-13 00:00:00+00:00
[2026-07-13T11:12:21.608+0000] {processor.py:183} INFO - Processing /home/airflow/.local/lib/python3.8/site-packages/airflow/example_dags/example_bash_operator.py took 0.134 seconds
[2026-07-13T11:12:52.887+0000] {processor.py:161} INFO - Started process (PID=846) to work on /home/airflow/.local/lib/python3.8/site-packages/airflow/example_dags/example_bash_operator.py
[2026-07-13T11:12:52.888+0000] {processor.py:830} INFO - Processing file /home/airflow/.local/lib/python3.8/site-packages/airflow/example_dags/example_bash_operator.py for tasks to queue
[2026-07-13T11:12:52.889+0000] {logging_mixin.py:188} INFO - [2026-07-13T11:12:52.889+0000] {dagbag.py:538} INFO - Filling up the DagBag from /home/airflow/.local/lib/python3.8/site-packages/airflow/example_dags/example_bash_operator.py
[2026-07-13T11:12:52.898+0000] {processor.py:840} INFO - DAG(s) 'example_bash_operator' retrieved from /home/airflow/.local/lib/python3.8/site-packages/airflow/example_dags/example_bash_operator.py
[2026-07-13T11:12:52.920+0000] {logging_mixin.py:188} INFO - [2026-07-13T11:12:52.920+0000] {dag.py:3036} INFO - Sync 1 DAGs
[2026-07-13T11:12:52.936+0000] {logging_mixin.py:188} INFO - [2026-07-13T11:12:52.936+0000] {dag.py:3823} INFO - Setting next_dagrun for example_bash_operator to 2026-07-12 00:00:00+00:00, run_after=2026-07-13 00:00:00+00:00
[2026-07-13T11:12:52.951+0000] {processor.py:183} INFO - Processing /home/airflow/.local/lib/python3.8/site-packages/airflow/example_dags/example_bash_operator.py took 0.068 seconds
[2026-07-13T11:13:24.826+0000] {processor.py:161} INFO - Started process (PID=902) to work on /home/airflow/.local/lib/python3.8/site-packages/airflow/example_dags/example_bash_operator.py
[2026-07-13T11:13:24.827+0000] {processor.py:830} INFO - Processing file /home/airflow/.local/lib/python3.8/site-packages/airflow/example_dags/example_bash_operator.py for tasks to queue
[2026-07-13T11:13:24.828+0000] {logging_mixin.py:188} INFO - [2026-07-13T11:13:24.828+0000] {dagbag.py:538} INFO - Filling up the DagBag from /home/airflow/.local/lib/python3.8/site-packages/airflow/example_dags/example_bash_operator.py
[2026-07-13T11:13:24.837+0000] {processor.py:840} INFO - DAG(s) 'example_bash_operator' retrieved from /home/airflow/.local/lib/python3.8/site-packages/airflow/example_dags/example_bash_operator.py
[2026-07-13T11:13:24.857+0000] {logging_mixin.py:188} INFO - [2026-07-13T11:13:24.856+0000] {dag.py:3036} INFO - Sync 1 DAGs
[2026-07-13T11:13:24.872+0000] {logging_mixin.py:188} INFO - [2026-07-13T11:13:24.872+0000] {dag.py:3823} INFO - Setting next_dagrun for example_bash_operator to 2026-07-12 00:00:00+00:00, run_after=2026-07-13 00:00:00+00:00
[2026-07-13T11:13:24.886+0000] {processor.py:183} INFO - Processing /home/airflow/.local/lib/python3.8/site-packages/airflow/example_dags/example_bash_operator.py took 0.063 seconds
[2026-07-13T11:13:56.487+0000] {processor.py:161} INFO - Started process (PID=958) to work on /home/airflow/.local/lib/python3.8/site-packages/airflow/example_dags/example_bash_operator.py
[2026-07-13T11:13:56.488+0000] {processor.py:830} INFO - Processing file /home/airflow/.local/lib/python3.8/site-packages/airflow/example_dags/example_bash_operator.py for tasks to queue
[2026-07-13T11:13:56.489+0000] {logging_mixin.py:188} INFO - [2026-07-13T11:13:56.489+0000] {dagbag.py:538} INFO - Filling up the DagBag from /home/airflow/.local/lib/python3.8/site-packages/airflow/example_dags/example_bash_operator.py
[2026-07-13T11:13:56.499+0000] {processor.py:840} INFO - DAG(s) 'example_bash_operator' retrieved from /home/airflow/.local/lib/python3.8/site-packages/airflow/example_dags/example_bash_operator.py
[2026-07-13T11:13:56.518+0000] {logging_mixin.py:188} INFO - [2026-07-13T11:13:56.517+0000] {dag.py:3036} INFO - Sync 1 DAGs
[2026-07-13T11:13:56.532+0000] {logging_mixin.py:188} INFO - [2026-07-13T11:13:56.531+0000] {dag.py:3823} INFO - Setting next_dagrun for example_bash_operator to 2026-07-12 00:00:00+00:00, run_after=2026-07-13 00:00:00+00:00
[2026-07-13T11:13:56.545+0000] {processor.py:183} INFO - Processing /home/airflow/.local/lib/python3.8/site-packages/airflow/example_dags/example_bash_operator.py took 0.060 seconds
[2026-07-13T11:17:24.146+0000] {processor.py:161} INFO - Started process (PID=57) to work on /home/airflow/.local/lib/python3.8/site-packages/airflow/example_dags/example_bash_operator.py
[2026-07-13T11:17:24.148+0000] {processor.py:830} INFO - Processing file /home/airflow/.local/lib/python3.8/site-packages/airflow/example_dags/example_bash_operator.py for tasks to queue
[2026-07-13T11:17:24.150+0000] {logging_mixin.py:188} INFO - [2026-07-13T11:17:24.150+0000] {dagbag.py:538} INFO - Filling up the DagBag from /home/airflow/.local/lib/python3.8/site-packages/airflow/example_dags/example_bash_operator.py
[2026-07-13T11:17:24.167+0000] {processor.py:840} INFO - DAG(s) 'example_bash_operator' retrieved from /home/airflow/.local/lib/python3.8/site-packages/airflow/example_dags/example_bash_operator.py
[2026-07-13T11:17:24.293+0000] {logging_mixin.py:188} INFO - [2026-07-13T11:17:24.292+0000] {override.py:1769} INFO - Created Permission View: can read on DAG:example_bash_operator
[2026-07-13T11:17:24.309+0000] {logging_mixin.py:188} INFO - [2026-07-13T11:17:24.308+0000] {override.py:1769} INFO - Created Permission View: can delete on DAG:example_bash_operator
[2026-07-13T11:17:24.320+0000] {logging_mixin.py:188} INFO - [2026-07-13T11:17:24.319+0000] {override.py:1769} INFO - Created Permission View: can edit on DAG:example_bash_operator
[2026-07-13T11:17:24.320+0000] {logging_mixin.py:188} INFO - [2026-07-13T11:17:24.320+0000] {dag.py:3036} INFO - Sync 1 DAGs
[2026-07-13T11:17:24.332+0000] {logging_mixin.py:188} INFO - [2026-07-13T11:17:24.332+0000] {dag.py:3058} INFO - Creating ORM DAG for example_bash_operator
[2026-07-13T11:17:24.345+0000] {logging_mixin.py:188} INFO - [2026-07-13T11:17:24.345+0000] {dag.py:3823} INFO - Setting next_dagrun for example_bash_operator to 2026-07-12 00:00:00+00:00, run_after=2026-07-13 00:00:00+00:00
[2026-07-13T11:17:24.369+0000] {processor.py:183} INFO - Processing /home/airflow/.local/lib/python3.8/site-packages/airflow/example_dags/example_bash_operator.py took 0.227 seconds
[2026-07-13T11:17:54.609+0000] {processor.py:161} INFO - Started process (PID=113) to work on /home/airflow/.local/lib/python3.8/site-packages/airflow/example_dags/example_bash_operator.py
[2026-07-13T11:17:54.610+0000] {processor.py:830} INFO - Processing file /home/airflow/.local/lib/python3.8/site-packages/airflow/example_dags/example_bash_operator.py for tasks to queue
[2026-07-13T11:17:54.612+0000] {logging_mixin.py:188} INFO - [2026-07-13T11:17:54.612+0000] {dagbag.py:538} INFO - Filling up the DagBag from /home/airflow/.local/lib/python3.8/site-packages/airflow/example_dags/example_bash_operator.py
[2026-07-13T11:17:54.622+0000] {processor.py:840} INFO - DAG(s) 'example_bash_operator' retrieved from /home/airflow/.local/lib/python3.8/site-packages/airflow/example_dags/example_bash_operator.py
[2026-07-13T11:17:54.643+0000] {logging_mixin.py:188} INFO - [2026-07-13T11:17:54.643+0000] {dag.py:3036} INFO - Sync 1 DAGs
[2026-07-13T11:17:54.660+0000] {logging_mixin.py:188} INFO - [2026-07-13T11:17:54.659+0000] {dag.py:3823} INFO - Setting next_dagrun for example_bash_operator to 2026-07-12 00:00:00+00:00, run_after=2026-07-13 00:00:00+00:00
[2026-07-13T11:17:54.679+0000] {processor.py:183} INFO - Processing /home/airflow/.local/lib/python3.8/site-packages/airflow/example_dags/example_bash_operator.py took 0.073 seconds
[2026-07-13T11:19:37.992+0000] {processor.py:161} INFO - Started process (PID=188) to work on /home/airflow/.local/lib/python3.8/site-packages/airflow/example_dags/example_bash_operator.py
[2026-07-13T11:19:37.995+0000] {processor.py:830} INFO - Processing file /home/airflow/.local/lib/python3.8/site-packages/airflow/example_dags/example_bash_operator.py for tasks to queue
[2026-07-13T11:19:38.002+0000] {logging_mixin.py:188} INFO - [2026-07-13T11:19:38.001+0000] {dagbag.py:538} INFO - Filling up the DagBag from /home/airflow/.local/lib/python3.8/site-packages/airflow/example_dags/example_bash_operator.py
[2026-07-13T11:19:38.076+0000] {processor.py:840} INFO - DAG(s) 'example_bash_operator' retrieved from /home/airflow/.local/lib/python3.8/site-packages/airflow/example_dags/example_bash_operator.py
[2026-07-13T11:19:38.160+0000] {logging_mixin.py:188} INFO - [2026-07-13T11:19:38.159+0000] {dag.py:3036} INFO - Sync 1 DAGs
[2026-07-13T11:19:38.216+0000] {logging_mixin.py:188} INFO - [2026-07-13T11:19:38.216+0000] {dag.py:3823} INFO - Setting next_dagrun for example_bash_operator to 2026-07-12 00:00:00+00:00, run_after=2026-07-13 00:00:00+00:00
[2026-07-13T11:19:38.267+0000] {processor.py:183} INFO - Processing /home/airflow/.local/lib/python3.8/site-packages/airflow/example_dags/example_bash_operator.py took 0.289 seconds
[2026-07-13T11:20:10.668+0000] {processor.py:161} INFO - Started process (PID=250) to work on /home/airflow/.local/lib/python3.8/site-packages/airflow/example_dags/example_bash_operator.py
[2026-07-13T11:20:10.669+0000] {processor.py:830} INFO - Processing file /home/airflow/.local/lib/python3.8/site-packages/airflow/example_dags/example_bash_operator.py for tasks to queue
[2026-07-13T11:20:10.670+0000] {logging_mixin.py:188} INFO - [2026-07-13T11:20:10.670+0000] {dagbag.py:538} INFO - Filling up the DagBag from /home/airflow/.local/lib/python3.8/site-packages/airflow/example_dags/example_bash_operator.py
[2026-07-13T11:20:10.684+0000] {processor.py:840} INFO - DAG(s) 'example_bash_operator' retrieved from /home/airflow/.local/lib/python3.8/site-packages/airflow/example_dags/example_bash_operator.py
[2026-07-13T11:20:10.704+0000] {logging_mixin.py:188} INFO - [2026-07-13T11:20:10.704+0000] {dag.py:3036} INFO - Sync 1 DAGs
[2026-07-13T11:20:10.720+0000] {logging_mixin.py:188} INFO - [2026-07-13T11:20:10.720+0000] {dag.py:3823} INFO - Setting next_dagrun for example_bash_operator to 2026-07-12 00:00:00+00:00, run_after=2026-07-13 00:00:00+00:00
[2026-07-13T11:20:10.736+0000] {processor.py:183} INFO - Processing /home/airflow/.local/lib/python3.8/site-packages/airflow/example_dags/example_bash_operator.py took 0.070 seconds
[2026-07-13T11:20:41.594+0000] {processor.py:161} INFO - Started process (PID=300) to work on /home/airflow/.local/lib/python3.8/site-packages/airflow/example_dags/example_bash_operator.py
[2026-07-13T11:20:41.595+0000] {processor.py:830} INFO - Processing file /home/airflow/.local/lib/python3.8/site-packages/airflow/example_dags/example_bash_operator.py for tasks to queue
[2026-07-13T11:20:41.597+0000] {logging_mixin.py:188} INFO - [2026-07-13T11:20:41.596+0000] {dagbag.py:538} INFO - Filling up the DagBag from /home/airflow/.local/lib/python3.8/site-packages/airflow/example_dags/example_bash_operator.py
[2026-07-13T11:20:41.605+0000] {processor.py:840} INFO - DAG(s) 'example_bash_operator' retrieved from /home/airflow/.local/lib/python3.8/site-packages/airflow/example_dags/example_bash_operator.py
[2026-07-13T11:20:41.624+0000] {logging_mixin.py:188} INFO - [2026-07-13T11:20:41.624+0000] {dag.py:3036} INFO - Sync 1 DAGs
[2026-07-13T11:20:41.640+0000] {logging_mixin.py:188} INFO - [2026-07-13T11:20:41.639+0000] {dag.py:3823} INFO - Setting next_dagrun for example_bash_operator to 2026-07-12 00:00:00+00:00, run_after=2026-07-13 00:00:00+00:00
[2026-07-13T11:20:41.653+0000] {processor.py:183} INFO - Processing /home/airflow/.local/lib/python3.8/site-packages/airflow/example_dags/example_bash_operator.py took 0.061 seconds
[2026-07-13T11:21:13.753+0000] {processor.py:161} INFO - Started process (PID=356) to work on /home/airflow/.local/lib/python3.8/site-packages/airflow/example_dags/example_bash_operator.py
[2026-07-13T11:21:13.754+0000] {processor.py:830} INFO - Processing file /home/airflow/.local/lib/python3.8/site-packages/airflow/example_dags/example_bash_operator.py for tasks to queue
[2026-07-13T11:21:13.756+0000] {logging_mixin.py:188} INFO - [2026-07-13T11:21:13.755+0000] {dagbag.py:538} INFO - Filling up the DagBag from /home/airflow/.local/lib/python3.8/site-packages/airflow/example_dags/example_bash_operator.py
[2026-07-13T11:21:13.765+0000] {processor.py:840} INFO - DAG(s) 'example_bash_operator' retrieved from /home/airflow/.local/lib/python3.8/site-packages/airflow/example_dags/example_bash_operator.py
[2026-07-13T11:21:13.785+0000] {logging_mixin.py:188} INFO - [2026-07-13T11:21:13.785+0000] {dag.py:3036} INFO - Sync 1 DAGs
[2026-07-13T11:21:13.802+0000] {logging_mixin.py:188} INFO - [2026-07-13T11:21:13.801+0000] {dag.py:3823} INFO - Setting next_dagrun for example_bash_operator to 2026-07-12 00:00:00+00:00, run_after=2026-07-13 00:00:00+00:00
[2026-07-13T11:21:13.817+0000] {processor.py:183} INFO - Processing /home/airflow/.local/lib/python3.8/site-packages/airflow/example_dags/example_bash_operator.py took 0.066 seconds
[2026-07-13T11:21:43.979+0000] {processor.py:161} INFO - Started process (PID=411) to work on /home/airflow/.local/lib/python3.8/site-packages/airflow/example_dags/example_bash_operator.py
[2026-07-13T11:21:43.981+0000] {processor.py:830} INFO - Processing file /home/airflow/.local/lib/python3.8/site-packages/airflow/example_dags/example_bash_operator.py for tasks to queue
[2026-07-13T11:21:43.984+0000] {logging_mixin.py:188} INFO - [2026-07-13T11:21:43.984+0000] {dagbag.py:538} INFO - Filling up the DagBag from /home/airflow/.local/lib/python3.8/site-packages/airflow/example_dags/example_bash_operator.py
[2026-07-13T11:21:44.000+0000] {processor.py:840} INFO - DAG(s) 'example_bash_operator' retrieved from /home/airflow/.local/lib/python3.8/site-packages/airflow/example_dags/example_bash_operator.py
[2026-07-13T11:21:44.032+0000] {logging_mixin.py:188} INFO - [2026-07-13T11:21:44.032+0000] {dag.py:3036} INFO - Sync 1 DAGs
[2026-07-13T11:21:44.089+0000] {logging_mixin.py:188} INFO - [2026-07-13T11:21:44.089+0000] {dag.py:3823} INFO - Setting next_dagrun for example_bash_operator to 2026-07-12 00:00:00+00:00, run_after=2026-07-13 00:00:00+00:00
[2026-07-13T11:21:44.128+0000] {processor.py:183} INFO - Processing /home/airflow/.local/lib/python3.8/site-packages/airflow/example_dags/example_bash_operator.py took 0.155 seconds
[2026-07-13T11:22:14.617+0000] {processor.py:161} INFO - Started process (PID=467) to work on /home/airflow/.local/lib/python3.8/site-packages/airflow/example_dags/example_bash_operator.py
[2026-07-13T11:22:14.618+0000] {processor.py:830} INFO - Processing file /home/airflow/.local/lib/python3.8/site-packages/airflow/example_dags/example_bash_operator.py for tasks to queue
[2026-07-13T11:22:14.620+0000] {logging_mixin.py:188} INFO - [2026-07-13T11:22:14.619+0000] {dagbag.py:538} INFO - Filling up the DagBag from /home/airflow/.local/lib/python3.8/site-packages/airflow/example_dags/example_bash_operator.py
[2026-07-13T11:22:14.629+0000] {processor.py:840} INFO - DAG(s) 'example_bash_operator' retrieved from /home/airflow/.local/lib/python3.8/site-packages/airflow/example_dags/example_bash_operator.py
[2026-07-13T11:22:14.649+0000] {logging_mixin.py:188} INFO - [2026-07-13T11:22:14.648+0000] {dag.py:3036} INFO - Sync 1 DAGs
[2026-07-13T11:22:14.666+0000] {logging_mixin.py:188} INFO - [2026-07-13T11:22:14.665+0000] {dag.py:3823} INFO - Setting next_dagrun for example_bash_operator to 2026-07-12 00:00:00+00:00, run_after=2026-07-13 00:00:00+00:00
[2026-07-13T11:22:14.687+0000] {processor.py:183} INFO - Processing /home/airflow/.local/lib/python3.8/site-packages/airflow/example_dags/example_bash_operator.py took 0.072 seconds
[2026-07-13T11:22:45.083+0000] {processor.py:161} INFO - Started process (PID=523) to work on /home/airflow/.local/lib/python3.8/site-packages/airflow/example_dags/example_bash_operator.py
[2026-07-13T11:22:45.084+0000] {processor.py:830} INFO - Processing file /home/airflow/.local/lib/python3.8/site-packages/airflow/example_dags/example_bash_operator.py for tasks to queue
[2026-07-13T11:22:45.085+0000] {logging_mixin.py:188} INFO - [2026-07-13T11:22:45.085+0000] {dagbag.py:538} INFO - Filling up the DagBag from /home/airflow/.local/lib/python3.8/site-packages/airflow/example_dags/example_bash_operator.py
[2026-07-13T11:22:45.097+0000] {processor.py:840} INFO - DAG(s) 'example_bash_operator' retrieved from /home/airflow/.local/lib/python3.8/site-packages/airflow/example_dags/example_bash_operator.py
[2026-07-13T11:22:45.119+0000] {logging_mixin.py:188} INFO - [2026-07-13T11:22:45.119+0000] {dag.py:3036} INFO - Sync 1 DAGs
[2026-07-13T11:22:45.135+0000] {logging_mixin.py:188} INFO - [2026-07-13T11:22:45.135+0000] {dag.py:3823} INFO - Setting next_dagrun for example_bash_operator to 2026-07-12 00:00:00+00:00, run_after=2026-07-13 00:00:00+00:00
[2026-07-13T11:22:45.149+0000] {processor.py:183} INFO - Processing /home/airflow/.local/lib/python3.8/site-packages/airflow/example_dags/example_bash_operator.py took 0.069 seconds
[2026-07-13T11:23:15.483+0000] {processor.py:161} INFO - Started process (PID=579) to work on /home/airflow/.local/lib/python3.8/site-packages/airflow/example_dags/example_bash_operator.py
[2026-07-13T11:23:15.484+0000] {processor.py:830} INFO - Processing file /home/airflow/.local/lib/python3.8/site-packages/airflow/example_dags/example_bash_operator.py for tasks to queue
[2026-07-13T11:23:15.486+0000] {logging_mixin.py:188} INFO - [2026-07-13T11:23:15.485+0000] {dagbag.py:538} INFO - Filling up the DagBag from /home/airflow/.local/lib/python3.8/site-packages/airflow/example_dags/example_bash_operator.py
[2026-07-13T11:23:15.495+0000] {processor.py:840} INFO - DAG(s) 'example_bash_operator' retrieved from /home/airflow/.local/lib/python3.8/site-packages/airflow/example_dags/example_bash_operator.py
[2026-07-13T11:23:15.517+0000] {logging_mixin.py:188} INFO - [2026-07-13T11:23:15.516+0000] {dag.py:3036} INFO - Sync 1 DAGs
[2026-07-13T11:23:15.534+0000] {logging_mixin.py:188} INFO - [2026-07-13T11:23:15.534+0000] {dag.py:3823} INFO - Setting next_dagrun for example_bash_operator to 2026-07-12 00:00:00+00:00, run_after=2026-07-13 00:00:00+00:00
[2026-07-13T11:23:15.550+0000] {processor.py:183} INFO - Processing /home/airflow/.local/lib/python3.8/site-packages/airflow/example_dags/example_bash_operator.py took 0.070 seconds
[2026-07-13T11:23:45.734+0000] {processor.py:161} INFO - Started process (PID=635) to work on /home/airflow/.local/lib/python3.8/site-packages/airflow/example_dags/example_bash_operator.py
[2026-07-13T11:23:45.735+0000] {processor.py:830} INFO - Processing file /home/airflow/.local/lib/python3.8/site-packages/airflow/example_dags/example_bash_operator.py for tasks to queue
[2026-07-13T11:23:45.737+0000] {logging_mixin.py:188} INFO - [2026-07-13T11:23:45.737+0000] {dagbag.py:538} INFO - Filling up the DagBag from /home/airflow/.local/lib/python3.8/site-packages/airflow/example_dags/example_bash_operator.py
[2026-07-13T11:23:45.747+0000] {processor.py:840} INFO - DAG(s) 'example_bash_operator' retrieved from /home/airflow/.local/lib/python3.8/site-packages/airflow/example_dags/example_bash_operator.py
[2026-07-13T11:23:45.771+0000] {logging_mixin.py:188} INFO - [2026-07-13T11:23:45.771+0000] {dag.py:3036} INFO - Sync 1 DAGs
[2026-07-13T11:23:45.789+0000] {logging_mixin.py:188} INFO - [2026-07-13T11:23:45.789+0000] {dag.py:3823} INFO - Setting next_dagrun for example_bash_operator to 2026-07-12 00:00:00+00:00, run_after=2026-07-13 00:00:00+00:00
[2026-07-13T11:23:45.807+0000] {processor.py:183} INFO - Processing /home/airflow/.local/lib/python3.8/site-packages/airflow/example_dags/example_bash_operator.py took 0.076 seconds
[2026-07-13T11:24:16.450+0000] {processor.py:161} INFO - Started process (PID=691) to work on /home/airflow/.local/lib/python3.8/site-packages/airflow/example_dags/example_bash_operator.py
[2026-07-13T11:24:16.452+0000] {processor.py:830} INFO - Processing file /home/airflow/.local/lib/python3.8/site-packages/airflow/example_dags/example_bash_operator.py for tasks to queue
[2026-07-13T11:24:16.453+0000] {logging_mixin.py:188} INFO - [2026-07-13T11:24:16.453+0000] {dagbag.py:538} INFO - Filling up the DagBag from /home/airflow/.local/lib/python3.8/site-packages/airflow/example_dags/example_bash_operator.py
[2026-07-13T11:24:16.465+0000] {processor.py:840} INFO - DAG(s) 'example_bash_operator' retrieved from /home/airflow/.local/lib/python3.8/site-packages/airflow/example_dags/example_bash_operator.py
[2026-07-13T11:24:16.489+0000] {logging_mixin.py:188} INFO - [2026-07-13T11:24:16.489+0000] {dag.py:3036} INFO - Sync 1 DAGs
[2026-07-13T11:24:16.507+0000] {logging_mixin.py:188} INFO - [2026-07-13T11:24:16.507+0000] {dag.py:3823} INFO - Setting next_dagrun for example_bash_operator to 2026-07-12 00:00:00+00:00, run_after=2026-07-13 00:00:00+00:00
[2026-07-13T11:24:16.524+0000] {processor.py:183} INFO - Processing /home/airflow/.local/lib/python3.8/site-packages/airflow/example_dags/example_bash_operator.py took 0.077 seconds
[2026-07-13T11:24:47.254+0000] {processor.py:161} INFO - Started process (PID=747) to work on /home/airflow/.local/lib/python3.8/site-packages/airflow/example_dags/example_bash_operator.py
[2026-07-13T11:24:47.255+0000] {processor.py:830} INFO - Processing file /home/airflow/.local/lib/python3.8/site-packages/airflow/example_dags/example_bash_operator.py for tasks to queue
[2026-07-13T11:24:47.257+0000] {logging_mixin.py:188} INFO - [2026-07-13T11:24:47.257+0000] {dagbag.py:538} INFO - Filling up the DagBag from /home/airflow/.local/lib/python3.8/site-packages/airflow/example_dags/example_bash_operator.py
[2026-07-13T11:24:47.269+0000] {processor.py:840} INFO - DAG(s) 'example_bash_operator' retrieved from /home/airflow/.local/lib/python3.8/site-packages/airflow/example_dags/example_bash_operator.py
[2026-07-13T11:24:47.293+0000] {logging_mixin.py:188} INFO - [2026-07-13T11:24:47.293+0000] {dag.py:3036} INFO - Sync 1 DAGs
[2026-07-13T11:24:47.313+0000] {logging_mixin.py:188} INFO - [2026-07-13T11:24:47.312+0000] {dag.py:3823} INFO - Setting next_dagrun for example_bash_operator to 2026-07-12 00:00:00+00:00, run_after=2026-07-13 00:00:00+00:00
[2026-07-13T11:24:47.332+0000] {processor.py:183} INFO - Processing /home/airflow/.local/lib/python3.8/site-packages/airflow/example_dags/example_bash_operator.py took 0.080 seconds
[2026-07-13T11:25:18.216+0000] {processor.py:161} INFO - Started process (PID=821) to work on /home/airflow/.local/lib/python3.8/site-packages/airflow/example_dags/example_bash_operator.py
[2026-07-13T11:25:18.217+0000] {processor.py:830} INFO - Processing file /home/airflow/.local/lib/python3.8/site-packages/airflow/example_dags/example_bash_operator.py for tasks to queue
[2026-07-13T11:25:18.219+0000] {logging_mixin.py:188} INFO - [2026-07-13T11:25:18.218+0000] {dagbag.py:538} INFO - Filling up the DagBag from /home/airflow/.local/lib/python3.8/site-packages/airflow/example_dags/example_bash_operator.py
[2026-07-13T11:25:18.228+0000] {processor.py:840} INFO - DAG(s) 'example_bash_operator' retrieved from /home/airflow/.local/lib/python3.8/site-packages/airflow/example_dags/example_bash_operator.py
[2026-07-13T11:25:18.248+0000] {logging_mixin.py:188} INFO - [2026-07-13T11:25:18.247+0000] {dag.py:3036} INFO - Sync 1 DAGs
[2026-07-13T11:25:18.264+0000] {logging_mixin.py:188} INFO - [2026-07-13T11:25:18.264+0000] {dag.py:3823} INFO - Setting next_dagrun for example_bash_operator to 2026-07-12 00:00:00+00:00, run_after=2026-07-13 00:00:00+00:00
[2026-07-13T11:25:18.282+0000] {processor.py:183} INFO - Processing /home/airflow/.local/lib/python3.8/site-packages/airflow/example_dags/example_bash_operator.py took 0.069 seconds
[2026-07-13T11:25:48.739+0000] {processor.py:161} INFO - Started process (PID=877) to work on /home/airflow/.local/lib/python3.8/site-packages/airflow/example_dags/example_bash_operator.py
[2026-07-13T11:25:48.740+0000] {processor.py:830} INFO - Processing file /home/airflow/.local/lib/python3.8/site-packages/airflow/example_dags/example_bash_operator.py for tasks to queue
[2026-07-13T11:25:48.742+0000] {logging_mixin.py:188} INFO - [2026-07-13T11:25:48.741+0000] {dagbag.py:538} INFO - Filling up the DagBag from /home/airflow/.local/lib/python3.8/site-packages/airflow/example_dags/example_bash_operator.py
[2026-07-13T11:25:48.752+0000] {processor.py:840} INFO - DAG(s) 'example_bash_operator' retrieved from /home/airflow/.local/lib/python3.8/site-packages/airflow/example_dags/example_bash_operator.py
[2026-07-13T11:25:48.777+0000] {logging_mixin.py:188} INFO - [2026-07-13T11:25:48.777+0000] {dag.py:3036} INFO - Sync 1 DAGs
[2026-07-13T11:25:48.797+0000] {logging_mixin.py:188} INFO - [2026-07-13T11:25:48.797+0000] {dag.py:3823} INFO - Setting next_dagrun for example_bash_operator to 2026-07-12 00:00:00+00:00, run_after=2026-07-13 00:00:00+00:00
[2026-07-13T11:25:48.825+0000] {processor.py:183} INFO - Processing /home/airflow/.local/lib/python3.8/site-packages/airflow/example_dags/example_bash_operator.py took 0.089 seconds
[2026-07-13T11:26:18.874+0000] {processor.py:161} INFO - Started process (PID=933) to work on /home/airflow/.local/lib/python3.8/site-packages/airflow/example_dags/example_bash_operator.py
[2026-07-13T11:26:18.875+0000] {processor.py:830} INFO - Processing file /home/airflow/.local/lib/python3.8/site-packages/airflow/example_dags/example_bash_operator.py for tasks to queue
[2026-07-13T11:26:18.878+0000] {logging_mixin.py:188} INFO - [2026-07-13T11:26:18.877+0000] {dagbag.py:538} INFO - Filling up the DagBag from /home/airflow/.local/lib/python3.8/site-packages/airflow/example_dags/example_bash_operator.py
[2026-07-13T11:26:18.890+0000] {processor.py:840} INFO - DAG(s) 'example_bash_operator' retrieved from /home/airflow/.local/lib/python3.8/site-packages/airflow/example_dags/example_bash_operator.py
[2026-07-13T11:26:18.924+0000] {logging_mixin.py:188} INFO - [2026-07-13T11:26:18.924+0000] {dag.py:3036} INFO - Sync 1 DAGs
[2026-07-13T11:26:18.951+0000] {logging_mixin.py:188} INFO - [2026-07-13T11:26:18.951+0000] {dag.py:3823} INFO - Setting next_dagrun for example_bash_operator to 2026-07-12 00:00:00+00:00, run_after=2026-07-13 00:00:00+00:00
[2026-07-13T11:26:18.982+0000] {processor.py:183} INFO - Processing /home/airflow/.local/lib/python3.8/site-packages/airflow/example_dags/example_bash_operator.py took 0.114 seconds
[2026-07-13T11:26:49.227+0000] {processor.py:161} INFO - Started process (PID=989) to work on /home/airflow/.local/lib/python3.8/site-packages/airflow/example_dags/example_bash_operator.py
[2026-07-13T11:26:49.229+0000] {processor.py:830} INFO - Processing file /home/airflow/.local/lib/python3.8/site-packages/airflow/example_dags/example_bash_operator.py for tasks to queue
[2026-07-13T11:26:49.233+0000] {logging_mixin.py:188} INFO - [2026-07-13T11:26:49.232+0000] {dagbag.py:538} INFO - Filling up the DagBag from /home/airflow/.local/lib/python3.8/site-packages/airflow/example_dags/example_bash_operator.py
[2026-07-13T11:26:49.256+0000] {processor.py:840} INFO - DAG(s) 'example_bash_operator' retrieved from /home/airflow/.local/lib/python3.8/site-packages/airflow/example_dags/example_bash_operator.py
[2026-07-13T11:26:49.295+0000] {logging_mixin.py:188} INFO - [2026-07-13T11:26:49.295+0000] {dag.py:3036} INFO - Sync 1 DAGs
[2026-07-13T11:26:49.330+0000] {logging_mixin.py:188} INFO - [2026-07-13T11:26:49.330+0000] {dag.py:3823} INFO - Setting next_dagrun for example_bash_operator to 2026-07-12 00:00:00+00:00, run_after=2026-07-13 00:00:00+00:00
[2026-07-13T11:26:49.366+0000] {processor.py:183} INFO - Processing /home/airflow/.local/lib/python3.8/site-packages/airflow/example_dags/example_bash_operator.py took 0.145 seconds
[2026-07-13T11:27:19.660+0000] {processor.py:161} INFO - Started process (PID=1044) to work on /home/airflow/.local/lib/python3.8/site-packages/airflow/example_dags/example_bash_operator.py
[2026-07-13T11:27:19.661+0000] {processor.py:830} INFO - Processing file /home/airflow/.local/lib/python3.8/site-packages/airflow/example_dags/example_bash_operator.py for tasks to queue
[2026-07-13T11:27:19.662+0000] {logging_mixin.py:188} INFO - [2026-07-13T11:27:19.662+0000] {dagbag.py:538} INFO - Filling up the DagBag from /home/airflow/.local/lib/python3.8/site-packages/airflow/example_dags/example_bash_operator.py
[2026-07-13T11:27:19.671+0000] {processor.py:840} INFO - DAG(s) 'example_bash_operator' retrieved from /home/airflow/.local/lib/python3.8/site-packages/airflow/example_dags/example_bash_operator.py
[2026-07-13T11:27:19.691+0000] {logging_mixin.py:188} INFO - [2026-07-13T11:27:19.691+0000] {dag.py:3036} INFO - Sync 1 DAGs
[2026-07-13T11:27:19.707+0000] {logging_mixin.py:188} INFO - [2026-07-13T11:27:19.707+0000] {dag.py:3823} INFO - Setting next_dagrun for example_bash_operator to 2026-07-12 00:00:00+00:00, run_after=2026-07-13 00:00:00+00:00
[2026-07-13T11:27:19.720+0000] {processor.py:183} INFO - Processing /home/airflow/.local/lib/python3.8/site-packages/airflow/example_dags/example_bash_operator.py took 0.063 seconds
[2026-07-13T11:27:49.800+0000] {processor.py:161} INFO - Started process (PID=1101) to work on /home/airflow/.local/lib/python3.8/site-packages/airflow/example_dags/example_bash_operator.py
[2026-07-13T11:27:49.801+0000] {processor.py:830} INFO - Processing file /home/airflow/.local/lib/python3.8/site-packages/airflow/example_dags/example_bash_operator.py for tasks to queue
[2026-07-13T11:27:49.802+0000] {logging_mixin.py:188} INFO - [2026-07-13T11:27:49.802+0000] {dagbag.py:538} INFO - Filling up the DagBag from /home/airflow/.local/lib/python3.8/site-packages/airflow/example_dags/example_bash_operator.py
[2026-07-13T11:27:49.812+0000] {processor.py:840} INFO - DAG(s) 'example_bash_operator' retrieved from /home/airflow/.local/lib/python3.8/site-packages/airflow/example_dags/example_bash_operator.py
[2026-07-13T11:27:49.833+0000] {logging_mixin.py:188} INFO - [2026-07-13T11:27:49.833+0000] {dag.py:3036} INFO - Sync 1 DAGs
[2026-07-13T11:27:49.849+0000] {logging_mixin.py:188} INFO - [2026-07-13T11:27:49.848+0000] {dag.py:3823} INFO - Setting next_dagrun for example_bash_operator to 2026-07-12 00:00:00+00:00, run_after=2026-07-13 00:00:00+00:00
[2026-07-13T11:27:49.862+0000] {processor.py:183} INFO - Processing /home/airflow/.local/lib/python3.8/site-packages/airflow/example_dags/example_bash_operator.py took 0.066 seconds
[2026-07-13T11:28:20.399+0000] {processor.py:161} INFO - Started process (PID=1157) to work on /home/airflow/.local/lib/python3.8/site-packages/airflow/example_dags/example_bash_operator.py
[2026-07-13T11:28:20.400+0000] {processor.py:830} INFO - Processing file /home/airflow/.local/lib/python3.8/site-packages/airflow/example_dags/example_bash_operator.py for tasks to queue
[2026-07-13T11:28:20.403+0000] {logging_mixin.py:188} INFO - [2026-07-13T11:28:20.403+0000] {dagbag.py:538} INFO - Filling up the DagBag from /home/airflow/.local/lib/python3.8/site-packages/airflow/example_dags/example_bash_operator.py
[2026-07-13T11:28:20.418+0000] {processor.py:840} INFO - DAG(s) 'example_bash_operator' retrieved from /home/airflow/.local/lib/python3.8/site-packages/airflow/example_dags/example_bash_operator.py
[2026-07-13T11:28:20.441+0000] {logging_mixin.py:188} INFO - [2026-07-13T11:28:20.441+0000] {dag.py:3036} INFO - Sync 1 DAGs
[2026-07-13T11:28:20.459+0000] {logging_mixin.py:188} INFO - [2026-07-13T11:28:20.459+0000] {dag.py:3823} INFO - Setting next_dagrun for example_bash_operator to 2026-07-12 00:00:00+00:00, run_after=2026-07-13 00:00:00+00:00
[2026-07-13T11:28:20.479+0000] {processor.py:183} INFO - Processing /home/airflow/.local/lib/python3.8/site-packages/airflow/example_dags/example_bash_operator.py took 0.083 seconds
[2026-07-13T11:28:50.698+0000] {processor.py:161} INFO - Started process (PID=1213) to work on /home/airflow/.local/lib/python3.8/site-packages/airflow/example_dags/example_bash_operator.py
[2026-07-13T11:28:50.699+0000] {processor.py:830} INFO - Processing file /home/airflow/.local/lib/python3.8/site-packages/airflow/example_dags/example_bash_operator.py for tasks to queue
[2026-07-13T11:28:50.700+0000] {logging_mixin.py:188} INFO - [2026-07-13T11:28:50.700+0000] {dagbag.py:538} INFO - Filling up the DagBag from /home/airflow/.local/lib/python3.8/site-packages/airflow/example_dags/example_bash_operator.py
[2026-07-13T11:28:50.710+0000] {processor.py:840} INFO - DAG(s) 'example_bash_operator' retrieved from /home/airflow/.local/lib/python3.8/site-packages/airflow/example_dags/example_bash_operator.py
[2026-07-13T11:28:50.729+0000] {logging_mixin.py:188} INFO - [2026-07-13T11:28:50.729+0000] {dag.py:3036} INFO - Sync 1 DAGs
[2026-07-13T11:28:50.744+0000] {logging_mixin.py:188} INFO - [2026-07-13T11:28:50.744+0000] {dag.py:3823} INFO - Setting next_dagrun for example_bash_operator to 2026-07-12 00:00:00+00:00, run_after=2026-07-13 00:00:00+00:00
[2026-07-13T11:28:50.757+0000] {processor.py:183} INFO - Processing /home/airflow/.local/lib/python3.8/site-packages/airflow/example_dags/example_bash_operator.py took 0.062 seconds
[2026-07-13T11:29:21.250+0000] {processor.py:161} INFO - Started process (PID=1269) to work on /home/airflow/.local/lib/python3.8/site-packages/airflow/example_dags/example_bash_operator.py
[2026-07-13T11:29:21.251+0000] {processor.py:830} INFO - Processing file /home/airflow/.local/lib/python3.8/site-packages/airflow/example_dags/example_bash_operator.py for tasks to queue
[2026-07-13T11:29:21.252+0000] {logging_mixin.py:188} INFO - [2026-07-13T11:29:21.252+0000] {dagbag.py:538} INFO - Filling up the DagBag from /home/airflow/.local/lib/python3.8/site-packages/airflow/example_dags/example_bash_operator.py
[2026-07-13T11:29:21.261+0000] {processor.py:840} INFO - DAG(s) 'example_bash_operator' retrieved from /home/airflow/.local/lib/python3.8/site-packages/airflow/example_dags/example_bash_operator.py
[2026-07-13T11:29:21.279+0000] {logging_mixin.py:188} INFO - [2026-07-13T11:29:21.279+0000] {dag.py:3036} INFO - Sync 1 DAGs
[2026-07-13T11:29:21.294+0000] {logging_mixin.py:188} INFO - [2026-07-13T11:29:21.294+0000] {dag.py:3823} INFO - Setting next_dagrun for example_bash_operator to 2026-07-12 00:00:00+00:00, run_after=2026-07-13 00:00:00+00:00
[2026-07-13T11:29:21.308+0000] {processor.py:183} INFO - Processing /home/airflow/.local/lib/python3.8/site-packages/airflow/example_dags/example_bash_operator.py took 0.060 seconds
[2026-07-13T11:29:51.702+0000] {processor.py:161} INFO - Started process (PID=1325) to work on /home/airflow/.local/lib/python3.8/site-packages/airflow/example_dags/example_bash_operator.py
[2026-07-13T11:29:51.703+0000] {processor.py:830} INFO - Processing file /home/airflow/.local/lib/python3.8/site-packages/airflow/example_dags/example_bash_operator.py for tasks to queue
[2026-07-13T11:29:51.705+0000] {logging_mixin.py:188} INFO - [2026-07-13T11:29:51.704+0000] {dagbag.py:538} INFO - Filling up the DagBag from /home/airflow/.local/lib/python3.8/site-packages/airflow/example_dags/example_bash_operator.py
[2026-07-13T11:29:51.716+0000] {processor.py:840} INFO - DAG(s) 'example_bash_operator' retrieved from /home/airflow/.local/lib/python3.8/site-packages/airflow/example_dags/example_bash_operator.py
[2026-07-13T11:29:51.738+0000] {logging_mixin.py:188} INFO - [2026-07-13T11:29:51.738+0000] {dag.py:3036} INFO - Sync 1 DAGs
[2026-07-13T11:29:51.756+0000] {logging_mixin.py:188} INFO - [2026-07-13T11:29:51.756+0000] {dag.py:3823} INFO - Setting next_dagrun for example_bash_operator to 2026-07-12 00:00:00+00:00, run_after=2026-07-13 00:00:00+00:00
[2026-07-13T11:29:51.772+0000] {processor.py:183} INFO - Processing /home/airflow/.local/lib/python3.8/site-packages/airflow/example_dags/example_bash_operator.py took 0.072 seconds
[2026-07-13T11:30:21.949+0000] {processor.py:161} INFO - Started process (PID=1381) to work on /home/airflow/.local/lib/python3.8/site-packages/airflow/example_dags/example_bash_operator.py
[2026-07-13T11:30:21.950+0000] {processor.py:830} INFO - Processing file /home/airflow/.local/lib/python3.8/site-packages/airflow/example_dags/example_bash_operator.py for tasks to queue
[2026-07-13T11:30:21.951+0000] {logging_mixin.py:188} INFO - [2026-07-13T11:30:21.951+0000] {dagbag.py:538} INFO - Filling up the DagBag from /home/airflow/.local/lib/python3.8/site-packages/airflow/example_dags/example_bash_operator.py
[2026-07-13T11:30:21.960+0000] {processor.py:840} INFO - DAG(s) 'example_bash_operator' retrieved from /home/airflow/.local/lib/python3.8/site-packages/airflow/example_dags/example_bash_operator.py
[2026-07-13T11:30:21.978+0000] {logging_mixin.py:188} INFO - [2026-07-13T11:30:21.978+0000] {dag.py:3036} INFO - Sync 1 DAGs
[2026-07-13T11:30:21.998+0000] {logging_mixin.py:188} INFO - [2026-07-13T11:30:21.998+0000] {dag.py:3823} INFO - Setting next_dagrun for example_bash_operator to 2026-07-12 00:00:00+00:00, run_after=2026-07-13 00:00:00+00:00
[2026-07-13T11:30:22.011+0000] {processor.py:183} INFO - Processing /home/airflow/.local/lib/python3.8/site-packages/airflow/example_dags/example_bash_operator.py took 0.065 seconds
[2026-07-13T11:30:52.065+0000] {processor.py:161} INFO - Started process (PID=1437) to work on /home/airflow/.local/lib/python3.8/site-packages/airflow/example_dags/example_bash_operator.py
[2026-07-13T11:30:52.066+0000] {processor.py:830} INFO - Processing file /home/airflow/.local/lib/python3.8/site-packages/airflow/example_dags/example_bash_operator.py for tasks to queue
[2026-07-13T11:30:52.067+0000] {logging_mixin.py:188} INFO - [2026-07-13T11:30:52.067+0000] {dagbag.py:538} INFO - Filling up the DagBag from /home/airflow/.local/lib/python3.8/site-packages/airflow/example_dags/example_bash_operator.py
[2026-07-13T11:30:52.075+0000] {processor.py:840} INFO - DAG(s) 'example_bash_operator' retrieved from /home/airflow/.local/lib/python3.8/site-packages/airflow/example_dags/example_bash_operator.py
[2026-07-13T11:30:52.094+0000] {logging_mixin.py:188} INFO - [2026-07-13T11:30:52.094+0000] {dag.py:3036} INFO - Sync 1 DAGs
[2026-07-13T11:30:52.110+0000] {logging_mixin.py:188} INFO - [2026-07-13T11:30:52.110+0000] {dag.py:3823} INFO - Setting next_dagrun for example_bash_operator to 2026-07-12 00:00:00+00:00, run_after=2026-07-13 00:00:00+00:00
[2026-07-13T11:30:52.124+0000] {processor.py:183} INFO - Processing /home/airflow/.local/lib/python3.8/site-packages/airflow/example_dags/example_bash_operator.py took 0.061 seconds
[2026-07-13T11:31:22.215+0000] {processor.py:161} INFO - Started process (PID=1487) to work on /home/airflow/.local/lib/python3.8/site-packages/airflow/example_dags/example_bash_operator.py
[2026-07-13T11:31:22.215+0000] {processor.py:830} INFO - Processing file /home/airflow/.local/lib/python3.8/site-packages/airflow/example_dags/example_bash_operator.py for tasks to queue
[2026-07-13T11:31:22.217+0000] {logging_mixin.py:188} INFO - [2026-07-13T11:31:22.216+0000] {dagbag.py:538} INFO - Filling up the DagBag from /home/airflow/.local/lib/python3.8/site-packages/airflow/example_dags/example_bash_operator.py
[2026-07-13T11:31:22.225+0000] {processor.py:840} INFO - DAG(s) 'example_bash_operator' retrieved from /home/airflow/.local/lib/python3.8/site-packages/airflow/example_dags/example_bash_operator.py
[2026-07-13T11:31:22.253+0000] {logging_mixin.py:188} INFO - [2026-07-13T11:31:22.253+0000] {dag.py:3036} INFO - Sync 1 DAGs
[2026-07-13T11:31:22.270+0000] {logging_mixin.py:188} INFO - [2026-07-13T11:31:22.270+0000] {dag.py:3823} INFO - Setting next_dagrun for example_bash_operator to 2026-07-12 00:00:00+00:00, run_after=2026-07-13 00:00:00+00:00
[2026-07-13T11:31:22.283+0000] {processor.py:183} INFO - Processing /home/airflow/.local/lib/python3.8/site-packages/airflow/example_dags/example_bash_operator.py took 0.071 seconds
[2026-07-13T11:31:52.609+0000] {processor.py:161} INFO - Started process (PID=1543) to work on /home/airflow/.local/lib/python3.8/site-packages/airflow/example_dags/example_bash_operator.py
[2026-07-13T11:31:52.610+0000] {processor.py:830} INFO - Processing file /home/airflow/.local/lib/python3.8/site-packages/airflow/example_dags/example_bash_operator.py for tasks to queue
[2026-07-13T11:31:52.611+0000] {logging_mixin.py:188} INFO - [2026-07-13T11:31:52.611+0000] {dagbag.py:538} INFO - Filling up the DagBag from /home/airflow/.local/lib/python3.8/site-packages/airflow/example_dags/example_bash_operator.py
[2026-07-13T11:31:52.620+0000] {processor.py:840} INFO - DAG(s) 'example_bash_operator' retrieved from /home/airflow/.local/lib/python3.8/site-packages/airflow/example_dags/example_bash_operator.py
[2026-07-13T11:31:52.642+0000] {logging_mixin.py:188} INFO - [2026-07-13T11:31:52.642+0000] {dag.py:3036} INFO - Sync 1 DAGs
[2026-07-13T11:31:52.664+0000] {logging_mixin.py:188} INFO - [2026-07-13T11:31:52.664+0000] {dag.py:3823} INFO - Setting next_dagrun for example_bash_operator to 2026-07-12 00:00:00+00:00, run_after=2026-07-13 00:00:00+00:00
[2026-07-13T11:31:52.679+0000] {processor.py:183} INFO - Processing /home/airflow/.local/lib/python3.8/site-packages/airflow/example_dags/example_bash_operator.py took 0.073 seconds
[2026-07-13T11:32:22.919+0000] {processor.py:161} INFO - Started process (PID=1599) to work on /home/airflow/.local/lib/python3.8/site-packages/airflow/example_dags/example_bash_operator.py
[2026-07-13T11:32:22.921+0000] {processor.py:830} INFO - Processing file /home/airflow/.local/lib/python3.8/site-packages/airflow/example_dags/example_bash_operator.py for tasks to queue
[2026-07-13T11:32:22.923+0000] {logging_mixin.py:188} INFO - [2026-07-13T11:32:22.923+0000] {dagbag.py:538} INFO - Filling up the DagBag from /home/airflow/.local/lib/python3.8/site-packages/airflow/example_dags/example_bash_operator.py
[2026-07-13T11:32:24.946+0000] {processor.py:840} INFO - DAG(s) 'example_bash_operator' retrieved from /home/airflow/.local/lib/python3.8/site-packages/airflow/example_dags/example_bash_operator.py
[2026-07-13T11:32:24.981+0000] {logging_mixin.py:188} INFO - [2026-07-13T11:32:24.981+0000] {dag.py:3036} INFO - Sync 1 DAGs
[2026-07-13T11:32:25.011+0000] {logging_mixin.py:188} INFO - [2026-07-13T11:32:25.011+0000] {dag.py:3823} INFO - Setting next_dagrun for example_bash_operator to 2026-07-12 00:00:00+00:00, run_after=2026-07-13 00:00:00+00:00
[2026-07-13T11:32:25.035+0000] {processor.py:183} INFO - Processing /home/airflow/.local/lib/python3.8/site-packages/airflow/example_dags/example_bash_operator.py took 0.110 seconds
[2026-07-13T11:32:55.165+0000] {processor.py:161} INFO - Started process (PID=1655) to work on /home/airflow/.local/lib/python3.8/site-packages/airflow/example_dags/example_bash_operator.py
[2026-07-13T11:32:55.167+0000] {processor.py:830} INFO - Processing file /home/airflow/.local/lib/python3.8/site-packages/airflow/example_dags/example_bash_operator.py for tasks to queue
[2026-07-13T11:32:55.169+0000] {logging_mixin.py:188} INFO - [2026-07-13T11:32:55.169+0000] {dagbag.py:538} INFO - Filling up the DagBag from /home/airflow/.local/lib/python3.8/site-packages/airflow/example_dags/example_bash_operator.py
[2026-07-13T11:32:55.182+0000] {processor.py:840} INFO - DAG(s) 'example_bash_operator' retrieved from /home/airflow/.local/lib/python3.8/site-packages/airflow/example_dags/example_bash_operator.py
[2026-07-13T11:32:55.216+0000] {logging_mixin.py:188} INFO - [2026-07-13T11:32:55.216+0000] {dag.py:3036} INFO - Sync 1 DAGs
[2026-07-13T11:32:55.248+0000] {logging_mixin.py:188} INFO - [2026-07-13T11:32:55.247+0000] {dag.py:3823} INFO - Setting next_dagrun for example_bash_operator to 2026-07-12 00:00:00+00:00, run_after=2026-07-13 00:00:00+00:00
[2026-07-13T11:32:55.269+0000] {processor.py:183} INFO - Processing /home/airflow/.local/lib/python3.8/site-packages/airflow/example_dags/example_bash_operator.py took 0.109 seconds
[2026-07-13T11:33:25.438+0000] {processor.py:161} INFO - Started process (PID=1711) to work on /home/airflow/.local/lib/python3.8/site-packages/airflow/example_dags/example_bash_operator.py
[2026-07-13T11:33:25.440+0000] {processor.py:830} INFO - Processing file /home/airflow/.local/lib/python3.8/site-packages/airflow/example_dags/example_bash_operator.py for tasks to queue
[2026-07-13T11:33:25.441+0000] {logging_mixin.py:188} INFO - [2026-07-13T11:33:25.441+0000] {dagbag.py:538} INFO - Filling up the DagBag from /home/airflow/.local/lib/python3.8/site-packages/airflow/example_dags/example_bash_operator.py
[2026-07-13T11:33:25.451+0000] {processor.py:840} INFO - DAG(s) 'example_bash_operator' retrieved from /home/airflow/.local/lib/python3.8/site-packages/airflow/example_dags/example_bash_operator.py
[2026-07-13T11:33:25.470+0000] {logging_mixin.py:188} INFO - [2026-07-13T11:33:25.470+0000] {dag.py:3036} INFO - Sync 1 DAGs
[2026-07-13T11:33:25.487+0000] {logging_mixin.py:188} INFO - [2026-07-13T11:33:25.487+0000] {dag.py:3823} INFO - Setting next_dagrun for example_bash_operator to 2026-07-12 00:00:00+00:00, run_after=2026-07-13 00:00:00+00:00
[2026-07-13T11:33:25.507+0000] {processor.py:183} INFO - Processing /home/airflow/.local/lib/python3.8/site-packages/airflow/example_dags/example_bash_operator.py took 0.072 seconds
[2026-07-13T11:33:55.718+0000] {processor.py:161} INFO - Started process (PID=1767) to work on /home/airflow/.local/lib/python3.8/site-packages/airflow/example_dags/example_bash_operator.py
[2026-07-13T11:33:55.724+0000] {processor.py:830} INFO - Processing file /home/airflow/.local/lib/python3.8/site-packages/airflow/example_dags/example_bash_operator.py for tasks to queue
[2026-07-13T11:33:55.730+0000] {logging_mixin.py:188} INFO - [2026-07-13T11:33:55.729+0000] {dagbag.py:538} INFO - Filling up the DagBag from /home/airflow/.local/lib/python3.8/site-packages/airflow/example_dags/example_bash_operator.py
[2026-07-13T11:33:55.744+0000] {processor.py:840} INFO - DAG(s) 'example_bash_operator' retrieved from /home/airflow/.local/lib/python3.8/site-packages/airflow/example_dags/example_bash_operator.py
[2026-07-13T11:33:55.764+0000] {logging_mixin.py:188} INFO - [2026-07-13T11:33:55.764+0000] {dag.py:3036} INFO - Sync 1 DAGs
[2026-07-13T11:33:55.783+0000] {logging_mixin.py:188} INFO - [2026-07-13T11:33:55.783+0000] {dag.py:3823} INFO - Setting next_dagrun for example_bash_operator to 2026-07-12 00:00:00+00:00, run_after=2026-07-13 00:00:00+00:00
[2026-07-13T11:33:55.798+0000] {processor.py:183} INFO - Processing /home/airflow/.local/lib/python3.8/site-packages/airflow/example_dags/example_bash_operator.py took 0.100 seconds
[2026-07-13T11:34:26.188+0000] {processor.py:161} INFO - Started process (PID=1823) to work on /home/airflow/.local/lib/python3.8/site-packages/airflow/example_dags/example_bash_operator.py
[2026-07-13T11:34:26.191+0000] {processor.py:830} INFO - Processing file /home/airflow/.local/lib/python3.8/site-packages/airflow/example_dags/example_bash_operator.py for tasks to queue
[2026-07-13T11:34:26.192+0000] {logging_mixin.py:188} INFO - [2026-07-13T11:34:26.192+0000] {dagbag.py:538} INFO - Filling up the DagBag from /home/airflow/.local/lib/python3.8/site-packages/airflow/example_dags/example_bash_operator.py
[2026-07-13T11:34:26.201+0000] {processor.py:840} INFO - DAG(s) 'example_bash_operator' retrieved from /home/airflow/.local/lib/python3.8/site-packages/airflow/example_dags/example_bash_operator.py
[2026-07-13T11:34:26.219+0000] {logging_mixin.py:188} INFO - [2026-07-13T11:34:26.219+0000] {dag.py:3036} INFO - Sync 1 DAGs
[2026-07-13T11:34:26.236+0000] {logging_mixin.py:188} INFO - [2026-07-13T11:34:26.235+0000] {dag.py:3823} INFO - Setting next_dagrun for example_bash_operator to 2026-07-12 00:00:00+00:00, run_after=2026-07-13 00:00:00+00:00
[2026-07-13T11:34:26.250+0000] {processor.py:183} INFO - Processing /home/airflow/.local/lib/python3.8/site-packages/airflow/example_dags/example_bash_operator.py took 0.066 seconds
[2026-07-13T11:34:56.598+0000] {processor.py:161} INFO - Started process (PID=1879) to work on /home/airflow/.local/lib/python3.8/site-packages/airflow/example_dags/example_bash_operator.py
[2026-07-13T11:34:56.600+0000] {processor.py:830} INFO - Processing file /home/airflow/.local/lib/python3.8/site-packages/airflow/example_dags/example_bash_operator.py for tasks to queue
[2026-07-13T11:34:56.601+0000] {logging_mixin.py:188} INFO - [2026-07-13T11:34:56.601+0000] {dagbag.py:538} INFO - Filling up the DagBag from /home/airflow/.local/lib/python3.8/site-packages/airflow/example_dags/example_bash_operator.py
[2026-07-13T11:34:56.610+0000] {processor.py:840} INFO - DAG(s) 'example_bash_operator' retrieved from /home/airflow/.local/lib/python3.8/site-packages/airflow/example_dags/example_bash_operator.py
[2026-07-13T11:34:56.630+0000] {logging_mixin.py:188} INFO - [2026-07-13T11:34:56.630+0000] {dag.py:3036} INFO - Sync 1 DAGs
[2026-07-13T11:34:56.646+0000] {logging_mixin.py:188} INFO - [2026-07-13T11:34:56.646+0000] {dag.py:3823} INFO - Setting next_dagrun for example_bash_operator to 2026-07-12 00:00:00+00:00, run_after=2026-07-13 00:00:00+00:00
[2026-07-13T11:34:56.659+0000] {processor.py:183} INFO - Processing /home/airflow/.local/lib/python3.8/site-packages/airflow/example_dags/example_bash_operator.py took 0.064 seconds
[2026-07-13T11:35:26.815+0000] {processor.py:161} INFO - Started process (PID=1935) to work on /home/airflow/.local/lib/python3.8/site-packages/airflow/example_dags/example_bash_operator.py
[2026-07-13T11:35:26.817+0000] {processor.py:830} INFO - Processing file /home/airflow/.local/lib/python3.8/site-packages/airflow/example_dags/example_bash_operator.py for tasks to queue
[2026-07-13T11:35:26.821+0000] {logging_mixin.py:188} INFO - [2026-07-13T11:35:26.821+0000] {dagbag.py:538} INFO - Filling up the DagBag from /home/airflow/.local/lib/python3.8/site-packages/airflow/example_dags/example_bash_operator.py
[2026-07-13T11:35:26.834+0000] {processor.py:840} INFO - DAG(s) 'example_bash_operator' retrieved from /home/airflow/.local/lib/python3.8/site-packages/airflow/example_dags/example_bash_operator.py
[2026-07-13T11:35:26.867+0000] {logging_mixin.py:188} INFO - [2026-07-13T11:35:26.867+0000] {dag.py:3036} INFO - Sync 1 DAGs
[2026-07-13T11:35:26.902+0000] {logging_mixin.py:188} INFO - [2026-07-13T11:35:26.902+0000] {dag.py:3823} INFO - Setting next_dagrun for example_bash_operator to 2026-07-12 00:00:00+00:00, run_after=2026-07-13 00:00:00+00:00
[2026-07-13T11:35:26.924+0000] {processor.py:183} INFO - Processing /home/airflow/.local/lib/python3.8/site-packages/airflow/example_dags/example_bash_operator.py took 0.115 seconds
[2026-07-13T11:35:56.960+0000] {processor.py:161} INFO - Started process (PID=1991) to work on /home/airflow/.local/lib/python3.8/site-packages/airflow/example_dags/example_bash_operator.py
[2026-07-13T11:35:56.961+0000] {processor.py:830} INFO - Processing file /home/airflow/.local/lib/python3.8/site-packages/airflow/example_dags/example_bash_operator.py for tasks to queue
[2026-07-13T11:35:56.962+0000] {logging_mixin.py:188} INFO - [2026-07-13T11:35:56.962+0000] {dagbag.py:538} INFO - Filling up the DagBag from /home/airflow/.local/lib/python3.8/site-packages/airflow/example_dags/example_bash_operator.py
[2026-07-13T11:35:56.970+0000] {processor.py:840} INFO - DAG(s) 'example_bash_operator' retrieved from /home/airflow/.local/lib/python3.8/site-packages/airflow/example_dags/example_bash_operator.py
[2026-07-13T11:35:56.994+0000] {logging_mixin.py:188} INFO - [2026-07-13T11:35:56.994+0000] {dag.py:3036} INFO - Sync 1 DAGs
[2026-07-13T11:35:57.011+0000] {logging_mixin.py:188} INFO - [2026-07-13T11:35:57.011+0000] {dag.py:3823} INFO - Setting next_dagrun for example_bash_operator to 2026-07-12 00:00:00+00:00, run_after=2026-07-13 00:00:00+00:00
[2026-07-13T11:35:57.024+0000] {processor.py:183} INFO - Processing /home/airflow/.local/lib/python3.8/site-packages/airflow/example_dags/example_bash_operator.py took 0.067 seconds
[2026-07-13T11:36:27.280+0000] {processor.py:161} INFO - Started process (PID=2047) to work on /home/airflow/.local/lib/python3.8/site-packages/airflow/example_dags/example_bash_operator.py
[2026-07-13T11:36:27.283+0000] {processor.py:830} INFO - Processing file /home/airflow/.local/lib/python3.8/site-packages/airflow/example_dags/example_bash_operator.py for tasks to queue
[2026-07-13T11:36:27.284+0000] {logging_mixin.py:188} INFO - [2026-07-13T11:36:27.284+0000] {dagbag.py:538} INFO - Filling up the DagBag from /home/airflow/.local/lib/python3.8/site-packages/airflow/example_dags/example_bash_operator.py
[2026-07-13T11:36:27.293+0000] {processor.py:840} INFO - DAG(s) 'example_bash_operator' retrieved from /home/airflow/.local/lib/python3.8/site-packages/airflow/example_dags/example_bash_operator.py
[2026-07-13T11:36:27.314+0000] {logging_mixin.py:188} INFO - [2026-07-13T11:36:27.314+0000] {dag.py:3036} INFO - Sync 1 DAGs
[2026-07-13T11:36:27.333+0000] {logging_mixin.py:188} INFO - [2026-07-13T11:36:27.333+0000] {dag.py:3823} INFO - Setting next_dagrun for example_bash_operator to 2026-07-12 00:00:00+00:00, run_after=2026-07-13 00:00:00+00:00
[2026-07-13T11:36:27.354+0000] {processor.py:183} INFO - Processing /home/airflow/.local/lib/python3.8/site-packages/airflow/example_dags/example_bash_operator.py took 0.077 seconds
[2026-07-13T11:36:57.498+0000] {processor.py:161} INFO - Started process (PID=2103) to work on /home/airflow/.local/lib/python3.8/site-packages/airflow/example_dags/example_bash_operator.py
[2026-07-13T11:36:57.500+0000] {processor.py:830} INFO - Processing file /home/airflow/.local/lib/python3.8/site-packages/airflow/example_dags/example_bash_operator.py for tasks to queue
[2026-07-13T11:36:57.502+0000] {logging_mixin.py:188} INFO - [2026-07-13T11:36:57.501+0000] {dagbag.py:538} INFO - Filling up the DagBag from /home/airflow/.local/lib/python3.8/site-packages/airflow/example_dags/example_bash_operator.py
[2026-07-13T11:36:57.510+0000] {processor.py:840} INFO - DAG(s) 'example_bash_operator' retrieved from /home/airflow/.local/lib/python3.8/site-packages/airflow/example_dags/example_bash_operator.py
[2026-07-13T11:36:57.530+0000] {logging_mixin.py:188} INFO - [2026-07-13T11:36:57.530+0000] {dag.py:3036} INFO - Sync 1 DAGs
[2026-07-13T11:36:57.547+0000] {logging_mixin.py:188} INFO - [2026-07-13T11:36:57.547+0000] {dag.py:3823} INFO - Setting next_dagrun for example_bash_operator to 2026-07-12 00:00:00+00:00, run_after=2026-07-13 00:00:00+00:00
[2026-07-13T11:36:57.561+0000] {processor.py:183} INFO - Processing /home/airflow/.local/lib/python3.8/site-packages/airflow/example_dags/example_bash_operator.py took 0.066 seconds
[2026-07-13T11:37:27.808+0000] {processor.py:161} INFO - Started process (PID=2159) to work on /home/airflow/.local/lib/python3.8/site-packages/airflow/example_dags/example_bash_operator.py
[2026-07-13T11:37:27.810+0000] {processor.py:830} INFO - Processing file /home/airflow/.local/lib/python3.8/site-packages/airflow/example_dags/example_bash_operator.py for tasks to queue
[2026-07-13T11:37:27.812+0000] {logging_mixin.py:188} INFO - [2026-07-13T11:37:27.811+0000] {dagbag.py:538} INFO - Filling up the DagBag from /home/airflow/.local/lib/python3.8/site-packages/airflow/example_dags/example_bash_operator.py
[2026-07-13T11:37:27.822+0000] {processor.py:840} INFO - DAG(s) 'example_bash_operator' retrieved from /home/airflow/.local/lib/python3.8/site-packages/airflow/example_dags/example_bash_operator.py
[2026-07-13T11:37:27.845+0000] {logging_mixin.py:188} INFO - [2026-07-13T11:37:27.845+0000] {dag.py:3036} INFO - Sync 1 DAGs
[2026-07-13T11:37:27.864+0000] {logging_mixin.py:188} INFO - [2026-07-13T11:37:27.863+0000] {dag.py:3823} INFO - Setting next_dagrun for example_bash_operator to 2026-07-12 00:00:00+00:00, run_after=2026-07-13 00:00:00+00:00
[2026-07-13T11:37:27.877+0000] {processor.py:183} INFO - Processing /home/airflow/.local/lib/python3.8/site-packages/airflow/example_dags/example_bash_operator.py took 0.073 seconds
[2026-07-13T11:37:58.174+0000] {processor.py:161} INFO - Started process (PID=2215) to work on /home/airflow/.local/lib/python3.8/site-packages/airflow/example_dags/example_bash_operator.py
[2026-07-13T11:37:58.175+0000] {processor.py:830} INFO - Processing file /home/airflow/.local/lib/python3.8/site-packages/airflow/example_dags/example_bash_operator.py for tasks to queue
[2026-07-13T11:37:58.177+0000] {logging_mixin.py:188} INFO - [2026-07-13T11:37:58.177+0000] {dagbag.py:538} INFO - Filling up the DagBag from /home/airflow/.local/lib/python3.8/site-packages/airflow/example_dags/example_bash_operator.py
[2026-07-13T11:37:58.192+0000] {processor.py:840} INFO - DAG(s) 'example_bash_operator' retrieved from /home/airflow/.local/lib/python3.8/site-packages/airflow/example_dags/example_bash_operator.py
[2026-07-13T11:37:58.221+0000] {logging_mixin.py:188} INFO - [2026-07-13T11:37:58.221+0000] {dag.py:3036} INFO - Sync 1 DAGs
[2026-07-13T11:37:58.244+0000] {logging_mixin.py:188} INFO - [2026-07-13T11:37:58.244+0000] {dag.py:3823} INFO - Setting next_dagrun for example_bash_operator to 2026-07-12 00:00:00+00:00, run_after=2026-07-13 00:00:00+00:00
[2026-07-13T11:37:58.261+0000] {processor.py:183} INFO - Processing /home/airflow/.local/lib/python3.8/site-packages/airflow/example_dags/example_bash_operator.py took 0.090 seconds
[2026-07-13T11:38:28.498+0000] {processor.py:161} INFO - Started process (PID=2271) to work on /home/airflow/.local/lib/python3.8/site-packages/airflow/example_dags/example_bash_operator.py
[2026-07-13T11:38:28.499+0000] {processor.py:830} INFO - Processing file /home/airflow/.local/lib/python3.8/site-packages/airflow/example_dags/example_bash_operator.py for tasks to queue
[2026-07-13T11:38:28.501+0000] {logging_mixin.py:188} INFO - [2026-07-13T11:38:28.500+0000] {dagbag.py:538} INFO - Filling up the DagBag from /home/airflow/.local/lib/python3.8/site-packages/airflow/example_dags/example_bash_operator.py
[2026-07-13T11:38:28.511+0000] {processor.py:840} INFO - DAG(s) 'example_bash_operator' retrieved from /home/airflow/.local/lib/python3.8/site-packages/airflow/example_dags/example_bash_operator.py
[2026-07-13T11:38:28.539+0000] {logging_mixin.py:188} INFO - [2026-07-13T11:38:28.539+0000] {dag.py:3036} INFO - Sync 1 DAGs
[2026-07-13T11:38:28.561+0000] {logging_mixin.py:188} INFO - [2026-07-13T11:38:28.561+0000] {dag.py:3823} INFO - Setting next_dagrun for example_bash_operator to 2026-07-12 00:00:00+00:00, run_after=2026-07-13 00:00:00+00:00
[2026-07-13T11:38:28.581+0000] {processor.py:183} INFO - Processing /home/airflow/.local/lib/python3.8/site-packages/airflow/example_dags/example_bash_operator.py took 0.086 seconds
[2026-07-13T11:38:58.905+0000] {processor.py:161} INFO - Started process (PID=2325) to work on /home/airflow/.local/lib/python3.8/site-packages/airflow/example_dags/example_bash_operator.py
[2026-07-13T11:38:58.906+0000] {processor.py:830} INFO - Processing file /home/airflow/.local/lib/python3.8/site-packages/airflow/example_dags/example_bash_operator.py for tasks to queue
[2026-07-13T11:38:58.909+0000] {logging_mixin.py:188} INFO - [2026-07-13T11:38:58.908+0000] {dagbag.py:538} INFO - Filling up the DagBag from /home/airflow/.local/lib/python3.8/site-packages/airflow/example_dags/example_bash_operator.py
[2026-07-13T11:38:58.922+0000] {processor.py:840} INFO - DAG(s) 'example_bash_operator' retrieved from /home/airflow/.local/lib/python3.8/site-packages/airflow/example_dags/example_bash_operator.py
[2026-07-13T11:38:58.958+0000] {logging_mixin.py:188} INFO - [2026-07-13T11:38:58.958+0000] {dag.py:3036} INFO - Sync 1 DAGs
[2026-07-13T11:38:58.988+0000] {logging_mixin.py:188} INFO - [2026-07-13T11:38:58.988+0000] {dag.py:3823} INFO - Setting next_dagrun for example_bash_operator to 2026-07-12 00:00:00+00:00, run_after=2026-07-13 00:00:00+00:00
[2026-07-13T11:38:59.011+0000] {processor.py:183} INFO - Processing /home/airflow/.local/lib/python3.8/site-packages/airflow/example_dags/example_bash_operator.py took 0.112 seconds
[2026-07-13T11:39:29.287+0000] {processor.py:161} INFO - Started process (PID=2381) to work on /home/airflow/.local/lib/python3.8/site-packages/airflow/example_dags/example_bash_operator.py
[2026-07-13T11:39:29.289+0000] {processor.py:830} INFO - Processing file /home/airflow/.local/lib/python3.8/site-packages/airflow/example_dags/example_bash_operator.py for tasks to queue
[2026-07-13T11:39:29.290+0000] {logging_mixin.py:188} INFO - [2026-07-13T11:39:29.290+0000] {dagbag.py:538} INFO - Filling up the DagBag from /home/airflow/.local/lib/python3.8/site-packages/airflow/example_dags/example_bash_operator.py
[2026-07-13T11:39:29.306+0000] {processor.py:840} INFO - DAG(s) 'example_bash_operator' retrieved from /home/airflow/.local/lib/python3.8/site-packages/airflow/example_dags/example_bash_operator.py
[2026-07-13T11:39:29.329+0000] {logging_mixin.py:188} INFO - [2026-07-13T11:39:29.329+0000] {dag.py:3036} INFO - Sync 1 DAGs
[2026-07-13T11:39:29.347+0000] {logging_mixin.py:188} INFO - [2026-07-13T11:39:29.347+0000] {dag.py:3823} INFO - Setting next_dagrun for example_bash_operator to 2026-07-12 00:00:00+00:00, run_after=2026-07-13 00:00:00+00:00
[2026-07-13T11:39:29.363+0000] {processor.py:183} INFO - Processing /home/airflow/.local/lib/python3.8/site-packages/airflow/example_dags/example_bash_operator.py took 0.079 seconds
[2026-07-13T11:39:59.571+0000] {processor.py:161} INFO - Started process (PID=2437) to work on /home/airflow/.local/lib/python3.8/site-packages/airflow/example_dags/example_bash_operator.py
[2026-07-13T11:39:59.572+0000] {processor.py:830} INFO - Processing file /home/airflow/.local/lib/python3.8/site-packages/airflow/example_dags/example_bash_operator.py for tasks to queue
[2026-07-13T11:39:59.574+0000] {logging_mixin.py:188} INFO - [2026-07-13T11:39:59.573+0000] {dagbag.py:538} INFO - Filling up the DagBag from /home/airflow/.local/lib/python3.8/site-packages/airflow/example_dags/example_bash_operator.py
[2026-07-13T11:39:59.583+0000] {processor.py:840} INFO - DAG(s) 'example_bash_operator' retrieved from /home/airflow/.local/lib/python3.8/site-packages/airflow/example_dags/example_bash_operator.py
[2026-07-13T11:39:59.604+0000] {logging_mixin.py:188} INFO - [2026-07-13T11:39:59.604+0000] {dag.py:3036} INFO - Sync 1 DAGs
[2026-07-13T11:39:59.620+0000] {logging_mixin.py:188} INFO - [2026-07-13T11:39:59.620+0000] {dag.py:3823} INFO - Setting next_dagrun for example_bash_operator to 2026-07-12 00:00:00+00:00, run_after=2026-07-13 00:00:00+00:00
[2026-07-13T11:39:59.635+0000] {processor.py:183} INFO - Processing /home/airflow/.local/lib/python3.8/site-packages/airflow/example_dags/example_bash_operator.py took 0.066 seconds
[2026-07-13T11:40:29.933+0000] {processor.py:161} INFO - Started process (PID=2493) to work on /home/airflow/.local/lib/python3.8/site-packages/airflow/example_dags/example_bash_operator.py
[2026-07-13T11:40:29.934+0000] {processor.py:830} INFO - Processing file /home/airflow/.local/lib/python3.8/site-packages/airflow/example_dags/example_bash_operator.py for tasks to queue
[2026-07-13T11:40:29.935+0000] {logging_mixin.py:188} INFO - [2026-07-13T11:40:29.935+0000] {dagbag.py:538} INFO - Filling up the DagBag from /home/airflow/.local/lib/python3.8/site-packages/airflow/example_dags/example_bash_operator.py
[2026-07-13T11:40:29.945+0000] {processor.py:840} INFO - DAG(s) 'example_bash_operator' retrieved from /home/airflow/.local/lib/python3.8/site-packages/airflow/example_dags/example_bash_operator.py
[2026-07-13T11:40:29.968+0000] {logging_mixin.py:188} INFO - [2026-07-13T11:40:29.968+0000] {dag.py:3036} INFO - Sync 1 DAGs
[2026-07-13T11:40:29.986+0000] {logging_mixin.py:188} INFO - [2026-07-13T11:40:29.985+0000] {dag.py:3823} INFO - Setting next_dagrun for example_bash_operator to 2026-07-12 00:00:00+00:00, run_after=2026-07-13 00:00:00+00:00
[2026-07-13T11:40:30.001+0000] {processor.py:183} INFO - Processing /home/airflow/.local/lib/python3.8/site-packages/airflow/example_dags/example_bash_operator.py took 0.071 seconds
[2026-07-13T11:41:00.332+0000] {processor.py:161} INFO - Started process (PID=2543) to work on /home/airflow/.local/lib/python3.8/site-packages/airflow/example_dags/example_bash_operator.py
[2026-07-13T11:41:00.333+0000] {processor.py:830} INFO - Processing file /home/airflow/.local/lib/python3.8/site-packages/airflow/example_dags/example_bash_operator.py for tasks to queue
[2026-07-13T11:41:00.335+0000] {logging_mixin.py:188} INFO - [2026-07-13T11:41:00.334+0000] {dagbag.py:538} INFO - Filling up the DagBag from /home/airflow/.local/lib/python3.8/site-packages/airflow/example_dags/example_bash_operator.py
[2026-07-13T11:41:00.345+0000] {processor.py:840} INFO - DAG(s) 'example_bash_operator' retrieved from /home/airflow/.local/lib/python3.8/site-packages/airflow/example_dags/example_bash_operator.py
[2026-07-13T11:41:00.365+0000] {logging_mixin.py:188} INFO - [2026-07-13T11:41:00.365+0000] {dag.py:3036} INFO - Sync 1 DAGs
[2026-07-13T11:41:00.381+0000] {logging_mixin.py:188} INFO - [2026-07-13T11:41:00.380+0000] {dag.py:3823} INFO - Setting next_dagrun for example_bash_operator to 2026-07-12 00:00:00+00:00, run_after=2026-07-13 00:00:00+00:00
[2026-07-13T11:41:00.396+0000] {processor.py:183} INFO - Processing /home/airflow/.local/lib/python3.8/site-packages/airflow/example_dags/example_bash_operator.py took 0.066 seconds
[2026-07-13T11:41:30.530+0000] {processor.py:161} INFO - Started process (PID=2599) to work on /home/airflow/.local/lib/python3.8/site-packages/airflow/example_dags/example_bash_operator.py
[2026-07-13T11:41:30.531+0000] {processor.py:830} INFO - Processing file /home/airflow/.local/lib/python3.8/site-packages/airflow/example_dags/example_bash_operator.py for tasks to queue
[2026-07-13T11:41:30.533+0000] {logging_mixin.py:188} INFO - [2026-07-13T11:41:30.532+0000] {dagbag.py:538} INFO - Filling up the DagBag from /home/airflow/.local/lib/python3.8/site-packages/airflow/example_dags/example_bash_operator.py
[2026-07-13T11:41:30.541+0000] {processor.py:840} INFO - DAG(s) 'example_bash_operator' retrieved from /home/airflow/.local/lib/python3.8/site-packages/airflow/example_dags/example_bash_operator.py
[2026-07-13T11:41:30.559+0000] {logging_mixin.py:188} INFO - [2026-07-13T11:41:30.559+0000] {dag.py:3036} INFO - Sync 1 DAGs
[2026-07-13T11:41:30.701+0000] {logging_mixin.py:188} INFO - [2026-07-13T11:41:30.700+0000] {dag.py:3823} INFO - Setting next_dagrun for example_bash_operator to 2026-07-12 00:00:00+00:00, run_after=2026-07-13 00:00:00+00:00
[2026-07-13T11:41:30.719+0000] {processor.py:183} INFO - Processing /home/airflow/.local/lib/python3.8/site-packages/airflow/example_dags/example_bash_operator.py took 0.192 seconds
[2026-07-13T11:42:01.361+0000] {processor.py:161} INFO - Started process (PID=2655) to work on /home/airflow/.local/lib/python3.8/site-packages/airflow/example_dags/example_bash_operator.py
[2026-07-13T11:42:01.362+0000] {processor.py:830} INFO - Processing file /home/airflow/.local/lib/python3.8/site-packages/airflow/example_dags/example_bash_operator.py for tasks to queue
[2026-07-13T11:42:01.363+0000] {logging_mixin.py:188} INFO - [2026-07-13T11:42:01.363+0000] {dagbag.py:538} INFO - Filling up the DagBag from /home/airflow/.local/lib/python3.8/site-packages/airflow/example_dags/example_bash_operator.py
[2026-07-13T11:42:01.371+0000] {processor.py:840} INFO - DAG(s) 'example_bash_operator' retrieved from /home/airflow/.local/lib/python3.8/site-packages/airflow/example_dags/example_bash_operator.py
[2026-07-13T11:42:01.391+0000] {logging_mixin.py:188} INFO - [2026-07-13T11:42:01.390+0000] {dag.py:3036} INFO - Sync 1 DAGs
[2026-07-13T11:42:01.405+0000] {logging_mixin.py:188} INFO - [2026-07-13T11:42:01.405+0000] {dag.py:3823} INFO - Setting next_dagrun for example_bash_operator to 2026-07-12 00:00:00+00:00, run_after=2026-07-13 00:00:00+00:00
[2026-07-13T11:42:01.419+0000] {processor.py:183} INFO - Processing /home/airflow/.local/lib/python3.8/site-packages/airflow/example_dags/example_bash_operator.py took 0.061 seconds
[2026-07-13T11:42:31.790+0000] {processor.py:161} INFO - Started process (PID=2711) to work on /home/airflow/.local/lib/python3.8/site-packages/airflow/example_dags/example_bash_operator.py
[2026-07-13T11:42:31.791+0000] {processor.py:830} INFO - Processing file /home/airflow/.local/lib/python3.8/site-packages/airflow/example_dags/example_bash_operator.py for tasks to queue
[2026-07-13T11:42:31.793+0000] {logging_mixin.py:188} INFO - [2026-07-13T11:42:31.793+0000] {dagbag.py:538} INFO - Filling up the DagBag from /home/airflow/.local/lib/python3.8/site-packages/airflow/example_dags/example_bash_operator.py
[2026-07-13T11:42:31.801+0000] {processor.py:840} INFO - DAG(s) 'example_bash_operator' retrieved from /home/airflow/.local/lib/python3.8/site-packages/airflow/example_dags/example_bash_operator.py
[2026-07-13T11:42:31.823+0000] {logging_mixin.py:188} INFO - [2026-07-13T11:42:31.823+0000] {dag.py:3036} INFO - Sync 1 DAGs
[2026-07-13T11:42:31.839+0000] {logging_mixin.py:188} INFO - [2026-07-13T11:42:31.839+0000] {dag.py:3823} INFO - Setting next_dagrun for example_bash_operator to 2026-07-12 00:00:00+00:00, run_after=2026-07-13 00:00:00+00:00
[2026-07-13T11:42:31.852+0000] {processor.py:183} INFO - Processing /home/airflow/.local/lib/python3.8/site-packages/airflow/example_dags/example_bash_operator.py took 0.064 seconds
[2026-07-13T11:43:02.568+0000] {processor.py:161} INFO - Started process (PID=2768) to work on /home/airflow/.local/lib/python3.8/site-packages/airflow/example_dags/example_bash_operator.py
[2026-07-13T11:43:02.570+0000] {processor.py:830} INFO - Processing file /home/airflow/.local/lib/python3.8/site-packages/airflow/example_dags/example_bash_operator.py for tasks to queue
[2026-07-13T11:43:02.572+0000] {logging_mixin.py:188} INFO - [2026-07-13T11:43:02.572+0000] {dagbag.py:538} INFO - Filling up the DagBag from /home/airflow/.local/lib/python3.8/site-packages/airflow/example_dags/example_bash_operator.py
[2026-07-13T11:43:02.585+0000] {processor.py:840} INFO - DAG(s) 'example_bash_operator' retrieved from /home/airflow/.local/lib/python3.8/site-packages/airflow/example_dags/example_bash_operator.py
[2026-07-13T11:43:02.606+0000] {logging_mixin.py:188} INFO - [2026-07-13T11:43:02.605+0000] {dag.py:3036} INFO - Sync 1 DAGs
[2026-07-13T11:43:02.622+0000] {logging_mixin.py:188} INFO - [2026-07-13T11:43:02.622+0000] {dag.py:3823} INFO - Setting next_dagrun for example_bash_operator to 2026-07-12 00:00:00+00:00, run_after=2026-07-13 00:00:00+00:00
[2026-07-13T11:43:02.642+0000] {processor.py:183} INFO - Processing /home/airflow/.local/lib/python3.8/site-packages/airflow/example_dags/example_bash_operator.py took 0.079 seconds
[2026-07-13T11:43:33.389+0000] {processor.py:161} INFO - Started process (PID=2824) to work on /home/airflow/.local/lib/python3.8/site-packages/airflow/example_dags/example_bash_operator.py
[2026-07-13T11:43:33.390+0000] {processor.py:830} INFO - Processing file /home/airflow/.local/lib/python3.8/site-packages/airflow/example_dags/example_bash_operator.py for tasks to queue
[2026-07-13T11:43:33.391+0000] {logging_mixin.py:188} INFO - [2026-07-13T11:43:33.391+0000] {dagbag.py:538} INFO - Filling up the DagBag from /home/airflow/.local/lib/python3.8/site-packages/airflow/example_dags/example_bash_operator.py
[2026-07-13T11:43:33.401+0000] {processor.py:840} INFO - DAG(s) 'example_bash_operator' retrieved from /home/airflow/.local/lib/python3.8/site-packages/airflow/example_dags/example_bash_operator.py
[2026-07-13T11:43:33.424+0000] {logging_mixin.py:188} INFO - [2026-07-13T11:43:33.424+0000] {dag.py:3036} INFO - Sync 1 DAGs
[2026-07-13T11:43:33.452+0000] {logging_mixin.py:188} INFO - [2026-07-13T11:43:33.451+0000] {dag.py:3823} INFO - Setting next_dagrun for example_bash_operator to 2026-07-12 00:00:00+00:00, run_after=2026-07-13 00:00:00+00:00
[2026-07-13T11:43:33.480+0000] {processor.py:183} INFO - Processing /home/airflow/.local/lib/python3.8/site-packages/airflow/example_dags/example_bash_operator.py took 0.094 seconds
[2026-07-13T11:44:03.713+0000] {processor.py:161} INFO - Started process (PID=2880) to work on /home/airflow/.local/lib/python3.8/site-packages/airflow/example_dags/example_bash_operator.py
[2026-07-13T11:44:03.714+0000] {processor.py:830} INFO - Processing file /home/airflow/.local/lib/python3.8/site-packages/airflow/example_dags/example_bash_operator.py for tasks to queue
[2026-07-13T11:44:03.716+0000] {logging_mixin.py:188} INFO - [2026-07-13T11:44:03.715+0000] {dagbag.py:538} INFO - Filling up the DagBag from /home/airflow/.local/lib/python3.8/site-packages/airflow/example_dags/example_bash_operator.py
[2026-07-13T11:44:03.724+0000] {processor.py:840} INFO - DAG(s) 'example_bash_operator' retrieved from /home/airflow/.local/lib/python3.8/site-packages/airflow/example_dags/example_bash_operator.py
[2026-07-13T11:44:03.744+0000] {logging_mixin.py:188} INFO - [2026-07-13T11:44:03.744+0000] {dag.py:3036} INFO - Sync 1 DAGs
[2026-07-13T11:44:03.874+0000] {logging_mixin.py:188} INFO - [2026-07-13T11:44:03.874+0000] {dag.py:3823} INFO - Setting next_dagrun for example_bash_operator to 2026-07-12 00:00:00+00:00, run_after=2026-07-13 00:00:00+00:00
[2026-07-13T11:44:03.892+0000] {processor.py:183} INFO - Processing /home/airflow/.local/lib/python3.8/site-packages/airflow/example_dags/example_bash_operator.py took 0.181 seconds
[2026-07-13T11:44:34.434+0000] {processor.py:161} INFO - Started process (PID=2937) to work on /home/airflow/.local/lib/python3.8/site-packages/airflow/example_dags/example_bash_operator.py
[2026-07-13T11:44:34.435+0000] {processor.py:830} INFO - Processing file /home/airflow/.local/lib/python3.8/site-packages/airflow/example_dags/example_bash_operator.py for tasks to queue
[2026-07-13T11:44:34.436+0000] {logging_mixin.py:188} INFO - [2026-07-13T11:44:34.436+0000] {dagbag.py:538} INFO - Filling up the DagBag from /home/airflow/.local/lib/python3.8/site-packages/airflow/example_dags/example_bash_operator.py
[2026-07-13T11:44:34.446+0000] {processor.py:840} INFO - DAG(s) 'example_bash_operator' retrieved from /home/airflow/.local/lib/python3.8/site-packages/airflow/example_dags/example_bash_operator.py
[2026-07-13T11:44:34.469+0000] {logging_mixin.py:188} INFO - [2026-07-13T11:44:34.469+0000] {dag.py:3036} INFO - Sync 1 DAGs
[2026-07-13T11:44:34.489+0000] {logging_mixin.py:188} INFO - [2026-07-13T11:44:34.489+0000] {dag.py:3823} INFO - Setting next_dagrun for example_bash_operator to 2026-07-12 00:00:00+00:00, run_after=2026-07-13 00:00:00+00:00
[2026-07-13T11:44:34.507+0000] {processor.py:183} INFO - Processing /home/airflow/.local/lib/python3.8/site-packages/airflow/example_dags/example_bash_operator.py took 0.076 seconds
[2026-07-13T11:45:05.281+0000] {processor.py:161} INFO - Started process (PID=2993) to work on /home/airflow/.local/lib/python3.8/site-packages/airflow/example_dags/example_bash_operator.py
[2026-07-13T11:45:05.282+0000] {processor.py:830} INFO - Processing file /home/airflow/.local/lib/python3.8/site-packages/airflow/example_dags/example_bash_operator.py for tasks to queue
[2026-07-13T11:45:05.284+0000] {logging_mixin.py:188} INFO - [2026-07-13T11:45:05.284+0000] {dagbag.py:538} INFO - Filling up the DagBag from /home/airflow/.local/lib/python3.8/site-packages/airflow/example_dags/example_bash_operator.py
[2026-07-13T11:45:05.297+0000] {processor.py:840} INFO - DAG(s) 'example_bash_operator' retrieved from /home/airflow/.local/lib/python3.8/site-packages/airflow/example_dags/example_bash_operator.py
[2026-07-13T11:45:05.327+0000] {logging_mixin.py:188} INFO - [2026-07-13T11:45:05.327+0000] {dag.py:3036} INFO - Sync 1 DAGs
[2026-07-13T11:45:05.355+0000] {logging_mixin.py:188} INFO - [2026-07-13T11:45:05.355+0000] {dag.py:3823} INFO - Setting next_dagrun for example_bash_operator to 2026-07-12 00:00:00+00:00, run_after=2026-07-13 00:00:00+00:00
[2026-07-13T11:45:05.379+0000] {processor.py:183} INFO - Processing /home/airflow/.local/lib/python3.8/site-packages/airflow/example_dags/example_bash_operator.py took 0.102 seconds
[2026-07-13T11:45:37.681+0000] {processor.py:161} INFO - Started process (PID=3050) to work on /home/airflow/.local/lib/python3.8/site-packages/airflow/example_dags/example_bash_operator.py
[2026-07-13T11:45:37.682+0000] {processor.py:830} INFO - Processing file /home/airflow/.local/lib/python3.8/site-packages/airflow/example_dags/example_bash_operator.py for tasks to queue
[2026-07-13T11:45:37.684+0000] {logging_mixin.py:188} INFO - [2026-07-13T11:45:37.683+0000] {dagbag.py:538} INFO - Filling up the DagBag from /home/airflow/.local/lib/python3.8/site-packages/airflow/example_dags/example_bash_operator.py
[2026-07-13T11:45:37.695+0000] {processor.py:840} INFO - DAG(s) 'example_bash_operator' retrieved from /home/airflow/.local/lib/python3.8/site-packages/airflow/example_dags/example_bash_operator.py
[2026-07-13T11:45:37.717+0000] {logging_mixin.py:188} INFO - [2026-07-13T11:45:37.717+0000] {dag.py:3036} INFO - Sync 1 DAGs
[2026-07-13T11:45:37.732+0000] {logging_mixin.py:188} INFO - [2026-07-13T11:45:37.732+0000] {dag.py:3823} INFO - Setting next_dagrun for example_bash_operator to 2026-07-12 00:00:00+00:00, run_after=2026-07-13 00:00:00+00:00
[2026-07-13T11:45:37.751+0000] {processor.py:183} INFO - Processing /home/airflow/.local/lib/python3.8/site-packages/airflow/example_dags/example_bash_operator.py took 0.074 seconds
[2026-07-13T11:46:08.724+0000] {processor.py:161} INFO - Started process (PID=3106) to work on /home/airflow/.local/lib/python3.8/site-packages/airflow/example_dags/example_bash_operator.py
[2026-07-13T11:46:08.725+0000] {processor.py:830} INFO - Processing file /home/airflow/.local/lib/python3.8/site-packages/airflow/example_dags/example_bash_operator.py for tasks to queue
[2026-07-13T11:46:08.727+0000] {logging_mixin.py:188} INFO - [2026-07-13T11:46:08.726+0000] {dagbag.py:538} INFO - Filling up the DagBag from /home/airflow/.local/lib/python3.8/site-packages/airflow/example_dags/example_bash_operator.py
[2026-07-13T11:46:08.735+0000] {processor.py:840} INFO - DAG(s) 'example_bash_operator' retrieved from /home/airflow/.local/lib/python3.8/site-packages/airflow/example_dags/example_bash_operator.py
[2026-07-13T11:46:08.754+0000] {logging_mixin.py:188} INFO - [2026-07-13T11:46:08.754+0000] {dag.py:3036} INFO - Sync 1 DAGs
[2026-07-13T11:46:08.768+0000] {logging_mixin.py:188} INFO - [2026-07-13T11:46:08.768+0000] {dag.py:3823} INFO - Setting next_dagrun for example_bash_operator to 2026-07-12 00:00:00+00:00, run_after=2026-07-13 00:00:00+00:00
[2026-07-13T11:46:08.781+0000] {processor.py:183} INFO - Processing /home/airflow/.local/lib/python3.8/site-packages/airflow/example_dags/example_bash_operator.py took 0.060 seconds
[2026-07-13T11:46:39.105+0000] {processor.py:161} INFO - Started process (PID=3162) to work on /home/airflow/.local/lib/python3.8/site-packages/airflow/example_dags/example_bash_operator.py
[2026-07-13T11:46:39.107+0000] {processor.py:830} INFO - Processing file /home/airflow/.local/lib/python3.8/site-packages/airflow/example_dags/example_bash_operator.py for tasks to queue
[2026-07-13T11:46:39.111+0000] {logging_mixin.py:188} INFO - [2026-07-13T11:46:39.110+0000] {dagbag.py:538} INFO - Filling up the DagBag from /home/airflow/.local/lib/python3.8/site-packages/airflow/example_dags/example_bash_operator.py
[2026-07-13T11:46:39.127+0000] {processor.py:840} INFO - DAG(s) 'example_bash_operator' retrieved from /home/airflow/.local/lib/python3.8/site-packages/airflow/example_dags/example_bash_operator.py
[2026-07-13T11:46:39.155+0000] {logging_mixin.py:188} INFO - [2026-07-13T11:46:39.154+0000] {dag.py:3036} INFO - Sync 1 DAGs
[2026-07-13T11:46:39.177+0000] {logging_mixin.py:188} INFO - [2026-07-13T11:46:39.177+0000] {dag.py:3823} INFO - Setting next_dagrun for example_bash_operator to 2026-07-12 00:00:00+00:00, run_after=2026-07-13 00:00:00+00:00
[2026-07-13T11:46:39.196+0000] {processor.py:183} INFO - Processing /home/airflow/.local/lib/python3.8/site-packages/airflow/example_dags/example_bash_operator.py took 0.096 seconds
[2026-07-13T11:47:09.924+0000] {processor.py:161} INFO - Started process (PID=3219) to work on /home/airflow/.local/lib/python3.8/site-packages/airflow/example_dags/example_bash_operator.py
[2026-07-13T11:47:09.925+0000] {processor.py:830} INFO - Processing file /home/airflow/.local/lib/python3.8/site-packages/airflow/example_dags/example_bash_operator.py for tasks to queue
[2026-07-13T11:47:09.927+0000] {logging_mixin.py:188} INFO - [2026-07-13T11:47:09.927+0000] {dagbag.py:538} INFO - Filling up the DagBag from /home/airflow/.local/lib/python3.8/site-packages/airflow/example_dags/example_bash_operator.py
[2026-07-13T11:47:09.937+0000] {processor.py:840} INFO - DAG(s) 'example_bash_operator' retrieved from /home/airflow/.local/lib/python3.8/site-packages/airflow/example_dags/example_bash_operator.py
[2026-07-13T11:47:09.963+0000] {logging_mixin.py:188} INFO - [2026-07-13T11:47:09.963+0000] {dag.py:3036} INFO - Sync 1 DAGs
[2026-07-13T11:47:09.982+0000] {logging_mixin.py:188} INFO - [2026-07-13T11:47:09.981+0000] {dag.py:3823} INFO - Setting next_dagrun for example_bash_operator to 2026-07-12 00:00:00+00:00, run_after=2026-07-13 00:00:00+00:00
[2026-07-13T11:47:09.998+0000] {processor.py:183} INFO - Processing /home/airflow/.local/lib/python3.8/site-packages/airflow/example_dags/example_bash_operator.py took 0.077 seconds
[2026-07-13T11:47:40.911+0000] {processor.py:161} INFO - Started process (PID=3275) to work on /home/airflow/.local/lib/python3.8/site-packages/airflow/example_dags/example_bash_operator.py
[2026-07-13T11:47:40.912+0000] {processor.py:830} INFO - Processing file /home/airflow/.local/lib/python3.8/site-packages/airflow/example_dags/example_bash_operator.py for tasks to queue
[2026-07-13T11:47:40.914+0000] {logging_mixin.py:188} INFO - [2026-07-13T11:47:40.913+0000] {dagbag.py:538} INFO - Filling up the DagBag from /home/airflow/.local/lib/python3.8/site-packages/airflow/example_dags/example_bash_operator.py
[2026-07-13T11:47:40.923+0000] {processor.py:840} INFO - DAG(s) 'example_bash_operator' retrieved from /home/airflow/.local/lib/python3.8/site-packages/airflow/example_dags/example_bash_operator.py
[2026-07-13T11:47:40.944+0000] {logging_mixin.py:188} INFO - [2026-07-13T11:47:40.944+0000] {dag.py:3036} INFO - Sync 1 DAGs
[2026-07-13T11:47:40.966+0000] {logging_mixin.py:188} INFO - [2026-07-13T11:47:40.965+0000] {dag.py:3823} INFO - Setting next_dagrun for example_bash_operator to 2026-07-12 00:00:00+00:00, run_after=2026-07-13 00:00:00+00:00
[2026-07-13T11:47:40.981+0000] {processor.py:183} INFO - Processing /home/airflow/.local/lib/python3.8/site-packages/airflow/example_dags/example_bash_operator.py took 0.072 seconds
[2026-07-13T11:48:11.373+0000] {processor.py:161} INFO - Started process (PID=3331) to work on /home/airflow/.local/lib/python3.8/site-packages/airflow/example_dags/example_bash_operator.py
[2026-07-13T11:48:11.373+0000] {processor.py:830} INFO - Processing file /home/airflow/.local/lib/python3.8/site-packages/airflow/example_dags/example_bash_operator.py for tasks to queue
[2026-07-13T11:48:11.375+0000] {logging_mixin.py:188} INFO - [2026-07-13T11:48:11.375+0000] {dagbag.py:538} INFO - Filling up the DagBag from /home/airflow/.local/lib/python3.8/site-packages/airflow/example_dags/example_bash_operator.py
[2026-07-13T11:48:11.384+0000] {processor.py:840} INFO - DAG(s) 'example_bash_operator' retrieved from /home/airflow/.local/lib/python3.8/site-packages/airflow/example_dags/example_bash_operator.py
[2026-07-13T11:48:11.406+0000] {logging_mixin.py:188} INFO - [2026-07-13T11:48:11.405+0000] {dag.py:3036} INFO - Sync 1 DAGs
[2026-07-13T11:48:11.438+0000] {logging_mixin.py:188} INFO - [2026-07-13T11:48:11.438+0000] {dag.py:3823} INFO - Setting next_dagrun for example_bash_operator to 2026-07-12 00:00:00+00:00, run_after=2026-07-13 00:00:00+00:00
[2026-07-13T11:48:11.465+0000] {processor.py:183} INFO - Processing /home/airflow/.local/lib/python3.8/site-packages/airflow/example_dags/example_bash_operator.py took 0.095 seconds
[2026-07-13T11:48:41.947+0000] {processor.py:161} INFO - Started process (PID=3387) to work on /home/airflow/.local/lib/python3.8/site-packages/airflow/example_dags/example_bash_operator.py
[2026-07-13T11:48:41.948+0000] {processor.py:830} INFO - Processing file /home/airflow/.local/lib/python3.8/site-packages/airflow/example_dags/example_bash_operator.py for tasks to queue
[2026-07-13T11:48:41.950+0000] {logging_mixin.py:188} INFO - [2026-07-13T11:48:41.949+0000] {dagbag.py:538} INFO - Filling up the DagBag from /home/airflow/.local/lib/python3.8/site-packages/airflow/example_dags/example_bash_operator.py
[2026-07-13T11:48:41.959+0000] {processor.py:840} INFO - DAG(s) 'example_bash_operator' retrieved from /home/airflow/.local/lib/python3.8/site-packages/airflow/example_dags/example_bash_operator.py
[2026-07-13T11:48:41.978+0000] {logging_mixin.py:188} INFO - [2026-07-13T11:48:41.978+0000] {dag.py:3036} INFO - Sync 1 DAGs
[2026-07-13T11:48:41.994+0000] {logging_mixin.py:188} INFO - [2026-07-13T11:48:41.994+0000] {dag.py:3823} INFO - Setting next_dagrun for example_bash_operator to 2026-07-12 00:00:00+00:00, run_after=2026-07-13 00:00:00+00:00
[2026-07-13T11:48:42.018+0000] {processor.py:183} INFO - Processing /home/airflow/.local/lib/python3.8/site-packages/airflow/example_dags/example_bash_operator.py took 0.074 seconds
[2026-07-13T11:49:12.919+0000] {processor.py:161} INFO - Started process (PID=3443) to work on /home/airflow/.local/lib/python3.8/site-packages/airflow/example_dags/example_bash_operator.py
[2026-07-13T11:49:12.920+0000] {processor.py:830} INFO - Processing file /home/airflow/.local/lib/python3.8/site-packages/airflow/example_dags/example_bash_operator.py for tasks to queue
[2026-07-13T11:49:12.922+0000] {logging_mixin.py:188} INFO - [2026-07-13T11:49:12.922+0000] {dagbag.py:538} INFO - Filling up the DagBag from /home/airflow/.local/lib/python3.8/site-packages/airflow/example_dags/example_bash_operator.py
[2026-07-13T11:49:12.930+0000] {processor.py:840} INFO - DAG(s) 'example_bash_operator' retrieved from /home/airflow/.local/lib/python3.8/site-packages/airflow/example_dags/example_bash_operator.py
[2026-07-13T11:49:12.949+0000] {logging_mixin.py:188} INFO - [2026-07-13T11:49:12.948+0000] {dag.py:3036} INFO - Sync 1 DAGs
[2026-07-13T11:49:12.963+0000] {logging_mixin.py:188} INFO - [2026-07-13T11:49:12.963+0000] {dag.py:3823} INFO - Setting next_dagrun for example_bash_operator to 2026-07-12 00:00:00+00:00, run_after=2026-07-13 00:00:00+00:00
[2026-07-13T11:49:12.975+0000] {processor.py:183} INFO - Processing /home/airflow/.local/lib/python3.8/site-packages/airflow/example_dags/example_bash_operator.py took 0.058 seconds
[2026-07-13T11:49:43.044+0000] {processor.py:161} INFO - Started process (PID=3499) to work on /home/airflow/.local/lib/python3.8/site-packages/airflow/example_dags/example_bash_operator.py
[2026-07-13T11:49:43.045+0000] {processor.py:830} INFO - Processing file /home/airflow/.local/lib/python3.8/site-packages/airflow/example_dags/example_bash_operator.py for tasks to queue
[2026-07-13T11:49:43.046+0000] {logging_mixin.py:188} INFO - [2026-07-13T11:49:43.045+0000] {dagbag.py:538} INFO - Filling up the DagBag from /home/airflow/.local/lib/python3.8/site-packages/airflow/example_dags/example_bash_operator.py
[2026-07-13T11:49:43.055+0000] {processor.py:840} INFO - DAG(s) 'example_bash_operator' retrieved from /home/airflow/.local/lib/python3.8/site-packages/airflow/example_dags/example_bash_operator.py
[2026-07-13T11:49:43.075+0000] {logging_mixin.py:188} INFO - [2026-07-13T11:49:43.074+0000] {dag.py:3036} INFO - Sync 1 DAGs
[2026-07-13T11:49:43.092+0000] {logging_mixin.py:188} INFO - [2026-07-13T11:49:43.092+0000] {dag.py:3823} INFO - Setting next_dagrun for example_bash_operator to 2026-07-12 00:00:00+00:00, run_after=2026-07-13 00:00:00+00:00
[2026-07-13T11:49:43.109+0000] {processor.py:183} INFO - Processing /home/airflow/.local/lib/python3.8/site-packages/airflow/example_dags/example_bash_operator.py took 0.068 seconds
[2026-07-13T11:50:13.677+0000] {processor.py:161} INFO - Started process (PID=3555) to work on /home/airflow/.local/lib/python3.8/site-packages/airflow/example_dags/example_bash_operator.py
[2026-07-13T11:50:13.678+0000] {processor.py:830} INFO - Processing file /home/airflow/.local/lib/python3.8/site-packages/airflow/example_dags/example_bash_operator.py for tasks to queue
[2026-07-13T11:50:13.679+0000] {logging_mixin.py:188} INFO - [2026-07-13T11:50:13.679+0000] {dagbag.py:538} INFO - Filling up the DagBag from /home/airflow/.local/lib/python3.8/site-packages/airflow/example_dags/example_bash_operator.py
[2026-07-13T11:50:13.688+0000] {processor.py:840} INFO - DAG(s) 'example_bash_operator' retrieved from /home/airflow/.local/lib/python3.8/site-packages/airflow/example_dags/example_bash_operator.py
[2026-07-13T11:50:13.707+0000] {logging_mixin.py:188} INFO - [2026-07-13T11:50:13.707+0000] {dag.py:3036} INFO - Sync 1 DAGs
[2026-07-13T11:50:13.722+0000] {logging_mixin.py:188} INFO - [2026-07-13T11:50:13.722+0000] {dag.py:3823} INFO - Setting next_dagrun for example_bash_operator to 2026-07-12 00:00:00+00:00, run_after=2026-07-13 00:00:00+00:00
[2026-07-13T11:50:13.736+0000] {processor.py:183} INFO - Processing /home/airflow/.local/lib/python3.8/site-packages/airflow/example_dags/example_bash_operator.py took 0.061 seconds
[2026-07-13T11:50:44.606+0000] {processor.py:161} INFO - Started process (PID=3611) to work on /home/airflow/.local/lib/python3.8/site-packages/airflow/example_dags/example_bash_operator.py
[2026-07-13T11:50:44.607+0000] {processor.py:830} INFO - Processing file /home/airflow/.local/lib/python3.8/site-packages/airflow/example_dags/example_bash_operator.py for tasks to queue
[2026-07-13T11:50:44.609+0000] {logging_mixin.py:188} INFO - [2026-07-13T11:50:44.609+0000] {dagbag.py:538} INFO - Filling up the DagBag from /home/airflow/.local/lib/python3.8/site-packages/airflow/example_dags/example_bash_operator.py
[2026-07-13T11:50:44.622+0000] {processor.py:840} INFO - DAG(s) 'example_bash_operator' retrieved from /home/airflow/.local/lib/python3.8/site-packages/airflow/example_dags/example_bash_operator.py
[2026-07-13T11:50:44.654+0000] {logging_mixin.py:188} INFO - [2026-07-13T11:50:44.654+0000] {dag.py:3036} INFO - Sync 1 DAGs
[2026-07-13T11:50:44.677+0000] {logging_mixin.py:188} INFO - [2026-07-13T11:50:44.676+0000] {dag.py:3823} INFO - Setting next_dagrun for example_bash_operator to 2026-07-12 00:00:00+00:00, run_after=2026-07-13 00:00:00+00:00
[2026-07-13T11:50:44.702+0000] {processor.py:183} INFO - Processing /home/airflow/.local/lib/python3.8/site-packages/airflow/example_dags/example_bash_operator.py took 0.101 seconds
[2026-07-13T11:51:15.652+0000] {processor.py:161} INFO - Started process (PID=3667) to work on /home/airflow/.local/lib/python3.8/site-packages/airflow/example_dags/example_bash_operator.py
[2026-07-13T11:51:15.653+0000] {processor.py:830} INFO - Processing file /home/airflow/.local/lib/python3.8/site-packages/airflow/example_dags/example_bash_operator.py for tasks to queue
[2026-07-13T11:51:15.655+0000] {logging_mixin.py:188} INFO - [2026-07-13T11:51:15.655+0000] {dagbag.py:538} INFO - Filling up the DagBag from /home/airflow/.local/lib/python3.8/site-packages/airflow/example_dags/example_bash_operator.py
[2026-07-13T11:51:15.663+0000] {processor.py:840} INFO - DAG(s) 'example_bash_operator' retrieved from /home/airflow/.local/lib/python3.8/site-packages/airflow/example_dags/example_bash_operator.py
[2026-07-13T11:51:15.683+0000] {logging_mixin.py:188} INFO - [2026-07-13T11:51:15.683+0000] {dag.py:3036} INFO - Sync 1 DAGs
[2026-07-13T11:51:15.698+0000] {logging_mixin.py:188} INFO - [2026-07-13T11:51:15.698+0000] {dag.py:3823} INFO - Setting next_dagrun for example_bash_operator to 2026-07-12 00:00:00+00:00, run_after=2026-07-13 00:00:00+00:00
[2026-07-13T11:51:15.711+0000] {processor.py:183} INFO - Processing /home/airflow/.local/lib/python3.8/site-packages/airflow/example_dags/example_bash_operator.py took 0.061 seconds
[2026-07-13T11:51:46.370+0000] {processor.py:161} INFO - Started process (PID=3723) to work on /home/airflow/.local/lib/python3.8/site-packages/airflow/example_dags/example_bash_operator.py
[2026-07-13T11:51:46.371+0000] {processor.py:830} INFO - Processing file /home/airflow/.local/lib/python3.8/site-packages/airflow/example_dags/example_bash_operator.py for tasks to queue
[2026-07-13T11:51:46.372+0000] {logging_mixin.py:188} INFO - [2026-07-13T11:51:46.372+0000] {dagbag.py:538} INFO - Filling up the DagBag from /home/airflow/.local/lib/python3.8/site-packages/airflow/example_dags/example_bash_operator.py
[2026-07-13T11:51:46.381+0000] {processor.py:840} INFO - DAG(s) 'example_bash_operator' retrieved from /home/airflow/.local/lib/python3.8/site-packages/airflow/example_dags/example_bash_operator.py
[2026-07-13T11:51:46.401+0000] {logging_mixin.py:188} INFO - [2026-07-13T11:51:46.401+0000] {dag.py:3036} INFO - Sync 1 DAGs
[2026-07-13T11:51:46.417+0000] {logging_mixin.py:188} INFO - [2026-07-13T11:51:46.417+0000] {dag.py:3823} INFO - Setting next_dagrun for example_bash_operator to 2026-07-12 00:00:00+00:00, run_after=2026-07-13 00:00:00+00:00
[2026-07-13T11:51:46.433+0000] {processor.py:183} INFO - Processing /home/airflow/.local/lib/python3.8/site-packages/airflow/example_dags/example_bash_operator.py took 0.066 seconds
[2026-07-13T11:52:16.483+0000] {processor.py:161} INFO - Started process (PID=3779) to work on /home/airflow/.local/lib/python3.8/site-packages/airflow/example_dags/example_bash_operator.py
[2026-07-13T11:52:16.484+0000] {processor.py:830} INFO - Processing file /home/airflow/.local/lib/python3.8/site-packages/airflow/example_dags/example_bash_operator.py for tasks to queue
[2026-07-13T11:52:16.486+0000] {logging_mixin.py:188} INFO - [2026-07-13T11:52:16.485+0000] {dagbag.py:538} INFO - Filling up the DagBag from /home/airflow/.local/lib/python3.8/site-packages/airflow/example_dags/example_bash_operator.py
[2026-07-13T11:52:16.494+0000] {processor.py:840} INFO - DAG(s) 'example_bash_operator' retrieved from /home/airflow/.local/lib/python3.8/site-packages/airflow/example_dags/example_bash_operator.py
[2026-07-13T11:52:16.514+0000] {logging_mixin.py:188} INFO - [2026-07-13T11:52:16.514+0000] {dag.py:3036} INFO - Sync 1 DAGs
[2026-07-13T11:52:16.530+0000] {logging_mixin.py:188} INFO - [2026-07-13T11:52:16.530+0000] {dag.py:3823} INFO - Setting next_dagrun for example_bash_operator to 2026-07-12 00:00:00+00:00, run_after=2026-07-13 00:00:00+00:00
[2026-07-13T11:52:16.545+0000] {processor.py:183} INFO - Processing /home/airflow/.local/lib/python3.8/site-packages/airflow/example_dags/example_bash_operator.py took 0.065 seconds
[2026-07-13T11:52:47.264+0000] {processor.py:161} INFO - Started process (PID=3835) to work on /home/airflow/.local/lib/python3.8/site-packages/airflow/example_dags/example_bash_operator.py
[2026-07-13T11:52:47.267+0000] {processor.py:830} INFO - Processing file /home/airflow/.local/lib/python3.8/site-packages/airflow/example_dags/example_bash_operator.py for tasks to queue
[2026-07-13T11:52:47.271+0000] {logging_mixin.py:188} INFO - [2026-07-13T11:52:47.271+0000] {dagbag.py:538} INFO - Filling up the DagBag from /home/airflow/.local/lib/python3.8/site-packages/airflow/example_dags/example_bash_operator.py
[2026-07-13T11:52:47.298+0000] {processor.py:840} INFO - DAG(s) 'example_bash_operator' retrieved from /home/airflow/.local/lib/python3.8/site-packages/airflow/example_dags/example_bash_operator.py
[2026-07-13T11:52:47.318+0000] {logging_mixin.py:188} INFO - [2026-07-13T11:52:47.318+0000] {dag.py:3036} INFO - Sync 1 DAGs
[2026-07-13T11:52:47.335+0000] {logging_mixin.py:188} INFO - [2026-07-13T11:52:47.335+0000] {dag.py:3823} INFO - Setting next_dagrun for example_bash_operator to 2026-07-12 00:00:00+00:00, run_after=2026-07-13 00:00:00+00:00
[2026-07-13T11:52:47.354+0000] {processor.py:183} INFO - Processing /home/airflow/.local/lib/python3.8/site-packages/airflow/example_dags/example_bash_operator.py took 0.098 seconds
[2026-07-13T11:53:17.441+0000] {processor.py:161} INFO - Started process (PID=3885) to work on /home/airflow/.local/lib/python3.8/site-packages/airflow/example_dags/example_bash_operator.py
[2026-07-13T11:53:17.442+0000] {processor.py:830} INFO - Processing file /home/airflow/.local/lib/python3.8/site-packages/airflow/example_dags/example_bash_operator.py for tasks to queue
[2026-07-13T11:53:17.443+0000] {logging_mixin.py:188} INFO - [2026-07-13T11:53:17.443+0000] {dagbag.py:538} INFO - Filling up the DagBag from /home/airflow/.local/lib/python3.8/site-packages/airflow/example_dags/example_bash_operator.py
[2026-07-13T11:53:17.453+0000] {processor.py:840} INFO - DAG(s) 'example_bash_operator' retrieved from /home/airflow/.local/lib/python3.8/site-packages/airflow/example_dags/example_bash_operator.py
[2026-07-13T11:53:17.473+0000] {logging_mixin.py:188} INFO - [2026-07-13T11:53:17.473+0000] {dag.py:3036} INFO - Sync 1 DAGs
[2026-07-13T11:53:17.489+0000] {logging_mixin.py:188} INFO - [2026-07-13T11:53:17.489+0000] {dag.py:3823} INFO - Setting next_dagrun for example_bash_operator to 2026-07-12 00:00:00+00:00, run_after=2026-07-13 00:00:00+00:00
[2026-07-13T11:53:17.503+0000] {processor.py:183} INFO - Processing /home/airflow/.local/lib/python3.8/site-packages/airflow/example_dags/example_bash_operator.py took 0.067 seconds
[2026-07-13T11:53:47.907+0000] {processor.py:161} INFO - Started process (PID=3941) to work on /home/airflow/.local/lib/python3.8/site-packages/airflow/example_dags/example_bash_operator.py
[2026-07-13T11:53:47.908+0000] {processor.py:830} INFO - Processing file /home/airflow/.local/lib/python3.8/site-packages/airflow/example_dags/example_bash_operator.py for tasks to queue
[2026-07-13T11:53:47.909+0000] {logging_mixin.py:188} INFO - [2026-07-13T11:53:47.909+0000] {dagbag.py:538} INFO - Filling up the DagBag from /home/airflow/.local/lib/python3.8/site-packages/airflow/example_dags/example_bash_operator.py
[2026-07-13T11:53:47.918+0000] {processor.py:840} INFO - DAG(s) 'example_bash_operator' retrieved from /home/airflow/.local/lib/python3.8/site-packages/airflow/example_dags/example_bash_operator.py
[2026-07-13T11:53:47.937+0000] {logging_mixin.py:188} INFO - [2026-07-13T11:53:47.937+0000] {dag.py:3036} INFO - Sync 1 DAGs
[2026-07-13T11:53:47.954+0000] {logging_mixin.py:188} INFO - [2026-07-13T11:53:47.954+0000] {dag.py:3823} INFO - Setting next_dagrun for example_bash_operator to 2026-07-12 00:00:00+00:00, run_after=2026-07-13 00:00:00+00:00
[2026-07-13T11:53:47.969+0000] {processor.py:183} INFO - Processing /home/airflow/.local/lib/python3.8/site-packages/airflow/example_dags/example_bash_operator.py took 0.065 seconds
[2026-07-13T11:54:18.476+0000] {processor.py:161} INFO - Started process (PID=3998) to work on /home/airflow/.local/lib/python3.8/site-packages/airflow/example_dags/example_bash_operator.py
[2026-07-13T11:54:18.478+0000] {processor.py:830} INFO - Processing file /home/airflow/.local/lib/python3.8/site-packages/airflow/example_dags/example_bash_operator.py for tasks to queue
[2026-07-13T11:54:18.479+0000] {logging_mixin.py:188} INFO - [2026-07-13T11:54:18.479+0000] {dagbag.py:538} INFO - Filling up the DagBag from /home/airflow/.local/lib/python3.8/site-packages/airflow/example_dags/example_bash_operator.py
[2026-07-13T11:54:18.489+0000] {processor.py:840} INFO - DAG(s) 'example_bash_operator' retrieved from /home/airflow/.local/lib/python3.8/site-packages/airflow/example_dags/example_bash_operator.py
[2026-07-13T11:54:18.509+0000] {logging_mixin.py:188} INFO - [2026-07-13T11:54:18.509+0000] {dag.py:3036} INFO - Sync 1 DAGs
[2026-07-13T11:54:18.527+0000] {logging_mixin.py:188} INFO - [2026-07-13T11:54:18.526+0000] {dag.py:3823} INFO - Setting next_dagrun for example_bash_operator to 2026-07-12 00:00:00+00:00, run_after=2026-07-13 00:00:00+00:00
[2026-07-13T11:54:18.553+0000] {processor.py:183} INFO - Processing /home/airflow/.local/lib/python3.8/site-packages/airflow/example_dags/example_bash_operator.py took 0.079 seconds
[2026-07-13T11:54:49.089+0000] {processor.py:161} INFO - Started process (PID=4054) to work on /home/airflow/.local/lib/python3.8/site-packages/airflow/example_dags/example_bash_operator.py
[2026-07-13T11:54:49.090+0000] {processor.py:830} INFO - Processing file /home/airflow/.local/lib/python3.8/site-packages/airflow/example_dags/example_bash_operator.py for tasks to queue
[2026-07-13T11:54:49.091+0000] {logging_mixin.py:188} INFO - [2026-07-13T11:54:49.091+0000] {dagbag.py:538} INFO - Filling up the DagBag from /home/airflow/.local/lib/python3.8/site-packages/airflow/example_dags/example_bash_operator.py
[2026-07-13T11:54:49.101+0000] {processor.py:840} INFO - DAG(s) 'example_bash_operator' retrieved from /home/airflow/.local/lib/python3.8/site-packages/airflow/example_dags/example_bash_operator.py
[2026-07-13T11:54:49.122+0000] {logging_mixin.py:188} INFO - [2026-07-13T11:54:49.122+0000] {dag.py:3036} INFO - Sync 1 DAGs
[2026-07-13T11:54:49.140+0000] {logging_mixin.py:188} INFO - [2026-07-13T11:54:49.140+0000] {dag.py:3823} INFO - Setting next_dagrun for example_bash_operator to 2026-07-12 00:00:00+00:00, run_after=2026-07-13 00:00:00+00:00
[2026-07-13T11:54:49.156+0000] {processor.py:183} INFO - Processing /home/airflow/.local/lib/python3.8/site-packages/airflow/example_dags/example_bash_operator.py took 0.071 seconds
[2026-07-13T11:55:19.681+0000] {processor.py:161} INFO - Started process (PID=4110) to work on /home/airflow/.local/lib/python3.8/site-packages/airflow/example_dags/example_bash_operator.py
[2026-07-13T11:55:19.682+0000] {processor.py:830} INFO - Processing file /home/airflow/.local/lib/python3.8/site-packages/airflow/example_dags/example_bash_operator.py for tasks to queue
[2026-07-13T11:55:19.683+0000] {logging_mixin.py:188} INFO - [2026-07-13T11:55:19.683+0000] {dagbag.py:538} INFO - Filling up the DagBag from /home/airflow/.local/lib/python3.8/site-packages/airflow/example_dags/example_bash_operator.py
[2026-07-13T11:55:19.693+0000] {processor.py:840} INFO - DAG(s) 'example_bash_operator' retrieved from /home/airflow/.local/lib/python3.8/site-packages/airflow/example_dags/example_bash_operator.py
[2026-07-13T11:55:19.713+0000] {logging_mixin.py:188} INFO - [2026-07-13T11:55:19.713+0000] {dag.py:3036} INFO - Sync 1 DAGs
[2026-07-13T11:55:19.730+0000] {logging_mixin.py:188} INFO - [2026-07-13T11:55:19.730+0000] {dag.py:3823} INFO - Setting next_dagrun for example_bash_operator to 2026-07-12 00:00:00+00:00, run_after=2026-07-13 00:00:00+00:00
[2026-07-13T11:55:19.744+0000] {processor.py:183} INFO - Processing /home/airflow/.local/lib/python3.8/site-packages/airflow/example_dags/example_bash_operator.py took 0.065 seconds
[2026-07-13T11:55:50.122+0000] {processor.py:161} INFO - Started process (PID=4166) to work on /home/airflow/.local/lib/python3.8/site-packages/airflow/example_dags/example_bash_operator.py
[2026-07-13T11:55:50.124+0000] {processor.py:830} INFO - Processing file /home/airflow/.local/lib/python3.8/site-packages/airflow/example_dags/example_bash_operator.py for tasks to queue
[2026-07-13T11:55:50.125+0000] {logging_mixin.py:188} INFO - [2026-07-13T11:55:50.125+0000] {dagbag.py:538} INFO - Filling up the DagBag from /home/airflow/.local/lib/python3.8/site-packages/airflow/example_dags/example_bash_operator.py
[2026-07-13T11:55:50.134+0000] {processor.py:840} INFO - DAG(s) 'example_bash_operator' retrieved from /home/airflow/.local/lib/python3.8/site-packages/airflow/example_dags/example_bash_operator.py
[2026-07-13T11:55:50.156+0000] {logging_mixin.py:188} INFO - [2026-07-13T11:55:50.156+0000] {dag.py:3036} INFO - Sync 1 DAGs
[2026-07-13T11:55:50.173+0000] {logging_mixin.py:188} INFO - [2026-07-13T11:55:50.173+0000] {dag.py:3823} INFO - Setting next_dagrun for example_bash_operator to 2026-07-12 00:00:00+00:00, run_after=2026-07-13 00:00:00+00:00
[2026-07-13T11:55:50.190+0000] {processor.py:183} INFO - Processing /home/airflow/.local/lib/python3.8/site-packages/airflow/example_dags/example_bash_operator.py took 0.071 seconds
[2026-07-13T11:56:20.684+0000] {processor.py:161} INFO - Started process (PID=4222) to work on /home/airflow/.local/lib/python3.8/site-packages/airflow/example_dags/example_bash_operator.py
[2026-07-13T11:56:20.687+0000] {processor.py:830} INFO - Processing file /home/airflow/.local/lib/python3.8/site-packages/airflow/example_dags/example_bash_operator.py for tasks to queue
[2026-07-13T11:56:20.689+0000] {logging_mixin.py:188} INFO - [2026-07-13T11:56:20.689+0000] {dagbag.py:538} INFO - Filling up the DagBag from /home/airflow/.local/lib/python3.8/site-packages/airflow/example_dags/example_bash_operator.py
[2026-07-13T11:56:20.698+0000] {processor.py:840} INFO - DAG(s) 'example_bash_operator' retrieved from /home/airflow/.local/lib/python3.8/site-packages/airflow/example_dags/example_bash_operator.py
[2026-07-13T11:56:20.722+0000] {logging_mixin.py:188} INFO - [2026-07-13T11:56:20.722+0000] {dag.py:3036} INFO - Sync 1 DAGs
[2026-07-13T11:56:20.741+0000] {logging_mixin.py:188} INFO - [2026-07-13T11:56:20.741+0000] {dag.py:3823} INFO - Setting next_dagrun for example_bash_operator to 2026-07-12 00:00:00+00:00, run_after=2026-07-13 00:00:00+00:00
[2026-07-13T11:56:20.758+0000] {processor.py:183} INFO - Processing /home/airflow/.local/lib/python3.8/site-packages/airflow/example_dags/example_bash_operator.py took 0.079 seconds
[2026-07-13T11:56:51.313+0000] {processor.py:161} INFO - Started process (PID=4278) to work on /home/airflow/.local/lib/python3.8/site-packages/airflow/example_dags/example_bash_operator.py
[2026-07-13T11:56:51.314+0000] {processor.py:830} INFO - Processing file /home/airflow/.local/lib/python3.8/site-packages/airflow/example_dags/example_bash_operator.py for tasks to queue
[2026-07-13T11:56:51.315+0000] {logging_mixin.py:188} INFO - [2026-07-13T11:56:51.315+0000] {dagbag.py:538} INFO - Filling up the DagBag from /home/airflow/.local/lib/python3.8/site-packages/airflow/example_dags/example_bash_operator.py
[2026-07-13T11:56:51.325+0000] {processor.py:840} INFO - DAG(s) 'example_bash_operator' retrieved from /home/airflow/.local/lib/python3.8/site-packages/airflow/example_dags/example_bash_operator.py
[2026-07-13T11:56:51.346+0000] {logging_mixin.py:188} INFO - [2026-07-13T11:56:51.345+0000] {dag.py:3036} INFO - Sync 1 DAGs
[2026-07-13T11:56:51.361+0000] {logging_mixin.py:188} INFO - [2026-07-13T11:56:51.361+0000] {dag.py:3823} INFO - Setting next_dagrun for example_bash_operator to 2026-07-12 00:00:00+00:00, run_after=2026-07-13 00:00:00+00:00
[2026-07-13T11:56:51.377+0000] {processor.py:183} INFO - Processing /home/airflow/.local/lib/python3.8/site-packages/airflow/example_dags/example_bash_operator.py took 0.067 seconds
[2026-07-13T11:57:22.050+0000] {processor.py:161} INFO - Started process (PID=4334) to work on /home/airflow/.local/lib/python3.8/site-packages/airflow/example_dags/example_bash_operator.py
[2026-07-13T11:57:22.052+0000] {processor.py:830} INFO - Processing file /home/airflow/.local/lib/python3.8/site-packages/airflow/example_dags/example_bash_operator.py for tasks to queue
[2026-07-13T11:57:22.054+0000] {logging_mixin.py:188} INFO - [2026-07-13T11:57:22.053+0000] {dagbag.py:538} INFO - Filling up the DagBag from /home/airflow/.local/lib/python3.8/site-packages/airflow/example_dags/example_bash_operator.py
[2026-07-13T11:57:22.070+0000] {processor.py:840} INFO - DAG(s) 'example_bash_operator' retrieved from /home/airflow/.local/lib/python3.8/site-packages/airflow/example_dags/example_bash_operator.py
[2026-07-13T11:57:22.093+0000] {logging_mixin.py:188} INFO - [2026-07-13T11:57:22.093+0000] {dag.py:3036} INFO - Sync 1 DAGs
[2026-07-13T11:57:22.109+0000] {logging_mixin.py:188} INFO - [2026-07-13T11:57:22.109+0000] {dag.py:3823} INFO - Setting next_dagrun for example_bash_operator to 2026-07-12 00:00:00+00:00, run_after=2026-07-13 00:00:00+00:00
[2026-07-13T11:57:22.124+0000] {processor.py:183} INFO - Processing /home/airflow/.local/lib/python3.8/site-packages/airflow/example_dags/example_bash_operator.py took 0.078 seconds
[2026-07-13T11:57:52.509+0000] {processor.py:161} INFO - Started process (PID=4390) to work on /home/airflow/.local/lib/python3.8/site-packages/airflow/example_dags/example_bash_operator.py
[2026-07-13T11:57:52.510+0000] {processor.py:830} INFO - Processing file /home/airflow/.local/lib/python3.8/site-packages/airflow/example_dags/example_bash_operator.py for tasks to queue
[2026-07-13T11:57:52.511+0000] {logging_mixin.py:188} INFO - [2026-07-13T11:57:52.511+0000] {dagbag.py:538} INFO - Filling up the DagBag from /home/airflow/.local/lib/python3.8/site-packages/airflow/example_dags/example_bash_operator.py
[2026-07-13T11:57:52.521+0000] {processor.py:840} INFO - DAG(s) 'example_bash_operator' retrieved from /home/airflow/.local/lib/python3.8/site-packages/airflow/example_dags/example_bash_operator.py
[2026-07-13T11:57:52.541+0000] {logging_mixin.py:188} INFO - [2026-07-13T11:57:52.541+0000] {dag.py:3036} INFO - Sync 1 DAGs
[2026-07-13T11:57:52.557+0000] {logging_mixin.py:188} INFO - [2026-07-13T11:57:52.557+0000] {dag.py:3823} INFO - Setting next_dagrun for example_bash_operator to 2026-07-12 00:00:00+00:00, run_after=2026-07-13 00:00:00+00:00
[2026-07-13T11:57:52.572+0000] {processor.py:183} INFO - Processing /home/airflow/.local/lib/python3.8/site-packages/airflow/example_dags/example_bash_operator.py took 0.066 seconds
[2026-07-13T11:58:22.990+0000] {processor.py:161} INFO - Started process (PID=4446) to work on /home/airflow/.local/lib/python3.8/site-packages/airflow/example_dags/example_bash_operator.py
[2026-07-13T11:58:22.991+0000] {processor.py:830} INFO - Processing file /home/airflow/.local/lib/python3.8/site-packages/airflow/example_dags/example_bash_operator.py for tasks to queue
[2026-07-13T11:58:22.993+0000] {logging_mixin.py:188} INFO - [2026-07-13T11:58:22.992+0000] {dagbag.py:538} INFO - Filling up the DagBag from /home/airflow/.local/lib/python3.8/site-packages/airflow/example_dags/example_bash_operator.py
[2026-07-13T11:58:23.002+0000] {processor.py:840} INFO - DAG(s) 'example_bash_operator' retrieved from /home/airflow/.local/lib/python3.8/site-packages/airflow/example_dags/example_bash_operator.py
[2026-07-13T11:58:23.024+0000] {logging_mixin.py:188} INFO - [2026-07-13T11:58:23.024+0000] {dag.py:3036} INFO - Sync 1 DAGs
[2026-07-13T11:58:23.040+0000] {logging_mixin.py:188} INFO - [2026-07-13T11:58:23.039+0000] {dag.py:3823} INFO - Setting next_dagrun for example_bash_operator to 2026-07-12 00:00:00+00:00, run_after=2026-07-13 00:00:00+00:00
[2026-07-13T11:58:23.054+0000] {processor.py:183} INFO - Processing /home/airflow/.local/lib/python3.8/site-packages/airflow/example_dags/example_bash_operator.py took 0.066 seconds
[2026-07-13T11:58:53.423+0000] {processor.py:161} INFO - Started process (PID=4502) to work on /home/airflow/.local/lib/python3.8/site-packages/airflow/example_dags/example_bash_operator.py
[2026-07-13T11:58:53.425+0000] {processor.py:830} INFO - Processing file /home/airflow/.local/lib/python3.8/site-packages/airflow/example_dags/example_bash_operator.py for tasks to queue
[2026-07-13T11:58:53.426+0000] {logging_mixin.py:188} INFO - [2026-07-13T11:58:53.426+0000] {dagbag.py:538} INFO - Filling up the DagBag from /home/airflow/.local/lib/python3.8/site-packages/airflow/example_dags/example_bash_operator.py
[2026-07-13T11:58:53.435+0000] {processor.py:840} INFO - DAG(s) 'example_bash_operator' retrieved from /home/airflow/.local/lib/python3.8/site-packages/airflow/example_dags/example_bash_operator.py
[2026-07-13T11:58:53.456+0000] {logging_mixin.py:188} INFO - [2026-07-13T11:58:53.456+0000] {dag.py:3036} INFO - Sync 1 DAGs
[2026-07-13T11:58:53.474+0000] {logging_mixin.py:188} INFO - [2026-07-13T11:58:53.474+0000] {dag.py:3823} INFO - Setting next_dagrun for example_bash_operator to 2026-07-12 00:00:00+00:00, run_after=2026-07-13 00:00:00+00:00
[2026-07-13T11:58:53.496+0000] {processor.py:183} INFO - Processing /home/airflow/.local/lib/python3.8/site-packages/airflow/example_dags/example_bash_operator.py took 0.076 seconds
[2026-07-13T11:59:23.686+0000] {processor.py:161} INFO - Started process (PID=4558) to work on /home/airflow/.local/lib/python3.8/site-packages/airflow/example_dags/example_bash_operator.py
[2026-07-13T11:59:23.687+0000] {processor.py:830} INFO - Processing file /home/airflow/.local/lib/python3.8/site-packages/airflow/example_dags/example_bash_operator.py for tasks to queue
[2026-07-13T11:59:23.689+0000] {logging_mixin.py:188} INFO - [2026-07-13T11:59:23.689+0000] {dagbag.py:538} INFO - Filling up the DagBag from /home/airflow/.local/lib/python3.8/site-packages/airflow/example_dags/example_bash_operator.py
[2026-07-13T11:59:23.699+0000] {processor.py:840} INFO - DAG(s) 'example_bash_operator' retrieved from /home/airflow/.local/lib/python3.8/site-packages/airflow/example_dags/example_bash_operator.py
[2026-07-13T11:59:23.720+0000] {logging_mixin.py:188} INFO - [2026-07-13T11:59:23.720+0000] {dag.py:3036} INFO - Sync 1 DAGs
[2026-07-13T11:59:23.740+0000] {logging_mixin.py:188} INFO - [2026-07-13T11:59:23.740+0000] {dag.py:3823} INFO - Setting next_dagrun for example_bash_operator to 2026-07-12 00:00:00+00:00, run_after=2026-07-13 00:00:00+00:00
[2026-07-13T11:59:23.754+0000] {processor.py:183} INFO - Processing /home/airflow/.local/lib/python3.8/site-packages/airflow/example_dags/example_bash_operator.py took 0.071 seconds
[2026-07-13T11:59:53.976+0000] {processor.py:161} INFO - Started process (PID=4620) to work on /home/airflow/.local/lib/python3.8/site-packages/airflow/example_dags/example_bash_operator.py
[2026-07-13T11:59:53.977+0000] {processor.py:830} INFO - Processing file /home/airflow/.local/lib/python3.8/site-packages/airflow/example_dags/example_bash_operator.py for tasks to queue
[2026-07-13T11:59:53.980+0000] {logging_mixin.py:188} INFO - [2026-07-13T11:59:53.979+0000] {dagbag.py:538} INFO - Filling up the DagBag from /home/airflow/.local/lib/python3.8/site-packages/airflow/example_dags/example_bash_operator.py
[2026-07-13T11:59:53.989+0000] {processor.py:840} INFO - DAG(s) 'example_bash_operator' retrieved from /home/airflow/.local/lib/python3.8/site-packages/airflow/example_dags/example_bash_operator.py
[2026-07-13T11:59:54.015+0000] {logging_mixin.py:188} INFO - [2026-07-13T11:59:54.015+0000] {dag.py:3036} INFO - Sync 1 DAGs
[2026-07-13T11:59:54.031+0000] {logging_mixin.py:188} INFO - [2026-07-13T11:59:54.030+0000] {dag.py:3823} INFO - Setting next_dagrun for example_bash_operator to 2026-07-12 00:00:00+00:00, run_after=2026-07-13 00:00:00+00:00
[2026-07-13T11:59:54.046+0000] {processor.py:183} INFO - Processing /home/airflow/.local/lib/python3.8/site-packages/airflow/example_dags/example_bash_operator.py took 0.073 seconds
[2026-07-13T12:00:24.174+0000] {processor.py:161} INFO - Started process (PID=4670) to work on /home/airflow/.local/lib/python3.8/site-packages/airflow/example_dags/example_bash_operator.py
[2026-07-13T12:00:24.175+0000] {processor.py:830} INFO - Processing file /home/airflow/.local/lib/python3.8/site-packages/airflow/example_dags/example_bash_operator.py for tasks to queue
[2026-07-13T12:00:24.177+0000] {logging_mixin.py:188} INFO - [2026-07-13T12:00:24.177+0000] {dagbag.py:538} INFO - Filling up the DagBag from /home/airflow/.local/lib/python3.8/site-packages/airflow/example_dags/example_bash_operator.py
[2026-07-13T12:00:24.189+0000] {processor.py:840} INFO - DAG(s) 'example_bash_operator' retrieved from /home/airflow/.local/lib/python3.8/site-packages/airflow/example_dags/example_bash_operator.py
[2026-07-13T12:00:24.214+0000] {logging_mixin.py:188} INFO - [2026-07-13T12:00:24.213+0000] {dag.py:3036} INFO - Sync 1 DAGs
[2026-07-13T12:00:24.252+0000] {logging_mixin.py:188} INFO - [2026-07-13T12:00:24.252+0000] {dag.py:3823} INFO - Setting next_dagrun for example_bash_operator to 2026-07-12 00:00:00+00:00, run_after=2026-07-13 00:00:00+00:00
[2026-07-13T12:00:24.270+0000] {processor.py:183} INFO - Processing /home/airflow/.local/lib/python3.8/site-packages/airflow/example_dags/example_bash_operator.py took 0.100 seconds
[2026-07-13T12:00:54.579+0000] {processor.py:161} INFO - Started process (PID=4732) to work on /home/airflow/.local/lib/python3.8/site-packages/airflow/example_dags/example_bash_operator.py
[2026-07-13T12:00:54.580+0000] {processor.py:830} INFO - Processing file /home/airflow/.local/lib/python3.8/site-packages/airflow/example_dags/example_bash_operator.py for tasks to queue
[2026-07-13T12:00:54.582+0000] {logging_mixin.py:188} INFO - [2026-07-13T12:00:54.581+0000] {dagbag.py:538} INFO - Filling up the DagBag from /home/airflow/.local/lib/python3.8/site-packages/airflow/example_dags/example_bash_operator.py
[2026-07-13T12:00:54.591+0000] {processor.py:840} INFO - DAG(s) 'example_bash_operator' retrieved from /home/airflow/.local/lib/python3.8/site-packages/airflow/example_dags/example_bash_operator.py
[2026-07-13T12:00:54.612+0000] {logging_mixin.py:188} INFO - [2026-07-13T12:00:54.611+0000] {dag.py:3036} INFO - Sync 1 DAGs
[2026-07-13T12:00:54.628+0000] {logging_mixin.py:188} INFO - [2026-07-13T12:00:54.628+0000] {dag.py:3823} INFO - Setting next_dagrun for example_bash_operator to 2026-07-12 00:00:00+00:00, run_after=2026-07-13 00:00:00+00:00
[2026-07-13T12:00:54.642+0000] {processor.py:183} INFO - Processing /home/airflow/.local/lib/python3.8/site-packages/airflow/example_dags/example_bash_operator.py took 0.067 seconds
[2026-07-13T12:01:24.884+0000] {processor.py:161} INFO - Started process (PID=4788) to work on /home/airflow/.local/lib/python3.8/site-packages/airflow/example_dags/example_bash_operator.py
[2026-07-13T12:01:24.885+0000] {processor.py:830} INFO - Processing file /home/airflow/.local/lib/python3.8/site-packages/airflow/example_dags/example_bash_operator.py for tasks to queue
[2026-07-13T12:01:24.886+0000] {logging_mixin.py:188} INFO - [2026-07-13T12:01:24.886+0000] {dagbag.py:538} INFO - Filling up the DagBag from /home/airflow/.local/lib/python3.8/site-packages/airflow/example_dags/example_bash_operator.py
[2026-07-13T12:01:24.895+0000] {processor.py:840} INFO - DAG(s) 'example_bash_operator' retrieved from /home/airflow/.local/lib/python3.8/site-packages/airflow/example_dags/example_bash_operator.py
[2026-07-13T12:01:24.915+0000] {logging_mixin.py:188} INFO - [2026-07-13T12:01:24.915+0000] {dag.py:3036} INFO - Sync 1 DAGs
[2026-07-13T12:01:24.931+0000] {logging_mixin.py:188} INFO - [2026-07-13T12:01:24.931+0000] {dag.py:3823} INFO - Setting next_dagrun for example_bash_operator to 2026-07-12 00:00:00+00:00, run_after=2026-07-13 00:00:00+00:00
[2026-07-13T12:01:24.946+0000] {processor.py:183} INFO - Processing /home/airflow/.local/lib/python3.8/site-packages/airflow/example_dags/example_bash_operator.py took 0.066 seconds
[2026-07-13T12:01:54.981+0000] {processor.py:161} INFO - Started process (PID=4844) to work on /home/airflow/.local/lib/python3.8/site-packages/airflow/example_dags/example_bash_operator.py
[2026-07-13T12:01:54.982+0000] {processor.py:830} INFO - Processing file /home/airflow/.local/lib/python3.8/site-packages/airflow/example_dags/example_bash_operator.py for tasks to queue
[2026-07-13T12:01:54.983+0000] {logging_mixin.py:188} INFO - [2026-07-13T12:01:54.983+0000] {dagbag.py:538} INFO - Filling up the DagBag from /home/airflow/.local/lib/python3.8/site-packages/airflow/example_dags/example_bash_operator.py
[2026-07-13T12:01:54.991+0000] {processor.py:840} INFO - DAG(s) 'example_bash_operator' retrieved from /home/airflow/.local/lib/python3.8/site-packages/airflow/example_dags/example_bash_operator.py
[2026-07-13T12:01:55.012+0000] {logging_mixin.py:188} INFO - [2026-07-13T12:01:55.012+0000] {dag.py:3036} INFO - Sync 1 DAGs
[2026-07-13T12:01:55.027+0000] {logging_mixin.py:188} INFO - [2026-07-13T12:01:55.027+0000] {dag.py:3823} INFO - Setting next_dagrun for example_bash_operator to 2026-07-12 00:00:00+00:00, run_after=2026-07-13 00:00:00+00:00
[2026-07-13T12:01:55.042+0000] {processor.py:183} INFO - Processing /home/airflow/.local/lib/python3.8/site-packages/airflow/example_dags/example_bash_operator.py took 0.064 seconds
[2026-07-13T12:02:25.115+0000] {processor.py:161} INFO - Started process (PID=4894) to work on /home/airflow/.local/lib/python3.8/site-packages/airflow/example_dags/example_bash_operator.py
[2026-07-13T12:02:25.117+0000] {processor.py:830} INFO - Processing file /home/airflow/.local/lib/python3.8/site-packages/airflow/example_dags/example_bash_operator.py for tasks to queue
[2026-07-13T12:02:25.120+0000] {logging_mixin.py:188} INFO - [2026-07-13T12:02:25.120+0000] {dagbag.py:538} INFO - Filling up the DagBag from /home/airflow/.local/lib/python3.8/site-packages/airflow/example_dags/example_bash_operator.py
[2026-07-13T12:02:25.134+0000] {processor.py:840} INFO - DAG(s) 'example_bash_operator' retrieved from /home/airflow/.local/lib/python3.8/site-packages/airflow/example_dags/example_bash_operator.py
[2026-07-13T12:02:25.160+0000] {logging_mixin.py:188} INFO - [2026-07-13T12:02:25.159+0000] {dag.py:3036} INFO - Sync 1 DAGs
[2026-07-13T12:02:25.181+0000] {logging_mixin.py:188} INFO - [2026-07-13T12:02:25.181+0000] {dag.py:3823} INFO - Setting next_dagrun for example_bash_operator to 2026-07-12 00:00:00+00:00, run_after=2026-07-13 00:00:00+00:00
[2026-07-13T12:02:25.201+0000] {processor.py:183} INFO - Processing /home/airflow/.local/lib/python3.8/site-packages/airflow/example_dags/example_bash_operator.py took 0.093 seconds
[2026-07-13T12:02:55.388+0000] {processor.py:161} INFO - Started process (PID=4956) to work on /home/airflow/.local/lib/python3.8/site-packages/airflow/example_dags/example_bash_operator.py
[2026-07-13T12:02:55.389+0000] {processor.py:830} INFO - Processing file /home/airflow/.local/lib/python3.8/site-packages/airflow/example_dags/example_bash_operator.py for tasks to queue
[2026-07-13T12:02:55.391+0000] {logging_mixin.py:188} INFO - [2026-07-13T12:02:55.390+0000] {dagbag.py:538} INFO - Filling up the DagBag from /home/airflow/.local/lib/python3.8/site-packages/airflow/example_dags/example_bash_operator.py
[2026-07-13T12:02:55.404+0000] {processor.py:840} INFO - DAG(s) 'example_bash_operator' retrieved from /home/airflow/.local/lib/python3.8/site-packages/airflow/example_dags/example_bash_operator.py
[2026-07-13T12:02:55.431+0000] {logging_mixin.py:188} INFO - [2026-07-13T12:02:55.430+0000] {dag.py:3036} INFO - Sync 1 DAGs
[2026-07-13T12:02:55.446+0000] {logging_mixin.py:188} INFO - [2026-07-13T12:02:55.446+0000] {dag.py:3823} INFO - Setting next_dagrun for example_bash_operator to 2026-07-12 00:00:00+00:00, run_after=2026-07-13 00:00:00+00:00
[2026-07-13T12:02:55.461+0000] {processor.py:183} INFO - Processing /home/airflow/.local/lib/python3.8/site-packages/airflow/example_dags/example_bash_operator.py took 0.076 seconds
[2026-07-13T12:03:25.538+0000] {processor.py:161} INFO - Started process (PID=5012) to work on /home/airflow/.local/lib/python3.8/site-packages/airflow/example_dags/example_bash_operator.py
[2026-07-13T12:03:25.540+0000] {processor.py:830} INFO - Processing file /home/airflow/.local/lib/python3.8/site-packages/airflow/example_dags/example_bash_operator.py for tasks to queue
[2026-07-13T12:03:25.542+0000] {logging_mixin.py:188} INFO - [2026-07-13T12:03:25.541+0000] {dagbag.py:538} INFO - Filling up the DagBag from /home/airflow/.local/lib/python3.8/site-packages/airflow/example_dags/example_bash_operator.py
[2026-07-13T12:03:25.551+0000] {processor.py:840} INFO - DAG(s) 'example_bash_operator' retrieved from /home/airflow/.local/lib/python3.8/site-packages/airflow/example_dags/example_bash_operator.py
[2026-07-13T12:03:25.572+0000] {logging_mixin.py:188} INFO - [2026-07-13T12:03:25.572+0000] {dag.py:3036} INFO - Sync 1 DAGs
[2026-07-13T12:03:25.588+0000] {logging_mixin.py:188} INFO - [2026-07-13T12:03:25.588+0000] {dag.py:3823} INFO - Setting next_dagrun for example_bash_operator to 2026-07-12 00:00:00+00:00, run_after=2026-07-13 00:00:00+00:00
[2026-07-13T12:03:25.603+0000] {processor.py:183} INFO - Processing /home/airflow/.local/lib/python3.8/site-packages/airflow/example_dags/example_bash_operator.py took 0.067 seconds
[2026-07-13T12:03:55.831+0000] {processor.py:161} INFO - Started process (PID=5068) to work on /home/airflow/.local/lib/python3.8/site-packages/airflow/example_dags/example_bash_operator.py
[2026-07-13T12:03:55.832+0000] {processor.py:830} INFO - Processing file /home/airflow/.local/lib/python3.8/site-packages/airflow/example_dags/example_bash_operator.py for tasks to queue
[2026-07-13T12:03:55.833+0000] {logging_mixin.py:188} INFO - [2026-07-13T12:03:55.833+0000] {dagbag.py:538} INFO - Filling up the DagBag from /home/airflow/.local/lib/python3.8/site-packages/airflow/example_dags/example_bash_operator.py
[2026-07-13T12:03:55.844+0000] {processor.py:840} INFO - DAG(s) 'example_bash_operator' retrieved from /home/airflow/.local/lib/python3.8/site-packages/airflow/example_dags/example_bash_operator.py
[2026-07-13T12:03:55.870+0000] {logging_mixin.py:188} INFO - [2026-07-13T12:03:55.870+0000] {dag.py:3036} INFO - Sync 1 DAGs
[2026-07-13T12:03:55.890+0000] {logging_mixin.py:188} INFO - [2026-07-13T12:03:55.890+0000] {dag.py:3823} INFO - Setting next_dagrun for example_bash_operator to 2026-07-12 00:00:00+00:00, run_after=2026-07-13 00:00:00+00:00
[2026-07-13T12:03:55.906+0000] {processor.py:183} INFO - Processing /home/airflow/.local/lib/python3.8/site-packages/airflow/example_dags/example_bash_operator.py took 0.079 seconds
[2026-07-13T12:04:25.977+0000] {processor.py:161} INFO - Started process (PID=5124) to work on /home/airflow/.local/lib/python3.8/site-packages/airflow/example_dags/example_bash_operator.py
[2026-07-13T12:04:25.979+0000] {processor.py:830} INFO - Processing file /home/airflow/.local/lib/python3.8/site-packages/airflow/example_dags/example_bash_operator.py for tasks to queue
[2026-07-13T12:04:25.980+0000] {logging_mixin.py:188} INFO - [2026-07-13T12:04:25.980+0000] {dagbag.py:538} INFO - Filling up the DagBag from /home/airflow/.local/lib/python3.8/site-packages/airflow/example_dags/example_bash_operator.py
[2026-07-13T12:04:25.989+0000] {processor.py:840} INFO - DAG(s) 'example_bash_operator' retrieved from /home/airflow/.local/lib/python3.8/site-packages/airflow/example_dags/example_bash_operator.py
[2026-07-13T12:04:26.011+0000] {logging_mixin.py:188} INFO - [2026-07-13T12:04:26.010+0000] {dag.py:3036} INFO - Sync 1 DAGs
[2026-07-13T12:04:26.027+0000] {logging_mixin.py:188} INFO - [2026-07-13T12:04:26.027+0000] {dag.py:3823} INFO - Setting next_dagrun for example_bash_operator to 2026-07-12 00:00:00+00:00, run_after=2026-07-13 00:00:00+00:00
[2026-07-13T12:04:26.042+0000] {processor.py:183} INFO - Processing /home/airflow/.local/lib/python3.8/site-packages/airflow/example_dags/example_bash_operator.py took 0.068 seconds
[2026-07-13T12:04:56.144+0000] {processor.py:161} INFO - Started process (PID=5180) to work on /home/airflow/.local/lib/python3.8/site-packages/airflow/example_dags/example_bash_operator.py
[2026-07-13T12:04:56.145+0000] {processor.py:830} INFO - Processing file /home/airflow/.local/lib/python3.8/site-packages/airflow/example_dags/example_bash_operator.py for tasks to queue
[2026-07-13T12:04:56.146+0000] {logging_mixin.py:188} INFO - [2026-07-13T12:04:56.146+0000] {dagbag.py:538} INFO - Filling up the DagBag from /home/airflow/.local/lib/python3.8/site-packages/airflow/example_dags/example_bash_operator.py
[2026-07-13T12:04:56.157+0000] {processor.py:840} INFO - DAG(s) 'example_bash_operator' retrieved from /home/airflow/.local/lib/python3.8/site-packages/airflow/example_dags/example_bash_operator.py
[2026-07-13T12:04:56.178+0000] {logging_mixin.py:188} INFO - [2026-07-13T12:04:56.178+0000] {dag.py:3036} INFO - Sync 1 DAGs
[2026-07-13T12:04:56.194+0000] {logging_mixin.py:188} INFO - [2026-07-13T12:04:56.194+0000] {dag.py:3823} INFO - Setting next_dagrun for example_bash_operator to 2026-07-12 00:00:00+00:00, run_after=2026-07-13 00:00:00+00:00
[2026-07-13T12:04:56.211+0000] {processor.py:183} INFO - Processing /home/airflow/.local/lib/python3.8/site-packages/airflow/example_dags/example_bash_operator.py took 0.071 seconds
[2026-07-13T12:05:26.374+0000] {processor.py:161} INFO - Started process (PID=5236) to work on /home/airflow/.local/lib/python3.8/site-packages/airflow/example_dags/example_bash_operator.py
[2026-07-13T12:05:26.376+0000] {processor.py:830} INFO - Processing file /home/airflow/.local/lib/python3.8/site-packages/airflow/example_dags/example_bash_operator.py for tasks to queue
[2026-07-13T12:05:26.377+0000] {logging_mixin.py:188} INFO - [2026-07-13T12:05:26.377+0000] {dagbag.py:538} INFO - Filling up the DagBag from /home/airflow/.local/lib/python3.8/site-packages/airflow/example_dags/example_bash_operator.py
[2026-07-13T12:05:26.386+0000] {processor.py:840} INFO - DAG(s) 'example_bash_operator' retrieved from /home/airflow/.local/lib/python3.8/site-packages/airflow/example_dags/example_bash_operator.py
[2026-07-13T12:05:26.408+0000] {logging_mixin.py:188} INFO - [2026-07-13T12:05:26.407+0000] {dag.py:3036} INFO - Sync 1 DAGs
[2026-07-13T12:05:26.424+0000] {logging_mixin.py:188} INFO - [2026-07-13T12:05:26.424+0000] {dag.py:3823} INFO - Setting next_dagrun for example_bash_operator to 2026-07-12 00:00:00+00:00, run_after=2026-07-13 00:00:00+00:00
[2026-07-13T12:05:26.442+0000] {processor.py:183} INFO - Processing /home/airflow/.local/lib/python3.8/site-packages/airflow/example_dags/example_bash_operator.py took 0.070 seconds
[2026-07-13T12:05:56.471+0000] {processor.py:161} INFO - Started process (PID=5292) to work on /home/airflow/.local/lib/python3.8/site-packages/airflow/example_dags/example_bash_operator.py
[2026-07-13T12:05:56.472+0000] {processor.py:830} INFO - Processing file /home/airflow/.local/lib/python3.8/site-packages/airflow/example_dags/example_bash_operator.py for tasks to queue
[2026-07-13T12:05:56.473+0000] {logging_mixin.py:188} INFO - [2026-07-13T12:05:56.473+0000] {dagbag.py:538} INFO - Filling up the DagBag from /home/airflow/.local/lib/python3.8/site-packages/airflow/example_dags/example_bash_operator.py
[2026-07-13T12:05:56.482+0000] {processor.py:840} INFO - DAG(s) 'example_bash_operator' retrieved from /home/airflow/.local/lib/python3.8/site-packages/airflow/example_dags/example_bash_operator.py
[2026-07-13T12:05:56.502+0000] {logging_mixin.py:188} INFO - [2026-07-13T12:05:56.502+0000] {dag.py:3036} INFO - Sync 1 DAGs
[2026-07-13T12:05:56.519+0000] {logging_mixin.py:188} INFO - [2026-07-13T12:05:56.518+0000] {dag.py:3823} INFO - Setting next_dagrun for example_bash_operator to 2026-07-12 00:00:00+00:00, run_after=2026-07-13 00:00:00+00:00
[2026-07-13T12:05:56.532+0000] {processor.py:183} INFO - Processing /home/airflow/.local/lib/python3.8/site-packages/airflow/example_dags/example_bash_operator.py took 0.064 seconds
[2026-07-13T12:06:26.599+0000] {processor.py:161} INFO - Started process (PID=5348) to work on /home/airflow/.local/lib/python3.8/site-packages/airflow/example_dags/example_bash_operator.py
[2026-07-13T12:06:26.601+0000] {processor.py:830} INFO - Processing file /home/airflow/.local/lib/python3.8/site-packages/airflow/example_dags/example_bash_operator.py for tasks to queue
[2026-07-13T12:06:26.602+0000] {logging_mixin.py:188} INFO - [2026-07-13T12:06:26.602+0000] {dagbag.py:538} INFO - Filling up the DagBag from /home/airflow/.local/lib/python3.8/site-packages/airflow/example_dags/example_bash_operator.py
[2026-07-13T12:06:26.611+0000] {processor.py:840} INFO - DAG(s) 'example_bash_operator' retrieved from /home/airflow/.local/lib/python3.8/site-packages/airflow/example_dags/example_bash_operator.py
[2026-07-13T12:06:26.632+0000] {logging_mixin.py:188} INFO - [2026-07-13T12:06:26.632+0000] {dag.py:3036} INFO - Sync 1 DAGs
[2026-07-13T12:06:26.648+0000] {logging_mixin.py:188} INFO - [2026-07-13T12:06:26.648+0000] {dag.py:3823} INFO - Setting next_dagrun for example_bash_operator to 2026-07-12 00:00:00+00:00, run_after=2026-07-13 00:00:00+00:00
[2026-07-13T12:06:26.663+0000] {processor.py:183} INFO - Processing /home/airflow/.local/lib/python3.8/site-packages/airflow/example_dags/example_bash_operator.py took 0.066 seconds
[2026-07-13T12:06:56.736+0000] {processor.py:161} INFO - Started process (PID=5404) to work on /home/airflow/.local/lib/python3.8/site-packages/airflow/example_dags/example_bash_operator.py
[2026-07-13T12:06:56.737+0000] {processor.py:830} INFO - Processing file /home/airflow/.local/lib/python3.8/site-packages/airflow/example_dags/example_bash_operator.py for tasks to queue
[2026-07-13T12:06:56.739+0000] {logging_mixin.py:188} INFO - [2026-07-13T12:06:56.738+0000] {dagbag.py:538} INFO - Filling up the DagBag from /home/airflow/.local/lib/python3.8/site-packages/airflow/example_dags/example_bash_operator.py
[2026-07-13T12:06:56.750+0000] {processor.py:840} INFO - DAG(s) 'example_bash_operator' retrieved from /home/airflow/.local/lib/python3.8/site-packages/airflow/example_dags/example_bash_operator.py
[2026-07-13T12:06:56.771+0000] {logging_mixin.py:188} INFO - [2026-07-13T12:06:56.771+0000] {dag.py:3036} INFO - Sync 1 DAGs
[2026-07-13T12:06:56.788+0000] {logging_mixin.py:188} INFO - [2026-07-13T12:06:56.787+0000] {dag.py:3823} INFO - Setting next_dagrun for example_bash_operator to 2026-07-12 00:00:00+00:00, run_after=2026-07-13 00:00:00+00:00
[2026-07-13T12:06:56.802+0000] {processor.py:183} INFO - Processing /home/airflow/.local/lib/python3.8/site-packages/airflow/example_dags/example_bash_operator.py took 0.069 seconds
[2026-07-13T12:07:26.890+0000] {processor.py:161} INFO - Started process (PID=5460) to work on /home/airflow/.local/lib/python3.8/site-packages/airflow/example_dags/example_bash_operator.py
[2026-07-13T12:07:26.891+0000] {processor.py:830} INFO - Processing file /home/airflow/.local/lib/python3.8/site-packages/airflow/example_dags/example_bash_operator.py for tasks to queue
[2026-07-13T12:07:26.893+0000] {logging_mixin.py:188} INFO - [2026-07-13T12:07:26.892+0000] {dagbag.py:538} INFO - Filling up the DagBag from /home/airflow/.local/lib/python3.8/site-packages/airflow/example_dags/example_bash_operator.py
[2026-07-13T12:07:26.901+0000] {processor.py:840} INFO - DAG(s) 'example_bash_operator' retrieved from /home/airflow/.local/lib/python3.8/site-packages/airflow/example_dags/example_bash_operator.py
[2026-07-13T12:07:26.921+0000] {logging_mixin.py:188} INFO - [2026-07-13T12:07:26.921+0000] {dag.py:3036} INFO - Sync 1 DAGs
[2026-07-13T12:07:26.937+0000] {logging_mixin.py:188} INFO - [2026-07-13T12:07:26.936+0000] {dag.py:3823} INFO - Setting next_dagrun for example_bash_operator to 2026-07-12 00:00:00+00:00, run_after=2026-07-13 00:00:00+00:00
[2026-07-13T12:07:26.950+0000] {processor.py:183} INFO - Processing /home/airflow/.local/lib/python3.8/site-packages/airflow/example_dags/example_bash_operator.py took 0.063 seconds
[2026-07-13T12:07:57.009+0000] {processor.py:161} INFO - Started process (PID=5516) to work on /home/airflow/.local/lib/python3.8/site-packages/airflow/example_dags/example_bash_operator.py
[2026-07-13T12:07:57.010+0000] {processor.py:830} INFO - Processing file /home/airflow/.local/lib/python3.8/site-packages/airflow/example_dags/example_bash_operator.py for tasks to queue
[2026-07-13T12:07:57.012+0000] {logging_mixin.py:188} INFO - [2026-07-13T12:07:57.011+0000] {dagbag.py:538} INFO - Filling up the DagBag from /home/airflow/.local/lib/python3.8/site-packages/airflow/example_dags/example_bash_operator.py
[2026-07-13T12:07:57.020+0000] {processor.py:840} INFO - DAG(s) 'example_bash_operator' retrieved from /home/airflow/.local/lib/python3.8/site-packages/airflow/example_dags/example_bash_operator.py
[2026-07-13T12:07:57.044+0000] {logging_mixin.py:188} INFO - [2026-07-13T12:07:57.043+0000] {dag.py:3036} INFO - Sync 1 DAGs
[2026-07-13T12:07:57.059+0000] {logging_mixin.py:188} INFO - [2026-07-13T12:07:57.059+0000] {dag.py:3823} INFO - Setting next_dagrun for example_bash_operator to 2026-07-12 00:00:00+00:00, run_after=2026-07-13 00:00:00+00:00
[2026-07-13T12:07:57.073+0000] {processor.py:183} INFO - Processing /home/airflow/.local/lib/python3.8/site-packages/airflow/example_dags/example_bash_operator.py took 0.067 seconds
[2026-07-13T12:08:27.431+0000] {processor.py:161} INFO - Started process (PID=5572) to work on /home/airflow/.local/lib/python3.8/site-packages/airflow/example_dags/example_bash_operator.py
[2026-07-13T12:08:27.432+0000] {processor.py:830} INFO - Processing file /home/airflow/.local/lib/python3.8/site-packages/airflow/example_dags/example_bash_operator.py for tasks to queue
[2026-07-13T12:08:27.433+0000] {logging_mixin.py:188} INFO - [2026-07-13T12:08:27.433+0000] {dagbag.py:538} INFO - Filling up the DagBag from /home/airflow/.local/lib/python3.8/site-packages/airflow/example_dags/example_bash_operator.py
[2026-07-13T12:08:27.442+0000] {processor.py:840} INFO - DAG(s) 'example_bash_operator' retrieved from /home/airflow/.local/lib/python3.8/site-packages/airflow/example_dags/example_bash_operator.py
[2026-07-13T12:08:27.463+0000] {logging_mixin.py:188} INFO - [2026-07-13T12:08:27.463+0000] {dag.py:3036} INFO - Sync 1 DAGs
[2026-07-13T12:08:27.479+0000] {logging_mixin.py:188} INFO - [2026-07-13T12:08:27.479+0000] {dag.py:3823} INFO - Setting next_dagrun for example_bash_operator to 2026-07-12 00:00:00+00:00, run_after=2026-07-13 00:00:00+00:00
[2026-07-13T12:08:27.495+0000] {processor.py:183} INFO - Processing /home/airflow/.local/lib/python3.8/site-packages/airflow/example_dags/example_bash_operator.py took 0.067 seconds
[2026-07-13T12:08:57.750+0000] {processor.py:161} INFO - Started process (PID=5628) to work on /home/airflow/.local/lib/python3.8/site-packages/airflow/example_dags/example_bash_operator.py
[2026-07-13T12:08:57.752+0000] {processor.py:830} INFO - Processing file /home/airflow/.local/lib/python3.8/site-packages/airflow/example_dags/example_bash_operator.py for tasks to queue
[2026-07-13T12:08:57.754+0000] {logging_mixin.py:188} INFO - [2026-07-13T12:08:57.754+0000] {dagbag.py:538} INFO - Filling up the DagBag from /home/airflow/.local/lib/python3.8/site-packages/airflow/example_dags/example_bash_operator.py
[2026-07-13T12:08:57.774+0000] {processor.py:840} INFO - DAG(s) 'example_bash_operator' retrieved from /home/airflow/.local/lib/python3.8/site-packages/airflow/example_dags/example_bash_operator.py
[2026-07-13T12:08:57.809+0000] {logging_mixin.py:188} INFO - [2026-07-13T12:08:57.808+0000] {dag.py:3036} INFO - Sync 1 DAGs
[2026-07-13T12:08:57.833+0000] {logging_mixin.py:188} INFO - [2026-07-13T12:08:57.832+0000] {dag.py:3823} INFO - Setting next_dagrun for example_bash_operator to 2026-07-12 00:00:00+00:00, run_after=2026-07-13 00:00:00+00:00
[2026-07-13T12:08:57.857+0000] {processor.py:183} INFO - Processing /home/airflow/.local/lib/python3.8/site-packages/airflow/example_dags/example_bash_operator.py took 0.118 seconds
[2026-07-13T12:09:28.245+0000] {processor.py:161} INFO - Started process (PID=5684) to work on /home/airflow/.local/lib/python3.8/site-packages/airflow/example_dags/example_bash_operator.py
[2026-07-13T12:09:28.246+0000] {processor.py:830} INFO - Processing file /home/airflow/.local/lib/python3.8/site-packages/airflow/example_dags/example_bash_operator.py for tasks to queue
[2026-07-13T12:09:28.247+0000] {logging_mixin.py:188} INFO - [2026-07-13T12:09:28.247+0000] {dagbag.py:538} INFO - Filling up the DagBag from /home/airflow/.local/lib/python3.8/site-packages/airflow/example_dags/example_bash_operator.py
[2026-07-13T12:09:28.256+0000] {processor.py:840} INFO - DAG(s) 'example_bash_operator' retrieved from /home/airflow/.local/lib/python3.8/site-packages/airflow/example_dags/example_bash_operator.py
[2026-07-13T12:09:28.278+0000] {logging_mixin.py:188} INFO - [2026-07-13T12:09:28.277+0000] {dag.py:3036} INFO - Sync 1 DAGs
[2026-07-13T12:09:28.295+0000] {logging_mixin.py:188} INFO - [2026-07-13T12:09:28.295+0000] {dag.py:3823} INFO - Setting next_dagrun for example_bash_operator to 2026-07-12 00:00:00+00:00, run_after=2026-07-13 00:00:00+00:00
[2026-07-13T12:09:28.310+0000] {processor.py:183} INFO - Processing /home/airflow/.local/lib/python3.8/site-packages/airflow/example_dags/example_bash_operator.py took 0.069 seconds
[2026-07-13T12:09:58.587+0000] {processor.py:161} INFO - Started process (PID=5740) to work on /home/airflow/.local/lib/python3.8/site-packages/airflow/example_dags/example_bash_operator.py
[2026-07-13T12:09:58.588+0000] {processor.py:830} INFO - Processing file /home/airflow/.local/lib/python3.8/site-packages/airflow/example_dags/example_bash_operator.py for tasks to queue
[2026-07-13T12:09:58.590+0000] {logging_mixin.py:188} INFO - [2026-07-13T12:09:58.589+0000] {dagbag.py:538} INFO - Filling up the DagBag from /home/airflow/.local/lib/python3.8/site-packages/airflow/example_dags/example_bash_operator.py
[2026-07-13T12:09:58.599+0000] {processor.py:840} INFO - DAG(s) 'example_bash_operator' retrieved from /home/airflow/.local/lib/python3.8/site-packages/airflow/example_dags/example_bash_operator.py
[2026-07-13T12:09:58.620+0000] {logging_mixin.py:188} INFO - [2026-07-13T12:09:58.620+0000] {dag.py:3036} INFO - Sync 1 DAGs
[2026-07-13T12:09:58.636+0000] {logging_mixin.py:188} INFO - [2026-07-13T12:09:58.636+0000] {dag.py:3823} INFO - Setting next_dagrun for example_bash_operator to 2026-07-12 00:00:00+00:00, run_after=2026-07-13 00:00:00+00:00
[2026-07-13T12:09:58.656+0000] {processor.py:183} INFO - Processing /home/airflow/.local/lib/python3.8/site-packages/airflow/example_dags/example_bash_operator.py took 0.072 seconds
[2026-07-13T12:10:28.735+0000] {processor.py:161} INFO - Started process (PID=5796) to work on /home/airflow/.local/lib/python3.8/site-packages/airflow/example_dags/example_bash_operator.py
[2026-07-13T12:10:28.736+0000] {processor.py:830} INFO - Processing file /home/airflow/.local/lib/python3.8/site-packages/airflow/example_dags/example_bash_operator.py for tasks to queue
[2026-07-13T12:10:28.739+0000] {logging_mixin.py:188} INFO - [2026-07-13T12:10:28.738+0000] {dagbag.py:538} INFO - Filling up the DagBag from /home/airflow/.local/lib/python3.8/site-packages/airflow/example_dags/example_bash_operator.py
[2026-07-13T12:10:28.750+0000] {processor.py:840} INFO - DAG(s) 'example_bash_operator' retrieved from /home/airflow/.local/lib/python3.8/site-packages/airflow/example_dags/example_bash_operator.py
[2026-07-13T12:10:28.775+0000] {logging_mixin.py:188} INFO - [2026-07-13T12:10:28.774+0000] {dag.py:3036} INFO - Sync 1 DAGs
[2026-07-13T12:10:28.794+0000] {logging_mixin.py:188} INFO - [2026-07-13T12:10:28.794+0000] {dag.py:3823} INFO - Setting next_dagrun for example_bash_operator to 2026-07-12 00:00:00+00:00, run_after=2026-07-13 00:00:00+00:00
[2026-07-13T12:10:28.810+0000] {processor.py:183} INFO - Processing /home/airflow/.local/lib/python3.8/site-packages/airflow/example_dags/example_bash_operator.py took 0.079 seconds
[2026-07-13T12:10:58.871+0000] {processor.py:161} INFO - Started process (PID=5852) to work on /home/airflow/.local/lib/python3.8/site-packages/airflow/example_dags/example_bash_operator.py
[2026-07-13T12:10:58.872+0000] {processor.py:830} INFO - Processing file /home/airflow/.local/lib/python3.8/site-packages/airflow/example_dags/example_bash_operator.py for tasks to queue
[2026-07-13T12:10:58.875+0000] {logging_mixin.py:188} INFO - [2026-07-13T12:10:58.874+0000] {dagbag.py:538} INFO - Filling up the DagBag from /home/airflow/.local/lib/python3.8/site-packages/airflow/example_dags/example_bash_operator.py
[2026-07-13T12:10:58.886+0000] {processor.py:840} INFO - DAG(s) 'example_bash_operator' retrieved from /home/airflow/.local/lib/python3.8/site-packages/airflow/example_dags/example_bash_operator.py
[2026-07-13T12:10:58.909+0000] {logging_mixin.py:188} INFO - [2026-07-13T12:10:58.908+0000] {dag.py:3036} INFO - Sync 1 DAGs
[2026-07-13T12:10:58.927+0000] {logging_mixin.py:188} INFO - [2026-07-13T12:10:58.927+0000] {dag.py:3823} INFO - Setting next_dagrun for example_bash_operator to 2026-07-12 00:00:00+00:00, run_after=2026-07-13 00:00:00+00:00
[2026-07-13T12:10:58.951+0000] {processor.py:183} INFO - Processing /home/airflow/.local/lib/python3.8/site-packages/airflow/example_dags/example_bash_operator.py took 0.084 seconds
[2026-07-13T12:11:29.070+0000] {processor.py:161} INFO - Started process (PID=5908) to work on /home/airflow/.local/lib/python3.8/site-packages/airflow/example_dags/example_bash_operator.py
[2026-07-13T12:11:29.071+0000] {processor.py:830} INFO - Processing file /home/airflow/.local/lib/python3.8/site-packages/airflow/example_dags/example_bash_operator.py for tasks to queue
[2026-07-13T12:11:29.073+0000] {logging_mixin.py:188} INFO - [2026-07-13T12:11:29.072+0000] {dagbag.py:538} INFO - Filling up the DagBag from /home/airflow/.local/lib/python3.8/site-packages/airflow/example_dags/example_bash_operator.py
[2026-07-13T12:11:29.083+0000] {processor.py:840} INFO - DAG(s) 'example_bash_operator' retrieved from /home/airflow/.local/lib/python3.8/site-packages/airflow/example_dags/example_bash_operator.py
[2026-07-13T12:11:29.106+0000] {logging_mixin.py:188} INFO - [2026-07-13T12:11:29.106+0000] {dag.py:3036} INFO - Sync 1 DAGs
[2026-07-13T12:11:29.124+0000] {logging_mixin.py:188} INFO - [2026-07-13T12:11:29.124+0000] {dag.py:3823} INFO - Setting next_dagrun for example_bash_operator to 2026-07-12 00:00:00+00:00, run_after=2026-07-13 00:00:00+00:00
[2026-07-13T12:11:29.138+0000] {processor.py:183} INFO - Processing /home/airflow/.local/lib/python3.8/site-packages/airflow/example_dags/example_bash_operator.py took 0.071 seconds
[2026-07-13T12:11:59.347+0000] {processor.py:161} INFO - Started process (PID=5964) to work on /home/airflow/.local/lib/python3.8/site-packages/airflow/example_dags/example_bash_operator.py
[2026-07-13T12:11:59.349+0000] {processor.py:830} INFO - Processing file /home/airflow/.local/lib/python3.8/site-packages/airflow/example_dags/example_bash_operator.py for tasks to queue
[2026-07-13T12:11:59.350+0000] {logging_mixin.py:188} INFO - [2026-07-13T12:11:59.350+0000] {dagbag.py:538} INFO - Filling up the DagBag from /home/airflow/.local/lib/python3.8/site-packages/airflow/example_dags/example_bash_operator.py
[2026-07-13T12:11:59.359+0000] {processor.py:840} INFO - DAG(s) 'example_bash_operator' retrieved from /home/airflow/.local/lib/python3.8/site-packages/airflow/example_dags/example_bash_operator.py
[2026-07-13T12:11:59.379+0000] {logging_mixin.py:188} INFO - [2026-07-13T12:11:59.379+0000] {dag.py:3036} INFO - Sync 1 DAGs
[2026-07-13T12:11:59.396+0000] {logging_mixin.py:188} INFO - [2026-07-13T12:11:59.396+0000] {dag.py:3823} INFO - Setting next_dagrun for example_bash_operator to 2026-07-12 00:00:00+00:00, run_after=2026-07-13 00:00:00+00:00
[2026-07-13T12:11:59.411+0000] {processor.py:183} INFO - Processing /home/airflow/.local/lib/python3.8/site-packages/airflow/example_dags/example_bash_operator.py took 0.066 seconds
[2026-07-13T12:12:29.467+0000] {processor.py:161} INFO - Started process (PID=6020) to work on /home/airflow/.local/lib/python3.8/site-packages/airflow/example_dags/example_bash_operator.py
[2026-07-13T12:12:29.468+0000] {processor.py:830} INFO - Processing file /home/airflow/.local/lib/python3.8/site-packages/airflow/example_dags/example_bash_operator.py for tasks to queue
[2026-07-13T12:12:29.470+0000] {logging_mixin.py:188} INFO - [2026-07-13T12:12:29.469+0000] {dagbag.py:538} INFO - Filling up the DagBag from /home/airflow/.local/lib/python3.8/site-packages/airflow/example_dags/example_bash_operator.py
[2026-07-13T12:12:29.479+0000] {processor.py:840} INFO - DAG(s) 'example_bash_operator' retrieved from /home/airflow/.local/lib/python3.8/site-packages/airflow/example_dags/example_bash_operator.py
[2026-07-13T12:12:29.501+0000] {logging_mixin.py:188} INFO - [2026-07-13T12:12:29.501+0000] {dag.py:3036} INFO - Sync 1 DAGs
[2026-07-13T12:12:29.517+0000] {logging_mixin.py:188} INFO - [2026-07-13T12:12:29.517+0000] {dag.py:3823} INFO - Setting next_dagrun for example_bash_operator to 2026-07-12 00:00:00+00:00, run_after=2026-07-13 00:00:00+00:00
[2026-07-13T12:12:29.531+0000] {processor.py:183} INFO - Processing /home/airflow/.local/lib/python3.8/site-packages/airflow/example_dags/example_bash_operator.py took 0.066 seconds
[2026-07-13T12:12:59.638+0000] {processor.py:161} INFO - Started process (PID=6076) to work on /home/airflow/.local/lib/python3.8/site-packages/airflow/example_dags/example_bash_operator.py
[2026-07-13T12:12:59.639+0000] {processor.py:830} INFO - Processing file /home/airflow/.local/lib/python3.8/site-packages/airflow/example_dags/example_bash_operator.py for tasks to queue
[2026-07-13T12:12:59.640+0000] {logging_mixin.py:188} INFO - [2026-07-13T12:12:59.640+0000] {dagbag.py:538} INFO - Filling up the DagBag from /home/airflow/.local/lib/python3.8/site-packages/airflow/example_dags/example_bash_operator.py
[2026-07-13T12:12:59.650+0000] {processor.py:840} INFO - DAG(s) 'example_bash_operator' retrieved from /home/airflow/.local/lib/python3.8/site-packages/airflow/example_dags/example_bash_operator.py
[2026-07-13T12:12:59.672+0000] {logging_mixin.py:188} INFO - [2026-07-13T12:12:59.672+0000] {dag.py:3036} INFO - Sync 1 DAGs
[2026-07-13T12:12:59.688+0000] {logging_mixin.py:188} INFO - [2026-07-13T12:12:59.688+0000] {dag.py:3823} INFO - Setting next_dagrun for example_bash_operator to 2026-07-12 00:00:00+00:00, run_after=2026-07-13 00:00:00+00:00
[2026-07-13T12:12:59.702+0000] {processor.py:183} INFO - Processing /home/airflow/.local/lib/python3.8/site-packages/airflow/example_dags/example_bash_operator.py took 0.067 seconds
[2026-07-13T12:13:29.810+0000] {processor.py:161} INFO - Started process (PID=6132) to work on /home/airflow/.local/lib/python3.8/site-packages/airflow/example_dags/example_bash_operator.py
[2026-07-13T12:13:29.811+0000] {processor.py:830} INFO - Processing file /home/airflow/.local/lib/python3.8/site-packages/airflow/example_dags/example_bash_operator.py for tasks to queue
[2026-07-13T12:13:29.812+0000] {logging_mixin.py:188} INFO - [2026-07-13T12:13:29.812+0000] {dagbag.py:538} INFO - Filling up the DagBag from /home/airflow/.local/lib/python3.8/site-packages/airflow/example_dags/example_bash_operator.py
[2026-07-13T12:13:29.821+0000] {processor.py:840} INFO - DAG(s) 'example_bash_operator' retrieved from /home/airflow/.local/lib/python3.8/site-packages/airflow/example_dags/example_bash_operator.py
[2026-07-13T12:13:29.841+0000] {logging_mixin.py:188} INFO - [2026-07-13T12:13:29.841+0000] {dag.py:3036} INFO - Sync 1 DAGs
[2026-07-13T12:13:29.857+0000] {logging_mixin.py:188} INFO - [2026-07-13T12:13:29.857+0000] {dag.py:3823} INFO - Setting next_dagrun for example_bash_operator to 2026-07-12 00:00:00+00:00, run_after=2026-07-13 00:00:00+00:00
[2026-07-13T12:13:29.872+0000] {processor.py:183} INFO - Processing /home/airflow/.local/lib/python3.8/site-packages/airflow/example_dags/example_bash_operator.py took 0.064 seconds
[2026-07-13T12:14:00.036+0000] {processor.py:161} INFO - Started process (PID=6188) to work on /home/airflow/.local/lib/python3.8/site-packages/airflow/example_dags/example_bash_operator.py
[2026-07-13T12:14:00.037+0000] {processor.py:830} INFO - Processing file /home/airflow/.local/lib/python3.8/site-packages/airflow/example_dags/example_bash_operator.py for tasks to queue
[2026-07-13T12:14:00.039+0000] {logging_mixin.py:188} INFO - [2026-07-13T12:14:00.039+0000] {dagbag.py:538} INFO - Filling up the DagBag from /home/airflow/.local/lib/python3.8/site-packages/airflow/example_dags/example_bash_operator.py
[2026-07-13T12:14:00.047+0000] {processor.py:840} INFO - DAG(s) 'example_bash_operator' retrieved from /home/airflow/.local/lib/python3.8/site-packages/airflow/example_dags/example_bash_operator.py
[2026-07-13T12:14:00.069+0000] {logging_mixin.py:188} INFO - [2026-07-13T12:14:00.068+0000] {dag.py:3036} INFO - Sync 1 DAGs
[2026-07-13T12:14:00.085+0000] {logging_mixin.py:188} INFO - [2026-07-13T12:14:00.085+0000] {dag.py:3823} INFO - Setting next_dagrun for example_bash_operator to 2026-07-12 00:00:00+00:00, run_after=2026-07-13 00:00:00+00:00
[2026-07-13T12:14:00.099+0000] {processor.py:183} INFO - Processing /home/airflow/.local/lib/python3.8/site-packages/airflow/example_dags/example_bash_operator.py took 0.066 seconds
[2026-07-13T12:14:30.288+0000] {processor.py:161} INFO - Started process (PID=6244) to work on /home/airflow/.local/lib/python3.8/site-packages/airflow/example_dags/example_bash_operator.py
[2026-07-13T12:14:30.289+0000] {processor.py:830} INFO - Processing file /home/airflow/.local/lib/python3.8/site-packages/airflow/example_dags/example_bash_operator.py for tasks to queue
[2026-07-13T12:14:30.292+0000] {logging_mixin.py:188} INFO - [2026-07-13T12:14:30.291+0000] {dagbag.py:538} INFO - Filling up the DagBag from /home/airflow/.local/lib/python3.8/site-packages/airflow/example_dags/example_bash_operator.py
[2026-07-13T12:14:30.307+0000] {processor.py:840} INFO - DAG(s) 'example_bash_operator' retrieved from /home/airflow/.local/lib/python3.8/site-packages/airflow/example_dags/example_bash_operator.py
[2026-07-13T12:14:30.342+0000] {logging_mixin.py:188} INFO - [2026-07-13T12:14:30.342+0000] {dag.py:3036} INFO - Sync 1 DAGs
[2026-07-13T12:14:30.373+0000] {logging_mixin.py:188} INFO - [2026-07-13T12:14:30.373+0000] {dag.py:3823} INFO - Setting next_dagrun for example_bash_operator to 2026-07-12 00:00:00+00:00, run_after=2026-07-13 00:00:00+00:00
[2026-07-13T12:14:30.402+0000] {processor.py:183} INFO - Processing /home/airflow/.local/lib/python3.8/site-packages/airflow/example_dags/example_bash_operator.py took 0.119 seconds
[2026-07-13T12:15:00.485+0000] {processor.py:161} INFO - Started process (PID=6300) to work on /home/airflow/.local/lib/python3.8/site-packages/airflow/example_dags/example_bash_operator.py
[2026-07-13T12:15:00.486+0000] {processor.py:830} INFO - Processing file /home/airflow/.local/lib/python3.8/site-packages/airflow/example_dags/example_bash_operator.py for tasks to queue
[2026-07-13T12:15:00.487+0000] {logging_mixin.py:188} INFO - [2026-07-13T12:15:00.487+0000] {dagbag.py:538} INFO - Filling up the DagBag from /home/airflow/.local/lib/python3.8/site-packages/airflow/example_dags/example_bash_operator.py
[2026-07-13T12:15:00.496+0000] {processor.py:840} INFO - DAG(s) 'example_bash_operator' retrieved from /home/airflow/.local/lib/python3.8/site-packages/airflow/example_dags/example_bash_operator.py
[2026-07-13T12:15:00.517+0000] {logging_mixin.py:188} INFO - [2026-07-13T12:15:00.516+0000] {dag.py:3036} INFO - Sync 1 DAGs
[2026-07-13T12:15:00.533+0000] {logging_mixin.py:188} INFO - [2026-07-13T12:15:00.533+0000] {dag.py:3823} INFO - Setting next_dagrun for example_bash_operator to 2026-07-12 00:00:00+00:00, run_after=2026-07-13 00:00:00+00:00
[2026-07-13T12:15:00.553+0000] {processor.py:183} INFO - Processing /home/airflow/.local/lib/python3.8/site-packages/airflow/example_dags/example_bash_operator.py took 0.071 seconds
[2026-07-13T12:15:30.825+0000] {processor.py:161} INFO - Started process (PID=6356) to work on /home/airflow/.local/lib/python3.8/site-packages/airflow/example_dags/example_bash_operator.py
[2026-07-13T12:15:30.826+0000] {processor.py:830} INFO - Processing file /home/airflow/.local/lib/python3.8/site-packages/airflow/example_dags/example_bash_operator.py for tasks to queue
[2026-07-13T12:15:30.828+0000] {logging_mixin.py:188} INFO - [2026-07-13T12:15:30.827+0000] {dagbag.py:538} INFO - Filling up the DagBag from /home/airflow/.local/lib/python3.8/site-packages/airflow/example_dags/example_bash_operator.py
[2026-07-13T12:15:30.837+0000] {processor.py:840} INFO - DAG(s) 'example_bash_operator' retrieved from /home/airflow/.local/lib/python3.8/site-packages/airflow/example_dags/example_bash_operator.py
[2026-07-13T12:15:30.859+0000] {logging_mixin.py:188} INFO - [2026-07-13T12:15:30.859+0000] {dag.py:3036} INFO - Sync 1 DAGs
[2026-07-13T12:15:30.878+0000] {logging_mixin.py:188} INFO - [2026-07-13T12:15:30.878+0000] {dag.py:3823} INFO - Setting next_dagrun for example_bash_operator to 2026-07-12 00:00:00+00:00, run_after=2026-07-13 00:00:00+00:00
[2026-07-13T12:15:30.895+0000] {processor.py:183} INFO - Processing /home/airflow/.local/lib/python3.8/site-packages/airflow/example_dags/example_bash_operator.py took 0.073 seconds
[2026-07-13T12:16:01.005+0000] {processor.py:161} INFO - Started process (PID=6412) to work on /home/airflow/.local/lib/python3.8/site-packages/airflow/example_dags/example_bash_operator.py
[2026-07-13T12:16:01.006+0000] {processor.py:830} INFO - Processing file /home/airflow/.local/lib/python3.8/site-packages/airflow/example_dags/example_bash_operator.py for tasks to queue
[2026-07-13T12:16:01.008+0000] {logging_mixin.py:188} INFO - [2026-07-13T12:16:01.008+0000] {dagbag.py:538} INFO - Filling up the DagBag from /home/airflow/.local/lib/python3.8/site-packages/airflow/example_dags/example_bash_operator.py
[2026-07-13T12:16:01.019+0000] {processor.py:840} INFO - DAG(s) 'example_bash_operator' retrieved from /home/airflow/.local/lib/python3.8/site-packages/airflow/example_dags/example_bash_operator.py
[2026-07-13T12:16:01.043+0000] {logging_mixin.py:188} INFO - [2026-07-13T12:16:01.043+0000] {dag.py:3036} INFO - Sync 1 DAGs
[2026-07-13T12:16:01.061+0000] {logging_mixin.py:188} INFO - [2026-07-13T12:16:01.061+0000] {dag.py:3823} INFO - Setting next_dagrun for example_bash_operator to 2026-07-12 00:00:00+00:00, run_after=2026-07-13 00:00:00+00:00
[2026-07-13T12:16:01.077+0000] {processor.py:183} INFO - Processing /home/airflow/.local/lib/python3.8/site-packages/airflow/example_dags/example_bash_operator.py took 0.078 seconds
[2026-07-13T12:16:31.140+0000] {processor.py:161} INFO - Started process (PID=6468) to work on /home/airflow/.local/lib/python3.8/site-packages/airflow/example_dags/example_bash_operator.py
[2026-07-13T12:16:31.141+0000] {processor.py:830} INFO - Processing file /home/airflow/.local/lib/python3.8/site-packages/airflow/example_dags/example_bash_operator.py for tasks to queue
[2026-07-13T12:16:31.143+0000] {logging_mixin.py:188} INFO - [2026-07-13T12:16:31.142+0000] {dagbag.py:538} INFO - Filling up the DagBag from /home/airflow/.local/lib/python3.8/site-packages/airflow/example_dags/example_bash_operator.py
[2026-07-13T12:16:31.152+0000] {processor.py:840} INFO - DAG(s) 'example_bash_operator' retrieved from /home/airflow/.local/lib/python3.8/site-packages/airflow/example_dags/example_bash_operator.py
[2026-07-13T12:16:31.172+0000] {logging_mixin.py:188} INFO - [2026-07-13T12:16:31.172+0000] {dag.py:3036} INFO - Sync 1 DAGs
[2026-07-13T12:16:31.188+0000] {logging_mixin.py:188} INFO - [2026-07-13T12:16:31.188+0000] {dag.py:3823} INFO - Setting next_dagrun for example_bash_operator to 2026-07-12 00:00:00+00:00, run_after=2026-07-13 00:00:00+00:00
[2026-07-13T12:16:31.201+0000] {processor.py:183} INFO - Processing /home/airflow/.local/lib/python3.8/site-packages/airflow/example_dags/example_bash_operator.py took 0.064 seconds
[2026-07-13T12:17:01.357+0000] {processor.py:161} INFO - Started process (PID=6524) to work on /home/airflow/.local/lib/python3.8/site-packages/airflow/example_dags/example_bash_operator.py
[2026-07-13T12:17:01.358+0000] {processor.py:830} INFO - Processing file /home/airflow/.local/lib/python3.8/site-packages/airflow/example_dags/example_bash_operator.py for tasks to queue
[2026-07-13T12:17:01.359+0000] {logging_mixin.py:188} INFO - [2026-07-13T12:17:01.359+0000] {dagbag.py:538} INFO - Filling up the DagBag from /home/airflow/.local/lib/python3.8/site-packages/airflow/example_dags/example_bash_operator.py
[2026-07-13T12:17:01.368+0000] {processor.py:840} INFO - DAG(s) 'example_bash_operator' retrieved from /home/airflow/.local/lib/python3.8/site-packages/airflow/example_dags/example_bash_operator.py
[2026-07-13T12:17:01.389+0000] {logging_mixin.py:188} INFO - [2026-07-13T12:17:01.389+0000] {dag.py:3036} INFO - Sync 1 DAGs
[2026-07-13T12:17:01.405+0000] {logging_mixin.py:188} INFO - [2026-07-13T12:17:01.404+0000] {dag.py:3823} INFO - Setting next_dagrun for example_bash_operator to 2026-07-12 00:00:00+00:00, run_after=2026-07-13 00:00:00+00:00
[2026-07-13T12:17:01.421+0000] {processor.py:183} INFO - Processing /home/airflow/.local/lib/python3.8/site-packages/airflow/example_dags/example_bash_operator.py took 0.067 seconds
[2026-07-13T12:17:31.612+0000] {processor.py:161} INFO - Started process (PID=6580) to work on /home/airflow/.local/lib/python3.8/site-packages/airflow/example_dags/example_bash_operator.py
[2026-07-13T12:17:31.613+0000] {processor.py:830} INFO - Processing file /home/airflow/.local/lib/python3.8/site-packages/airflow/example_dags/example_bash_operator.py for tasks to queue
[2026-07-13T12:17:31.614+0000] {logging_mixin.py:188} INFO - [2026-07-13T12:17:31.614+0000] {dagbag.py:538} INFO - Filling up the DagBag from /home/airflow/.local/lib/python3.8/site-packages/airflow/example_dags/example_bash_operator.py
[2026-07-13T12:17:31.624+0000] {processor.py:840} INFO - DAG(s) 'example_bash_operator' retrieved from /home/airflow/.local/lib/python3.8/site-packages/airflow/example_dags/example_bash_operator.py
[2026-07-13T12:17:31.645+0000] {logging_mixin.py:188} INFO - [2026-07-13T12:17:31.645+0000] {dag.py:3036} INFO - Sync 1 DAGs
[2026-07-13T12:17:31.661+0000] {logging_mixin.py:188} INFO - [2026-07-13T12:17:31.661+0000] {dag.py:3823} INFO - Setting next_dagrun for example_bash_operator to 2026-07-12 00:00:00+00:00, run_after=2026-07-13 00:00:00+00:00
[2026-07-13T12:17:31.676+0000] {processor.py:183} INFO - Processing /home/airflow/.local/lib/python3.8/site-packages/airflow/example_dags/example_bash_operator.py took 0.067 seconds
[2026-07-13T12:18:01.720+0000] {processor.py:161} INFO - Started process (PID=6637) to work on /home/airflow/.local/lib/python3.8/site-packages/airflow/example_dags/example_bash_operator.py
[2026-07-13T12:18:01.721+0000] {processor.py:830} INFO - Processing file /home/airflow/.local/lib/python3.8/site-packages/airflow/example_dags/example_bash_operator.py for tasks to queue
[2026-07-13T12:18:01.722+0000] {logging_mixin.py:188} INFO - [2026-07-13T12:18:01.722+0000] {dagbag.py:538} INFO - Filling up the DagBag from /home/airflow/.local/lib/python3.8/site-packages/airflow/example_dags/example_bash_operator.py
[2026-07-13T12:18:01.731+0000] {processor.py:840} INFO - DAG(s) 'example_bash_operator' retrieved from /home/airflow/.local/lib/python3.8/site-packages/airflow/example_dags/example_bash_operator.py
[2026-07-13T12:18:01.752+0000] {logging_mixin.py:188} INFO - [2026-07-13T12:18:01.752+0000] {dag.py:3036} INFO - Sync 1 DAGs
[2026-07-13T12:18:01.769+0000] {logging_mixin.py:188} INFO - [2026-07-13T12:18:01.768+0000] {dag.py:3823} INFO - Setting next_dagrun for example_bash_operator to 2026-07-12 00:00:00+00:00, run_after=2026-07-13 00:00:00+00:00
[2026-07-13T12:18:01.784+0000] {processor.py:183} INFO - Processing /home/airflow/.local/lib/python3.8/site-packages/airflow/example_dags/example_bash_operator.py took 0.067 seconds
[2026-07-13T12:18:31.900+0000] {processor.py:161} INFO - Started process (PID=6694) to work on /home/airflow/.local/lib/python3.8/site-packages/airflow/example_dags/example_bash_operator.py
[2026-07-13T12:18:31.901+0000] {processor.py:830} INFO - Processing file /home/airflow/.local/lib/python3.8/site-packages/airflow/example_dags/example_bash_operator.py for tasks to queue
[2026-07-13T12:18:31.902+0000] {logging_mixin.py:188} INFO - [2026-07-13T12:18:31.902+0000] {dagbag.py:538} INFO - Filling up the DagBag from /home/airflow/.local/lib/python3.8/site-packages/airflow/example_dags/example_bash_operator.py
[2026-07-13T12:18:31.912+0000] {processor.py:840} INFO - DAG(s) 'example_bash_operator' retrieved from /home/airflow/.local/lib/python3.8/site-packages/airflow/example_dags/example_bash_operator.py
[2026-07-13T12:18:31.932+0000] {logging_mixin.py:188} INFO - [2026-07-13T12:18:31.932+0000] {dag.py:3036} INFO - Sync 1 DAGs
[2026-07-13T12:18:31.949+0000] {logging_mixin.py:188} INFO - [2026-07-13T12:18:31.949+0000] {dag.py:3823} INFO - Setting next_dagrun for example_bash_operator to 2026-07-12 00:00:00+00:00, run_after=2026-07-13 00:00:00+00:00
[2026-07-13T12:18:31.964+0000] {processor.py:183} INFO - Processing /home/airflow/.local/lib/python3.8/site-packages/airflow/example_dags/example_bash_operator.py took 0.067 seconds
[2026-07-13T12:19:02.198+0000] {processor.py:161} INFO - Started process (PID=6750) to work on /home/airflow/.local/lib/python3.8/site-packages/airflow/example_dags/example_bash_operator.py
[2026-07-13T12:19:02.200+0000] {processor.py:830} INFO - Processing file /home/airflow/.local/lib/python3.8/site-packages/airflow/example_dags/example_bash_operator.py for tasks to queue
[2026-07-13T12:19:02.201+0000] {logging_mixin.py:188} INFO - [2026-07-13T12:19:02.201+0000] {dagbag.py:538} INFO - Filling up the DagBag from /home/airflow/.local/lib/python3.8/site-packages/airflow/example_dags/example_bash_operator.py
[2026-07-13T12:19:02.211+0000] {processor.py:840} INFO - DAG(s) 'example_bash_operator' retrieved from /home/airflow/.local/lib/python3.8/site-packages/airflow/example_dags/example_bash_operator.py
[2026-07-13T12:19:02.231+0000] {logging_mixin.py:188} INFO - [2026-07-13T12:19:02.231+0000] {dag.py:3036} INFO - Sync 1 DAGs
[2026-07-13T12:19:02.250+0000] {logging_mixin.py:188} INFO - [2026-07-13T12:19:02.249+0000] {dag.py:3823} INFO - Setting next_dagrun for example_bash_operator to 2026-07-12 00:00:00+00:00, run_after=2026-07-13 00:00:00+00:00
[2026-07-13T12:19:02.266+0000] {processor.py:183} INFO - Processing /home/airflow/.local/lib/python3.8/site-packages/airflow/example_dags/example_bash_operator.py took 0.071 seconds
[2026-07-13T12:19:32.457+0000] {processor.py:161} INFO - Started process (PID=6806) to work on /home/airflow/.local/lib/python3.8/site-packages/airflow/example_dags/example_bash_operator.py
[2026-07-13T12:19:32.458+0000] {processor.py:830} INFO - Processing file /home/airflow/.local/lib/python3.8/site-packages/airflow/example_dags/example_bash_operator.py for tasks to queue
[2026-07-13T12:19:32.460+0000] {logging_mixin.py:188} INFO - [2026-07-13T12:19:32.459+0000] {dagbag.py:538} INFO - Filling up the DagBag from /home/airflow/.local/lib/python3.8/site-packages/airflow/example_dags/example_bash_operator.py
[2026-07-13T12:19:32.469+0000] {processor.py:840} INFO - DAG(s) 'example_bash_operator' retrieved from /home/airflow/.local/lib/python3.8/site-packages/airflow/example_dags/example_bash_operator.py
[2026-07-13T12:19:32.491+0000] {logging_mixin.py:188} INFO - [2026-07-13T12:19:32.491+0000] {dag.py:3036} INFO - Sync 1 DAGs
[2026-07-13T12:19:32.507+0000] {logging_mixin.py:188} INFO - [2026-07-13T12:19:32.506+0000] {dag.py:3823} INFO - Setting next_dagrun for example_bash_operator to 2026-07-12 00:00:00+00:00, run_after=2026-07-13 00:00:00+00:00
[2026-07-13T12:19:32.520+0000] {processor.py:183} INFO - Processing /home/airflow/.local/lib/python3.8/site-packages/airflow/example_dags/example_bash_operator.py took 0.065 seconds
[2026-07-13T12:20:02.694+0000] {processor.py:161} INFO - Started process (PID=6862) to work on /home/airflow/.local/lib/python3.8/site-packages/airflow/example_dags/example_bash_operator.py
[2026-07-13T12:20:02.695+0000] {processor.py:830} INFO - Processing file /home/airflow/.local/lib/python3.8/site-packages/airflow/example_dags/example_bash_operator.py for tasks to queue
[2026-07-13T12:20:02.696+0000] {logging_mixin.py:188} INFO - [2026-07-13T12:20:02.696+0000] {dagbag.py:538} INFO - Filling up the DagBag from /home/airflow/.local/lib/python3.8/site-packages/airflow/example_dags/example_bash_operator.py
[2026-07-13T12:20:02.706+0000] {processor.py:840} INFO - DAG(s) 'example_bash_operator' retrieved from /home/airflow/.local/lib/python3.8/site-packages/airflow/example_dags/example_bash_operator.py
[2026-07-13T12:20:02.727+0000] {logging_mixin.py:188} INFO - [2026-07-13T12:20:02.727+0000] {dag.py:3036} INFO - Sync 1 DAGs
[2026-07-13T12:20:02.743+0000] {logging_mixin.py:188} INFO - [2026-07-13T12:20:02.743+0000] {dag.py:3823} INFO - Setting next_dagrun for example_bash_operator to 2026-07-12 00:00:00+00:00, run_after=2026-07-13 00:00:00+00:00
[2026-07-13T12:20:02.758+0000] {processor.py:183} INFO - Processing /home/airflow/.local/lib/python3.8/site-packages/airflow/example_dags/example_bash_operator.py took 0.067 seconds
[2026-07-13T12:20:32.796+0000] {processor.py:161} INFO - Started process (PID=6918) to work on /home/airflow/.local/lib/python3.8/site-packages/airflow/example_dags/example_bash_operator.py
[2026-07-13T12:20:32.797+0000] {processor.py:830} INFO - Processing file /home/airflow/.local/lib/python3.8/site-packages/airflow/example_dags/example_bash_operator.py for tasks to queue
[2026-07-13T12:20:32.799+0000] {logging_mixin.py:188} INFO - [2026-07-13T12:20:32.798+0000] {dagbag.py:538} INFO - Filling up the DagBag from /home/airflow/.local/lib/python3.8/site-packages/airflow/example_dags/example_bash_operator.py
[2026-07-13T12:20:32.810+0000] {processor.py:840} INFO - DAG(s) 'example_bash_operator' retrieved from /home/airflow/.local/lib/python3.8/site-packages/airflow/example_dags/example_bash_operator.py
[2026-07-13T12:20:32.835+0000] {logging_mixin.py:188} INFO - [2026-07-13T12:20:32.835+0000] {dag.py:3036} INFO - Sync 1 DAGs
[2026-07-13T12:20:32.857+0000] {logging_mixin.py:188} INFO - [2026-07-13T12:20:32.856+0000] {dag.py:3823} INFO - Setting next_dagrun for example_bash_operator to 2026-07-12 00:00:00+00:00, run_after=2026-07-13 00:00:00+00:00
[2026-07-13T12:20:32.873+0000] {processor.py:183} INFO - Processing /home/airflow/.local/lib/python3.8/site-packages/airflow/example_dags/example_bash_operator.py took 0.081 seconds
[2026-07-13T12:21:02.957+0000] {processor.py:161} INFO - Started process (PID=6974) to work on /home/airflow/.local/lib/python3.8/site-packages/airflow/example_dags/example_bash_operator.py
[2026-07-13T12:21:02.958+0000] {processor.py:830} INFO - Processing file /home/airflow/.local/lib/python3.8/site-packages/airflow/example_dags/example_bash_operator.py for tasks to queue
[2026-07-13T12:21:02.959+0000] {logging_mixin.py:188} INFO - [2026-07-13T12:21:02.959+0000] {dagbag.py:538} INFO - Filling up the DagBag from /home/airflow/.local/lib/python3.8/site-packages/airflow/example_dags/example_bash_operator.py
[2026-07-13T12:21:02.968+0000] {processor.py:840} INFO - DAG(s) 'example_bash_operator' retrieved from /home/airflow/.local/lib/python3.8/site-packages/airflow/example_dags/example_bash_operator.py
[2026-07-13T12:21:02.989+0000] {logging_mixin.py:188} INFO - [2026-07-13T12:21:02.989+0000] {dag.py:3036} INFO - Sync 1 DAGs
[2026-07-13T12:21:03.006+0000] {logging_mixin.py:188} INFO - [2026-07-13T12:21:03.006+0000] {dag.py:3823} INFO - Setting next_dagrun for example_bash_operator to 2026-07-12 00:00:00+00:00, run_after=2026-07-13 00:00:00+00:00
[2026-07-13T12:21:03.021+0000] {processor.py:183} INFO - Processing /home/airflow/.local/lib/python3.8/site-packages/airflow/example_dags/example_bash_operator.py took 0.067 seconds
[2026-07-13T12:21:33.113+0000] {processor.py:161} INFO - Started process (PID=7030) to work on /home/airflow/.local/lib/python3.8/site-packages/airflow/example_dags/example_bash_operator.py
[2026-07-13T12:21:33.114+0000] {processor.py:830} INFO - Processing file /home/airflow/.local/lib/python3.8/site-packages/airflow/example_dags/example_bash_operator.py for tasks to queue
[2026-07-13T12:21:33.115+0000] {logging_mixin.py:188} INFO - [2026-07-13T12:21:33.115+0000] {dagbag.py:538} INFO - Filling up the DagBag from /home/airflow/.local/lib/python3.8/site-packages/airflow/example_dags/example_bash_operator.py
[2026-07-13T12:21:33.124+0000] {processor.py:840} INFO - DAG(s) 'example_bash_operator' retrieved from /home/airflow/.local/lib/python3.8/site-packages/airflow/example_dags/example_bash_operator.py
[2026-07-13T12:21:33.146+0000] {logging_mixin.py:188} INFO - [2026-07-13T12:21:33.146+0000] {dag.py:3036} INFO - Sync 1 DAGs
[2026-07-13T12:21:33.164+0000] {logging_mixin.py:188} INFO - [2026-07-13T12:21:33.164+0000] {dag.py:3823} INFO - Setting next_dagrun for example_bash_operator to 2026-07-12 00:00:00+00:00, run_after=2026-07-13 00:00:00+00:00
[2026-07-13T12:21:33.178+0000] {processor.py:183} INFO - Processing /home/airflow/.local/lib/python3.8/site-packages/airflow/example_dags/example_bash_operator.py took 0.068 seconds
[2026-07-13T12:22:03.350+0000] {processor.py:161} INFO - Started process (PID=7086) to work on /home/airflow/.local/lib/python3.8/site-packages/airflow/example_dags/example_bash_operator.py
[2026-07-13T12:22:03.351+0000] {processor.py:830} INFO - Processing file /home/airflow/.local/lib/python3.8/site-packages/airflow/example_dags/example_bash_operator.py for tasks to queue
[2026-07-13T12:22:03.353+0000] {logging_mixin.py:188} INFO - [2026-07-13T12:22:03.353+0000] {dagbag.py:538} INFO - Filling up the DagBag from /home/airflow/.local/lib/python3.8/site-packages/airflow/example_dags/example_bash_operator.py
[2026-07-13T12:22:03.361+0000] {processor.py:840} INFO - DAG(s) 'example_bash_operator' retrieved from /home/airflow/.local/lib/python3.8/site-packages/airflow/example_dags/example_bash_operator.py
[2026-07-13T12:22:03.381+0000] {logging_mixin.py:188} INFO - [2026-07-13T12:22:03.381+0000] {dag.py:3036} INFO - Sync 1 DAGs
[2026-07-13T12:22:03.399+0000] {logging_mixin.py:188} INFO - [2026-07-13T12:22:03.399+0000] {dag.py:3823} INFO - Setting next_dagrun for example_bash_operator to 2026-07-12 00:00:00+00:00, run_after=2026-07-13 00:00:00+00:00
[2026-07-13T12:22:03.412+0000] {processor.py:183} INFO - Processing /home/airflow/.local/lib/python3.8/site-packages/airflow/example_dags/example_bash_operator.py took 0.065 seconds
[2026-07-13T12:22:33.507+0000] {processor.py:161} INFO - Started process (PID=7142) to work on /home/airflow/.local/lib/python3.8/site-packages/airflow/example_dags/example_bash_operator.py
[2026-07-13T12:22:33.508+0000] {processor.py:830} INFO - Processing file /home/airflow/.local/lib/python3.8/site-packages/airflow/example_dags/example_bash_operator.py for tasks to queue
[2026-07-13T12:22:33.510+0000] {logging_mixin.py:188} INFO - [2026-07-13T12:22:33.509+0000] {dagbag.py:538} INFO - Filling up the DagBag from /home/airflow/.local/lib/python3.8/site-packages/airflow/example_dags/example_bash_operator.py
[2026-07-13T12:22:33.518+0000] {processor.py:840} INFO - DAG(s) 'example_bash_operator' retrieved from /home/airflow/.local/lib/python3.8/site-packages/airflow/example_dags/example_bash_operator.py
[2026-07-13T12:22:33.539+0000] {logging_mixin.py:188} INFO - [2026-07-13T12:22:33.538+0000] {dag.py:3036} INFO - Sync 1 DAGs
[2026-07-13T12:22:33.555+0000] {logging_mixin.py:188} INFO - [2026-07-13T12:22:33.554+0000] {dag.py:3823} INFO - Setting next_dagrun for example_bash_operator to 2026-07-12 00:00:00+00:00, run_after=2026-07-13 00:00:00+00:00
[2026-07-13T12:22:33.570+0000] {processor.py:183} INFO - Processing /home/airflow/.local/lib/python3.8/site-packages/airflow/example_dags/example_bash_operator.py took 0.065 seconds
[2026-07-13T12:23:03.631+0000] {processor.py:161} INFO - Started process (PID=7198) to work on /home/airflow/.local/lib/python3.8/site-packages/airflow/example_dags/example_bash_operator.py
[2026-07-13T12:23:03.632+0000] {processor.py:830} INFO - Processing file /home/airflow/.local/lib/python3.8/site-packages/airflow/example_dags/example_bash_operator.py for tasks to queue
[2026-07-13T12:23:03.633+0000] {logging_mixin.py:188} INFO - [2026-07-13T12:23:03.633+0000] {dagbag.py:538} INFO - Filling up the DagBag from /home/airflow/.local/lib/python3.8/site-packages/airflow/example_dags/example_bash_operator.py
[2026-07-13T12:23:03.644+0000] {processor.py:840} INFO - DAG(s) 'example_bash_operator' retrieved from /home/airflow/.local/lib/python3.8/site-packages/airflow/example_dags/example_bash_operator.py
[2026-07-13T12:23:03.665+0000] {logging_mixin.py:188} INFO - [2026-07-13T12:23:03.665+0000] {dag.py:3036} INFO - Sync 1 DAGs
[2026-07-13T12:23:03.682+0000] {logging_mixin.py:188} INFO - [2026-07-13T12:23:03.682+0000] {dag.py:3823} INFO - Setting next_dagrun for example_bash_operator to 2026-07-12 00:00:00+00:00, run_after=2026-07-13 00:00:00+00:00
[2026-07-13T12:23:03.696+0000] {processor.py:183} INFO - Processing /home/airflow/.local/lib/python3.8/site-packages/airflow/example_dags/example_bash_operator.py took 0.068 seconds
[2026-07-13T12:23:33.789+0000] {processor.py:161} INFO - Started process (PID=7254) to work on /home/airflow/.local/lib/python3.8/site-packages/airflow/example_dags/example_bash_operator.py
[2026-07-13T12:23:33.791+0000] {processor.py:830} INFO - Processing file /home/airflow/.local/lib/python3.8/site-packages/airflow/example_dags/example_bash_operator.py for tasks to queue
[2026-07-13T12:23:33.792+0000] {logging_mixin.py:188} INFO - [2026-07-13T12:23:33.792+0000] {dagbag.py:538} INFO - Filling up the DagBag from /home/airflow/.local/lib/python3.8/site-packages/airflow/example_dags/example_bash_operator.py
[2026-07-13T12:23:33.801+0000] {processor.py:840} INFO - DAG(s) 'example_bash_operator' retrieved from /home/airflow/.local/lib/python3.8/site-packages/airflow/example_dags/example_bash_operator.py
[2026-07-13T12:23:33.823+0000] {logging_mixin.py:188} INFO - [2026-07-13T12:23:33.822+0000] {dag.py:3036} INFO - Sync 1 DAGs
[2026-07-13T12:23:33.838+0000] {logging_mixin.py:188} INFO - [2026-07-13T12:23:33.838+0000] {dag.py:3823} INFO - Setting next_dagrun for example_bash_operator to 2026-07-12 00:00:00+00:00, run_after=2026-07-13 00:00:00+00:00
[2026-07-13T12:23:33.852+0000] {processor.py:183} INFO - Processing /home/airflow/.local/lib/python3.8/site-packages/airflow/example_dags/example_bash_operator.py took 0.065 seconds
[2026-07-13T12:24:04.075+0000] {processor.py:161} INFO - Started process (PID=7310) to work on /home/airflow/.local/lib/python3.8/site-packages/airflow/example_dags/example_bash_operator.py
[2026-07-13T12:24:04.076+0000] {processor.py:830} INFO - Processing file /home/airflow/.local/lib/python3.8/site-packages/airflow/example_dags/example_bash_operator.py for tasks to queue
[2026-07-13T12:24:04.077+0000] {logging_mixin.py:188} INFO - [2026-07-13T12:24:04.077+0000] {dagbag.py:538} INFO - Filling up the DagBag from /home/airflow/.local/lib/python3.8/site-packages/airflow/example_dags/example_bash_operator.py
[2026-07-13T12:24:04.087+0000] {processor.py:840} INFO - DAG(s) 'example_bash_operator' retrieved from /home/airflow/.local/lib/python3.8/site-packages/airflow/example_dags/example_bash_operator.py
[2026-07-13T12:24:04.108+0000] {logging_mixin.py:188} INFO - [2026-07-13T12:24:04.107+0000] {dag.py:3036} INFO - Sync 1 DAGs
[2026-07-13T12:24:04.123+0000] {logging_mixin.py:188} INFO - [2026-07-13T12:24:04.123+0000] {dag.py:3823} INFO - Setting next_dagrun for example_bash_operator to 2026-07-12 00:00:00+00:00, run_after=2026-07-13 00:00:00+00:00
[2026-07-13T12:24:04.136+0000] {processor.py:183} INFO - Processing /home/airflow/.local/lib/python3.8/site-packages/airflow/example_dags/example_bash_operator.py took 0.064 seconds
[2026-07-13T12:24:34.313+0000] {processor.py:161} INFO - Started process (PID=7367) to work on /home/airflow/.local/lib/python3.8/site-packages/airflow/example_dags/example_bash_operator.py
[2026-07-13T12:24:34.314+0000] {processor.py:830} INFO - Processing file /home/airflow/.local/lib/python3.8/site-packages/airflow/example_dags/example_bash_operator.py for tasks to queue
[2026-07-13T12:24:34.316+0000] {logging_mixin.py:188} INFO - [2026-07-13T12:24:34.316+0000] {dagbag.py:538} INFO - Filling up the DagBag from /home/airflow/.local/lib/python3.8/site-packages/airflow/example_dags/example_bash_operator.py
[2026-07-13T12:24:34.326+0000] {processor.py:840} INFO - DAG(s) 'example_bash_operator' retrieved from /home/airflow/.local/lib/python3.8/site-packages/airflow/example_dags/example_bash_operator.py
[2026-07-13T12:24:34.349+0000] {logging_mixin.py:188} INFO - [2026-07-13T12:24:34.349+0000] {dag.py:3036} INFO - Sync 1 DAGs
[2026-07-13T12:24:34.366+0000] {logging_mixin.py:188} INFO - [2026-07-13T12:24:34.366+0000] {dag.py:3823} INFO - Setting next_dagrun for example_bash_operator to 2026-07-12 00:00:00+00:00, run_after=2026-07-13 00:00:00+00:00
[2026-07-13T12:24:34.382+0000] {processor.py:183} INFO - Processing /home/airflow/.local/lib/python3.8/site-packages/airflow/example_dags/example_bash_operator.py took 0.072 seconds
                                                                                                                                                                                                                                                                                                                                                                                                                                                                                                                                                                                                                                                                                                                                                                                                                                                                                                                                                                                                                                                                                                           [2026-07-13T12:30:55.344+0000] {processor.py:161} INFO - Started process (PID=57) to work on /home/airflow/.local/lib/python3.8/site-packages/airflow/example_dags/example_bash_operator.py
[2026-07-13T12:30:55.345+0000] {processor.py:830} INFO - Processing file /home/airflow/.local/lib/python3.8/site-packages/airflow/example_dags/example_bash_operator.py for tasks to queue
[2026-07-13T12:30:55.347+0000] {logging_mixin.py:188} INFO - [2026-07-13T12:30:55.346+0000] {dagbag.py:538} INFO - Filling up the DagBag from /home/airflow/.local/lib/python3.8/site-packages/airflow/example_dags/example_bash_operator.py
[2026-07-13T12:30:55.363+0000] {processor.py:840} INFO - DAG(s) 'example_bash_operator' retrieved from /home/airflow/.local/lib/python3.8/site-packages/airflow/example_dags/example_bash_operator.py
[2026-07-13T12:30:55.375+0000] {logging_mixin.py:188} INFO - [2026-07-13T12:30:55.374+0000] {dag.py:3036} INFO - Sync 1 DAGs
[2026-07-13T12:30:55.398+0000] {logging_mixin.py:188} INFO - [2026-07-13T12:30:55.398+0000] {dag.py:3823} INFO - Setting next_dagrun for example_bash_operator to 2026-07-12 00:00:00+00:00, run_after=2026-07-13 00:00:00+00:00
[2026-07-13T12:30:55.419+0000] {processor.py:183} INFO - Processing /home/airflow/.local/lib/python3.8/site-packages/airflow/example_dags/example_bash_operator.py took 0.079 seconds
[2026-07-13T12:31:25.985+0000] {processor.py:161} INFO - Started process (PID=112) to work on /home/airflow/.local/lib/python3.8/site-packages/airflow/example_dags/example_bash_operator.py
[2026-07-13T12:31:25.986+0000] {processor.py:830} INFO - Processing file /home/airflow/.local/lib/python3.8/site-packages/airflow/example_dags/example_bash_operator.py for tasks to queue
[2026-07-13T12:31:25.987+0000] {logging_mixin.py:188} INFO - [2026-07-13T12:31:25.987+0000] {dagbag.py:538} INFO - Filling up the DagBag from /home/airflow/.local/lib/python3.8/site-packages/airflow/example_dags/example_bash_operator.py
[2026-07-13T12:31:25.996+0000] {processor.py:840} INFO - DAG(s) 'example_bash_operator' retrieved from /home/airflow/.local/lib/python3.8/site-packages/airflow/example_dags/example_bash_operator.py
[2026-07-13T12:31:26.072+0000] {logging_mixin.py:188} INFO - [2026-07-13T12:31:26.072+0000] {dag.py:3036} INFO - Sync 1 DAGs
[2026-07-13T12:31:26.087+0000] {logging_mixin.py:188} INFO - [2026-07-13T12:31:26.086+0000] {dag.py:3823} INFO - Setting next_dagrun for example_bash_operator to 2026-07-12 00:00:00+00:00, run_after=2026-07-13 00:00:00+00:00
[2026-07-13T12:31:26.101+0000] {processor.py:183} INFO - Processing /home/airflow/.local/lib/python3.8/site-packages/airflow/example_dags/example_bash_operator.py took 0.118 seconds
[2026-07-13T12:31:56.462+0000] {processor.py:161} INFO - Started process (PID=168) to work on /home/airflow/.local/lib/python3.8/site-packages/airflow/example_dags/example_bash_operator.py
[2026-07-13T12:31:56.463+0000] {processor.py:830} INFO - Processing file /home/airflow/.local/lib/python3.8/site-packages/airflow/example_dags/example_bash_operator.py for tasks to queue
[2026-07-13T12:31:56.464+0000] {logging_mixin.py:188} INFO - [2026-07-13T12:31:56.464+0000] {dagbag.py:538} INFO - Filling up the DagBag from /home/airflow/.local/lib/python3.8/site-packages/airflow/example_dags/example_bash_operator.py
[2026-07-13T12:31:56.473+0000] {processor.py:840} INFO - DAG(s) 'example_bash_operator' retrieved from /home/airflow/.local/lib/python3.8/site-packages/airflow/example_dags/example_bash_operator.py
[2026-07-13T12:31:56.492+0000] {logging_mixin.py:188} INFO - [2026-07-13T12:31:56.492+0000] {dag.py:3036} INFO - Sync 1 DAGs
[2026-07-13T12:31:56.507+0000] {logging_mixin.py:188} INFO - [2026-07-13T12:31:56.507+0000] {dag.py:3823} INFO - Setting next_dagrun for example_bash_operator to 2026-07-12 00:00:00+00:00, run_after=2026-07-13 00:00:00+00:00
[2026-07-13T12:31:56.519+0000] {processor.py:183} INFO - Processing /home/airflow/.local/lib/python3.8/site-packages/airflow/example_dags/example_bash_operator.py took 0.060 seconds
[2026-07-13T12:32:26.995+0000] {processor.py:161} INFO - Started process (PID=225) to work on /home/airflow/.local/lib/python3.8/site-packages/airflow/example_dags/example_bash_operator.py
[2026-07-13T12:32:26.996+0000] {processor.py:830} INFO - Processing file /home/airflow/.local/lib/python3.8/site-packages/airflow/example_dags/example_bash_operator.py for tasks to queue
[2026-07-13T12:32:26.997+0000] {logging_mixin.py:188} INFO - [2026-07-13T12:32:26.997+0000] {dagbag.py:538} INFO - Filling up the DagBag from /home/airflow/.local/lib/python3.8/site-packages/airflow/example_dags/example_bash_operator.py
[2026-07-13T12:32:27.005+0000] {processor.py:840} INFO - DAG(s) 'example_bash_operator' retrieved from /home/airflow/.local/lib/python3.8/site-packages/airflow/example_dags/example_bash_operator.py
[2026-07-13T12:32:27.026+0000] {logging_mixin.py:188} INFO - [2026-07-13T12:32:27.025+0000] {dag.py:3036} INFO - Sync 1 DAGs
[2026-07-13T12:32:27.041+0000] {logging_mixin.py:188} INFO - [2026-07-13T12:32:27.041+0000] {dag.py:3823} INFO - Setting next_dagrun for example_bash_operator to 2026-07-12 00:00:00+00:00, run_after=2026-07-13 00:00:00+00:00
[2026-07-13T12:32:27.052+0000] {processor.py:183} INFO - Processing /home/airflow/.local/lib/python3.8/site-packages/airflow/example_dags/example_bash_operator.py took 0.060 seconds
[2026-07-13T12:32:57.515+0000] {processor.py:161} INFO - Started process (PID=281) to work on /home/airflow/.local/lib/python3.8/site-packages/airflow/example_dags/example_bash_operator.py
[2026-07-13T12:32:57.516+0000] {processor.py:830} INFO - Processing file /home/airflow/.local/lib/python3.8/site-packages/airflow/example_dags/example_bash_operator.py for tasks to queue
[2026-07-13T12:32:57.518+0000] {logging_mixin.py:188} INFO - [2026-07-13T12:32:57.517+0000] {dagbag.py:538} INFO - Filling up the DagBag from /home/airflow/.local/lib/python3.8/site-packages/airflow/example_dags/example_bash_operator.py
[2026-07-13T12:32:57.533+0000] {processor.py:840} INFO - DAG(s) 'example_bash_operator' retrieved from /home/airflow/.local/lib/python3.8/site-packages/airflow/example_dags/example_bash_operator.py
[2026-07-13T12:32:57.578+0000] {logging_mixin.py:188} INFO - [2026-07-13T12:32:57.577+0000] {dag.py:3036} INFO - Sync 1 DAGs
[2026-07-13T12:32:57.608+0000] {logging_mixin.py:188} INFO - [2026-07-13T12:32:57.608+0000] {dag.py:3823} INFO - Setting next_dagrun for example_bash_operator to 2026-07-12 00:00:00+00:00, run_after=2026-07-13 00:00:00+00:00
[2026-07-13T12:32:57.629+0000] {processor.py:183} INFO - Processing /home/airflow/.local/lib/python3.8/site-packages/airflow/example_dags/example_bash_operator.py took 0.117 seconds
[2026-07-13T12:33:27.872+0000] {processor.py:161} INFO - Started process (PID=338) to work on /home/airflow/.local/lib/python3.8/site-packages/airflow/example_dags/example_bash_operator.py
[2026-07-13T12:33:27.874+0000] {processor.py:830} INFO - Processing file /home/airflow/.local/lib/python3.8/site-packages/airflow/example_dags/example_bash_operator.py for tasks to queue
[2026-07-13T12:33:27.875+0000] {logging_mixin.py:188} INFO - [2026-07-13T12:33:27.875+0000] {dagbag.py:538} INFO - Filling up the DagBag from /home/airflow/.local/lib/python3.8/site-packages/airflow/example_dags/example_bash_operator.py
[2026-07-13T12:33:27.883+0000] {processor.py:840} INFO - DAG(s) 'example_bash_operator' retrieved from /home/airflow/.local/lib/python3.8/site-packages/airflow/example_dags/example_bash_operator.py
[2026-07-13T12:33:27.901+0000] {logging_mixin.py:188} INFO - [2026-07-13T12:33:27.901+0000] {dag.py:3036} INFO - Sync 1 DAGs
[2026-07-13T12:33:27.916+0000] {logging_mixin.py:188} INFO - [2026-07-13T12:33:27.916+0000] {dag.py:3823} INFO - Setting next_dagrun for example_bash_operator to 2026-07-12 00:00:00+00:00, run_after=2026-07-13 00:00:00+00:00
[2026-07-13T12:33:27.928+0000] {processor.py:183} INFO - Processing /home/airflow/.local/lib/python3.8/site-packages/airflow/example_dags/example_bash_operator.py took 0.058 seconds
[2026-07-13T12:33:58.620+0000] {processor.py:161} INFO - Started process (PID=394) to work on /home/airflow/.local/lib/python3.8/site-packages/airflow/example_dags/example_bash_operator.py
[2026-07-13T12:33:58.621+0000] {processor.py:830} INFO - Processing file /home/airflow/.local/lib/python3.8/site-packages/airflow/example_dags/example_bash_operator.py for tasks to queue
[2026-07-13T12:33:58.623+0000] {logging_mixin.py:188} INFO - [2026-07-13T12:33:58.622+0000] {dagbag.py:538} INFO - Filling up the DagBag from /home/airflow/.local/lib/python3.8/site-packages/airflow/example_dags/example_bash_operator.py
[2026-07-13T12:33:58.631+0000] {processor.py:840} INFO - DAG(s) 'example_bash_operator' retrieved from /home/airflow/.local/lib/python3.8/site-packages/airflow/example_dags/example_bash_operator.py
[2026-07-13T12:33:58.649+0000] {logging_mixin.py:188} INFO - [2026-07-13T12:33:58.649+0000] {dag.py:3036} INFO - Sync 1 DAGs
[2026-07-13T12:33:58.664+0000] {logging_mixin.py:188} INFO - [2026-07-13T12:33:58.664+0000] {dag.py:3823} INFO - Setting next_dagrun for example_bash_operator to 2026-07-12 00:00:00+00:00, run_after=2026-07-13 00:00:00+00:00
[2026-07-13T12:33:58.677+0000] {processor.py:183} INFO - Processing /home/airflow/.local/lib/python3.8/site-packages/airflow/example_dags/example_bash_operator.py took 0.059 seconds
[2026-07-13T12:34:29.168+0000] {processor.py:161} INFO - Started process (PID=450) to work on /home/airflow/.local/lib/python3.8/site-packages/airflow/example_dags/example_bash_operator.py
[2026-07-13T12:34:29.169+0000] {processor.py:830} INFO - Processing file /home/airflow/.local/lib/python3.8/site-packages/airflow/example_dags/example_bash_operator.py for tasks to queue
[2026-07-13T12:34:29.171+0000] {logging_mixin.py:188} INFO - [2026-07-13T12:34:29.171+0000] {dagbag.py:538} INFO - Filling up the DagBag from /home/airflow/.local/lib/python3.8/site-packages/airflow/example_dags/example_bash_operator.py
[2026-07-13T12:34:29.180+0000] {processor.py:840} INFO - DAG(s) 'example_bash_operator' retrieved from /home/airflow/.local/lib/python3.8/site-packages/airflow/example_dags/example_bash_operator.py
[2026-07-13T12:34:29.201+0000] {logging_mixin.py:188} INFO - [2026-07-13T12:34:29.201+0000] {dag.py:3036} INFO - Sync 1 DAGs
[2026-07-13T12:34:29.221+0000] {logging_mixin.py:188} INFO - [2026-07-13T12:34:29.221+0000] {dag.py:3823} INFO - Setting next_dagrun for example_bash_operator to 2026-07-12 00:00:00+00:00, run_after=2026-07-13 00:00:00+00:00
[2026-07-13T12:34:29.243+0000] {processor.py:183} INFO - Processing /home/airflow/.local/lib/python3.8/site-packages/airflow/example_dags/example_bash_operator.py took 0.078 seconds
[2026-07-13T12:34:59.715+0000] {processor.py:161} INFO - Started process (PID=506) to work on /home/airflow/.local/lib/python3.8/site-packages/airflow/example_dags/example_bash_operator.py
[2026-07-13T12:34:59.716+0000] {processor.py:830} INFO - Processing file /home/airflow/.local/lib/python3.8/site-packages/airflow/example_dags/example_bash_operator.py for tasks to queue
[2026-07-13T12:34:59.717+0000] {logging_mixin.py:188} INFO - [2026-07-13T12:34:59.717+0000] {dagbag.py:538} INFO - Filling up the DagBag from /home/airflow/.local/lib/python3.8/site-packages/airflow/example_dags/example_bash_operator.py
[2026-07-13T12:34:59.728+0000] {processor.py:840} INFO - DAG(s) 'example_bash_operator' retrieved from /home/airflow/.local/lib/python3.8/site-packages/airflow/example_dags/example_bash_operator.py
[2026-07-13T12:34:59.748+0000] {logging_mixin.py:188} INFO - [2026-07-13T12:34:59.748+0000] {dag.py:3036} INFO - Sync 1 DAGs
[2026-07-13T12:34:59.764+0000] {logging_mixin.py:188} INFO - [2026-07-13T12:34:59.764+0000] {dag.py:3823} INFO - Setting next_dagrun for example_bash_operator to 2026-07-12 00:00:00+00:00, run_after=2026-07-13 00:00:00+00:00
[2026-07-13T12:34:59.777+0000] {processor.py:183} INFO - Processing /home/airflow/.local/lib/python3.8/site-packages/airflow/example_dags/example_bash_operator.py took 0.065 seconds
[2026-07-13T12:35:30.390+0000] {processor.py:161} INFO - Started process (PID=562) to work on /home/airflow/.local/lib/python3.8/site-packages/airflow/example_dags/example_bash_operator.py
[2026-07-13T12:35:30.391+0000] {processor.py:830} INFO - Processing file /home/airflow/.local/lib/python3.8/site-packages/airflow/example_dags/example_bash_operator.py for tasks to queue
[2026-07-13T12:35:30.392+0000] {logging_mixin.py:188} INFO - [2026-07-13T12:35:30.392+0000] {dagbag.py:538} INFO - Filling up the DagBag from /home/airflow/.local/lib/python3.8/site-packages/airflow/example_dags/example_bash_operator.py
[2026-07-13T12:35:30.401+0000] {processor.py:840} INFO - DAG(s) 'example_bash_operator' retrieved from /home/airflow/.local/lib/python3.8/site-packages/airflow/example_dags/example_bash_operator.py
[2026-07-13T12:35:30.422+0000] {logging_mixin.py:188} INFO - [2026-07-13T12:35:30.421+0000] {dag.py:3036} INFO - Sync 1 DAGs
[2026-07-13T12:35:30.437+0000] {logging_mixin.py:188} INFO - [2026-07-13T12:35:30.437+0000] {dag.py:3823} INFO - Setting next_dagrun for example_bash_operator to 2026-07-12 00:00:00+00:00, run_after=2026-07-13 00:00:00+00:00
[2026-07-13T12:35:30.451+0000] {processor.py:183} INFO - Processing /home/airflow/.local/lib/python3.8/site-packages/airflow/example_dags/example_bash_operator.py took 0.064 seconds
[2026-07-13T12:36:01.192+0000] {processor.py:161} INFO - Started process (PID=618) to work on /home/airflow/.local/lib/python3.8/site-packages/airflow/example_dags/example_bash_operator.py
[2026-07-13T12:36:01.194+0000] {processor.py:830} INFO - Processing file /home/airflow/.local/lib/python3.8/site-packages/airflow/example_dags/example_bash_operator.py for tasks to queue
[2026-07-13T12:36:01.195+0000] {logging_mixin.py:188} INFO - [2026-07-13T12:36:01.195+0000] {dagbag.py:538} INFO - Filling up the DagBag from /home/airflow/.local/lib/python3.8/site-packages/airflow/example_dags/example_bash_operator.py
[2026-07-13T12:36:01.204+0000] {processor.py:840} INFO - DAG(s) 'example_bash_operator' retrieved from /home/airflow/.local/lib/python3.8/site-packages/airflow/example_dags/example_bash_operator.py
[2026-07-13T12:36:01.227+0000] {logging_mixin.py:188} INFO - [2026-07-13T12:36:01.227+0000] {dag.py:3036} INFO - Sync 1 DAGs
[2026-07-13T12:36:01.246+0000] {logging_mixin.py:188} INFO - [2026-07-13T12:36:01.246+0000] {dag.py:3823} INFO - Setting next_dagrun for example_bash_operator to 2026-07-12 00:00:00+00:00, run_after=2026-07-13 00:00:00+00:00
[2026-07-13T12:36:01.261+0000] {processor.py:183} INFO - Processing /home/airflow/.local/lib/python3.8/site-packages/airflow/example_dags/example_bash_operator.py took 0.072 seconds
[2026-07-13T12:36:31.626+0000] {processor.py:161} INFO - Started process (PID=674) to work on /home/airflow/.local/lib/python3.8/site-packages/airflow/example_dags/example_bash_operator.py
[2026-07-13T12:36:31.627+0000] {processor.py:830} INFO - Processing file /home/airflow/.local/lib/python3.8/site-packages/airflow/example_dags/example_bash_operator.py for tasks to queue
[2026-07-13T12:36:31.629+0000] {logging_mixin.py:188} INFO - [2026-07-13T12:36:31.628+0000] {dagbag.py:538} INFO - Filling up the DagBag from /home/airflow/.local/lib/python3.8/site-packages/airflow/example_dags/example_bash_operator.py
[2026-07-13T12:36:31.637+0000] {processor.py:840} INFO - DAG(s) 'example_bash_operator' retrieved from /home/airflow/.local/lib/python3.8/site-packages/airflow/example_dags/example_bash_operator.py
[2026-07-13T12:36:31.656+0000] {logging_mixin.py:188} INFO - [2026-07-13T12:36:31.656+0000] {dag.py:3036} INFO - Sync 1 DAGs
[2026-07-13T12:36:31.672+0000] {logging_mixin.py:188} INFO - [2026-07-13T12:36:31.672+0000] {dag.py:3823} INFO - Setting next_dagrun for example_bash_operator to 2026-07-12 00:00:00+00:00, run_after=2026-07-13 00:00:00+00:00
[2026-07-13T12:36:31.685+0000] {processor.py:183} INFO - Processing /home/airflow/.local/lib/python3.8/site-packages/airflow/example_dags/example_bash_operator.py took 0.062 seconds
[2026-07-13T12:37:02.120+0000] {processor.py:161} INFO - Started process (PID=730) to work on /home/airflow/.local/lib/python3.8/site-packages/airflow/example_dags/example_bash_operator.py
[2026-07-13T12:37:02.122+0000] {processor.py:830} INFO - Processing file /home/airflow/.local/lib/python3.8/site-packages/airflow/example_dags/example_bash_operator.py for tasks to queue
[2026-07-13T12:37:02.125+0000] {logging_mixin.py:188} INFO - [2026-07-13T12:37:02.124+0000] {dagbag.py:538} INFO - Filling up the DagBag from /home/airflow/.local/lib/python3.8/site-packages/airflow/example_dags/example_bash_operator.py
[2026-07-13T12:37:02.139+0000] {processor.py:840} INFO - DAG(s) 'example_bash_operator' retrieved from /home/airflow/.local/lib/python3.8/site-packages/airflow/example_dags/example_bash_operator.py
[2026-07-13T12:37:02.173+0000] {logging_mixin.py:188} INFO - [2026-07-13T12:37:02.173+0000] {dag.py:3036} INFO - Sync 1 DAGs
[2026-07-13T12:37:02.191+0000] {logging_mixin.py:188} INFO - [2026-07-13T12:37:02.191+0000] {dag.py:3823} INFO - Setting next_dagrun for example_bash_operator to 2026-07-12 00:00:00+00:00, run_after=2026-07-13 00:00:00+00:00
[2026-07-13T12:37:02.205+0000] {processor.py:183} INFO - Processing /home/airflow/.local/lib/python3.8/site-packages/airflow/example_dags/example_bash_operator.py took 0.089 seconds
[2026-07-13T12:37:32.647+0000] {processor.py:161} INFO - Started process (PID=786) to work on /home/airflow/.local/lib/python3.8/site-packages/airflow/example_dags/example_bash_operator.py
[2026-07-13T12:37:32.648+0000] {processor.py:830} INFO - Processing file /home/airflow/.local/lib/python3.8/site-packages/airflow/example_dags/example_bash_operator.py for tasks to queue
[2026-07-13T12:37:32.649+0000] {logging_mixin.py:188} INFO - [2026-07-13T12:37:32.649+0000] {dagbag.py:538} INFO - Filling up the DagBag from /home/airflow/.local/lib/python3.8/site-packages/airflow/example_dags/example_bash_operator.py
[2026-07-13T12:37:32.657+0000] {processor.py:840} INFO - DAG(s) 'example_bash_operator' retrieved from /home/airflow/.local/lib/python3.8/site-packages/airflow/example_dags/example_bash_operator.py
[2026-07-13T12:37:32.677+0000] {logging_mixin.py:188} INFO - [2026-07-13T12:37:32.677+0000] {dag.py:3036} INFO - Sync 1 DAGs
[2026-07-13T12:37:32.694+0000] {logging_mixin.py:188} INFO - [2026-07-13T12:37:32.694+0000] {dag.py:3823} INFO - Setting next_dagrun for example_bash_operator to 2026-07-12 00:00:00+00:00, run_after=2026-07-13 00:00:00+00:00
[2026-07-13T12:37:32.709+0000] {processor.py:183} INFO - Processing /home/airflow/.local/lib/python3.8/site-packages/airflow/example_dags/example_bash_operator.py took 0.064 seconds
[2026-07-13T12:38:02.995+0000] {processor.py:161} INFO - Started process (PID=842) to work on /home/airflow/.local/lib/python3.8/site-packages/airflow/example_dags/example_bash_operator.py
[2026-07-13T12:38:02.996+0000] {processor.py:830} INFO - Processing file /home/airflow/.local/lib/python3.8/site-packages/airflow/example_dags/example_bash_operator.py for tasks to queue
[2026-07-13T12:38:02.997+0000] {logging_mixin.py:188} INFO - [2026-07-13T12:38:02.997+0000] {dagbag.py:538} INFO - Filling up the DagBag from /home/airflow/.local/lib/python3.8/site-packages/airflow/example_dags/example_bash_operator.py
[2026-07-13T12:38:03.005+0000] {processor.py:840} INFO - DAG(s) 'example_bash_operator' retrieved from /home/airflow/.local/lib/python3.8/site-packages/airflow/example_dags/example_bash_operator.py
[2026-07-13T12:38:03.024+0000] {logging_mixin.py:188} INFO - [2026-07-13T12:38:03.024+0000] {dag.py:3036} INFO - Sync 1 DAGs
[2026-07-13T12:38:03.039+0000] {logging_mixin.py:188} INFO - [2026-07-13T12:38:03.039+0000] {dag.py:3823} INFO - Setting next_dagrun for example_bash_operator to 2026-07-12 00:00:00+00:00, run_after=2026-07-13 00:00:00+00:00
[2026-07-13T12:38:03.053+0000] {processor.py:183} INFO - Processing /home/airflow/.local/lib/python3.8/site-packages/airflow/example_dags/example_bash_operator.py took 0.061 seconds
[2026-07-13T12:38:33.067+0000] {processor.py:161} INFO - Started process (PID=898) to work on /home/airflow/.local/lib/python3.8/site-packages/airflow/example_dags/example_bash_operator.py
[2026-07-13T12:38:33.068+0000] {processor.py:830} INFO - Processing file /home/airflow/.local/lib/python3.8/site-packages/airflow/example_dags/example_bash_operator.py for tasks to queue
[2026-07-13T12:38:33.069+0000] {logging_mixin.py:188} INFO - [2026-07-13T12:38:33.069+0000] {dagbag.py:538} INFO - Filling up the DagBag from /home/airflow/.local/lib/python3.8/site-packages/airflow/example_dags/example_bash_operator.py
[2026-07-13T12:38:33.077+0000] {processor.py:840} INFO - DAG(s) 'example_bash_operator' retrieved from /home/airflow/.local/lib/python3.8/site-packages/airflow/example_dags/example_bash_operator.py
[2026-07-13T12:38:33.097+0000] {logging_mixin.py:188} INFO - [2026-07-13T12:38:33.096+0000] {dag.py:3036} INFO - Sync 1 DAGs
[2026-07-13T12:38:33.112+0000] {logging_mixin.py:188} INFO - [2026-07-13T12:38:33.112+0000] {dag.py:3823} INFO - Setting next_dagrun for example_bash_operator to 2026-07-12 00:00:00+00:00, run_after=2026-07-13 00:00:00+00:00
[2026-07-13T12:38:33.128+0000] {processor.py:183} INFO - Processing /home/airflow/.local/lib/python3.8/site-packages/airflow/example_dags/example_bash_operator.py took 0.064 seconds
[2026-07-13T12:39:03.215+0000] {processor.py:161} INFO - Started process (PID=954) to work on /home/airflow/.local/lib/python3.8/site-packages/airflow/example_dags/example_bash_operator.py
[2026-07-13T12:39:03.216+0000] {processor.py:830} INFO - Processing file /home/airflow/.local/lib/python3.8/site-packages/airflow/example_dags/example_bash_operator.py for tasks to queue
[2026-07-13T12:39:03.217+0000] {logging_mixin.py:188} INFO - [2026-07-13T12:39:03.217+0000] {dagbag.py:538} INFO - Filling up the DagBag from /home/airflow/.local/lib/python3.8/site-packages/airflow/example_dags/example_bash_operator.py
[2026-07-13T12:39:03.226+0000] {processor.py:840} INFO - DAG(s) 'example_bash_operator' retrieved from /home/airflow/.local/lib/python3.8/site-packages/airflow/example_dags/example_bash_operator.py
[2026-07-13T12:39:03.245+0000] {logging_mixin.py:188} INFO - [2026-07-13T12:39:03.245+0000] {dag.py:3036} INFO - Sync 1 DAGs
[2026-07-13T12:39:03.260+0000] {logging_mixin.py:188} INFO - [2026-07-13T12:39:03.260+0000] {dag.py:3823} INFO - Setting next_dagrun for example_bash_operator to 2026-07-12 00:00:00+00:00, run_after=2026-07-13 00:00:00+00:00
[2026-07-13T12:39:03.273+0000] {processor.py:183} INFO - Processing /home/airflow/.local/lib/python3.8/site-packages/airflow/example_dags/example_bash_operator.py took 0.061 seconds
[2026-07-13T12:39:33.403+0000] {processor.py:161} INFO - Started process (PID=1010) to work on /home/airflow/.local/lib/python3.8/site-packages/airflow/example_dags/example_bash_operator.py
[2026-07-13T12:39:33.404+0000] {processor.py:830} INFO - Processing file /home/airflow/.local/lib/python3.8/site-packages/airflow/example_dags/example_bash_operator.py for tasks to queue
[2026-07-13T12:39:33.408+0000] {logging_mixin.py:188} INFO - [2026-07-13T12:39:33.407+0000] {dagbag.py:538} INFO - Filling up the DagBag from /home/airflow/.local/lib/python3.8/site-packages/airflow/example_dags/example_bash_operator.py
[2026-07-13T12:39:33.421+0000] {processor.py:840} INFO - DAG(s) 'example_bash_operator' retrieved from /home/airflow/.local/lib/python3.8/site-packages/airflow/example_dags/example_bash_operator.py
[2026-07-13T12:39:33.450+0000] {logging_mixin.py:188} INFO - [2026-07-13T12:39:33.450+0000] {dag.py:3036} INFO - Sync 1 DAGs
[2026-07-13T12:39:33.469+0000] {logging_mixin.py:188} INFO - [2026-07-13T12:39:33.469+0000] {dag.py:3823} INFO - Setting next_dagrun for example_bash_operator to 2026-07-12 00:00:00+00:00, run_after=2026-07-13 00:00:00+00:00
[2026-07-13T12:39:33.491+0000] {processor.py:183} INFO - Processing /home/airflow/.local/lib/python3.8/site-packages/airflow/example_dags/example_bash_operator.py took 0.094 seconds
[2026-07-13T12:40:04.783+0000] {processor.py:161} INFO - Started process (PID=1066) to work on /home/airflow/.local/lib/python3.8/site-packages/airflow/example_dags/example_bash_operator.py
[2026-07-13T12:40:04.784+0000] {processor.py:830} INFO - Processing file /home/airflow/.local/lib/python3.8/site-packages/airflow/example_dags/example_bash_operator.py for tasks to queue
[2026-07-13T12:40:04.786+0000] {logging_mixin.py:188} INFO - [2026-07-13T12:40:04.786+0000] {dagbag.py:538} INFO - Filling up the DagBag from /home/airflow/.local/lib/python3.8/site-packages/airflow/example_dags/example_bash_operator.py
[2026-07-13T12:40:04.795+0000] {processor.py:840} INFO - DAG(s) 'example_bash_operator' retrieved from /home/airflow/.local/lib/python3.8/site-packages/airflow/example_dags/example_bash_operator.py
[2026-07-13T12:40:04.817+0000] {logging_mixin.py:188} INFO - [2026-07-13T12:40:04.816+0000] {dag.py:3036} INFO - Sync 1 DAGs
[2026-07-13T12:40:04.835+0000] {logging_mixin.py:188} INFO - [2026-07-13T12:40:04.835+0000] {dag.py:3823} INFO - Setting next_dagrun for example_bash_operator to 2026-07-12 00:00:00+00:00, run_after=2026-07-13 00:00:00+00:00
[2026-07-13T12:40:04.854+0000] {processor.py:183} INFO - Processing /home/airflow/.local/lib/python3.8/site-packages/airflow/example_dags/example_bash_operator.py took 0.074 seconds
[2026-07-13T12:40:36.825+0000] {processor.py:161} INFO - Started process (PID=1122) to work on /home/airflow/.local/lib/python3.8/site-packages/airflow/example_dags/example_bash_operator.py
[2026-07-13T12:40:36.826+0000] {processor.py:830} INFO - Processing file /home/airflow/.local/lib/python3.8/site-packages/airflow/example_dags/example_bash_operator.py for tasks to queue
[2026-07-13T12:40:36.827+0000] {logging_mixin.py:188} INFO - [2026-07-13T12:40:36.827+0000] {dagbag.py:538} INFO - Filling up the DagBag from /home/airflow/.local/lib/python3.8/site-packages/airflow/example_dags/example_bash_operator.py
[2026-07-13T12:40:36.836+0000] {processor.py:840} INFO - DAG(s) 'example_bash_operator' retrieved from /home/airflow/.local/lib/python3.8/site-packages/airflow/example_dags/example_bash_operator.py
[2026-07-13T12:40:36.856+0000] {logging_mixin.py:188} INFO - [2026-07-13T12:40:36.856+0000] {dag.py:3036} INFO - Sync 1 DAGs
[2026-07-13T12:40:36.872+0000] {logging_mixin.py:188} INFO - [2026-07-13T12:40:36.872+0000] {dag.py:3823} INFO - Setting next_dagrun for example_bash_operator to 2026-07-12 00:00:00+00:00, run_after=2026-07-13 00:00:00+00:00
[2026-07-13T12:40:36.886+0000] {processor.py:183} INFO - Processing /home/airflow/.local/lib/python3.8/site-packages/airflow/example_dags/example_bash_operator.py took 0.064 seconds
[2026-07-13T12:41:09.067+0000] {processor.py:161} INFO - Started process (PID=1178) to work on /home/airflow/.local/lib/python3.8/site-packages/airflow/example_dags/example_bash_operator.py
[2026-07-13T12:41:09.068+0000] {processor.py:830} INFO - Processing file /home/airflow/.local/lib/python3.8/site-packages/airflow/example_dags/example_bash_operator.py for tasks to queue
[2026-07-13T12:41:09.070+0000] {logging_mixin.py:188} INFO - [2026-07-13T12:41:09.070+0000] {dagbag.py:538} INFO - Filling up the DagBag from /home/airflow/.local/lib/python3.8/site-packages/airflow/example_dags/example_bash_operator.py
[2026-07-13T12:41:09.081+0000] {processor.py:840} INFO - DAG(s) 'example_bash_operator' retrieved from /home/airflow/.local/lib/python3.8/site-packages/airflow/example_dags/example_bash_operator.py
[2026-07-13T12:41:09.109+0000] {logging_mixin.py:188} INFO - [2026-07-13T12:41:09.109+0000] {dag.py:3036} INFO - Sync 1 DAGs
[2026-07-13T12:41:09.133+0000] {logging_mixin.py:188} INFO - [2026-07-13T12:41:09.133+0000] {dag.py:3823} INFO - Setting next_dagrun for example_bash_operator to 2026-07-12 00:00:00+00:00, run_after=2026-07-13 00:00:00+00:00
[2026-07-13T12:41:09.164+0000] {processor.py:183} INFO - Processing /home/airflow/.local/lib/python3.8/site-packages/airflow/example_dags/example_bash_operator.py took 0.100 seconds
[2026-07-13T12:41:40.733+0000] {processor.py:161} INFO - Started process (PID=1234) to work on /home/airflow/.local/lib/python3.8/site-packages/airflow/example_dags/example_bash_operator.py
[2026-07-13T12:41:40.745+0000] {processor.py:830} INFO - Processing file /home/airflow/.local/lib/python3.8/site-packages/airflow/example_dags/example_bash_operator.py for tasks to queue
[2026-07-13T12:41:40.748+0000] {logging_mixin.py:188} INFO - [2026-07-13T12:41:40.748+0000] {dagbag.py:538} INFO - Filling up the DagBag from /home/airflow/.local/lib/python3.8/site-packages/airflow/example_dags/example_bash_operator.py
[2026-07-13T12:41:40.765+0000] {processor.py:840} INFO - DAG(s) 'example_bash_operator' retrieved from /home/airflow/.local/lib/python3.8/site-packages/airflow/example_dags/example_bash_operator.py
[2026-07-13T12:41:40.789+0000] {logging_mixin.py:188} INFO - [2026-07-13T12:41:40.789+0000] {dag.py:3036} INFO - Sync 1 DAGs
[2026-07-13T12:41:40.809+0000] {logging_mixin.py:188} INFO - [2026-07-13T12:41:40.809+0000] {dag.py:3823} INFO - Setting next_dagrun for example_bash_operator to 2026-07-12 00:00:00+00:00, run_after=2026-07-13 00:00:00+00:00
[2026-07-13T12:41:40.826+0000] {processor.py:183} INFO - Processing /home/airflow/.local/lib/python3.8/site-packages/airflow/example_dags/example_bash_operator.py took 0.095 seconds
[2026-07-13T12:42:11.220+0000] {processor.py:161} INFO - Started process (PID=1290) to work on /home/airflow/.local/lib/python3.8/site-packages/airflow/example_dags/example_bash_operator.py
[2026-07-13T12:42:11.221+0000] {processor.py:830} INFO - Processing file /home/airflow/.local/lib/python3.8/site-packages/airflow/example_dags/example_bash_operator.py for tasks to queue
[2026-07-13T12:42:11.222+0000] {logging_mixin.py:188} INFO - [2026-07-13T12:42:11.222+0000] {dagbag.py:538} INFO - Filling up the DagBag from /home/airflow/.local/lib/python3.8/site-packages/airflow/example_dags/example_bash_operator.py
[2026-07-13T12:42:11.230+0000] {processor.py:840} INFO - DAG(s) 'example_bash_operator' retrieved from /home/airflow/.local/lib/python3.8/site-packages/airflow/example_dags/example_bash_operator.py
[2026-07-13T12:42:11.255+0000] {logging_mixin.py:188} INFO - [2026-07-13T12:42:11.255+0000] {dag.py:3036} INFO - Sync 1 DAGs
[2026-07-13T12:42:11.270+0000] {logging_mixin.py:188} INFO - [2026-07-13T12:42:11.270+0000] {dag.py:3823} INFO - Setting next_dagrun for example_bash_operator to 2026-07-12 00:00:00+00:00, run_after=2026-07-13 00:00:00+00:00
[2026-07-13T12:42:11.284+0000] {processor.py:183} INFO - Processing /home/airflow/.local/lib/python3.8/site-packages/airflow/example_dags/example_bash_operator.py took 0.067 seconds
[2026-07-13T12:42:41.760+0000] {processor.py:161} INFO - Started process (PID=1346) to work on /home/airflow/.local/lib/python3.8/site-packages/airflow/example_dags/example_bash_operator.py
[2026-07-13T12:42:41.762+0000] {processor.py:830} INFO - Processing file /home/airflow/.local/lib/python3.8/site-packages/airflow/example_dags/example_bash_operator.py for tasks to queue
[2026-07-13T12:42:41.765+0000] {logging_mixin.py:188} INFO - [2026-07-13T12:42:41.764+0000] {dagbag.py:538} INFO - Filling up the DagBag from /home/airflow/.local/lib/python3.8/site-packages/airflow/example_dags/example_bash_operator.py
[2026-07-13T12:42:41.781+0000] {processor.py:840} INFO - DAG(s) 'example_bash_operator' retrieved from /home/airflow/.local/lib/python3.8/site-packages/airflow/example_dags/example_bash_operator.py
[2026-07-13T12:42:41.814+0000] {logging_mixin.py:188} INFO - [2026-07-13T12:42:41.813+0000] {dag.py:3036} INFO - Sync 1 DAGs
[2026-07-13T12:42:41.835+0000] {logging_mixin.py:188} INFO - [2026-07-13T12:42:41.835+0000] {dag.py:3823} INFO - Setting next_dagrun for example_bash_operator to 2026-07-12 00:00:00+00:00, run_after=2026-07-13 00:00:00+00:00
[2026-07-13T12:42:41.854+0000] {processor.py:183} INFO - Processing /home/airflow/.local/lib/python3.8/site-packages/airflow/example_dags/example_bash_operator.py took 0.098 seconds
[2026-07-13T12:43:12.456+0000] {processor.py:161} INFO - Started process (PID=1402) to work on /home/airflow/.local/lib/python3.8/site-packages/airflow/example_dags/example_bash_operator.py
[2026-07-13T12:43:12.457+0000] {processor.py:830} INFO - Processing file /home/airflow/.local/lib/python3.8/site-packages/airflow/example_dags/example_bash_operator.py for tasks to queue
[2026-07-13T12:43:12.458+0000] {logging_mixin.py:188} INFO - [2026-07-13T12:43:12.458+0000] {dagbag.py:538} INFO - Filling up the DagBag from /home/airflow/.local/lib/python3.8/site-packages/airflow/example_dags/example_bash_operator.py
[2026-07-13T12:43:12.467+0000] {processor.py:840} INFO - DAG(s) 'example_bash_operator' retrieved from /home/airflow/.local/lib/python3.8/site-packages/airflow/example_dags/example_bash_operator.py
[2026-07-13T12:43:12.489+0000] {logging_mixin.py:188} INFO - [2026-07-13T12:43:12.489+0000] {dag.py:3036} INFO - Sync 1 DAGs
[2026-07-13T12:43:12.505+0000] {logging_mixin.py:188} INFO - [2026-07-13T12:43:12.505+0000] {dag.py:3823} INFO - Setting next_dagrun for example_bash_operator to 2026-07-12 00:00:00+00:00, run_after=2026-07-13 00:00:00+00:00
[2026-07-13T12:43:12.525+0000] {processor.py:183} INFO - Processing /home/airflow/.local/lib/python3.8/site-packages/airflow/example_dags/example_bash_operator.py took 0.071 seconds
[2026-07-13T12:43:42.594+0000] {processor.py:161} INFO - Started process (PID=1458) to work on /home/airflow/.local/lib/python3.8/site-packages/airflow/example_dags/example_bash_operator.py
[2026-07-13T12:43:42.595+0000] {processor.py:830} INFO - Processing file /home/airflow/.local/lib/python3.8/site-packages/airflow/example_dags/example_bash_operator.py for tasks to queue
[2026-07-13T12:43:42.597+0000] {logging_mixin.py:188} INFO - [2026-07-13T12:43:42.596+0000] {dagbag.py:538} INFO - Filling up the DagBag from /home/airflow/.local/lib/python3.8/site-packages/airflow/example_dags/example_bash_operator.py
[2026-07-13T12:43:42.606+0000] {processor.py:840} INFO - DAG(s) 'example_bash_operator' retrieved from /home/airflow/.local/lib/python3.8/site-packages/airflow/example_dags/example_bash_operator.py
[2026-07-13T12:43:42.626+0000] {logging_mixin.py:188} INFO - [2026-07-13T12:43:42.626+0000] {dag.py:3036} INFO - Sync 1 DAGs
[2026-07-13T12:43:42.644+0000] {logging_mixin.py:188} INFO - [2026-07-13T12:43:42.644+0000] {dag.py:3823} INFO - Setting next_dagrun for example_bash_operator to 2026-07-12 00:00:00+00:00, run_after=2026-07-13 00:00:00+00:00
[2026-07-13T12:43:42.658+0000] {processor.py:183} INFO - Processing /home/airflow/.local/lib/python3.8/site-packages/airflow/example_dags/example_bash_operator.py took 0.067 seconds
[2026-07-13T12:44:12.780+0000] {processor.py:161} INFO - Started process (PID=1514) to work on /home/airflow/.local/lib/python3.8/site-packages/airflow/example_dags/example_bash_operator.py
[2026-07-13T12:44:12.781+0000] {processor.py:830} INFO - Processing file /home/airflow/.local/lib/python3.8/site-packages/airflow/example_dags/example_bash_operator.py for tasks to queue
[2026-07-13T12:44:12.783+0000] {logging_mixin.py:188} INFO - [2026-07-13T12:44:12.782+0000] {dagbag.py:538} INFO - Filling up the DagBag from /home/airflow/.local/lib/python3.8/site-packages/airflow/example_dags/example_bash_operator.py
[2026-07-13T12:44:12.791+0000] {processor.py:840} INFO - DAG(s) 'example_bash_operator' retrieved from /home/airflow/.local/lib/python3.8/site-packages/airflow/example_dags/example_bash_operator.py
[2026-07-13T12:44:12.810+0000] {logging_mixin.py:188} INFO - [2026-07-13T12:44:12.810+0000] {dag.py:3036} INFO - Sync 1 DAGs
[2026-07-13T12:44:12.825+0000] {logging_mixin.py:188} INFO - [2026-07-13T12:44:12.825+0000] {dag.py:3823} INFO - Setting next_dagrun for example_bash_operator to 2026-07-12 00:00:00+00:00, run_after=2026-07-13 00:00:00+00:00
[2026-07-13T12:44:12.838+0000] {processor.py:183} INFO - Processing /home/airflow/.local/lib/python3.8/site-packages/airflow/example_dags/example_bash_operator.py took 0.061 seconds
[2026-07-13T12:44:43.186+0000] {processor.py:161} INFO - Started process (PID=1564) to work on /home/airflow/.local/lib/python3.8/site-packages/airflow/example_dags/example_bash_operator.py
[2026-07-13T12:44:43.188+0000] {processor.py:830} INFO - Processing file /home/airflow/.local/lib/python3.8/site-packages/airflow/example_dags/example_bash_operator.py for tasks to queue
[2026-07-13T12:44:43.190+0000] {logging_mixin.py:188} INFO - [2026-07-13T12:44:43.190+0000] {dagbag.py:538} INFO - Filling up the DagBag from /home/airflow/.local/lib/python3.8/site-packages/airflow/example_dags/example_bash_operator.py
[2026-07-13T12:44:43.204+0000] {processor.py:840} INFO - DAG(s) 'example_bash_operator' retrieved from /home/airflow/.local/lib/python3.8/site-packages/airflow/example_dags/example_bash_operator.py
[2026-07-13T12:44:43.238+0000] {logging_mixin.py:188} INFO - [2026-07-13T12:44:43.238+0000] {dag.py:3036} INFO - Sync 1 DAGs
[2026-07-13T12:44:43.272+0000] {logging_mixin.py:188} INFO - [2026-07-13T12:44:43.272+0000] {dag.py:3823} INFO - Setting next_dagrun for example_bash_operator to 2026-07-12 00:00:00+00:00, run_after=2026-07-13 00:00:00+00:00
[2026-07-13T12:44:43.292+0000] {processor.py:183} INFO - Processing /home/airflow/.local/lib/python3.8/site-packages/airflow/example_dags/example_bash_operator.py took 0.113 seconds
[2026-07-13T12:45:13.734+0000] {processor.py:161} INFO - Started process (PID=1620) to work on /home/airflow/.local/lib/python3.8/site-packages/airflow/example_dags/example_bash_operator.py
[2026-07-13T12:45:13.735+0000] {processor.py:830} INFO - Processing file /home/airflow/.local/lib/python3.8/site-packages/airflow/example_dags/example_bash_operator.py for tasks to queue
[2026-07-13T12:45:13.737+0000] {logging_mixin.py:188} INFO - [2026-07-13T12:45:13.736+0000] {dagbag.py:538} INFO - Filling up the DagBag from /home/airflow/.local/lib/python3.8/site-packages/airflow/example_dags/example_bash_operator.py
[2026-07-13T12:45:13.744+0000] {processor.py:840} INFO - DAG(s) 'example_bash_operator' retrieved from /home/airflow/.local/lib/python3.8/site-packages/airflow/example_dags/example_bash_operator.py
[2026-07-13T12:45:13.763+0000] {logging_mixin.py:188} INFO - [2026-07-13T12:45:13.763+0000] {dag.py:3036} INFO - Sync 1 DAGs
[2026-07-13T12:45:13.777+0000] {logging_mixin.py:188} INFO - [2026-07-13T12:45:13.777+0000] {dag.py:3823} INFO - Setting next_dagrun for example_bash_operator to 2026-07-12 00:00:00+00:00, run_after=2026-07-13 00:00:00+00:00
[2026-07-13T12:45:13.789+0000] {processor.py:183} INFO - Processing /home/airflow/.local/lib/python3.8/site-packages/airflow/example_dags/example_bash_operator.py took 0.058 seconds
[2026-07-13T12:45:43.933+0000] {processor.py:161} INFO - Started process (PID=1676) to work on /home/airflow/.local/lib/python3.8/site-packages/airflow/example_dags/example_bash_operator.py
[2026-07-13T12:45:43.935+0000] {processor.py:830} INFO - Processing file /home/airflow/.local/lib/python3.8/site-packages/airflow/example_dags/example_bash_operator.py for tasks to queue
[2026-07-13T12:45:43.937+0000] {logging_mixin.py:188} INFO - [2026-07-13T12:45:43.937+0000] {dagbag.py:538} INFO - Filling up the DagBag from /home/airflow/.local/lib/python3.8/site-packages/airflow/example_dags/example_bash_operator.py
[2026-07-13T12:45:43.947+0000] {processor.py:840} INFO - DAG(s) 'example_bash_operator' retrieved from /home/airflow/.local/lib/python3.8/site-packages/airflow/example_dags/example_bash_operator.py
[2026-07-13T12:45:43.969+0000] {logging_mixin.py:188} INFO - [2026-07-13T12:45:43.969+0000] {dag.py:3036} INFO - Sync 1 DAGs
[2026-07-13T12:45:43.999+0000] {logging_mixin.py:188} INFO - [2026-07-13T12:45:43.999+0000] {dag.py:3823} INFO - Setting next_dagrun for example_bash_operator to 2026-07-12 00:00:00+00:00, run_after=2026-07-13 00:00:00+00:00
[2026-07-13T12:45:44.024+0000] {processor.py:183} INFO - Processing /home/airflow/.local/lib/python3.8/site-packages/airflow/example_dags/example_bash_operator.py took 0.093 seconds
[2026-07-13T12:46:14.083+0000] {processor.py:161} INFO - Started process (PID=1732) to work on /home/airflow/.local/lib/python3.8/site-packages/airflow/example_dags/example_bash_operator.py
[2026-07-13T12:46:14.084+0000] {processor.py:830} INFO - Processing file /home/airflow/.local/lib/python3.8/site-packages/airflow/example_dags/example_bash_operator.py for tasks to queue
[2026-07-13T12:46:14.086+0000] {logging_mixin.py:188} INFO - [2026-07-13T12:46:14.086+0000] {dagbag.py:538} INFO - Filling up the DagBag from /home/airflow/.local/lib/python3.8/site-packages/airflow/example_dags/example_bash_operator.py
[2026-07-13T12:46:14.095+0000] {processor.py:840} INFO - DAG(s) 'example_bash_operator' retrieved from /home/airflow/.local/lib/python3.8/site-packages/airflow/example_dags/example_bash_operator.py
[2026-07-13T12:46:14.113+0000] {logging_mixin.py:188} INFO - [2026-07-13T12:46:14.113+0000] {dag.py:3036} INFO - Sync 1 DAGs
[2026-07-13T12:46:14.128+0000] {logging_mixin.py:188} INFO - [2026-07-13T12:46:14.128+0000] {dag.py:3823} INFO - Setting next_dagrun for example_bash_operator to 2026-07-12 00:00:00+00:00, run_after=2026-07-13 00:00:00+00:00
[2026-07-13T12:46:14.141+0000] {processor.py:183} INFO - Processing /home/airflow/.local/lib/python3.8/site-packages/airflow/example_dags/example_bash_operator.py took 0.060 seconds
[2026-07-13T12:46:44.304+0000] {processor.py:161} INFO - Started process (PID=1788) to work on /home/airflow/.local/lib/python3.8/site-packages/airflow/example_dags/example_bash_operator.py
[2026-07-13T12:46:44.305+0000] {processor.py:830} INFO - Processing file /home/airflow/.local/lib/python3.8/site-packages/airflow/example_dags/example_bash_operator.py for tasks to queue
[2026-07-13T12:46:44.306+0000] {logging_mixin.py:188} INFO - [2026-07-13T12:46:44.306+0000] {dagbag.py:538} INFO - Filling up the DagBag from /home/airflow/.local/lib/python3.8/site-packages/airflow/example_dags/example_bash_operator.py
[2026-07-13T12:46:44.315+0000] {processor.py:840} INFO - DAG(s) 'example_bash_operator' retrieved from /home/airflow/.local/lib/python3.8/site-packages/airflow/example_dags/example_bash_operator.py
[2026-07-13T12:46:44.333+0000] {logging_mixin.py:188} INFO - [2026-07-13T12:46:44.333+0000] {dag.py:3036} INFO - Sync 1 DAGs
[2026-07-13T12:46:44.348+0000] {logging_mixin.py:188} INFO - [2026-07-13T12:46:44.347+0000] {dag.py:3823} INFO - Setting next_dagrun for example_bash_operator to 2026-07-12 00:00:00+00:00, run_after=2026-07-13 00:00:00+00:00
[2026-07-13T12:46:44.359+0000] {processor.py:183} INFO - Processing /home/airflow/.local/lib/python3.8/site-packages/airflow/example_dags/example_bash_operator.py took 0.058 seconds
[2026-07-13T12:47:14.668+0000] {processor.py:161} INFO - Started process (PID=1844) to work on /home/airflow/.local/lib/python3.8/site-packages/airflow/example_dags/example_bash_operator.py
[2026-07-13T12:47:14.669+0000] {processor.py:830} INFO - Processing file /home/airflow/.local/lib/python3.8/site-packages/airflow/example_dags/example_bash_operator.py for tasks to queue
[2026-07-13T12:47:14.670+0000] {logging_mixin.py:188} INFO - [2026-07-13T12:47:14.670+0000] {dagbag.py:538} INFO - Filling up the DagBag from /home/airflow/.local/lib/python3.8/site-packages/airflow/example_dags/example_bash_operator.py
[2026-07-13T12:47:14.680+0000] {processor.py:840} INFO - DAG(s) 'example_bash_operator' retrieved from /home/airflow/.local/lib/python3.8/site-packages/airflow/example_dags/example_bash_operator.py
[2026-07-13T12:47:14.703+0000] {logging_mixin.py:188} INFO - [2026-07-13T12:47:14.703+0000] {dag.py:3036} INFO - Sync 1 DAGs
[2026-07-13T12:47:14.720+0000] {logging_mixin.py:188} INFO - [2026-07-13T12:47:14.719+0000] {dag.py:3823} INFO - Setting next_dagrun for example_bash_operator to 2026-07-12 00:00:00+00:00, run_after=2026-07-13 00:00:00+00:00
[2026-07-13T12:47:14.736+0000] {processor.py:183} INFO - Processing /home/airflow/.local/lib/python3.8/site-packages/airflow/example_dags/example_bash_operator.py took 0.070 seconds
[2026-07-13T12:47:44.751+0000] {processor.py:161} INFO - Started process (PID=1900) to work on /home/airflow/.local/lib/python3.8/site-packages/airflow/example_dags/example_bash_operator.py
[2026-07-13T12:47:44.751+0000] {processor.py:830} INFO - Processing file /home/airflow/.local/lib/python3.8/site-packages/airflow/example_dags/example_bash_operator.py for tasks to queue
[2026-07-13T12:47:44.753+0000] {logging_mixin.py:188} INFO - [2026-07-13T12:47:44.753+0000] {dagbag.py:538} INFO - Filling up the DagBag from /home/airflow/.local/lib/python3.8/site-packages/airflow/example_dags/example_bash_operator.py
[2026-07-13T12:47:44.761+0000] {processor.py:840} INFO - DAG(s) 'example_bash_operator' retrieved from /home/airflow/.local/lib/python3.8/site-packages/airflow/example_dags/example_bash_operator.py
[2026-07-13T12:47:44.779+0000] {logging_mixin.py:188} INFO - [2026-07-13T12:47:44.779+0000] {dag.py:3036} INFO - Sync 1 DAGs
[2026-07-13T12:47:44.793+0000] {logging_mixin.py:188} INFO - [2026-07-13T12:47:44.793+0000] {dag.py:3823} INFO - Setting next_dagrun for example_bash_operator to 2026-07-12 00:00:00+00:00, run_after=2026-07-13 00:00:00+00:00
[2026-07-13T12:47:44.805+0000] {processor.py:183} INFO - Processing /home/airflow/.local/lib/python3.8/site-packages/airflow/example_dags/example_bash_operator.py took 0.057 seconds
[2026-07-13T12:48:14.991+0000] {processor.py:161} INFO - Started process (PID=1956) to work on /home/airflow/.local/lib/python3.8/site-packages/airflow/example_dags/example_bash_operator.py
[2026-07-13T12:48:14.992+0000] {processor.py:830} INFO - Processing file /home/airflow/.local/lib/python3.8/site-packages/airflow/example_dags/example_bash_operator.py for tasks to queue
[2026-07-13T12:48:14.993+0000] {logging_mixin.py:188} INFO - [2026-07-13T12:48:14.993+0000] {dagbag.py:538} INFO - Filling up the DagBag from /home/airflow/.local/lib/python3.8/site-packages/airflow/example_dags/example_bash_operator.py
[2026-07-13T12:48:15.002+0000] {processor.py:840} INFO - DAG(s) 'example_bash_operator' retrieved from /home/airflow/.local/lib/python3.8/site-packages/airflow/example_dags/example_bash_operator.py
[2026-07-13T12:48:15.020+0000] {logging_mixin.py:188} INFO - [2026-07-13T12:48:15.020+0000] {dag.py:3036} INFO - Sync 1 DAGs
[2026-07-13T12:48:15.035+0000] {logging_mixin.py:188} INFO - [2026-07-13T12:48:15.035+0000] {dag.py:3823} INFO - Setting next_dagrun for example_bash_operator to 2026-07-12 00:00:00+00:00, run_after=2026-07-13 00:00:00+00:00
[2026-07-13T12:48:15.047+0000] {processor.py:183} INFO - Processing /home/airflow/.local/lib/python3.8/site-packages/airflow/example_dags/example_bash_operator.py took 0.059 seconds
[2026-07-13T12:48:45.264+0000] {processor.py:161} INFO - Started process (PID=2012) to work on /home/airflow/.local/lib/python3.8/site-packages/airflow/example_dags/example_bash_operator.py
[2026-07-13T12:48:45.265+0000] {processor.py:830} INFO - Processing file /home/airflow/.local/lib/python3.8/site-packages/airflow/example_dags/example_bash_operator.py for tasks to queue
[2026-07-13T12:48:45.266+0000] {logging_mixin.py:188} INFO - [2026-07-13T12:48:45.266+0000] {dagbag.py:538} INFO - Filling up the DagBag from /home/airflow/.local/lib/python3.8/site-packages/airflow/example_dags/example_bash_operator.py
[2026-07-13T12:48:45.276+0000] {processor.py:840} INFO - DAG(s) 'example_bash_operator' retrieved from /home/airflow/.local/lib/python3.8/site-packages/airflow/example_dags/example_bash_operator.py
[2026-07-13T12:48:45.298+0000] {logging_mixin.py:188} INFO - [2026-07-13T12:48:45.298+0000] {dag.py:3036} INFO - Sync 1 DAGs
[2026-07-13T12:48:45.315+0000] {logging_mixin.py:188} INFO - [2026-07-13T12:48:45.315+0000] {dag.py:3823} INFO - Setting next_dagrun for example_bash_operator to 2026-07-12 00:00:00+00:00, run_after=2026-07-13 00:00:00+00:00
[2026-07-13T12:48:45.330+0000] {processor.py:183} INFO - Processing /home/airflow/.local/lib/python3.8/site-packages/airflow/example_dags/example_bash_operator.py took 0.069 seconds
[2026-07-13T13:04:32.963+0000] {processor.py:161} INFO - Started process (PID=45) to work on /home/airflow/.local/lib/python3.8/site-packages/airflow/example_dags/example_bash_operator.py
[2026-07-13T13:04:32.964+0000] {processor.py:830} INFO - Processing file /home/airflow/.local/lib/python3.8/site-packages/airflow/example_dags/example_bash_operator.py for tasks to queue
[2026-07-13T13:04:32.965+0000] {logging_mixin.py:188} INFO - [2026-07-13T13:04:32.965+0000] {dagbag.py:538} INFO - Filling up the DagBag from /home/airflow/.local/lib/python3.8/site-packages/airflow/example_dags/example_bash_operator.py
[2026-07-13T13:04:32.977+0000] {processor.py:840} INFO - DAG(s) 'example_bash_operator' retrieved from /home/airflow/.local/lib/python3.8/site-packages/airflow/example_dags/example_bash_operator.py
[2026-07-13T13:04:33.002+0000] {logging_mixin.py:188} INFO - [2026-07-13T13:04:33.002+0000] {dag.py:3036} INFO - Sync 1 DAGs
[2026-07-13T13:04:33.019+0000] {logging_mixin.py:188} INFO - [2026-07-13T13:04:33.019+0000] {dag.py:3823} INFO - Setting next_dagrun for example_bash_operator to 2026-07-12 00:00:00+00:00, run_after=2026-07-13 00:00:00+00:00
[2026-07-13T13:04:33.035+0000] {processor.py:183} INFO - Processing /home/airflow/.local/lib/python3.8/site-packages/airflow/example_dags/example_bash_operator.py took 0.075 seconds
[2026-07-13T13:05:03.222+0000] {processor.py:161} INFO - Started process (PID=101) to work on /home/airflow/.local/lib/python3.8/site-packages/airflow/example_dags/example_bash_operator.py
[2026-07-13T13:05:03.223+0000] {processor.py:830} INFO - Processing file /home/airflow/.local/lib/python3.8/site-packages/airflow/example_dags/example_bash_operator.py for tasks to queue
[2026-07-13T13:05:03.225+0000] {logging_mixin.py:188} INFO - [2026-07-13T13:05:03.225+0000] {dagbag.py:538} INFO - Filling up the DagBag from /home/airflow/.local/lib/python3.8/site-packages/airflow/example_dags/example_bash_operator.py
[2026-07-13T13:05:03.233+0000] {processor.py:840} INFO - DAG(s) 'example_bash_operator' retrieved from /home/airflow/.local/lib/python3.8/site-packages/airflow/example_dags/example_bash_operator.py
[2026-07-13T13:05:03.251+0000] {logging_mixin.py:188} INFO - [2026-07-13T13:05:03.250+0000] {dag.py:3036} INFO - Sync 1 DAGs
[2026-07-13T13:05:03.265+0000] {logging_mixin.py:188} INFO - [2026-07-13T13:05:03.264+0000] {dag.py:3823} INFO - Setting next_dagrun for example_bash_operator to 2026-07-12 00:00:00+00:00, run_after=2026-07-13 00:00:00+00:00
[2026-07-13T13:05:03.277+0000] {processor.py:183} INFO - Processing /home/airflow/.local/lib/python3.8/site-packages/airflow/example_dags/example_bash_operator.py took 0.057 seconds
[2026-07-13T13:05:33.962+0000] {processor.py:161} INFO - Started process (PID=158) to work on /home/airflow/.local/lib/python3.8/site-packages/airflow/example_dags/example_bash_operator.py
[2026-07-13T13:05:33.963+0000] {processor.py:830} INFO - Processing file /home/airflow/.local/lib/python3.8/site-packages/airflow/example_dags/example_bash_operator.py for tasks to queue
[2026-07-13T13:05:33.964+0000] {logging_mixin.py:188} INFO - [2026-07-13T13:05:33.964+0000] {dagbag.py:538} INFO - Filling up the DagBag from /home/airflow/.local/lib/python3.8/site-packages/airflow/example_dags/example_bash_operator.py
[2026-07-13T13:05:33.973+0000] {processor.py:840} INFO - DAG(s) 'example_bash_operator' retrieved from /home/airflow/.local/lib/python3.8/site-packages/airflow/example_dags/example_bash_operator.py
[2026-07-13T13:05:33.993+0000] {logging_mixin.py:188} INFO - [2026-07-13T13:05:33.993+0000] {dag.py:3036} INFO - Sync 1 DAGs
[2026-07-13T13:05:34.009+0000] {logging_mixin.py:188} INFO - [2026-07-13T13:05:34.009+0000] {dag.py:3823} INFO - Setting next_dagrun for example_bash_operator to 2026-07-12 00:00:00+00:00, run_after=2026-07-13 00:00:00+00:00
[2026-07-13T13:05:34.024+0000] {processor.py:183} INFO - Processing /home/airflow/.local/lib/python3.8/site-packages/airflow/example_dags/example_bash_operator.py took 0.065 seconds
[2026-07-13T13:06:04.216+0000] {processor.py:161} INFO - Started process (PID=214) to work on /home/airflow/.local/lib/python3.8/site-packages/airflow/example_dags/example_bash_operator.py
[2026-07-13T13:06:04.217+0000] {processor.py:830} INFO - Processing file /home/airflow/.local/lib/python3.8/site-packages/airflow/example_dags/example_bash_operator.py for tasks to queue
[2026-07-13T13:06:04.218+0000] {logging_mixin.py:188} INFO - [2026-07-13T13:06:04.218+0000] {dagbag.py:538} INFO - Filling up the DagBag from /home/airflow/.local/lib/python3.8/site-packages/airflow/example_dags/example_bash_operator.py
[2026-07-13T13:06:04.226+0000] {processor.py:840} INFO - DAG(s) 'example_bash_operator' retrieved from /home/airflow/.local/lib/python3.8/site-packages/airflow/example_dags/example_bash_operator.py
[2026-07-13T13:06:04.244+0000] {logging_mixin.py:188} INFO - [2026-07-13T13:06:04.244+0000] {dag.py:3036} INFO - Sync 1 DAGs
[2026-07-13T13:06:04.258+0000] {logging_mixin.py:188} INFO - [2026-07-13T13:06:04.258+0000] {dag.py:3823} INFO - Setting next_dagrun for example_bash_operator to 2026-07-12 00:00:00+00:00, run_after=2026-07-13 00:00:00+00:00
[2026-07-13T13:06:04.270+0000] {processor.py:183} INFO - Processing /home/airflow/.local/lib/python3.8/site-packages/airflow/example_dags/example_bash_operator.py took 0.057 seconds
[2026-07-13T13:06:34.467+0000] {processor.py:161} INFO - Started process (PID=270) to work on /home/airflow/.local/lib/python3.8/site-packages/airflow/example_dags/example_bash_operator.py
[2026-07-13T13:06:34.468+0000] {processor.py:830} INFO - Processing file /home/airflow/.local/lib/python3.8/site-packages/airflow/example_dags/example_bash_operator.py for tasks to queue
[2026-07-13T13:06:34.470+0000] {logging_mixin.py:188} INFO - [2026-07-13T13:06:34.469+0000] {dagbag.py:538} INFO - Filling up the DagBag from /home/airflow/.local/lib/python3.8/site-packages/airflow/example_dags/example_bash_operator.py
[2026-07-13T13:06:34.482+0000] {processor.py:840} INFO - DAG(s) 'example_bash_operator' retrieved from /home/airflow/.local/lib/python3.8/site-packages/airflow/example_dags/example_bash_operator.py
[2026-07-13T13:06:34.518+0000] {logging_mixin.py:188} INFO - [2026-07-13T13:06:34.518+0000] {dag.py:3036} INFO - Sync 1 DAGs
[2026-07-13T13:06:34.544+0000] {logging_mixin.py:188} INFO - [2026-07-13T13:06:34.544+0000] {dag.py:3823} INFO - Setting next_dagrun for example_bash_operator to 2026-07-12 00:00:00+00:00, run_after=2026-07-13 00:00:00+00:00
[2026-07-13T13:06:34.580+0000] {processor.py:183} INFO - Processing /home/airflow/.local/lib/python3.8/site-packages/airflow/example_dags/example_bash_operator.py took 0.117 seconds
[2026-07-13T13:07:05.714+0000] {processor.py:161} INFO - Started process (PID=320) to work on /home/airflow/.local/lib/python3.8/site-packages/airflow/example_dags/example_bash_operator.py
[2026-07-13T13:07:05.715+0000] {processor.py:830} INFO - Processing file /home/airflow/.local/lib/python3.8/site-packages/airflow/example_dags/example_bash_operator.py for tasks to queue
[2026-07-13T13:07:05.716+0000] {logging_mixin.py:188} INFO - [2026-07-13T13:07:05.716+0000] {dagbag.py:538} INFO - Filling up the DagBag from /home/airflow/.local/lib/python3.8/site-packages/airflow/example_dags/example_bash_operator.py
[2026-07-13T13:07:05.725+0000] {processor.py:840} INFO - DAG(s) 'example_bash_operator' retrieved from /home/airflow/.local/lib/python3.8/site-packages/airflow/example_dags/example_bash_operator.py
[2026-07-13T13:07:05.754+0000] {logging_mixin.py:188} INFO - [2026-07-13T13:07:05.754+0000] {dag.py:3036} INFO - Sync 1 DAGs
[2026-07-13T13:07:05.774+0000] {logging_mixin.py:188} INFO - [2026-07-13T13:07:05.774+0000] {dag.py:3823} INFO - Setting next_dagrun for example_bash_operator to 2026-07-12 00:00:00+00:00, run_after=2026-07-13 00:00:00+00:00
[2026-07-13T13:07:05.790+0000] {processor.py:183} INFO - Processing /home/airflow/.local/lib/python3.8/site-packages/airflow/example_dags/example_bash_operator.py took 0.078 seconds
[2026-07-13T13:07:37.683+0000] {processor.py:161} INFO - Started process (PID=376) to work on /home/airflow/.local/lib/python3.8/site-packages/airflow/example_dags/example_bash_operator.py
[2026-07-13T13:07:37.684+0000] {processor.py:830} INFO - Processing file /home/airflow/.local/lib/python3.8/site-packages/airflow/example_dags/example_bash_operator.py for tasks to queue
[2026-07-13T13:07:37.685+0000] {logging_mixin.py:188} INFO - [2026-07-13T13:07:37.685+0000] {dagbag.py:538} INFO - Filling up the DagBag from /home/airflow/.local/lib/python3.8/site-packages/airflow/example_dags/example_bash_operator.py
[2026-07-13T13:07:37.694+0000] {processor.py:840} INFO - DAG(s) 'example_bash_operator' retrieved from /home/airflow/.local/lib/python3.8/site-packages/airflow/example_dags/example_bash_operator.py
[2026-07-13T13:07:37.712+0000] {logging_mixin.py:188} INFO - [2026-07-13T13:07:37.712+0000] {dag.py:3036} INFO - Sync 1 DAGs
[2026-07-13T13:07:37.728+0000] {logging_mixin.py:188} INFO - [2026-07-13T13:07:37.728+0000] {dag.py:3823} INFO - Setting next_dagrun for example_bash_operator to 2026-07-12 00:00:00+00:00, run_after=2026-07-13 00:00:00+00:00
[2026-07-13T13:07:37.740+0000] {processor.py:183} INFO - Processing /home/airflow/.local/lib/python3.8/site-packages/airflow/example_dags/example_bash_operator.py took 0.060 seconds
[2026-07-13T13:08:09.885+0000] {processor.py:161} INFO - Started process (PID=432) to work on /home/airflow/.local/lib/python3.8/site-packages/airflow/example_dags/example_bash_operator.py
[2026-07-13T13:08:09.886+0000] {processor.py:830} INFO - Processing file /home/airflow/.local/lib/python3.8/site-packages/airflow/example_dags/example_bash_operator.py for tasks to queue
[2026-07-13T13:08:09.887+0000] {logging_mixin.py:188} INFO - [2026-07-13T13:08:09.887+0000] {dagbag.py:538} INFO - Filling up the DagBag from /home/airflow/.local/lib/python3.8/site-packages/airflow/example_dags/example_bash_operator.py
[2026-07-13T13:08:09.895+0000] {processor.py:840} INFO - DAG(s) 'example_bash_operator' retrieved from /home/airflow/.local/lib/python3.8/site-packages/airflow/example_dags/example_bash_operator.py
[2026-07-13T13:08:09.916+0000] {logging_mixin.py:188} INFO - [2026-07-13T13:08:09.916+0000] {dag.py:3036} INFO - Sync 1 DAGs
[2026-07-13T13:08:09.930+0000] {logging_mixin.py:188} INFO - [2026-07-13T13:08:09.930+0000] {dag.py:3823} INFO - Setting next_dagrun for example_bash_operator to 2026-07-12 00:00:00+00:00, run_after=2026-07-13 00:00:00+00:00
[2026-07-13T13:08:09.945+0000] {processor.py:183} INFO - Processing /home/airflow/.local/lib/python3.8/site-packages/airflow/example_dags/example_bash_operator.py took 0.063 seconds
[2026-07-13T13:08:39.962+0000] {processor.py:161} INFO - Started process (PID=488) to work on /home/airflow/.local/lib/python3.8/site-packages/airflow/example_dags/example_bash_operator.py
[2026-07-13T13:08:39.963+0000] {processor.py:830} INFO - Processing file /home/airflow/.local/lib/python3.8/site-packages/airflow/example_dags/example_bash_operator.py for tasks to queue
[2026-07-13T13:08:39.964+0000] {logging_mixin.py:188} INFO - [2026-07-13T13:08:39.964+0000] {dagbag.py:538} INFO - Filling up the DagBag from /home/airflow/.local/lib/python3.8/site-packages/airflow/example_dags/example_bash_operator.py
[2026-07-13T13:08:39.974+0000] {processor.py:840} INFO - DAG(s) 'example_bash_operator' retrieved from /home/airflow/.local/lib/python3.8/site-packages/airflow/example_dags/example_bash_operator.py
[2026-07-13T13:08:39.994+0000] {logging_mixin.py:188} INFO - [2026-07-13T13:08:39.994+0000] {dag.py:3036} INFO - Sync 1 DAGs
[2026-07-13T13:08:40.010+0000] {logging_mixin.py:188} INFO - [2026-07-13T13:08:40.010+0000] {dag.py:3823} INFO - Setting next_dagrun for example_bash_operator to 2026-07-12 00:00:00+00:00, run_after=2026-07-13 00:00:00+00:00
[2026-07-13T13:08:40.025+0000] {processor.py:183} INFO - Processing /home/airflow/.local/lib/python3.8/site-packages/airflow/example_dags/example_bash_operator.py took 0.066 seconds
[2026-07-13T13:09:10.900+0000] {processor.py:161} INFO - Started process (PID=544) to work on /home/airflow/.local/lib/python3.8/site-packages/airflow/example_dags/example_bash_operator.py
[2026-07-13T13:09:10.902+0000] {processor.py:830} INFO - Processing file /home/airflow/.local/lib/python3.8/site-packages/airflow/example_dags/example_bash_operator.py for tasks to queue
[2026-07-13T13:09:10.904+0000] {logging_mixin.py:188} INFO - [2026-07-13T13:09:10.903+0000] {dagbag.py:538} INFO - Filling up the DagBag from /home/airflow/.local/lib/python3.8/site-packages/airflow/example_dags/example_bash_operator.py
[2026-07-13T13:09:10.919+0000] {processor.py:840} INFO - DAG(s) 'example_bash_operator' retrieved from /home/airflow/.local/lib/python3.8/site-packages/airflow/example_dags/example_bash_operator.py
[2026-07-13T13:09:10.959+0000] {logging_mixin.py:188} INFO - [2026-07-13T13:09:10.959+0000] {dag.py:3036} INFO - Sync 1 DAGs
[2026-07-13T13:09:10.988+0000] {logging_mixin.py:188} INFO - [2026-07-13T13:09:10.988+0000] {dag.py:3823} INFO - Setting next_dagrun for example_bash_operator to 2026-07-12 00:00:00+00:00, run_after=2026-07-13 00:00:00+00:00
[2026-07-13T13:09:11.014+0000] {processor.py:183} INFO - Processing /home/airflow/.local/lib/python3.8/site-packages/airflow/example_dags/example_bash_operator.py took 0.119 seconds
[2026-07-13T13:11:53.956+0000] {processor.py:161} INFO - Started process (PID=71) to work on /home/airflow/.local/lib/python3.8/site-packages/airflow/example_dags/example_bash_operator.py
[2026-07-13T13:11:53.965+0000] {processor.py:830} INFO - Processing file /home/airflow/.local/lib/python3.8/site-packages/airflow/example_dags/example_bash_operator.py for tasks to queue
[2026-07-13T13:11:53.975+0000] {logging_mixin.py:188} INFO - [2026-07-13T13:11:53.973+0000] {dagbag.py:538} INFO - Filling up the DagBag from /home/airflow/.local/lib/python3.8/site-packages/airflow/example_dags/example_bash_operator.py
[2026-07-13T13:11:54.016+0000] {processor.py:840} INFO - DAG(s) 'example_bash_operator' retrieved from /home/airflow/.local/lib/python3.8/site-packages/airflow/example_dags/example_bash_operator.py
[2026-07-13T13:11:54.086+0000] {logging_mixin.py:188} INFO - [2026-07-13T13:11:54.085+0000] {dag.py:3036} INFO - Sync 1 DAGs
[2026-07-13T13:11:54.138+0000] {logging_mixin.py:188} INFO - [2026-07-13T13:11:54.137+0000] {dag.py:3823} INFO - Setting next_dagrun for example_bash_operator to 2026-07-12 00:00:00+00:00, run_after=2026-07-13 00:00:00+00:00
[2026-07-13T13:11:54.206+0000] {processor.py:183} INFO - Processing /home/airflow/.local/lib/python3.8/site-packages/airflow/example_dags/example_bash_operator.py took 0.261 seconds
[2026-07-13T13:12:24.611+0000] {processor.py:161} INFO - Started process (PID=126) to work on /home/airflow/.local/lib/python3.8/site-packages/airflow/example_dags/example_bash_operator.py
[2026-07-13T13:12:24.613+0000] {processor.py:830} INFO - Processing file /home/airflow/.local/lib/python3.8/site-packages/airflow/example_dags/example_bash_operator.py for tasks to queue
[2026-07-13T13:12:24.615+0000] {logging_mixin.py:188} INFO - [2026-07-13T13:12:24.614+0000] {dagbag.py:538} INFO - Filling up the DagBag from /home/airflow/.local/lib/python3.8/site-packages/airflow/example_dags/example_bash_operator.py
[2026-07-13T13:12:24.622+0000] {processor.py:840} INFO - DAG(s) 'example_bash_operator' retrieved from /home/airflow/.local/lib/python3.8/site-packages/airflow/example_dags/example_bash_operator.py
[2026-07-13T13:12:24.642+0000] {logging_mixin.py:188} INFO - [2026-07-13T13:12:24.642+0000] {dag.py:3036} INFO - Sync 1 DAGs
[2026-07-13T13:12:24.657+0000] {logging_mixin.py:188} INFO - [2026-07-13T13:12:24.657+0000] {dag.py:3823} INFO - Setting next_dagrun for example_bash_operator to 2026-07-12 00:00:00+00:00, run_after=2026-07-13 00:00:00+00:00
[2026-07-13T13:12:24.673+0000] {processor.py:183} INFO - Processing /home/airflow/.local/lib/python3.8/site-packages/airflow/example_dags/example_bash_operator.py took 0.064 seconds
[2026-07-13T13:12:54.740+0000] {processor.py:161} INFO - Started process (PID=182) to work on /home/airflow/.local/lib/python3.8/site-packages/airflow/example_dags/example_bash_operator.py
[2026-07-13T13:12:54.741+0000] {processor.py:830} INFO - Processing file /home/airflow/.local/lib/python3.8/site-packages/airflow/example_dags/example_bash_operator.py for tasks to queue
[2026-07-13T13:12:54.743+0000] {logging_mixin.py:188} INFO - [2026-07-13T13:12:54.742+0000] {dagbag.py:538} INFO - Filling up the DagBag from /home/airflow/.local/lib/python3.8/site-packages/airflow/example_dags/example_bash_operator.py
[2026-07-13T13:12:54.751+0000] {processor.py:840} INFO - DAG(s) 'example_bash_operator' retrieved from /home/airflow/.local/lib/python3.8/site-packages/airflow/example_dags/example_bash_operator.py
[2026-07-13T13:12:54.771+0000] {logging_mixin.py:188} INFO - [2026-07-13T13:12:54.770+0000] {dag.py:3036} INFO - Sync 1 DAGs
[2026-07-13T13:12:54.784+0000] {logging_mixin.py:188} INFO - [2026-07-13T13:12:54.784+0000] {dag.py:3823} INFO - Setting next_dagrun for example_bash_operator to 2026-07-12 00:00:00+00:00, run_after=2026-07-13 00:00:00+00:00
[2026-07-13T13:12:54.797+0000] {processor.py:183} INFO - Processing /home/airflow/.local/lib/python3.8/site-packages/airflow/example_dags/example_bash_operator.py took 0.059 seconds
[2026-07-13T13:13:24.829+0000] {processor.py:161} INFO - Started process (PID=238) to work on /home/airflow/.local/lib/python3.8/site-packages/airflow/example_dags/example_bash_operator.py
[2026-07-13T13:13:24.830+0000] {processor.py:830} INFO - Processing file /home/airflow/.local/lib/python3.8/site-packages/airflow/example_dags/example_bash_operator.py for tasks to queue
[2026-07-13T13:13:24.832+0000] {logging_mixin.py:188} INFO - [2026-07-13T13:13:24.832+0000] {dagbag.py:538} INFO - Filling up the DagBag from /home/airflow/.local/lib/python3.8/site-packages/airflow/example_dags/example_bash_operator.py
[2026-07-13T13:13:24.840+0000] {processor.py:840} INFO - DAG(s) 'example_bash_operator' retrieved from /home/airflow/.local/lib/python3.8/site-packages/airflow/example_dags/example_bash_operator.py
[2026-07-13T13:13:24.860+0000] {logging_mixin.py:188} INFO - [2026-07-13T13:13:24.860+0000] {dag.py:3036} INFO - Sync 1 DAGs
[2026-07-13T13:13:24.874+0000] {logging_mixin.py:188} INFO - [2026-07-13T13:13:24.874+0000] {dag.py:3823} INFO - Setting next_dagrun for example_bash_operator to 2026-07-12 00:00:00+00:00, run_after=2026-07-13 00:00:00+00:00
[2026-07-13T13:13:24.888+0000] {processor.py:183} INFO - Processing /home/airflow/.local/lib/python3.8/site-packages/airflow/example_dags/example_bash_operator.py took 0.061 seconds
[2026-07-13T13:13:55.351+0000] {processor.py:161} INFO - Started process (PID=294) to work on /home/airflow/.local/lib/python3.8/site-packages/airflow/example_dags/example_bash_operator.py
[2026-07-13T13:13:55.352+0000] {processor.py:830} INFO - Processing file /home/airflow/.local/lib/python3.8/site-packages/airflow/example_dags/example_bash_operator.py for tasks to queue
[2026-07-13T13:13:55.354+0000] {logging_mixin.py:188} INFO - [2026-07-13T13:13:55.354+0000] {dagbag.py:538} INFO - Filling up the DagBag from /home/airflow/.local/lib/python3.8/site-packages/airflow/example_dags/example_bash_operator.py
[2026-07-13T13:13:55.370+0000] {processor.py:840} INFO - DAG(s) 'example_bash_operator' retrieved from /home/airflow/.local/lib/python3.8/site-packages/airflow/example_dags/example_bash_operator.py
[2026-07-13T13:13:55.394+0000] {logging_mixin.py:188} INFO - [2026-07-13T13:13:55.394+0000] {dag.py:3036} INFO - Sync 1 DAGs
[2026-07-13T13:13:55.410+0000] {logging_mixin.py:188} INFO - [2026-07-13T13:13:55.410+0000] {dag.py:3823} INFO - Setting next_dagrun for example_bash_operator to 2026-07-12 00:00:00+00:00, run_after=2026-07-13 00:00:00+00:00
[2026-07-13T13:13:55.427+0000] {processor.py:183} INFO - Processing /home/airflow/.local/lib/python3.8/site-packages/airflow/example_dags/example_bash_operator.py took 0.079 seconds
[2026-07-13T13:14:25.539+0000] {processor.py:161} INFO - Started process (PID=350) to work on /home/airflow/.local/lib/python3.8/site-packages/airflow/example_dags/example_bash_operator.py
[2026-07-13T13:14:25.540+0000] {processor.py:830} INFO - Processing file /home/airflow/.local/lib/python3.8/site-packages/airflow/example_dags/example_bash_operator.py for tasks to queue
[2026-07-13T13:14:25.541+0000] {logging_mixin.py:188} INFO - [2026-07-13T13:14:25.541+0000] {dagbag.py:538} INFO - Filling up the DagBag from /home/airflow/.local/lib/python3.8/site-packages/airflow/example_dags/example_bash_operator.py
[2026-07-13T13:14:25.549+0000] {processor.py:840} INFO - DAG(s) 'example_bash_operator' retrieved from /home/airflow/.local/lib/python3.8/site-packages/airflow/example_dags/example_bash_operator.py
[2026-07-13T13:14:25.568+0000] {logging_mixin.py:188} INFO - [2026-07-13T13:14:25.567+0000] {dag.py:3036} INFO - Sync 1 DAGs
[2026-07-13T13:14:25.581+0000] {logging_mixin.py:188} INFO - [2026-07-13T13:14:25.581+0000] {dag.py:3823} INFO - Setting next_dagrun for example_bash_operator to 2026-07-12 00:00:00+00:00, run_after=2026-07-13 00:00:00+00:00
[2026-07-13T13:14:25.596+0000] {processor.py:183} INFO - Processing /home/airflow/.local/lib/python3.8/site-packages/airflow/example_dags/example_bash_operator.py took 0.060 seconds
[2026-07-13T13:14:56.224+0000] {processor.py:161} INFO - Started process (PID=406) to work on /home/airflow/.local/lib/python3.8/site-packages/airflow/example_dags/example_bash_operator.py
[2026-07-13T13:14:56.225+0000] {processor.py:830} INFO - Processing file /home/airflow/.local/lib/python3.8/site-packages/airflow/example_dags/example_bash_operator.py for tasks to queue
[2026-07-13T13:14:56.227+0000] {logging_mixin.py:188} INFO - [2026-07-13T13:14:56.226+0000] {dagbag.py:538} INFO - Filling up the DagBag from /home/airflow/.local/lib/python3.8/site-packages/airflow/example_dags/example_bash_operator.py
[2026-07-13T13:14:56.238+0000] {processor.py:840} INFO - DAG(s) 'example_bash_operator' retrieved from /home/airflow/.local/lib/python3.8/site-packages/airflow/example_dags/example_bash_operator.py
[2026-07-13T13:14:56.264+0000] {logging_mixin.py:188} INFO - [2026-07-13T13:14:56.264+0000] {dag.py:3036} INFO - Sync 1 DAGs
[2026-07-13T13:14:56.283+0000] {logging_mixin.py:188} INFO - [2026-07-13T13:14:56.283+0000] {dag.py:3823} INFO - Setting next_dagrun for example_bash_operator to 2026-07-12 00:00:00+00:00, run_after=2026-07-13 00:00:00+00:00
[2026-07-13T13:14:56.302+0000] {processor.py:183} INFO - Processing /home/airflow/.local/lib/python3.8/site-packages/airflow/example_dags/example_bash_operator.py took 0.080 seconds
[2026-07-13T13:15:26.459+0000] {processor.py:161} INFO - Started process (PID=462) to work on /home/airflow/.local/lib/python3.8/site-packages/airflow/example_dags/example_bash_operator.py
[2026-07-13T13:15:26.460+0000] {processor.py:830} INFO - Processing file /home/airflow/.local/lib/python3.8/site-packages/airflow/example_dags/example_bash_operator.py for tasks to queue
[2026-07-13T13:15:26.463+0000] {logging_mixin.py:188} INFO - [2026-07-13T13:15:26.463+0000] {dagbag.py:538} INFO - Filling up the DagBag from /home/airflow/.local/lib/python3.8/site-packages/airflow/example_dags/example_bash_operator.py
[2026-07-13T13:15:26.481+0000] {processor.py:840} INFO - DAG(s) 'example_bash_operator' retrieved from /home/airflow/.local/lib/python3.8/site-packages/airflow/example_dags/example_bash_operator.py
[2026-07-13T13:15:26.519+0000] {logging_mixin.py:188} INFO - [2026-07-13T13:15:26.518+0000] {dag.py:3036} INFO - Sync 1 DAGs
[2026-07-13T13:15:26.541+0000] {logging_mixin.py:188} INFO - [2026-07-13T13:15:26.541+0000] {dag.py:3823} INFO - Setting next_dagrun for example_bash_operator to 2026-07-12 00:00:00+00:00, run_after=2026-07-13 00:00:00+00:00
[2026-07-13T13:15:26.563+0000] {processor.py:183} INFO - Processing /home/airflow/.local/lib/python3.8/site-packages/airflow/example_dags/example_bash_operator.py took 0.109 seconds
[2026-07-13T13:15:56.711+0000] {processor.py:161} INFO - Started process (PID=518) to work on /home/airflow/.local/lib/python3.8/site-packages/airflow/example_dags/example_bash_operator.py
[2026-07-13T13:15:56.714+0000] {processor.py:830} INFO - Processing file /home/airflow/.local/lib/python3.8/site-packages/airflow/example_dags/example_bash_operator.py for tasks to queue
[2026-07-13T13:15:56.716+0000] {logging_mixin.py:188} INFO - [2026-07-13T13:15:56.716+0000] {dagbag.py:538} INFO - Filling up the DagBag from /home/airflow/.local/lib/python3.8/site-packages/airflow/example_dags/example_bash_operator.py
[2026-07-13T13:15:56.724+0000] {processor.py:840} INFO - DAG(s) 'example_bash_operator' retrieved from /home/airflow/.local/lib/python3.8/site-packages/airflow/example_dags/example_bash_operator.py
[2026-07-13T13:15:56.761+0000] {logging_mixin.py:188} INFO - [2026-07-13T13:15:56.761+0000] {dag.py:3036} INFO - Sync 1 DAGs
[2026-07-13T13:15:56.781+0000] {logging_mixin.py:188} INFO - [2026-07-13T13:15:56.781+0000] {dag.py:3823} INFO - Setting next_dagrun for example_bash_operator to 2026-07-12 00:00:00+00:00, run_after=2026-07-13 00:00:00+00:00
[2026-07-13T13:15:56.801+0000] {processor.py:183} INFO - Processing /home/airflow/.local/lib/python3.8/site-packages/airflow/example_dags/example_bash_operator.py took 0.092 seconds
[2026-07-13T13:16:26.964+0000] {processor.py:161} INFO - Started process (PID=574) to work on /home/airflow/.local/lib/python3.8/site-packages/airflow/example_dags/example_bash_operator.py
[2026-07-13T13:16:26.965+0000] {processor.py:830} INFO - Processing file /home/airflow/.local/lib/python3.8/site-packages/airflow/example_dags/example_bash_operator.py for tasks to queue
[2026-07-13T13:16:26.967+0000] {logging_mixin.py:188} INFO - [2026-07-13T13:16:26.967+0000] {dagbag.py:538} INFO - Filling up the DagBag from /home/airflow/.local/lib/python3.8/site-packages/airflow/example_dags/example_bash_operator.py
[2026-07-13T13:16:26.975+0000] {processor.py:840} INFO - DAG(s) 'example_bash_operator' retrieved from /home/airflow/.local/lib/python3.8/site-packages/airflow/example_dags/example_bash_operator.py
[2026-07-13T13:16:26.996+0000] {logging_mixin.py:188} INFO - [2026-07-13T13:16:26.996+0000] {dag.py:3036} INFO - Sync 1 DAGs
[2026-07-13T13:16:27.012+0000] {logging_mixin.py:188} INFO - [2026-07-13T13:16:27.012+0000] {dag.py:3823} INFO - Setting next_dagrun for example_bash_operator to 2026-07-12 00:00:00+00:00, run_after=2026-07-13 00:00:00+00:00
[2026-07-13T13:16:27.026+0000] {processor.py:183} INFO - Processing /home/airflow/.local/lib/python3.8/site-packages/airflow/example_dags/example_bash_operator.py took 0.065 seconds
[2026-07-13T13:16:57.148+0000] {processor.py:161} INFO - Started process (PID=630) to work on /home/airflow/.local/lib/python3.8/site-packages/airflow/example_dags/example_bash_operator.py
[2026-07-13T13:16:57.149+0000] {processor.py:830} INFO - Processing file /home/airflow/.local/lib/python3.8/site-packages/airflow/example_dags/example_bash_operator.py for tasks to queue
[2026-07-13T13:16:57.154+0000] {logging_mixin.py:188} INFO - [2026-07-13T13:16:57.153+0000] {dagbag.py:538} INFO - Filling up the DagBag from /home/airflow/.local/lib/python3.8/site-packages/airflow/example_dags/example_bash_operator.py
[2026-07-13T13:16:57.167+0000] {processor.py:840} INFO - DAG(s) 'example_bash_operator' retrieved from /home/airflow/.local/lib/python3.8/site-packages/airflow/example_dags/example_bash_operator.py
[2026-07-13T13:16:57.190+0000] {logging_mixin.py:188} INFO - [2026-07-13T13:16:57.190+0000] {dag.py:3036} INFO - Sync 1 DAGs
[2026-07-13T13:16:57.205+0000] {logging_mixin.py:188} INFO - [2026-07-13T13:16:57.205+0000] {dag.py:3823} INFO - Setting next_dagrun for example_bash_operator to 2026-07-12 00:00:00+00:00, run_after=2026-07-13 00:00:00+00:00
[2026-07-13T13:16:57.220+0000] {processor.py:183} INFO - Processing /home/airflow/.local/lib/python3.8/site-packages/airflow/example_dags/example_bash_operator.py took 0.075 seconds
[2026-07-13T13:17:27.454+0000] {processor.py:161} INFO - Started process (PID=686) to work on /home/airflow/.local/lib/python3.8/site-packages/airflow/example_dags/example_bash_operator.py
[2026-07-13T13:17:27.455+0000] {processor.py:830} INFO - Processing file /home/airflow/.local/lib/python3.8/site-packages/airflow/example_dags/example_bash_operator.py for tasks to queue
[2026-07-13T13:17:27.457+0000] {logging_mixin.py:188} INFO - [2026-07-13T13:17:27.456+0000] {dagbag.py:538} INFO - Filling up the DagBag from /home/airflow/.local/lib/python3.8/site-packages/airflow/example_dags/example_bash_operator.py
[2026-07-13T13:17:27.468+0000] {processor.py:840} INFO - DAG(s) 'example_bash_operator' retrieved from /home/airflow/.local/lib/python3.8/site-packages/airflow/example_dags/example_bash_operator.py
[2026-07-13T13:17:27.495+0000] {logging_mixin.py:188} INFO - [2026-07-13T13:17:27.495+0000] {dag.py:3036} INFO - Sync 1 DAGs
[2026-07-13T13:17:27.511+0000] {logging_mixin.py:188} INFO - [2026-07-13T13:17:27.511+0000] {dag.py:3823} INFO - Setting next_dagrun for example_bash_operator to 2026-07-12 00:00:00+00:00, run_after=2026-07-13 00:00:00+00:00
[2026-07-13T13:17:27.524+0000] {processor.py:183} INFO - Processing /home/airflow/.local/lib/python3.8/site-packages/airflow/example_dags/example_bash_operator.py took 0.075 seconds
[2026-07-13T13:17:58.039+0000] {processor.py:161} INFO - Started process (PID=742) to work on /home/airflow/.local/lib/python3.8/site-packages/airflow/example_dags/example_bash_operator.py
[2026-07-13T13:17:58.040+0000] {processor.py:830} INFO - Processing file /home/airflow/.local/lib/python3.8/site-packages/airflow/example_dags/example_bash_operator.py for tasks to queue
[2026-07-13T13:17:58.042+0000] {logging_mixin.py:188} INFO - [2026-07-13T13:17:58.041+0000] {dagbag.py:538} INFO - Filling up the DagBag from /home/airflow/.local/lib/python3.8/site-packages/airflow/example_dags/example_bash_operator.py
[2026-07-13T13:17:58.050+0000] {processor.py:840} INFO - DAG(s) 'example_bash_operator' retrieved from /home/airflow/.local/lib/python3.8/site-packages/airflow/example_dags/example_bash_operator.py
[2026-07-13T13:17:58.068+0000] {logging_mixin.py:188} INFO - [2026-07-13T13:17:58.068+0000] {dag.py:3036} INFO - Sync 1 DAGs
[2026-07-13T13:17:58.081+0000] {logging_mixin.py:188} INFO - [2026-07-13T13:17:58.081+0000] {dag.py:3823} INFO - Setting next_dagrun for example_bash_operator to 2026-07-12 00:00:00+00:00, run_after=2026-07-13 00:00:00+00:00
[2026-07-13T13:17:58.094+0000] {processor.py:183} INFO - Processing /home/airflow/.local/lib/python3.8/site-packages/airflow/example_dags/example_bash_operator.py took 0.058 seconds
[2026-07-13T13:18:28.562+0000] {processor.py:161} INFO - Started process (PID=798) to work on /home/airflow/.local/lib/python3.8/site-packages/airflow/example_dags/example_bash_operator.py
[2026-07-13T13:18:28.565+0000] {processor.py:830} INFO - Processing file /home/airflow/.local/lib/python3.8/site-packages/airflow/example_dags/example_bash_operator.py for tasks to queue
[2026-07-13T13:18:28.569+0000] {logging_mixin.py:188} INFO - [2026-07-13T13:18:28.568+0000] {dagbag.py:538} INFO - Filling up the DagBag from /home/airflow/.local/lib/python3.8/site-packages/airflow/example_dags/example_bash_operator.py
[2026-07-13T13:18:28.578+0000] {processor.py:840} INFO - DAG(s) 'example_bash_operator' retrieved from /home/airflow/.local/lib/python3.8/site-packages/airflow/example_dags/example_bash_operator.py
[2026-07-13T13:18:28.610+0000] {logging_mixin.py:188} INFO - [2026-07-13T13:18:28.610+0000] {dag.py:3036} INFO - Sync 1 DAGs
[2026-07-13T13:18:28.628+0000] {logging_mixin.py:188} INFO - [2026-07-13T13:18:28.628+0000] {dag.py:3823} INFO - Setting next_dagrun for example_bash_operator to 2026-07-12 00:00:00+00:00, run_after=2026-07-13 00:00:00+00:00
[2026-07-13T13:18:28.650+0000] {processor.py:183} INFO - Processing /home/airflow/.local/lib/python3.8/site-packages/airflow/example_dags/example_bash_operator.py took 0.095 seconds
[2026-07-13T13:18:58.940+0000] {processor.py:161} INFO - Started process (PID=855) to work on /home/airflow/.local/lib/python3.8/site-packages/airflow/example_dags/example_bash_operator.py
[2026-07-13T13:18:58.941+0000] {processor.py:830} INFO - Processing file /home/airflow/.local/lib/python3.8/site-packages/airflow/example_dags/example_bash_operator.py for tasks to queue
[2026-07-13T13:18:58.943+0000] {logging_mixin.py:188} INFO - [2026-07-13T13:18:58.942+0000] {dagbag.py:538} INFO - Filling up the DagBag from /home/airflow/.local/lib/python3.8/site-packages/airflow/example_dags/example_bash_operator.py
[2026-07-13T13:18:58.953+0000] {processor.py:840} INFO - DAG(s) 'example_bash_operator' retrieved from /home/airflow/.local/lib/python3.8/site-packages/airflow/example_dags/example_bash_operator.py
[2026-07-13T13:18:58.977+0000] {logging_mixin.py:188} INFO - [2026-07-13T13:18:58.977+0000] {dag.py:3036} INFO - Sync 1 DAGs
[2026-07-13T13:18:58.994+0000] {logging_mixin.py:188} INFO - [2026-07-13T13:18:58.994+0000] {dag.py:3823} INFO - Setting next_dagrun for example_bash_operator to 2026-07-12 00:00:00+00:00, run_after=2026-07-13 00:00:00+00:00
[2026-07-13T13:18:59.010+0000] {processor.py:183} INFO - Processing /home/airflow/.local/lib/python3.8/site-packages/airflow/example_dags/example_bash_operator.py took 0.072 seconds
[2026-07-13T13:19:29.370+0000] {processor.py:161} INFO - Started process (PID=911) to work on /home/airflow/.local/lib/python3.8/site-packages/airflow/example_dags/example_bash_operator.py
[2026-07-13T13:19:29.372+0000] {processor.py:830} INFO - Processing file /home/airflow/.local/lib/python3.8/site-packages/airflow/example_dags/example_bash_operator.py for tasks to queue
[2026-07-13T13:19:29.375+0000] {logging_mixin.py:188} INFO - [2026-07-13T13:19:29.375+0000] {dagbag.py:538} INFO - Filling up the DagBag from /home/airflow/.local/lib/python3.8/site-packages/airflow/example_dags/example_bash_operator.py
[2026-07-13T13:19:29.385+0000] {processor.py:840} INFO - DAG(s) 'example_bash_operator' retrieved from /home/airflow/.local/lib/python3.8/site-packages/airflow/example_dags/example_bash_operator.py
[2026-07-13T13:19:29.408+0000] {logging_mixin.py:188} INFO - [2026-07-13T13:19:29.408+0000] {dag.py:3036} INFO - Sync 1 DAGs
[2026-07-13T13:19:29.425+0000] {logging_mixin.py:188} INFO - [2026-07-13T13:19:29.424+0000] {dag.py:3823} INFO - Setting next_dagrun for example_bash_operator to 2026-07-12 00:00:00+00:00, run_after=2026-07-13 00:00:00+00:00
[2026-07-13T13:19:29.443+0000] {processor.py:183} INFO - Processing /home/airflow/.local/lib/python3.8/site-packages/airflow/example_dags/example_bash_operator.py took 0.075 seconds
[2026-07-13T13:19:59.564+0000] {processor.py:161} INFO - Started process (PID=967) to work on /home/airflow/.local/lib/python3.8/site-packages/airflow/example_dags/example_bash_operator.py
[2026-07-13T13:19:59.566+0000] {processor.py:830} INFO - Processing file /home/airflow/.local/lib/python3.8/site-packages/airflow/example_dags/example_bash_operator.py for tasks to queue
[2026-07-13T13:19:59.573+0000] {logging_mixin.py:188} INFO - [2026-07-13T13:19:59.572+0000] {dagbag.py:538} INFO - Filling up the DagBag from /home/airflow/.local/lib/python3.8/site-packages/airflow/example_dags/example_bash_operator.py
[2026-07-13T13:19:59.592+0000] {processor.py:840} INFO - DAG(s) 'example_bash_operator' retrieved from /home/airflow/.local/lib/python3.8/site-packages/airflow/example_dags/example_bash_operator.py
[2026-07-13T13:19:59.618+0000] {logging_mixin.py:188} INFO - [2026-07-13T13:19:59.617+0000] {dag.py:3036} INFO - Sync 1 DAGs
[2026-07-13T13:19:59.634+0000] {logging_mixin.py:188} INFO - [2026-07-13T13:19:59.634+0000] {dag.py:3823} INFO - Setting next_dagrun for example_bash_operator to 2026-07-12 00:00:00+00:00, run_after=2026-07-13 00:00:00+00:00
[2026-07-13T13:19:59.651+0000] {processor.py:183} INFO - Processing /home/airflow/.local/lib/python3.8/site-packages/airflow/example_dags/example_bash_operator.py took 0.091 seconds
[2026-07-13T13:20:30.543+0000] {processor.py:161} INFO - Started process (PID=1017) to work on /home/airflow/.local/lib/python3.8/site-packages/airflow/example_dags/example_bash_operator.py
[2026-07-13T13:20:30.544+0000] {processor.py:830} INFO - Processing file /home/airflow/.local/lib/python3.8/site-packages/airflow/example_dags/example_bash_operator.py for tasks to queue
[2026-07-13T13:20:30.546+0000] {logging_mixin.py:188} INFO - [2026-07-13T13:20:30.545+0000] {dagbag.py:538} INFO - Filling up the DagBag from /home/airflow/.local/lib/python3.8/site-packages/airflow/example_dags/example_bash_operator.py
[2026-07-13T13:20:30.553+0000] {processor.py:840} INFO - DAG(s) 'example_bash_operator' retrieved from /home/airflow/.local/lib/python3.8/site-packages/airflow/example_dags/example_bash_operator.py
[2026-07-13T13:20:30.571+0000] {logging_mixin.py:188} INFO - [2026-07-13T13:20:30.571+0000] {dag.py:3036} INFO - Sync 1 DAGs
[2026-07-13T13:20:30.585+0000] {logging_mixin.py:188} INFO - [2026-07-13T13:20:30.585+0000] {dag.py:3823} INFO - Setting next_dagrun for example_bash_operator to 2026-07-12 00:00:00+00:00, run_after=2026-07-13 00:00:00+00:00
[2026-07-13T13:20:30.599+0000] {processor.py:183} INFO - Processing /home/airflow/.local/lib/python3.8/site-packages/airflow/example_dags/example_bash_operator.py took 0.059 seconds
[2026-07-13T13:21:03.512+0000] {processor.py:161} INFO - Started process (PID=1073) to work on /home/airflow/.local/lib/python3.8/site-packages/airflow/example_dags/example_bash_operator.py
[2026-07-13T13:21:03.515+0000] {processor.py:830} INFO - Processing file /home/airflow/.local/lib/python3.8/site-packages/airflow/example_dags/example_bash_operator.py for tasks to queue
[2026-07-13T13:21:03.524+0000] {logging_mixin.py:188} INFO - [2026-07-13T13:21:03.523+0000] {dagbag.py:538} INFO - Filling up the DagBag from /home/airflow/.local/lib/python3.8/site-packages/airflow/example_dags/example_bash_operator.py
[2026-07-13T13:21:03.543+0000] {processor.py:840} INFO - DAG(s) 'example_bash_operator' retrieved from /home/airflow/.local/lib/python3.8/site-packages/airflow/example_dags/example_bash_operator.py
[2026-07-13T13:21:03.621+0000] {logging_mixin.py:188} INFO - [2026-07-13T13:21:03.620+0000] {dag.py:3036} INFO - Sync 1 DAGs
[2026-07-13T13:21:03.648+0000] {logging_mixin.py:188} INFO - [2026-07-13T13:21:03.648+0000] {dag.py:3823} INFO - Setting next_dagrun for example_bash_operator to 2026-07-12 00:00:00+00:00, run_after=2026-07-13 00:00:00+00:00
[2026-07-13T13:21:03.678+0000] {processor.py:183} INFO - Processing /home/airflow/.local/lib/python3.8/site-packages/airflow/example_dags/example_bash_operator.py took 0.170 seconds
[2026-07-13T13:21:35.195+0000] {processor.py:161} INFO - Started process (PID=1129) to work on /home/airflow/.local/lib/python3.8/site-packages/airflow/example_dags/example_bash_operator.py
[2026-07-13T13:21:35.196+0000] {processor.py:830} INFO - Processing file /home/airflow/.local/lib/python3.8/site-packages/airflow/example_dags/example_bash_operator.py for tasks to queue
[2026-07-13T13:21:35.199+0000] {logging_mixin.py:188} INFO - [2026-07-13T13:21:35.198+0000] {dagbag.py:538} INFO - Filling up the DagBag from /home/airflow/.local/lib/python3.8/site-packages/airflow/example_dags/example_bash_operator.py
[2026-07-13T13:21:35.226+0000] {processor.py:840} INFO - DAG(s) 'example_bash_operator' retrieved from /home/airflow/.local/lib/python3.8/site-packages/airflow/example_dags/example_bash_operator.py
[2026-07-13T13:21:35.280+0000] {logging_mixin.py:188} INFO - [2026-07-13T13:21:35.280+0000] {dag.py:3036} INFO - Sync 1 DAGs
[2026-07-13T13:21:35.301+0000] {logging_mixin.py:188} INFO - [2026-07-13T13:21:35.300+0000] {dag.py:3823} INFO - Setting next_dagrun for example_bash_operator to 2026-07-12 00:00:00+00:00, run_after=2026-07-13 00:00:00+00:00
[2026-07-13T13:21:35.331+0000] {processor.py:183} INFO - Processing /home/airflow/.local/lib/python3.8/site-packages/airflow/example_dags/example_bash_operator.py took 0.141 seconds
[2026-07-13T13:22:07.958+0000] {processor.py:161} INFO - Started process (PID=1185) to work on /home/airflow/.local/lib/python3.8/site-packages/airflow/example_dags/example_bash_operator.py
[2026-07-13T13:22:07.960+0000] {processor.py:830} INFO - Processing file /home/airflow/.local/lib/python3.8/site-packages/airflow/example_dags/example_bash_operator.py for tasks to queue
[2026-07-13T13:22:07.961+0000] {logging_mixin.py:188} INFO - [2026-07-13T13:22:07.961+0000] {dagbag.py:538} INFO - Filling up the DagBag from /home/airflow/.local/lib/python3.8/site-packages/airflow/example_dags/example_bash_operator.py
[2026-07-13T13:22:07.974+0000] {processor.py:840} INFO - DAG(s) 'example_bash_operator' retrieved from /home/airflow/.local/lib/python3.8/site-packages/airflow/example_dags/example_bash_operator.py
[2026-07-13T13:22:08.014+0000] {logging_mixin.py:188} INFO - [2026-07-13T13:22:08.014+0000] {dag.py:3036} INFO - Sync 1 DAGs
[2026-07-13T13:22:08.034+0000] {logging_mixin.py:188} INFO - [2026-07-13T13:22:08.033+0000] {dag.py:3823} INFO - Setting next_dagrun for example_bash_operator to 2026-07-12 00:00:00+00:00, run_after=2026-07-13 00:00:00+00:00
[2026-07-13T13:22:08.051+0000] {processor.py:183} INFO - Processing /home/airflow/.local/lib/python3.8/site-packages/airflow/example_dags/example_bash_operator.py took 0.098 seconds
[2026-07-13T13:22:38.948+0000] {processor.py:161} INFO - Started process (PID=1241) to work on /home/airflow/.local/lib/python3.8/site-packages/airflow/example_dags/example_bash_operator.py
[2026-07-13T13:22:38.949+0000] {processor.py:830} INFO - Processing file /home/airflow/.local/lib/python3.8/site-packages/airflow/example_dags/example_bash_operator.py for tasks to queue
[2026-07-13T13:22:38.950+0000] {logging_mixin.py:188} INFO - [2026-07-13T13:22:38.950+0000] {dagbag.py:538} INFO - Filling up the DagBag from /home/airflow/.local/lib/python3.8/site-packages/airflow/example_dags/example_bash_operator.py
[2026-07-13T13:22:38.958+0000] {processor.py:840} INFO - DAG(s) 'example_bash_operator' retrieved from /home/airflow/.local/lib/python3.8/site-packages/airflow/example_dags/example_bash_operator.py
[2026-07-13T13:22:38.978+0000] {logging_mixin.py:188} INFO - [2026-07-13T13:22:38.978+0000] {dag.py:3036} INFO - Sync 1 DAGs
[2026-07-13T13:22:38.992+0000] {logging_mixin.py:188} INFO - [2026-07-13T13:22:38.992+0000] {dag.py:3823} INFO - Setting next_dagrun for example_bash_operator to 2026-07-12 00:00:00+00:00, run_after=2026-07-13 00:00:00+00:00
[2026-07-13T13:22:39.025+0000] {processor.py:183} INFO - Processing /home/airflow/.local/lib/python3.8/site-packages/airflow/example_dags/example_bash_operator.py took 0.082 seconds
[2026-07-13T13:23:09.370+0000] {processor.py:161} INFO - Started process (PID=1298) to work on /home/airflow/.local/lib/python3.8/site-packages/airflow/example_dags/example_bash_operator.py
[2026-07-13T13:23:09.371+0000] {processor.py:830} INFO - Processing file /home/airflow/.local/lib/python3.8/site-packages/airflow/example_dags/example_bash_operator.py for tasks to queue
[2026-07-13T13:23:09.373+0000] {logging_mixin.py:188} INFO - [2026-07-13T13:23:09.373+0000] {dagbag.py:538} INFO - Filling up the DagBag from /home/airflow/.local/lib/python3.8/site-packages/airflow/example_dags/example_bash_operator.py
[2026-07-13T13:23:09.383+0000] {processor.py:840} INFO - DAG(s) 'example_bash_operator' retrieved from /home/airflow/.local/lib/python3.8/site-packages/airflow/example_dags/example_bash_operator.py
[2026-07-13T13:23:09.406+0000] {logging_mixin.py:188} INFO - [2026-07-13T13:23:09.405+0000] {dag.py:3036} INFO - Sync 1 DAGs
[2026-07-13T13:23:09.428+0000] {logging_mixin.py:188} INFO - [2026-07-13T13:23:09.428+0000] {dag.py:3823} INFO - Setting next_dagrun for example_bash_operator to 2026-07-12 00:00:00+00:00, run_after=2026-07-13 00:00:00+00:00
[2026-07-13T13:23:09.449+0000] {processor.py:183} INFO - Processing /home/airflow/.local/lib/python3.8/site-packages/airflow/example_dags/example_bash_operator.py took 0.084 seconds
[2026-07-13T13:23:40.019+0000] {processor.py:161} INFO - Started process (PID=1353) to work on /home/airflow/.local/lib/python3.8/site-packages/airflow/example_dags/example_bash_operator.py
[2026-07-13T13:23:40.020+0000] {processor.py:830} INFO - Processing file /home/airflow/.local/lib/python3.8/site-packages/airflow/example_dags/example_bash_operator.py for tasks to queue
[2026-07-13T13:23:40.021+0000] {logging_mixin.py:188} INFO - [2026-07-13T13:23:40.021+0000] {dagbag.py:538} INFO - Filling up the DagBag from /home/airflow/.local/lib/python3.8/site-packages/airflow/example_dags/example_bash_operator.py
[2026-07-13T13:23:40.028+0000] {processor.py:840} INFO - DAG(s) 'example_bash_operator' retrieved from /home/airflow/.local/lib/python3.8/site-packages/airflow/example_dags/example_bash_operator.py
[2026-07-13T13:23:40.046+0000] {logging_mixin.py:188} INFO - [2026-07-13T13:23:40.046+0000] {dag.py:3036} INFO - Sync 1 DAGs
[2026-07-13T13:23:40.059+0000] {logging_mixin.py:188} INFO - [2026-07-13T13:23:40.058+0000] {dag.py:3823} INFO - Setting next_dagrun for example_bash_operator to 2026-07-12 00:00:00+00:00, run_after=2026-07-13 00:00:00+00:00
[2026-07-13T13:23:40.069+0000] {processor.py:183} INFO - Processing /home/airflow/.local/lib/python3.8/site-packages/airflow/example_dags/example_bash_operator.py took 0.053 seconds
[2026-07-13T13:24:10.535+0000] {processor.py:161} INFO - Started process (PID=1409) to work on /home/airflow/.local/lib/python3.8/site-packages/airflow/example_dags/example_bash_operator.py
[2026-07-13T13:24:10.537+0000] {processor.py:830} INFO - Processing file /home/airflow/.local/lib/python3.8/site-packages/airflow/example_dags/example_bash_operator.py for tasks to queue
[2026-07-13T13:24:10.540+0000] {logging_mixin.py:188} INFO - [2026-07-13T13:24:10.539+0000] {dagbag.py:538} INFO - Filling up the DagBag from /home/airflow/.local/lib/python3.8/site-packages/airflow/example_dags/example_bash_operator.py
[2026-07-13T13:24:10.558+0000] {processor.py:840} INFO - DAG(s) 'example_bash_operator' retrieved from /home/airflow/.local/lib/python3.8/site-packages/airflow/example_dags/example_bash_operator.py
[2026-07-13T13:24:10.582+0000] {logging_mixin.py:188} INFO - [2026-07-13T13:24:10.581+0000] {dag.py:3036} INFO - Sync 1 DAGs
[2026-07-13T13:24:10.596+0000] {logging_mixin.py:188} INFO - [2026-07-13T13:24:10.595+0000] {dag.py:3823} INFO - Setting next_dagrun for example_bash_operator to 2026-07-12 00:00:00+00:00, run_after=2026-07-13 00:00:00+00:00
[2026-07-13T13:24:10.610+0000] {processor.py:183} INFO - Processing /home/airflow/.local/lib/python3.8/site-packages/airflow/example_dags/example_bash_operator.py took 0.082 seconds
[2026-07-13T13:24:41.010+0000] {processor.py:161} INFO - Started process (PID=1465) to work on /home/airflow/.local/lib/python3.8/site-packages/airflow/example_dags/example_bash_operator.py
[2026-07-13T13:24:41.011+0000] {processor.py:830} INFO - Processing file /home/airflow/.local/lib/python3.8/site-packages/airflow/example_dags/example_bash_operator.py for tasks to queue
[2026-07-13T13:24:41.012+0000] {logging_mixin.py:188} INFO - [2026-07-13T13:24:41.012+0000] {dagbag.py:538} INFO - Filling up the DagBag from /home/airflow/.local/lib/python3.8/site-packages/airflow/example_dags/example_bash_operator.py
[2026-07-13T13:24:41.019+0000] {processor.py:840} INFO - DAG(s) 'example_bash_operator' retrieved from /home/airflow/.local/lib/python3.8/site-packages/airflow/example_dags/example_bash_operator.py
[2026-07-13T13:24:41.039+0000] {logging_mixin.py:188} INFO - [2026-07-13T13:24:41.039+0000] {dag.py:3036} INFO - Sync 1 DAGs
[2026-07-13T13:24:41.053+0000] {logging_mixin.py:188} INFO - [2026-07-13T13:24:41.052+0000] {dag.py:3823} INFO - Setting next_dagrun for example_bash_operator to 2026-07-12 00:00:00+00:00, run_after=2026-07-13 00:00:00+00:00
[2026-07-13T13:24:41.065+0000] {processor.py:183} INFO - Processing /home/airflow/.local/lib/python3.8/site-packages/airflow/example_dags/example_bash_operator.py took 0.057 seconds
[2026-07-13T13:25:11.529+0000] {processor.py:161} INFO - Started process (PID=1521) to work on /home/airflow/.local/lib/python3.8/site-packages/airflow/example_dags/example_bash_operator.py
[2026-07-13T13:25:11.530+0000] {processor.py:830} INFO - Processing file /home/airflow/.local/lib/python3.8/site-packages/airflow/example_dags/example_bash_operator.py for tasks to queue
[2026-07-13T13:25:11.531+0000] {logging_mixin.py:188} INFO - [2026-07-13T13:25:11.531+0000] {dagbag.py:538} INFO - Filling up the DagBag from /home/airflow/.local/lib/python3.8/site-packages/airflow/example_dags/example_bash_operator.py
[2026-07-13T13:25:11.538+0000] {processor.py:840} INFO - DAG(s) 'example_bash_operator' retrieved from /home/airflow/.local/lib/python3.8/site-packages/airflow/example_dags/example_bash_operator.py
[2026-07-13T13:25:11.557+0000] {logging_mixin.py:188} INFO - [2026-07-13T13:25:11.557+0000] {dag.py:3036} INFO - Sync 1 DAGs
[2026-07-13T13:25:11.574+0000] {logging_mixin.py:188} INFO - [2026-07-13T13:25:11.574+0000] {dag.py:3823} INFO - Setting next_dagrun for example_bash_operator to 2026-07-12 00:00:00+00:00, run_after=2026-07-13 00:00:00+00:00
[2026-07-13T13:25:11.693+0000] {processor.py:183} INFO - Processing /home/airflow/.local/lib/python3.8/site-packages/airflow/example_dags/example_bash_operator.py took 0.167 seconds
[2026-07-13T13:25:41.888+0000] {processor.py:161} INFO - Started process (PID=1577) to work on /home/airflow/.local/lib/python3.8/site-packages/airflow/example_dags/example_bash_operator.py
[2026-07-13T13:25:41.889+0000] {processor.py:830} INFO - Processing file /home/airflow/.local/lib/python3.8/site-packages/airflow/example_dags/example_bash_operator.py for tasks to queue
[2026-07-13T13:25:41.890+0000] {logging_mixin.py:188} INFO - [2026-07-13T13:25:41.890+0000] {dagbag.py:538} INFO - Filling up the DagBag from /home/airflow/.local/lib/python3.8/site-packages/airflow/example_dags/example_bash_operator.py
[2026-07-13T13:25:41.898+0000] {processor.py:840} INFO - DAG(s) 'example_bash_operator' retrieved from /home/airflow/.local/lib/python3.8/site-packages/airflow/example_dags/example_bash_operator.py
[2026-07-13T13:25:41.918+0000] {logging_mixin.py:188} INFO - [2026-07-13T13:25:41.918+0000] {dag.py:3036} INFO - Sync 1 DAGs
[2026-07-13T13:25:41.931+0000] {logging_mixin.py:188} INFO - [2026-07-13T13:25:41.931+0000] {dag.py:3823} INFO - Setting next_dagrun for example_bash_operator to 2026-07-12 00:00:00+00:00, run_after=2026-07-13 00:00:00+00:00
[2026-07-13T13:25:41.944+0000] {processor.py:183} INFO - Processing /home/airflow/.local/lib/python3.8/site-packages/airflow/example_dags/example_bash_operator.py took 0.058 seconds
[2026-07-13T13:26:12.529+0000] {processor.py:161} INFO - Started process (PID=1633) to work on /home/airflow/.local/lib/python3.8/site-packages/airflow/example_dags/example_bash_operator.py
[2026-07-13T13:26:12.530+0000] {processor.py:830} INFO - Processing file /home/airflow/.local/lib/python3.8/site-packages/airflow/example_dags/example_bash_operator.py for tasks to queue
[2026-07-13T13:26:12.532+0000] {logging_mixin.py:188} INFO - [2026-07-13T13:26:12.531+0000] {dagbag.py:538} INFO - Filling up the DagBag from /home/airflow/.local/lib/python3.8/site-packages/airflow/example_dags/example_bash_operator.py
[2026-07-13T13:26:12.539+0000] {processor.py:840} INFO - DAG(s) 'example_bash_operator' retrieved from /home/airflow/.local/lib/python3.8/site-packages/airflow/example_dags/example_bash_operator.py
[2026-07-13T13:26:12.561+0000] {logging_mixin.py:188} INFO - [2026-07-13T13:26:12.560+0000] {dag.py:3036} INFO - Sync 1 DAGs
[2026-07-13T13:26:12.577+0000] {logging_mixin.py:188} INFO - [2026-07-13T13:26:12.577+0000] {dag.py:3823} INFO - Setting next_dagrun for example_bash_operator to 2026-07-12 00:00:00+00:00, run_after=2026-07-13 00:00:00+00:00
[2026-07-13T13:26:12.595+0000] {processor.py:183} INFO - Processing /home/airflow/.local/lib/python3.8/site-packages/airflow/example_dags/example_bash_operator.py took 0.070 seconds
[2026-07-13T13:26:42.916+0000] {processor.py:161} INFO - Started process (PID=1689) to work on /home/airflow/.local/lib/python3.8/site-packages/airflow/example_dags/example_bash_operator.py
[2026-07-13T13:26:42.917+0000] {processor.py:830} INFO - Processing file /home/airflow/.local/lib/python3.8/site-packages/airflow/example_dags/example_bash_operator.py for tasks to queue
[2026-07-13T13:26:42.919+0000] {logging_mixin.py:188} INFO - [2026-07-13T13:26:42.919+0000] {dagbag.py:538} INFO - Filling up the DagBag from /home/airflow/.local/lib/python3.8/site-packages/airflow/example_dags/example_bash_operator.py
[2026-07-13T13:26:42.929+0000] {processor.py:840} INFO - DAG(s) 'example_bash_operator' retrieved from /home/airflow/.local/lib/python3.8/site-packages/airflow/example_dags/example_bash_operator.py
[2026-07-13T13:26:42.952+0000] {logging_mixin.py:188} INFO - [2026-07-13T13:26:42.952+0000] {dag.py:3036} INFO - Sync 1 DAGs
[2026-07-13T13:26:42.973+0000] {logging_mixin.py:188} INFO - [2026-07-13T13:26:42.972+0000] {dag.py:3823} INFO - Setting next_dagrun for example_bash_operator to 2026-07-12 00:00:00+00:00, run_after=2026-07-13 00:00:00+00:00
[2026-07-13T13:26:42.994+0000] {processor.py:183} INFO - Processing /home/airflow/.local/lib/python3.8/site-packages/airflow/example_dags/example_bash_operator.py took 0.082 seconds
[2026-07-13T13:27:13.085+0000] {processor.py:161} INFO - Started process (PID=1745) to work on /home/airflow/.local/lib/python3.8/site-packages/airflow/example_dags/example_bash_operator.py
[2026-07-13T13:27:13.086+0000] {processor.py:830} INFO - Processing file /home/airflow/.local/lib/python3.8/site-packages/airflow/example_dags/example_bash_operator.py for tasks to queue
[2026-07-13T13:27:13.087+0000] {logging_mixin.py:188} INFO - [2026-07-13T13:27:13.087+0000] {dagbag.py:538} INFO - Filling up the DagBag from /home/airflow/.local/lib/python3.8/site-packages/airflow/example_dags/example_bash_operator.py
[2026-07-13T13:27:13.095+0000] {processor.py:840} INFO - DAG(s) 'example_bash_operator' retrieved from /home/airflow/.local/lib/python3.8/site-packages/airflow/example_dags/example_bash_operator.py
[2026-07-13T13:27:13.113+0000] {logging_mixin.py:188} INFO - [2026-07-13T13:27:13.113+0000] {dag.py:3036} INFO - Sync 1 DAGs
[2026-07-13T13:27:13.126+0000] {logging_mixin.py:188} INFO - [2026-07-13T13:27:13.126+0000] {dag.py:3823} INFO - Setting next_dagrun for example_bash_operator to 2026-07-12 00:00:00+00:00, run_after=2026-07-13 00:00:00+00:00
[2026-07-13T13:27:13.138+0000] {processor.py:183} INFO - Processing /home/airflow/.local/lib/python3.8/site-packages/airflow/example_dags/example_bash_operator.py took 0.057 seconds
[2026-07-13T13:27:44.139+0000] {processor.py:161} INFO - Started process (PID=1801) to work on /home/airflow/.local/lib/python3.8/site-packages/airflow/example_dags/example_bash_operator.py
[2026-07-13T13:27:44.140+0000] {processor.py:830} INFO - Processing file /home/airflow/.local/lib/python3.8/site-packages/airflow/example_dags/example_bash_operator.py for tasks to queue
[2026-07-13T13:27:44.142+0000] {logging_mixin.py:188} INFO - [2026-07-13T13:27:44.142+0000] {dagbag.py:538} INFO - Filling up the DagBag from /home/airflow/.local/lib/python3.8/site-packages/airflow/example_dags/example_bash_operator.py
[2026-07-13T13:27:44.151+0000] {processor.py:840} INFO - DAG(s) 'example_bash_operator' retrieved from /home/airflow/.local/lib/python3.8/site-packages/airflow/example_dags/example_bash_operator.py
[2026-07-13T13:27:44.288+0000] {logging_mixin.py:188} INFO - [2026-07-13T13:27:44.287+0000] {dag.py:3036} INFO - Sync 1 DAGs
[2026-07-13T13:27:44.302+0000] {logging_mixin.py:188} INFO - [2026-07-13T13:27:44.302+0000] {dag.py:3823} INFO - Setting next_dagrun for example_bash_operator to 2026-07-12 00:00:00+00:00, run_after=2026-07-13 00:00:00+00:00
[2026-07-13T13:27:44.317+0000] {processor.py:183} INFO - Processing /home/airflow/.local/lib/python3.8/site-packages/airflow/example_dags/example_bash_operator.py took 0.181 seconds
[2026-07-13T13:28:15.327+0000] {processor.py:161} INFO - Started process (PID=1857) to work on /home/airflow/.local/lib/python3.8/site-packages/airflow/example_dags/example_bash_operator.py
[2026-07-13T13:28:15.329+0000] {processor.py:830} INFO - Processing file /home/airflow/.local/lib/python3.8/site-packages/airflow/example_dags/example_bash_operator.py for tasks to queue
[2026-07-13T13:28:15.332+0000] {logging_mixin.py:188} INFO - [2026-07-13T13:28:15.331+0000] {dagbag.py:538} INFO - Filling up the DagBag from /home/airflow/.local/lib/python3.8/site-packages/airflow/example_dags/example_bash_operator.py
[2026-07-13T13:28:15.339+0000] {processor.py:840} INFO - DAG(s) 'example_bash_operator' retrieved from /home/airflow/.local/lib/python3.8/site-packages/airflow/example_dags/example_bash_operator.py
[2026-07-13T13:28:15.359+0000] {logging_mixin.py:188} INFO - [2026-07-13T13:28:15.358+0000] {dag.py:3036} INFO - Sync 1 DAGs
[2026-07-13T13:28:15.373+0000] {logging_mixin.py:188} INFO - [2026-07-13T13:28:15.373+0000] {dag.py:3823} INFO - Setting next_dagrun for example_bash_operator to 2026-07-12 00:00:00+00:00, run_after=2026-07-13 00:00:00+00:00
[2026-07-13T13:28:15.386+0000] {processor.py:183} INFO - Processing /home/airflow/.local/lib/python3.8/site-packages/airflow/example_dags/example_bash_operator.py took 0.062 seconds
[2026-07-13T13:28:45.489+0000] {processor.py:161} INFO - Started process (PID=1913) to work on /home/airflow/.local/lib/python3.8/site-packages/airflow/example_dags/example_bash_operator.py
[2026-07-13T13:28:45.492+0000] {processor.py:830} INFO - Processing file /home/airflow/.local/lib/python3.8/site-packages/airflow/example_dags/example_bash_operator.py for tasks to queue
[2026-07-13T13:28:45.494+0000] {logging_mixin.py:188} INFO - [2026-07-13T13:28:45.494+0000] {dagbag.py:538} INFO - Filling up the DagBag from /home/airflow/.local/lib/python3.8/site-packages/airflow/example_dags/example_bash_operator.py
[2026-07-13T13:28:45.504+0000] {processor.py:840} INFO - DAG(s) 'example_bash_operator' retrieved from /home/airflow/.local/lib/python3.8/site-packages/airflow/example_dags/example_bash_operator.py
[2026-07-13T13:28:45.524+0000] {logging_mixin.py:188} INFO - [2026-07-13T13:28:45.524+0000] {dag.py:3036} INFO - Sync 1 DAGs
[2026-07-13T13:28:45.539+0000] {logging_mixin.py:188} INFO - [2026-07-13T13:28:45.538+0000] {dag.py:3823} INFO - Setting next_dagrun for example_bash_operator to 2026-07-12 00:00:00+00:00, run_after=2026-07-13 00:00:00+00:00
[2026-07-13T13:28:45.561+0000] {processor.py:183} INFO - Processing /home/airflow/.local/lib/python3.8/site-packages/airflow/example_dags/example_bash_operator.py took 0.077 seconds
[2026-07-13T13:29:15.639+0000] {processor.py:161} INFO - Started process (PID=1969) to work on /home/airflow/.local/lib/python3.8/site-packages/airflow/example_dags/example_bash_operator.py
[2026-07-13T13:29:15.643+0000] {processor.py:830} INFO - Processing file /home/airflow/.local/lib/python3.8/site-packages/airflow/example_dags/example_bash_operator.py for tasks to queue
[2026-07-13T13:29:15.645+0000] {logging_mixin.py:188} INFO - [2026-07-13T13:29:15.645+0000] {dagbag.py:538} INFO - Filling up the DagBag from /home/airflow/.local/lib/python3.8/site-packages/airflow/example_dags/example_bash_operator.py
[2026-07-13T13:29:15.652+0000] {processor.py:840} INFO - DAG(s) 'example_bash_operator' retrieved from /home/airflow/.local/lib/python3.8/site-packages/airflow/example_dags/example_bash_operator.py
[2026-07-13T13:29:15.671+0000] {logging_mixin.py:188} INFO - [2026-07-13T13:29:15.671+0000] {dag.py:3036} INFO - Sync 1 DAGs
[2026-07-13T13:29:15.684+0000] {logging_mixin.py:188} INFO - [2026-07-13T13:29:15.683+0000] {dag.py:3823} INFO - Setting next_dagrun for example_bash_operator to 2026-07-12 00:00:00+00:00, run_after=2026-07-13 00:00:00+00:00
[2026-07-13T13:29:15.696+0000] {processor.py:183} INFO - Processing /home/airflow/.local/lib/python3.8/site-packages/airflow/example_dags/example_bash_operator.py took 0.060 seconds
[2026-07-13T13:33:31.808+0000] {processor.py:161} INFO - Started process (PID=55) to work on /home/airflow/.local/lib/python3.8/site-packages/airflow/example_dags/example_bash_operator.py
[2026-07-13T13:33:31.809+0000] {processor.py:830} INFO - Processing file /home/airflow/.local/lib/python3.8/site-packages/airflow/example_dags/example_bash_operator.py for tasks to queue
[2026-07-13T13:33:31.811+0000] {logging_mixin.py:188} INFO - [2026-07-13T13:33:31.811+0000] {dagbag.py:538} INFO - Filling up the DagBag from /home/airflow/.local/lib/python3.8/site-packages/airflow/example_dags/example_bash_operator.py
[2026-07-13T13:33:31.822+0000] {processor.py:840} INFO - DAG(s) 'example_bash_operator' retrieved from /home/airflow/.local/lib/python3.8/site-packages/airflow/example_dags/example_bash_operator.py
[2026-07-13T13:33:31.854+0000] {logging_mixin.py:188} INFO - [2026-07-13T13:33:31.854+0000] {dag.py:3036} INFO - Sync 1 DAGs
[2026-07-13T13:33:31.874+0000] {logging_mixin.py:188} INFO - [2026-07-13T13:33:31.873+0000] {dag.py:3823} INFO - Setting next_dagrun for example_bash_operator to 2026-07-12 00:00:00+00:00, run_after=2026-07-13 00:00:00+00:00
[2026-07-13T13:33:31.892+0000] {processor.py:183} INFO - Processing /home/airflow/.local/lib/python3.8/site-packages/airflow/example_dags/example_bash_operator.py took 0.088 seconds
[2026-07-13T13:35:29.412+0000] {processor.py:161} INFO - Started process (PID=63) to work on /home/airflow/.local/lib/python3.8/site-packages/airflow/example_dags/example_bash_operator.py
[2026-07-13T13:35:29.415+0000] {processor.py:830} INFO - Processing file /home/airflow/.local/lib/python3.8/site-packages/airflow/example_dags/example_bash_operator.py for tasks to queue
[2026-07-13T13:35:29.418+0000] {logging_mixin.py:188} INFO - [2026-07-13T13:35:29.417+0000] {dagbag.py:538} INFO - Filling up the DagBag from /home/airflow/.local/lib/python3.8/site-packages/airflow/example_dags/example_bash_operator.py
[2026-07-13T13:35:29.442+0000] {processor.py:840} INFO - DAG(s) 'example_bash_operator' retrieved from /home/airflow/.local/lib/python3.8/site-packages/airflow/example_dags/example_bash_operator.py
[2026-07-13T13:35:29.458+0000] {logging_mixin.py:188} INFO - [2026-07-13T13:35:29.458+0000] {dag.py:3036} INFO - Sync 1 DAGs
[2026-07-13T13:35:29.480+0000] {logging_mixin.py:188} INFO - [2026-07-13T13:35:29.479+0000] {dag.py:3823} INFO - Setting next_dagrun for example_bash_operator to 2026-07-12 00:00:00+00:00, run_after=2026-07-13 00:00:00+00:00
[2026-07-13T13:35:29.503+0000] {processor.py:183} INFO - Processing /home/airflow/.local/lib/python3.8/site-packages/airflow/example_dags/example_bash_operator.py took 0.096 seconds
[2026-07-13T13:35:59.538+0000] {processor.py:161} INFO - Started process (PID=113) to work on /home/airflow/.local/lib/python3.8/site-packages/airflow/example_dags/example_bash_operator.py
[2026-07-13T13:35:59.539+0000] {processor.py:830} INFO - Processing file /home/airflow/.local/lib/python3.8/site-packages/airflow/example_dags/example_bash_operator.py for tasks to queue
[2026-07-13T13:35:59.540+0000] {logging_mixin.py:188} INFO - [2026-07-13T13:35:59.540+0000] {dagbag.py:538} INFO - Filling up the DagBag from /home/airflow/.local/lib/python3.8/site-packages/airflow/example_dags/example_bash_operator.py
[2026-07-13T13:35:59.550+0000] {processor.py:840} INFO - DAG(s) 'example_bash_operator' retrieved from /home/airflow/.local/lib/python3.8/site-packages/airflow/example_dags/example_bash_operator.py
[2026-07-13T13:35:59.624+0000] {logging_mixin.py:188} INFO - [2026-07-13T13:35:59.623+0000] {dag.py:3036} INFO - Sync 1 DAGs
[2026-07-13T13:35:59.637+0000] {logging_mixin.py:188} INFO - [2026-07-13T13:35:59.637+0000] {dag.py:3823} INFO - Setting next_dagrun for example_bash_operator to 2026-07-12 00:00:00+00:00, run_after=2026-07-13 00:00:00+00:00
[2026-07-13T13:35:59.653+0000] {processor.py:183} INFO - Processing /home/airflow/.local/lib/python3.8/site-packages/airflow/example_dags/example_bash_operator.py took 0.117 seconds
[2026-07-13T13:36:30.000+0000] {processor.py:161} INFO - Started process (PID=169) to work on /home/airflow/.local/lib/python3.8/site-packages/airflow/example_dags/example_bash_operator.py
[2026-07-13T13:36:30.003+0000] {processor.py:830} INFO - Processing file /home/airflow/.local/lib/python3.8/site-packages/airflow/example_dags/example_bash_operator.py for tasks to queue
[2026-07-13T13:36:30.006+0000] {logging_mixin.py:188} INFO - [2026-07-13T13:36:30.005+0000] {dagbag.py:538} INFO - Filling up the DagBag from /home/airflow/.local/lib/python3.8/site-packages/airflow/example_dags/example_bash_operator.py
[2026-07-13T13:36:30.032+0000] {processor.py:840} INFO - DAG(s) 'example_bash_operator' retrieved from /home/airflow/.local/lib/python3.8/site-packages/airflow/example_dags/example_bash_operator.py
[2026-07-13T13:36:30.081+0000] {logging_mixin.py:188} INFO - [2026-07-13T13:36:30.081+0000] {dag.py:3036} INFO - Sync 1 DAGs
[2026-07-13T13:36:30.119+0000] {logging_mixin.py:188} INFO - [2026-07-13T13:36:30.118+0000] {dag.py:3823} INFO - Setting next_dagrun for example_bash_operator to 2026-07-12 00:00:00+00:00, run_after=2026-07-13 00:00:00+00:00
[2026-07-13T13:36:30.144+0000] {processor.py:183} INFO - Processing /home/airflow/.local/lib/python3.8/site-packages/airflow/example_dags/example_bash_operator.py took 0.155 seconds
[2026-07-13T13:37:00.503+0000] {processor.py:161} INFO - Started process (PID=225) to work on /home/airflow/.local/lib/python3.8/site-packages/airflow/example_dags/example_bash_operator.py
[2026-07-13T13:37:00.504+0000] {processor.py:830} INFO - Processing file /home/airflow/.local/lib/python3.8/site-packages/airflow/example_dags/example_bash_operator.py for tasks to queue
[2026-07-13T13:37:00.505+0000] {logging_mixin.py:188} INFO - [2026-07-13T13:37:00.505+0000] {dagbag.py:538} INFO - Filling up the DagBag from /home/airflow/.local/lib/python3.8/site-packages/airflow/example_dags/example_bash_operator.py
[2026-07-13T13:37:00.514+0000] {processor.py:840} INFO - DAG(s) 'example_bash_operator' retrieved from /home/airflow/.local/lib/python3.8/site-packages/airflow/example_dags/example_bash_operator.py
[2026-07-13T13:37:00.534+0000] {logging_mixin.py:188} INFO - [2026-07-13T13:37:00.534+0000] {dag.py:3036} INFO - Sync 1 DAGs
[2026-07-13T13:37:00.552+0000] {logging_mixin.py:188} INFO - [2026-07-13T13:37:00.551+0000] {dag.py:3823} INFO - Setting next_dagrun for example_bash_operator to 2026-07-12 00:00:00+00:00, run_after=2026-07-13 00:00:00+00:00
[2026-07-13T13:37:00.567+0000] {processor.py:183} INFO - Processing /home/airflow/.local/lib/python3.8/site-packages/airflow/example_dags/example_bash_operator.py took 0.067 seconds
[2026-07-13T13:37:30.914+0000] {processor.py:161} INFO - Started process (PID=281) to work on /home/airflow/.local/lib/python3.8/site-packages/airflow/example_dags/example_bash_operator.py
[2026-07-13T13:37:30.915+0000] {processor.py:830} INFO - Processing file /home/airflow/.local/lib/python3.8/site-packages/airflow/example_dags/example_bash_operator.py for tasks to queue
[2026-07-13T13:37:30.917+0000] {logging_mixin.py:188} INFO - [2026-07-13T13:37:30.916+0000] {dagbag.py:538} INFO - Filling up the DagBag from /home/airflow/.local/lib/python3.8/site-packages/airflow/example_dags/example_bash_operator.py
[2026-07-13T13:37:30.934+0000] {processor.py:840} INFO - DAG(s) 'example_bash_operator' retrieved from /home/airflow/.local/lib/python3.8/site-packages/airflow/example_dags/example_bash_operator.py
[2026-07-13T13:37:30.955+0000] {logging_mixin.py:188} INFO - [2026-07-13T13:37:30.955+0000] {dag.py:3036} INFO - Sync 1 DAGs
[2026-07-13T13:37:30.972+0000] {logging_mixin.py:188} INFO - [2026-07-13T13:37:30.971+0000] {dag.py:3823} INFO - Setting next_dagrun for example_bash_operator to 2026-07-12 00:00:00+00:00, run_after=2026-07-13 00:00:00+00:00
[2026-07-13T13:37:30.988+0000] {processor.py:183} INFO - Processing /home/airflow/.local/lib/python3.8/site-packages/airflow/example_dags/example_bash_operator.py took 0.077 seconds
[2026-07-13T13:38:02.673+0000] {processor.py:161} INFO - Started process (PID=337) to work on /home/airflow/.local/lib/python3.8/site-packages/airflow/example_dags/example_bash_operator.py
[2026-07-13T13:38:02.674+0000] {processor.py:830} INFO - Processing file /home/airflow/.local/lib/python3.8/site-packages/airflow/example_dags/example_bash_operator.py for tasks to queue
[2026-07-13T13:38:02.676+0000] {logging_mixin.py:188} INFO - [2026-07-13T13:38:02.676+0000] {dagbag.py:538} INFO - Filling up the DagBag from /home/airflow/.local/lib/python3.8/site-packages/airflow/example_dags/example_bash_operator.py
[2026-07-13T13:38:02.687+0000] {processor.py:840} INFO - DAG(s) 'example_bash_operator' retrieved from /home/airflow/.local/lib/python3.8/site-packages/airflow/example_dags/example_bash_operator.py
[2026-07-13T13:38:02.709+0000] {logging_mixin.py:188} INFO - [2026-07-13T13:38:02.709+0000] {dag.py:3036} INFO - Sync 1 DAGs
[2026-07-13T13:38:02.726+0000] {logging_mixin.py:188} INFO - [2026-07-13T13:38:02.726+0000] {dag.py:3823} INFO - Setting next_dagrun for example_bash_operator to 2026-07-12 00:00:00+00:00, run_after=2026-07-13 00:00:00+00:00
[2026-07-13T13:38:02.742+0000] {processor.py:183} INFO - Processing /home/airflow/.local/lib/python3.8/site-packages/airflow/example_dags/example_bash_operator.py took 0.071 seconds
[2026-07-13T13:38:34.276+0000] {processor.py:161} INFO - Started process (PID=393) to work on /home/airflow/.local/lib/python3.8/site-packages/airflow/example_dags/example_bash_operator.py
[2026-07-13T13:38:34.277+0000] {processor.py:830} INFO - Processing file /home/airflow/.local/lib/python3.8/site-packages/airflow/example_dags/example_bash_operator.py for tasks to queue
[2026-07-13T13:38:34.278+0000] {logging_mixin.py:188} INFO - [2026-07-13T13:38:34.278+0000] {dagbag.py:538} INFO - Filling up the DagBag from /home/airflow/.local/lib/python3.8/site-packages/airflow/example_dags/example_bash_operator.py
[2026-07-13T13:38:34.287+0000] {processor.py:840} INFO - DAG(s) 'example_bash_operator' retrieved from /home/airflow/.local/lib/python3.8/site-packages/airflow/example_dags/example_bash_operator.py
[2026-07-13T13:38:34.311+0000] {logging_mixin.py:188} INFO - [2026-07-13T13:38:34.311+0000] {dag.py:3036} INFO - Sync 1 DAGs
[2026-07-13T13:38:34.329+0000] {logging_mixin.py:188} INFO - [2026-07-13T13:38:34.328+0000] {dag.py:3823} INFO - Setting next_dagrun for example_bash_operator to 2026-07-12 00:00:00+00:00, run_after=2026-07-13 00:00:00+00:00
[2026-07-13T13:38:34.343+0000] {processor.py:183} INFO - Processing /home/airflow/.local/lib/python3.8/site-packages/airflow/example_dags/example_bash_operator.py took 0.071 seconds
[2026-07-13T13:39:06.374+0000] {processor.py:161} INFO - Started process (PID=449) to work on /home/airflow/.local/lib/python3.8/site-packages/airflow/example_dags/example_bash_operator.py
[2026-07-13T13:39:06.375+0000] {processor.py:830} INFO - Processing file /home/airflow/.local/lib/python3.8/site-packages/airflow/example_dags/example_bash_operator.py for tasks to queue
[2026-07-13T13:39:06.377+0000] {logging_mixin.py:188} INFO - [2026-07-13T13:39:06.376+0000] {dagbag.py:538} INFO - Filling up the DagBag from /home/airflow/.local/lib/python3.8/site-packages/airflow/example_dags/example_bash_operator.py
[2026-07-13T13:39:06.386+0000] {processor.py:840} INFO - DAG(s) 'example_bash_operator' retrieved from /home/airflow/.local/lib/python3.8/site-packages/airflow/example_dags/example_bash_operator.py
[2026-07-13T13:39:06.407+0000] {logging_mixin.py:188} INFO - [2026-07-13T13:39:06.407+0000] {dag.py:3036} INFO - Sync 1 DAGs
[2026-07-13T13:39:06.424+0000] {logging_mixin.py:188} INFO - [2026-07-13T13:39:06.424+0000] {dag.py:3823} INFO - Setting next_dagrun for example_bash_operator to 2026-07-12 00:00:00+00:00, run_after=2026-07-13 00:00:00+00:00
[2026-07-13T13:39:06.440+0000] {processor.py:183} INFO - Processing /home/airflow/.local/lib/python3.8/site-packages/airflow/example_dags/example_bash_operator.py took 0.068 seconds
[2026-07-13T13:39:38.528+0000] {processor.py:161} INFO - Started process (PID=504) to work on /home/airflow/.local/lib/python3.8/site-packages/airflow/example_dags/example_bash_operator.py
[2026-07-13T13:39:38.528+0000] {processor.py:830} INFO - Processing file /home/airflow/.local/lib/python3.8/site-packages/airflow/example_dags/example_bash_operator.py for tasks to queue
[2026-07-13T13:39:38.530+0000] {logging_mixin.py:188} INFO - [2026-07-13T13:39:38.529+0000] {dagbag.py:538} INFO - Filling up the DagBag from /home/airflow/.local/lib/python3.8/site-packages/airflow/example_dags/example_bash_operator.py
[2026-07-13T13:39:38.540+0000] {processor.py:840} INFO - DAG(s) 'example_bash_operator' retrieved from /home/airflow/.local/lib/python3.8/site-packages/airflow/example_dags/example_bash_operator.py
[2026-07-13T13:39:38.560+0000] {logging_mixin.py:188} INFO - [2026-07-13T13:39:38.560+0000] {dag.py:3036} INFO - Sync 1 DAGs
[2026-07-13T13:39:38.575+0000] {logging_mixin.py:188} INFO - [2026-07-13T13:39:38.575+0000] {dag.py:3823} INFO - Setting next_dagrun for example_bash_operator to 2026-07-12 00:00:00+00:00, run_after=2026-07-13 00:00:00+00:00
[2026-07-13T13:39:38.590+0000] {processor.py:183} INFO - Processing /home/airflow/.local/lib/python3.8/site-packages/airflow/example_dags/example_bash_operator.py took 0.065 seconds
[2026-07-13T13:40:10.676+0000] {processor.py:161} INFO - Started process (PID=560) to work on /home/airflow/.local/lib/python3.8/site-packages/airflow/example_dags/example_bash_operator.py
[2026-07-13T13:40:10.677+0000] {processor.py:830} INFO - Processing file /home/airflow/.local/lib/python3.8/site-packages/airflow/example_dags/example_bash_operator.py for tasks to queue
[2026-07-13T13:40:10.678+0000] {logging_mixin.py:188} INFO - [2026-07-13T13:40:10.678+0000] {dagbag.py:538} INFO - Filling up the DagBag from /home/airflow/.local/lib/python3.8/site-packages/airflow/example_dags/example_bash_operator.py
[2026-07-13T13:40:10.695+0000] {processor.py:840} INFO - DAG(s) 'example_bash_operator' retrieved from /home/airflow/.local/lib/python3.8/site-packages/airflow/example_dags/example_bash_operator.py
[2026-07-13T13:40:10.741+0000] {logging_mixin.py:188} INFO - [2026-07-13T13:40:10.740+0000] {dag.py:3036} INFO - Sync 1 DAGs
[2026-07-13T13:40:10.761+0000] {logging_mixin.py:188} INFO - [2026-07-13T13:40:10.761+0000] {dag.py:3823} INFO - Setting next_dagrun for example_bash_operator to 2026-07-12 00:00:00+00:00, run_after=2026-07-13 00:00:00+00:00
[2026-07-13T13:40:10.776+0000] {processor.py:183} INFO - Processing /home/airflow/.local/lib/python3.8/site-packages/airflow/example_dags/example_bash_operator.py took 0.104 seconds
[2026-07-13T13:40:42.358+0000] {processor.py:161} INFO - Started process (PID=616) to work on /home/airflow/.local/lib/python3.8/site-packages/airflow/example_dags/example_bash_operator.py
[2026-07-13T13:40:42.359+0000] {processor.py:830} INFO - Processing file /home/airflow/.local/lib/python3.8/site-packages/airflow/example_dags/example_bash_operator.py for tasks to queue
[2026-07-13T13:40:42.360+0000] {logging_mixin.py:188} INFO - [2026-07-13T13:40:42.360+0000] {dagbag.py:538} INFO - Filling up the DagBag from /home/airflow/.local/lib/python3.8/site-packages/airflow/example_dags/example_bash_operator.py
[2026-07-13T13:40:42.370+0000] {processor.py:840} INFO - DAG(s) 'example_bash_operator' retrieved from /home/airflow/.local/lib/python3.8/site-packages/airflow/example_dags/example_bash_operator.py
[2026-07-13T13:40:42.392+0000] {logging_mixin.py:188} INFO - [2026-07-13T13:40:42.392+0000] {dag.py:3036} INFO - Sync 1 DAGs
[2026-07-13T13:40:42.410+0000] {logging_mixin.py:188} INFO - [2026-07-13T13:40:42.409+0000] {dag.py:3823} INFO - Setting next_dagrun for example_bash_operator to 2026-07-12 00:00:00+00:00, run_after=2026-07-13 00:00:00+00:00
[2026-07-13T13:40:42.425+0000] {processor.py:183} INFO - Processing /home/airflow/.local/lib/python3.8/site-packages/airflow/example_dags/example_bash_operator.py took 0.070 seconds
[2026-07-13T13:41:14.480+0000] {processor.py:161} INFO - Started process (PID=672) to work on /home/airflow/.local/lib/python3.8/site-packages/airflow/example_dags/example_bash_operator.py
[2026-07-13T13:41:14.481+0000] {processor.py:830} INFO - Processing file /home/airflow/.local/lib/python3.8/site-packages/airflow/example_dags/example_bash_operator.py for tasks to queue
[2026-07-13T13:41:14.483+0000] {logging_mixin.py:188} INFO - [2026-07-13T13:41:14.483+0000] {dagbag.py:538} INFO - Filling up the DagBag from /home/airflow/.local/lib/python3.8/site-packages/airflow/example_dags/example_bash_operator.py
[2026-07-13T13:41:14.492+0000] {processor.py:840} INFO - DAG(s) 'example_bash_operator' retrieved from /home/airflow/.local/lib/python3.8/site-packages/airflow/example_dags/example_bash_operator.py
[2026-07-13T13:41:14.513+0000] {logging_mixin.py:188} INFO - [2026-07-13T13:41:14.513+0000] {dag.py:3036} INFO - Sync 1 DAGs
[2026-07-13T13:41:14.538+0000] {logging_mixin.py:188} INFO - [2026-07-13T13:41:14.537+0000] {dag.py:3823} INFO - Setting next_dagrun for example_bash_operator to 2026-07-12 00:00:00+00:00, run_after=2026-07-13 00:00:00+00:00
[2026-07-13T13:41:14.553+0000] {processor.py:183} INFO - Processing /home/airflow/.local/lib/python3.8/site-packages/airflow/example_dags/example_bash_operator.py took 0.076 seconds
[2026-07-13T13:41:46.317+0000] {processor.py:161} INFO - Started process (PID=728) to work on /home/airflow/.local/lib/python3.8/site-packages/airflow/example_dags/example_bash_operator.py
[2026-07-13T13:41:46.318+0000] {processor.py:830} INFO - Processing file /home/airflow/.local/lib/python3.8/site-packages/airflow/example_dags/example_bash_operator.py for tasks to queue
[2026-07-13T13:41:46.319+0000] {logging_mixin.py:188} INFO - [2026-07-13T13:41:46.319+0000] {dagbag.py:538} INFO - Filling up the DagBag from /home/airflow/.local/lib/python3.8/site-packages/airflow/example_dags/example_bash_operator.py
[2026-07-13T13:41:46.330+0000] {processor.py:840} INFO - DAG(s) 'example_bash_operator' retrieved from /home/airflow/.local/lib/python3.8/site-packages/airflow/example_dags/example_bash_operator.py
[2026-07-13T13:41:46.351+0000] {logging_mixin.py:188} INFO - [2026-07-13T13:41:46.351+0000] {dag.py:3036} INFO - Sync 1 DAGs
[2026-07-13T13:41:46.368+0000] {logging_mixin.py:188} INFO - [2026-07-13T13:41:46.367+0000] {dag.py:3823} INFO - Setting next_dagrun for example_bash_operator to 2026-07-12 00:00:00+00:00, run_after=2026-07-13 00:00:00+00:00
[2026-07-13T13:41:46.383+0000] {processor.py:183} INFO - Processing /home/airflow/.local/lib/python3.8/site-packages/airflow/example_dags/example_bash_operator.py took 0.070 seconds
[2026-07-13T13:42:18.271+0000] {processor.py:161} INFO - Started process (PID=784) to work on /home/airflow/.local/lib/python3.8/site-packages/airflow/example_dags/example_bash_operator.py
[2026-07-13T13:42:18.272+0000] {processor.py:830} INFO - Processing file /home/airflow/.local/lib/python3.8/site-packages/airflow/example_dags/example_bash_operator.py for tasks to queue
[2026-07-13T13:42:18.274+0000] {logging_mixin.py:188} INFO - [2026-07-13T13:42:18.273+0000] {dagbag.py:538} INFO - Filling up the DagBag from /home/airflow/.local/lib/python3.8/site-packages/airflow/example_dags/example_bash_operator.py
[2026-07-13T13:42:18.287+0000] {processor.py:840} INFO - DAG(s) 'example_bash_operator' retrieved from /home/airflow/.local/lib/python3.8/site-packages/airflow/example_dags/example_bash_operator.py
[2026-07-13T13:42:18.313+0000] {logging_mixin.py:188} INFO - [2026-07-13T13:42:18.313+0000] {dag.py:3036} INFO - Sync 1 DAGs
[2026-07-13T13:42:18.336+0000] {logging_mixin.py:188} INFO - [2026-07-13T13:42:18.336+0000] {dag.py:3823} INFO - Setting next_dagrun for example_bash_operator to 2026-07-12 00:00:00+00:00, run_after=2026-07-13 00:00:00+00:00
[2026-07-13T13:42:18.356+0000] {processor.py:183} INFO - Processing /home/airflow/.local/lib/python3.8/site-packages/airflow/example_dags/example_bash_operator.py took 0.088 seconds
[2026-07-13T13:42:51.261+0000] {processor.py:161} INFO - Started process (PID=840) to work on /home/airflow/.local/lib/python3.8/site-packages/airflow/example_dags/example_bash_operator.py
[2026-07-13T13:42:51.263+0000] {processor.py:830} INFO - Processing file /home/airflow/.local/lib/python3.8/site-packages/airflow/example_dags/example_bash_operator.py for tasks to queue
[2026-07-13T13:42:51.268+0000] {logging_mixin.py:188} INFO - [2026-07-13T13:42:51.268+0000] {dagbag.py:538} INFO - Filling up the DagBag from /home/airflow/.local/lib/python3.8/site-packages/airflow/example_dags/example_bash_operator.py
[2026-07-13T13:42:51.279+0000] {processor.py:840} INFO - DAG(s) 'example_bash_operator' retrieved from /home/airflow/.local/lib/python3.8/site-packages/airflow/example_dags/example_bash_operator.py
[2026-07-13T13:42:51.301+0000] {logging_mixin.py:188} INFO - [2026-07-13T13:42:51.300+0000] {dag.py:3036} INFO - Sync 1 DAGs
[2026-07-13T13:42:51.318+0000] {logging_mixin.py:188} INFO - [2026-07-13T13:42:51.318+0000] {dag.py:3823} INFO - Setting next_dagrun for example_bash_operator to 2026-07-12 00:00:00+00:00, run_after=2026-07-13 00:00:00+00:00
[2026-07-13T13:42:51.334+0000] {processor.py:183} INFO - Processing /home/airflow/.local/lib/python3.8/site-packages/airflow/example_dags/example_bash_operator.py took 0.076 seconds
[2026-07-13T13:43:23.428+0000] {processor.py:161} INFO - Started process (PID=897) to work on /home/airflow/.local/lib/python3.8/site-packages/airflow/example_dags/example_bash_operator.py
[2026-07-13T13:43:23.429+0000] {processor.py:830} INFO - Processing file /home/airflow/.local/lib/python3.8/site-packages/airflow/example_dags/example_bash_operator.py for tasks to queue
[2026-07-13T13:43:23.431+0000] {logging_mixin.py:188} INFO - [2026-07-13T13:43:23.430+0000] {dagbag.py:538} INFO - Filling up the DagBag from /home/airflow/.local/lib/python3.8/site-packages/airflow/example_dags/example_bash_operator.py
[2026-07-13T13:43:23.440+0000] {processor.py:840} INFO - DAG(s) 'example_bash_operator' retrieved from /home/airflow/.local/lib/python3.8/site-packages/airflow/example_dags/example_bash_operator.py
[2026-07-13T13:43:23.459+0000] {logging_mixin.py:188} INFO - [2026-07-13T13:43:23.459+0000] {dag.py:3036} INFO - Sync 1 DAGs
[2026-07-13T13:43:23.474+0000] {logging_mixin.py:188} INFO - [2026-07-13T13:43:23.474+0000] {dag.py:3823} INFO - Setting next_dagrun for example_bash_operator to 2026-07-12 00:00:00+00:00, run_after=2026-07-13 00:00:00+00:00
[2026-07-13T13:43:23.488+0000] {processor.py:183} INFO - Processing /home/airflow/.local/lib/python3.8/site-packages/airflow/example_dags/example_bash_operator.py took 0.063 seconds
[2026-07-13T13:43:55.763+0000] {processor.py:161} INFO - Started process (PID=954) to work on /home/airflow/.local/lib/python3.8/site-packages/airflow/example_dags/example_bash_operator.py
[2026-07-13T13:43:55.764+0000] {processor.py:830} INFO - Processing file /home/airflow/.local/lib/python3.8/site-packages/airflow/example_dags/example_bash_operator.py for tasks to queue
[2026-07-13T13:43:55.765+0000] {logging_mixin.py:188} INFO - [2026-07-13T13:43:55.765+0000] {dagbag.py:538} INFO - Filling up the DagBag from /home/airflow/.local/lib/python3.8/site-packages/airflow/example_dags/example_bash_operator.py
[2026-07-13T13:43:55.774+0000] {processor.py:840} INFO - DAG(s) 'example_bash_operator' retrieved from /home/airflow/.local/lib/python3.8/site-packages/airflow/example_dags/example_bash_operator.py
[2026-07-13T13:43:55.792+0000] {logging_mixin.py:188} INFO - [2026-07-13T13:43:55.792+0000] {dag.py:3036} INFO - Sync 1 DAGs
[2026-07-13T13:43:55.807+0000] {logging_mixin.py:188} INFO - [2026-07-13T13:43:55.807+0000] {dag.py:3823} INFO - Setting next_dagrun for example_bash_operator to 2026-07-12 00:00:00+00:00, run_after=2026-07-13 00:00:00+00:00
[2026-07-13T13:43:55.820+0000] {processor.py:183} INFO - Processing /home/airflow/.local/lib/python3.8/site-packages/airflow/example_dags/example_bash_operator.py took 0.059 seconds
[2026-07-13T13:44:28.306+0000] {processor.py:161} INFO - Started process (PID=1011) to work on /home/airflow/.local/lib/python3.8/site-packages/airflow/example_dags/example_bash_operator.py
[2026-07-13T13:44:28.307+0000] {processor.py:830} INFO - Processing file /home/airflow/.local/lib/python3.8/site-packages/airflow/example_dags/example_bash_operator.py for tasks to queue
[2026-07-13T13:44:28.310+0000] {logging_mixin.py:188} INFO - [2026-07-13T13:44:28.309+0000] {dagbag.py:538} INFO - Filling up the DagBag from /home/airflow/.local/lib/python3.8/site-packages/airflow/example_dags/example_bash_operator.py
[2026-07-13T13:44:28.341+0000] {processor.py:840} INFO - DAG(s) 'example_bash_operator' retrieved from /home/airflow/.local/lib/python3.8/site-packages/airflow/example_dags/example_bash_operator.py
[2026-07-13T13:44:28.373+0000] {logging_mixin.py:188} INFO - [2026-07-13T13:44:28.372+0000] {dag.py:3036} INFO - Sync 1 DAGs
[2026-07-13T13:44:28.402+0000] {logging_mixin.py:188} INFO - [2026-07-13T13:44:28.401+0000] {dag.py:3823} INFO - Setting next_dagrun for example_bash_operator to 2026-07-12 00:00:00+00:00, run_after=2026-07-13 00:00:00+00:00
[2026-07-13T13:44:28.422+0000] {processor.py:183} INFO - Processing /home/airflow/.local/lib/python3.8/site-packages/airflow/example_dags/example_bash_operator.py took 0.119 seconds
[2026-07-13T13:45:00.694+0000] {processor.py:161} INFO - Started process (PID=1067) to work on /home/airflow/.local/lib/python3.8/site-packages/airflow/example_dags/example_bash_operator.py
[2026-07-13T13:45:00.695+0000] {processor.py:830} INFO - Processing file /home/airflow/.local/lib/python3.8/site-packages/airflow/example_dags/example_bash_operator.py for tasks to queue
[2026-07-13T13:45:00.697+0000] {logging_mixin.py:188} INFO - [2026-07-13T13:45:00.696+0000] {dagbag.py:538} INFO - Filling up the DagBag from /home/airflow/.local/lib/python3.8/site-packages/airflow/example_dags/example_bash_operator.py
[2026-07-13T13:45:00.705+0000] {processor.py:840} INFO - DAG(s) 'example_bash_operator' retrieved from /home/airflow/.local/lib/python3.8/site-packages/airflow/example_dags/example_bash_operator.py
[2026-07-13T13:45:00.723+0000] {logging_mixin.py:188} INFO - [2026-07-13T13:45:00.723+0000] {dag.py:3036} INFO - Sync 1 DAGs
[2026-07-13T13:45:00.738+0000] {logging_mixin.py:188} INFO - [2026-07-13T13:45:00.738+0000] {dag.py:3823} INFO - Setting next_dagrun for example_bash_operator to 2026-07-12 00:00:00+00:00, run_after=2026-07-13 00:00:00+00:00
[2026-07-13T13:45:00.750+0000] {processor.py:183} INFO - Processing /home/airflow/.local/lib/python3.8/site-packages/airflow/example_dags/example_bash_operator.py took 0.059 seconds
[2026-07-13T13:45:32.856+0000] {processor.py:161} INFO - Started process (PID=1123) to work on /home/airflow/.local/lib/python3.8/site-packages/airflow/example_dags/example_bash_operator.py
[2026-07-13T13:45:32.857+0000] {processor.py:830} INFO - Processing file /home/airflow/.local/lib/python3.8/site-packages/airflow/example_dags/example_bash_operator.py for tasks to queue
[2026-07-13T13:45:32.858+0000] {logging_mixin.py:188} INFO - [2026-07-13T13:45:32.858+0000] {dagbag.py:538} INFO - Filling up the DagBag from /home/airflow/.local/lib/python3.8/site-packages/airflow/example_dags/example_bash_operator.py
[2026-07-13T13:45:32.867+0000] {processor.py:840} INFO - DAG(s) 'example_bash_operator' retrieved from /home/airflow/.local/lib/python3.8/site-packages/airflow/example_dags/example_bash_operator.py
[2026-07-13T13:45:32.886+0000] {logging_mixin.py:188} INFO - [2026-07-13T13:45:32.886+0000] {dag.py:3036} INFO - Sync 1 DAGs
[2026-07-13T13:45:32.902+0000] {logging_mixin.py:188} INFO - [2026-07-13T13:45:32.902+0000] {dag.py:3823} INFO - Setting next_dagrun for example_bash_operator to 2026-07-12 00:00:00+00:00, run_after=2026-07-13 00:00:00+00:00
[2026-07-13T13:45:32.916+0000] {processor.py:183} INFO - Processing /home/airflow/.local/lib/python3.8/site-packages/airflow/example_dags/example_bash_operator.py took 0.063 seconds
[2026-07-13T13:46:05.070+0000] {processor.py:161} INFO - Started process (PID=1179) to work on /home/airflow/.local/lib/python3.8/site-packages/airflow/example_dags/example_bash_operator.py
[2026-07-13T13:46:05.071+0000] {processor.py:830} INFO - Processing file /home/airflow/.local/lib/python3.8/site-packages/airflow/example_dags/example_bash_operator.py for tasks to queue
[2026-07-13T13:46:05.072+0000] {logging_mixin.py:188} INFO - [2026-07-13T13:46:05.072+0000] {dagbag.py:538} INFO - Filling up the DagBag from /home/airflow/.local/lib/python3.8/site-packages/airflow/example_dags/example_bash_operator.py
[2026-07-13T13:46:05.080+0000] {processor.py:840} INFO - DAG(s) 'example_bash_operator' retrieved from /home/airflow/.local/lib/python3.8/site-packages/airflow/example_dags/example_bash_operator.py
[2026-07-13T13:46:05.098+0000] {logging_mixin.py:188} INFO - [2026-07-13T13:46:05.098+0000] {dag.py:3036} INFO - Sync 1 DAGs
[2026-07-13T13:46:05.114+0000] {logging_mixin.py:188} INFO - [2026-07-13T13:46:05.114+0000] {dag.py:3823} INFO - Setting next_dagrun for example_bash_operator to 2026-07-12 00:00:00+00:00, run_after=2026-07-13 00:00:00+00:00
[2026-07-13T13:46:05.126+0000] {processor.py:183} INFO - Processing /home/airflow/.local/lib/python3.8/site-packages/airflow/example_dags/example_bash_operator.py took 0.059 seconds
[2026-07-13T13:46:37.284+0000] {processor.py:161} INFO - Started process (PID=1235) to work on /home/airflow/.local/lib/python3.8/site-packages/airflow/example_dags/example_bash_operator.py
[2026-07-13T13:46:37.284+0000] {processor.py:830} INFO - Processing file /home/airflow/.local/lib/python3.8/site-packages/airflow/example_dags/example_bash_operator.py for tasks to queue
[2026-07-13T13:46:37.286+0000] {logging_mixin.py:188} INFO - [2026-07-13T13:46:37.285+0000] {dagbag.py:538} INFO - Filling up the DagBag from /home/airflow/.local/lib/python3.8/site-packages/airflow/example_dags/example_bash_operator.py
[2026-07-13T13:46:37.294+0000] {processor.py:840} INFO - DAG(s) 'example_bash_operator' retrieved from /home/airflow/.local/lib/python3.8/site-packages/airflow/example_dags/example_bash_operator.py
[2026-07-13T13:46:37.313+0000] {logging_mixin.py:188} INFO - [2026-07-13T13:46:37.313+0000] {dag.py:3036} INFO - Sync 1 DAGs
[2026-07-13T13:46:37.328+0000] {logging_mixin.py:188} INFO - [2026-07-13T13:46:37.328+0000] {dag.py:3823} INFO - Setting next_dagrun for example_bash_operator to 2026-07-12 00:00:00+00:00, run_after=2026-07-13 00:00:00+00:00
[2026-07-13T13:46:37.341+0000] {processor.py:183} INFO - Processing /home/airflow/.local/lib/python3.8/site-packages/airflow/example_dags/example_bash_operator.py took 0.060 seconds
[2026-07-13T13:47:09.503+0000] {processor.py:161} INFO - Started process (PID=1291) to work on /home/airflow/.local/lib/python3.8/site-packages/airflow/example_dags/example_bash_operator.py
[2026-07-13T13:47:09.504+0000] {processor.py:830} INFO - Processing file /home/airflow/.local/lib/python3.8/site-packages/airflow/example_dags/example_bash_operator.py for tasks to queue
[2026-07-13T13:47:09.506+0000] {logging_mixin.py:188} INFO - [2026-07-13T13:47:09.506+0000] {dagbag.py:538} INFO - Filling up the DagBag from /home/airflow/.local/lib/python3.8/site-packages/airflow/example_dags/example_bash_operator.py
[2026-07-13T13:47:09.519+0000] {processor.py:840} INFO - DAG(s) 'example_bash_operator' retrieved from /home/airflow/.local/lib/python3.8/site-packages/airflow/example_dags/example_bash_operator.py
[2026-07-13T13:47:09.542+0000] {logging_mixin.py:188} INFO - [2026-07-13T13:47:09.542+0000] {dag.py:3036} INFO - Sync 1 DAGs
[2026-07-13T13:47:09.557+0000] {logging_mixin.py:188} INFO - [2026-07-13T13:47:09.557+0000] {dag.py:3823} INFO - Setting next_dagrun for example_bash_operator to 2026-07-12 00:00:00+00:00, run_after=2026-07-13 00:00:00+00:00
[2026-07-13T13:47:09.571+0000] {processor.py:183} INFO - Processing /home/airflow/.local/lib/python3.8/site-packages/airflow/example_dags/example_bash_operator.py took 0.071 seconds
[2026-07-13T13:48:50.167+0000] {processor.py:161} INFO - Started process (PID=57) to work on /home/airflow/.local/lib/python3.8/site-packages/airflow/example_dags/example_bash_operator.py
[2026-07-13T13:48:50.169+0000] {processor.py:830} INFO - Processing file /home/airflow/.local/lib/python3.8/site-packages/airflow/example_dags/example_bash_operator.py for tasks to queue
[2026-07-13T13:48:50.173+0000] {logging_mixin.py:188} INFO - [2026-07-13T13:48:50.172+0000] {dagbag.py:538} INFO - Filling up the DagBag from /home/airflow/.local/lib/python3.8/site-packages/airflow/example_dags/example_bash_operator.py
[2026-07-13T13:48:50.197+0000] {processor.py:840} INFO - DAG(s) 'example_bash_operator' retrieved from /home/airflow/.local/lib/python3.8/site-packages/airflow/example_dags/example_bash_operator.py
[2026-07-13T13:48:50.220+0000] {logging_mixin.py:188} INFO - [2026-07-13T13:48:50.220+0000] {dag.py:3036} INFO - Sync 1 DAGs
[2026-07-13T13:48:50.263+0000] {logging_mixin.py:188} INFO - [2026-07-13T13:48:50.262+0000] {dag.py:3823} INFO - Setting next_dagrun for example_bash_operator to 2026-07-12 00:00:00+00:00, run_after=2026-07-13 00:00:00+00:00
[2026-07-13T13:48:50.290+0000] {processor.py:183} INFO - Processing /home/airflow/.local/lib/python3.8/site-packages/airflow/example_dags/example_bash_operator.py took 0.127 seconds
[2026-07-13T13:49:20.321+0000] {processor.py:161} INFO - Started process (PID=113) to work on /home/airflow/.local/lib/python3.8/site-packages/airflow/example_dags/example_bash_operator.py
[2026-07-13T13:49:20.322+0000] {processor.py:830} INFO - Processing file /home/airflow/.local/lib/python3.8/site-packages/airflow/example_dags/example_bash_operator.py for tasks to queue
[2026-07-13T13:49:20.325+0000] {logging_mixin.py:188} INFO - [2026-07-13T13:49:20.324+0000] {dagbag.py:538} INFO - Filling up the DagBag from /home/airflow/.local/lib/python3.8/site-packages/airflow/example_dags/example_bash_operator.py
[2026-07-13T13:49:20.340+0000] {processor.py:840} INFO - DAG(s) 'example_bash_operator' retrieved from /home/airflow/.local/lib/python3.8/site-packages/airflow/example_dags/example_bash_operator.py
[2026-07-13T13:49:20.493+0000] {logging_mixin.py:188} INFO - [2026-07-13T13:49:20.492+0000] {dag.py:3036} INFO - Sync 1 DAGs
[2026-07-13T13:49:20.511+0000] {logging_mixin.py:188} INFO - [2026-07-13T13:49:20.511+0000] {dag.py:3823} INFO - Setting next_dagrun for example_bash_operator to 2026-07-12 00:00:00+00:00, run_after=2026-07-13 00:00:00+00:00
[2026-07-13T13:49:20.530+0000] {processor.py:183} INFO - Processing /home/airflow/.local/lib/python3.8/site-packages/airflow/example_dags/example_bash_operator.py took 0.212 seconds
[2026-07-13T13:49:51.454+0000] {processor.py:161} INFO - Started process (PID=169) to work on /home/airflow/.local/lib/python3.8/site-packages/airflow/example_dags/example_bash_operator.py
[2026-07-13T13:49:51.455+0000] {processor.py:830} INFO - Processing file /home/airflow/.local/lib/python3.8/site-packages/airflow/example_dags/example_bash_operator.py for tasks to queue
[2026-07-13T13:49:51.457+0000] {logging_mixin.py:188} INFO - [2026-07-13T13:49:51.456+0000] {dagbag.py:538} INFO - Filling up the DagBag from /home/airflow/.local/lib/python3.8/site-packages/airflow/example_dags/example_bash_operator.py
[2026-07-13T13:49:51.466+0000] {processor.py:840} INFO - DAG(s) 'example_bash_operator' retrieved from /home/airflow/.local/lib/python3.8/site-packages/airflow/example_dags/example_bash_operator.py
[2026-07-13T13:49:51.486+0000] {logging_mixin.py:188} INFO - [2026-07-13T13:49:51.485+0000] {dag.py:3036} INFO - Sync 1 DAGs
[2026-07-13T13:49:51.502+0000] {logging_mixin.py:188} INFO - [2026-07-13T13:49:51.502+0000] {dag.py:3823} INFO - Setting next_dagrun for example_bash_operator to 2026-07-12 00:00:00+00:00, run_after=2026-07-13 00:00:00+00:00
[2026-07-13T13:49:51.516+0000] {processor.py:183} INFO - Processing /home/airflow/.local/lib/python3.8/site-packages/airflow/example_dags/example_bash_operator.py took 0.064 seconds
[2026-07-13T13:50:23.183+0000] {processor.py:161} INFO - Started process (PID=225) to work on /home/airflow/.local/lib/python3.8/site-packages/airflow/example_dags/example_bash_operator.py
[2026-07-13T13:50:23.185+0000] {processor.py:830} INFO - Processing file /home/airflow/.local/lib/python3.8/site-packages/airflow/example_dags/example_bash_operator.py for tasks to queue
[2026-07-13T13:50:23.188+0000] {logging_mixin.py:188} INFO - [2026-07-13T13:50:23.187+0000] {dagbag.py:538} INFO - Filling up the DagBag from /home/airflow/.local/lib/python3.8/site-packages/airflow/example_dags/example_bash_operator.py
[2026-07-13T13:50:23.199+0000] {processor.py:840} INFO - DAG(s) 'example_bash_operator' retrieved from /home/airflow/.local/lib/python3.8/site-packages/airflow/example_dags/example_bash_operator.py
[2026-07-13T13:50:23.226+0000] {logging_mixin.py:188} INFO - [2026-07-13T13:50:23.226+0000] {dag.py:3036} INFO - Sync 1 DAGs
[2026-07-13T13:50:23.251+0000] {logging_mixin.py:188} INFO - [2026-07-13T13:50:23.251+0000] {dag.py:3823} INFO - Setting next_dagrun for example_bash_operator to 2026-07-12 00:00:00+00:00, run_after=2026-07-13 00:00:00+00:00
[2026-07-13T13:50:23.274+0000] {processor.py:183} INFO - Processing /home/airflow/.local/lib/python3.8/site-packages/airflow/example_dags/example_bash_operator.py took 0.097 seconds
[2026-07-13T13:50:55.614+0000] {processor.py:161} INFO - Started process (PID=281) to work on /home/airflow/.local/lib/python3.8/site-packages/airflow/example_dags/example_bash_operator.py
[2026-07-13T13:50:55.614+0000] {processor.py:830} INFO - Processing file /home/airflow/.local/lib/python3.8/site-packages/airflow/example_dags/example_bash_operator.py for tasks to queue
[2026-07-13T13:50:55.616+0000] {logging_mixin.py:188} INFO - [2026-07-13T13:50:55.616+0000] {dagbag.py:538} INFO - Filling up the DagBag from /home/airflow/.local/lib/python3.8/site-packages/airflow/example_dags/example_bash_operator.py
[2026-07-13T13:50:55.624+0000] {processor.py:840} INFO - DAG(s) 'example_bash_operator' retrieved from /home/airflow/.local/lib/python3.8/site-packages/airflow/example_dags/example_bash_operator.py
[2026-07-13T13:50:55.643+0000] {logging_mixin.py:188} INFO - [2026-07-13T13:50:55.643+0000] {dag.py:3036} INFO - Sync 1 DAGs
[2026-07-13T13:50:55.658+0000] {logging_mixin.py:188} INFO - [2026-07-13T13:50:55.657+0000] {dag.py:3823} INFO - Setting next_dagrun for example_bash_operator to 2026-07-12 00:00:00+00:00, run_after=2026-07-13 00:00:00+00:00
[2026-07-13T13:50:55.671+0000] {processor.py:183} INFO - Processing /home/airflow/.local/lib/python3.8/site-packages/airflow/example_dags/example_bash_operator.py took 0.060 seconds
[2026-07-13T13:51:28.019+0000] {processor.py:161} INFO - Started process (PID=337) to work on /home/airflow/.local/lib/python3.8/site-packages/airflow/example_dags/example_bash_operator.py
[2026-07-13T13:51:28.020+0000] {processor.py:830} INFO - Processing file /home/airflow/.local/lib/python3.8/site-packages/airflow/example_dags/example_bash_operator.py for tasks to queue
[2026-07-13T13:51:28.021+0000] {logging_mixin.py:188} INFO - [2026-07-13T13:51:28.021+0000] {dagbag.py:538} INFO - Filling up the DagBag from /home/airflow/.local/lib/python3.8/site-packages/airflow/example_dags/example_bash_operator.py
[2026-07-13T13:51:28.030+0000] {processor.py:840} INFO - DAG(s) 'example_bash_operator' retrieved from /home/airflow/.local/lib/python3.8/site-packages/airflow/example_dags/example_bash_operator.py
[2026-07-13T13:51:28.052+0000] {logging_mixin.py:188} INFO - [2026-07-13T13:51:28.052+0000] {dag.py:3036} INFO - Sync 1 DAGs
[2026-07-13T13:51:28.071+0000] {logging_mixin.py:188} INFO - [2026-07-13T13:51:28.071+0000] {dag.py:3823} INFO - Setting next_dagrun for example_bash_operator to 2026-07-12 00:00:00+00:00, run_after=2026-07-13 00:00:00+00:00
[2026-07-13T13:51:28.087+0000] {processor.py:183} INFO - Processing /home/airflow/.local/lib/python3.8/site-packages/airflow/example_dags/example_bash_operator.py took 0.071 seconds
[2026-07-13T13:52:00.129+0000] {processor.py:161} INFO - Started process (PID=397) to work on /home/airflow/.local/lib/python3.8/site-packages/airflow/example_dags/example_bash_operator.py
[2026-07-13T13:52:00.131+0000] {processor.py:830} INFO - Processing file /home/airflow/.local/lib/python3.8/site-packages/airflow/example_dags/example_bash_operator.py for tasks to queue
[2026-07-13T13:52:00.134+0000] {logging_mixin.py:188} INFO - [2026-07-13T13:52:00.133+0000] {dagbag.py:538} INFO - Filling up the DagBag from /home/airflow/.local/lib/python3.8/site-packages/airflow/example_dags/example_bash_operator.py
[2026-07-13T13:52:00.157+0000] {processor.py:840} INFO - DAG(s) 'example_bash_operator' retrieved from /home/airflow/.local/lib/python3.8/site-packages/airflow/example_dags/example_bash_operator.py
[2026-07-13T13:52:00.205+0000] {logging_mixin.py:188} INFO - [2026-07-13T13:52:00.205+0000] {dag.py:3036} INFO - Sync 1 DAGs
[2026-07-13T13:52:00.252+0000] {logging_mixin.py:188} INFO - [2026-07-13T13:52:00.251+0000] {dag.py:3823} INFO - Setting next_dagrun for example_bash_operator to 2026-07-12 00:00:00+00:00, run_after=2026-07-13 00:00:00+00:00
[2026-07-13T13:52:00.287+0000] {processor.py:183} INFO - Processing /home/airflow/.local/lib/python3.8/site-packages/airflow/example_dags/example_bash_operator.py took 0.161 seconds
[2026-07-13T13:52:32.522+0000] {processor.py:161} INFO - Started process (PID=457) to work on /home/airflow/.local/lib/python3.8/site-packages/airflow/example_dags/example_bash_operator.py
[2026-07-13T13:52:32.524+0000] {processor.py:830} INFO - Processing file /home/airflow/.local/lib/python3.8/site-packages/airflow/example_dags/example_bash_operator.py for tasks to queue
[2026-07-13T13:52:32.526+0000] {logging_mixin.py:188} INFO - [2026-07-13T13:52:32.526+0000] {dagbag.py:538} INFO - Filling up the DagBag from /home/airflow/.local/lib/python3.8/site-packages/airflow/example_dags/example_bash_operator.py
[2026-07-13T13:52:32.558+0000] {processor.py:840} INFO - DAG(s) 'example_bash_operator' retrieved from /home/airflow/.local/lib/python3.8/site-packages/airflow/example_dags/example_bash_operator.py
[2026-07-13T13:52:32.587+0000] {logging_mixin.py:188} INFO - [2026-07-13T13:52:32.587+0000] {dag.py:3036} INFO - Sync 1 DAGs
[2026-07-13T13:52:32.612+0000] {logging_mixin.py:188} INFO - [2026-07-13T13:52:32.611+0000] {dag.py:3823} INFO - Setting next_dagrun for example_bash_operator to 2026-07-12 00:00:00+00:00, run_after=2026-07-13 00:00:00+00:00
[2026-07-13T13:52:32.632+0000] {processor.py:183} INFO - Processing /home/airflow/.local/lib/python3.8/site-packages/airflow/example_dags/example_bash_operator.py took 0.114 seconds
[2026-07-13T13:53:05.048+0000] {processor.py:161} INFO - Started process (PID=517) to work on /home/airflow/.local/lib/python3.8/site-packages/airflow/example_dags/example_bash_operator.py
[2026-07-13T13:53:05.050+0000] {processor.py:830} INFO - Processing file /home/airflow/.local/lib/python3.8/site-packages/airflow/example_dags/example_bash_operator.py for tasks to queue
[2026-07-13T13:53:05.053+0000] {logging_mixin.py:188} INFO - [2026-07-13T13:53:05.052+0000] {dagbag.py:538} INFO - Filling up the DagBag from /home/airflow/.local/lib/python3.8/site-packages/airflow/example_dags/example_bash_operator.py
[2026-07-13T13:53:05.072+0000] {processor.py:840} INFO - DAG(s) 'example_bash_operator' retrieved from /home/airflow/.local/lib/python3.8/site-packages/airflow/example_dags/example_bash_operator.py
[2026-07-13T13:53:05.110+0000] {logging_mixin.py:188} INFO - [2026-07-13T13:53:05.110+0000] {dag.py:3036} INFO - Sync 1 DAGs
[2026-07-13T13:53:05.142+0000] {logging_mixin.py:188} INFO - [2026-07-13T13:53:05.142+0000] {dag.py:3823} INFO - Setting next_dagrun for example_bash_operator to 2026-07-12 00:00:00+00:00, run_after=2026-07-13 00:00:00+00:00
[2026-07-13T13:53:05.169+0000] {processor.py:183} INFO - Processing /home/airflow/.local/lib/python3.8/site-packages/airflow/example_dags/example_bash_operator.py took 0.126 seconds
[2026-07-13T13:53:37.300+0000] {processor.py:161} INFO - Started process (PID=573) to work on /home/airflow/.local/lib/python3.8/site-packages/airflow/example_dags/example_bash_operator.py
[2026-07-13T13:53:37.301+0000] {processor.py:830} INFO - Processing file /home/airflow/.local/lib/python3.8/site-packages/airflow/example_dags/example_bash_operator.py for tasks to queue
[2026-07-13T13:53:37.302+0000] {logging_mixin.py:188} INFO - [2026-07-13T13:53:37.302+0000] {dagbag.py:538} INFO - Filling up the DagBag from /home/airflow/.local/lib/python3.8/site-packages/airflow/example_dags/example_bash_operator.py
[2026-07-13T13:53:37.311+0000] {processor.py:840} INFO - DAG(s) 'example_bash_operator' retrieved from /home/airflow/.local/lib/python3.8/site-packages/airflow/example_dags/example_bash_operator.py
[2026-07-13T13:53:37.334+0000] {logging_mixin.py:188} INFO - [2026-07-13T13:53:37.334+0000] {dag.py:3036} INFO - Sync 1 DAGs
[2026-07-13T13:53:37.352+0000] {logging_mixin.py:188} INFO - [2026-07-13T13:53:37.352+0000] {dag.py:3823} INFO - Setting next_dagrun for example_bash_operator to 2026-07-12 00:00:00+00:00, run_after=2026-07-13 00:00:00+00:00
[2026-07-13T13:53:37.367+0000] {processor.py:183} INFO - Processing /home/airflow/.local/lib/python3.8/site-packages/airflow/example_dags/example_bash_operator.py took 0.071 seconds
[2026-07-13T13:54:09.873+0000] {processor.py:161} INFO - Started process (PID=629) to work on /home/airflow/.local/lib/python3.8/site-packages/airflow/example_dags/example_bash_operator.py
[2026-07-13T13:54:09.874+0000] {processor.py:830} INFO - Processing file /home/airflow/.local/lib/python3.8/site-packages/airflow/example_dags/example_bash_operator.py for tasks to queue
[2026-07-13T13:54:09.875+0000] {logging_mixin.py:188} INFO - [2026-07-13T13:54:09.875+0000] {dagbag.py:538} INFO - Filling up the DagBag from /home/airflow/.local/lib/python3.8/site-packages/airflow/example_dags/example_bash_operator.py
[2026-07-13T13:54:09.884+0000] {processor.py:840} INFO - DAG(s) 'example_bash_operator' retrieved from /home/airflow/.local/lib/python3.8/site-packages/airflow/example_dags/example_bash_operator.py
[2026-07-13T13:54:09.903+0000] {logging_mixin.py:188} INFO - [2026-07-13T13:54:09.903+0000] {dag.py:3036} INFO - Sync 1 DAGs
[2026-07-13T13:54:09.920+0000] {logging_mixin.py:188} INFO - [2026-07-13T13:54:09.920+0000] {dag.py:3823} INFO - Setting next_dagrun for example_bash_operator to 2026-07-12 00:00:00+00:00, run_after=2026-07-13 00:00:00+00:00
[2026-07-13T13:54:09.933+0000] {processor.py:183} INFO - Processing /home/airflow/.local/lib/python3.8/site-packages/airflow/example_dags/example_bash_operator.py took 0.063 seconds
[2026-07-13T13:54:42.431+0000] {processor.py:161} INFO - Started process (PID=685) to work on /home/airflow/.local/lib/python3.8/site-packages/airflow/example_dags/example_bash_operator.py
[2026-07-13T13:54:42.432+0000] {processor.py:830} INFO - Processing file /home/airflow/.local/lib/python3.8/site-packages/airflow/example_dags/example_bash_operator.py for tasks to queue
[2026-07-13T13:54:42.433+0000] {logging_mixin.py:188} INFO - [2026-07-13T13:54:42.433+0000] {dagbag.py:538} INFO - Filling up the DagBag from /home/airflow/.local/lib/python3.8/site-packages/airflow/example_dags/example_bash_operator.py
[2026-07-13T13:54:42.445+0000] {processor.py:840} INFO - DAG(s) 'example_bash_operator' retrieved from /home/airflow/.local/lib/python3.8/site-packages/airflow/example_dags/example_bash_operator.py
[2026-07-13T13:54:42.472+0000] {logging_mixin.py:188} INFO - [2026-07-13T13:54:42.472+0000] {dag.py:3036} INFO - Sync 1 DAGs
[2026-07-13T13:54:42.494+0000] {logging_mixin.py:188} INFO - [2026-07-13T13:54:42.494+0000] {dag.py:3823} INFO - Setting next_dagrun for example_bash_operator to 2026-07-12 00:00:00+00:00, run_after=2026-07-13 00:00:00+00:00
[2026-07-13T13:54:42.511+0000] {processor.py:183} INFO - Processing /home/airflow/.local/lib/python3.8/site-packages/airflow/example_dags/example_bash_operator.py took 0.083 seconds
[2026-07-13T13:55:14.444+0000] {processor.py:161} INFO - Started process (PID=741) to work on /home/airflow/.local/lib/python3.8/site-packages/airflow/example_dags/example_bash_operator.py
[2026-07-13T13:55:14.445+0000] {processor.py:830} INFO - Processing file /home/airflow/.local/lib/python3.8/site-packages/airflow/example_dags/example_bash_operator.py for tasks to queue
[2026-07-13T13:55:14.446+0000] {logging_mixin.py:188} INFO - [2026-07-13T13:55:14.446+0000] {dagbag.py:538} INFO - Filling up the DagBag from /home/airflow/.local/lib/python3.8/site-packages/airflow/example_dags/example_bash_operator.py
[2026-07-13T13:55:14.455+0000] {processor.py:840} INFO - DAG(s) 'example_bash_operator' retrieved from /home/airflow/.local/lib/python3.8/site-packages/airflow/example_dags/example_bash_operator.py
[2026-07-13T13:55:14.475+0000] {logging_mixin.py:188} INFO - [2026-07-13T13:55:14.475+0000] {dag.py:3036} INFO - Sync 1 DAGs
[2026-07-13T13:55:14.491+0000] {logging_mixin.py:188} INFO - [2026-07-13T13:55:14.491+0000] {dag.py:3823} INFO - Setting next_dagrun for example_bash_operator to 2026-07-12 00:00:00+00:00, run_after=2026-07-13 00:00:00+00:00
[2026-07-13T13:55:14.506+0000] {processor.py:183} INFO - Processing /home/airflow/.local/lib/python3.8/site-packages/airflow/example_dags/example_bash_operator.py took 0.065 seconds
[2026-07-13T13:55:47.296+0000] {processor.py:161} INFO - Started process (PID=797) to work on /home/airflow/.local/lib/python3.8/site-packages/airflow/example_dags/example_bash_operator.py
[2026-07-13T13:55:47.297+0000] {processor.py:830} INFO - Processing file /home/airflow/.local/lib/python3.8/site-packages/airflow/example_dags/example_bash_operator.py for tasks to queue
[2026-07-13T13:55:47.299+0000] {logging_mixin.py:188} INFO - [2026-07-13T13:55:47.298+0000] {dagbag.py:538} INFO - Filling up the DagBag from /home/airflow/.local/lib/python3.8/site-packages/airflow/example_dags/example_bash_operator.py
[2026-07-13T13:55:47.308+0000] {processor.py:840} INFO - DAG(s) 'example_bash_operator' retrieved from /home/airflow/.local/lib/python3.8/site-packages/airflow/example_dags/example_bash_operator.py
[2026-07-13T13:55:47.328+0000] {logging_mixin.py:188} INFO - [2026-07-13T13:55:47.328+0000] {dag.py:3036} INFO - Sync 1 DAGs
[2026-07-13T13:55:47.346+0000] {logging_mixin.py:188} INFO - [2026-07-13T13:55:47.346+0000] {dag.py:3823} INFO - Setting next_dagrun for example_bash_operator to 2026-07-12 00:00:00+00:00, run_after=2026-07-13 00:00:00+00:00
[2026-07-13T13:55:47.366+0000] {processor.py:183} INFO - Processing /home/airflow/.local/lib/python3.8/site-packages/airflow/example_dags/example_bash_operator.py took 0.073 seconds
[2026-07-13T13:56:18.984+0000] {processor.py:161} INFO - Started process (PID=853) to work on /home/airflow/.local/lib/python3.8/site-packages/airflow/example_dags/example_bash_operator.py
[2026-07-13T13:56:18.985+0000] {processor.py:830} INFO - Processing file /home/airflow/.local/lib/python3.8/site-packages/airflow/example_dags/example_bash_operator.py for tasks to queue
[2026-07-13T13:56:18.987+0000] {logging_mixin.py:188} INFO - [2026-07-13T13:56:18.987+0000] {dagbag.py:538} INFO - Filling up the DagBag from /home/airflow/.local/lib/python3.8/site-packages/airflow/example_dags/example_bash_operator.py
[2026-07-13T13:56:18.995+0000] {processor.py:840} INFO - DAG(s) 'example_bash_operator' retrieved from /home/airflow/.local/lib/python3.8/site-packages/airflow/example_dags/example_bash_operator.py
[2026-07-13T13:56:19.016+0000] {logging_mixin.py:188} INFO - [2026-07-13T13:56:19.015+0000] {dag.py:3036} INFO - Sync 1 DAGs
[2026-07-13T13:56:19.033+0000] {logging_mixin.py:188} INFO - [2026-07-13T13:56:19.033+0000] {dag.py:3823} INFO - Setting next_dagrun for example_bash_operator to 2026-07-12 00:00:00+00:00, run_after=2026-07-13 00:00:00+00:00
[2026-07-13T13:56:19.048+0000] {processor.py:183} INFO - Processing /home/airflow/.local/lib/python3.8/site-packages/airflow/example_dags/example_bash_operator.py took 0.066 seconds
[2026-07-13T14:04:11.603+0000] {processor.py:161} INFO - Started process (PID=57) to work on /home/airflow/.local/lib/python3.8/site-packages/airflow/example_dags/example_bash_operator.py
[2026-07-13T14:04:11.607+0000] {processor.py:830} INFO - Processing file /home/airflow/.local/lib/python3.8/site-packages/airflow/example_dags/example_bash_operator.py for tasks to queue
[2026-07-13T14:04:11.610+0000] {logging_mixin.py:188} INFO - [2026-07-13T14:04:11.610+0000] {dagbag.py:538} INFO - Filling up the DagBag from /home/airflow/.local/lib/python3.8/site-packages/airflow/example_dags/example_bash_operator.py
[2026-07-13T14:04:11.636+0000] {processor.py:840} INFO - DAG(s) 'example_bash_operator' retrieved from /home/airflow/.local/lib/python3.8/site-packages/airflow/example_dags/example_bash_operator.py
[2026-07-13T14:04:11.656+0000] {logging_mixin.py:188} INFO - [2026-07-13T14:04:11.656+0000] {dag.py:3036} INFO - Sync 1 DAGs
[2026-07-13T14:04:11.690+0000] {logging_mixin.py:188} INFO - [2026-07-13T14:04:11.690+0000] {dag.py:3823} INFO - Setting next_dagrun for example_bash_operator to 2026-07-12 00:00:00+00:00, run_after=2026-07-13 00:00:00+00:00
[2026-07-13T14:04:11.720+0000] {processor.py:183} INFO - Processing /home/airflow/.local/lib/python3.8/site-packages/airflow/example_dags/example_bash_operator.py took 0.122 seconds
[2026-07-13T14:04:41.873+0000] {processor.py:161} INFO - Started process (PID=113) to work on /home/airflow/.local/lib/python3.8/site-packages/airflow/example_dags/example_bash_operator.py
[2026-07-13T14:04:41.875+0000] {processor.py:830} INFO - Processing file /home/airflow/.local/lib/python3.8/site-packages/airflow/example_dags/example_bash_operator.py for tasks to queue
[2026-07-13T14:04:41.876+0000] {logging_mixin.py:188} INFO - [2026-07-13T14:04:41.876+0000] {dagbag.py:538} INFO - Filling up the DagBag from /home/airflow/.local/lib/python3.8/site-packages/airflow/example_dags/example_bash_operator.py
[2026-07-13T14:04:41.885+0000] {processor.py:840} INFO - DAG(s) 'example_bash_operator' retrieved from /home/airflow/.local/lib/python3.8/site-packages/airflow/example_dags/example_bash_operator.py
[2026-07-13T14:04:41.957+0000] {logging_mixin.py:188} INFO - [2026-07-13T14:04:41.957+0000] {dag.py:3036} INFO - Sync 1 DAGs
[2026-07-13T14:04:41.971+0000] {logging_mixin.py:188} INFO - [2026-07-13T14:04:41.970+0000] {dag.py:3823} INFO - Setting next_dagrun for example_bash_operator to 2026-07-12 00:00:00+00:00, run_after=2026-07-13 00:00:00+00:00
[2026-07-13T14:04:41.987+0000] {processor.py:183} INFO - Processing /home/airflow/.local/lib/python3.8/site-packages/airflow/example_dags/example_bash_operator.py took 0.116 seconds
[2026-07-13T14:05:12.465+0000] {processor.py:161} INFO - Started process (PID=169) to work on /home/airflow/.local/lib/python3.8/site-packages/airflow/example_dags/example_bash_operator.py
[2026-07-13T14:05:12.466+0000] {processor.py:830} INFO - Processing file /home/airflow/.local/lib/python3.8/site-packages/airflow/example_dags/example_bash_operator.py for tasks to queue
[2026-07-13T14:05:12.468+0000] {logging_mixin.py:188} INFO - [2026-07-13T14:05:12.467+0000] {dagbag.py:538} INFO - Filling up the DagBag from /home/airflow/.local/lib/python3.8/site-packages/airflow/example_dags/example_bash_operator.py
[2026-07-13T14:05:12.477+0000] {processor.py:840} INFO - DAG(s) 'example_bash_operator' retrieved from /home/airflow/.local/lib/python3.8/site-packages/airflow/example_dags/example_bash_operator.py
[2026-07-13T14:05:12.495+0000] {logging_mixin.py:188} INFO - [2026-07-13T14:05:12.495+0000] {dag.py:3036} INFO - Sync 1 DAGs
[2026-07-13T14:05:12.509+0000] {logging_mixin.py:188} INFO - [2026-07-13T14:05:12.509+0000] {dag.py:3823} INFO - Setting next_dagrun for example_bash_operator to 2026-07-12 00:00:00+00:00, run_after=2026-07-13 00:00:00+00:00
[2026-07-13T14:05:12.524+0000] {processor.py:183} INFO - Processing /home/airflow/.local/lib/python3.8/site-packages/airflow/example_dags/example_bash_operator.py took 0.061 seconds
[2026-07-13T14:05:43.103+0000] {processor.py:161} INFO - Started process (PID=225) to work on /home/airflow/.local/lib/python3.8/site-packages/airflow/example_dags/example_bash_operator.py
[2026-07-13T14:05:43.104+0000] {processor.py:830} INFO - Processing file /home/airflow/.local/lib/python3.8/site-packages/airflow/example_dags/example_bash_operator.py for tasks to queue
[2026-07-13T14:05:43.105+0000] {logging_mixin.py:188} INFO - [2026-07-13T14:05:43.105+0000] {dagbag.py:538} INFO - Filling up the DagBag from /home/airflow/.local/lib/python3.8/site-packages/airflow/example_dags/example_bash_operator.py
[2026-07-13T14:05:43.113+0000] {processor.py:840} INFO - DAG(s) 'example_bash_operator' retrieved from /home/airflow/.local/lib/python3.8/site-packages/airflow/example_dags/example_bash_operator.py
[2026-07-13T14:05:43.131+0000] {logging_mixin.py:188} INFO - [2026-07-13T14:05:43.131+0000] {dag.py:3036} INFO - Sync 1 DAGs
[2026-07-13T14:05:43.145+0000] {logging_mixin.py:188} INFO - [2026-07-13T14:05:43.145+0000] {dag.py:3823} INFO - Setting next_dagrun for example_bash_operator to 2026-07-12 00:00:00+00:00, run_after=2026-07-13 00:00:00+00:00
[2026-07-13T14:05:43.163+0000] {processor.py:183} INFO - Processing /home/airflow/.local/lib/python3.8/site-packages/airflow/example_dags/example_bash_operator.py took 0.062 seconds
[2026-07-13T14:06:13.763+0000] {processor.py:161} INFO - Started process (PID=281) to work on /home/airflow/.local/lib/python3.8/site-packages/airflow/example_dags/example_bash_operator.py
[2026-07-13T14:06:13.765+0000] {processor.py:830} INFO - Processing file /home/airflow/.local/lib/python3.8/site-packages/airflow/example_dags/example_bash_operator.py for tasks to queue
[2026-07-13T14:06:13.769+0000] {logging_mixin.py:188} INFO - [2026-07-13T14:06:13.768+0000] {dagbag.py:538} INFO - Filling up the DagBag from /home/airflow/.local/lib/python3.8/site-packages/airflow/example_dags/example_bash_operator.py
[2026-07-13T14:06:13.787+0000] {processor.py:840} INFO - DAG(s) 'example_bash_operator' retrieved from /home/airflow/.local/lib/python3.8/site-packages/airflow/example_dags/example_bash_operator.py
[2026-07-13T14:06:13.825+0000] {logging_mixin.py:188} INFO - [2026-07-13T14:06:13.825+0000] {dag.py:3036} INFO - Sync 1 DAGs
[2026-07-13T14:06:13.846+0000] {logging_mixin.py:188} INFO - [2026-07-13T14:06:13.846+0000] {dag.py:3823} INFO - Setting next_dagrun for example_bash_operator to 2026-07-12 00:00:00+00:00, run_after=2026-07-13 00:00:00+00:00
[2026-07-13T14:06:13.869+0000] {processor.py:183} INFO - Processing /home/airflow/.local/lib/python3.8/site-packages/airflow/example_dags/example_bash_operator.py took 0.111 seconds
[2026-07-13T14:06:43.983+0000] {processor.py:161} INFO - Started process (PID=337) to work on /home/airflow/.local/lib/python3.8/site-packages/airflow/example_dags/example_bash_operator.py
[2026-07-13T14:06:43.984+0000] {processor.py:830} INFO - Processing file /home/airflow/.local/lib/python3.8/site-packages/airflow/example_dags/example_bash_operator.py for tasks to queue
[2026-07-13T14:06:43.985+0000] {logging_mixin.py:188} INFO - [2026-07-13T14:06:43.985+0000] {dagbag.py:538} INFO - Filling up the DagBag from /home/airflow/.local/lib/python3.8/site-packages/airflow/example_dags/example_bash_operator.py
[2026-07-13T14:06:43.994+0000] {processor.py:840} INFO - DAG(s) 'example_bash_operator' retrieved from /home/airflow/.local/lib/python3.8/site-packages/airflow/example_dags/example_bash_operator.py
[2026-07-13T14:06:44.012+0000] {logging_mixin.py:188} INFO - [2026-07-13T14:06:44.012+0000] {dag.py:3036} INFO - Sync 1 DAGs
[2026-07-13T14:06:44.027+0000] {logging_mixin.py:188} INFO - [2026-07-13T14:06:44.027+0000] {dag.py:3823} INFO - Setting next_dagrun for example_bash_operator to 2026-07-12 00:00:00+00:00, run_after=2026-07-13 00:00:00+00:00
[2026-07-13T14:06:44.041+0000] {processor.py:183} INFO - Processing /home/airflow/.local/lib/python3.8/site-packages/airflow/example_dags/example_bash_operator.py took 0.061 seconds
[2026-07-13T14:07:14.072+0000] {processor.py:161} INFO - Started process (PID=393) to work on /home/airflow/.local/lib/python3.8/site-packages/airflow/example_dags/example_bash_operator.py
[2026-07-13T14:07:14.075+0000] {processor.py:830} INFO - Processing file /home/airflow/.local/lib/python3.8/site-packages/airflow/example_dags/example_bash_operator.py for tasks to queue
[2026-07-13T14:07:14.076+0000] {logging_mixin.py:188} INFO - [2026-07-13T14:07:14.076+0000] {dagbag.py:538} INFO - Filling up the DagBag from /home/airflow/.local/lib/python3.8/site-packages/airflow/example_dags/example_bash_operator.py
[2026-07-13T14:07:14.085+0000] {processor.py:840} INFO - DAG(s) 'example_bash_operator' retrieved from /home/airflow/.local/lib/python3.8/site-packages/airflow/example_dags/example_bash_operator.py
[2026-07-13T14:07:14.104+0000] {logging_mixin.py:188} INFO - [2026-07-13T14:07:14.104+0000] {dag.py:3036} INFO - Sync 1 DAGs
[2026-07-13T14:07:14.118+0000] {logging_mixin.py:188} INFO - [2026-07-13T14:07:14.118+0000] {dag.py:3823} INFO - Setting next_dagrun for example_bash_operator to 2026-07-12 00:00:00+00:00, run_after=2026-07-13 00:00:00+00:00
[2026-07-13T14:07:14.133+0000] {processor.py:183} INFO - Processing /home/airflow/.local/lib/python3.8/site-packages/airflow/example_dags/example_bash_operator.py took 0.063 seconds
[2026-07-13T14:07:44.286+0000] {processor.py:161} INFO - Started process (PID=449) to work on /home/airflow/.local/lib/python3.8/site-packages/airflow/example_dags/example_bash_operator.py
[2026-07-13T14:07:44.287+0000] {processor.py:830} INFO - Processing file /home/airflow/.local/lib/python3.8/site-packages/airflow/example_dags/example_bash_operator.py for tasks to queue
[2026-07-13T14:07:44.288+0000] {logging_mixin.py:188} INFO - [2026-07-13T14:07:44.288+0000] {dagbag.py:538} INFO - Filling up the DagBag from /home/airflow/.local/lib/python3.8/site-packages/airflow/example_dags/example_bash_operator.py
[2026-07-13T14:07:44.296+0000] {processor.py:840} INFO - DAG(s) 'example_bash_operator' retrieved from /home/airflow/.local/lib/python3.8/site-packages/airflow/example_dags/example_bash_operator.py
[2026-07-13T14:07:44.316+0000] {logging_mixin.py:188} INFO - [2026-07-13T14:07:44.316+0000] {dag.py:3036} INFO - Sync 1 DAGs
[2026-07-13T14:07:44.335+0000] {logging_mixin.py:188} INFO - [2026-07-13T14:07:44.335+0000] {dag.py:3823} INFO - Setting next_dagrun for example_bash_operator to 2026-07-12 00:00:00+00:00, run_after=2026-07-13 00:00:00+00:00
[2026-07-13T14:07:44.353+0000] {processor.py:183} INFO - Processing /home/airflow/.local/lib/python3.8/site-packages/airflow/example_dags/example_bash_operator.py took 0.071 seconds
[2026-07-13T14:08:14.528+0000] {processor.py:161} INFO - Started process (PID=505) to work on /home/airflow/.local/lib/python3.8/site-packages/airflow/example_dags/example_bash_operator.py
[2026-07-13T14:08:14.532+0000] {processor.py:830} INFO - Processing file /home/airflow/.local/lib/python3.8/site-packages/airflow/example_dags/example_bash_operator.py for tasks to queue
[2026-07-13T14:08:14.536+0000] {logging_mixin.py:188} INFO - [2026-07-13T14:08:14.536+0000] {dagbag.py:538} INFO - Filling up the DagBag from /home/airflow/.local/lib/python3.8/site-packages/airflow/example_dags/example_bash_operator.py
[2026-07-13T14:08:14.547+0000] {processor.py:840} INFO - DAG(s) 'example_bash_operator' retrieved from /home/airflow/.local/lib/python3.8/site-packages/airflow/example_dags/example_bash_operator.py
[2026-07-13T14:08:14.587+0000] {logging_mixin.py:188} INFO - [2026-07-13T14:08:14.587+0000] {dag.py:3036} INFO - Sync 1 DAGs
[2026-07-13T14:08:14.603+0000] {logging_mixin.py:188} INFO - [2026-07-13T14:08:14.603+0000] {dag.py:3823} INFO - Setting next_dagrun for example_bash_operator to 2026-07-12 00:00:00+00:00, run_after=2026-07-13 00:00:00+00:00
[2026-07-13T14:08:14.621+0000] {processor.py:183} INFO - Processing /home/airflow/.local/lib/python3.8/site-packages/airflow/example_dags/example_bash_operator.py took 0.098 seconds
[2026-07-13T14:08:47.269+0000] {processor.py:161} INFO - Started process (PID=561) to work on /home/airflow/.local/lib/python3.8/site-packages/airflow/example_dags/example_bash_operator.py
[2026-07-13T14:08:47.271+0000] {processor.py:830} INFO - Processing file /home/airflow/.local/lib/python3.8/site-packages/airflow/example_dags/example_bash_operator.py for tasks to queue
[2026-07-13T14:08:47.273+0000] {logging_mixin.py:188} INFO - [2026-07-13T14:08:47.273+0000] {dagbag.py:538} INFO - Filling up the DagBag from /home/airflow/.local/lib/python3.8/site-packages/airflow/example_dags/example_bash_operator.py
[2026-07-13T14:08:47.283+0000] {processor.py:840} INFO - DAG(s) 'example_bash_operator' retrieved from /home/airflow/.local/lib/python3.8/site-packages/airflow/example_dags/example_bash_operator.py
[2026-07-13T14:08:47.325+0000] {logging_mixin.py:188} INFO - [2026-07-13T14:08:47.325+0000] {dag.py:3036} INFO - Sync 1 DAGs
[2026-07-13T14:08:47.344+0000] {logging_mixin.py:188} INFO - [2026-07-13T14:08:47.343+0000] {dag.py:3823} INFO - Setting next_dagrun for example_bash_operator to 2026-07-12 00:00:00+00:00, run_after=2026-07-13 00:00:00+00:00
[2026-07-13T14:08:47.360+0000] {processor.py:183} INFO - Processing /home/airflow/.local/lib/python3.8/site-packages/airflow/example_dags/example_bash_operator.py took 0.093 seconds
[2026-07-13T14:09:19.130+0000] {processor.py:161} INFO - Started process (PID=617) to work on /home/airflow/.local/lib/python3.8/site-packages/airflow/example_dags/example_bash_operator.py
[2026-07-13T14:09:19.131+0000] {processor.py:830} INFO - Processing file /home/airflow/.local/lib/python3.8/site-packages/airflow/example_dags/example_bash_operator.py for tasks to queue
[2026-07-13T14:09:19.133+0000] {logging_mixin.py:188} INFO - [2026-07-13T14:09:19.133+0000] {dagbag.py:538} INFO - Filling up the DagBag from /home/airflow/.local/lib/python3.8/site-packages/airflow/example_dags/example_bash_operator.py
[2026-07-13T14:09:19.141+0000] {processor.py:840} INFO - DAG(s) 'example_bash_operator' retrieved from /home/airflow/.local/lib/python3.8/site-packages/airflow/example_dags/example_bash_operator.py
[2026-07-13T14:09:19.162+0000] {logging_mixin.py:188} INFO - [2026-07-13T14:09:19.162+0000] {dag.py:3036} INFO - Sync 1 DAGs
[2026-07-13T14:09:19.178+0000] {logging_mixin.py:188} INFO - [2026-07-13T14:09:19.178+0000] {dag.py:3823} INFO - Setting next_dagrun for example_bash_operator to 2026-07-12 00:00:00+00:00, run_after=2026-07-13 00:00:00+00:00
[2026-07-13T14:09:19.195+0000] {processor.py:183} INFO - Processing /home/airflow/.local/lib/python3.8/site-packages/airflow/example_dags/example_bash_operator.py took 0.067 seconds
[2026-07-13T14:09:51.827+0000] {processor.py:161} INFO - Started process (PID=674) to work on /home/airflow/.local/lib/python3.8/site-packages/airflow/example_dags/example_bash_operator.py
[2026-07-13T14:09:51.828+0000] {processor.py:830} INFO - Processing file /home/airflow/.local/lib/python3.8/site-packages/airflow/example_dags/example_bash_operator.py for tasks to queue
[2026-07-13T14:09:51.829+0000] {logging_mixin.py:188} INFO - [2026-07-13T14:09:51.829+0000] {dagbag.py:538} INFO - Filling up the DagBag from /home/airflow/.local/lib/python3.8/site-packages/airflow/example_dags/example_bash_operator.py
[2026-07-13T14:09:51.839+0000] {processor.py:840} INFO - DAG(s) 'example_bash_operator' retrieved from /home/airflow/.local/lib/python3.8/site-packages/airflow/example_dags/example_bash_operator.py
[2026-07-13T14:09:51.862+0000] {logging_mixin.py:188} INFO - [2026-07-13T14:09:51.862+0000] {dag.py:3036} INFO - Sync 1 DAGs
[2026-07-13T14:09:51.880+0000] {logging_mixin.py:188} INFO - [2026-07-13T14:09:51.880+0000] {dag.py:3823} INFO - Setting next_dagrun for example_bash_operator to 2026-07-12 00:00:00+00:00, run_after=2026-07-13 00:00:00+00:00
[2026-07-13T14:09:51.902+0000] {processor.py:183} INFO - Processing /home/airflow/.local/lib/python3.8/site-packages/airflow/example_dags/example_bash_operator.py took 0.078 seconds
[2026-07-13T14:10:24.360+0000] {processor.py:161} INFO - Started process (PID=730) to work on /home/airflow/.local/lib/python3.8/site-packages/airflow/example_dags/example_bash_operator.py
[2026-07-13T14:10:24.362+0000] {processor.py:830} INFO - Processing file /home/airflow/.local/lib/python3.8/site-packages/airflow/example_dags/example_bash_operator.py for tasks to queue
[2026-07-13T14:10:24.364+0000] {logging_mixin.py:188} INFO - [2026-07-13T14:10:24.364+0000] {dagbag.py:538} INFO - Filling up the DagBag from /home/airflow/.local/lib/python3.8/site-packages/airflow/example_dags/example_bash_operator.py
[2026-07-13T14:10:24.373+0000] {processor.py:840} INFO - DAG(s) 'example_bash_operator' retrieved from /home/airflow/.local/lib/python3.8/site-packages/airflow/example_dags/example_bash_operator.py
[2026-07-13T14:10:24.394+0000] {logging_mixin.py:188} INFO - [2026-07-13T14:10:24.394+0000] {dag.py:3036} INFO - Sync 1 DAGs
[2026-07-13T14:10:24.409+0000] {logging_mixin.py:188} INFO - [2026-07-13T14:10:24.409+0000] {dag.py:3823} INFO - Setting next_dagrun for example_bash_operator to 2026-07-12 00:00:00+00:00, run_after=2026-07-13 00:00:00+00:00
[2026-07-13T14:10:24.423+0000] {processor.py:183} INFO - Processing /home/airflow/.local/lib/python3.8/site-packages/airflow/example_dags/example_bash_operator.py took 0.065 seconds
[2026-07-13T14:10:55.323+0000] {processor.py:161} INFO - Started process (PID=786) to work on /home/airflow/.local/lib/python3.8/site-packages/airflow/example_dags/example_bash_operator.py
[2026-07-13T14:10:55.324+0000] {processor.py:830} INFO - Processing file /home/airflow/.local/lib/python3.8/site-packages/airflow/example_dags/example_bash_operator.py for tasks to queue
[2026-07-13T14:10:55.326+0000] {logging_mixin.py:188} INFO - [2026-07-13T14:10:55.325+0000] {dagbag.py:538} INFO - Filling up the DagBag from /home/airflow/.local/lib/python3.8/site-packages/airflow/example_dags/example_bash_operator.py
[2026-07-13T14:10:55.334+0000] {processor.py:840} INFO - DAG(s) 'example_bash_operator' retrieved from /home/airflow/.local/lib/python3.8/site-packages/airflow/example_dags/example_bash_operator.py
[2026-07-13T14:10:55.352+0000] {logging_mixin.py:188} INFO - [2026-07-13T14:10:55.352+0000] {dag.py:3036} INFO - Sync 1 DAGs
[2026-07-13T14:10:55.367+0000] {logging_mixin.py:188} INFO - [2026-07-13T14:10:55.367+0000] {dag.py:3823} INFO - Setting next_dagrun for example_bash_operator to 2026-07-12 00:00:00+00:00, run_after=2026-07-13 00:00:00+00:00
[2026-07-13T14:10:55.381+0000] {processor.py:183} INFO - Processing /home/airflow/.local/lib/python3.8/site-packages/airflow/example_dags/example_bash_operator.py took 0.060 seconds
[2026-07-13T14:11:25.615+0000] {processor.py:161} INFO - Started process (PID=842) to work on /home/airflow/.local/lib/python3.8/site-packages/airflow/example_dags/example_bash_operator.py
[2026-07-13T14:11:25.616+0000] {processor.py:830} INFO - Processing file /home/airflow/.local/lib/python3.8/site-packages/airflow/example_dags/example_bash_operator.py for tasks to queue
[2026-07-13T14:11:25.617+0000] {logging_mixin.py:188} INFO - [2026-07-13T14:11:25.617+0000] {dagbag.py:538} INFO - Filling up the DagBag from /home/airflow/.local/lib/python3.8/site-packages/airflow/example_dags/example_bash_operator.py
[2026-07-13T14:11:25.626+0000] {processor.py:840} INFO - DAG(s) 'example_bash_operator' retrieved from /home/airflow/.local/lib/python3.8/site-packages/airflow/example_dags/example_bash_operator.py
[2026-07-13T14:11:25.645+0000] {logging_mixin.py:188} INFO - [2026-07-13T14:11:25.645+0000] {dag.py:3036} INFO - Sync 1 DAGs
[2026-07-13T14:11:25.662+0000] {logging_mixin.py:188} INFO - [2026-07-13T14:11:25.662+0000] {dag.py:3823} INFO - Setting next_dagrun for example_bash_operator to 2026-07-12 00:00:00+00:00, run_after=2026-07-13 00:00:00+00:00
[2026-07-13T14:11:25.677+0000] {processor.py:183} INFO - Processing /home/airflow/.local/lib/python3.8/site-packages/airflow/example_dags/example_bash_operator.py took 0.065 seconds
[2026-07-13T14:11:55.864+0000] {processor.py:161} INFO - Started process (PID=898) to work on /home/airflow/.local/lib/python3.8/site-packages/airflow/example_dags/example_bash_operator.py
[2026-07-13T14:11:55.864+0000] {processor.py:830} INFO - Processing file /home/airflow/.local/lib/python3.8/site-packages/airflow/example_dags/example_bash_operator.py for tasks to queue
[2026-07-13T14:11:55.866+0000] {logging_mixin.py:188} INFO - [2026-07-13T14:11:55.866+0000] {dagbag.py:538} INFO - Filling up the DagBag from /home/airflow/.local/lib/python3.8/site-packages/airflow/example_dags/example_bash_operator.py
[2026-07-13T14:11:55.874+0000] {processor.py:840} INFO - DAG(s) 'example_bash_operator' retrieved from /home/airflow/.local/lib/python3.8/site-packages/airflow/example_dags/example_bash_operator.py
[2026-07-13T14:11:55.893+0000] {logging_mixin.py:188} INFO - [2026-07-13T14:11:55.893+0000] {dag.py:3036} INFO - Sync 1 DAGs
[2026-07-13T14:11:55.908+0000] {logging_mixin.py:188} INFO - [2026-07-13T14:11:55.908+0000] {dag.py:3823} INFO - Setting next_dagrun for example_bash_operator to 2026-07-12 00:00:00+00:00, run_after=2026-07-13 00:00:00+00:00
[2026-07-13T14:11:55.925+0000] {processor.py:183} INFO - Processing /home/airflow/.local/lib/python3.8/site-packages/airflow/example_dags/example_bash_operator.py took 0.064 seconds
[2026-07-13T14:12:26.404+0000] {processor.py:161} INFO - Started process (PID=954) to work on /home/airflow/.local/lib/python3.8/site-packages/airflow/example_dags/example_bash_operator.py
[2026-07-13T14:12:26.405+0000] {processor.py:830} INFO - Processing file /home/airflow/.local/lib/python3.8/site-packages/airflow/example_dags/example_bash_operator.py for tasks to queue
[2026-07-13T14:12:26.407+0000] {logging_mixin.py:188} INFO - [2026-07-13T14:12:26.406+0000] {dagbag.py:538} INFO - Filling up the DagBag from /home/airflow/.local/lib/python3.8/site-packages/airflow/example_dags/example_bash_operator.py
[2026-07-13T14:12:26.416+0000] {processor.py:840} INFO - DAG(s) 'example_bash_operator' retrieved from /home/airflow/.local/lib/python3.8/site-packages/airflow/example_dags/example_bash_operator.py
[2026-07-13T14:12:26.435+0000] {logging_mixin.py:188} INFO - [2026-07-13T14:12:26.435+0000] {dag.py:3036} INFO - Sync 1 DAGs
[2026-07-13T14:12:26.450+0000] {logging_mixin.py:188} INFO - [2026-07-13T14:12:26.450+0000] {dag.py:3823} INFO - Setting next_dagrun for example_bash_operator to 2026-07-12 00:00:00+00:00, run_after=2026-07-13 00:00:00+00:00
[2026-07-13T14:12:26.466+0000] {processor.py:183} INFO - Processing /home/airflow/.local/lib/python3.8/site-packages/airflow/example_dags/example_bash_operator.py took 0.065 seconds
[2026-07-13T14:12:56.973+0000] {processor.py:161} INFO - Started process (PID=1010) to work on /home/airflow/.local/lib/python3.8/site-packages/airflow/example_dags/example_bash_operator.py
[2026-07-13T14:12:56.974+0000] {processor.py:830} INFO - Processing file /home/airflow/.local/lib/python3.8/site-packages/airflow/example_dags/example_bash_operator.py for tasks to queue
[2026-07-13T14:12:56.975+0000] {logging_mixin.py:188} INFO - [2026-07-13T14:12:56.975+0000] {dagbag.py:538} INFO - Filling up the DagBag from /home/airflow/.local/lib/python3.8/site-packages/airflow/example_dags/example_bash_operator.py
[2026-07-13T14:12:56.984+0000] {processor.py:840} INFO - DAG(s) 'example_bash_operator' retrieved from /home/airflow/.local/lib/python3.8/site-packages/airflow/example_dags/example_bash_operator.py
[2026-07-13T14:12:57.003+0000] {logging_mixin.py:188} INFO - [2026-07-13T14:12:57.003+0000] {dag.py:3036} INFO - Sync 1 DAGs
[2026-07-13T14:12:57.017+0000] {logging_mixin.py:188} INFO - [2026-07-13T14:12:57.017+0000] {dag.py:3823} INFO - Setting next_dagrun for example_bash_operator to 2026-07-12 00:00:00+00:00, run_after=2026-07-13 00:00:00+00:00
[2026-07-13T14:12:57.031+0000] {processor.py:183} INFO - Processing /home/airflow/.local/lib/python3.8/site-packages/airflow/example_dags/example_bash_operator.py took 0.060 seconds
[2026-07-13T14:13:27.461+0000] {processor.py:161} INFO - Started process (PID=1060) to work on /home/airflow/.local/lib/python3.8/site-packages/airflow/example_dags/example_bash_operator.py
[2026-07-13T14:13:27.462+0000] {processor.py:830} INFO - Processing file /home/airflow/.local/lib/python3.8/site-packages/airflow/example_dags/example_bash_operator.py for tasks to queue
[2026-07-13T14:13:27.463+0000] {logging_mixin.py:188} INFO - [2026-07-13T14:13:27.463+0000] {dagbag.py:538} INFO - Filling up the DagBag from /home/airflow/.local/lib/python3.8/site-packages/airflow/example_dags/example_bash_operator.py
[2026-07-13T14:13:27.471+0000] {processor.py:840} INFO - DAG(s) 'example_bash_operator' retrieved from /home/airflow/.local/lib/python3.8/site-packages/airflow/example_dags/example_bash_operator.py
[2026-07-13T14:13:27.490+0000] {logging_mixin.py:188} INFO - [2026-07-13T14:13:27.490+0000] {dag.py:3036} INFO - Sync 1 DAGs
[2026-07-13T14:13:27.512+0000] {logging_mixin.py:188} INFO - [2026-07-13T14:13:27.512+0000] {dag.py:3823} INFO - Setting next_dagrun for example_bash_operator to 2026-07-12 00:00:00+00:00, run_after=2026-07-13 00:00:00+00:00
[2026-07-13T14:13:27.534+0000] {processor.py:183} INFO - Processing /home/airflow/.local/lib/python3.8/site-packages/airflow/example_dags/example_bash_operator.py took 0.076 seconds
[2026-07-13T14:13:57.635+0000] {processor.py:161} INFO - Started process (PID=1116) to work on /home/airflow/.local/lib/python3.8/site-packages/airflow/example_dags/example_bash_operator.py
[2026-07-13T14:13:57.636+0000] {processor.py:830} INFO - Processing file /home/airflow/.local/lib/python3.8/site-packages/airflow/example_dags/example_bash_operator.py for tasks to queue
[2026-07-13T14:13:57.638+0000] {logging_mixin.py:188} INFO - [2026-07-13T14:13:57.638+0000] {dagbag.py:538} INFO - Filling up the DagBag from /home/airflow/.local/lib/python3.8/site-packages/airflow/example_dags/example_bash_operator.py
[2026-07-13T14:13:57.647+0000] {processor.py:840} INFO - DAG(s) 'example_bash_operator' retrieved from /home/airflow/.local/lib/python3.8/site-packages/airflow/example_dags/example_bash_operator.py
[2026-07-13T14:13:57.669+0000] {logging_mixin.py:188} INFO - [2026-07-13T14:13:57.669+0000] {dag.py:3036} INFO - Sync 1 DAGs
[2026-07-13T14:13:57.684+0000] {logging_mixin.py:188} INFO - [2026-07-13T14:13:57.684+0000] {dag.py:3823} INFO - Setting next_dagrun for example_bash_operator to 2026-07-12 00:00:00+00:00, run_after=2026-07-13 00:00:00+00:00
[2026-07-13T14:13:57.700+0000] {processor.py:183} INFO - Processing /home/airflow/.local/lib/python3.8/site-packages/airflow/example_dags/example_bash_operator.py took 0.068 seconds
[2026-07-13T14:14:27.909+0000] {processor.py:161} INFO - Started process (PID=1173) to work on /home/airflow/.local/lib/python3.8/site-packages/airflow/example_dags/example_bash_operator.py
[2026-07-13T14:14:27.911+0000] {processor.py:830} INFO - Processing file /home/airflow/.local/lib/python3.8/site-packages/airflow/example_dags/example_bash_operator.py for tasks to queue
[2026-07-13T14:14:27.912+0000] {logging_mixin.py:188} INFO - [2026-07-13T14:14:27.912+0000] {dagbag.py:538} INFO - Filling up the DagBag from /home/airflow/.local/lib/python3.8/site-packages/airflow/example_dags/example_bash_operator.py
[2026-07-13T14:14:27.920+0000] {processor.py:840} INFO - DAG(s) 'example_bash_operator' retrieved from /home/airflow/.local/lib/python3.8/site-packages/airflow/example_dags/example_bash_operator.py
[2026-07-13T14:14:27.938+0000] {logging_mixin.py:188} INFO - [2026-07-13T14:14:27.938+0000] {dag.py:3036} INFO - Sync 1 DAGs
[2026-07-13T14:14:27.952+0000] {logging_mixin.py:188} INFO - [2026-07-13T14:14:27.952+0000] {dag.py:3823} INFO - Setting next_dagrun for example_bash_operator to 2026-07-12 00:00:00+00:00, run_after=2026-07-13 00:00:00+00:00
[2026-07-13T14:14:27.967+0000] {processor.py:183} INFO - Processing /home/airflow/.local/lib/python3.8/site-packages/airflow/example_dags/example_bash_operator.py took 0.060 seconds
[2026-07-13T14:14:58.516+0000] {processor.py:161} INFO - Started process (PID=1229) to work on /home/airflow/.local/lib/python3.8/site-packages/airflow/example_dags/example_bash_operator.py
[2026-07-13T14:14:58.517+0000] {processor.py:830} INFO - Processing file /home/airflow/.local/lib/python3.8/site-packages/airflow/example_dags/example_bash_operator.py for tasks to queue
[2026-07-13T14:14:58.518+0000] {logging_mixin.py:188} INFO - [2026-07-13T14:14:58.518+0000] {dagbag.py:538} INFO - Filling up the DagBag from /home/airflow/.local/lib/python3.8/site-packages/airflow/example_dags/example_bash_operator.py
[2026-07-13T14:14:58.526+0000] {processor.py:840} INFO - DAG(s) 'example_bash_operator' retrieved from /home/airflow/.local/lib/python3.8/site-packages/airflow/example_dags/example_bash_operator.py
[2026-07-13T14:14:58.544+0000] {logging_mixin.py:188} INFO - [2026-07-13T14:14:58.544+0000] {dag.py:3036} INFO - Sync 1 DAGs
[2026-07-13T14:14:58.558+0000] {logging_mixin.py:188} INFO - [2026-07-13T14:14:58.558+0000] {dag.py:3823} INFO - Setting next_dagrun for example_bash_operator to 2026-07-12 00:00:00+00:00, run_after=2026-07-13 00:00:00+00:00
[2026-07-13T14:14:58.571+0000] {processor.py:183} INFO - Processing /home/airflow/.local/lib/python3.8/site-packages/airflow/example_dags/example_bash_operator.py took 0.058 seconds
[2026-07-13T14:15:29.090+0000] {processor.py:161} INFO - Started process (PID=1285) to work on /home/airflow/.local/lib/python3.8/site-packages/airflow/example_dags/example_bash_operator.py
[2026-07-13T14:15:29.091+0000] {processor.py:830} INFO - Processing file /home/airflow/.local/lib/python3.8/site-packages/airflow/example_dags/example_bash_operator.py for tasks to queue
[2026-07-13T14:15:29.093+0000] {logging_mixin.py:188} INFO - [2026-07-13T14:15:29.092+0000] {dagbag.py:538} INFO - Filling up the DagBag from /home/airflow/.local/lib/python3.8/site-packages/airflow/example_dags/example_bash_operator.py
[2026-07-13T14:15:29.102+0000] {processor.py:840} INFO - DAG(s) 'example_bash_operator' retrieved from /home/airflow/.local/lib/python3.8/site-packages/airflow/example_dags/example_bash_operator.py
[2026-07-13T14:15:29.121+0000] {logging_mixin.py:188} INFO - [2026-07-13T14:15:29.120+0000] {dag.py:3036} INFO - Sync 1 DAGs
[2026-07-13T14:15:29.137+0000] {logging_mixin.py:188} INFO - [2026-07-13T14:15:29.137+0000] {dag.py:3823} INFO - Setting next_dagrun for example_bash_operator to 2026-07-12 00:00:00+00:00, run_after=2026-07-13 00:00:00+00:00
[2026-07-13T14:15:29.151+0000] {processor.py:183} INFO - Processing /home/airflow/.local/lib/python3.8/site-packages/airflow/example_dags/example_bash_operator.py took 0.063 seconds
[2026-07-13T14:15:59.372+0000] {processor.py:161} INFO - Started process (PID=1341) to work on /home/airflow/.local/lib/python3.8/site-packages/airflow/example_dags/example_bash_operator.py
[2026-07-13T14:15:59.373+0000] {processor.py:830} INFO - Processing file /home/airflow/.local/lib/python3.8/site-packages/airflow/example_dags/example_bash_operator.py for tasks to queue
[2026-07-13T14:15:59.374+0000] {logging_mixin.py:188} INFO - [2026-07-13T14:15:59.374+0000] {dagbag.py:538} INFO - Filling up the DagBag from /home/airflow/.local/lib/python3.8/site-packages/airflow/example_dags/example_bash_operator.py
[2026-07-13T14:15:59.384+0000] {processor.py:840} INFO - DAG(s) 'example_bash_operator' retrieved from /home/airflow/.local/lib/python3.8/site-packages/airflow/example_dags/example_bash_operator.py
[2026-07-13T14:15:59.405+0000] {logging_mixin.py:188} INFO - [2026-07-13T14:15:59.405+0000] {dag.py:3036} INFO - Sync 1 DAGs
[2026-07-13T14:15:59.420+0000] {logging_mixin.py:188} INFO - [2026-07-13T14:15:59.420+0000] {dag.py:3823} INFO - Setting next_dagrun for example_bash_operator to 2026-07-12 00:00:00+00:00, run_after=2026-07-13 00:00:00+00:00
[2026-07-13T14:15:59.438+0000] {processor.py:183} INFO - Processing /home/airflow/.local/lib/python3.8/site-packages/airflow/example_dags/example_bash_operator.py took 0.069 seconds
[2026-07-13T14:16:30.089+0000] {processor.py:161} INFO - Started process (PID=1397) to work on /home/airflow/.local/lib/python3.8/site-packages/airflow/example_dags/example_bash_operator.py
[2026-07-13T14:16:30.090+0000] {processor.py:830} INFO - Processing file /home/airflow/.local/lib/python3.8/site-packages/airflow/example_dags/example_bash_operator.py for tasks to queue
[2026-07-13T14:16:30.091+0000] {logging_mixin.py:188} INFO - [2026-07-13T14:16:30.091+0000] {dagbag.py:538} INFO - Filling up the DagBag from /home/airflow/.local/lib/python3.8/site-packages/airflow/example_dags/example_bash_operator.py
[2026-07-13T14:16:30.099+0000] {processor.py:840} INFO - DAG(s) 'example_bash_operator' retrieved from /home/airflow/.local/lib/python3.8/site-packages/airflow/example_dags/example_bash_operator.py
[2026-07-13T14:16:30.117+0000] {logging_mixin.py:188} INFO - [2026-07-13T14:16:30.117+0000] {dag.py:3036} INFO - Sync 1 DAGs
[2026-07-13T14:16:30.131+0000] {logging_mixin.py:188} INFO - [2026-07-13T14:16:30.131+0000] {dag.py:3823} INFO - Setting next_dagrun for example_bash_operator to 2026-07-12 00:00:00+00:00, run_after=2026-07-13 00:00:00+00:00
[2026-07-13T14:16:30.146+0000] {processor.py:183} INFO - Processing /home/airflow/.local/lib/python3.8/site-packages/airflow/example_dags/example_bash_operator.py took 0.059 seconds
[2026-07-13T14:17:00.723+0000] {processor.py:161} INFO - Started process (PID=1453) to work on /home/airflow/.local/lib/python3.8/site-packages/airflow/example_dags/example_bash_operator.py
[2026-07-13T14:17:00.724+0000] {processor.py:830} INFO - Processing file /home/airflow/.local/lib/python3.8/site-packages/airflow/example_dags/example_bash_operator.py for tasks to queue
[2026-07-13T14:17:00.725+0000] {logging_mixin.py:188} INFO - [2026-07-13T14:17:00.725+0000] {dagbag.py:538} INFO - Filling up the DagBag from /home/airflow/.local/lib/python3.8/site-packages/airflow/example_dags/example_bash_operator.py
[2026-07-13T14:17:00.734+0000] {processor.py:840} INFO - DAG(s) 'example_bash_operator' retrieved from /home/airflow/.local/lib/python3.8/site-packages/airflow/example_dags/example_bash_operator.py
[2026-07-13T14:17:00.753+0000] {logging_mixin.py:188} INFO - [2026-07-13T14:17:00.753+0000] {dag.py:3036} INFO - Sync 1 DAGs
[2026-07-13T14:17:00.767+0000] {logging_mixin.py:188} INFO - [2026-07-13T14:17:00.767+0000] {dag.py:3823} INFO - Setting next_dagrun for example_bash_operator to 2026-07-12 00:00:00+00:00, run_after=2026-07-13 00:00:00+00:00
[2026-07-13T14:17:00.780+0000] {processor.py:183} INFO - Processing /home/airflow/.local/lib/python3.8/site-packages/airflow/example_dags/example_bash_operator.py took 0.059 seconds
[2026-07-13T14:17:31.204+0000] {processor.py:161} INFO - Started process (PID=1509) to work on /home/airflow/.local/lib/python3.8/site-packages/airflow/example_dags/example_bash_operator.py
[2026-07-13T14:17:31.205+0000] {processor.py:830} INFO - Processing file /home/airflow/.local/lib/python3.8/site-packages/airflow/example_dags/example_bash_operator.py for tasks to queue
[2026-07-13T14:17:31.206+0000] {logging_mixin.py:188} INFO - [2026-07-13T14:17:31.206+0000] {dagbag.py:538} INFO - Filling up the DagBag from /home/airflow/.local/lib/python3.8/site-packages/airflow/example_dags/example_bash_operator.py
[2026-07-13T14:17:31.214+0000] {processor.py:840} INFO - DAG(s) 'example_bash_operator' retrieved from /home/airflow/.local/lib/python3.8/site-packages/airflow/example_dags/example_bash_operator.py
[2026-07-13T14:17:31.234+0000] {logging_mixin.py:188} INFO - [2026-07-13T14:17:31.233+0000] {dag.py:3036} INFO - Sync 1 DAGs
[2026-07-13T14:17:31.248+0000] {logging_mixin.py:188} INFO - [2026-07-13T14:17:31.248+0000] {dag.py:3823} INFO - Setting next_dagrun for example_bash_operator to 2026-07-12 00:00:00+00:00, run_after=2026-07-13 00:00:00+00:00
[2026-07-13T14:17:31.262+0000] {processor.py:183} INFO - Processing /home/airflow/.local/lib/python3.8/site-packages/airflow/example_dags/example_bash_operator.py took 0.061 seconds
[2026-07-13T14:18:01.591+0000] {processor.py:161} INFO - Started process (PID=1565) to work on /home/airflow/.local/lib/python3.8/site-packages/airflow/example_dags/example_bash_operator.py
[2026-07-13T14:18:01.592+0000] {processor.py:830} INFO - Processing file /home/airflow/.local/lib/python3.8/site-packages/airflow/example_dags/example_bash_operator.py for tasks to queue
[2026-07-13T14:18:01.594+0000] {logging_mixin.py:188} INFO - [2026-07-13T14:18:01.594+0000] {dagbag.py:538} INFO - Filling up the DagBag from /home/airflow/.local/lib/python3.8/site-packages/airflow/example_dags/example_bash_operator.py
[2026-07-13T14:18:01.606+0000] {processor.py:840} INFO - DAG(s) 'example_bash_operator' retrieved from /home/airflow/.local/lib/python3.8/site-packages/airflow/example_dags/example_bash_operator.py
[2026-07-13T14:18:01.629+0000] {logging_mixin.py:188} INFO - [2026-07-13T14:18:01.629+0000] {dag.py:3036} INFO - Sync 1 DAGs
[2026-07-13T14:18:01.647+0000] {logging_mixin.py:188} INFO - [2026-07-13T14:18:01.646+0000] {dag.py:3823} INFO - Setting next_dagrun for example_bash_operator to 2026-07-12 00:00:00+00:00, run_after=2026-07-13 00:00:00+00:00
[2026-07-13T14:18:01.665+0000] {processor.py:183} INFO - Processing /home/airflow/.local/lib/python3.8/site-packages/airflow/example_dags/example_bash_operator.py took 0.076 seconds
[2026-07-13T14:18:32.361+0000] {processor.py:161} INFO - Started process (PID=1619) to work on /home/airflow/.local/lib/python3.8/site-packages/airflow/example_dags/example_bash_operator.py
[2026-07-13T14:18:32.362+0000] {processor.py:830} INFO - Processing file /home/airflow/.local/lib/python3.8/site-packages/airflow/example_dags/example_bash_operator.py for tasks to queue
[2026-07-13T14:18:32.364+0000] {logging_mixin.py:188} INFO - [2026-07-13T14:18:32.363+0000] {dagbag.py:538} INFO - Filling up the DagBag from /home/airflow/.local/lib/python3.8/site-packages/airflow/example_dags/example_bash_operator.py
[2026-07-13T14:18:32.372+0000] {processor.py:840} INFO - DAG(s) 'example_bash_operator' retrieved from /home/airflow/.local/lib/python3.8/site-packages/airflow/example_dags/example_bash_operator.py
[2026-07-13T14:18:32.390+0000] {logging_mixin.py:188} INFO - [2026-07-13T14:18:32.390+0000] {dag.py:3036} INFO - Sync 1 DAGs
[2026-07-13T14:18:32.406+0000] {logging_mixin.py:188} INFO - [2026-07-13T14:18:32.406+0000] {dag.py:3823} INFO - Setting next_dagrun for example_bash_operator to 2026-07-12 00:00:00+00:00, run_after=2026-07-13 00:00:00+00:00
[2026-07-13T14:18:32.422+0000] {processor.py:183} INFO - Processing /home/airflow/.local/lib/python3.8/site-packages/airflow/example_dags/example_bash_operator.py took 0.064 seconds
[2026-07-13T14:19:05.077+0000] {processor.py:161} INFO - Started process (PID=1675) to work on /home/airflow/.local/lib/python3.8/site-packages/airflow/example_dags/example_bash_operator.py
[2026-07-13T14:19:05.079+0000] {processor.py:830} INFO - Processing file /home/airflow/.local/lib/python3.8/site-packages/airflow/example_dags/example_bash_operator.py for tasks to queue
[2026-07-13T14:19:05.080+0000] {logging_mixin.py:188} INFO - [2026-07-13T14:19:05.080+0000] {dagbag.py:538} INFO - Filling up the DagBag from /home/airflow/.local/lib/python3.8/site-packages/airflow/example_dags/example_bash_operator.py
[2026-07-13T14:19:05.088+0000] {processor.py:840} INFO - DAG(s) 'example_bash_operator' retrieved from /home/airflow/.local/lib/python3.8/site-packages/airflow/example_dags/example_bash_operator.py
[2026-07-13T14:19:05.109+0000] {logging_mixin.py:188} INFO - [2026-07-13T14:19:05.109+0000] {dag.py:3036} INFO - Sync 1 DAGs
[2026-07-13T14:19:05.125+0000] {logging_mixin.py:188} INFO - [2026-07-13T14:19:05.124+0000] {dag.py:3823} INFO - Setting next_dagrun for example_bash_operator to 2026-07-12 00:00:00+00:00, run_after=2026-07-13 00:00:00+00:00
[2026-07-13T14:19:05.139+0000] {processor.py:183} INFO - Processing /home/airflow/.local/lib/python3.8/site-packages/airflow/example_dags/example_bash_operator.py took 0.065 seconds
[2026-07-13T14:19:37.089+0000] {processor.py:161} INFO - Started process (PID=1731) to work on /home/airflow/.local/lib/python3.8/site-packages/airflow/example_dags/example_bash_operator.py
[2026-07-13T14:19:37.090+0000] {processor.py:830} INFO - Processing file /home/airflow/.local/lib/python3.8/site-packages/airflow/example_dags/example_bash_operator.py for tasks to queue
[2026-07-13T14:19:37.092+0000] {logging_mixin.py:188} INFO - [2026-07-13T14:19:37.091+0000] {dagbag.py:538} INFO - Filling up the DagBag from /home/airflow/.local/lib/python3.8/site-packages/airflow/example_dags/example_bash_operator.py
[2026-07-13T14:19:37.100+0000] {processor.py:840} INFO - DAG(s) 'example_bash_operator' retrieved from /home/airflow/.local/lib/python3.8/site-packages/airflow/example_dags/example_bash_operator.py
[2026-07-13T14:19:37.119+0000] {logging_mixin.py:188} INFO - [2026-07-13T14:19:37.119+0000] {dag.py:3036} INFO - Sync 1 DAGs
[2026-07-13T14:19:37.133+0000] {logging_mixin.py:188} INFO - [2026-07-13T14:19:37.133+0000] {dag.py:3823} INFO - Setting next_dagrun for example_bash_operator to 2026-07-12 00:00:00+00:00, run_after=2026-07-13 00:00:00+00:00
[2026-07-13T14:19:37.147+0000] {processor.py:183} INFO - Processing /home/airflow/.local/lib/python3.8/site-packages/airflow/example_dags/example_bash_operator.py took 0.060 seconds
[2026-07-13T14:20:09.615+0000] {processor.py:161} INFO - Started process (PID=1787) to work on /home/airflow/.local/lib/python3.8/site-packages/airflow/example_dags/example_bash_operator.py
[2026-07-13T14:20:09.616+0000] {processor.py:830} INFO - Processing file /home/airflow/.local/lib/python3.8/site-packages/airflow/example_dags/example_bash_operator.py for tasks to queue
[2026-07-13T14:20:09.617+0000] {logging_mixin.py:188} INFO - [2026-07-13T14:20:09.617+0000] {dagbag.py:538} INFO - Filling up the DagBag from /home/airflow/.local/lib/python3.8/site-packages/airflow/example_dags/example_bash_operator.py
[2026-07-13T14:20:09.625+0000] {processor.py:840} INFO - DAG(s) 'example_bash_operator' retrieved from /home/airflow/.local/lib/python3.8/site-packages/airflow/example_dags/example_bash_operator.py
[2026-07-13T14:20:09.644+0000] {logging_mixin.py:188} INFO - [2026-07-13T14:20:09.644+0000] {dag.py:3036} INFO - Sync 1 DAGs
[2026-07-13T14:20:09.659+0000] {logging_mixin.py:188} INFO - [2026-07-13T14:20:09.658+0000] {dag.py:3823} INFO - Setting next_dagrun for example_bash_operator to 2026-07-12 00:00:00+00:00, run_after=2026-07-13 00:00:00+00:00
[2026-07-13T14:20:09.676+0000] {processor.py:183} INFO - Processing /home/airflow/.local/lib/python3.8/site-packages/airflow/example_dags/example_bash_operator.py took 0.064 seconds
[2026-07-13T14:20:42.156+0000] {processor.py:161} INFO - Started process (PID=1843) to work on /home/airflow/.local/lib/python3.8/site-packages/airflow/example_dags/example_bash_operator.py
[2026-07-13T14:20:42.157+0000] {processor.py:830} INFO - Processing file /home/airflow/.local/lib/python3.8/site-packages/airflow/example_dags/example_bash_operator.py for tasks to queue
[2026-07-13T14:20:42.158+0000] {logging_mixin.py:188} INFO - [2026-07-13T14:20:42.158+0000] {dagbag.py:538} INFO - Filling up the DagBag from /home/airflow/.local/lib/python3.8/site-packages/airflow/example_dags/example_bash_operator.py
[2026-07-13T14:20:42.168+0000] {processor.py:840} INFO - DAG(s) 'example_bash_operator' retrieved from /home/airflow/.local/lib/python3.8/site-packages/airflow/example_dags/example_bash_operator.py
[2026-07-13T14:20:42.198+0000] {logging_mixin.py:188} INFO - [2026-07-13T14:20:42.197+0000] {dag.py:3036} INFO - Sync 1 DAGs
[2026-07-13T14:20:42.220+0000] {logging_mixin.py:188} INFO - [2026-07-13T14:20:42.219+0000] {dag.py:3823} INFO - Setting next_dagrun for example_bash_operator to 2026-07-12 00:00:00+00:00, run_after=2026-07-13 00:00:00+00:00
[2026-07-13T14:20:42.244+0000] {processor.py:183} INFO - Processing /home/airflow/.local/lib/python3.8/site-packages/airflow/example_dags/example_bash_operator.py took 0.092 seconds
[2026-07-13T14:21:14.763+0000] {processor.py:161} INFO - Started process (PID=1899) to work on /home/airflow/.local/lib/python3.8/site-packages/airflow/example_dags/example_bash_operator.py
[2026-07-13T14:21:14.764+0000] {processor.py:830} INFO - Processing file /home/airflow/.local/lib/python3.8/site-packages/airflow/example_dags/example_bash_operator.py for tasks to queue
[2026-07-13T14:21:14.765+0000] {logging_mixin.py:188} INFO - [2026-07-13T14:21:14.765+0000] {dagbag.py:538} INFO - Filling up the DagBag from /home/airflow/.local/lib/python3.8/site-packages/airflow/example_dags/example_bash_operator.py
[2026-07-13T14:21:14.773+0000] {processor.py:840} INFO - DAG(s) 'example_bash_operator' retrieved from /home/airflow/.local/lib/python3.8/site-packages/airflow/example_dags/example_bash_operator.py
[2026-07-13T14:21:14.802+0000] {logging_mixin.py:188} INFO - [2026-07-13T14:21:14.802+0000] {dag.py:3036} INFO - Sync 1 DAGs
[2026-07-13T14:21:14.839+0000] {logging_mixin.py:188} INFO - [2026-07-13T14:21:14.838+0000] {dag.py:3823} INFO - Setting next_dagrun for example_bash_operator to 2026-07-12 00:00:00+00:00, run_after=2026-07-13 00:00:00+00:00
[2026-07-13T14:21:14.867+0000] {processor.py:183} INFO - Processing /home/airflow/.local/lib/python3.8/site-packages/airflow/example_dags/example_bash_operator.py took 0.106 seconds
[2026-07-13T14:21:47.308+0000] {processor.py:161} INFO - Started process (PID=1955) to work on /home/airflow/.local/lib/python3.8/site-packages/airflow/example_dags/example_bash_operator.py
[2026-07-13T14:21:47.309+0000] {processor.py:830} INFO - Processing file /home/airflow/.local/lib/python3.8/site-packages/airflow/example_dags/example_bash_operator.py for tasks to queue
[2026-07-13T14:21:47.311+0000] {logging_mixin.py:188} INFO - [2026-07-13T14:21:47.310+0000] {dagbag.py:538} INFO - Filling up the DagBag from /home/airflow/.local/lib/python3.8/site-packages/airflow/example_dags/example_bash_operator.py
[2026-07-13T14:21:47.320+0000] {processor.py:840} INFO - DAG(s) 'example_bash_operator' retrieved from /home/airflow/.local/lib/python3.8/site-packages/airflow/example_dags/example_bash_operator.py
[2026-07-13T14:21:47.339+0000] {logging_mixin.py:188} INFO - [2026-07-13T14:21:47.339+0000] {dag.py:3036} INFO - Sync 1 DAGs
[2026-07-13T14:21:47.355+0000] {logging_mixin.py:188} INFO - [2026-07-13T14:21:47.355+0000] {dag.py:3823} INFO - Setting next_dagrun for example_bash_operator to 2026-07-12 00:00:00+00:00, run_after=2026-07-13 00:00:00+00:00
[2026-07-13T14:21:47.372+0000] {processor.py:183} INFO - Processing /home/airflow/.local/lib/python3.8/site-packages/airflow/example_dags/example_bash_operator.py took 0.066 seconds
[2026-07-13T14:22:19.849+0000] {processor.py:161} INFO - Started process (PID=2011) to work on /home/airflow/.local/lib/python3.8/site-packages/airflow/example_dags/example_bash_operator.py
[2026-07-13T14:22:19.850+0000] {processor.py:830} INFO - Processing file /home/airflow/.local/lib/python3.8/site-packages/airflow/example_dags/example_bash_operator.py for tasks to queue
[2026-07-13T14:22:19.851+0000] {logging_mixin.py:188} INFO - [2026-07-13T14:22:19.851+0000] {dagbag.py:538} INFO - Filling up the DagBag from /home/airflow/.local/lib/python3.8/site-packages/airflow/example_dags/example_bash_operator.py
[2026-07-13T14:22:19.859+0000] {processor.py:840} INFO - DAG(s) 'example_bash_operator' retrieved from /home/airflow/.local/lib/python3.8/site-packages/airflow/example_dags/example_bash_operator.py
[2026-07-13T14:22:19.877+0000] {logging_mixin.py:188} INFO - [2026-07-13T14:22:19.877+0000] {dag.py:3036} INFO - Sync 1 DAGs
[2026-07-13T14:22:19.892+0000] {logging_mixin.py:188} INFO - [2026-07-13T14:22:19.892+0000] {dag.py:3823} INFO - Setting next_dagrun for example_bash_operator to 2026-07-12 00:00:00+00:00, run_after=2026-07-13 00:00:00+00:00
[2026-07-13T14:22:19.906+0000] {processor.py:183} INFO - Processing /home/airflow/.local/lib/python3.8/site-packages/airflow/example_dags/example_bash_operator.py took 0.060 seconds
[2026-07-13T14:22:52.491+0000] {processor.py:161} INFO - Started process (PID=2068) to work on /home/airflow/.local/lib/python3.8/site-packages/airflow/example_dags/example_bash_operator.py
[2026-07-13T14:22:52.493+0000] {processor.py:830} INFO - Processing file /home/airflow/.local/lib/python3.8/site-packages/airflow/example_dags/example_bash_operator.py for tasks to queue
[2026-07-13T14:22:52.494+0000] {logging_mixin.py:188} INFO - [2026-07-13T14:22:52.494+0000] {dagbag.py:538} INFO - Filling up the DagBag from /home/airflow/.local/lib/python3.8/site-packages/airflow/example_dags/example_bash_operator.py
[2026-07-13T14:22:52.502+0000] {processor.py:840} INFO - DAG(s) 'example_bash_operator' retrieved from /home/airflow/.local/lib/python3.8/site-packages/airflow/example_dags/example_bash_operator.py
[2026-07-13T14:22:52.523+0000] {logging_mixin.py:188} INFO - [2026-07-13T14:22:52.523+0000] {dag.py:3036} INFO - Sync 1 DAGs
[2026-07-13T14:22:52.539+0000] {logging_mixin.py:188} INFO - [2026-07-13T14:22:52.539+0000] {dag.py:3823} INFO - Setting next_dagrun for example_bash_operator to 2026-07-12 00:00:00+00:00, run_after=2026-07-13 00:00:00+00:00
[2026-07-13T14:22:52.552+0000] {processor.py:183} INFO - Processing /home/airflow/.local/lib/python3.8/site-packages/airflow/example_dags/example_bash_operator.py took 0.063 seconds
[2026-07-13T14:23:25.048+0000] {processor.py:161} INFO - Started process (PID=2124) to work on /home/airflow/.local/lib/python3.8/site-packages/airflow/example_dags/example_bash_operator.py
[2026-07-13T14:23:25.049+0000] {processor.py:830} INFO - Processing file /home/airflow/.local/lib/python3.8/site-packages/airflow/example_dags/example_bash_operator.py for tasks to queue
[2026-07-13T14:23:25.051+0000] {logging_mixin.py:188} INFO - [2026-07-13T14:23:25.050+0000] {dagbag.py:538} INFO - Filling up the DagBag from /home/airflow/.local/lib/python3.8/site-packages/airflow/example_dags/example_bash_operator.py
[2026-07-13T14:23:25.059+0000] {processor.py:840} INFO - DAG(s) 'example_bash_operator' retrieved from /home/airflow/.local/lib/python3.8/site-packages/airflow/example_dags/example_bash_operator.py
[2026-07-13T14:23:25.077+0000] {logging_mixin.py:188} INFO - [2026-07-13T14:23:25.077+0000] {dag.py:3036} INFO - Sync 1 DAGs
[2026-07-13T14:23:25.092+0000] {logging_mixin.py:188} INFO - [2026-07-13T14:23:25.091+0000] {dag.py:3823} INFO - Setting next_dagrun for example_bash_operator to 2026-07-12 00:00:00+00:00, run_after=2026-07-13 00:00:00+00:00
[2026-07-13T14:23:25.107+0000] {processor.py:183} INFO - Processing /home/airflow/.local/lib/python3.8/site-packages/airflow/example_dags/example_bash_operator.py took 0.061 seconds
[2026-07-13T14:23:57.695+0000] {processor.py:161} INFO - Started process (PID=2181) to work on /home/airflow/.local/lib/python3.8/site-packages/airflow/example_dags/example_bash_operator.py
[2026-07-13T14:23:57.696+0000] {processor.py:830} INFO - Processing file /home/airflow/.local/lib/python3.8/site-packages/airflow/example_dags/example_bash_operator.py for tasks to queue
[2026-07-13T14:23:57.697+0000] {logging_mixin.py:188} INFO - [2026-07-13T14:23:57.697+0000] {dagbag.py:538} INFO - Filling up the DagBag from /home/airflow/.local/lib/python3.8/site-packages/airflow/example_dags/example_bash_operator.py
[2026-07-13T14:23:57.706+0000] {processor.py:840} INFO - DAG(s) 'example_bash_operator' retrieved from /home/airflow/.local/lib/python3.8/site-packages/airflow/example_dags/example_bash_operator.py
[2026-07-13T14:23:57.725+0000] {logging_mixin.py:188} INFO - [2026-07-13T14:23:57.724+0000] {dag.py:3036} INFO - Sync 1 DAGs
[2026-07-13T14:23:57.739+0000] {logging_mixin.py:188} INFO - [2026-07-13T14:23:57.739+0000] {dag.py:3823} INFO - Setting next_dagrun for example_bash_operator to 2026-07-12 00:00:00+00:00, run_after=2026-07-13 00:00:00+00:00
[2026-07-13T14:23:57.755+0000] {processor.py:183} INFO - Processing /home/airflow/.local/lib/python3.8/site-packages/airflow/example_dags/example_bash_operator.py took 0.062 seconds
[2026-07-13T14:24:30.223+0000] {processor.py:161} INFO - Started process (PID=2237) to work on /home/airflow/.local/lib/python3.8/site-packages/airflow/example_dags/example_bash_operator.py
[2026-07-13T14:24:30.224+0000] {processor.py:830} INFO - Processing file /home/airflow/.local/lib/python3.8/site-packages/airflow/example_dags/example_bash_operator.py for tasks to queue
[2026-07-13T14:24:30.225+0000] {logging_mixin.py:188} INFO - [2026-07-13T14:24:30.225+0000] {dagbag.py:538} INFO - Filling up the DagBag from /home/airflow/.local/lib/python3.8/site-packages/airflow/example_dags/example_bash_operator.py
[2026-07-13T14:24:30.233+0000] {processor.py:840} INFO - DAG(s) 'example_bash_operator' retrieved from /home/airflow/.local/lib/python3.8/site-packages/airflow/example_dags/example_bash_operator.py
[2026-07-13T14:24:30.251+0000] {logging_mixin.py:188} INFO - [2026-07-13T14:24:30.251+0000] {dag.py:3036} INFO - Sync 1 DAGs
[2026-07-13T14:24:30.266+0000] {logging_mixin.py:188} INFO - [2026-07-13T14:24:30.266+0000] {dag.py:3823} INFO - Setting next_dagrun for example_bash_operator to 2026-07-12 00:00:00+00:00, run_after=2026-07-13 00:00:00+00:00
[2026-07-13T14:24:30.284+0000] {processor.py:183} INFO - Processing /home/airflow/.local/lib/python3.8/site-packages/airflow/example_dags/example_bash_operator.py took 0.063 seconds
[2026-07-13T14:25:02.766+0000] {processor.py:161} INFO - Started process (PID=2294) to work on /home/airflow/.local/lib/python3.8/site-packages/airflow/example_dags/example_bash_operator.py
[2026-07-13T14:25:02.767+0000] {processor.py:830} INFO - Processing file /home/airflow/.local/lib/python3.8/site-packages/airflow/example_dags/example_bash_operator.py for tasks to queue
[2026-07-13T14:25:02.769+0000] {logging_mixin.py:188} INFO - [2026-07-13T14:25:02.768+0000] {dagbag.py:538} INFO - Filling up the DagBag from /home/airflow/.local/lib/python3.8/site-packages/airflow/example_dags/example_bash_operator.py
[2026-07-13T14:25:02.777+0000] {processor.py:840} INFO - DAG(s) 'example_bash_operator' retrieved from /home/airflow/.local/lib/python3.8/site-packages/airflow/example_dags/example_bash_operator.py
[2026-07-13T14:25:02.795+0000] {logging_mixin.py:188} INFO - [2026-07-13T14:25:02.795+0000] {dag.py:3036} INFO - Sync 1 DAGs
[2026-07-13T14:25:02.809+0000] {logging_mixin.py:188} INFO - [2026-07-13T14:25:02.809+0000] {dag.py:3823} INFO - Setting next_dagrun for example_bash_operator to 2026-07-12 00:00:00+00:00, run_after=2026-07-13 00:00:00+00:00
[2026-07-13T14:25:02.825+0000] {processor.py:183} INFO - Processing /home/airflow/.local/lib/python3.8/site-packages/airflow/example_dags/example_bash_operator.py took 0.061 seconds
[2026-07-13T14:25:35.523+0000] {processor.py:161} INFO - Started process (PID=2350) to work on /home/airflow/.local/lib/python3.8/site-packages/airflow/example_dags/example_bash_operator.py
[2026-07-13T14:25:35.523+0000] {processor.py:830} INFO - Processing file /home/airflow/.local/lib/python3.8/site-packages/airflow/example_dags/example_bash_operator.py for tasks to queue
[2026-07-13T14:25:35.525+0000] {logging_mixin.py:188} INFO - [2026-07-13T14:25:35.524+0000] {dagbag.py:538} INFO - Filling up the DagBag from /home/airflow/.local/lib/python3.8/site-packages/airflow/example_dags/example_bash_operator.py
[2026-07-13T14:25:35.532+0000] {processor.py:840} INFO - DAG(s) 'example_bash_operator' retrieved from /home/airflow/.local/lib/python3.8/site-packages/airflow/example_dags/example_bash_operator.py
[2026-07-13T14:25:35.551+0000] {logging_mixin.py:188} INFO - [2026-07-13T14:25:35.551+0000] {dag.py:3036} INFO - Sync 1 DAGs
[2026-07-13T14:25:35.566+0000] {logging_mixin.py:188} INFO - [2026-07-13T14:25:35.566+0000] {dag.py:3823} INFO - Setting next_dagrun for example_bash_operator to 2026-07-12 00:00:00+00:00, run_after=2026-07-13 00:00:00+00:00
[2026-07-13T14:25:35.581+0000] {processor.py:183} INFO - Processing /home/airflow/.local/lib/python3.8/site-packages/airflow/example_dags/example_bash_operator.py took 0.061 seconds
[2026-07-13T14:26:08.150+0000] {processor.py:161} INFO - Started process (PID=2406) to work on /home/airflow/.local/lib/python3.8/site-packages/airflow/example_dags/example_bash_operator.py
[2026-07-13T14:26:08.151+0000] {processor.py:830} INFO - Processing file /home/airflow/.local/lib/python3.8/site-packages/airflow/example_dags/example_bash_operator.py for tasks to queue
[2026-07-13T14:26:08.152+0000] {logging_mixin.py:188} INFO - [2026-07-13T14:26:08.152+0000] {dagbag.py:538} INFO - Filling up the DagBag from /home/airflow/.local/lib/python3.8/site-packages/airflow/example_dags/example_bash_operator.py
[2026-07-13T14:26:08.160+0000] {processor.py:840} INFO - DAG(s) 'example_bash_operator' retrieved from /home/airflow/.local/lib/python3.8/site-packages/airflow/example_dags/example_bash_operator.py
[2026-07-13T14:26:08.179+0000] {logging_mixin.py:188} INFO - [2026-07-13T14:26:08.179+0000] {dag.py:3036} INFO - Sync 1 DAGs
[2026-07-13T14:26:08.193+0000] {logging_mixin.py:188} INFO - [2026-07-13T14:26:08.193+0000] {dag.py:3823} INFO - Setting next_dagrun for example_bash_operator to 2026-07-12 00:00:00+00:00, run_after=2026-07-13 00:00:00+00:00
[2026-07-13T14:26:08.211+0000] {processor.py:183} INFO - Processing /home/airflow/.local/lib/python3.8/site-packages/airflow/example_dags/example_bash_operator.py took 0.063 seconds
[2026-07-13T14:26:40.746+0000] {processor.py:161} INFO - Started process (PID=2462) to work on /home/airflow/.local/lib/python3.8/site-packages/airflow/example_dags/example_bash_operator.py
[2026-07-13T14:26:40.747+0000] {processor.py:830} INFO - Processing file /home/airflow/.local/lib/python3.8/site-packages/airflow/example_dags/example_bash_operator.py for tasks to queue
[2026-07-13T14:26:40.749+0000] {logging_mixin.py:188} INFO - [2026-07-13T14:26:40.748+0000] {dagbag.py:538} INFO - Filling up the DagBag from /home/airflow/.local/lib/python3.8/site-packages/airflow/example_dags/example_bash_operator.py
[2026-07-13T14:26:40.759+0000] {processor.py:840} INFO - DAG(s) 'example_bash_operator' retrieved from /home/airflow/.local/lib/python3.8/site-packages/airflow/example_dags/example_bash_operator.py
[2026-07-13T14:26:40.783+0000] {logging_mixin.py:188} INFO - [2026-07-13T14:26:40.783+0000] {dag.py:3036} INFO - Sync 1 DAGs
[2026-07-13T14:26:40.799+0000] {logging_mixin.py:188} INFO - [2026-07-13T14:26:40.799+0000] {dag.py:3823} INFO - Setting next_dagrun for example_bash_operator to 2026-07-12 00:00:00+00:00, run_after=2026-07-13 00:00:00+00:00
[2026-07-13T14:26:40.816+0000] {processor.py:183} INFO - Processing /home/airflow/.local/lib/python3.8/site-packages/airflow/example_dags/example_bash_operator.py took 0.072 seconds
[2026-07-13T14:27:13.448+0000] {processor.py:161} INFO - Started process (PID=2518) to work on /home/airflow/.local/lib/python3.8/site-packages/airflow/example_dags/example_bash_operator.py
[2026-07-13T14:27:13.449+0000] {processor.py:830} INFO - Processing file /home/airflow/.local/lib/python3.8/site-packages/airflow/example_dags/example_bash_operator.py for tasks to queue
[2026-07-13T14:27:13.450+0000] {logging_mixin.py:188} INFO - [2026-07-13T14:27:13.450+0000] {dagbag.py:538} INFO - Filling up the DagBag from /home/airflow/.local/lib/python3.8/site-packages/airflow/example_dags/example_bash_operator.py
[2026-07-13T14:27:13.461+0000] {processor.py:840} INFO - DAG(s) 'example_bash_operator' retrieved from /home/airflow/.local/lib/python3.8/site-packages/airflow/example_dags/example_bash_operator.py
[2026-07-13T14:27:13.481+0000] {logging_mixin.py:188} INFO - [2026-07-13T14:27:13.481+0000] {dag.py:3036} INFO - Sync 1 DAGs
[2026-07-13T14:27:13.503+0000] {logging_mixin.py:188} INFO - [2026-07-13T14:27:13.502+0000] {dag.py:3823} INFO - Setting next_dagrun for example_bash_operator to 2026-07-12 00:00:00+00:00, run_after=2026-07-13 00:00:00+00:00
[2026-07-13T14:27:13.518+0000] {processor.py:183} INFO - Processing /home/airflow/.local/lib/python3.8/site-packages/airflow/example_dags/example_bash_operator.py took 0.072 seconds
[2026-07-13T14:27:46.054+0000] {processor.py:161} INFO - Started process (PID=2574) to work on /home/airflow/.local/lib/python3.8/site-packages/airflow/example_dags/example_bash_operator.py
[2026-07-13T14:27:46.055+0000] {processor.py:830} INFO - Processing file /home/airflow/.local/lib/python3.8/site-packages/airflow/example_dags/example_bash_operator.py for tasks to queue
[2026-07-13T14:27:46.056+0000] {logging_mixin.py:188} INFO - [2026-07-13T14:27:46.056+0000] {dagbag.py:538} INFO - Filling up the DagBag from /home/airflow/.local/lib/python3.8/site-packages/airflow/example_dags/example_bash_operator.py
[2026-07-13T14:27:46.065+0000] {processor.py:840} INFO - DAG(s) 'example_bash_operator' retrieved from /home/airflow/.local/lib/python3.8/site-packages/airflow/example_dags/example_bash_operator.py
[2026-07-13T14:27:46.083+0000] {logging_mixin.py:188} INFO - [2026-07-13T14:27:46.083+0000] {dag.py:3036} INFO - Sync 1 DAGs
[2026-07-13T14:27:46.101+0000] {logging_mixin.py:188} INFO - [2026-07-13T14:27:46.101+0000] {dag.py:3823} INFO - Setting next_dagrun for example_bash_operator to 2026-07-12 00:00:00+00:00, run_after=2026-07-13 00:00:00+00:00
[2026-07-13T14:27:46.117+0000] {processor.py:183} INFO - Processing /home/airflow/.local/lib/python3.8/site-packages/airflow/example_dags/example_bash_operator.py took 0.066 seconds
[2026-07-13T14:28:18.118+0000] {processor.py:161} INFO - Started process (PID=2630) to work on /home/airflow/.local/lib/python3.8/site-packages/airflow/example_dags/example_bash_operator.py
[2026-07-13T14:28:18.119+0000] {processor.py:830} INFO - Processing file /home/airflow/.local/lib/python3.8/site-packages/airflow/example_dags/example_bash_operator.py for tasks to queue
[2026-07-13T14:28:18.120+0000] {logging_mixin.py:188} INFO - [2026-07-13T14:28:18.120+0000] {dagbag.py:538} INFO - Filling up the DagBag from /home/airflow/.local/lib/python3.8/site-packages/airflow/example_dags/example_bash_operator.py
[2026-07-13T14:28:18.130+0000] {processor.py:840} INFO - DAG(s) 'example_bash_operator' retrieved from /home/airflow/.local/lib/python3.8/site-packages/airflow/example_dags/example_bash_operator.py
[2026-07-13T14:28:18.151+0000] {logging_mixin.py:188} INFO - [2026-07-13T14:28:18.151+0000] {dag.py:3036} INFO - Sync 1 DAGs
[2026-07-13T14:28:18.167+0000] {logging_mixin.py:188} INFO - [2026-07-13T14:28:18.167+0000] {dag.py:3823} INFO - Setting next_dagrun for example_bash_operator to 2026-07-12 00:00:00+00:00, run_after=2026-07-13 00:00:00+00:00
[2026-07-13T14:28:18.185+0000] {processor.py:183} INFO - Processing /home/airflow/.local/lib/python3.8/site-packages/airflow/example_dags/example_bash_operator.py took 0.070 seconds
[2026-07-13T14:28:51.069+0000] {processor.py:161} INFO - Started process (PID=2688) to work on /home/airflow/.local/lib/python3.8/site-packages/airflow/example_dags/example_bash_operator.py
[2026-07-13T14:28:51.070+0000] {processor.py:830} INFO - Processing file /home/airflow/.local/lib/python3.8/site-packages/airflow/example_dags/example_bash_operator.py for tasks to queue
[2026-07-13T14:28:51.072+0000] {logging_mixin.py:188} INFO - [2026-07-13T14:28:51.071+0000] {dagbag.py:538} INFO - Filling up the DagBag from /home/airflow/.local/lib/python3.8/site-packages/airflow/example_dags/example_bash_operator.py
[2026-07-13T14:28:51.080+0000] {processor.py:840} INFO - DAG(s) 'example_bash_operator' retrieved from /home/airflow/.local/lib/python3.8/site-packages/airflow/example_dags/example_bash_operator.py
[2026-07-13T14:28:51.099+0000] {logging_mixin.py:188} INFO - [2026-07-13T14:28:51.099+0000] {dag.py:3036} INFO - Sync 1 DAGs
[2026-07-13T14:28:51.113+0000] {logging_mixin.py:188} INFO - [2026-07-13T14:28:51.113+0000] {dag.py:3823} INFO - Setting next_dagrun for example_bash_operator to 2026-07-12 00:00:00+00:00, run_after=2026-07-13 00:00:00+00:00
[2026-07-13T14:28:51.128+0000] {processor.py:183} INFO - Processing /home/airflow/.local/lib/python3.8/site-packages/airflow/example_dags/example_bash_operator.py took 0.061 seconds
[2026-07-13T14:29:24.589+0000] {processor.py:161} INFO - Started process (PID=2744) to work on /home/airflow/.local/lib/python3.8/site-packages/airflow/example_dags/example_bash_operator.py
[2026-07-13T14:29:24.590+0000] {processor.py:830} INFO - Processing file /home/airflow/.local/lib/python3.8/site-packages/airflow/example_dags/example_bash_operator.py for tasks to queue
[2026-07-13T14:29:24.591+0000] {logging_mixin.py:188} INFO - [2026-07-13T14:29:24.591+0000] {dagbag.py:538} INFO - Filling up the DagBag from /home/airflow/.local/lib/python3.8/site-packages/airflow/example_dags/example_bash_operator.py
[2026-07-13T14:29:24.600+0000] {processor.py:840} INFO - DAG(s) 'example_bash_operator' retrieved from /home/airflow/.local/lib/python3.8/site-packages/airflow/example_dags/example_bash_operator.py
[2026-07-13T14:29:24.619+0000] {logging_mixin.py:188} INFO - [2026-07-13T14:29:24.618+0000] {dag.py:3036} INFO - Sync 1 DAGs
[2026-07-13T14:29:24.742+0000] {logging_mixin.py:188} INFO - [2026-07-13T14:29:24.742+0000] {dag.py:3823} INFO - Setting next_dagrun for example_bash_operator to 2026-07-12 00:00:00+00:00, run_after=2026-07-13 00:00:00+00:00
[2026-07-13T14:29:24.761+0000] {processor.py:183} INFO - Processing /home/airflow/.local/lib/python3.8/site-packages/airflow/example_dags/example_bash_operator.py took 0.174 seconds
[2026-07-13T14:29:56.463+0000] {processor.py:161} INFO - Started process (PID=2800) to work on /home/airflow/.local/lib/python3.8/site-packages/airflow/example_dags/example_bash_operator.py
[2026-07-13T14:29:56.465+0000] {processor.py:830} INFO - Processing file /home/airflow/.local/lib/python3.8/site-packages/airflow/example_dags/example_bash_operator.py for tasks to queue
[2026-07-13T14:29:56.467+0000] {logging_mixin.py:188} INFO - [2026-07-13T14:29:56.467+0000] {dagbag.py:538} INFO - Filling up the DagBag from /home/airflow/.local/lib/python3.8/site-packages/airflow/example_dags/example_bash_operator.py
[2026-07-13T14:29:56.481+0000] {processor.py:840} INFO - DAG(s) 'example_bash_operator' retrieved from /home/airflow/.local/lib/python3.8/site-packages/airflow/example_dags/example_bash_operator.py
[2026-07-13T14:29:56.509+0000] {logging_mixin.py:188} INFO - [2026-07-13T14:29:56.509+0000] {dag.py:3036} INFO - Sync 1 DAGs
[2026-07-13T14:29:56.527+0000] {logging_mixin.py:188} INFO - [2026-07-13T14:29:56.527+0000] {dag.py:3823} INFO - Setting next_dagrun for example_bash_operator to 2026-07-12 00:00:00+00:00, run_after=2026-07-13 00:00:00+00:00
[2026-07-13T14:29:56.549+0000] {processor.py:183} INFO - Processing /home/airflow/.local/lib/python3.8/site-packages/airflow/example_dags/example_bash_operator.py took 0.090 seconds
[2026-07-13T14:30:28.631+0000] {processor.py:161} INFO - Started process (PID=2856) to work on /home/airflow/.local/lib/python3.8/site-packages/airflow/example_dags/example_bash_operator.py
[2026-07-13T14:30:28.634+0000] {processor.py:830} INFO - Processing file /home/airflow/.local/lib/python3.8/site-packages/airflow/example_dags/example_bash_operator.py for tasks to queue
[2026-07-13T14:30:28.635+0000] {logging_mixin.py:188} INFO - [2026-07-13T14:30:28.634+0000] {dagbag.py:538} INFO - Filling up the DagBag from /home/airflow/.local/lib/python3.8/site-packages/airflow/example_dags/example_bash_operator.py
[2026-07-13T14:30:28.649+0000] {processor.py:840} INFO - DAG(s) 'example_bash_operator' retrieved from /home/airflow/.local/lib/python3.8/site-packages/airflow/example_dags/example_bash_operator.py
[2026-07-13T14:30:28.689+0000] {logging_mixin.py:188} INFO - [2026-07-13T14:30:28.689+0000] {dag.py:3036} INFO - Sync 1 DAGs
[2026-07-13T14:30:28.710+0000] {logging_mixin.py:188} INFO - [2026-07-13T14:30:28.710+0000] {dag.py:3823} INFO - Setting next_dagrun for example_bash_operator to 2026-07-12 00:00:00+00:00, run_after=2026-07-13 00:00:00+00:00
[2026-07-13T14:30:28.734+0000] {processor.py:183} INFO - Processing /home/airflow/.local/lib/python3.8/site-packages/airflow/example_dags/example_bash_operator.py took 0.108 seconds
[2026-07-13T14:31:01.945+0000] {processor.py:161} INFO - Started process (PID=2912) to work on /home/airflow/.local/lib/python3.8/site-packages/airflow/example_dags/example_bash_operator.py
[2026-07-13T14:31:01.947+0000] {processor.py:830} INFO - Processing file /home/airflow/.local/lib/python3.8/site-packages/airflow/example_dags/example_bash_operator.py for tasks to queue
[2026-07-13T14:31:01.948+0000] {logging_mixin.py:188} INFO - [2026-07-13T14:31:01.948+0000] {dagbag.py:538} INFO - Filling up the DagBag from /home/airflow/.local/lib/python3.8/site-packages/airflow/example_dags/example_bash_operator.py
[2026-07-13T14:31:01.959+0000] {processor.py:840} INFO - DAG(s) 'example_bash_operator' retrieved from /home/airflow/.local/lib/python3.8/site-packages/airflow/example_dags/example_bash_operator.py
[2026-07-13T14:31:01.988+0000] {logging_mixin.py:188} INFO - [2026-07-13T14:31:01.987+0000] {dag.py:3036} INFO - Sync 1 DAGs
[2026-07-13T14:31:02.006+0000] {logging_mixin.py:188} INFO - [2026-07-13T14:31:02.006+0000] {dag.py:3823} INFO - Setting next_dagrun for example_bash_operator to 2026-07-12 00:00:00+00:00, run_after=2026-07-13 00:00:00+00:00
[2026-07-13T14:31:02.032+0000] {processor.py:183} INFO - Processing /home/airflow/.local/lib/python3.8/site-packages/airflow/example_dags/example_bash_operator.py took 0.091 seconds
[2026-07-13T14:31:34.402+0000] {processor.py:161} INFO - Started process (PID=2968) to work on /home/airflow/.local/lib/python3.8/site-packages/airflow/example_dags/example_bash_operator.py
[2026-07-13T14:31:34.403+0000] {processor.py:830} INFO - Processing file /home/airflow/.local/lib/python3.8/site-packages/airflow/example_dags/example_bash_operator.py for tasks to queue
[2026-07-13T14:31:34.404+0000] {logging_mixin.py:188} INFO - [2026-07-13T14:31:34.404+0000] {dagbag.py:538} INFO - Filling up the DagBag from /home/airflow/.local/lib/python3.8/site-packages/airflow/example_dags/example_bash_operator.py
[2026-07-13T14:31:34.412+0000] {processor.py:840} INFO - DAG(s) 'example_bash_operator' retrieved from /home/airflow/.local/lib/python3.8/site-packages/airflow/example_dags/example_bash_operator.py
[2026-07-13T14:31:34.432+0000] {logging_mixin.py:188} INFO - [2026-07-13T14:31:34.432+0000] {dag.py:3036} INFO - Sync 1 DAGs
[2026-07-13T14:31:34.550+0000] {logging_mixin.py:188} INFO - [2026-07-13T14:31:34.550+0000] {dag.py:3823} INFO - Setting next_dagrun for example_bash_operator to 2026-07-12 00:00:00+00:00, run_after=2026-07-13 00:00:00+00:00
[2026-07-13T14:31:34.566+0000] {processor.py:183} INFO - Processing /home/airflow/.local/lib/python3.8/site-packages/airflow/example_dags/example_bash_operator.py took 0.166 seconds
[2026-07-13T14:32:06.424+0000] {processor.py:161} INFO - Started process (PID=3024) to work on /home/airflow/.local/lib/python3.8/site-packages/airflow/example_dags/example_bash_operator.py
[2026-07-13T14:32:06.426+0000] {processor.py:830} INFO - Processing file /home/airflow/.local/lib/python3.8/site-packages/airflow/example_dags/example_bash_operator.py for tasks to queue
[2026-07-13T14:32:06.427+0000] {logging_mixin.py:188} INFO - [2026-07-13T14:32:06.427+0000] {dagbag.py:538} INFO - Filling up the DagBag from /home/airflow/.local/lib/python3.8/site-packages/airflow/example_dags/example_bash_operator.py
[2026-07-13T14:32:06.445+0000] {processor.py:840} INFO - DAG(s) 'example_bash_operator' retrieved from /home/airflow/.local/lib/python3.8/site-packages/airflow/example_dags/example_bash_operator.py
[2026-07-13T14:32:06.474+0000] {logging_mixin.py:188} INFO - [2026-07-13T14:32:06.474+0000] {dag.py:3036} INFO - Sync 1 DAGs
[2026-07-13T14:32:06.490+0000] {logging_mixin.py:188} INFO - [2026-07-13T14:32:06.490+0000] {dag.py:3823} INFO - Setting next_dagrun for example_bash_operator to 2026-07-12 00:00:00+00:00, run_after=2026-07-13 00:00:00+00:00
[2026-07-13T14:32:06.604+0000] {processor.py:183} INFO - Processing /home/airflow/.local/lib/python3.8/site-packages/airflow/example_dags/example_bash_operator.py took 0.186 seconds
[2026-07-13T14:32:39.582+0000] {processor.py:161} INFO - Started process (PID=3080) to work on /home/airflow/.local/lib/python3.8/site-packages/airflow/example_dags/example_bash_operator.py
[2026-07-13T14:32:39.583+0000] {processor.py:830} INFO - Processing file /home/airflow/.local/lib/python3.8/site-packages/airflow/example_dags/example_bash_operator.py for tasks to queue
[2026-07-13T14:32:39.583+0000] {logging_mixin.py:188} INFO - [2026-07-13T14:32:39.583+0000] {dagbag.py:538} INFO - Filling up the DagBag from /home/airflow/.local/lib/python3.8/site-packages/airflow/example_dags/example_bash_operator.py
[2026-07-13T14:32:39.592+0000] {processor.py:840} INFO - DAG(s) 'example_bash_operator' retrieved from /home/airflow/.local/lib/python3.8/site-packages/airflow/example_dags/example_bash_operator.py
[2026-07-13T14:32:39.613+0000] {logging_mixin.py:188} INFO - [2026-07-13T14:32:39.613+0000] {dag.py:3036} INFO - Sync 1 DAGs
[2026-07-13T14:32:39.628+0000] {logging_mixin.py:188} INFO - [2026-07-13T14:32:39.628+0000] {dag.py:3823} INFO - Setting next_dagrun for example_bash_operator to 2026-07-12 00:00:00+00:00, run_after=2026-07-13 00:00:00+00:00
[2026-07-13T14:32:39.642+0000] {processor.py:183} INFO - Processing /home/airflow/.local/lib/python3.8/site-packages/airflow/example_dags/example_bash_operator.py took 0.063 seconds
[2026-07-13T14:33:12.678+0000] {processor.py:161} INFO - Started process (PID=3136) to work on /home/airflow/.local/lib/python3.8/site-packages/airflow/example_dags/example_bash_operator.py
[2026-07-13T14:33:12.679+0000] {processor.py:830} INFO - Processing file /home/airflow/.local/lib/python3.8/site-packages/airflow/example_dags/example_bash_operator.py for tasks to queue
[2026-07-13T14:33:12.680+0000] {logging_mixin.py:188} INFO - [2026-07-13T14:33:12.679+0000] {dagbag.py:538} INFO - Filling up the DagBag from /home/airflow/.local/lib/python3.8/site-packages/airflow/example_dags/example_bash_operator.py
[2026-07-13T14:33:12.689+0000] {processor.py:840} INFO - DAG(s) 'example_bash_operator' retrieved from /home/airflow/.local/lib/python3.8/site-packages/airflow/example_dags/example_bash_operator.py
[2026-07-13T14:33:12.830+0000] {logging_mixin.py:188} INFO - [2026-07-13T14:33:12.830+0000] {dag.py:3036} INFO - Sync 1 DAGs
[2026-07-13T14:33:12.843+0000] {logging_mixin.py:188} INFO - [2026-07-13T14:33:12.843+0000] {dag.py:3823} INFO - Setting next_dagrun for example_bash_operator to 2026-07-12 00:00:00+00:00, run_after=2026-07-13 00:00:00+00:00
[2026-07-13T14:33:12.855+0000] {processor.py:183} INFO - Processing /home/airflow/.local/lib/python3.8/site-packages/airflow/example_dags/example_bash_operator.py took 0.180 seconds
[2026-07-13T14:33:44.896+0000] {processor.py:161} INFO - Started process (PID=3192) to work on /home/airflow/.local/lib/python3.8/site-packages/airflow/example_dags/example_bash_operator.py
[2026-07-13T14:33:44.896+0000] {processor.py:830} INFO - Processing file /home/airflow/.local/lib/python3.8/site-packages/airflow/example_dags/example_bash_operator.py for tasks to queue
[2026-07-13T14:33:44.897+0000] {logging_mixin.py:188} INFO - [2026-07-13T14:33:44.897+0000] {dagbag.py:538} INFO - Filling up the DagBag from /home/airflow/.local/lib/python3.8/site-packages/airflow/example_dags/example_bash_operator.py
[2026-07-13T14:33:44.906+0000] {processor.py:840} INFO - DAG(s) 'example_bash_operator' retrieved from /home/airflow/.local/lib/python3.8/site-packages/airflow/example_dags/example_bash_operator.py
[2026-07-13T14:33:44.927+0000] {logging_mixin.py:188} INFO - [2026-07-13T14:33:44.927+0000] {dag.py:3036} INFO - Sync 1 DAGs
[2026-07-13T14:33:45.045+0000] {logging_mixin.py:188} INFO - [2026-07-13T14:33:45.045+0000] {dag.py:3823} INFO - Setting next_dagrun for example_bash_operator to 2026-07-12 00:00:00+00:00, run_after=2026-07-13 00:00:00+00:00
[2026-07-13T14:33:45.059+0000] {processor.py:183} INFO - Processing /home/airflow/.local/lib/python3.8/site-packages/airflow/example_dags/example_bash_operator.py took 0.166 seconds
[2026-07-13T14:34:16.742+0000] {processor.py:161} INFO - Started process (PID=3248) to work on /home/airflow/.local/lib/python3.8/site-packages/airflow/example_dags/example_bash_operator.py
[2026-07-13T14:34:16.743+0000] {processor.py:830} INFO - Processing file /home/airflow/.local/lib/python3.8/site-packages/airflow/example_dags/example_bash_operator.py for tasks to queue
[2026-07-13T14:34:16.744+0000] {logging_mixin.py:188} INFO - [2026-07-13T14:34:16.744+0000] {dagbag.py:538} INFO - Filling up the DagBag from /home/airflow/.local/lib/python3.8/site-packages/airflow/example_dags/example_bash_operator.py
[2026-07-13T14:34:16.753+0000] {processor.py:840} INFO - DAG(s) 'example_bash_operator' retrieved from /home/airflow/.local/lib/python3.8/site-packages/airflow/example_dags/example_bash_operator.py
[2026-07-13T14:34:16.774+0000] {logging_mixin.py:188} INFO - [2026-07-13T14:34:16.774+0000] {dag.py:3036} INFO - Sync 1 DAGs
[2026-07-13T14:34:16.791+0000] {logging_mixin.py:188} INFO - [2026-07-13T14:34:16.791+0000] {dag.py:3823} INFO - Setting next_dagrun for example_bash_operator to 2026-07-12 00:00:00+00:00, run_after=2026-07-13 00:00:00+00:00
[2026-07-13T14:34:16.805+0000] {processor.py:183} INFO - Processing /home/airflow/.local/lib/python3.8/site-packages/airflow/example_dags/example_bash_operator.py took 0.066 seconds
[2026-07-13T14:34:49.446+0000] {processor.py:161} INFO - Started process (PID=3304) to work on /home/airflow/.local/lib/python3.8/site-packages/airflow/example_dags/example_bash_operator.py
[2026-07-13T14:34:49.447+0000] {processor.py:830} INFO - Processing file /home/airflow/.local/lib/python3.8/site-packages/airflow/example_dags/example_bash_operator.py for tasks to queue
[2026-07-13T14:34:49.448+0000] {logging_mixin.py:188} INFO - [2026-07-13T14:34:49.447+0000] {dagbag.py:538} INFO - Filling up the DagBag from /home/airflow/.local/lib/python3.8/site-packages/airflow/example_dags/example_bash_operator.py
[2026-07-13T14:34:49.457+0000] {processor.py:840} INFO - DAG(s) 'example_bash_operator' retrieved from /home/airflow/.local/lib/python3.8/site-packages/airflow/example_dags/example_bash_operator.py
[2026-07-13T14:34:49.481+0000] {logging_mixin.py:188} INFO - [2026-07-13T14:34:49.481+0000] {dag.py:3036} INFO - Sync 1 DAGs
[2026-07-13T14:34:49.498+0000] {logging_mixin.py:188} INFO - [2026-07-13T14:34:49.498+0000] {dag.py:3823} INFO - Setting next_dagrun for example_bash_operator to 2026-07-12 00:00:00+00:00, run_after=2026-07-13 00:00:00+00:00
[2026-07-13T14:34:49.513+0000] {processor.py:183} INFO - Processing /home/airflow/.local/lib/python3.8/site-packages/airflow/example_dags/example_bash_operator.py took 0.069 seconds
[2026-07-13T14:35:44.486+0000] {processor.py:161} INFO - Started process (PID=57) to work on /home/airflow/.local/lib/python3.8/site-packages/airflow/example_dags/example_bash_operator.py
[2026-07-13T14:35:44.488+0000] {processor.py:830} INFO - Processing file /home/airflow/.local/lib/python3.8/site-packages/airflow/example_dags/example_bash_operator.py for tasks to queue
[2026-07-13T14:35:44.489+0000] {logging_mixin.py:188} INFO - [2026-07-13T14:35:44.489+0000] {dagbag.py:538} INFO - Filling up the DagBag from /home/airflow/.local/lib/python3.8/site-packages/airflow/example_dags/example_bash_operator.py
[2026-07-13T14:35:44.504+0000] {processor.py:840} INFO - DAG(s) 'example_bash_operator' retrieved from /home/airflow/.local/lib/python3.8/site-packages/airflow/example_dags/example_bash_operator.py
[2026-07-13T14:35:44.517+0000] {logging_mixin.py:188} INFO - [2026-07-13T14:35:44.517+0000] {dag.py:3036} INFO - Sync 1 DAGs
[2026-07-13T14:35:44.536+0000] {logging_mixin.py:188} INFO - [2026-07-13T14:35:44.535+0000] {dag.py:3823} INFO - Setting next_dagrun for example_bash_operator to 2026-07-12 00:00:00+00:00, run_after=2026-07-13 00:00:00+00:00
[2026-07-13T14:35:44.554+0000] {processor.py:183} INFO - Processing /home/airflow/.local/lib/python3.8/site-packages/airflow/example_dags/example_bash_operator.py took 0.072 seconds
[2026-07-13T14:36:14.789+0000] {processor.py:161} INFO - Started process (PID=107) to work on /home/airflow/.local/lib/python3.8/site-packages/airflow/example_dags/example_bash_operator.py
[2026-07-13T14:36:14.790+0000] {processor.py:830} INFO - Processing file /home/airflow/.local/lib/python3.8/site-packages/airflow/example_dags/example_bash_operator.py for tasks to queue
[2026-07-13T14:36:14.792+0000] {logging_mixin.py:188} INFO - [2026-07-13T14:36:14.791+0000] {dagbag.py:538} INFO - Filling up the DagBag from /home/airflow/.local/lib/python3.8/site-packages/airflow/example_dags/example_bash_operator.py
[2026-07-13T14:36:14.801+0000] {processor.py:840} INFO - DAG(s) 'example_bash_operator' retrieved from /home/airflow/.local/lib/python3.8/site-packages/airflow/example_dags/example_bash_operator.py
[2026-07-13T14:36:14.906+0000] {logging_mixin.py:188} INFO - [2026-07-13T14:36:14.905+0000] {dag.py:3036} INFO - Sync 1 DAGs
[2026-07-13T14:36:14.925+0000] {logging_mixin.py:188} INFO - [2026-07-13T14:36:14.925+0000] {dag.py:3823} INFO - Setting next_dagrun for example_bash_operator to 2026-07-12 00:00:00+00:00, run_after=2026-07-13 00:00:00+00:00
[2026-07-13T14:36:14.946+0000] {processor.py:183} INFO - Processing /home/airflow/.local/lib/python3.8/site-packages/airflow/example_dags/example_bash_operator.py took 0.160 seconds
[2026-07-13T14:36:45.804+0000] {processor.py:161} INFO - Started process (PID=163) to work on /home/airflow/.local/lib/python3.8/site-packages/airflow/example_dags/example_bash_operator.py
[2026-07-13T14:36:45.806+0000] {processor.py:830} INFO - Processing file /home/airflow/.local/lib/python3.8/site-packages/airflow/example_dags/example_bash_operator.py for tasks to queue
[2026-07-13T14:36:45.807+0000] {logging_mixin.py:188} INFO - [2026-07-13T14:36:45.807+0000] {dagbag.py:538} INFO - Filling up the DagBag from /home/airflow/.local/lib/python3.8/site-packages/airflow/example_dags/example_bash_operator.py
[2026-07-13T14:36:45.816+0000] {processor.py:840} INFO - DAG(s) 'example_bash_operator' retrieved from /home/airflow/.local/lib/python3.8/site-packages/airflow/example_dags/example_bash_operator.py
[2026-07-13T14:36:45.835+0000] {logging_mixin.py:188} INFO - [2026-07-13T14:36:45.835+0000] {dag.py:3036} INFO - Sync 1 DAGs
[2026-07-13T14:36:45.855+0000] {logging_mixin.py:188} INFO - [2026-07-13T14:36:45.855+0000] {dag.py:3823} INFO - Setting next_dagrun for example_bash_operator to 2026-07-12 00:00:00+00:00, run_after=2026-07-13 00:00:00+00:00
[2026-07-13T14:36:45.870+0000] {processor.py:183} INFO - Processing /home/airflow/.local/lib/python3.8/site-packages/airflow/example_dags/example_bash_operator.py took 0.068 seconds
[2026-07-13T14:37:16.290+0000] {processor.py:161} INFO - Started process (PID=219) to work on /home/airflow/.local/lib/python3.8/site-packages/airflow/example_dags/example_bash_operator.py
[2026-07-13T14:37:16.291+0000] {processor.py:830} INFO - Processing file /home/airflow/.local/lib/python3.8/site-packages/airflow/example_dags/example_bash_operator.py for tasks to queue
[2026-07-13T14:37:16.293+0000] {logging_mixin.py:188} INFO - [2026-07-13T14:37:16.293+0000] {dagbag.py:538} INFO - Filling up the DagBag from /home/airflow/.local/lib/python3.8/site-packages/airflow/example_dags/example_bash_operator.py
[2026-07-13T14:37:16.304+0000] {processor.py:840} INFO - DAG(s) 'example_bash_operator' retrieved from /home/airflow/.local/lib/python3.8/site-packages/airflow/example_dags/example_bash_operator.py
[2026-07-13T14:37:16.330+0000] {logging_mixin.py:188} INFO - [2026-07-13T14:37:16.330+0000] {dag.py:3036} INFO - Sync 1 DAGs
[2026-07-13T14:37:16.348+0000] {logging_mixin.py:188} INFO - [2026-07-13T14:37:16.348+0000] {dag.py:3823} INFO - Setting next_dagrun for example_bash_operator to 2026-07-12 00:00:00+00:00, run_after=2026-07-13 00:00:00+00:00
[2026-07-13T14:37:16.372+0000] {processor.py:183} INFO - Processing /home/airflow/.local/lib/python3.8/site-packages/airflow/example_dags/example_bash_operator.py took 0.086 seconds
[2026-07-13T14:37:46.526+0000] {processor.py:161} INFO - Started process (PID=275) to work on /home/airflow/.local/lib/python3.8/site-packages/airflow/example_dags/example_bash_operator.py
[2026-07-13T14:37:46.527+0000] {processor.py:830} INFO - Processing file /home/airflow/.local/lib/python3.8/site-packages/airflow/example_dags/example_bash_operator.py for tasks to queue
[2026-07-13T14:37:46.528+0000] {logging_mixin.py:188} INFO - [2026-07-13T14:37:46.528+0000] {dagbag.py:538} INFO - Filling up the DagBag from /home/airflow/.local/lib/python3.8/site-packages/airflow/example_dags/example_bash_operator.py
[2026-07-13T14:37:46.537+0000] {processor.py:840} INFO - DAG(s) 'example_bash_operator' retrieved from /home/airflow/.local/lib/python3.8/site-packages/airflow/example_dags/example_bash_operator.py
[2026-07-13T14:37:46.555+0000] {logging_mixin.py:188} INFO - [2026-07-13T14:37:46.555+0000] {dag.py:3036} INFO - Sync 1 DAGs
[2026-07-13T14:37:46.569+0000] {logging_mixin.py:188} INFO - [2026-07-13T14:37:46.569+0000] {dag.py:3823} INFO - Setting next_dagrun for example_bash_operator to 2026-07-12 00:00:00+00:00, run_after=2026-07-13 00:00:00+00:00
[2026-07-13T14:37:46.582+0000] {processor.py:183} INFO - Processing /home/airflow/.local/lib/python3.8/site-packages/airflow/example_dags/example_bash_operator.py took 0.060 seconds
