[2026-07-16T05:22:02.519+0000] {processor.py:161} INFO - Started process (PID=115) to work on /home/airflow/.local/lib/python3.8/site-packages/airflow/example_dags/example_datasets.py
[2026-07-16T05:22:02.521+0000] {processor.py:830} INFO - Processing file /home/airflow/.local/lib/python3.8/site-packages/airflow/example_dags/example_datasets.py for tasks to queue
[2026-07-16T05:22:02.526+0000] {logging_mixin.py:188} INFO - [2026-07-16T05:22:02.525+0000] {dagbag.py:538} INFO - Filling up the DagBag from /home/airflow/.local/lib/python3.8/site-packages/airflow/example_dags/example_datasets.py
[2026-07-16T05:22:02.569+0000] {processor.py:840} INFO - DAG(s) 'dataset_consumes_unknown_never_scheduled', 'dataset_produces_2', 'dataset_consumes_1_and_2', 'dataset_consumes_1', 'dataset_consumes_1_never_scheduled', 'dataset_produces_1' retrieved from /home/airflow/.local/lib/python3.8/site-packages/airflow/example_dags/example_datasets.py
[2026-07-16T05:22:02.929+0000] {logging_mixin.py:188} INFO - [2026-07-16T05:22:02.928+0000] {dag.py:3036} INFO - Sync 6 DAGs
[2026-07-16T05:22:02.961+0000] {logging_mixin.py:188} INFO - [2026-07-16T05:22:02.961+0000] {dag.py:3823} INFO - Setting next_dagrun for dataset_consumes_1 to None, run_after=None
[2026-07-16T05:22:02.965+0000] {logging_mixin.py:188} INFO - [2026-07-16T05:22:02.965+0000] {dag.py:3823} INFO - Setting next_dagrun for dataset_consumes_1_and_2 to None, run_after=None
[2026-07-16T05:22:02.969+0000] {logging_mixin.py:188} INFO - [2026-07-16T05:22:02.969+0000] {dag.py:3823} INFO - Setting next_dagrun for dataset_consumes_1_never_scheduled to None, run_after=None
[2026-07-16T05:22:02.972+0000] {logging_mixin.py:188} INFO - [2026-07-16T05:22:02.971+0000] {dag.py:3823} INFO - Setting next_dagrun for dataset_consumes_unknown_never_scheduled to None, run_after=None
[2026-07-16T05:22:02.980+0000] {logging_mixin.py:188} INFO - [2026-07-16T05:22:02.979+0000] {dag.py:3823} INFO - Setting next_dagrun for dataset_produces_1 to 2026-07-15 00:00:00+00:00, run_after=2026-07-16 00:00:00+00:00
[2026-07-16T05:22:02.983+0000] {logging_mixin.py:188} INFO - [2026-07-16T05:22:02.983+0000] {dag.py:3823} INFO - Setting next_dagrun for dataset_produces_2 to None, run_after=None
[2026-07-16T05:22:03.049+0000] {processor.py:183} INFO - Processing /home/airflow/.local/lib/python3.8/site-packages/airflow/example_dags/example_datasets.py took 0.539 seconds
[2026-07-16T05:22:33.550+0000] {processor.py:161} INFO - Started process (PID=173) to work on /home/airflow/.local/lib/python3.8/site-packages/airflow/example_dags/example_datasets.py
[2026-07-16T05:22:33.552+0000] {processor.py:830} INFO - Processing file /home/airflow/.local/lib/python3.8/site-packages/airflow/example_dags/example_datasets.py for tasks to queue
[2026-07-16T05:22:33.557+0000] {logging_mixin.py:188} INFO - [2026-07-16T05:22:33.556+0000] {dagbag.py:538} INFO - Filling up the DagBag from /home/airflow/.local/lib/python3.8/site-packages/airflow/example_dags/example_datasets.py
[2026-07-16T05:22:33.574+0000] {processor.py:840} INFO - DAG(s) 'dataset_consumes_1_never_scheduled', 'dataset_produces_1', 'dataset_consumes_1', 'dataset_consumes_1_and_2', 'dataset_produces_2', 'dataset_consumes_unknown_never_scheduled' retrieved from /home/airflow/.local/lib/python3.8/site-packages/airflow/example_dags/example_datasets.py
[2026-07-16T05:22:33.643+0000] {logging_mixin.py:188} INFO - [2026-07-16T05:22:33.642+0000] {dag.py:3036} INFO - Sync 6 DAGs
[2026-07-16T05:22:33.692+0000] {logging_mixin.py:188} INFO - [2026-07-16T05:22:33.692+0000] {dag.py:3823} INFO - Setting next_dagrun for dataset_consumes_1 to None, run_after=None
[2026-07-16T05:22:33.700+0000] {logging_mixin.py:188} INFO - [2026-07-16T05:22:33.699+0000] {dag.py:3823} INFO - Setting next_dagrun for dataset_consumes_1_and_2 to None, run_after=None
[2026-07-16T05:22:33.706+0000] {logging_mixin.py:188} INFO - [2026-07-16T05:22:33.705+0000] {dag.py:3823} INFO - Setting next_dagrun for dataset_consumes_1_never_scheduled to None, run_after=None
[2026-07-16T05:22:33.714+0000] {logging_mixin.py:188} INFO - [2026-07-16T05:22:33.713+0000] {dag.py:3823} INFO - Setting next_dagrun for dataset_consumes_unknown_never_scheduled to None, run_after=None
[2026-07-16T05:22:33.733+0000] {logging_mixin.py:188} INFO - [2026-07-16T05:22:33.732+0000] {dag.py:3823} INFO - Setting next_dagrun for dataset_produces_1 to 2026-07-15 00:00:00+00:00, run_after=2026-07-16 00:00:00+00:00
[2026-07-16T05:22:33.736+0000] {logging_mixin.py:188} INFO - [2026-07-16T05:22:33.735+0000] {dag.py:3823} INFO - Setting next_dagrun for dataset_produces_2 to None, run_after=None
[2026-07-16T05:22:33.817+0000] {processor.py:183} INFO - Processing /home/airflow/.local/lib/python3.8/site-packages/airflow/example_dags/example_datasets.py took 0.275 seconds
[2026-07-16T05:23:03.961+0000] {processor.py:161} INFO - Started process (PID=229) to work on /home/airflow/.local/lib/python3.8/site-packages/airflow/example_dags/example_datasets.py
[2026-07-16T05:23:03.963+0000] {processor.py:830} INFO - Processing file /home/airflow/.local/lib/python3.8/site-packages/airflow/example_dags/example_datasets.py for tasks to queue
[2026-07-16T05:23:03.967+0000] {logging_mixin.py:188} INFO - [2026-07-16T05:23:03.967+0000] {dagbag.py:538} INFO - Filling up the DagBag from /home/airflow/.local/lib/python3.8/site-packages/airflow/example_dags/example_datasets.py
[2026-07-16T05:23:03.994+0000] {processor.py:840} INFO - DAG(s) 'dataset_produces_2', 'dataset_produces_1', 'dataset_consumes_1', 'dataset_consumes_1_never_scheduled', 'dataset_consumes_unknown_never_scheduled', 'dataset_consumes_1_and_2' retrieved from /home/airflow/.local/lib/python3.8/site-packages/airflow/example_dags/example_datasets.py
[2026-07-16T05:23:04.114+0000] {logging_mixin.py:188} INFO - [2026-07-16T05:23:04.113+0000] {dag.py:3036} INFO - Sync 6 DAGs
[2026-07-16T05:23:04.185+0000] {logging_mixin.py:188} INFO - [2026-07-16T05:23:04.184+0000] {dag.py:3823} INFO - Setting next_dagrun for dataset_consumes_1 to None, run_after=None
[2026-07-16T05:23:04.193+0000] {logging_mixin.py:188} INFO - [2026-07-16T05:23:04.193+0000] {dag.py:3823} INFO - Setting next_dagrun for dataset_consumes_1_and_2 to None, run_after=None
[2026-07-16T05:23:04.197+0000] {logging_mixin.py:188} INFO - [2026-07-16T05:23:04.196+0000] {dag.py:3823} INFO - Setting next_dagrun for dataset_consumes_1_never_scheduled to None, run_after=None
[2026-07-16T05:23:04.200+0000] {logging_mixin.py:188} INFO - [2026-07-16T05:23:04.199+0000] {dag.py:3823} INFO - Setting next_dagrun for dataset_consumes_unknown_never_scheduled to None, run_after=None
[2026-07-16T05:23:04.207+0000] {logging_mixin.py:188} INFO - [2026-07-16T05:23:04.206+0000] {dag.py:3823} INFO - Setting next_dagrun for dataset_produces_1 to 2026-07-15 00:00:00+00:00, run_after=2026-07-16 00:00:00+00:00
[2026-07-16T05:23:04.210+0000] {logging_mixin.py:188} INFO - [2026-07-16T05:23:04.210+0000] {dag.py:3823} INFO - Setting next_dagrun for dataset_produces_2 to None, run_after=None
[2026-07-16T05:23:04.296+0000] {processor.py:183} INFO - Processing /home/airflow/.local/lib/python3.8/site-packages/airflow/example_dags/example_datasets.py took 0.344 seconds
[2026-07-16T05:23:34.576+0000] {processor.py:161} INFO - Started process (PID=285) to work on /home/airflow/.local/lib/python3.8/site-packages/airflow/example_dags/example_datasets.py
[2026-07-16T05:23:34.578+0000] {processor.py:830} INFO - Processing file /home/airflow/.local/lib/python3.8/site-packages/airflow/example_dags/example_datasets.py for tasks to queue
[2026-07-16T05:23:34.581+0000] {logging_mixin.py:188} INFO - [2026-07-16T05:23:34.580+0000] {dagbag.py:538} INFO - Filling up the DagBag from /home/airflow/.local/lib/python3.8/site-packages/airflow/example_dags/example_datasets.py
[2026-07-16T05:23:34.598+0000] {processor.py:840} INFO - DAG(s) 'dataset_produces_1', 'dataset_produces_2', 'dataset_consumes_1', 'dataset_consumes_1_never_scheduled', 'dataset_consumes_unknown_never_scheduled', 'dataset_consumes_1_and_2' retrieved from /home/airflow/.local/lib/python3.8/site-packages/airflow/example_dags/example_datasets.py
[2026-07-16T05:23:34.680+0000] {logging_mixin.py:188} INFO - [2026-07-16T05:23:34.680+0000] {dag.py:3036} INFO - Sync 6 DAGs
[2026-07-16T05:23:34.730+0000] {logging_mixin.py:188} INFO - [2026-07-16T05:23:34.729+0000] {dag.py:3823} INFO - Setting next_dagrun for dataset_consumes_1 to None, run_after=None
[2026-07-16T05:23:34.737+0000] {logging_mixin.py:188} INFO - [2026-07-16T05:23:34.737+0000] {dag.py:3823} INFO - Setting next_dagrun for dataset_consumes_1_and_2 to None, run_after=None
[2026-07-16T05:23:34.740+0000] {logging_mixin.py:188} INFO - [2026-07-16T05:23:34.739+0000] {dag.py:3823} INFO - Setting next_dagrun for dataset_consumes_1_never_scheduled to None, run_after=None
[2026-07-16T05:23:34.742+0000] {logging_mixin.py:188} INFO - [2026-07-16T05:23:34.742+0000] {dag.py:3823} INFO - Setting next_dagrun for dataset_consumes_unknown_never_scheduled to None, run_after=None
[2026-07-16T05:23:34.747+0000] {logging_mixin.py:188} INFO - [2026-07-16T05:23:34.747+0000] {dag.py:3823} INFO - Setting next_dagrun for dataset_produces_1 to 2026-07-15 00:00:00+00:00, run_after=2026-07-16 00:00:00+00:00
[2026-07-16T05:23:34.749+0000] {logging_mixin.py:188} INFO - [2026-07-16T05:23:34.749+0000] {dag.py:3823} INFO - Setting next_dagrun for dataset_produces_2 to None, run_after=None
[2026-07-16T05:23:34.804+0000] {processor.py:183} INFO - Processing /home/airflow/.local/lib/python3.8/site-packages/airflow/example_dags/example_datasets.py took 0.234 seconds
[2026-07-16T05:24:09.297+0000] {processor.py:161} INFO - Started process (PID=346) to work on /home/airflow/.local/lib/python3.8/site-packages/airflow/example_dags/example_datasets.py
[2026-07-16T05:24:09.303+0000] {processor.py:830} INFO - Processing file /home/airflow/.local/lib/python3.8/site-packages/airflow/example_dags/example_datasets.py for tasks to queue
[2026-07-16T05:24:09.314+0000] {logging_mixin.py:188} INFO - [2026-07-16T05:24:09.312+0000] {dagbag.py:538} INFO - Filling up the DagBag from /home/airflow/.local/lib/python3.8/site-packages/airflow/example_dags/example_datasets.py
[2026-07-16T05:24:09.364+0000] {processor.py:840} INFO - DAG(s) 'dataset_consumes_1_and_2', 'dataset_produces_2', 'dataset_consumes_1_never_scheduled', 'dataset_consumes_1', 'dataset_produces_1', 'dataset_consumes_unknown_never_scheduled' retrieved from /home/airflow/.local/lib/python3.8/site-packages/airflow/example_dags/example_datasets.py
[2026-07-16T05:24:09.578+0000] {logging_mixin.py:188} INFO - [2026-07-16T05:24:09.576+0000] {dag.py:3036} INFO - Sync 6 DAGs
[2026-07-16T05:24:09.758+0000] {logging_mixin.py:188} INFO - [2026-07-16T05:24:09.757+0000] {dag.py:3823} INFO - Setting next_dagrun for dataset_consumes_1 to None, run_after=None
[2026-07-16T05:24:09.785+0000] {logging_mixin.py:188} INFO - [2026-07-16T05:24:09.783+0000] {dag.py:3823} INFO - Setting next_dagrun for dataset_consumes_1_and_2 to None, run_after=None
[2026-07-16T05:24:09.794+0000] {logging_mixin.py:188} INFO - [2026-07-16T05:24:09.793+0000] {dag.py:3823} INFO - Setting next_dagrun for dataset_consumes_1_never_scheduled to None, run_after=None
[2026-07-16T05:24:09.807+0000] {logging_mixin.py:188} INFO - [2026-07-16T05:24:09.801+0000] {dag.py:3823} INFO - Setting next_dagrun for dataset_consumes_unknown_never_scheduled to None, run_after=None
[2026-07-16T05:24:09.838+0000] {logging_mixin.py:188} INFO - [2026-07-16T05:24:09.834+0000] {dag.py:3823} INFO - Setting next_dagrun for dataset_produces_1 to 2026-07-15 00:00:00+00:00, run_after=2026-07-16 00:00:00+00:00
[2026-07-16T05:24:09.846+0000] {logging_mixin.py:188} INFO - [2026-07-16T05:24:09.845+0000] {dag.py:3823} INFO - Setting next_dagrun for dataset_produces_2 to None, run_after=None
[2026-07-16T05:24:10.062+0000] {processor.py:183} INFO - Processing /home/airflow/.local/lib/python3.8/site-packages/airflow/example_dags/example_datasets.py took 0.783 seconds
[2026-07-16T05:24:40.339+0000] {processor.py:161} INFO - Started process (PID=402) to work on /home/airflow/.local/lib/python3.8/site-packages/airflow/example_dags/example_datasets.py
[2026-07-16T05:24:40.343+0000] {processor.py:830} INFO - Processing file /home/airflow/.local/lib/python3.8/site-packages/airflow/example_dags/example_datasets.py for tasks to queue
[2026-07-16T05:24:40.349+0000] {logging_mixin.py:188} INFO - [2026-07-16T05:24:40.348+0000] {dagbag.py:538} INFO - Filling up the DagBag from /home/airflow/.local/lib/python3.8/site-packages/airflow/example_dags/example_datasets.py
[2026-07-16T05:24:40.378+0000] {processor.py:840} INFO - DAG(s) 'dataset_produces_2', 'dataset_consumes_1_and_2', 'dataset_consumes_1', 'dataset_consumes_1_never_scheduled', 'dataset_consumes_unknown_never_scheduled', 'dataset_produces_1' retrieved from /home/airflow/.local/lib/python3.8/site-packages/airflow/example_dags/example_datasets.py
[2026-07-16T05:24:40.480+0000] {logging_mixin.py:188} INFO - [2026-07-16T05:24:40.479+0000] {dag.py:3036} INFO - Sync 6 DAGs
[2026-07-16T05:24:40.550+0000] {logging_mixin.py:188} INFO - [2026-07-16T05:24:40.550+0000] {dag.py:3823} INFO - Setting next_dagrun for dataset_consumes_1 to None, run_after=None
[2026-07-16T05:24:40.562+0000] {logging_mixin.py:188} INFO - [2026-07-16T05:24:40.561+0000] {dag.py:3823} INFO - Setting next_dagrun for dataset_consumes_1_and_2 to None, run_after=None
[2026-07-16T05:24:40.567+0000] {logging_mixin.py:188} INFO - [2026-07-16T05:24:40.566+0000] {dag.py:3823} INFO - Setting next_dagrun for dataset_consumes_1_never_scheduled to None, run_after=None
[2026-07-16T05:24:40.570+0000] {logging_mixin.py:188} INFO - [2026-07-16T05:24:40.570+0000] {dag.py:3823} INFO - Setting next_dagrun for dataset_consumes_unknown_never_scheduled to None, run_after=None
[2026-07-16T05:24:40.579+0000] {logging_mixin.py:188} INFO - [2026-07-16T05:24:40.578+0000] {dag.py:3823} INFO - Setting next_dagrun for dataset_produces_1 to 2026-07-15 00:00:00+00:00, run_after=2026-07-16 00:00:00+00:00
[2026-07-16T05:24:40.585+0000] {logging_mixin.py:188} INFO - [2026-07-16T05:24:40.583+0000] {dag.py:3823} INFO - Setting next_dagrun for dataset_produces_2 to None, run_after=None
[2026-07-16T05:24:40.710+0000] {processor.py:183} INFO - Processing /home/airflow/.local/lib/python3.8/site-packages/airflow/example_dags/example_datasets.py took 0.382 seconds
[2026-07-16T05:25:11.324+0000] {processor.py:161} INFO - Started process (PID=458) to work on /home/airflow/.local/lib/python3.8/site-packages/airflow/example_dags/example_datasets.py
[2026-07-16T05:25:11.325+0000] {processor.py:830} INFO - Processing file /home/airflow/.local/lib/python3.8/site-packages/airflow/example_dags/example_datasets.py for tasks to queue
[2026-07-16T05:25:11.328+0000] {logging_mixin.py:188} INFO - [2026-07-16T05:25:11.328+0000] {dagbag.py:538} INFO - Filling up the DagBag from /home/airflow/.local/lib/python3.8/site-packages/airflow/example_dags/example_datasets.py
[2026-07-16T05:25:11.365+0000] {processor.py:840} INFO - DAG(s) 'dataset_produces_1', 'dataset_consumes_unknown_never_scheduled', 'dataset_consumes_1_and_2', 'dataset_consumes_1_never_scheduled', 'dataset_consumes_1', 'dataset_produces_2' retrieved from /home/airflow/.local/lib/python3.8/site-packages/airflow/example_dags/example_datasets.py
[2026-07-16T05:25:11.470+0000] {logging_mixin.py:188} INFO - [2026-07-16T05:25:11.469+0000] {dag.py:3036} INFO - Sync 6 DAGs
[2026-07-16T05:25:11.503+0000] {logging_mixin.py:188} INFO - [2026-07-16T05:25:11.503+0000] {dag.py:3823} INFO - Setting next_dagrun for dataset_consumes_1 to None, run_after=None
[2026-07-16T05:25:11.509+0000] {logging_mixin.py:188} INFO - [2026-07-16T05:25:11.509+0000] {dag.py:3823} INFO - Setting next_dagrun for dataset_consumes_1_and_2 to None, run_after=None
[2026-07-16T05:25:11.512+0000] {logging_mixin.py:188} INFO - [2026-07-16T05:25:11.511+0000] {dag.py:3823} INFO - Setting next_dagrun for dataset_consumes_1_never_scheduled to None, run_after=None
[2026-07-16T05:25:11.514+0000] {logging_mixin.py:188} INFO - [2026-07-16T05:25:11.513+0000] {dag.py:3823} INFO - Setting next_dagrun for dataset_consumes_unknown_never_scheduled to None, run_after=None
[2026-07-16T05:25:11.519+0000] {logging_mixin.py:188} INFO - [2026-07-16T05:25:11.518+0000] {dag.py:3823} INFO - Setting next_dagrun for dataset_produces_1 to 2026-07-15 00:00:00+00:00, run_after=2026-07-16 00:00:00+00:00
[2026-07-16T05:25:11.521+0000] {logging_mixin.py:188} INFO - [2026-07-16T05:25:11.520+0000] {dag.py:3823} INFO - Setting next_dagrun for dataset_produces_2 to None, run_after=None
[2026-07-16T05:25:11.585+0000] {processor.py:183} INFO - Processing /home/airflow/.local/lib/python3.8/site-packages/airflow/example_dags/example_datasets.py took 0.267 seconds
[2026-07-16T05:25:41.626+0000] {processor.py:161} INFO - Started process (PID=515) to work on /home/airflow/.local/lib/python3.8/site-packages/airflow/example_dags/example_datasets.py
[2026-07-16T05:25:41.628+0000] {processor.py:830} INFO - Processing file /home/airflow/.local/lib/python3.8/site-packages/airflow/example_dags/example_datasets.py for tasks to queue
[2026-07-16T05:25:41.631+0000] {logging_mixin.py:188} INFO - [2026-07-16T05:25:41.631+0000] {dagbag.py:538} INFO - Filling up the DagBag from /home/airflow/.local/lib/python3.8/site-packages/airflow/example_dags/example_datasets.py
[2026-07-16T05:25:41.645+0000] {processor.py:840} INFO - DAG(s) 'dataset_consumes_1_and_2', 'dataset_consumes_1', 'dataset_consumes_unknown_never_scheduled', 'dataset_produces_1', 'dataset_consumes_1_never_scheduled', 'dataset_produces_2' retrieved from /home/airflow/.local/lib/python3.8/site-packages/airflow/example_dags/example_datasets.py
[2026-07-16T05:25:41.700+0000] {logging_mixin.py:188} INFO - [2026-07-16T05:25:41.699+0000] {dag.py:3036} INFO - Sync 6 DAGs
[2026-07-16T05:25:41.735+0000] {logging_mixin.py:188} INFO - [2026-07-16T05:25:41.735+0000] {dag.py:3823} INFO - Setting next_dagrun for dataset_consumes_1 to None, run_after=None
[2026-07-16T05:25:41.741+0000] {logging_mixin.py:188} INFO - [2026-07-16T05:25:41.740+0000] {dag.py:3823} INFO - Setting next_dagrun for dataset_consumes_1_and_2 to None, run_after=None
[2026-07-16T05:25:41.744+0000] {logging_mixin.py:188} INFO - [2026-07-16T05:25:41.744+0000] {dag.py:3823} INFO - Setting next_dagrun for dataset_consumes_1_never_scheduled to None, run_after=None
[2026-07-16T05:25:41.747+0000] {logging_mixin.py:188} INFO - [2026-07-16T05:25:41.747+0000] {dag.py:3823} INFO - Setting next_dagrun for dataset_consumes_unknown_never_scheduled to None, run_after=None
[2026-07-16T05:25:41.750+0000] {logging_mixin.py:188} INFO - [2026-07-16T05:25:41.750+0000] {dag.py:3823} INFO - Setting next_dagrun for dataset_produces_1 to 2026-07-15 00:00:00+00:00, run_after=2026-07-16 00:00:00+00:00
[2026-07-16T05:25:41.753+0000] {logging_mixin.py:188} INFO - [2026-07-16T05:25:41.752+0000] {dag.py:3823} INFO - Setting next_dagrun for dataset_produces_2 to None, run_after=None
[2026-07-16T05:25:41.803+0000] {processor.py:183} INFO - Processing /home/airflow/.local/lib/python3.8/site-packages/airflow/example_dags/example_datasets.py took 0.183 seconds
[2026-07-16T05:26:11.914+0000] {processor.py:161} INFO - Started process (PID=571) to work on /home/airflow/.local/lib/python3.8/site-packages/airflow/example_dags/example_datasets.py
[2026-07-16T05:26:11.916+0000] {processor.py:830} INFO - Processing file /home/airflow/.local/lib/python3.8/site-packages/airflow/example_dags/example_datasets.py for tasks to queue
[2026-07-16T05:26:11.919+0000] {logging_mixin.py:188} INFO - [2026-07-16T05:26:11.918+0000] {dagbag.py:538} INFO - Filling up the DagBag from /home/airflow/.local/lib/python3.8/site-packages/airflow/example_dags/example_datasets.py
[2026-07-16T05:26:11.931+0000] {processor.py:840} INFO - DAG(s) 'dataset_consumes_1', 'dataset_produces_1', 'dataset_consumes_1_never_scheduled', 'dataset_consumes_unknown_never_scheduled', 'dataset_consumes_1_and_2', 'dataset_produces_2' retrieved from /home/airflow/.local/lib/python3.8/site-packages/airflow/example_dags/example_datasets.py
[2026-07-16T05:26:11.980+0000] {logging_mixin.py:188} INFO - [2026-07-16T05:26:11.980+0000] {dag.py:3036} INFO - Sync 6 DAGs
[2026-07-16T05:26:12.008+0000] {logging_mixin.py:188} INFO - [2026-07-16T05:26:12.008+0000] {dag.py:3823} INFO - Setting next_dagrun for dataset_consumes_1 to None, run_after=None
[2026-07-16T05:26:12.014+0000] {logging_mixin.py:188} INFO - [2026-07-16T05:26:12.013+0000] {dag.py:3823} INFO - Setting next_dagrun for dataset_consumes_1_and_2 to None, run_after=None
[2026-07-16T05:26:12.016+0000] {logging_mixin.py:188} INFO - [2026-07-16T05:26:12.015+0000] {dag.py:3823} INFO - Setting next_dagrun for dataset_consumes_1_never_scheduled to None, run_after=None
[2026-07-16T05:26:12.017+0000] {logging_mixin.py:188} INFO - [2026-07-16T05:26:12.017+0000] {dag.py:3823} INFO - Setting next_dagrun for dataset_consumes_unknown_never_scheduled to None, run_after=None
[2026-07-16T05:26:12.022+0000] {logging_mixin.py:188} INFO - [2026-07-16T05:26:12.021+0000] {dag.py:3823} INFO - Setting next_dagrun for dataset_produces_1 to 2026-07-15 00:00:00+00:00, run_after=2026-07-16 00:00:00+00:00
[2026-07-16T05:26:12.024+0000] {logging_mixin.py:188} INFO - [2026-07-16T05:26:12.024+0000] {dag.py:3823} INFO - Setting next_dagrun for dataset_produces_2 to None, run_after=None
[2026-07-16T05:26:12.071+0000] {processor.py:183} INFO - Processing /home/airflow/.local/lib/python3.8/site-packages/airflow/example_dags/example_datasets.py took 0.163 seconds
[2026-07-16T05:26:42.409+0000] {processor.py:161} INFO - Started process (PID=628) to work on /home/airflow/.local/lib/python3.8/site-packages/airflow/example_dags/example_datasets.py
[2026-07-16T05:26:42.411+0000] {processor.py:830} INFO - Processing file /home/airflow/.local/lib/python3.8/site-packages/airflow/example_dags/example_datasets.py for tasks to queue
[2026-07-16T05:26:42.417+0000] {logging_mixin.py:188} INFO - [2026-07-16T05:26:42.415+0000] {dagbag.py:538} INFO - Filling up the DagBag from /home/airflow/.local/lib/python3.8/site-packages/airflow/example_dags/example_datasets.py
[2026-07-16T05:26:42.438+0000] {processor.py:840} INFO - DAG(s) 'dataset_consumes_1_and_2', 'dataset_consumes_unknown_never_scheduled', 'dataset_consumes_1_never_scheduled', 'dataset_consumes_1', 'dataset_produces_1', 'dataset_produces_2' retrieved from /home/airflow/.local/lib/python3.8/site-packages/airflow/example_dags/example_datasets.py
[2026-07-16T05:26:42.497+0000] {logging_mixin.py:188} INFO - [2026-07-16T05:26:42.497+0000] {dag.py:3036} INFO - Sync 6 DAGs
[2026-07-16T05:26:42.532+0000] {logging_mixin.py:188} INFO - [2026-07-16T05:26:42.532+0000] {dag.py:3823} INFO - Setting next_dagrun for dataset_consumes_1 to None, run_after=None
[2026-07-16T05:26:42.538+0000] {logging_mixin.py:188} INFO - [2026-07-16T05:26:42.538+0000] {dag.py:3823} INFO - Setting next_dagrun for dataset_consumes_1_and_2 to None, run_after=None
[2026-07-16T05:26:42.540+0000] {logging_mixin.py:188} INFO - [2026-07-16T05:26:42.539+0000] {dag.py:3823} INFO - Setting next_dagrun for dataset_consumes_1_never_scheduled to None, run_after=None
[2026-07-16T05:26:42.542+0000] {logging_mixin.py:188} INFO - [2026-07-16T05:26:42.541+0000] {dag.py:3823} INFO - Setting next_dagrun for dataset_consumes_unknown_never_scheduled to None, run_after=None
[2026-07-16T05:26:42.547+0000] {logging_mixin.py:188} INFO - [2026-07-16T05:26:42.546+0000] {dag.py:3823} INFO - Setting next_dagrun for dataset_produces_1 to 2026-07-15 00:00:00+00:00, run_after=2026-07-16 00:00:00+00:00
[2026-07-16T05:26:42.549+0000] {logging_mixin.py:188} INFO - [2026-07-16T05:26:42.548+0000] {dag.py:3823} INFO - Setting next_dagrun for dataset_produces_2 to None, run_after=None
[2026-07-16T05:26:42.595+0000] {processor.py:183} INFO - Processing /home/airflow/.local/lib/python3.8/site-packages/airflow/example_dags/example_datasets.py took 0.192 seconds
[2026-07-16T05:27:12.662+0000] {processor.py:161} INFO - Started process (PID=686) to work on /home/airflow/.local/lib/python3.8/site-packages/airflow/example_dags/example_datasets.py
[2026-07-16T05:27:12.664+0000] {processor.py:830} INFO - Processing file /home/airflow/.local/lib/python3.8/site-packages/airflow/example_dags/example_datasets.py for tasks to queue
[2026-07-16T05:27:12.666+0000] {logging_mixin.py:188} INFO - [2026-07-16T05:27:12.666+0000] {dagbag.py:538} INFO - Filling up the DagBag from /home/airflow/.local/lib/python3.8/site-packages/airflow/example_dags/example_datasets.py
[2026-07-16T05:27:12.678+0000] {processor.py:840} INFO - DAG(s) 'dataset_consumes_1', 'dataset_consumes_1_never_scheduled', 'dataset_consumes_unknown_never_scheduled', 'dataset_produces_1', 'dataset_consumes_1_and_2', 'dataset_produces_2' retrieved from /home/airflow/.local/lib/python3.8/site-packages/airflow/example_dags/example_datasets.py
[2026-07-16T05:27:12.727+0000] {logging_mixin.py:188} INFO - [2026-07-16T05:27:12.727+0000] {dag.py:3036} INFO - Sync 6 DAGs
[2026-07-16T05:27:12.762+0000] {logging_mixin.py:188} INFO - [2026-07-16T05:27:12.762+0000] {dag.py:3823} INFO - Setting next_dagrun for dataset_consumes_1 to None, run_after=None
[2026-07-16T05:27:12.769+0000] {logging_mixin.py:188} INFO - [2026-07-16T05:27:12.769+0000] {dag.py:3823} INFO - Setting next_dagrun for dataset_consumes_1_and_2 to None, run_after=None
[2026-07-16T05:27:12.772+0000] {logging_mixin.py:188} INFO - [2026-07-16T05:27:12.772+0000] {dag.py:3823} INFO - Setting next_dagrun for dataset_consumes_1_never_scheduled to None, run_after=None
[2026-07-16T05:27:12.774+0000] {logging_mixin.py:188} INFO - [2026-07-16T05:27:12.773+0000] {dag.py:3823} INFO - Setting next_dagrun for dataset_consumes_unknown_never_scheduled to None, run_after=None
[2026-07-16T05:27:12.777+0000] {logging_mixin.py:188} INFO - [2026-07-16T05:27:12.777+0000] {dag.py:3823} INFO - Setting next_dagrun for dataset_produces_1 to 2026-07-15 00:00:00+00:00, run_after=2026-07-16 00:00:00+00:00
[2026-07-16T05:27:12.779+0000] {logging_mixin.py:188} INFO - [2026-07-16T05:27:12.779+0000] {dag.py:3823} INFO - Setting next_dagrun for dataset_produces_2 to None, run_after=None
[2026-07-16T05:27:12.835+0000] {processor.py:183} INFO - Processing /home/airflow/.local/lib/python3.8/site-packages/airflow/example_dags/example_datasets.py took 0.177 seconds
[2026-07-16T05:27:43.424+0000] {processor.py:161} INFO - Started process (PID=738) to work on /home/airflow/.local/lib/python3.8/site-packages/airflow/example_dags/example_datasets.py
[2026-07-16T05:27:43.426+0000] {processor.py:830} INFO - Processing file /home/airflow/.local/lib/python3.8/site-packages/airflow/example_dags/example_datasets.py for tasks to queue
[2026-07-16T05:27:43.429+0000] {logging_mixin.py:188} INFO - [2026-07-16T05:27:43.428+0000] {dagbag.py:538} INFO - Filling up the DagBag from /home/airflow/.local/lib/python3.8/site-packages/airflow/example_dags/example_datasets.py
[2026-07-16T05:27:43.442+0000] {processor.py:840} INFO - DAG(s) 'dataset_produces_2', 'dataset_consumes_1', 'dataset_consumes_1_never_scheduled', 'dataset_consumes_unknown_never_scheduled', 'dataset_produces_1', 'dataset_consumes_1_and_2' retrieved from /home/airflow/.local/lib/python3.8/site-packages/airflow/example_dags/example_datasets.py
[2026-07-16T05:27:43.490+0000] {logging_mixin.py:188} INFO - [2026-07-16T05:27:43.489+0000] {dag.py:3036} INFO - Sync 6 DAGs
[2026-07-16T05:27:43.524+0000] {logging_mixin.py:188} INFO - [2026-07-16T05:27:43.523+0000] {dag.py:3823} INFO - Setting next_dagrun for dataset_consumes_1 to None, run_after=None
[2026-07-16T05:27:43.529+0000] {logging_mixin.py:188} INFO - [2026-07-16T05:27:43.529+0000] {dag.py:3823} INFO - Setting next_dagrun for dataset_consumes_1_and_2 to None, run_after=None
[2026-07-16T05:27:43.532+0000] {logging_mixin.py:188} INFO - [2026-07-16T05:27:43.531+0000] {dag.py:3823} INFO - Setting next_dagrun for dataset_consumes_1_never_scheduled to None, run_after=None
[2026-07-16T05:27:43.533+0000] {logging_mixin.py:188} INFO - [2026-07-16T05:27:43.533+0000] {dag.py:3823} INFO - Setting next_dagrun for dataset_consumes_unknown_never_scheduled to None, run_after=None
[2026-07-16T05:27:43.536+0000] {logging_mixin.py:188} INFO - [2026-07-16T05:27:43.536+0000] {dag.py:3823} INFO - Setting next_dagrun for dataset_produces_1 to 2026-07-15 00:00:00+00:00, run_after=2026-07-16 00:00:00+00:00
[2026-07-16T05:27:43.538+0000] {logging_mixin.py:188} INFO - [2026-07-16T05:27:43.538+0000] {dag.py:3823} INFO - Setting next_dagrun for dataset_produces_2 to None, run_after=None
[2026-07-16T05:27:43.594+0000] {processor.py:183} INFO - Processing /home/airflow/.local/lib/python3.8/site-packages/airflow/example_dags/example_datasets.py took 0.174 seconds
[2026-07-16T05:28:14.543+0000] {processor.py:161} INFO - Started process (PID=794) to work on /home/airflow/.local/lib/python3.8/site-packages/airflow/example_dags/example_datasets.py
[2026-07-16T05:28:14.550+0000] {processor.py:830} INFO - Processing file /home/airflow/.local/lib/python3.8/site-packages/airflow/example_dags/example_datasets.py for tasks to queue
[2026-07-16T05:28:14.558+0000] {logging_mixin.py:188} INFO - [2026-07-16T05:28:14.557+0000] {dagbag.py:538} INFO - Filling up the DagBag from /home/airflow/.local/lib/python3.8/site-packages/airflow/example_dags/example_datasets.py
[2026-07-16T05:28:14.580+0000] {processor.py:840} INFO - DAG(s) 'dataset_consumes_1', 'dataset_consumes_1_and_2', 'dataset_consumes_1_never_scheduled', 'dataset_produces_2', 'dataset_produces_1', 'dataset_consumes_unknown_never_scheduled' retrieved from /home/airflow/.local/lib/python3.8/site-packages/airflow/example_dags/example_datasets.py
[2026-07-16T05:28:14.658+0000] {logging_mixin.py:188} INFO - [2026-07-16T05:28:14.658+0000] {dag.py:3036} INFO - Sync 6 DAGs
[2026-07-16T05:28:14.701+0000] {logging_mixin.py:188} INFO - [2026-07-16T05:28:14.700+0000] {dag.py:3823} INFO - Setting next_dagrun for dataset_consumes_1 to None, run_after=None
[2026-07-16T05:28:14.707+0000] {logging_mixin.py:188} INFO - [2026-07-16T05:28:14.707+0000] {dag.py:3823} INFO - Setting next_dagrun for dataset_consumes_1_and_2 to None, run_after=None
[2026-07-16T05:28:14.711+0000] {logging_mixin.py:188} INFO - [2026-07-16T05:28:14.710+0000] {dag.py:3823} INFO - Setting next_dagrun for dataset_consumes_1_never_scheduled to None, run_after=None
[2026-07-16T05:28:14.715+0000] {logging_mixin.py:188} INFO - [2026-07-16T05:28:14.714+0000] {dag.py:3823} INFO - Setting next_dagrun for dataset_consumes_unknown_never_scheduled to None, run_after=None
[2026-07-16T05:28:14.722+0000] {logging_mixin.py:188} INFO - [2026-07-16T05:28:14.721+0000] {dag.py:3823} INFO - Setting next_dagrun for dataset_produces_1 to 2026-07-15 00:00:00+00:00, run_after=2026-07-16 00:00:00+00:00
[2026-07-16T05:28:14.724+0000] {logging_mixin.py:188} INFO - [2026-07-16T05:28:14.724+0000] {dag.py:3823} INFO - Setting next_dagrun for dataset_produces_2 to None, run_after=None
[2026-07-16T05:28:14.799+0000] {processor.py:183} INFO - Processing /home/airflow/.local/lib/python3.8/site-packages/airflow/example_dags/example_datasets.py took 0.266 seconds
[2026-07-16T05:28:45.237+0000] {processor.py:161} INFO - Started process (PID=851) to work on /home/airflow/.local/lib/python3.8/site-packages/airflow/example_dags/example_datasets.py
[2026-07-16T05:28:45.239+0000] {processor.py:830} INFO - Processing file /home/airflow/.local/lib/python3.8/site-packages/airflow/example_dags/example_datasets.py for tasks to queue
[2026-07-16T05:28:45.245+0000] {logging_mixin.py:188} INFO - [2026-07-16T05:28:45.244+0000] {dagbag.py:538} INFO - Filling up the DagBag from /home/airflow/.local/lib/python3.8/site-packages/airflow/example_dags/example_datasets.py
[2026-07-16T05:28:45.284+0000] {processor.py:840} INFO - DAG(s) 'dataset_produces_2', 'dataset_produces_1', 'dataset_consumes_unknown_never_scheduled', 'dataset_consumes_1_never_scheduled', 'dataset_consumes_1', 'dataset_consumes_1_and_2' retrieved from /home/airflow/.local/lib/python3.8/site-packages/airflow/example_dags/example_datasets.py
[2026-07-16T05:28:45.384+0000] {logging_mixin.py:188} INFO - [2026-07-16T05:28:45.383+0000] {dag.py:3036} INFO - Sync 6 DAGs
[2026-07-16T05:28:45.434+0000] {logging_mixin.py:188} INFO - [2026-07-16T05:28:45.434+0000] {dag.py:3823} INFO - Setting next_dagrun for dataset_consumes_1 to None, run_after=None
[2026-07-16T05:28:45.443+0000] {logging_mixin.py:188} INFO - [2026-07-16T05:28:45.443+0000] {dag.py:3823} INFO - Setting next_dagrun for dataset_consumes_1_and_2 to None, run_after=None
[2026-07-16T05:28:45.449+0000] {logging_mixin.py:188} INFO - [2026-07-16T05:28:45.449+0000] {dag.py:3823} INFO - Setting next_dagrun for dataset_consumes_1_never_scheduled to None, run_after=None
[2026-07-16T05:28:45.453+0000] {logging_mixin.py:188} INFO - [2026-07-16T05:28:45.453+0000] {dag.py:3823} INFO - Setting next_dagrun for dataset_consumes_unknown_never_scheduled to None, run_after=None
[2026-07-16T05:28:45.463+0000] {logging_mixin.py:188} INFO - [2026-07-16T05:28:45.463+0000] {dag.py:3823} INFO - Setting next_dagrun for dataset_produces_1 to 2026-07-15 00:00:00+00:00, run_after=2026-07-16 00:00:00+00:00
[2026-07-16T05:28:45.471+0000] {logging_mixin.py:188} INFO - [2026-07-16T05:28:45.469+0000] {dag.py:3823} INFO - Setting next_dagrun for dataset_produces_2 to None, run_after=None
[2026-07-16T05:28:45.567+0000] {processor.py:183} INFO - Processing /home/airflow/.local/lib/python3.8/site-packages/airflow/example_dags/example_datasets.py took 0.337 seconds
[2026-07-16T05:29:15.672+0000] {processor.py:161} INFO - Started process (PID=907) to work on /home/airflow/.local/lib/python3.8/site-packages/airflow/example_dags/example_datasets.py
[2026-07-16T05:29:15.677+0000] {processor.py:830} INFO - Processing file /home/airflow/.local/lib/python3.8/site-packages/airflow/example_dags/example_datasets.py for tasks to queue
[2026-07-16T05:29:15.684+0000] {logging_mixin.py:188} INFO - [2026-07-16T05:29:15.683+0000] {dagbag.py:538} INFO - Filling up the DagBag from /home/airflow/.local/lib/python3.8/site-packages/airflow/example_dags/example_datasets.py
[2026-07-16T05:29:15.722+0000] {processor.py:840} INFO - DAG(s) 'dataset_consumes_unknown_never_scheduled', 'dataset_consumes_1_and_2', 'dataset_consumes_1', 'dataset_produces_2', 'dataset_produces_1', 'dataset_consumes_1_never_scheduled' retrieved from /home/airflow/.local/lib/python3.8/site-packages/airflow/example_dags/example_datasets.py
[2026-07-16T05:29:15.834+0000] {logging_mixin.py:188} INFO - [2026-07-16T05:29:15.833+0000] {dag.py:3036} INFO - Sync 6 DAGs
[2026-07-16T05:29:15.896+0000] {logging_mixin.py:188} INFO - [2026-07-16T05:29:15.895+0000] {dag.py:3823} INFO - Setting next_dagrun for dataset_consumes_1 to None, run_after=None
[2026-07-16T05:29:15.908+0000] {logging_mixin.py:188} INFO - [2026-07-16T05:29:15.908+0000] {dag.py:3823} INFO - Setting next_dagrun for dataset_consumes_1_and_2 to None, run_after=None
[2026-07-16T05:29:15.913+0000] {logging_mixin.py:188} INFO - [2026-07-16T05:29:15.912+0000] {dag.py:3823} INFO - Setting next_dagrun for dataset_consumes_1_never_scheduled to None, run_after=None
[2026-07-16T05:29:15.918+0000] {logging_mixin.py:188} INFO - [2026-07-16T05:29:15.917+0000] {dag.py:3823} INFO - Setting next_dagrun for dataset_consumes_unknown_never_scheduled to None, run_after=None
[2026-07-16T05:29:15.926+0000] {logging_mixin.py:188} INFO - [2026-07-16T05:29:15.925+0000] {dag.py:3823} INFO - Setting next_dagrun for dataset_produces_1 to 2026-07-15 00:00:00+00:00, run_after=2026-07-16 00:00:00+00:00
[2026-07-16T05:29:15.929+0000] {logging_mixin.py:188} INFO - [2026-07-16T05:29:15.928+0000] {dag.py:3823} INFO - Setting next_dagrun for dataset_produces_2 to None, run_after=None
[2026-07-16T05:29:16.027+0000] {processor.py:183} INFO - Processing /home/airflow/.local/lib/python3.8/site-packages/airflow/example_dags/example_datasets.py took 0.367 seconds
[2026-07-16T05:29:46.797+0000] {processor.py:161} INFO - Started process (PID=963) to work on /home/airflow/.local/lib/python3.8/site-packages/airflow/example_dags/example_datasets.py
[2026-07-16T05:29:46.801+0000] {processor.py:830} INFO - Processing file /home/airflow/.local/lib/python3.8/site-packages/airflow/example_dags/example_datasets.py for tasks to queue
[2026-07-16T05:29:46.806+0000] {logging_mixin.py:188} INFO - [2026-07-16T05:29:46.805+0000] {dagbag.py:538} INFO - Filling up the DagBag from /home/airflow/.local/lib/python3.8/site-packages/airflow/example_dags/example_datasets.py
[2026-07-16T05:29:46.832+0000] {processor.py:840} INFO - DAG(s) 'dataset_produces_2', 'dataset_consumes_1', 'dataset_consumes_unknown_never_scheduled', 'dataset_produces_1', 'dataset_consumes_1_never_scheduled', 'dataset_consumes_1_and_2' retrieved from /home/airflow/.local/lib/python3.8/site-packages/airflow/example_dags/example_datasets.py
[2026-07-16T05:29:46.936+0000] {logging_mixin.py:188} INFO - [2026-07-16T05:29:46.935+0000] {dag.py:3036} INFO - Sync 6 DAGs
[2026-07-16T05:29:46.993+0000] {logging_mixin.py:188} INFO - [2026-07-16T05:29:46.992+0000] {dag.py:3823} INFO - Setting next_dagrun for dataset_consumes_1 to None, run_after=None
[2026-07-16T05:29:47.003+0000] {logging_mixin.py:188} INFO - [2026-07-16T05:29:47.002+0000] {dag.py:3823} INFO - Setting next_dagrun for dataset_consumes_1_and_2 to None, run_after=None
[2026-07-16T05:29:47.007+0000] {logging_mixin.py:188} INFO - [2026-07-16T05:29:47.007+0000] {dag.py:3823} INFO - Setting next_dagrun for dataset_consumes_1_never_scheduled to None, run_after=None
[2026-07-16T05:29:47.012+0000] {logging_mixin.py:188} INFO - [2026-07-16T05:29:47.011+0000] {dag.py:3823} INFO - Setting next_dagrun for dataset_consumes_unknown_never_scheduled to None, run_after=None
[2026-07-16T05:29:47.019+0000] {logging_mixin.py:188} INFO - [2026-07-16T05:29:47.018+0000] {dag.py:3823} INFO - Setting next_dagrun for dataset_produces_1 to 2026-07-15 00:00:00+00:00, run_after=2026-07-16 00:00:00+00:00
[2026-07-16T05:29:47.025+0000] {logging_mixin.py:188} INFO - [2026-07-16T05:29:47.023+0000] {dag.py:3823} INFO - Setting next_dagrun for dataset_produces_2 to None, run_after=None
[2026-07-16T05:29:47.126+0000] {processor.py:183} INFO - Processing /home/airflow/.local/lib/python3.8/site-packages/airflow/example_dags/example_datasets.py took 0.340 seconds
[2026-07-16T05:30:17.853+0000] {processor.py:161} INFO - Started process (PID=1019) to work on /home/airflow/.local/lib/python3.8/site-packages/airflow/example_dags/example_datasets.py
[2026-07-16T05:30:17.857+0000] {processor.py:830} INFO - Processing file /home/airflow/.local/lib/python3.8/site-packages/airflow/example_dags/example_datasets.py for tasks to queue
[2026-07-16T05:30:17.860+0000] {logging_mixin.py:188} INFO - [2026-07-16T05:30:17.859+0000] {dagbag.py:538} INFO - Filling up the DagBag from /home/airflow/.local/lib/python3.8/site-packages/airflow/example_dags/example_datasets.py
[2026-07-16T05:30:17.875+0000] {processor.py:840} INFO - DAG(s) 'dataset_produces_1', 'dataset_consumes_1_and_2', 'dataset_consumes_unknown_never_scheduled', 'dataset_consumes_1_never_scheduled', 'dataset_consumes_1', 'dataset_produces_2' retrieved from /home/airflow/.local/lib/python3.8/site-packages/airflow/example_dags/example_datasets.py
[2026-07-16T05:30:17.932+0000] {logging_mixin.py:188} INFO - [2026-07-16T05:30:17.932+0000] {dag.py:3036} INFO - Sync 6 DAGs
[2026-07-16T05:30:17.964+0000] {logging_mixin.py:188} INFO - [2026-07-16T05:30:17.964+0000] {dag.py:3823} INFO - Setting next_dagrun for dataset_consumes_1 to None, run_after=None
[2026-07-16T05:30:17.968+0000] {logging_mixin.py:188} INFO - [2026-07-16T05:30:17.968+0000] {dag.py:3823} INFO - Setting next_dagrun for dataset_consumes_1_and_2 to None, run_after=None
[2026-07-16T05:30:17.970+0000] {logging_mixin.py:188} INFO - [2026-07-16T05:30:17.970+0000] {dag.py:3823} INFO - Setting next_dagrun for dataset_consumes_1_never_scheduled to None, run_after=None
[2026-07-16T05:30:17.971+0000] {logging_mixin.py:188} INFO - [2026-07-16T05:30:17.971+0000] {dag.py:3823} INFO - Setting next_dagrun for dataset_consumes_unknown_never_scheduled to None, run_after=None
[2026-07-16T05:30:17.976+0000] {logging_mixin.py:188} INFO - [2026-07-16T05:30:17.975+0000] {dag.py:3823} INFO - Setting next_dagrun for dataset_produces_1 to 2026-07-15 00:00:00+00:00, run_after=2026-07-16 00:00:00+00:00
[2026-07-16T05:30:17.977+0000] {logging_mixin.py:188} INFO - [2026-07-16T05:30:17.977+0000] {dag.py:3823} INFO - Setting next_dagrun for dataset_produces_2 to None, run_after=None
[2026-07-16T05:30:18.021+0000] {processor.py:183} INFO - Processing /home/airflow/.local/lib/python3.8/site-packages/airflow/example_dags/example_datasets.py took 0.175 seconds
[2026-07-16T05:30:48.337+0000] {processor.py:161} INFO - Started process (PID=1075) to work on /home/airflow/.local/lib/python3.8/site-packages/airflow/example_dags/example_datasets.py
[2026-07-16T05:30:48.341+0000] {processor.py:830} INFO - Processing file /home/airflow/.local/lib/python3.8/site-packages/airflow/example_dags/example_datasets.py for tasks to queue
[2026-07-16T05:30:48.344+0000] {logging_mixin.py:188} INFO - [2026-07-16T05:30:48.343+0000] {dagbag.py:538} INFO - Filling up the DagBag from /home/airflow/.local/lib/python3.8/site-packages/airflow/example_dags/example_datasets.py
[2026-07-16T05:30:48.359+0000] {processor.py:840} INFO - DAG(s) 'dataset_consumes_1_and_2', 'dataset_produces_1', 'dataset_consumes_1', 'dataset_consumes_unknown_never_scheduled', 'dataset_produces_2', 'dataset_consumes_1_never_scheduled' retrieved from /home/airflow/.local/lib/python3.8/site-packages/airflow/example_dags/example_datasets.py
[2026-07-16T05:30:48.409+0000] {logging_mixin.py:188} INFO - [2026-07-16T05:30:48.409+0000] {dag.py:3036} INFO - Sync 6 DAGs
[2026-07-16T05:30:48.438+0000] {logging_mixin.py:188} INFO - [2026-07-16T05:30:48.438+0000] {dag.py:3823} INFO - Setting next_dagrun for dataset_consumes_1 to None, run_after=None
[2026-07-16T05:30:48.444+0000] {logging_mixin.py:188} INFO - [2026-07-16T05:30:48.444+0000] {dag.py:3823} INFO - Setting next_dagrun for dataset_consumes_1_and_2 to None, run_after=None
[2026-07-16T05:30:48.446+0000] {logging_mixin.py:188} INFO - [2026-07-16T05:30:48.446+0000] {dag.py:3823} INFO - Setting next_dagrun for dataset_consumes_1_never_scheduled to None, run_after=None
[2026-07-16T05:30:48.448+0000] {logging_mixin.py:188} INFO - [2026-07-16T05:30:48.448+0000] {dag.py:3823} INFO - Setting next_dagrun for dataset_consumes_unknown_never_scheduled to None, run_after=None
[2026-07-16T05:30:48.452+0000] {logging_mixin.py:188} INFO - [2026-07-16T05:30:48.452+0000] {dag.py:3823} INFO - Setting next_dagrun for dataset_produces_1 to 2026-07-15 00:00:00+00:00, run_after=2026-07-16 00:00:00+00:00
[2026-07-16T05:30:48.454+0000] {logging_mixin.py:188} INFO - [2026-07-16T05:30:48.454+0000] {dag.py:3823} INFO - Setting next_dagrun for dataset_produces_2 to None, run_after=None
[2026-07-16T05:30:48.503+0000] {processor.py:183} INFO - Processing /home/airflow/.local/lib/python3.8/site-packages/airflow/example_dags/example_datasets.py took 0.179 seconds
[2026-07-16T05:31:18.754+0000] {processor.py:161} INFO - Started process (PID=1132) to work on /home/airflow/.local/lib/python3.8/site-packages/airflow/example_dags/example_datasets.py
[2026-07-16T05:31:18.758+0000] {processor.py:830} INFO - Processing file /home/airflow/.local/lib/python3.8/site-packages/airflow/example_dags/example_datasets.py for tasks to queue
[2026-07-16T05:31:18.762+0000] {logging_mixin.py:188} INFO - [2026-07-16T05:31:18.761+0000] {dagbag.py:538} INFO - Filling up the DagBag from /home/airflow/.local/lib/python3.8/site-packages/airflow/example_dags/example_datasets.py
[2026-07-16T05:31:18.784+0000] {processor.py:840} INFO - DAG(s) 'dataset_consumes_unknown_never_scheduled', 'dataset_produces_2', 'dataset_consumes_1_never_scheduled', 'dataset_consumes_1', 'dataset_consumes_1_and_2', 'dataset_produces_1' retrieved from /home/airflow/.local/lib/python3.8/site-packages/airflow/example_dags/example_datasets.py
[2026-07-16T05:31:18.866+0000] {logging_mixin.py:188} INFO - [2026-07-16T05:31:18.866+0000] {dag.py:3036} INFO - Sync 6 DAGs
[2026-07-16T05:31:18.916+0000] {logging_mixin.py:188} INFO - [2026-07-16T05:31:18.915+0000] {dag.py:3823} INFO - Setting next_dagrun for dataset_consumes_1 to None, run_after=None
[2026-07-16T05:31:18.926+0000] {logging_mixin.py:188} INFO - [2026-07-16T05:31:18.925+0000] {dag.py:3823} INFO - Setting next_dagrun for dataset_consumes_1_and_2 to None, run_after=None
[2026-07-16T05:31:18.931+0000] {logging_mixin.py:188} INFO - [2026-07-16T05:31:18.930+0000] {dag.py:3823} INFO - Setting next_dagrun for dataset_consumes_1_never_scheduled to None, run_after=None
[2026-07-16T05:31:18.934+0000] {logging_mixin.py:188} INFO - [2026-07-16T05:31:18.934+0000] {dag.py:3823} INFO - Setting next_dagrun for dataset_consumes_unknown_never_scheduled to None, run_after=None
[2026-07-16T05:31:18.941+0000] {logging_mixin.py:188} INFO - [2026-07-16T05:31:18.940+0000] {dag.py:3823} INFO - Setting next_dagrun for dataset_produces_1 to 2026-07-15 00:00:00+00:00, run_after=2026-07-16 00:00:00+00:00
[2026-07-16T05:31:18.944+0000] {logging_mixin.py:188} INFO - [2026-07-16T05:31:18.944+0000] {dag.py:3823} INFO - Setting next_dagrun for dataset_produces_2 to None, run_after=None
[2026-07-16T05:31:19.001+0000] {processor.py:183} INFO - Processing /home/airflow/.local/lib/python3.8/site-packages/airflow/example_dags/example_datasets.py took 0.252 seconds
[2026-07-16T05:31:49.200+0000] {processor.py:161} INFO - Started process (PID=1191) to work on /home/airflow/.local/lib/python3.8/site-packages/airflow/example_dags/example_datasets.py
[2026-07-16T05:31:49.202+0000] {processor.py:830} INFO - Processing file /home/airflow/.local/lib/python3.8/site-packages/airflow/example_dags/example_datasets.py for tasks to queue
[2026-07-16T05:31:49.207+0000] {logging_mixin.py:188} INFO - [2026-07-16T05:31:49.206+0000] {dagbag.py:538} INFO - Filling up the DagBag from /home/airflow/.local/lib/python3.8/site-packages/airflow/example_dags/example_datasets.py
[2026-07-16T05:31:49.234+0000] {processor.py:840} INFO - DAG(s) 'dataset_consumes_unknown_never_scheduled', 'dataset_produces_2', 'dataset_consumes_1_and_2', 'dataset_produces_1', 'dataset_consumes_1_never_scheduled', 'dataset_consumes_1' retrieved from /home/airflow/.local/lib/python3.8/site-packages/airflow/example_dags/example_datasets.py
[2026-07-16T05:31:49.304+0000] {logging_mixin.py:188} INFO - [2026-07-16T05:31:49.304+0000] {dag.py:3036} INFO - Sync 6 DAGs
[2026-07-16T05:31:49.329+0000] {logging_mixin.py:188} INFO - [2026-07-16T05:31:49.329+0000] {dag.py:3823} INFO - Setting next_dagrun for dataset_consumes_1 to None, run_after=None
[2026-07-16T05:31:49.333+0000] {logging_mixin.py:188} INFO - [2026-07-16T05:31:49.332+0000] {dag.py:3823} INFO - Setting next_dagrun for dataset_consumes_1_and_2 to None, run_after=None
[2026-07-16T05:31:49.335+0000] {logging_mixin.py:188} INFO - [2026-07-16T05:31:49.335+0000] {dag.py:3823} INFO - Setting next_dagrun for dataset_consumes_1_never_scheduled to None, run_after=None
[2026-07-16T05:31:49.337+0000] {logging_mixin.py:188} INFO - [2026-07-16T05:31:49.337+0000] {dag.py:3823} INFO - Setting next_dagrun for dataset_consumes_unknown_never_scheduled to None, run_after=None
[2026-07-16T05:31:49.340+0000] {logging_mixin.py:188} INFO - [2026-07-16T05:31:49.340+0000] {dag.py:3823} INFO - Setting next_dagrun for dataset_produces_1 to 2026-07-15 00:00:00+00:00, run_after=2026-07-16 00:00:00+00:00
[2026-07-16T05:31:49.343+0000] {logging_mixin.py:188} INFO - [2026-07-16T05:31:49.342+0000] {dag.py:3823} INFO - Setting next_dagrun for dataset_produces_2 to None, run_after=None
[2026-07-16T05:31:49.403+0000] {processor.py:183} INFO - Processing /home/airflow/.local/lib/python3.8/site-packages/airflow/example_dags/example_datasets.py took 0.212 seconds
[2026-07-16T05:32:20.204+0000] {processor.py:161} INFO - Started process (PID=1247) to work on /home/airflow/.local/lib/python3.8/site-packages/airflow/example_dags/example_datasets.py
[2026-07-16T05:32:20.207+0000] {processor.py:830} INFO - Processing file /home/airflow/.local/lib/python3.8/site-packages/airflow/example_dags/example_datasets.py for tasks to queue
[2026-07-16T05:32:20.210+0000] {logging_mixin.py:188} INFO - [2026-07-16T05:32:20.209+0000] {dagbag.py:538} INFO - Filling up the DagBag from /home/airflow/.local/lib/python3.8/site-packages/airflow/example_dags/example_datasets.py
[2026-07-16T05:32:20.224+0000] {processor.py:840} INFO - DAG(s) 'dataset_consumes_1_never_scheduled', 'dataset_consumes_1', 'dataset_produces_1', 'dataset_consumes_1_and_2', 'dataset_consumes_unknown_never_scheduled', 'dataset_produces_2' retrieved from /home/airflow/.local/lib/python3.8/site-packages/airflow/example_dags/example_datasets.py
[2026-07-16T05:32:20.280+0000] {logging_mixin.py:188} INFO - [2026-07-16T05:32:20.280+0000] {dag.py:3036} INFO - Sync 6 DAGs
[2026-07-16T05:32:20.305+0000] {logging_mixin.py:188} INFO - [2026-07-16T05:32:20.305+0000] {dag.py:3823} INFO - Setting next_dagrun for dataset_consumes_1 to None, run_after=None
[2026-07-16T05:32:20.311+0000] {logging_mixin.py:188} INFO - [2026-07-16T05:32:20.310+0000] {dag.py:3823} INFO - Setting next_dagrun for dataset_consumes_1_and_2 to None, run_after=None
[2026-07-16T05:32:20.313+0000] {logging_mixin.py:188} INFO - [2026-07-16T05:32:20.313+0000] {dag.py:3823} INFO - Setting next_dagrun for dataset_consumes_1_never_scheduled to None, run_after=None
[2026-07-16T05:32:20.315+0000] {logging_mixin.py:188} INFO - [2026-07-16T05:32:20.315+0000] {dag.py:3823} INFO - Setting next_dagrun for dataset_consumes_unknown_never_scheduled to None, run_after=None
[2026-07-16T05:32:20.319+0000] {logging_mixin.py:188} INFO - [2026-07-16T05:32:20.319+0000] {dag.py:3823} INFO - Setting next_dagrun for dataset_produces_1 to 2026-07-15 00:00:00+00:00, run_after=2026-07-16 00:00:00+00:00
[2026-07-16T05:32:20.321+0000] {logging_mixin.py:188} INFO - [2026-07-16T05:32:20.321+0000] {dag.py:3823} INFO - Setting next_dagrun for dataset_produces_2 to None, run_after=None
[2026-07-16T05:32:20.371+0000] {processor.py:183} INFO - Processing /home/airflow/.local/lib/python3.8/site-packages/airflow/example_dags/example_datasets.py took 0.171 seconds
[2026-07-16T05:32:51.352+0000] {processor.py:161} INFO - Started process (PID=1303) to work on /home/airflow/.local/lib/python3.8/site-packages/airflow/example_dags/example_datasets.py
[2026-07-16T05:32:51.355+0000] {processor.py:830} INFO - Processing file /home/airflow/.local/lib/python3.8/site-packages/airflow/example_dags/example_datasets.py for tasks to queue
[2026-07-16T05:32:51.356+0000] {logging_mixin.py:188} INFO - [2026-07-16T05:32:51.356+0000] {dagbag.py:538} INFO - Filling up the DagBag from /home/airflow/.local/lib/python3.8/site-packages/airflow/example_dags/example_datasets.py
[2026-07-16T05:32:51.364+0000] {processor.py:840} INFO - DAG(s) 'dataset_consumes_1_never_scheduled', 'dataset_consumes_1', 'dataset_consumes_1_and_2', 'dataset_produces_2', 'dataset_consumes_unknown_never_scheduled', 'dataset_produces_1' retrieved from /home/airflow/.local/lib/python3.8/site-packages/airflow/example_dags/example_datasets.py
[2026-07-16T05:32:51.390+0000] {logging_mixin.py:188} INFO - [2026-07-16T05:32:51.390+0000] {dag.py:3036} INFO - Sync 6 DAGs
[2026-07-16T05:32:51.406+0000] {logging_mixin.py:188} INFO - [2026-07-16T05:32:51.406+0000] {dag.py:3823} INFO - Setting next_dagrun for dataset_consumes_1 to None, run_after=None
[2026-07-16T05:32:51.409+0000] {logging_mixin.py:188} INFO - [2026-07-16T05:32:51.408+0000] {dag.py:3823} INFO - Setting next_dagrun for dataset_consumes_1_and_2 to None, run_after=None
[2026-07-16T05:32:51.410+0000] {logging_mixin.py:188} INFO - [2026-07-16T05:32:51.409+0000] {dag.py:3823} INFO - Setting next_dagrun for dataset_consumes_1_never_scheduled to None, run_after=None
[2026-07-16T05:32:51.410+0000] {logging_mixin.py:188} INFO - [2026-07-16T05:32:51.410+0000] {dag.py:3823} INFO - Setting next_dagrun for dataset_consumes_unknown_never_scheduled to None, run_after=None
[2026-07-16T05:32:51.412+0000] {logging_mixin.py:188} INFO - [2026-07-16T05:32:51.412+0000] {dag.py:3823} INFO - Setting next_dagrun for dataset_produces_1 to 2026-07-15 00:00:00+00:00, run_after=2026-07-16 00:00:00+00:00
[2026-07-16T05:32:51.413+0000] {logging_mixin.py:188} INFO - [2026-07-16T05:32:51.413+0000] {dag.py:3823} INFO - Setting next_dagrun for dataset_produces_2 to None, run_after=None
[2026-07-16T05:32:51.436+0000] {processor.py:183} INFO - Processing /home/airflow/.local/lib/python3.8/site-packages/airflow/example_dags/example_datasets.py took 0.087 seconds
[2026-07-16T05:33:21.666+0000] {processor.py:161} INFO - Started process (PID=1359) to work on /home/airflow/.local/lib/python3.8/site-packages/airflow/example_dags/example_datasets.py
[2026-07-16T05:33:21.669+0000] {processor.py:830} INFO - Processing file /home/airflow/.local/lib/python3.8/site-packages/airflow/example_dags/example_datasets.py for tasks to queue
[2026-07-16T05:33:21.673+0000] {logging_mixin.py:188} INFO - [2026-07-16T05:33:21.673+0000] {dagbag.py:538} INFO - Filling up the DagBag from /home/airflow/.local/lib/python3.8/site-packages/airflow/example_dags/example_datasets.py
[2026-07-16T05:33:21.683+0000] {processor.py:840} INFO - DAG(s) 'dataset_produces_2', 'dataset_consumes_unknown_never_scheduled', 'dataset_consumes_1', 'dataset_consumes_1_never_scheduled', 'dataset_consumes_1_and_2', 'dataset_produces_1' retrieved from /home/airflow/.local/lib/python3.8/site-packages/airflow/example_dags/example_datasets.py
[2026-07-16T05:33:21.733+0000] {logging_mixin.py:188} INFO - [2026-07-16T05:33:21.733+0000] {dag.py:3036} INFO - Sync 6 DAGs
[2026-07-16T05:33:21.754+0000] {logging_mixin.py:188} INFO - [2026-07-16T05:33:21.754+0000] {dag.py:3823} INFO - Setting next_dagrun for dataset_consumes_1 to None, run_after=None
[2026-07-16T05:33:21.760+0000] {logging_mixin.py:188} INFO - [2026-07-16T05:33:21.760+0000] {dag.py:3823} INFO - Setting next_dagrun for dataset_consumes_1_and_2 to None, run_after=None
[2026-07-16T05:33:21.762+0000] {logging_mixin.py:188} INFO - [2026-07-16T05:33:21.762+0000] {dag.py:3823} INFO - Setting next_dagrun for dataset_consumes_1_never_scheduled to None, run_after=None
[2026-07-16T05:33:21.763+0000] {logging_mixin.py:188} INFO - [2026-07-16T05:33:21.763+0000] {dag.py:3823} INFO - Setting next_dagrun for dataset_consumes_unknown_never_scheduled to None, run_after=None
[2026-07-16T05:33:21.766+0000] {logging_mixin.py:188} INFO - [2026-07-16T05:33:21.765+0000] {dag.py:3823} INFO - Setting next_dagrun for dataset_produces_1 to 2026-07-15 00:00:00+00:00, run_after=2026-07-16 00:00:00+00:00
[2026-07-16T05:33:21.767+0000] {logging_mixin.py:188} INFO - [2026-07-16T05:33:21.767+0000] {dag.py:3823} INFO - Setting next_dagrun for dataset_produces_2 to None, run_after=None
[2026-07-16T05:33:21.795+0000] {processor.py:183} INFO - Processing /home/airflow/.local/lib/python3.8/site-packages/airflow/example_dags/example_datasets.py took 0.135 seconds
[2026-07-16T05:33:52.648+0000] {processor.py:161} INFO - Started process (PID=1415) to work on /home/airflow/.local/lib/python3.8/site-packages/airflow/example_dags/example_datasets.py
[2026-07-16T05:33:52.649+0000] {processor.py:830} INFO - Processing file /home/airflow/.local/lib/python3.8/site-packages/airflow/example_dags/example_datasets.py for tasks to queue
[2026-07-16T05:33:52.651+0000] {logging_mixin.py:188} INFO - [2026-07-16T05:33:52.651+0000] {dagbag.py:538} INFO - Filling up the DagBag from /home/airflow/.local/lib/python3.8/site-packages/airflow/example_dags/example_datasets.py
[2026-07-16T05:33:52.660+0000] {processor.py:840} INFO - DAG(s) 'dataset_produces_1', 'dataset_consumes_unknown_never_scheduled', 'dataset_consumes_1_and_2', 'dataset_produces_2', 'dataset_consumes_1_never_scheduled', 'dataset_consumes_1' retrieved from /home/airflow/.local/lib/python3.8/site-packages/airflow/example_dags/example_datasets.py
[2026-07-16T05:33:52.687+0000] {logging_mixin.py:188} INFO - [2026-07-16T05:33:52.686+0000] {dag.py:3036} INFO - Sync 6 DAGs
[2026-07-16T05:33:52.702+0000] {logging_mixin.py:188} INFO - [2026-07-16T05:33:52.702+0000] {dag.py:3823} INFO - Setting next_dagrun for dataset_consumes_1 to None, run_after=None
[2026-07-16T05:33:52.705+0000] {logging_mixin.py:188} INFO - [2026-07-16T05:33:52.705+0000] {dag.py:3823} INFO - Setting next_dagrun for dataset_consumes_1_and_2 to None, run_after=None
[2026-07-16T05:33:52.706+0000] {logging_mixin.py:188} INFO - [2026-07-16T05:33:52.706+0000] {dag.py:3823} INFO - Setting next_dagrun for dataset_consumes_1_never_scheduled to None, run_after=None
[2026-07-16T05:33:52.707+0000] {logging_mixin.py:188} INFO - [2026-07-16T05:33:52.707+0000] {dag.py:3823} INFO - Setting next_dagrun for dataset_consumes_unknown_never_scheduled to None, run_after=None
[2026-07-16T05:33:52.709+0000] {logging_mixin.py:188} INFO - [2026-07-16T05:33:52.708+0000] {dag.py:3823} INFO - Setting next_dagrun for dataset_produces_1 to 2026-07-15 00:00:00+00:00, run_after=2026-07-16 00:00:00+00:00
[2026-07-16T05:33:52.709+0000] {logging_mixin.py:188} INFO - [2026-07-16T05:33:52.709+0000] {dag.py:3823} INFO - Setting next_dagrun for dataset_produces_2 to None, run_after=None
[2026-07-16T05:33:52.733+0000] {processor.py:183} INFO - Processing /home/airflow/.local/lib/python3.8/site-packages/airflow/example_dags/example_datasets.py took 0.088 seconds
[2026-07-16T05:34:23.631+0000] {processor.py:161} INFO - Started process (PID=1471) to work on /home/airflow/.local/lib/python3.8/site-packages/airflow/example_dags/example_datasets.py
[2026-07-16T05:34:23.634+0000] {processor.py:830} INFO - Processing file /home/airflow/.local/lib/python3.8/site-packages/airflow/example_dags/example_datasets.py for tasks to queue
[2026-07-16T05:34:23.637+0000] {logging_mixin.py:188} INFO - [2026-07-16T05:34:23.636+0000] {dagbag.py:538} INFO - Filling up the DagBag from /home/airflow/.local/lib/python3.8/site-packages/airflow/example_dags/example_datasets.py
[2026-07-16T05:34:23.657+0000] {processor.py:840} INFO - DAG(s) 'dataset_consumes_1', 'dataset_produces_1', 'dataset_consumes_unknown_never_scheduled', 'dataset_consumes_1_and_2', 'dataset_consumes_1_never_scheduled', 'dataset_produces_2' retrieved from /home/airflow/.local/lib/python3.8/site-packages/airflow/example_dags/example_datasets.py
[2026-07-16T05:34:23.731+0000] {logging_mixin.py:188} INFO - [2026-07-16T05:34:23.730+0000] {dag.py:3036} INFO - Sync 6 DAGs
[2026-07-16T05:34:23.768+0000] {logging_mixin.py:188} INFO - [2026-07-16T05:34:23.768+0000] {dag.py:3823} INFO - Setting next_dagrun for dataset_consumes_1 to None, run_after=None
[2026-07-16T05:34:23.772+0000] {logging_mixin.py:188} INFO - [2026-07-16T05:34:23.772+0000] {dag.py:3823} INFO - Setting next_dagrun for dataset_consumes_1_and_2 to None, run_after=None
[2026-07-16T05:34:23.774+0000] {logging_mixin.py:188} INFO - [2026-07-16T05:34:23.774+0000] {dag.py:3823} INFO - Setting next_dagrun for dataset_consumes_1_never_scheduled to None, run_after=None
[2026-07-16T05:34:23.777+0000] {logging_mixin.py:188} INFO - [2026-07-16T05:34:23.776+0000] {dag.py:3823} INFO - Setting next_dagrun for dataset_consumes_unknown_never_scheduled to None, run_after=None
[2026-07-16T05:34:23.780+0000] {logging_mixin.py:188} INFO - [2026-07-16T05:34:23.779+0000] {dag.py:3823} INFO - Setting next_dagrun for dataset_produces_1 to 2026-07-15 00:00:00+00:00, run_after=2026-07-16 00:00:00+00:00
[2026-07-16T05:34:23.782+0000] {logging_mixin.py:188} INFO - [2026-07-16T05:34:23.781+0000] {dag.py:3823} INFO - Setting next_dagrun for dataset_produces_2 to None, run_after=None
[2026-07-16T05:34:23.830+0000] {processor.py:183} INFO - Processing /home/airflow/.local/lib/python3.8/site-packages/airflow/example_dags/example_datasets.py took 0.206 seconds
[2026-07-16T05:34:53.944+0000] {processor.py:161} INFO - Started process (PID=1527) to work on /home/airflow/.local/lib/python3.8/site-packages/airflow/example_dags/example_datasets.py
[2026-07-16T05:34:53.947+0000] {processor.py:830} INFO - Processing file /home/airflow/.local/lib/python3.8/site-packages/airflow/example_dags/example_datasets.py for tasks to queue
[2026-07-16T05:34:53.949+0000] {logging_mixin.py:188} INFO - [2026-07-16T05:34:53.949+0000] {dagbag.py:538} INFO - Filling up the DagBag from /home/airflow/.local/lib/python3.8/site-packages/airflow/example_dags/example_datasets.py
[2026-07-16T05:34:53.958+0000] {processor.py:840} INFO - DAG(s) 'dataset_produces_2', 'dataset_produces_1', 'dataset_consumes_unknown_never_scheduled', 'dataset_consumes_1_never_scheduled', 'dataset_consumes_1_and_2', 'dataset_consumes_1' retrieved from /home/airflow/.local/lib/python3.8/site-packages/airflow/example_dags/example_datasets.py
[2026-07-16T05:34:53.988+0000] {logging_mixin.py:188} INFO - [2026-07-16T05:34:53.988+0000] {dag.py:3036} INFO - Sync 6 DAGs
[2026-07-16T05:34:54.005+0000] {logging_mixin.py:188} INFO - [2026-07-16T05:34:54.004+0000] {dag.py:3823} INFO - Setting next_dagrun for dataset_consumes_1 to None, run_after=None
[2026-07-16T05:34:54.007+0000] {logging_mixin.py:188} INFO - [2026-07-16T05:34:54.007+0000] {dag.py:3823} INFO - Setting next_dagrun for dataset_consumes_1_and_2 to None, run_after=None
[2026-07-16T05:34:54.009+0000] {logging_mixin.py:188} INFO - [2026-07-16T05:34:54.009+0000] {dag.py:3823} INFO - Setting next_dagrun for dataset_consumes_1_never_scheduled to None, run_after=None
[2026-07-16T05:34:54.010+0000] {logging_mixin.py:188} INFO - [2026-07-16T05:34:54.010+0000] {dag.py:3823} INFO - Setting next_dagrun for dataset_consumes_unknown_never_scheduled to None, run_after=None
[2026-07-16T05:34:54.012+0000] {logging_mixin.py:188} INFO - [2026-07-16T05:34:54.012+0000] {dag.py:3823} INFO - Setting next_dagrun for dataset_produces_1 to 2026-07-15 00:00:00+00:00, run_after=2026-07-16 00:00:00+00:00
[2026-07-16T05:34:54.013+0000] {logging_mixin.py:188} INFO - [2026-07-16T05:34:54.013+0000] {dag.py:3823} INFO - Setting next_dagrun for dataset_produces_2 to None, run_after=None
[2026-07-16T05:34:54.039+0000] {processor.py:183} INFO - Processing /home/airflow/.local/lib/python3.8/site-packages/airflow/example_dags/example_datasets.py took 0.099 seconds
[2026-07-16T05:35:24.816+0000] {processor.py:161} INFO - Started process (PID=1583) to work on /home/airflow/.local/lib/python3.8/site-packages/airflow/example_dags/example_datasets.py
[2026-07-16T05:35:24.817+0000] {processor.py:830} INFO - Processing file /home/airflow/.local/lib/python3.8/site-packages/airflow/example_dags/example_datasets.py for tasks to queue
[2026-07-16T05:35:24.819+0000] {logging_mixin.py:188} INFO - [2026-07-16T05:35:24.819+0000] {dagbag.py:538} INFO - Filling up the DagBag from /home/airflow/.local/lib/python3.8/site-packages/airflow/example_dags/example_datasets.py
[2026-07-16T05:35:24.828+0000] {processor.py:840} INFO - DAG(s) 'dataset_consumes_1_and_2', 'dataset_consumes_1_never_scheduled', 'dataset_produces_2', 'dataset_consumes_unknown_never_scheduled', 'dataset_consumes_1', 'dataset_produces_1' retrieved from /home/airflow/.local/lib/python3.8/site-packages/airflow/example_dags/example_datasets.py
[2026-07-16T05:35:24.880+0000] {logging_mixin.py:188} INFO - [2026-07-16T05:35:24.880+0000] {dag.py:3036} INFO - Sync 6 DAGs
[2026-07-16T05:35:24.906+0000] {logging_mixin.py:188} INFO - [2026-07-16T05:35:24.906+0000] {dag.py:3823} INFO - Setting next_dagrun for dataset_consumes_1 to None, run_after=None
[2026-07-16T05:35:24.912+0000] {logging_mixin.py:188} INFO - [2026-07-16T05:35:24.912+0000] {dag.py:3823} INFO - Setting next_dagrun for dataset_consumes_1_and_2 to None, run_after=None
[2026-07-16T05:35:24.913+0000] {logging_mixin.py:188} INFO - [2026-07-16T05:35:24.913+0000] {dag.py:3823} INFO - Setting next_dagrun for dataset_consumes_1_never_scheduled to None, run_after=None
[2026-07-16T05:35:24.915+0000] {logging_mixin.py:188} INFO - [2026-07-16T05:35:24.915+0000] {dag.py:3823} INFO - Setting next_dagrun for dataset_consumes_unknown_never_scheduled to None, run_after=None
[2026-07-16T05:35:24.918+0000] {logging_mixin.py:188} INFO - [2026-07-16T05:35:24.917+0000] {dag.py:3823} INFO - Setting next_dagrun for dataset_produces_1 to 2026-07-15 00:00:00+00:00, run_after=2026-07-16 00:00:00+00:00
[2026-07-16T05:35:24.919+0000] {logging_mixin.py:188} INFO - [2026-07-16T05:35:24.919+0000] {dag.py:3823} INFO - Setting next_dagrun for dataset_produces_2 to None, run_after=None
[2026-07-16T05:35:24.959+0000] {processor.py:183} INFO - Processing /home/airflow/.local/lib/python3.8/site-packages/airflow/example_dags/example_datasets.py took 0.147 seconds
[2026-07-16T05:35:55.854+0000] {processor.py:161} INFO - Started process (PID=1639) to work on /home/airflow/.local/lib/python3.8/site-packages/airflow/example_dags/example_datasets.py
[2026-07-16T05:35:55.857+0000] {processor.py:830} INFO - Processing file /home/airflow/.local/lib/python3.8/site-packages/airflow/example_dags/example_datasets.py for tasks to queue
[2026-07-16T05:35:55.858+0000] {logging_mixin.py:188} INFO - [2026-07-16T05:35:55.858+0000] {dagbag.py:538} INFO - Filling up the DagBag from /home/airflow/.local/lib/python3.8/site-packages/airflow/example_dags/example_datasets.py
[2026-07-16T05:35:55.874+0000] {processor.py:840} INFO - DAG(s) 'dataset_consumes_1', 'dataset_produces_2', 'dataset_consumes_unknown_never_scheduled', 'dataset_consumes_1_and_2', 'dataset_consumes_1_never_scheduled', 'dataset_produces_1' retrieved from /home/airflow/.local/lib/python3.8/site-packages/airflow/example_dags/example_datasets.py
[2026-07-16T05:35:55.920+0000] {logging_mixin.py:188} INFO - [2026-07-16T05:35:55.920+0000] {dag.py:3036} INFO - Sync 6 DAGs
[2026-07-16T05:35:55.941+0000] {logging_mixin.py:188} INFO - [2026-07-16T05:35:55.941+0000] {dag.py:3823} INFO - Setting next_dagrun for dataset_consumes_1 to None, run_after=None
[2026-07-16T05:35:55.944+0000] {logging_mixin.py:188} INFO - [2026-07-16T05:35:55.944+0000] {dag.py:3823} INFO - Setting next_dagrun for dataset_consumes_1_and_2 to None, run_after=None
[2026-07-16T05:35:55.945+0000] {logging_mixin.py:188} INFO - [2026-07-16T05:35:55.945+0000] {dag.py:3823} INFO - Setting next_dagrun for dataset_consumes_1_never_scheduled to None, run_after=None
[2026-07-16T05:35:55.946+0000] {logging_mixin.py:188} INFO - [2026-07-16T05:35:55.946+0000] {dag.py:3823} INFO - Setting next_dagrun for dataset_consumes_unknown_never_scheduled to None, run_after=None
[2026-07-16T05:35:55.948+0000] {logging_mixin.py:188} INFO - [2026-07-16T05:35:55.948+0000] {dag.py:3823} INFO - Setting next_dagrun for dataset_produces_1 to 2026-07-15 00:00:00+00:00, run_after=2026-07-16 00:00:00+00:00
[2026-07-16T05:35:55.949+0000] {logging_mixin.py:188} INFO - [2026-07-16T05:35:55.949+0000] {dag.py:3823} INFO - Setting next_dagrun for dataset_produces_2 to None, run_after=None
[2026-07-16T05:35:55.973+0000] {processor.py:183} INFO - Processing /home/airflow/.local/lib/python3.8/site-packages/airflow/example_dags/example_datasets.py took 0.123 seconds
[2026-07-16T05:36:26.320+0000] {processor.py:161} INFO - Started process (PID=1696) to work on /home/airflow/.local/lib/python3.8/site-packages/airflow/example_dags/example_datasets.py
[2026-07-16T05:36:26.323+0000] {processor.py:830} INFO - Processing file /home/airflow/.local/lib/python3.8/site-packages/airflow/example_dags/example_datasets.py for tasks to queue
[2026-07-16T05:36:26.326+0000] {logging_mixin.py:188} INFO - [2026-07-16T05:36:26.325+0000] {dagbag.py:538} INFO - Filling up the DagBag from /home/airflow/.local/lib/python3.8/site-packages/airflow/example_dags/example_datasets.py
[2026-07-16T05:36:26.336+0000] {processor.py:840} INFO - DAG(s) 'dataset_produces_1', 'dataset_consumes_1_and_2', 'dataset_consumes_1_never_scheduled', 'dataset_consumes_unknown_never_scheduled', 'dataset_consumes_1', 'dataset_produces_2' retrieved from /home/airflow/.local/lib/python3.8/site-packages/airflow/example_dags/example_datasets.py
[2026-07-16T05:36:26.374+0000] {logging_mixin.py:188} INFO - [2026-07-16T05:36:26.373+0000] {dag.py:3036} INFO - Sync 6 DAGs
[2026-07-16T05:36:26.395+0000] {logging_mixin.py:188} INFO - [2026-07-16T05:36:26.394+0000] {dag.py:3823} INFO - Setting next_dagrun for dataset_consumes_1 to None, run_after=None
[2026-07-16T05:36:26.398+0000] {logging_mixin.py:188} INFO - [2026-07-16T05:36:26.398+0000] {dag.py:3823} INFO - Setting next_dagrun for dataset_consumes_1_and_2 to None, run_after=None
[2026-07-16T05:36:26.400+0000] {logging_mixin.py:188} INFO - [2026-07-16T05:36:26.400+0000] {dag.py:3823} INFO - Setting next_dagrun for dataset_consumes_1_never_scheduled to None, run_after=None
[2026-07-16T05:36:26.402+0000] {logging_mixin.py:188} INFO - [2026-07-16T05:36:26.401+0000] {dag.py:3823} INFO - Setting next_dagrun for dataset_consumes_unknown_never_scheduled to None, run_after=None
[2026-07-16T05:36:26.404+0000] {logging_mixin.py:188} INFO - [2026-07-16T05:36:26.404+0000] {dag.py:3823} INFO - Setting next_dagrun for dataset_produces_1 to 2026-07-15 00:00:00+00:00, run_after=2026-07-16 00:00:00+00:00
[2026-07-16T05:36:26.405+0000] {logging_mixin.py:188} INFO - [2026-07-16T05:36:26.405+0000] {dag.py:3823} INFO - Setting next_dagrun for dataset_produces_2 to None, run_after=None
[2026-07-16T05:36:26.444+0000] {processor.py:183} INFO - Processing /home/airflow/.local/lib/python3.8/site-packages/airflow/example_dags/example_datasets.py took 0.128 seconds
[2026-07-16T05:36:56.509+0000] {processor.py:161} INFO - Started process (PID=1752) to work on /home/airflow/.local/lib/python3.8/site-packages/airflow/example_dags/example_datasets.py
[2026-07-16T05:36:56.513+0000] {processor.py:830} INFO - Processing file /home/airflow/.local/lib/python3.8/site-packages/airflow/example_dags/example_datasets.py for tasks to queue
[2026-07-16T05:36:56.518+0000] {logging_mixin.py:188} INFO - [2026-07-16T05:36:56.517+0000] {dagbag.py:538} INFO - Filling up the DagBag from /home/airflow/.local/lib/python3.8/site-packages/airflow/example_dags/example_datasets.py
[2026-07-16T05:36:56.542+0000] {processor.py:840} INFO - DAG(s) 'dataset_consumes_1_and_2', 'dataset_consumes_1', 'dataset_consumes_unknown_never_scheduled', 'dataset_produces_1', 'dataset_produces_2', 'dataset_consumes_1_never_scheduled' retrieved from /home/airflow/.local/lib/python3.8/site-packages/airflow/example_dags/example_datasets.py
[2026-07-16T05:36:56.589+0000] {logging_mixin.py:188} INFO - [2026-07-16T05:36:56.588+0000] {dag.py:3036} INFO - Sync 6 DAGs
[2026-07-16T05:36:56.609+0000] {logging_mixin.py:188} INFO - [2026-07-16T05:36:56.608+0000] {dag.py:3823} INFO - Setting next_dagrun for dataset_consumes_1 to None, run_after=None
[2026-07-16T05:36:56.611+0000] {logging_mixin.py:188} INFO - [2026-07-16T05:36:56.611+0000] {dag.py:3823} INFO - Setting next_dagrun for dataset_consumes_1_and_2 to None, run_after=None
[2026-07-16T05:36:56.614+0000] {logging_mixin.py:188} INFO - [2026-07-16T05:36:56.613+0000] {dag.py:3823} INFO - Setting next_dagrun for dataset_consumes_1_never_scheduled to None, run_after=None
[2026-07-16T05:36:56.615+0000] {logging_mixin.py:188} INFO - [2026-07-16T05:36:56.615+0000] {dag.py:3823} INFO - Setting next_dagrun for dataset_consumes_unknown_never_scheduled to None, run_after=None
[2026-07-16T05:36:56.617+0000] {logging_mixin.py:188} INFO - [2026-07-16T05:36:56.617+0000] {dag.py:3823} INFO - Setting next_dagrun for dataset_produces_1 to 2026-07-15 00:00:00+00:00, run_after=2026-07-16 00:00:00+00:00
[2026-07-16T05:36:56.618+0000] {logging_mixin.py:188} INFO - [2026-07-16T05:36:56.618+0000] {dag.py:3823} INFO - Setting next_dagrun for dataset_produces_2 to None, run_after=None
[2026-07-16T05:36:56.646+0000] {processor.py:183} INFO - Processing /home/airflow/.local/lib/python3.8/site-packages/airflow/example_dags/example_datasets.py took 0.145 seconds
[2026-07-16T05:37:26.845+0000] {processor.py:161} INFO - Started process (PID=1808) to work on /home/airflow/.local/lib/python3.8/site-packages/airflow/example_dags/example_datasets.py
[2026-07-16T05:37:26.847+0000] {processor.py:830} INFO - Processing file /home/airflow/.local/lib/python3.8/site-packages/airflow/example_dags/example_datasets.py for tasks to queue
[2026-07-16T05:37:26.849+0000] {logging_mixin.py:188} INFO - [2026-07-16T05:37:26.849+0000] {dagbag.py:538} INFO - Filling up the DagBag from /home/airflow/.local/lib/python3.8/site-packages/airflow/example_dags/example_datasets.py
[2026-07-16T05:37:26.864+0000] {processor.py:840} INFO - DAG(s) 'dataset_consumes_unknown_never_scheduled', 'dataset_consumes_1', 'dataset_produces_1', 'dataset_produces_2', 'dataset_consumes_1_never_scheduled', 'dataset_consumes_1_and_2' retrieved from /home/airflow/.local/lib/python3.8/site-packages/airflow/example_dags/example_datasets.py
[2026-07-16T05:37:26.902+0000] {logging_mixin.py:188} INFO - [2026-07-16T05:37:26.902+0000] {dag.py:3036} INFO - Sync 6 DAGs
[2026-07-16T05:37:26.922+0000] {logging_mixin.py:188} INFO - [2026-07-16T05:37:26.922+0000] {dag.py:3823} INFO - Setting next_dagrun for dataset_consumes_1 to None, run_after=None
[2026-07-16T05:37:26.925+0000] {logging_mixin.py:188} INFO - [2026-07-16T05:37:26.925+0000] {dag.py:3823} INFO - Setting next_dagrun for dataset_consumes_1_and_2 to None, run_after=None
[2026-07-16T05:37:26.927+0000] {logging_mixin.py:188} INFO - [2026-07-16T05:37:26.927+0000] {dag.py:3823} INFO - Setting next_dagrun for dataset_consumes_1_never_scheduled to None, run_after=None
[2026-07-16T05:37:26.929+0000] {logging_mixin.py:188} INFO - [2026-07-16T05:37:26.929+0000] {dag.py:3823} INFO - Setting next_dagrun for dataset_consumes_unknown_never_scheduled to None, run_after=None
[2026-07-16T05:37:26.932+0000] {logging_mixin.py:188} INFO - [2026-07-16T05:37:26.932+0000] {dag.py:3823} INFO - Setting next_dagrun for dataset_produces_1 to 2026-07-15 00:00:00+00:00, run_after=2026-07-16 00:00:00+00:00
[2026-07-16T05:37:26.936+0000] {logging_mixin.py:188} INFO - [2026-07-16T05:37:26.935+0000] {dag.py:3823} INFO - Setting next_dagrun for dataset_produces_2 to None, run_after=None
[2026-07-16T05:37:26.980+0000] {processor.py:183} INFO - Processing /home/airflow/.local/lib/python3.8/site-packages/airflow/example_dags/example_datasets.py took 0.138 seconds
[2026-07-16T05:37:57.209+0000] {processor.py:161} INFO - Started process (PID=1864) to work on /home/airflow/.local/lib/python3.8/site-packages/airflow/example_dags/example_datasets.py
[2026-07-16T05:37:57.212+0000] {processor.py:830} INFO - Processing file /home/airflow/.local/lib/python3.8/site-packages/airflow/example_dags/example_datasets.py for tasks to queue
[2026-07-16T05:37:57.214+0000] {logging_mixin.py:188} INFO - [2026-07-16T05:37:57.214+0000] {dagbag.py:538} INFO - Filling up the DagBag from /home/airflow/.local/lib/python3.8/site-packages/airflow/example_dags/example_datasets.py
[2026-07-16T05:37:57.223+0000] {processor.py:840} INFO - DAG(s) 'dataset_produces_2', 'dataset_consumes_1_and_2', 'dataset_consumes_unknown_never_scheduled', 'dataset_consumes_1', 'dataset_consumes_1_never_scheduled', 'dataset_produces_1' retrieved from /home/airflow/.local/lib/python3.8/site-packages/airflow/example_dags/example_datasets.py
[2026-07-16T05:37:57.254+0000] {logging_mixin.py:188} INFO - [2026-07-16T05:37:57.254+0000] {dag.py:3036} INFO - Sync 6 DAGs
[2026-07-16T05:37:57.273+0000] {logging_mixin.py:188} INFO - [2026-07-16T05:37:57.273+0000] {dag.py:3823} INFO - Setting next_dagrun for dataset_consumes_1 to None, run_after=None
[2026-07-16T05:37:57.277+0000] {logging_mixin.py:188} INFO - [2026-07-16T05:37:57.276+0000] {dag.py:3823} INFO - Setting next_dagrun for dataset_consumes_1_and_2 to None, run_after=None
[2026-07-16T05:37:57.278+0000] {logging_mixin.py:188} INFO - [2026-07-16T05:37:57.278+0000] {dag.py:3823} INFO - Setting next_dagrun for dataset_consumes_1_never_scheduled to None, run_after=None
[2026-07-16T05:37:57.279+0000] {logging_mixin.py:188} INFO - [2026-07-16T05:37:57.279+0000] {dag.py:3823} INFO - Setting next_dagrun for dataset_consumes_unknown_never_scheduled to None, run_after=None
[2026-07-16T05:37:57.281+0000] {logging_mixin.py:188} INFO - [2026-07-16T05:37:57.281+0000] {dag.py:3823} INFO - Setting next_dagrun for dataset_produces_1 to 2026-07-15 00:00:00+00:00, run_after=2026-07-16 00:00:00+00:00
[2026-07-16T05:37:57.282+0000] {logging_mixin.py:188} INFO - [2026-07-16T05:37:57.282+0000] {dag.py:3823} INFO - Setting next_dagrun for dataset_produces_2 to None, run_after=None
[2026-07-16T05:37:57.320+0000] {processor.py:183} INFO - Processing /home/airflow/.local/lib/python3.8/site-packages/airflow/example_dags/example_datasets.py took 0.114 seconds
[2026-07-16T05:38:27.474+0000] {processor.py:161} INFO - Started process (PID=1920) to work on /home/airflow/.local/lib/python3.8/site-packages/airflow/example_dags/example_datasets.py
[2026-07-16T05:38:27.477+0000] {processor.py:830} INFO - Processing file /home/airflow/.local/lib/python3.8/site-packages/airflow/example_dags/example_datasets.py for tasks to queue
[2026-07-16T05:38:27.479+0000] {logging_mixin.py:188} INFO - [2026-07-16T05:38:27.478+0000] {dagbag.py:538} INFO - Filling up the DagBag from /home/airflow/.local/lib/python3.8/site-packages/airflow/example_dags/example_datasets.py
[2026-07-16T05:38:27.488+0000] {processor.py:840} INFO - DAG(s) 'dataset_consumes_unknown_never_scheduled', 'dataset_consumes_1', 'dataset_produces_1', 'dataset_produces_2', 'dataset_consumes_1_and_2', 'dataset_consumes_1_never_scheduled' retrieved from /home/airflow/.local/lib/python3.8/site-packages/airflow/example_dags/example_datasets.py
[2026-07-16T05:38:27.516+0000] {logging_mixin.py:188} INFO - [2026-07-16T05:38:27.516+0000] {dag.py:3036} INFO - Sync 6 DAGs
[2026-07-16T05:38:27.534+0000] {logging_mixin.py:188} INFO - [2026-07-16T05:38:27.534+0000] {dag.py:3823} INFO - Setting next_dagrun for dataset_consumes_1 to None, run_after=None
[2026-07-16T05:38:27.537+0000] {logging_mixin.py:188} INFO - [2026-07-16T05:38:27.537+0000] {dag.py:3823} INFO - Setting next_dagrun for dataset_consumes_1_and_2 to None, run_after=None
[2026-07-16T05:38:27.538+0000] {logging_mixin.py:188} INFO - [2026-07-16T05:38:27.538+0000] {dag.py:3823} INFO - Setting next_dagrun for dataset_consumes_1_never_scheduled to None, run_after=None
[2026-07-16T05:38:27.539+0000] {logging_mixin.py:188} INFO - [2026-07-16T05:38:27.539+0000] {dag.py:3823} INFO - Setting next_dagrun for dataset_consumes_unknown_never_scheduled to None, run_after=None
[2026-07-16T05:38:27.541+0000] {logging_mixin.py:188} INFO - [2026-07-16T05:38:27.541+0000] {dag.py:3823} INFO - Setting next_dagrun for dataset_produces_1 to 2026-07-15 00:00:00+00:00, run_after=2026-07-16 00:00:00+00:00
[2026-07-16T05:38:27.542+0000] {logging_mixin.py:188} INFO - [2026-07-16T05:38:27.542+0000] {dag.py:3823} INFO - Setting next_dagrun for dataset_produces_2 to None, run_after=None
[2026-07-16T05:38:27.570+0000] {processor.py:183} INFO - Processing /home/airflow/.local/lib/python3.8/site-packages/airflow/example_dags/example_datasets.py took 0.099 seconds
[2026-07-16T05:38:57.932+0000] {processor.py:161} INFO - Started process (PID=1976) to work on /home/airflow/.local/lib/python3.8/site-packages/airflow/example_dags/example_datasets.py
[2026-07-16T05:38:57.935+0000] {processor.py:830} INFO - Processing file /home/airflow/.local/lib/python3.8/site-packages/airflow/example_dags/example_datasets.py for tasks to queue
[2026-07-16T05:38:57.937+0000] {logging_mixin.py:188} INFO - [2026-07-16T05:38:57.936+0000] {dagbag.py:538} INFO - Filling up the DagBag from /home/airflow/.local/lib/python3.8/site-packages/airflow/example_dags/example_datasets.py
[2026-07-16T05:38:57.946+0000] {processor.py:840} INFO - DAG(s) 'dataset_consumes_1', 'dataset_consumes_unknown_never_scheduled', 'dataset_consumes_1_never_scheduled', 'dataset_produces_1', 'dataset_produces_2', 'dataset_consumes_1_and_2' retrieved from /home/airflow/.local/lib/python3.8/site-packages/airflow/example_dags/example_datasets.py
[2026-07-16T05:38:57.975+0000] {logging_mixin.py:188} INFO - [2026-07-16T05:38:57.975+0000] {dag.py:3036} INFO - Sync 6 DAGs
[2026-07-16T05:38:57.994+0000] {logging_mixin.py:188} INFO - [2026-07-16T05:38:57.994+0000] {dag.py:3823} INFO - Setting next_dagrun for dataset_consumes_1 to None, run_after=None
[2026-07-16T05:38:57.997+0000] {logging_mixin.py:188} INFO - [2026-07-16T05:38:57.996+0000] {dag.py:3823} INFO - Setting next_dagrun for dataset_consumes_1_and_2 to None, run_after=None
[2026-07-16T05:38:57.998+0000] {logging_mixin.py:188} INFO - [2026-07-16T05:38:57.998+0000] {dag.py:3823} INFO - Setting next_dagrun for dataset_consumes_1_never_scheduled to None, run_after=None
[2026-07-16T05:38:57.999+0000] {logging_mixin.py:188} INFO - [2026-07-16T05:38:57.999+0000] {dag.py:3823} INFO - Setting next_dagrun for dataset_consumes_unknown_never_scheduled to None, run_after=None
[2026-07-16T05:38:58.001+0000] {logging_mixin.py:188} INFO - [2026-07-16T05:38:58.001+0000] {dag.py:3823} INFO - Setting next_dagrun for dataset_produces_1 to 2026-07-15 00:00:00+00:00, run_after=2026-07-16 00:00:00+00:00
[2026-07-16T05:38:58.002+0000] {logging_mixin.py:188} INFO - [2026-07-16T05:38:58.002+0000] {dag.py:3823} INFO - Setting next_dagrun for dataset_produces_2 to None, run_after=None
[2026-07-16T05:38:58.030+0000] {processor.py:183} INFO - Processing /home/airflow/.local/lib/python3.8/site-packages/airflow/example_dags/example_datasets.py took 0.101 seconds
[2026-07-16T05:39:28.133+0000] {processor.py:161} INFO - Started process (PID=2032) to work on /home/airflow/.local/lib/python3.8/site-packages/airflow/example_dags/example_datasets.py
[2026-07-16T05:39:28.136+0000] {processor.py:830} INFO - Processing file /home/airflow/.local/lib/python3.8/site-packages/airflow/example_dags/example_datasets.py for tasks to queue
[2026-07-16T05:39:28.138+0000] {logging_mixin.py:188} INFO - [2026-07-16T05:39:28.138+0000] {dagbag.py:538} INFO - Filling up the DagBag from /home/airflow/.local/lib/python3.8/site-packages/airflow/example_dags/example_datasets.py
[2026-07-16T05:39:28.148+0000] {processor.py:840} INFO - DAG(s) 'dataset_consumes_unknown_never_scheduled', 'dataset_produces_1', 'dataset_consumes_1_never_scheduled', 'dataset_consumes_1_and_2', 'dataset_consumes_1', 'dataset_produces_2' retrieved from /home/airflow/.local/lib/python3.8/site-packages/airflow/example_dags/example_datasets.py
[2026-07-16T05:39:28.181+0000] {logging_mixin.py:188} INFO - [2026-07-16T05:39:28.181+0000] {dag.py:3036} INFO - Sync 6 DAGs
[2026-07-16T05:39:28.201+0000] {logging_mixin.py:188} INFO - [2026-07-16T05:39:28.201+0000] {dag.py:3823} INFO - Setting next_dagrun for dataset_consumes_1 to None, run_after=None
[2026-07-16T05:39:28.205+0000] {logging_mixin.py:188} INFO - [2026-07-16T05:39:28.204+0000] {dag.py:3823} INFO - Setting next_dagrun for dataset_consumes_1_and_2 to None, run_after=None
[2026-07-16T05:39:28.206+0000] {logging_mixin.py:188} INFO - [2026-07-16T05:39:28.206+0000] {dag.py:3823} INFO - Setting next_dagrun for dataset_consumes_1_never_scheduled to None, run_after=None
[2026-07-16T05:39:28.207+0000] {logging_mixin.py:188} INFO - [2026-07-16T05:39:28.207+0000] {dag.py:3823} INFO - Setting next_dagrun for dataset_consumes_unknown_never_scheduled to None, run_after=None
[2026-07-16T05:39:28.209+0000] {logging_mixin.py:188} INFO - [2026-07-16T05:39:28.209+0000] {dag.py:3823} INFO - Setting next_dagrun for dataset_produces_1 to 2026-07-15 00:00:00+00:00, run_after=2026-07-16 00:00:00+00:00
[2026-07-16T05:39:28.210+0000] {logging_mixin.py:188} INFO - [2026-07-16T05:39:28.210+0000] {dag.py:3823} INFO - Setting next_dagrun for dataset_produces_2 to None, run_after=None
[2026-07-16T05:39:28.241+0000] {processor.py:183} INFO - Processing /home/airflow/.local/lib/python3.8/site-packages/airflow/example_dags/example_datasets.py took 0.111 seconds
[2026-07-16T05:39:58.395+0000] {processor.py:161} INFO - Started process (PID=2088) to work on /home/airflow/.local/lib/python3.8/site-packages/airflow/example_dags/example_datasets.py
[2026-07-16T05:39:58.396+0000] {processor.py:830} INFO - Processing file /home/airflow/.local/lib/python3.8/site-packages/airflow/example_dags/example_datasets.py for tasks to queue
[2026-07-16T05:39:58.398+0000] {logging_mixin.py:188} INFO - [2026-07-16T05:39:58.398+0000] {dagbag.py:538} INFO - Filling up the DagBag from /home/airflow/.local/lib/python3.8/site-packages/airflow/example_dags/example_datasets.py
[2026-07-16T05:39:58.407+0000] {processor.py:840} INFO - DAG(s) 'dataset_produces_2', 'dataset_consumes_unknown_never_scheduled', 'dataset_consumes_1', 'dataset_consumes_1_and_2', 'dataset_produces_1', 'dataset_consumes_1_never_scheduled' retrieved from /home/airflow/.local/lib/python3.8/site-packages/airflow/example_dags/example_datasets.py
[2026-07-16T05:39:58.438+0000] {logging_mixin.py:188} INFO - [2026-07-16T05:39:58.438+0000] {dag.py:3036} INFO - Sync 6 DAGs
[2026-07-16T05:39:58.457+0000] {logging_mixin.py:188} INFO - [2026-07-16T05:39:58.456+0000] {dag.py:3823} INFO - Setting next_dagrun for dataset_consumes_1 to None, run_after=None
[2026-07-16T05:39:58.460+0000] {logging_mixin.py:188} INFO - [2026-07-16T05:39:58.460+0000] {dag.py:3823} INFO - Setting next_dagrun for dataset_consumes_1_and_2 to None, run_after=None
[2026-07-16T05:39:58.461+0000] {logging_mixin.py:188} INFO - [2026-07-16T05:39:58.461+0000] {dag.py:3823} INFO - Setting next_dagrun for dataset_consumes_1_never_scheduled to None, run_after=None
[2026-07-16T05:39:58.462+0000] {logging_mixin.py:188} INFO - [2026-07-16T05:39:58.462+0000] {dag.py:3823} INFO - Setting next_dagrun for dataset_consumes_unknown_never_scheduled to None, run_after=None
[2026-07-16T05:39:58.464+0000] {logging_mixin.py:188} INFO - [2026-07-16T05:39:58.464+0000] {dag.py:3823} INFO - Setting next_dagrun for dataset_produces_1 to 2026-07-15 00:00:00+00:00, run_after=2026-07-16 00:00:00+00:00
[2026-07-16T05:39:58.466+0000] {logging_mixin.py:188} INFO - [2026-07-16T05:39:58.466+0000] {dag.py:3823} INFO - Setting next_dagrun for dataset_produces_2 to None, run_after=None
[2026-07-16T05:39:58.497+0000] {processor.py:183} INFO - Processing /home/airflow/.local/lib/python3.8/site-packages/airflow/example_dags/example_datasets.py took 0.106 seconds
[2026-07-16T05:40:28.674+0000] {processor.py:161} INFO - Started process (PID=2144) to work on /home/airflow/.local/lib/python3.8/site-packages/airflow/example_dags/example_datasets.py
[2026-07-16T05:40:28.686+0000] {processor.py:830} INFO - Processing file /home/airflow/.local/lib/python3.8/site-packages/airflow/example_dags/example_datasets.py for tasks to queue
[2026-07-16T05:40:28.688+0000] {logging_mixin.py:188} INFO - [2026-07-16T05:40:28.687+0000] {dagbag.py:538} INFO - Filling up the DagBag from /home/airflow/.local/lib/python3.8/site-packages/airflow/example_dags/example_datasets.py
[2026-07-16T05:40:28.696+0000] {processor.py:840} INFO - DAG(s) 'dataset_consumes_unknown_never_scheduled', 'dataset_consumes_1_never_scheduled', 'dataset_produces_1', 'dataset_produces_2', 'dataset_consumes_1', 'dataset_consumes_1_and_2' retrieved from /home/airflow/.local/lib/python3.8/site-packages/airflow/example_dags/example_datasets.py
[2026-07-16T05:40:28.727+0000] {logging_mixin.py:188} INFO - [2026-07-16T05:40:28.727+0000] {dag.py:3036} INFO - Sync 6 DAGs
[2026-07-16T05:40:28.742+0000] {logging_mixin.py:188} INFO - [2026-07-16T05:40:28.742+0000] {dag.py:3823} INFO - Setting next_dagrun for dataset_consumes_1 to None, run_after=None
[2026-07-16T05:40:28.745+0000] {logging_mixin.py:188} INFO - [2026-07-16T05:40:28.745+0000] {dag.py:3823} INFO - Setting next_dagrun for dataset_consumes_1_and_2 to None, run_after=None
[2026-07-16T05:40:28.746+0000] {logging_mixin.py:188} INFO - [2026-07-16T05:40:28.746+0000] {dag.py:3823} INFO - Setting next_dagrun for dataset_consumes_1_never_scheduled to None, run_after=None
[2026-07-16T05:40:28.747+0000] {logging_mixin.py:188} INFO - [2026-07-16T05:40:28.747+0000] {dag.py:3823} INFO - Setting next_dagrun for dataset_consumes_unknown_never_scheduled to None, run_after=None
[2026-07-16T05:40:28.749+0000] {logging_mixin.py:188} INFO - [2026-07-16T05:40:28.749+0000] {dag.py:3823} INFO - Setting next_dagrun for dataset_produces_1 to 2026-07-15 00:00:00+00:00, run_after=2026-07-16 00:00:00+00:00
[2026-07-16T05:40:28.750+0000] {logging_mixin.py:188} INFO - [2026-07-16T05:40:28.750+0000] {dag.py:3823} INFO - Setting next_dagrun for dataset_produces_2 to None, run_after=None
[2026-07-16T05:40:28.775+0000] {processor.py:183} INFO - Processing /home/airflow/.local/lib/python3.8/site-packages/airflow/example_dags/example_datasets.py took 0.105 seconds
[2026-07-16T05:40:59.131+0000] {processor.py:161} INFO - Started process (PID=2200) to work on /home/airflow/.local/lib/python3.8/site-packages/airflow/example_dags/example_datasets.py
[2026-07-16T05:40:59.134+0000] {processor.py:830} INFO - Processing file /home/airflow/.local/lib/python3.8/site-packages/airflow/example_dags/example_datasets.py for tasks to queue
[2026-07-16T05:40:59.136+0000] {logging_mixin.py:188} INFO - [2026-07-16T05:40:59.135+0000] {dagbag.py:538} INFO - Filling up the DagBag from /home/airflow/.local/lib/python3.8/site-packages/airflow/example_dags/example_datasets.py
[2026-07-16T05:40:59.145+0000] {processor.py:840} INFO - DAG(s) 'dataset_consumes_1_never_scheduled', 'dataset_produces_1', 'dataset_consumes_1_and_2', 'dataset_consumes_1', 'dataset_produces_2', 'dataset_consumes_unknown_never_scheduled' retrieved from /home/airflow/.local/lib/python3.8/site-packages/airflow/example_dags/example_datasets.py
[2026-07-16T05:40:59.175+0000] {logging_mixin.py:188} INFO - [2026-07-16T05:40:59.175+0000] {dag.py:3036} INFO - Sync 6 DAGs
[2026-07-16T05:40:59.192+0000] {logging_mixin.py:188} INFO - [2026-07-16T05:40:59.191+0000] {dag.py:3823} INFO - Setting next_dagrun for dataset_consumes_1 to None, run_after=None
[2026-07-16T05:40:59.194+0000] {logging_mixin.py:188} INFO - [2026-07-16T05:40:59.194+0000] {dag.py:3823} INFO - Setting next_dagrun for dataset_consumes_1_and_2 to None, run_after=None
[2026-07-16T05:40:59.196+0000] {logging_mixin.py:188} INFO - [2026-07-16T05:40:59.196+0000] {dag.py:3823} INFO - Setting next_dagrun for dataset_consumes_1_never_scheduled to None, run_after=None
[2026-07-16T05:40:59.197+0000] {logging_mixin.py:188} INFO - [2026-07-16T05:40:59.197+0000] {dag.py:3823} INFO - Setting next_dagrun for dataset_consumes_unknown_never_scheduled to None, run_after=None
[2026-07-16T05:40:59.198+0000] {logging_mixin.py:188} INFO - [2026-07-16T05:40:59.198+0000] {dag.py:3823} INFO - Setting next_dagrun for dataset_produces_1 to 2026-07-15 00:00:00+00:00, run_after=2026-07-16 00:00:00+00:00
[2026-07-16T05:40:59.199+0000] {logging_mixin.py:188} INFO - [2026-07-16T05:40:59.199+0000] {dag.py:3823} INFO - Setting next_dagrun for dataset_produces_2 to None, run_after=None
[2026-07-16T05:40:59.222+0000] {processor.py:183} INFO - Processing /home/airflow/.local/lib/python3.8/site-packages/airflow/example_dags/example_datasets.py took 0.093 seconds
[2026-07-16T05:41:30.062+0000] {processor.py:161} INFO - Started process (PID=2256) to work on /home/airflow/.local/lib/python3.8/site-packages/airflow/example_dags/example_datasets.py
[2026-07-16T05:41:30.064+0000] {processor.py:830} INFO - Processing file /home/airflow/.local/lib/python3.8/site-packages/airflow/example_dags/example_datasets.py for tasks to queue
[2026-07-16T05:41:30.067+0000] {logging_mixin.py:188} INFO - [2026-07-16T05:41:30.066+0000] {dagbag.py:538} INFO - Filling up the DagBag from /home/airflow/.local/lib/python3.8/site-packages/airflow/example_dags/example_datasets.py
[2026-07-16T05:41:30.075+0000] {processor.py:840} INFO - DAG(s) 'dataset_produces_2', 'dataset_produces_1', 'dataset_consumes_unknown_never_scheduled', 'dataset_consumes_1_and_2', 'dataset_consumes_1', 'dataset_consumes_1_never_scheduled' retrieved from /home/airflow/.local/lib/python3.8/site-packages/airflow/example_dags/example_datasets.py
[2026-07-16T05:41:30.101+0000] {logging_mixin.py:188} INFO - [2026-07-16T05:41:30.101+0000] {dag.py:3036} INFO - Sync 6 DAGs
[2026-07-16T05:41:30.117+0000] {logging_mixin.py:188} INFO - [2026-07-16T05:41:30.117+0000] {dag.py:3823} INFO - Setting next_dagrun for dataset_consumes_1 to None, run_after=None
[2026-07-16T05:41:30.120+0000] {logging_mixin.py:188} INFO - [2026-07-16T05:41:30.119+0000] {dag.py:3823} INFO - Setting next_dagrun for dataset_consumes_1_and_2 to None, run_after=None
[2026-07-16T05:41:30.120+0000] {logging_mixin.py:188} INFO - [2026-07-16T05:41:30.120+0000] {dag.py:3823} INFO - Setting next_dagrun for dataset_consumes_1_never_scheduled to None, run_after=None
[2026-07-16T05:41:30.121+0000] {logging_mixin.py:188} INFO - [2026-07-16T05:41:30.121+0000] {dag.py:3823} INFO - Setting next_dagrun for dataset_consumes_unknown_never_scheduled to None, run_after=None
[2026-07-16T05:41:30.123+0000] {logging_mixin.py:188} INFO - [2026-07-16T05:41:30.123+0000] {dag.py:3823} INFO - Setting next_dagrun for dataset_produces_1 to 2026-07-15 00:00:00+00:00, run_after=2026-07-16 00:00:00+00:00
[2026-07-16T05:41:30.124+0000] {logging_mixin.py:188} INFO - [2026-07-16T05:41:30.124+0000] {dag.py:3823} INFO - Setting next_dagrun for dataset_produces_2 to None, run_after=None
[2026-07-16T05:41:30.150+0000] {processor.py:183} INFO - Processing /home/airflow/.local/lib/python3.8/site-packages/airflow/example_dags/example_datasets.py took 0.091 seconds
[2026-07-16T05:42:00.940+0000] {processor.py:161} INFO - Started process (PID=2312) to work on /home/airflow/.local/lib/python3.8/site-packages/airflow/example_dags/example_datasets.py
[2026-07-16T05:42:00.942+0000] {processor.py:830} INFO - Processing file /home/airflow/.local/lib/python3.8/site-packages/airflow/example_dags/example_datasets.py for tasks to queue
[2026-07-16T05:42:00.944+0000] {logging_mixin.py:188} INFO - [2026-07-16T05:42:00.944+0000] {dagbag.py:538} INFO - Filling up the DagBag from /home/airflow/.local/lib/python3.8/site-packages/airflow/example_dags/example_datasets.py
[2026-07-16T05:42:00.952+0000] {processor.py:840} INFO - DAG(s) 'dataset_produces_1', 'dataset_produces_2', 'dataset_consumes_1_and_2', 'dataset_consumes_1_never_scheduled', 'dataset_consumes_unknown_never_scheduled', 'dataset_consumes_1' retrieved from /home/airflow/.local/lib/python3.8/site-packages/airflow/example_dags/example_datasets.py
[2026-07-16T05:42:00.979+0000] {logging_mixin.py:188} INFO - [2026-07-16T05:42:00.979+0000] {dag.py:3036} INFO - Sync 6 DAGs
[2026-07-16T05:42:00.994+0000] {logging_mixin.py:188} INFO - [2026-07-16T05:42:00.994+0000] {dag.py:3823} INFO - Setting next_dagrun for dataset_consumes_1 to None, run_after=None
[2026-07-16T05:42:00.997+0000] {logging_mixin.py:188} INFO - [2026-07-16T05:42:00.997+0000] {dag.py:3823} INFO - Setting next_dagrun for dataset_consumes_1_and_2 to None, run_after=None
[2026-07-16T05:42:00.998+0000] {logging_mixin.py:188} INFO - [2026-07-16T05:42:00.998+0000] {dag.py:3823} INFO - Setting next_dagrun for dataset_consumes_1_never_scheduled to None, run_after=None
[2026-07-16T05:42:00.999+0000] {logging_mixin.py:188} INFO - [2026-07-16T05:42:00.999+0000] {dag.py:3823} INFO - Setting next_dagrun for dataset_consumes_unknown_never_scheduled to None, run_after=None
[2026-07-16T05:42:01.002+0000] {logging_mixin.py:188} INFO - [2026-07-16T05:42:01.002+0000] {dag.py:3823} INFO - Setting next_dagrun for dataset_produces_1 to 2026-07-15 00:00:00+00:00, run_after=2026-07-16 00:00:00+00:00
[2026-07-16T05:42:01.003+0000] {logging_mixin.py:188} INFO - [2026-07-16T05:42:01.003+0000] {dag.py:3823} INFO - Setting next_dagrun for dataset_produces_2 to None, run_after=None
[2026-07-16T05:42:01.030+0000] {processor.py:183} INFO - Processing /home/airflow/.local/lib/python3.8/site-packages/airflow/example_dags/example_datasets.py took 0.095 seconds
[2026-07-16T05:42:31.200+0000] {processor.py:161} INFO - Started process (PID=2368) to work on /home/airflow/.local/lib/python3.8/site-packages/airflow/example_dags/example_datasets.py
[2026-07-16T05:42:31.203+0000] {processor.py:830} INFO - Processing file /home/airflow/.local/lib/python3.8/site-packages/airflow/example_dags/example_datasets.py for tasks to queue
[2026-07-16T05:42:31.204+0000] {logging_mixin.py:188} INFO - [2026-07-16T05:42:31.204+0000] {dagbag.py:538} INFO - Filling up the DagBag from /home/airflow/.local/lib/python3.8/site-packages/airflow/example_dags/example_datasets.py
[2026-07-16T05:42:31.213+0000] {processor.py:840} INFO - DAG(s) 'dataset_produces_2', 'dataset_consumes_1_and_2', 'dataset_consumes_1_never_scheduled', 'dataset_produces_1', 'dataset_consumes_unknown_never_scheduled', 'dataset_consumes_1' retrieved from /home/airflow/.local/lib/python3.8/site-packages/airflow/example_dags/example_datasets.py
[2026-07-16T05:42:31.240+0000] {logging_mixin.py:188} INFO - [2026-07-16T05:42:31.240+0000] {dag.py:3036} INFO - Sync 6 DAGs
[2026-07-16T05:42:31.258+0000] {logging_mixin.py:188} INFO - [2026-07-16T05:42:31.258+0000] {dag.py:3823} INFO - Setting next_dagrun for dataset_consumes_1 to None, run_after=None
[2026-07-16T05:42:31.262+0000] {logging_mixin.py:188} INFO - [2026-07-16T05:42:31.262+0000] {dag.py:3823} INFO - Setting next_dagrun for dataset_consumes_1_and_2 to None, run_after=None
[2026-07-16T05:42:31.264+0000] {logging_mixin.py:188} INFO - [2026-07-16T05:42:31.264+0000] {dag.py:3823} INFO - Setting next_dagrun for dataset_consumes_1_never_scheduled to None, run_after=None
[2026-07-16T05:42:31.265+0000] {logging_mixin.py:188} INFO - [2026-07-16T05:42:31.265+0000] {dag.py:3823} INFO - Setting next_dagrun for dataset_consumes_unknown_never_scheduled to None, run_after=None
[2026-07-16T05:42:31.267+0000] {logging_mixin.py:188} INFO - [2026-07-16T05:42:31.267+0000] {dag.py:3823} INFO - Setting next_dagrun for dataset_produces_1 to 2026-07-15 00:00:00+00:00, run_after=2026-07-16 00:00:00+00:00
[2026-07-16T05:42:31.268+0000] {logging_mixin.py:188} INFO - [2026-07-16T05:42:31.268+0000] {dag.py:3823} INFO - Setting next_dagrun for dataset_produces_2 to None, run_after=None
[2026-07-16T05:42:31.292+0000] {processor.py:183} INFO - Processing /home/airflow/.local/lib/python3.8/site-packages/airflow/example_dags/example_datasets.py took 0.094 seconds
[2026-07-16T05:43:01.595+0000] {processor.py:161} INFO - Started process (PID=2424) to work on /home/airflow/.local/lib/python3.8/site-packages/airflow/example_dags/example_datasets.py
[2026-07-16T05:43:01.597+0000] {processor.py:830} INFO - Processing file /home/airflow/.local/lib/python3.8/site-packages/airflow/example_dags/example_datasets.py for tasks to queue
[2026-07-16T05:43:01.599+0000] {logging_mixin.py:188} INFO - [2026-07-16T05:43:01.599+0000] {dagbag.py:538} INFO - Filling up the DagBag from /home/airflow/.local/lib/python3.8/site-packages/airflow/example_dags/example_datasets.py
[2026-07-16T05:43:01.608+0000] {processor.py:840} INFO - DAG(s) 'dataset_produces_1', 'dataset_produces_2', 'dataset_consumes_1', 'dataset_consumes_1_and_2', 'dataset_consumes_1_never_scheduled', 'dataset_consumes_unknown_never_scheduled' retrieved from /home/airflow/.local/lib/python3.8/site-packages/airflow/example_dags/example_datasets.py
[2026-07-16T05:43:01.635+0000] {logging_mixin.py:188} INFO - [2026-07-16T05:43:01.635+0000] {dag.py:3036} INFO - Sync 6 DAGs
[2026-07-16T05:43:01.652+0000] {logging_mixin.py:188} INFO - [2026-07-16T05:43:01.652+0000] {dag.py:3823} INFO - Setting next_dagrun for dataset_consumes_1 to None, run_after=None
[2026-07-16T05:43:01.656+0000] {logging_mixin.py:188} INFO - [2026-07-16T05:43:01.656+0000] {dag.py:3823} INFO - Setting next_dagrun for dataset_consumes_1_and_2 to None, run_after=None
[2026-07-16T05:43:01.657+0000] {logging_mixin.py:188} INFO - [2026-07-16T05:43:01.657+0000] {dag.py:3823} INFO - Setting next_dagrun for dataset_consumes_1_never_scheduled to None, run_after=None
[2026-07-16T05:43:01.658+0000] {logging_mixin.py:188} INFO - [2026-07-16T05:43:01.658+0000] {dag.py:3823} INFO - Setting next_dagrun for dataset_consumes_unknown_never_scheduled to None, run_after=None
[2026-07-16T05:43:01.660+0000] {logging_mixin.py:188} INFO - [2026-07-16T05:43:01.660+0000] {dag.py:3823} INFO - Setting next_dagrun for dataset_produces_1 to 2026-07-15 00:00:00+00:00, run_after=2026-07-16 00:00:00+00:00
[2026-07-16T05:43:01.661+0000] {logging_mixin.py:188} INFO - [2026-07-16T05:43:01.661+0000] {dag.py:3823} INFO - Setting next_dagrun for dataset_produces_2 to None, run_after=None
[2026-07-16T05:43:01.686+0000] {processor.py:183} INFO - Processing /home/airflow/.local/lib/python3.8/site-packages/airflow/example_dags/example_datasets.py took 0.096 seconds
[2026-07-16T05:43:32.135+0000] {processor.py:161} INFO - Started process (PID=2474) to work on /home/airflow/.local/lib/python3.8/site-packages/airflow/example_dags/example_datasets.py
[2026-07-16T05:43:32.137+0000] {processor.py:830} INFO - Processing file /home/airflow/.local/lib/python3.8/site-packages/airflow/example_dags/example_datasets.py for tasks to queue
[2026-07-16T05:43:32.140+0000] {logging_mixin.py:188} INFO - [2026-07-16T05:43:32.139+0000] {dagbag.py:538} INFO - Filling up the DagBag from /home/airflow/.local/lib/python3.8/site-packages/airflow/example_dags/example_datasets.py
[2026-07-16T05:43:32.147+0000] {processor.py:840} INFO - DAG(s) 'dataset_consumes_1', 'dataset_produces_1', 'dataset_consumes_1_never_scheduled', 'dataset_produces_2', 'dataset_consumes_1_and_2', 'dataset_consumes_unknown_never_scheduled' retrieved from /home/airflow/.local/lib/python3.8/site-packages/airflow/example_dags/example_datasets.py
[2026-07-16T05:43:32.174+0000] {logging_mixin.py:188} INFO - [2026-07-16T05:43:32.174+0000] {dag.py:3036} INFO - Sync 6 DAGs
[2026-07-16T05:43:32.189+0000] {logging_mixin.py:188} INFO - [2026-07-16T05:43:32.188+0000] {dag.py:3823} INFO - Setting next_dagrun for dataset_consumes_1 to None, run_after=None
[2026-07-16T05:43:32.191+0000] {logging_mixin.py:188} INFO - [2026-07-16T05:43:32.191+0000] {dag.py:3823} INFO - Setting next_dagrun for dataset_consumes_1_and_2 to None, run_after=None
[2026-07-16T05:43:32.192+0000] {logging_mixin.py:188} INFO - [2026-07-16T05:43:32.192+0000] {dag.py:3823} INFO - Setting next_dagrun for dataset_consumes_1_never_scheduled to None, run_after=None
[2026-07-16T05:43:32.193+0000] {logging_mixin.py:188} INFO - [2026-07-16T05:43:32.193+0000] {dag.py:3823} INFO - Setting next_dagrun for dataset_consumes_unknown_never_scheduled to None, run_after=None
[2026-07-16T05:43:32.195+0000] {logging_mixin.py:188} INFO - [2026-07-16T05:43:32.194+0000] {dag.py:3823} INFO - Setting next_dagrun for dataset_produces_1 to 2026-07-15 00:00:00+00:00, run_after=2026-07-16 00:00:00+00:00
[2026-07-16T05:43:32.195+0000] {logging_mixin.py:188} INFO - [2026-07-16T05:43:32.195+0000] {dag.py:3823} INFO - Setting next_dagrun for dataset_produces_2 to None, run_after=None
[2026-07-16T05:43:32.225+0000] {processor.py:183} INFO - Processing /home/airflow/.local/lib/python3.8/site-packages/airflow/example_dags/example_datasets.py took 0.096 seconds
[2026-07-16T05:44:02.604+0000] {processor.py:161} INFO - Started process (PID=2530) to work on /home/airflow/.local/lib/python3.8/site-packages/airflow/example_dags/example_datasets.py
[2026-07-16T05:44:02.607+0000] {processor.py:830} INFO - Processing file /home/airflow/.local/lib/python3.8/site-packages/airflow/example_dags/example_datasets.py for tasks to queue
[2026-07-16T05:44:02.612+0000] {logging_mixin.py:188} INFO - [2026-07-16T05:44:02.610+0000] {dagbag.py:538} INFO - Filling up the DagBag from /home/airflow/.local/lib/python3.8/site-packages/airflow/example_dags/example_datasets.py
[2026-07-16T05:44:02.623+0000] {processor.py:840} INFO - DAG(s) 'dataset_produces_1', 'dataset_consumes_unknown_never_scheduled', 'dataset_consumes_1_and_2', 'dataset_produces_2', 'dataset_consumes_1', 'dataset_consumes_1_never_scheduled' retrieved from /home/airflow/.local/lib/python3.8/site-packages/airflow/example_dags/example_datasets.py
[2026-07-16T05:44:02.652+0000] {logging_mixin.py:188} INFO - [2026-07-16T05:44:02.652+0000] {dag.py:3036} INFO - Sync 6 DAGs
[2026-07-16T05:44:02.680+0000] {logging_mixin.py:188} INFO - [2026-07-16T05:44:02.679+0000] {dag.py:3823} INFO - Setting next_dagrun for dataset_consumes_1 to None, run_after=None
[2026-07-16T05:44:02.685+0000] {logging_mixin.py:188} INFO - [2026-07-16T05:44:02.685+0000] {dag.py:3823} INFO - Setting next_dagrun for dataset_consumes_1_and_2 to None, run_after=None
[2026-07-16T05:44:02.688+0000] {logging_mixin.py:188} INFO - [2026-07-16T05:44:02.688+0000] {dag.py:3823} INFO - Setting next_dagrun for dataset_consumes_1_never_scheduled to None, run_after=None
[2026-07-16T05:44:02.691+0000] {logging_mixin.py:188} INFO - [2026-07-16T05:44:02.690+0000] {dag.py:3823} INFO - Setting next_dagrun for dataset_consumes_unknown_never_scheduled to None, run_after=None
[2026-07-16T05:44:02.695+0000] {logging_mixin.py:188} INFO - [2026-07-16T05:44:02.694+0000] {dag.py:3823} INFO - Setting next_dagrun for dataset_produces_1 to 2026-07-15 00:00:00+00:00, run_after=2026-07-16 00:00:00+00:00
[2026-07-16T05:44:02.698+0000] {logging_mixin.py:188} INFO - [2026-07-16T05:44:02.697+0000] {dag.py:3823} INFO - Setting next_dagrun for dataset_produces_2 to None, run_after=None
[2026-07-16T05:44:02.754+0000] {processor.py:183} INFO - Processing /home/airflow/.local/lib/python3.8/site-packages/airflow/example_dags/example_datasets.py took 0.156 seconds
[2026-07-16T05:44:32.971+0000] {processor.py:161} INFO - Started process (PID=2586) to work on /home/airflow/.local/lib/python3.8/site-packages/airflow/example_dags/example_datasets.py
[2026-07-16T05:44:32.971+0000] {processor.py:830} INFO - Processing file /home/airflow/.local/lib/python3.8/site-packages/airflow/example_dags/example_datasets.py for tasks to queue
[2026-07-16T05:44:32.973+0000] {logging_mixin.py:188} INFO - [2026-07-16T05:44:32.973+0000] {dagbag.py:538} INFO - Filling up the DagBag from /home/airflow/.local/lib/python3.8/site-packages/airflow/example_dags/example_datasets.py
[2026-07-16T05:44:32.983+0000] {processor.py:840} INFO - DAG(s) 'dataset_produces_2', 'dataset_consumes_unknown_never_scheduled', 'dataset_consumes_1_and_2', 'dataset_consumes_1_never_scheduled', 'dataset_produces_1', 'dataset_consumes_1' retrieved from /home/airflow/.local/lib/python3.8/site-packages/airflow/example_dags/example_datasets.py
[2026-07-16T05:44:33.018+0000] {logging_mixin.py:188} INFO - [2026-07-16T05:44:33.018+0000] {dag.py:3036} INFO - Sync 6 DAGs
[2026-07-16T05:44:33.038+0000] {logging_mixin.py:188} INFO - [2026-07-16T05:44:33.038+0000] {dag.py:3823} INFO - Setting next_dagrun for dataset_consumes_1 to None, run_after=None
[2026-07-16T05:44:33.041+0000] {logging_mixin.py:188} INFO - [2026-07-16T05:44:33.041+0000] {dag.py:3823} INFO - Setting next_dagrun for dataset_consumes_1_and_2 to None, run_after=None
[2026-07-16T05:44:33.042+0000] {logging_mixin.py:188} INFO - [2026-07-16T05:44:33.042+0000] {dag.py:3823} INFO - Setting next_dagrun for dataset_consumes_1_never_scheduled to None, run_after=None
[2026-07-16T05:44:33.043+0000] {logging_mixin.py:188} INFO - [2026-07-16T05:44:33.043+0000] {dag.py:3823} INFO - Setting next_dagrun for dataset_consumes_unknown_never_scheduled to None, run_after=None
[2026-07-16T05:44:33.045+0000] {logging_mixin.py:188} INFO - [2026-07-16T05:44:33.045+0000] {dag.py:3823} INFO - Setting next_dagrun for dataset_produces_1 to 2026-07-15 00:00:00+00:00, run_after=2026-07-16 00:00:00+00:00
[2026-07-16T05:44:33.048+0000] {logging_mixin.py:188} INFO - [2026-07-16T05:44:33.047+0000] {dag.py:3823} INFO - Setting next_dagrun for dataset_produces_2 to None, run_after=None
[2026-07-16T05:44:33.076+0000] {processor.py:183} INFO - Processing /home/airflow/.local/lib/python3.8/site-packages/airflow/example_dags/example_datasets.py took 0.108 seconds
[2026-07-16T05:45:03.234+0000] {processor.py:161} INFO - Started process (PID=2642) to work on /home/airflow/.local/lib/python3.8/site-packages/airflow/example_dags/example_datasets.py
[2026-07-16T05:45:03.236+0000] {processor.py:830} INFO - Processing file /home/airflow/.local/lib/python3.8/site-packages/airflow/example_dags/example_datasets.py for tasks to queue
[2026-07-16T05:45:03.238+0000] {logging_mixin.py:188} INFO - [2026-07-16T05:45:03.238+0000] {dagbag.py:538} INFO - Filling up the DagBag from /home/airflow/.local/lib/python3.8/site-packages/airflow/example_dags/example_datasets.py
[2026-07-16T05:45:03.248+0000] {processor.py:840} INFO - DAG(s) 'dataset_produces_1', 'dataset_produces_2', 'dataset_consumes_1', 'dataset_consumes_unknown_never_scheduled', 'dataset_consumes_1_and_2', 'dataset_consumes_1_never_scheduled' retrieved from /home/airflow/.local/lib/python3.8/site-packages/airflow/example_dags/example_datasets.py
[2026-07-16T05:45:03.281+0000] {logging_mixin.py:188} INFO - [2026-07-16T05:45:03.281+0000] {dag.py:3036} INFO - Sync 6 DAGs
[2026-07-16T05:45:03.303+0000] {logging_mixin.py:188} INFO - [2026-07-16T05:45:03.303+0000] {dag.py:3823} INFO - Setting next_dagrun for dataset_consumes_1 to None, run_after=None
[2026-07-16T05:45:03.306+0000] {logging_mixin.py:188} INFO - [2026-07-16T05:45:03.305+0000] {dag.py:3823} INFO - Setting next_dagrun for dataset_consumes_1_and_2 to None, run_after=None
[2026-07-16T05:45:03.306+0000] {logging_mixin.py:188} INFO - [2026-07-16T05:45:03.306+0000] {dag.py:3823} INFO - Setting next_dagrun for dataset_consumes_1_never_scheduled to None, run_after=None
[2026-07-16T05:45:03.307+0000] {logging_mixin.py:188} INFO - [2026-07-16T05:45:03.307+0000] {dag.py:3823} INFO - Setting next_dagrun for dataset_consumes_unknown_never_scheduled to None, run_after=None
[2026-07-16T05:45:03.309+0000] {logging_mixin.py:188} INFO - [2026-07-16T05:45:03.309+0000] {dag.py:3823} INFO - Setting next_dagrun for dataset_produces_1 to 2026-07-15 00:00:00+00:00, run_after=2026-07-16 00:00:00+00:00
[2026-07-16T05:45:03.310+0000] {logging_mixin.py:188} INFO - [2026-07-16T05:45:03.310+0000] {dag.py:3823} INFO - Setting next_dagrun for dataset_produces_2 to None, run_after=None
[2026-07-16T05:45:03.336+0000] {processor.py:183} INFO - Processing /home/airflow/.local/lib/python3.8/site-packages/airflow/example_dags/example_datasets.py took 0.106 seconds
[2026-07-16T05:45:33.426+0000] {processor.py:161} INFO - Started process (PID=2698) to work on /home/airflow/.local/lib/python3.8/site-packages/airflow/example_dags/example_datasets.py
[2026-07-16T05:45:33.427+0000] {processor.py:830} INFO - Processing file /home/airflow/.local/lib/python3.8/site-packages/airflow/example_dags/example_datasets.py for tasks to queue
[2026-07-16T05:45:33.429+0000] {logging_mixin.py:188} INFO - [2026-07-16T05:45:33.428+0000] {dagbag.py:538} INFO - Filling up the DagBag from /home/airflow/.local/lib/python3.8/site-packages/airflow/example_dags/example_datasets.py
[2026-07-16T05:45:33.437+0000] {processor.py:840} INFO - DAG(s) 'dataset_consumes_unknown_never_scheduled', 'dataset_produces_2', 'dataset_consumes_1_never_scheduled', 'dataset_produces_1', 'dataset_consumes_1_and_2', 'dataset_consumes_1' retrieved from /home/airflow/.local/lib/python3.8/site-packages/airflow/example_dags/example_datasets.py
[2026-07-16T05:45:33.462+0000] {logging_mixin.py:188} INFO - [2026-07-16T05:45:33.462+0000] {dag.py:3036} INFO - Sync 6 DAGs
[2026-07-16T05:45:33.477+0000] {logging_mixin.py:188} INFO - [2026-07-16T05:45:33.477+0000] {dag.py:3823} INFO - Setting next_dagrun for dataset_consumes_1 to None, run_after=None
[2026-07-16T05:45:33.480+0000] {logging_mixin.py:188} INFO - [2026-07-16T05:45:33.480+0000] {dag.py:3823} INFO - Setting next_dagrun for dataset_consumes_1_and_2 to None, run_after=None
[2026-07-16T05:45:33.481+0000] {logging_mixin.py:188} INFO - [2026-07-16T05:45:33.481+0000] {dag.py:3823} INFO - Setting next_dagrun for dataset_consumes_1_never_scheduled to None, run_after=None
[2026-07-16T05:45:33.482+0000] {logging_mixin.py:188} INFO - [2026-07-16T05:45:33.482+0000] {dag.py:3823} INFO - Setting next_dagrun for dataset_consumes_unknown_never_scheduled to None, run_after=None
[2026-07-16T05:45:33.484+0000] {logging_mixin.py:188} INFO - [2026-07-16T05:45:33.484+0000] {dag.py:3823} INFO - Setting next_dagrun for dataset_produces_1 to 2026-07-15 00:00:00+00:00, run_after=2026-07-16 00:00:00+00:00
[2026-07-16T05:45:33.485+0000] {logging_mixin.py:188} INFO - [2026-07-16T05:45:33.485+0000] {dag.py:3823} INFO - Setting next_dagrun for dataset_produces_2 to None, run_after=None
[2026-07-16T05:45:33.611+0000] {processor.py:183} INFO - Processing /home/airflow/.local/lib/python3.8/site-packages/airflow/example_dags/example_datasets.py took 0.190 seconds
[2026-07-16T05:46:03.976+0000] {processor.py:161} INFO - Started process (PID=2754) to work on /home/airflow/.local/lib/python3.8/site-packages/airflow/example_dags/example_datasets.py
[2026-07-16T05:46:03.979+0000] {processor.py:830} INFO - Processing file /home/airflow/.local/lib/python3.8/site-packages/airflow/example_dags/example_datasets.py for tasks to queue
[2026-07-16T05:46:03.981+0000] {logging_mixin.py:188} INFO - [2026-07-16T05:46:03.980+0000] {dagbag.py:538} INFO - Filling up the DagBag from /home/airflow/.local/lib/python3.8/site-packages/airflow/example_dags/example_datasets.py
[2026-07-16T05:46:03.993+0000] {processor.py:840} INFO - DAG(s) 'dataset_produces_2', 'dataset_consumes_1_and_2', 'dataset_produces_1', 'dataset_consumes_unknown_never_scheduled', 'dataset_consumes_1', 'dataset_consumes_1_never_scheduled' retrieved from /home/airflow/.local/lib/python3.8/site-packages/airflow/example_dags/example_datasets.py
[2026-07-16T05:46:04.035+0000] {logging_mixin.py:188} INFO - [2026-07-16T05:46:04.035+0000] {dag.py:3036} INFO - Sync 6 DAGs
[2026-07-16T05:46:04.052+0000] {logging_mixin.py:188} INFO - [2026-07-16T05:46:04.052+0000] {dag.py:3823} INFO - Setting next_dagrun for dataset_consumes_1 to None, run_after=None
[2026-07-16T05:46:04.055+0000] {logging_mixin.py:188} INFO - [2026-07-16T05:46:04.055+0000] {dag.py:3823} INFO - Setting next_dagrun for dataset_consumes_1_and_2 to None, run_after=None
[2026-07-16T05:46:04.056+0000] {logging_mixin.py:188} INFO - [2026-07-16T05:46:04.056+0000] {dag.py:3823} INFO - Setting next_dagrun for dataset_consumes_1_never_scheduled to None, run_after=None
[2026-07-16T05:46:04.059+0000] {logging_mixin.py:188} INFO - [2026-07-16T05:46:04.058+0000] {dag.py:3823} INFO - Setting next_dagrun for dataset_consumes_unknown_never_scheduled to None, run_after=None
[2026-07-16T05:46:04.062+0000] {logging_mixin.py:188} INFO - [2026-07-16T05:46:04.061+0000] {dag.py:3823} INFO - Setting next_dagrun for dataset_produces_1 to 2026-07-15 00:00:00+00:00, run_after=2026-07-16 00:00:00+00:00
[2026-07-16T05:46:04.063+0000] {logging_mixin.py:188} INFO - [2026-07-16T05:46:04.063+0000] {dag.py:3823} INFO - Setting next_dagrun for dataset_produces_2 to None, run_after=None
[2026-07-16T05:46:04.089+0000] {processor.py:183} INFO - Processing /home/airflow/.local/lib/python3.8/site-packages/airflow/example_dags/example_datasets.py took 0.116 seconds
[2026-07-16T05:46:34.244+0000] {processor.py:161} INFO - Started process (PID=2810) to work on /home/airflow/.local/lib/python3.8/site-packages/airflow/example_dags/example_datasets.py
[2026-07-16T05:46:34.247+0000] {processor.py:830} INFO - Processing file /home/airflow/.local/lib/python3.8/site-packages/airflow/example_dags/example_datasets.py for tasks to queue
[2026-07-16T05:46:34.249+0000] {logging_mixin.py:188} INFO - [2026-07-16T05:46:34.248+0000] {dagbag.py:538} INFO - Filling up the DagBag from /home/airflow/.local/lib/python3.8/site-packages/airflow/example_dags/example_datasets.py
[2026-07-16T05:46:34.257+0000] {processor.py:840} INFO - DAG(s) 'dataset_consumes_1', 'dataset_produces_1', 'dataset_consumes_1_and_2', 'dataset_consumes_unknown_never_scheduled', 'dataset_consumes_1_never_scheduled', 'dataset_produces_2' retrieved from /home/airflow/.local/lib/python3.8/site-packages/airflow/example_dags/example_datasets.py
[2026-07-16T05:46:34.288+0000] {logging_mixin.py:188} INFO - [2026-07-16T05:46:34.287+0000] {dag.py:3036} INFO - Sync 6 DAGs
[2026-07-16T05:46:34.305+0000] {logging_mixin.py:188} INFO - [2026-07-16T05:46:34.305+0000] {dag.py:3823} INFO - Setting next_dagrun for dataset_consumes_1 to None, run_after=None
[2026-07-16T05:46:34.308+0000] {logging_mixin.py:188} INFO - [2026-07-16T05:46:34.308+0000] {dag.py:3823} INFO - Setting next_dagrun for dataset_consumes_1_and_2 to None, run_after=None
[2026-07-16T05:46:34.309+0000] {logging_mixin.py:188} INFO - [2026-07-16T05:46:34.309+0000] {dag.py:3823} INFO - Setting next_dagrun for dataset_consumes_1_never_scheduled to None, run_after=None
[2026-07-16T05:46:34.310+0000] {logging_mixin.py:188} INFO - [2026-07-16T05:46:34.310+0000] {dag.py:3823} INFO - Setting next_dagrun for dataset_consumes_unknown_never_scheduled to None, run_after=None
[2026-07-16T05:46:34.313+0000] {logging_mixin.py:188} INFO - [2026-07-16T05:46:34.313+0000] {dag.py:3823} INFO - Setting next_dagrun for dataset_produces_1 to 2026-07-15 00:00:00+00:00, run_after=2026-07-16 00:00:00+00:00
[2026-07-16T05:46:34.314+0000] {logging_mixin.py:188} INFO - [2026-07-16T05:46:34.314+0000] {dag.py:3823} INFO - Setting next_dagrun for dataset_produces_2 to None, run_after=None
[2026-07-16T05:46:34.340+0000] {processor.py:183} INFO - Processing /home/airflow/.local/lib/python3.8/site-packages/airflow/example_dags/example_datasets.py took 0.099 seconds
[2026-07-16T05:47:04.901+0000] {processor.py:161} INFO - Started process (PID=2866) to work on /home/airflow/.local/lib/python3.8/site-packages/airflow/example_dags/example_datasets.py
[2026-07-16T05:47:04.904+0000] {processor.py:830} INFO - Processing file /home/airflow/.local/lib/python3.8/site-packages/airflow/example_dags/example_datasets.py for tasks to queue
[2026-07-16T05:47:04.905+0000] {logging_mixin.py:188} INFO - [2026-07-16T05:47:04.905+0000] {dagbag.py:538} INFO - Filling up the DagBag from /home/airflow/.local/lib/python3.8/site-packages/airflow/example_dags/example_datasets.py
[2026-07-16T05:47:04.916+0000] {processor.py:840} INFO - DAG(s) 'dataset_consumes_1', 'dataset_consumes_unknown_never_scheduled', 'dataset_consumes_1_never_scheduled', 'dataset_produces_2', 'dataset_consumes_1_and_2', 'dataset_produces_1' retrieved from /home/airflow/.local/lib/python3.8/site-packages/airflow/example_dags/example_datasets.py
[2026-07-16T05:47:04.946+0000] {logging_mixin.py:188} INFO - [2026-07-16T05:47:04.946+0000] {dag.py:3036} INFO - Sync 6 DAGs
[2026-07-16T05:47:04.964+0000] {logging_mixin.py:188} INFO - [2026-07-16T05:47:04.963+0000] {dag.py:3823} INFO - Setting next_dagrun for dataset_consumes_1 to None, run_after=None
[2026-07-16T05:47:04.966+0000] {logging_mixin.py:188} INFO - [2026-07-16T05:47:04.966+0000] {dag.py:3823} INFO - Setting next_dagrun for dataset_consumes_1_and_2 to None, run_after=None
[2026-07-16T05:47:04.967+0000] {logging_mixin.py:188} INFO - [2026-07-16T05:47:04.967+0000] {dag.py:3823} INFO - Setting next_dagrun for dataset_consumes_1_never_scheduled to None, run_after=None
[2026-07-16T05:47:04.968+0000] {logging_mixin.py:188} INFO - [2026-07-16T05:47:04.968+0000] {dag.py:3823} INFO - Setting next_dagrun for dataset_consumes_unknown_never_scheduled to None, run_after=None
[2026-07-16T05:47:04.970+0000] {logging_mixin.py:188} INFO - [2026-07-16T05:47:04.970+0000] {dag.py:3823} INFO - Setting next_dagrun for dataset_produces_1 to 2026-07-15 00:00:00+00:00, run_after=2026-07-16 00:00:00+00:00
[2026-07-16T05:47:04.971+0000] {logging_mixin.py:188} INFO - [2026-07-16T05:47:04.971+0000] {dag.py:3823} INFO - Setting next_dagrun for dataset_produces_2 to None, run_after=None
[2026-07-16T05:47:04.998+0000] {processor.py:183} INFO - Processing /home/airflow/.local/lib/python3.8/site-packages/airflow/example_dags/example_datasets.py took 0.100 seconds
[2026-07-16T05:47:35.882+0000] {processor.py:161} INFO - Started process (PID=2922) to work on /home/airflow/.local/lib/python3.8/site-packages/airflow/example_dags/example_datasets.py
[2026-07-16T05:47:35.885+0000] {processor.py:830} INFO - Processing file /home/airflow/.local/lib/python3.8/site-packages/airflow/example_dags/example_datasets.py for tasks to queue
[2026-07-16T05:47:35.887+0000] {logging_mixin.py:188} INFO - [2026-07-16T05:47:35.886+0000] {dagbag.py:538} INFO - Filling up the DagBag from /home/airflow/.local/lib/python3.8/site-packages/airflow/example_dags/example_datasets.py
[2026-07-16T05:47:35.894+0000] {processor.py:840} INFO - DAG(s) 'dataset_produces_2', 'dataset_consumes_unknown_never_scheduled', 'dataset_consumes_1_and_2', 'dataset_consumes_1_never_scheduled', 'dataset_consumes_1', 'dataset_produces_1' retrieved from /home/airflow/.local/lib/python3.8/site-packages/airflow/example_dags/example_datasets.py
[2026-07-16T05:47:35.918+0000] {logging_mixin.py:188} INFO - [2026-07-16T05:47:35.918+0000] {dag.py:3036} INFO - Sync 6 DAGs
[2026-07-16T05:47:35.933+0000] {logging_mixin.py:188} INFO - [2026-07-16T05:47:35.933+0000] {dag.py:3823} INFO - Setting next_dagrun for dataset_consumes_1 to None, run_after=None
[2026-07-16T05:47:35.935+0000] {logging_mixin.py:188} INFO - [2026-07-16T05:47:35.935+0000] {dag.py:3823} INFO - Setting next_dagrun for dataset_consumes_1_and_2 to None, run_after=None
[2026-07-16T05:47:35.937+0000] {logging_mixin.py:188} INFO - [2026-07-16T05:47:35.936+0000] {dag.py:3823} INFO - Setting next_dagrun for dataset_consumes_1_never_scheduled to None, run_after=None
[2026-07-16T05:47:35.937+0000] {logging_mixin.py:188} INFO - [2026-07-16T05:47:35.937+0000] {dag.py:3823} INFO - Setting next_dagrun for dataset_consumes_unknown_never_scheduled to None, run_after=None
[2026-07-16T05:47:35.939+0000] {logging_mixin.py:188} INFO - [2026-07-16T05:47:35.939+0000] {dag.py:3823} INFO - Setting next_dagrun for dataset_produces_1 to 2026-07-15 00:00:00+00:00, run_after=2026-07-16 00:00:00+00:00
[2026-07-16T05:47:35.940+0000] {logging_mixin.py:188} INFO - [2026-07-16T05:47:35.940+0000] {dag.py:3823} INFO - Setting next_dagrun for dataset_produces_2 to None, run_after=None
[2026-07-16T05:47:35.962+0000] {processor.py:183} INFO - Processing /home/airflow/.local/lib/python3.8/site-packages/airflow/example_dags/example_datasets.py took 0.083 seconds
[2026-07-16T05:48:06.876+0000] {processor.py:161} INFO - Started process (PID=2978) to work on /home/airflow/.local/lib/python3.8/site-packages/airflow/example_dags/example_datasets.py
[2026-07-16T05:48:06.878+0000] {processor.py:830} INFO - Processing file /home/airflow/.local/lib/python3.8/site-packages/airflow/example_dags/example_datasets.py for tasks to queue
[2026-07-16T05:48:06.882+0000] {logging_mixin.py:188} INFO - [2026-07-16T05:48:06.881+0000] {dagbag.py:538} INFO - Filling up the DagBag from /home/airflow/.local/lib/python3.8/site-packages/airflow/example_dags/example_datasets.py
[2026-07-16T05:48:06.895+0000] {processor.py:840} INFO - DAG(s) 'dataset_consumes_1', 'dataset_produces_2', 'dataset_consumes_1_never_scheduled', 'dataset_produces_1', 'dataset_consumes_unknown_never_scheduled', 'dataset_consumes_1_and_2' retrieved from /home/airflow/.local/lib/python3.8/site-packages/airflow/example_dags/example_datasets.py
[2026-07-16T05:48:06.943+0000] {logging_mixin.py:188} INFO - [2026-07-16T05:48:06.943+0000] {dag.py:3036} INFO - Sync 6 DAGs
[2026-07-16T05:48:07.125+0000] {logging_mixin.py:188} INFO - [2026-07-16T05:48:07.125+0000] {dag.py:3823} INFO - Setting next_dagrun for dataset_consumes_1 to None, run_after=None
[2026-07-16T05:48:07.129+0000] {logging_mixin.py:188} INFO - [2026-07-16T05:48:07.129+0000] {dag.py:3823} INFO - Setting next_dagrun for dataset_consumes_1_and_2 to None, run_after=None
[2026-07-16T05:48:07.131+0000] {logging_mixin.py:188} INFO - [2026-07-16T05:48:07.131+0000] {dag.py:3823} INFO - Setting next_dagrun for dataset_consumes_1_never_scheduled to None, run_after=None
[2026-07-16T05:48:07.132+0000] {logging_mixin.py:188} INFO - [2026-07-16T05:48:07.132+0000] {dag.py:3823} INFO - Setting next_dagrun for dataset_consumes_unknown_never_scheduled to None, run_after=None
[2026-07-16T05:48:07.135+0000] {logging_mixin.py:188} INFO - [2026-07-16T05:48:07.135+0000] {dag.py:3823} INFO - Setting next_dagrun for dataset_produces_1 to 2026-07-15 00:00:00+00:00, run_after=2026-07-16 00:00:00+00:00
[2026-07-16T05:48:07.136+0000] {logging_mixin.py:188} INFO - [2026-07-16T05:48:07.136+0000] {dag.py:3823} INFO - Setting next_dagrun for dataset_produces_2 to None, run_after=None
[2026-07-16T05:48:07.177+0000] {processor.py:183} INFO - Processing /home/airflow/.local/lib/python3.8/site-packages/airflow/example_dags/example_datasets.py took 0.304 seconds
[2026-07-16T05:48:37.603+0000] {processor.py:161} INFO - Started process (PID=3034) to work on /home/airflow/.local/lib/python3.8/site-packages/airflow/example_dags/example_datasets.py
[2026-07-16T05:48:37.606+0000] {processor.py:830} INFO - Processing file /home/airflow/.local/lib/python3.8/site-packages/airflow/example_dags/example_datasets.py for tasks to queue
[2026-07-16T05:48:37.609+0000] {logging_mixin.py:188} INFO - [2026-07-16T05:48:37.608+0000] {dagbag.py:538} INFO - Filling up the DagBag from /home/airflow/.local/lib/python3.8/site-packages/airflow/example_dags/example_datasets.py
[2026-07-16T05:48:37.620+0000] {processor.py:840} INFO - DAG(s) 'dataset_consumes_1', 'dataset_produces_1', 'dataset_consumes_1_never_scheduled', 'dataset_produces_2', 'dataset_consumes_unknown_never_scheduled', 'dataset_consumes_1_and_2' retrieved from /home/airflow/.local/lib/python3.8/site-packages/airflow/example_dags/example_datasets.py
[2026-07-16T05:48:37.654+0000] {logging_mixin.py:188} INFO - [2026-07-16T05:48:37.654+0000] {dag.py:3036} INFO - Sync 6 DAGs
[2026-07-16T05:48:37.830+0000] {logging_mixin.py:188} INFO - [2026-07-16T05:48:37.830+0000] {dag.py:3823} INFO - Setting next_dagrun for dataset_consumes_1 to None, run_after=None
[2026-07-16T05:48:37.834+0000] {logging_mixin.py:188} INFO - [2026-07-16T05:48:37.834+0000] {dag.py:3823} INFO - Setting next_dagrun for dataset_consumes_1_and_2 to None, run_after=None
[2026-07-16T05:48:37.836+0000] {logging_mixin.py:188} INFO - [2026-07-16T05:48:37.836+0000] {dag.py:3823} INFO - Setting next_dagrun for dataset_consumes_1_never_scheduled to None, run_after=None
[2026-07-16T05:48:37.837+0000] {logging_mixin.py:188} INFO - [2026-07-16T05:48:37.837+0000] {dag.py:3823} INFO - Setting next_dagrun for dataset_consumes_unknown_never_scheduled to None, run_after=None
[2026-07-16T05:48:37.840+0000] {logging_mixin.py:188} INFO - [2026-07-16T05:48:37.840+0000] {dag.py:3823} INFO - Setting next_dagrun for dataset_produces_1 to 2026-07-15 00:00:00+00:00, run_after=2026-07-16 00:00:00+00:00
[2026-07-16T05:48:37.841+0000] {logging_mixin.py:188} INFO - [2026-07-16T05:48:37.841+0000] {dag.py:3823} INFO - Setting next_dagrun for dataset_produces_2 to None, run_after=None
[2026-07-16T05:48:37.876+0000] {processor.py:183} INFO - Processing /home/airflow/.local/lib/python3.8/site-packages/airflow/example_dags/example_datasets.py took 0.276 seconds
