[2026-07-13T09:11:25.119+0000] {processor.py:161} INFO - Started process (PID=110) to work on /home/airflow/.local/lib/python3.8/site-packages/airflow/example_dags/subdags/subdag.py
[2026-07-13T09:11:25.120+0000] {processor.py:830} INFO - Processing file /home/airflow/.local/lib/python3.8/site-packages/airflow/example_dags/subdags/subdag.py for tasks to queue
[2026-07-13T09:11:25.124+0000] {logging_mixin.py:188} INFO - [2026-07-13T09:11:25.123+0000] {dagbag.py:538} INFO - Filling up the DagBag from /home/airflow/.local/lib/python3.8/site-packages/airflow/example_dags/subdags/subdag.py
[2026-07-13T09:11:25.130+0000] {processor.py:842} WARNING - No viable dags retrieved from /home/airflow/.local/lib/python3.8/site-packages/airflow/example_dags/subdags/subdag.py
[2026-07-13T09:11:25.159+0000] {processor.py:183} INFO - Processing /home/airflow/.local/lib/python3.8/site-packages/airflow/example_dags/subdags/subdag.py took 0.045 seconds
[2026-07-13T09:11:56.100+0000] {processor.py:161} INFO - Started process (PID=166) to work on /home/airflow/.local/lib/python3.8/site-packages/airflow/example_dags/subdags/subdag.py
[2026-07-13T09:11:56.102+0000] {processor.py:830} INFO - Processing file /home/airflow/.local/lib/python3.8/site-packages/airflow/example_dags/subdags/subdag.py for tasks to queue
[2026-07-13T09:11:56.104+0000] {logging_mixin.py:188} INFO - [2026-07-13T09:11:56.104+0000] {dagbag.py:538} INFO - Filling up the DagBag from /home/airflow/.local/lib/python3.8/site-packages/airflow/example_dags/subdags/subdag.py
[2026-07-13T09:11:56.108+0000] {processor.py:842} WARNING - No viable dags retrieved from /home/airflow/.local/lib/python3.8/site-packages/airflow/example_dags/subdags/subdag.py
[2026-07-13T09:11:56.131+0000] {processor.py:183} INFO - Processing /home/airflow/.local/lib/python3.8/site-packages/airflow/example_dags/subdags/subdag.py took 0.036 seconds
[2026-07-13T09:12:26.561+0000] {processor.py:161} INFO - Started process (PID=216) to work on /home/airflow/.local/lib/python3.8/site-packages/airflow/example_dags/subdags/subdag.py
[2026-07-13T09:12:26.562+0000] {processor.py:830} INFO - Processing file /home/airflow/.local/lib/python3.8/site-packages/airflow/example_dags/subdags/subdag.py for tasks to queue
[2026-07-13T09:12:26.564+0000] {logging_mixin.py:188} INFO - [2026-07-13T09:12:26.564+0000] {dagbag.py:538} INFO - Filling up the DagBag from /home/airflow/.local/lib/python3.8/site-packages/airflow/example_dags/subdags/subdag.py
[2026-07-13T09:12:26.566+0000] {processor.py:842} WARNING - No viable dags retrieved from /home/airflow/.local/lib/python3.8/site-packages/airflow/example_dags/subdags/subdag.py
[2026-07-13T09:12:26.581+0000] {processor.py:183} INFO - Processing /home/airflow/.local/lib/python3.8/site-packages/airflow/example_dags/subdags/subdag.py took 0.025 seconds
[2026-07-13T09:12:56.620+0000] {processor.py:161} INFO - Started process (PID=280) to work on /home/airflow/.local/lib/python3.8/site-packages/airflow/example_dags/subdags/subdag.py
[2026-07-13T09:12:56.622+0000] {processor.py:830} INFO - Processing file /home/airflow/.local/lib/python3.8/site-packages/airflow/example_dags/subdags/subdag.py for tasks to queue
[2026-07-13T09:12:56.625+0000] {logging_mixin.py:188} INFO - [2026-07-13T09:12:56.624+0000] {dagbag.py:538} INFO - Filling up the DagBag from /home/airflow/.local/lib/python3.8/site-packages/airflow/example_dags/subdags/subdag.py
[2026-07-13T09:12:56.627+0000] {processor.py:842} WARNING - No viable dags retrieved from /home/airflow/.local/lib/python3.8/site-packages/airflow/example_dags/subdags/subdag.py
[2026-07-13T09:12:56.646+0000] {processor.py:183} INFO - Processing /home/airflow/.local/lib/python3.8/site-packages/airflow/example_dags/subdags/subdag.py took 0.032 seconds
[2026-07-13T09:13:27.213+0000] {processor.py:161} INFO - Started process (PID=336) to work on /home/airflow/.local/lib/python3.8/site-packages/airflow/example_dags/subdags/subdag.py
[2026-07-13T09:13:27.214+0000] {processor.py:830} INFO - Processing file /home/airflow/.local/lib/python3.8/site-packages/airflow/example_dags/subdags/subdag.py for tasks to queue
[2026-07-13T09:13:27.217+0000] {logging_mixin.py:188} INFO - [2026-07-13T09:13:27.217+0000] {dagbag.py:538} INFO - Filling up the DagBag from /home/airflow/.local/lib/python3.8/site-packages/airflow/example_dags/subdags/subdag.py
[2026-07-13T09:13:27.221+0000] {processor.py:842} WARNING - No viable dags retrieved from /home/airflow/.local/lib/python3.8/site-packages/airflow/example_dags/subdags/subdag.py
[2026-07-13T09:13:27.243+0000] {processor.py:183} INFO - Processing /home/airflow/.local/lib/python3.8/site-packages/airflow/example_dags/subdags/subdag.py took 0.034 seconds
[2026-07-13T09:13:57.592+0000] {processor.py:161} INFO - Started process (PID=392) to work on /home/airflow/.local/lib/python3.8/site-packages/airflow/example_dags/subdags/subdag.py
[2026-07-13T09:13:57.593+0000] {processor.py:830} INFO - Processing file /home/airflow/.local/lib/python3.8/site-packages/airflow/example_dags/subdags/subdag.py for tasks to queue
[2026-07-13T09:13:57.595+0000] {logging_mixin.py:188} INFO - [2026-07-13T09:13:57.594+0000] {dagbag.py:538} INFO - Filling up the DagBag from /home/airflow/.local/lib/python3.8/site-packages/airflow/example_dags/subdags/subdag.py
[2026-07-13T09:13:57.596+0000] {processor.py:842} WARNING - No viable dags retrieved from /home/airflow/.local/lib/python3.8/site-packages/airflow/example_dags/subdags/subdag.py
[2026-07-13T09:13:57.609+0000] {processor.py:183} INFO - Processing /home/airflow/.local/lib/python3.8/site-packages/airflow/example_dags/subdags/subdag.py took 0.021 seconds
[2026-07-13T09:14:27.938+0000] {processor.py:161} INFO - Started process (PID=448) to work on /home/airflow/.local/lib/python3.8/site-packages/airflow/example_dags/subdags/subdag.py
[2026-07-13T09:14:27.940+0000] {processor.py:830} INFO - Processing file /home/airflow/.local/lib/python3.8/site-packages/airflow/example_dags/subdags/subdag.py for tasks to queue
[2026-07-13T09:14:27.942+0000] {logging_mixin.py:188} INFO - [2026-07-13T09:14:27.941+0000] {dagbag.py:538} INFO - Filling up the DagBag from /home/airflow/.local/lib/python3.8/site-packages/airflow/example_dags/subdags/subdag.py
[2026-07-13T09:14:27.945+0000] {processor.py:842} WARNING - No viable dags retrieved from /home/airflow/.local/lib/python3.8/site-packages/airflow/example_dags/subdags/subdag.py
[2026-07-13T09:14:27.964+0000] {processor.py:183} INFO - Processing /home/airflow/.local/lib/python3.8/site-packages/airflow/example_dags/subdags/subdag.py took 0.031 seconds
[2026-07-13T09:14:58.026+0000] {processor.py:161} INFO - Started process (PID=504) to work on /home/airflow/.local/lib/python3.8/site-packages/airflow/example_dags/subdags/subdag.py
[2026-07-13T09:14:58.027+0000] {processor.py:830} INFO - Processing file /home/airflow/.local/lib/python3.8/site-packages/airflow/example_dags/subdags/subdag.py for tasks to queue
[2026-07-13T09:14:58.031+0000] {logging_mixin.py:188} INFO - [2026-07-13T09:14:58.030+0000] {dagbag.py:538} INFO - Filling up the DagBag from /home/airflow/.local/lib/python3.8/site-packages/airflow/example_dags/subdags/subdag.py
[2026-07-13T09:14:58.033+0000] {processor.py:842} WARNING - No viable dags retrieved from /home/airflow/.local/lib/python3.8/site-packages/airflow/example_dags/subdags/subdag.py
[2026-07-13T09:14:58.052+0000] {processor.py:183} INFO - Processing /home/airflow/.local/lib/python3.8/site-packages/airflow/example_dags/subdags/subdag.py took 0.030 seconds
[2026-07-13T09:15:28.113+0000] {processor.py:161} INFO - Started process (PID=563) to work on /home/airflow/.local/lib/python3.8/site-packages/airflow/example_dags/subdags/subdag.py
[2026-07-13T09:15:28.115+0000] {processor.py:830} INFO - Processing file /home/airflow/.local/lib/python3.8/site-packages/airflow/example_dags/subdags/subdag.py for tasks to queue
[2026-07-13T09:15:28.117+0000] {logging_mixin.py:188} INFO - [2026-07-13T09:15:28.117+0000] {dagbag.py:538} INFO - Filling up the DagBag from /home/airflow/.local/lib/python3.8/site-packages/airflow/example_dags/subdags/subdag.py
[2026-07-13T09:15:28.119+0000] {processor.py:842} WARNING - No viable dags retrieved from /home/airflow/.local/lib/python3.8/site-packages/airflow/example_dags/subdags/subdag.py
[2026-07-13T09:15:28.136+0000] {processor.py:183} INFO - Processing /home/airflow/.local/lib/python3.8/site-packages/airflow/example_dags/subdags/subdag.py took 0.026 seconds
[2026-07-13T09:15:58.358+0000] {processor.py:161} INFO - Started process (PID=619) to work on /home/airflow/.local/lib/python3.8/site-packages/airflow/example_dags/subdags/subdag.py
[2026-07-13T09:15:58.360+0000] {processor.py:830} INFO - Processing file /home/airflow/.local/lib/python3.8/site-packages/airflow/example_dags/subdags/subdag.py for tasks to queue
[2026-07-13T09:15:58.362+0000] {logging_mixin.py:188} INFO - [2026-07-13T09:15:58.362+0000] {dagbag.py:538} INFO - Filling up the DagBag from /home/airflow/.local/lib/python3.8/site-packages/airflow/example_dags/subdags/subdag.py
[2026-07-13T09:15:58.364+0000] {processor.py:842} WARNING - No viable dags retrieved from /home/airflow/.local/lib/python3.8/site-packages/airflow/example_dags/subdags/subdag.py
[2026-07-13T09:15:58.377+0000] {processor.py:183} INFO - Processing /home/airflow/.local/lib/python3.8/site-packages/airflow/example_dags/subdags/subdag.py took 0.023 seconds
[2026-07-13T10:09:02.749+0000] {processor.py:161} INFO - Started process (PID=181) to work on /home/airflow/.local/lib/python3.8/site-packages/airflow/example_dags/subdags/subdag.py
[2026-07-13T10:09:02.754+0000] {processor.py:830} INFO - Processing file /home/airflow/.local/lib/python3.8/site-packages/airflow/example_dags/subdags/subdag.py for tasks to queue
[2026-07-13T10:09:02.756+0000] {logging_mixin.py:188} INFO - [2026-07-13T10:09:02.756+0000] {dagbag.py:538} INFO - Filling up the DagBag from /home/airflow/.local/lib/python3.8/site-packages/airflow/example_dags/subdags/subdag.py
[2026-07-13T10:09:02.759+0000] {processor.py:842} WARNING - No viable dags retrieved from /home/airflow/.local/lib/python3.8/site-packages/airflow/example_dags/subdags/subdag.py
[2026-07-13T10:09:02.788+0000] {processor.py:183} INFO - Processing /home/airflow/.local/lib/python3.8/site-packages/airflow/example_dags/subdags/subdag.py took 0.044 seconds
[2026-07-13T10:09:33.695+0000] {processor.py:161} INFO - Started process (PID=237) to work on /home/airflow/.local/lib/python3.8/site-packages/airflow/example_dags/subdags/subdag.py
[2026-07-13T10:09:33.697+0000] {processor.py:830} INFO - Processing file /home/airflow/.local/lib/python3.8/site-packages/airflow/example_dags/subdags/subdag.py for tasks to queue
[2026-07-13T10:09:33.699+0000] {logging_mixin.py:188} INFO - [2026-07-13T10:09:33.699+0000] {dagbag.py:538} INFO - Filling up the DagBag from /home/airflow/.local/lib/python3.8/site-packages/airflow/example_dags/subdags/subdag.py
[2026-07-13T10:09:33.701+0000] {processor.py:842} WARNING - No viable dags retrieved from /home/airflow/.local/lib/python3.8/site-packages/airflow/example_dags/subdags/subdag.py
[2026-07-13T10:09:33.726+0000] {processor.py:183} INFO - Processing /home/airflow/.local/lib/python3.8/site-packages/airflow/example_dags/subdags/subdag.py took 0.037 seconds
[2026-07-13T10:10:04.291+0000] {processor.py:161} INFO - Started process (PID=293) to work on /home/airflow/.local/lib/python3.8/site-packages/airflow/example_dags/subdags/subdag.py
[2026-07-13T10:10:04.292+0000] {processor.py:830} INFO - Processing file /home/airflow/.local/lib/python3.8/site-packages/airflow/example_dags/subdags/subdag.py for tasks to queue
[2026-07-13T10:10:04.295+0000] {logging_mixin.py:188} INFO - [2026-07-13T10:10:04.295+0000] {dagbag.py:538} INFO - Filling up the DagBag from /home/airflow/.local/lib/python3.8/site-packages/airflow/example_dags/subdags/subdag.py
[2026-07-13T10:10:04.299+0000] {processor.py:842} WARNING - No viable dags retrieved from /home/airflow/.local/lib/python3.8/site-packages/airflow/example_dags/subdags/subdag.py
[2026-07-13T10:10:04.315+0000] {processor.py:183} INFO - Processing /home/airflow/.local/lib/python3.8/site-packages/airflow/example_dags/subdags/subdag.py took 0.029 seconds
[2026-07-13T10:10:35.101+0000] {processor.py:161} INFO - Started process (PID=349) to work on /home/airflow/.local/lib/python3.8/site-packages/airflow/example_dags/subdags/subdag.py
[2026-07-13T10:10:35.103+0000] {processor.py:830} INFO - Processing file /home/airflow/.local/lib/python3.8/site-packages/airflow/example_dags/subdags/subdag.py for tasks to queue
[2026-07-13T10:10:35.107+0000] {logging_mixin.py:188} INFO - [2026-07-13T10:10:35.106+0000] {dagbag.py:538} INFO - Filling up the DagBag from /home/airflow/.local/lib/python3.8/site-packages/airflow/example_dags/subdags/subdag.py
[2026-07-13T10:10:35.111+0000] {processor.py:842} WARNING - No viable dags retrieved from /home/airflow/.local/lib/python3.8/site-packages/airflow/example_dags/subdags/subdag.py
[2026-07-13T10:10:35.133+0000] {processor.py:183} INFO - Processing /home/airflow/.local/lib/python3.8/site-packages/airflow/example_dags/subdags/subdag.py took 0.037 seconds
[2026-07-13T10:11:05.300+0000] {processor.py:161} INFO - Started process (PID=405) to work on /home/airflow/.local/lib/python3.8/site-packages/airflow/example_dags/subdags/subdag.py
[2026-07-13T10:11:05.303+0000] {processor.py:830} INFO - Processing file /home/airflow/.local/lib/python3.8/site-packages/airflow/example_dags/subdags/subdag.py for tasks to queue
[2026-07-13T10:11:05.306+0000] {logging_mixin.py:188} INFO - [2026-07-13T10:11:05.305+0000] {dagbag.py:538} INFO - Filling up the DagBag from /home/airflow/.local/lib/python3.8/site-packages/airflow/example_dags/subdags/subdag.py
[2026-07-13T10:11:05.309+0000] {processor.py:842} WARNING - No viable dags retrieved from /home/airflow/.local/lib/python3.8/site-packages/airflow/example_dags/subdags/subdag.py
[2026-07-13T10:11:05.327+0000] {processor.py:183} INFO - Processing /home/airflow/.local/lib/python3.8/site-packages/airflow/example_dags/subdags/subdag.py took 0.032 seconds
[2026-07-13T10:11:36.143+0000] {processor.py:161} INFO - Started process (PID=461) to work on /home/airflow/.local/lib/python3.8/site-packages/airflow/example_dags/subdags/subdag.py
[2026-07-13T10:11:36.144+0000] {processor.py:830} INFO - Processing file /home/airflow/.local/lib/python3.8/site-packages/airflow/example_dags/subdags/subdag.py for tasks to queue
[2026-07-13T10:11:36.146+0000] {logging_mixin.py:188} INFO - [2026-07-13T10:11:36.146+0000] {dagbag.py:538} INFO - Filling up the DagBag from /home/airflow/.local/lib/python3.8/site-packages/airflow/example_dags/subdags/subdag.py
[2026-07-13T10:11:36.148+0000] {processor.py:842} WARNING - No viable dags retrieved from /home/airflow/.local/lib/python3.8/site-packages/airflow/example_dags/subdags/subdag.py
[2026-07-13T10:11:36.163+0000] {processor.py:183} INFO - Processing /home/airflow/.local/lib/python3.8/site-packages/airflow/example_dags/subdags/subdag.py took 0.024 seconds
[2026-07-13T10:12:09.429+0000] {processor.py:161} INFO - Started process (PID=517) to work on /home/airflow/.local/lib/python3.8/site-packages/airflow/example_dags/subdags/subdag.py
[2026-07-13T10:12:09.432+0000] {processor.py:830} INFO - Processing file /home/airflow/.local/lib/python3.8/site-packages/airflow/example_dags/subdags/subdag.py for tasks to queue
[2026-07-13T10:12:09.435+0000] {logging_mixin.py:188} INFO - [2026-07-13T10:12:09.434+0000] {dagbag.py:538} INFO - Filling up the DagBag from /home/airflow/.local/lib/python3.8/site-packages/airflow/example_dags/subdags/subdag.py
[2026-07-13T10:12:09.441+0000] {processor.py:842} WARNING - No viable dags retrieved from /home/airflow/.local/lib/python3.8/site-packages/airflow/example_dags/subdags/subdag.py
[2026-07-13T10:12:09.472+0000] {processor.py:183} INFO - Processing /home/airflow/.local/lib/python3.8/site-packages/airflow/example_dags/subdags/subdag.py took 0.054 seconds
[2026-07-13T10:12:40.180+0000] {processor.py:161} INFO - Started process (PID=573) to work on /home/airflow/.local/lib/python3.8/site-packages/airflow/example_dags/subdags/subdag.py
[2026-07-13T10:12:40.181+0000] {processor.py:830} INFO - Processing file /home/airflow/.local/lib/python3.8/site-packages/airflow/example_dags/subdags/subdag.py for tasks to queue
[2026-07-13T10:12:40.183+0000] {logging_mixin.py:188} INFO - [2026-07-13T10:12:40.183+0000] {dagbag.py:538} INFO - Filling up the DagBag from /home/airflow/.local/lib/python3.8/site-packages/airflow/example_dags/subdags/subdag.py
[2026-07-13T10:12:40.186+0000] {processor.py:842} WARNING - No viable dags retrieved from /home/airflow/.local/lib/python3.8/site-packages/airflow/example_dags/subdags/subdag.py
[2026-07-13T10:12:40.200+0000] {processor.py:183} INFO - Processing /home/airflow/.local/lib/python3.8/site-packages/airflow/example_dags/subdags/subdag.py took 0.024 seconds
[2026-07-13T10:13:10.682+0000] {processor.py:161} INFO - Started process (PID=629) to work on /home/airflow/.local/lib/python3.8/site-packages/airflow/example_dags/subdags/subdag.py
[2026-07-13T10:13:10.684+0000] {processor.py:830} INFO - Processing file /home/airflow/.local/lib/python3.8/site-packages/airflow/example_dags/subdags/subdag.py for tasks to queue
[2026-07-13T10:13:10.686+0000] {logging_mixin.py:188} INFO - [2026-07-13T10:13:10.685+0000] {dagbag.py:538} INFO - Filling up the DagBag from /home/airflow/.local/lib/python3.8/site-packages/airflow/example_dags/subdags/subdag.py
[2026-07-13T10:13:10.688+0000] {processor.py:842} WARNING - No viable dags retrieved from /home/airflow/.local/lib/python3.8/site-packages/airflow/example_dags/subdags/subdag.py
[2026-07-13T10:13:10.704+0000] {processor.py:183} INFO - Processing /home/airflow/.local/lib/python3.8/site-packages/airflow/example_dags/subdags/subdag.py took 0.026 seconds
[2026-07-13T10:13:41.350+0000] {processor.py:161} INFO - Started process (PID=698) to work on /home/airflow/.local/lib/python3.8/site-packages/airflow/example_dags/subdags/subdag.py
[2026-07-13T10:13:41.352+0000] {processor.py:830} INFO - Processing file /home/airflow/.local/lib/python3.8/site-packages/airflow/example_dags/subdags/subdag.py for tasks to queue
[2026-07-13T10:13:41.354+0000] {logging_mixin.py:188} INFO - [2026-07-13T10:13:41.354+0000] {dagbag.py:538} INFO - Filling up the DagBag from /home/airflow/.local/lib/python3.8/site-packages/airflow/example_dags/subdags/subdag.py
[2026-07-13T10:13:41.356+0000] {processor.py:842} WARNING - No viable dags retrieved from /home/airflow/.local/lib/python3.8/site-packages/airflow/example_dags/subdags/subdag.py
[2026-07-13T10:13:41.377+0000] {processor.py:183} INFO - Processing /home/airflow/.local/lib/python3.8/site-packages/airflow/example_dags/subdags/subdag.py took 0.032 seconds
[2026-07-13T10:14:11.735+0000] {processor.py:161} INFO - Started process (PID=754) to work on /home/airflow/.local/lib/python3.8/site-packages/airflow/example_dags/subdags/subdag.py
[2026-07-13T10:14:11.738+0000] {processor.py:830} INFO - Processing file /home/airflow/.local/lib/python3.8/site-packages/airflow/example_dags/subdags/subdag.py for tasks to queue
[2026-07-13T10:14:11.740+0000] {logging_mixin.py:188} INFO - [2026-07-13T10:14:11.739+0000] {dagbag.py:538} INFO - Filling up the DagBag from /home/airflow/.local/lib/python3.8/site-packages/airflow/example_dags/subdags/subdag.py
[2026-07-13T10:14:11.742+0000] {processor.py:842} WARNING - No viable dags retrieved from /home/airflow/.local/lib/python3.8/site-packages/airflow/example_dags/subdags/subdag.py
[2026-07-13T10:14:11.767+0000] {processor.py:183} INFO - Processing /home/airflow/.local/lib/python3.8/site-packages/airflow/example_dags/subdags/subdag.py took 0.039 seconds
[2026-07-13T10:14:42.149+0000] {processor.py:161} INFO - Started process (PID=810) to work on /home/airflow/.local/lib/python3.8/site-packages/airflow/example_dags/subdags/subdag.py
[2026-07-13T10:14:42.151+0000] {processor.py:830} INFO - Processing file /home/airflow/.local/lib/python3.8/site-packages/airflow/example_dags/subdags/subdag.py for tasks to queue
[2026-07-13T10:14:42.153+0000] {logging_mixin.py:188} INFO - [2026-07-13T10:14:42.153+0000] {dagbag.py:538} INFO - Filling up the DagBag from /home/airflow/.local/lib/python3.8/site-packages/airflow/example_dags/subdags/subdag.py
[2026-07-13T10:14:42.156+0000] {processor.py:842} WARNING - No viable dags retrieved from /home/airflow/.local/lib/python3.8/site-packages/airflow/example_dags/subdags/subdag.py
[2026-07-13T10:14:42.174+0000] {processor.py:183} INFO - Processing /home/airflow/.local/lib/python3.8/site-packages/airflow/example_dags/subdags/subdag.py took 0.029 seconds
[2026-07-13T10:15:12.597+0000] {processor.py:161} INFO - Started process (PID=866) to work on /home/airflow/.local/lib/python3.8/site-packages/airflow/example_dags/subdags/subdag.py
[2026-07-13T10:15:12.603+0000] {processor.py:830} INFO - Processing file /home/airflow/.local/lib/python3.8/site-packages/airflow/example_dags/subdags/subdag.py for tasks to queue
[2026-07-13T10:15:12.608+0000] {logging_mixin.py:188} INFO - [2026-07-13T10:15:12.607+0000] {dagbag.py:538} INFO - Filling up the DagBag from /home/airflow/.local/lib/python3.8/site-packages/airflow/example_dags/subdags/subdag.py
[2026-07-13T10:15:12.613+0000] {processor.py:842} WARNING - No viable dags retrieved from /home/airflow/.local/lib/python3.8/site-packages/airflow/example_dags/subdags/subdag.py
[2026-07-13T10:15:12.638+0000] {processor.py:183} INFO - Processing /home/airflow/.local/lib/python3.8/site-packages/airflow/example_dags/subdags/subdag.py took 0.046 seconds
[2026-07-13T10:15:42.971+0000] {processor.py:161} INFO - Started process (PID=923) to work on /home/airflow/.local/lib/python3.8/site-packages/airflow/example_dags/subdags/subdag.py
[2026-07-13T10:15:42.974+0000] {processor.py:830} INFO - Processing file /home/airflow/.local/lib/python3.8/site-packages/airflow/example_dags/subdags/subdag.py for tasks to queue
[2026-07-13T10:15:42.976+0000] {logging_mixin.py:188} INFO - [2026-07-13T10:15:42.976+0000] {dagbag.py:538} INFO - Filling up the DagBag from /home/airflow/.local/lib/python3.8/site-packages/airflow/example_dags/subdags/subdag.py
[2026-07-13T10:15:42.980+0000] {processor.py:842} WARNING - No viable dags retrieved from /home/airflow/.local/lib/python3.8/site-packages/airflow/example_dags/subdags/subdag.py
[2026-07-13T10:15:43.006+0000] {processor.py:183} INFO - Processing /home/airflow/.local/lib/python3.8/site-packages/airflow/example_dags/subdags/subdag.py took 0.042 seconds
[2026-07-13T10:16:13.238+0000] {processor.py:161} INFO - Started process (PID=979) to work on /home/airflow/.local/lib/python3.8/site-packages/airflow/example_dags/subdags/subdag.py
[2026-07-13T10:16:13.239+0000] {processor.py:830} INFO - Processing file /home/airflow/.local/lib/python3.8/site-packages/airflow/example_dags/subdags/subdag.py for tasks to queue
[2026-07-13T10:16:13.241+0000] {logging_mixin.py:188} INFO - [2026-07-13T10:16:13.241+0000] {dagbag.py:538} INFO - Filling up the DagBag from /home/airflow/.local/lib/python3.8/site-packages/airflow/example_dags/subdags/subdag.py
[2026-07-13T10:16:13.244+0000] {processor.py:842} WARNING - No viable dags retrieved from /home/airflow/.local/lib/python3.8/site-packages/airflow/example_dags/subdags/subdag.py
[2026-07-13T10:16:13.262+0000] {processor.py:183} INFO - Processing /home/airflow/.local/lib/python3.8/site-packages/airflow/example_dags/subdags/subdag.py took 0.029 seconds
[2026-07-13T10:25:21.406+0000] {processor.py:161} INFO - Started process (PID=1049) to work on /home/airflow/.local/lib/python3.8/site-packages/airflow/example_dags/subdags/subdag.py
[2026-07-13T10:25:21.411+0000] {processor.py:830} INFO - Processing file /home/airflow/.local/lib/python3.8/site-packages/airflow/example_dags/subdags/subdag.py for tasks to queue
[2026-07-13T10:25:21.417+0000] {logging_mixin.py:188} INFO - [2026-07-13T10:25:21.412+0000] {dagbag.py:538} INFO - Filling up the DagBag from /home/airflow/.local/lib/python3.8/site-packages/airflow/example_dags/subdags/subdag.py
[2026-07-13T10:25:21.423+0000] {processor.py:842} WARNING - No viable dags retrieved from /home/airflow/.local/lib/python3.8/site-packages/airflow/example_dags/subdags/subdag.py
[2026-07-13T10:25:21.468+0000] {processor.py:183} INFO - Processing /home/airflow/.local/lib/python3.8/site-packages/airflow/example_dags/subdags/subdag.py took 0.074 seconds
[2026-07-13T10:25:52.311+0000] {processor.py:161} INFO - Started process (PID=1105) to work on /home/airflow/.local/lib/python3.8/site-packages/airflow/example_dags/subdags/subdag.py
[2026-07-13T10:25:52.314+0000] {processor.py:830} INFO - Processing file /home/airflow/.local/lib/python3.8/site-packages/airflow/example_dags/subdags/subdag.py for tasks to queue
[2026-07-13T10:25:52.316+0000] {logging_mixin.py:188} INFO - [2026-07-13T10:25:52.315+0000] {dagbag.py:538} INFO - Filling up the DagBag from /home/airflow/.local/lib/python3.8/site-packages/airflow/example_dags/subdags/subdag.py
[2026-07-13T10:25:52.321+0000] {processor.py:842} WARNING - No viable dags retrieved from /home/airflow/.local/lib/python3.8/site-packages/airflow/example_dags/subdags/subdag.py
[2026-07-13T10:25:52.352+0000] {processor.py:183} INFO - Processing /home/airflow/.local/lib/python3.8/site-packages/airflow/example_dags/subdags/subdag.py took 0.051 seconds
[2026-07-13T10:44:35.539+0000] {processor.py:161} INFO - Started process (PID=102) to work on /home/airflow/.local/lib/python3.8/site-packages/airflow/example_dags/subdags/subdag.py
[2026-07-13T10:44:35.540+0000] {processor.py:830} INFO - Processing file /home/airflow/.local/lib/python3.8/site-packages/airflow/example_dags/subdags/subdag.py for tasks to queue
[2026-07-13T10:44:35.543+0000] {logging_mixin.py:188} INFO - [2026-07-13T10:44:35.542+0000] {dagbag.py:538} INFO - Filling up the DagBag from /home/airflow/.local/lib/python3.8/site-packages/airflow/example_dags/subdags/subdag.py
[2026-07-13T10:44:35.545+0000] {processor.py:842} WARNING - No viable dags retrieved from /home/airflow/.local/lib/python3.8/site-packages/airflow/example_dags/subdags/subdag.py
[2026-07-13T10:44:35.562+0000] {processor.py:183} INFO - Processing /home/airflow/.local/lib/python3.8/site-packages/airflow/example_dags/subdags/subdag.py took 0.028 seconds
[2026-07-13T10:45:05.870+0000] {processor.py:161} INFO - Started process (PID=167) to work on /home/airflow/.local/lib/python3.8/site-packages/airflow/example_dags/subdags/subdag.py
[2026-07-13T10:45:05.873+0000] {processor.py:830} INFO - Processing file /home/airflow/.local/lib/python3.8/site-packages/airflow/example_dags/subdags/subdag.py for tasks to queue
[2026-07-13T10:45:05.878+0000] {logging_mixin.py:188} INFO - [2026-07-13T10:45:05.877+0000] {dagbag.py:538} INFO - Filling up the DagBag from /home/airflow/.local/lib/python3.8/site-packages/airflow/example_dags/subdags/subdag.py
[2026-07-13T10:45:05.884+0000] {processor.py:842} WARNING - No viable dags retrieved from /home/airflow/.local/lib/python3.8/site-packages/airflow/example_dags/subdags/subdag.py
[2026-07-13T10:45:05.914+0000] {processor.py:183} INFO - Processing /home/airflow/.local/lib/python3.8/site-packages/airflow/example_dags/subdags/subdag.py took 0.050 seconds
[2026-07-13T10:45:36.283+0000] {processor.py:161} INFO - Started process (PID=223) to work on /home/airflow/.local/lib/python3.8/site-packages/airflow/example_dags/subdags/subdag.py
[2026-07-13T10:45:36.284+0000] {processor.py:830} INFO - Processing file /home/airflow/.local/lib/python3.8/site-packages/airflow/example_dags/subdags/subdag.py for tasks to queue
[2026-07-13T10:45:36.286+0000] {logging_mixin.py:188} INFO - [2026-07-13T10:45:36.286+0000] {dagbag.py:538} INFO - Filling up the DagBag from /home/airflow/.local/lib/python3.8/site-packages/airflow/example_dags/subdags/subdag.py
[2026-07-13T10:45:36.289+0000] {processor.py:842} WARNING - No viable dags retrieved from /home/airflow/.local/lib/python3.8/site-packages/airflow/example_dags/subdags/subdag.py
[2026-07-13T10:45:36.310+0000] {processor.py:183} INFO - Processing /home/airflow/.local/lib/python3.8/site-packages/airflow/example_dags/subdags/subdag.py took 0.031 seconds
[2026-07-13T10:46:07.711+0000] {processor.py:161} INFO - Started process (PID=288) to work on /home/airflow/.local/lib/python3.8/site-packages/airflow/example_dags/subdags/subdag.py
[2026-07-13T10:46:07.716+0000] {processor.py:830} INFO - Processing file /home/airflow/.local/lib/python3.8/site-packages/airflow/example_dags/subdags/subdag.py for tasks to queue
[2026-07-13T10:46:07.720+0000] {logging_mixin.py:188} INFO - [2026-07-13T10:46:07.720+0000] {dagbag.py:538} INFO - Filling up the DagBag from /home/airflow/.local/lib/python3.8/site-packages/airflow/example_dags/subdags/subdag.py
[2026-07-13T10:46:07.725+0000] {processor.py:842} WARNING - No viable dags retrieved from /home/airflow/.local/lib/python3.8/site-packages/airflow/example_dags/subdags/subdag.py
[2026-07-13T10:46:07.770+0000] {processor.py:183} INFO - Processing /home/airflow/.local/lib/python3.8/site-packages/airflow/example_dags/subdags/subdag.py took 0.068 seconds
[2026-07-13T10:46:38.693+0000] {processor.py:161} INFO - Started process (PID=344) to work on /home/airflow/.local/lib/python3.8/site-packages/airflow/example_dags/subdags/subdag.py
[2026-07-13T10:46:38.695+0000] {processor.py:830} INFO - Processing file /home/airflow/.local/lib/python3.8/site-packages/airflow/example_dags/subdags/subdag.py for tasks to queue
[2026-07-13T10:46:38.697+0000] {logging_mixin.py:188} INFO - [2026-07-13T10:46:38.697+0000] {dagbag.py:538} INFO - Filling up the DagBag from /home/airflow/.local/lib/python3.8/site-packages/airflow/example_dags/subdags/subdag.py
[2026-07-13T10:46:38.701+0000] {processor.py:842} WARNING - No viable dags retrieved from /home/airflow/.local/lib/python3.8/site-packages/airflow/example_dags/subdags/subdag.py
[2026-07-13T10:46:38.718+0000] {processor.py:183} INFO - Processing /home/airflow/.local/lib/python3.8/site-packages/airflow/example_dags/subdags/subdag.py took 0.029 seconds
[2026-07-13T10:47:09.131+0000] {processor.py:161} INFO - Started process (PID=400) to work on /home/airflow/.local/lib/python3.8/site-packages/airflow/example_dags/subdags/subdag.py
[2026-07-13T10:47:09.132+0000] {processor.py:830} INFO - Processing file /home/airflow/.local/lib/python3.8/site-packages/airflow/example_dags/subdags/subdag.py for tasks to queue
[2026-07-13T10:47:09.134+0000] {logging_mixin.py:188} INFO - [2026-07-13T10:47:09.134+0000] {dagbag.py:538} INFO - Filling up the DagBag from /home/airflow/.local/lib/python3.8/site-packages/airflow/example_dags/subdags/subdag.py
[2026-07-13T10:47:09.137+0000] {processor.py:842} WARNING - No viable dags retrieved from /home/airflow/.local/lib/python3.8/site-packages/airflow/example_dags/subdags/subdag.py
[2026-07-13T10:47:09.153+0000] {processor.py:183} INFO - Processing /home/airflow/.local/lib/python3.8/site-packages/airflow/example_dags/subdags/subdag.py took 0.027 seconds
[2026-07-13T10:47:39.640+0000] {processor.py:161} INFO - Started process (PID=456) to work on /home/airflow/.local/lib/python3.8/site-packages/airflow/example_dags/subdags/subdag.py
[2026-07-13T10:47:39.642+0000] {processor.py:830} INFO - Processing file /home/airflow/.local/lib/python3.8/site-packages/airflow/example_dags/subdags/subdag.py for tasks to queue
[2026-07-13T10:47:39.644+0000] {logging_mixin.py:188} INFO - [2026-07-13T10:47:39.644+0000] {dagbag.py:538} INFO - Filling up the DagBag from /home/airflow/.local/lib/python3.8/site-packages/airflow/example_dags/subdags/subdag.py
[2026-07-13T10:47:39.647+0000] {processor.py:842} WARNING - No viable dags retrieved from /home/airflow/.local/lib/python3.8/site-packages/airflow/example_dags/subdags/subdag.py
[2026-07-13T10:47:39.664+0000] {processor.py:183} INFO - Processing /home/airflow/.local/lib/python3.8/site-packages/airflow/example_dags/subdags/subdag.py took 0.030 seconds
[2026-07-13T10:48:10.140+0000] {processor.py:161} INFO - Started process (PID=512) to work on /home/airflow/.local/lib/python3.8/site-packages/airflow/example_dags/subdags/subdag.py
[2026-07-13T10:48:10.142+0000] {processor.py:830} INFO - Processing file /home/airflow/.local/lib/python3.8/site-packages/airflow/example_dags/subdags/subdag.py for tasks to queue
[2026-07-13T10:48:10.144+0000] {logging_mixin.py:188} INFO - [2026-07-13T10:48:10.144+0000] {dagbag.py:538} INFO - Filling up the DagBag from /home/airflow/.local/lib/python3.8/site-packages/airflow/example_dags/subdags/subdag.py
[2026-07-13T10:48:10.146+0000] {processor.py:842} WARNING - No viable dags retrieved from /home/airflow/.local/lib/python3.8/site-packages/airflow/example_dags/subdags/subdag.py
[2026-07-13T10:48:10.164+0000] {processor.py:183} INFO - Processing /home/airflow/.local/lib/python3.8/site-packages/airflow/example_dags/subdags/subdag.py took 0.028 seconds
[2026-07-13T10:48:41.219+0000] {processor.py:161} INFO - Started process (PID=562) to work on /home/airflow/.local/lib/python3.8/site-packages/airflow/example_dags/subdags/subdag.py
[2026-07-13T10:48:41.221+0000] {processor.py:830} INFO - Processing file /home/airflow/.local/lib/python3.8/site-packages/airflow/example_dags/subdags/subdag.py for tasks to queue
[2026-07-13T10:48:41.223+0000] {logging_mixin.py:188} INFO - [2026-07-13T10:48:41.223+0000] {dagbag.py:538} INFO - Filling up the DagBag from /home/airflow/.local/lib/python3.8/site-packages/airflow/example_dags/subdags/subdag.py
[2026-07-13T10:48:41.226+0000] {processor.py:842} WARNING - No viable dags retrieved from /home/airflow/.local/lib/python3.8/site-packages/airflow/example_dags/subdags/subdag.py
[2026-07-13T10:48:41.245+0000] {processor.py:183} INFO - Processing /home/airflow/.local/lib/python3.8/site-packages/airflow/example_dags/subdags/subdag.py took 0.031 seconds
[2026-07-13T10:49:13.179+0000] {processor.py:161} INFO - Started process (PID=624) to work on /home/airflow/.local/lib/python3.8/site-packages/airflow/example_dags/subdags/subdag.py
[2026-07-13T10:49:13.181+0000] {processor.py:830} INFO - Processing file /home/airflow/.local/lib/python3.8/site-packages/airflow/example_dags/subdags/subdag.py for tasks to queue
[2026-07-13T10:49:13.183+0000] {logging_mixin.py:188} INFO - [2026-07-13T10:49:13.182+0000] {dagbag.py:538} INFO - Filling up the DagBag from /home/airflow/.local/lib/python3.8/site-packages/airflow/example_dags/subdags/subdag.py
[2026-07-13T10:49:13.185+0000] {processor.py:842} WARNING - No viable dags retrieved from /home/airflow/.local/lib/python3.8/site-packages/airflow/example_dags/subdags/subdag.py
[2026-07-13T10:49:13.201+0000] {processor.py:183} INFO - Processing /home/airflow/.local/lib/python3.8/site-packages/airflow/example_dags/subdags/subdag.py took 0.025 seconds
[2026-07-13T10:49:44.642+0000] {processor.py:161} INFO - Started process (PID=674) to work on /home/airflow/.local/lib/python3.8/site-packages/airflow/example_dags/subdags/subdag.py
[2026-07-13T10:49:44.645+0000] {processor.py:830} INFO - Processing file /home/airflow/.local/lib/python3.8/site-packages/airflow/example_dags/subdags/subdag.py for tasks to queue
[2026-07-13T10:49:44.650+0000] {logging_mixin.py:188} INFO - [2026-07-13T10:49:44.649+0000] {dagbag.py:538} INFO - Filling up the DagBag from /home/airflow/.local/lib/python3.8/site-packages/airflow/example_dags/subdags/subdag.py
[2026-07-13T10:49:44.654+0000] {processor.py:842} WARNING - No viable dags retrieved from /home/airflow/.local/lib/python3.8/site-packages/airflow/example_dags/subdags/subdag.py
[2026-07-13T10:49:44.691+0000] {processor.py:183} INFO - Processing /home/airflow/.local/lib/python3.8/site-packages/airflow/example_dags/subdags/subdag.py took 0.057 seconds
[2026-07-13T10:50:15.675+0000] {processor.py:161} INFO - Started process (PID=729) to work on /home/airflow/.local/lib/python3.8/site-packages/airflow/example_dags/subdags/subdag.py
[2026-07-13T10:50:15.677+0000] {processor.py:830} INFO - Processing file /home/airflow/.local/lib/python3.8/site-packages/airflow/example_dags/subdags/subdag.py for tasks to queue
[2026-07-13T10:50:15.680+0000] {logging_mixin.py:188} INFO - [2026-07-13T10:50:15.679+0000] {dagbag.py:538} INFO - Filling up the DagBag from /home/airflow/.local/lib/python3.8/site-packages/airflow/example_dags/subdags/subdag.py
[2026-07-13T10:50:15.682+0000] {processor.py:842} WARNING - No viable dags retrieved from /home/airflow/.local/lib/python3.8/site-packages/airflow/example_dags/subdags/subdag.py
[2026-07-13T10:50:15.702+0000] {processor.py:183} INFO - Processing /home/airflow/.local/lib/python3.8/site-packages/airflow/example_dags/subdags/subdag.py took 0.032 seconds
[2026-07-13T10:50:49.023+0000] {processor.py:161} INFO - Started process (PID=800) to work on /home/airflow/.local/lib/python3.8/site-packages/airflow/example_dags/subdags/subdag.py
[2026-07-13T10:50:49.024+0000] {processor.py:830} INFO - Processing file /home/airflow/.local/lib/python3.8/site-packages/airflow/example_dags/subdags/subdag.py for tasks to queue
[2026-07-13T10:50:49.026+0000] {logging_mixin.py:188} INFO - [2026-07-13T10:50:49.026+0000] {dagbag.py:538} INFO - Filling up the DagBag from /home/airflow/.local/lib/python3.8/site-packages/airflow/example_dags/subdags/subdag.py
[2026-07-13T10:50:49.029+0000] {processor.py:842} WARNING - No viable dags retrieved from /home/airflow/.local/lib/python3.8/site-packages/airflow/example_dags/subdags/subdag.py
[2026-07-13T10:50:49.043+0000] {processor.py:183} INFO - Processing /home/airflow/.local/lib/python3.8/site-packages/airflow/example_dags/subdags/subdag.py took 0.024 seconds
[2026-07-13T10:51:19.638+0000] {processor.py:161} INFO - Started process (PID=863) to work on /home/airflow/.local/lib/python3.8/site-packages/airflow/example_dags/subdags/subdag.py
[2026-07-13T10:51:19.642+0000] {processor.py:830} INFO - Processing file /home/airflow/.local/lib/python3.8/site-packages/airflow/example_dags/subdags/subdag.py for tasks to queue
[2026-07-13T10:51:19.649+0000] {logging_mixin.py:188} INFO - [2026-07-13T10:51:19.648+0000] {dagbag.py:538} INFO - Filling up the DagBag from /home/airflow/.local/lib/python3.8/site-packages/airflow/example_dags/subdags/subdag.py
[2026-07-13T10:51:19.658+0000] {processor.py:842} WARNING - No viable dags retrieved from /home/airflow/.local/lib/python3.8/site-packages/airflow/example_dags/subdags/subdag.py
[2026-07-13T10:51:19.715+0000] {processor.py:183} INFO - Processing /home/airflow/.local/lib/python3.8/site-packages/airflow/example_dags/subdags/subdag.py took 0.088 seconds
[2026-07-13T10:52:13.009+0000] {processor.py:161} INFO - Started process (PID=924) to work on /home/airflow/.local/lib/python3.8/site-packages/airflow/example_dags/subdags/subdag.py
[2026-07-13T10:52:13.013+0000] {processor.py:830} INFO - Processing file /home/airflow/.local/lib/python3.8/site-packages/airflow/example_dags/subdags/subdag.py for tasks to queue
[2026-07-13T10:52:13.017+0000] {logging_mixin.py:188} INFO - [2026-07-13T10:52:13.017+0000] {dagbag.py:538} INFO - Filling up the DagBag from /home/airflow/.local/lib/python3.8/site-packages/airflow/example_dags/subdags/subdag.py
[2026-07-13T10:52:13.021+0000] {processor.py:842} WARNING - No viable dags retrieved from /home/airflow/.local/lib/python3.8/site-packages/airflow/example_dags/subdags/subdag.py
[2026-07-13T10:52:13.048+0000] {processor.py:183} INFO - Processing /home/airflow/.local/lib/python3.8/site-packages/airflow/example_dags/subdags/subdag.py took 0.054 seconds
[2026-07-13T10:52:43.129+0000] {processor.py:161} INFO - Started process (PID=980) to work on /home/airflow/.local/lib/python3.8/site-packages/airflow/example_dags/subdags/subdag.py
[2026-07-13T10:52:43.130+0000] {processor.py:830} INFO - Processing file /home/airflow/.local/lib/python3.8/site-packages/airflow/example_dags/subdags/subdag.py for tasks to queue
[2026-07-13T10:52:43.131+0000] {logging_mixin.py:188} INFO - [2026-07-13T10:52:43.131+0000] {dagbag.py:538} INFO - Filling up the DagBag from /home/airflow/.local/lib/python3.8/site-packages/airflow/example_dags/subdags/subdag.py
[2026-07-13T10:52:43.133+0000] {processor.py:842} WARNING - No viable dags retrieved from /home/airflow/.local/lib/python3.8/site-packages/airflow/example_dags/subdags/subdag.py
[2026-07-13T10:52:43.149+0000] {processor.py:183} INFO - Processing /home/airflow/.local/lib/python3.8/site-packages/airflow/example_dags/subdags/subdag.py took 0.022 seconds
[2026-07-13T10:53:13.916+0000] {processor.py:161} INFO - Started process (PID=1036) to work on /home/airflow/.local/lib/python3.8/site-packages/airflow/example_dags/subdags/subdag.py
[2026-07-13T10:53:13.917+0000] {processor.py:830} INFO - Processing file /home/airflow/.local/lib/python3.8/site-packages/airflow/example_dags/subdags/subdag.py for tasks to queue
[2026-07-13T10:53:13.918+0000] {logging_mixin.py:188} INFO - [2026-07-13T10:53:13.918+0000] {dagbag.py:538} INFO - Filling up the DagBag from /home/airflow/.local/lib/python3.8/site-packages/airflow/example_dags/subdags/subdag.py
[2026-07-13T10:53:13.921+0000] {processor.py:842} WARNING - No viable dags retrieved from /home/airflow/.local/lib/python3.8/site-packages/airflow/example_dags/subdags/subdag.py
[2026-07-13T10:53:13.934+0000] {processor.py:183} INFO - Processing /home/airflow/.local/lib/python3.8/site-packages/airflow/example_dags/subdags/subdag.py took 0.021 seconds
[2026-07-13T10:53:44.854+0000] {processor.py:161} INFO - Started process (PID=1092) to work on /home/airflow/.local/lib/python3.8/site-packages/airflow/example_dags/subdags/subdag.py
[2026-07-13T10:53:44.855+0000] {processor.py:830} INFO - Processing file /home/airflow/.local/lib/python3.8/site-packages/airflow/example_dags/subdags/subdag.py for tasks to queue
[2026-07-13T10:53:44.858+0000] {logging_mixin.py:188} INFO - [2026-07-13T10:53:44.857+0000] {dagbag.py:538} INFO - Filling up the DagBag from /home/airflow/.local/lib/python3.8/site-packages/airflow/example_dags/subdags/subdag.py
[2026-07-13T10:53:44.859+0000] {processor.py:842} WARNING - No viable dags retrieved from /home/airflow/.local/lib/python3.8/site-packages/airflow/example_dags/subdags/subdag.py
[2026-07-13T10:53:44.872+0000] {processor.py:183} INFO - Processing /home/airflow/.local/lib/python3.8/site-packages/airflow/example_dags/subdags/subdag.py took 0.021 seconds
[2026-07-13T10:54:15.785+0000] {processor.py:161} INFO - Started process (PID=1148) to work on /home/airflow/.local/lib/python3.8/site-packages/airflow/example_dags/subdags/subdag.py
[2026-07-13T10:54:15.786+0000] {processor.py:830} INFO - Processing file /home/airflow/.local/lib/python3.8/site-packages/airflow/example_dags/subdags/subdag.py for tasks to queue
[2026-07-13T10:54:15.788+0000] {logging_mixin.py:188} INFO - [2026-07-13T10:54:15.788+0000] {dagbag.py:538} INFO - Filling up the DagBag from /home/airflow/.local/lib/python3.8/site-packages/airflow/example_dags/subdags/subdag.py
[2026-07-13T10:54:15.789+0000] {processor.py:842} WARNING - No viable dags retrieved from /home/airflow/.local/lib/python3.8/site-packages/airflow/example_dags/subdags/subdag.py
[2026-07-13T10:54:15.800+0000] {processor.py:183} INFO - Processing /home/airflow/.local/lib/python3.8/site-packages/airflow/example_dags/subdags/subdag.py took 0.018 seconds
[2026-07-13T10:54:46.144+0000] {processor.py:161} INFO - Started process (PID=1204) to work on /home/airflow/.local/lib/python3.8/site-packages/airflow/example_dags/subdags/subdag.py
[2026-07-13T10:54:46.145+0000] {processor.py:830} INFO - Processing file /home/airflow/.local/lib/python3.8/site-packages/airflow/example_dags/subdags/subdag.py for tasks to queue
[2026-07-13T10:54:46.146+0000] {logging_mixin.py:188} INFO - [2026-07-13T10:54:46.146+0000] {dagbag.py:538} INFO - Filling up the DagBag from /home/airflow/.local/lib/python3.8/site-packages/airflow/example_dags/subdags/subdag.py
[2026-07-13T10:54:46.147+0000] {processor.py:842} WARNING - No viable dags retrieved from /home/airflow/.local/lib/python3.8/site-packages/airflow/example_dags/subdags/subdag.py
[2026-07-13T10:54:46.157+0000] {processor.py:183} INFO - Processing /home/airflow/.local/lib/python3.8/site-packages/airflow/example_dags/subdags/subdag.py took 0.016 seconds
[2026-07-13T10:55:16.404+0000] {processor.py:161} INFO - Started process (PID=1261) to work on /home/airflow/.local/lib/python3.8/site-packages/airflow/example_dags/subdags/subdag.py
[2026-07-13T10:55:16.405+0000] {processor.py:830} INFO - Processing file /home/airflow/.local/lib/python3.8/site-packages/airflow/example_dags/subdags/subdag.py for tasks to queue
[2026-07-13T10:55:16.406+0000] {logging_mixin.py:188} INFO - [2026-07-13T10:55:16.406+0000] {dagbag.py:538} INFO - Filling up the DagBag from /home/airflow/.local/lib/python3.8/site-packages/airflow/example_dags/subdags/subdag.py
[2026-07-13T10:55:16.407+0000] {processor.py:842} WARNING - No viable dags retrieved from /home/airflow/.local/lib/python3.8/site-packages/airflow/example_dags/subdags/subdag.py
[2026-07-13T10:55:16.425+0000] {processor.py:183} INFO - Processing /home/airflow/.local/lib/python3.8/site-packages/airflow/example_dags/subdags/subdag.py took 0.024 seconds
[2026-07-13T10:55:47.165+0000] {processor.py:161} INFO - Started process (PID=1317) to work on /home/airflow/.local/lib/python3.8/site-packages/airflow/example_dags/subdags/subdag.py
[2026-07-13T10:55:47.166+0000] {processor.py:830} INFO - Processing file /home/airflow/.local/lib/python3.8/site-packages/airflow/example_dags/subdags/subdag.py for tasks to queue
[2026-07-13T10:55:47.168+0000] {logging_mixin.py:188} INFO - [2026-07-13T10:55:47.167+0000] {dagbag.py:538} INFO - Filling up the DagBag from /home/airflow/.local/lib/python3.8/site-packages/airflow/example_dags/subdags/subdag.py
[2026-07-13T10:55:47.169+0000] {processor.py:842} WARNING - No viable dags retrieved from /home/airflow/.local/lib/python3.8/site-packages/airflow/example_dags/subdags/subdag.py
[2026-07-13T10:55:47.179+0000] {processor.py:183} INFO - Processing /home/airflow/.local/lib/python3.8/site-packages/airflow/example_dags/subdags/subdag.py took 0.016 seconds
[2026-07-13T10:56:17.344+0000] {processor.py:161} INFO - Started process (PID=1373) to work on /home/airflow/.local/lib/python3.8/site-packages/airflow/example_dags/subdags/subdag.py
[2026-07-13T10:56:17.345+0000] {processor.py:830} INFO - Processing file /home/airflow/.local/lib/python3.8/site-packages/airflow/example_dags/subdags/subdag.py for tasks to queue
[2026-07-13T10:56:17.346+0000] {logging_mixin.py:188} INFO - [2026-07-13T10:56:17.346+0000] {dagbag.py:538} INFO - Filling up the DagBag from /home/airflow/.local/lib/python3.8/site-packages/airflow/example_dags/subdags/subdag.py
[2026-07-13T10:56:17.348+0000] {processor.py:842} WARNING - No viable dags retrieved from /home/airflow/.local/lib/python3.8/site-packages/airflow/example_dags/subdags/subdag.py
[2026-07-13T10:56:17.359+0000] {processor.py:183} INFO - Processing /home/airflow/.local/lib/python3.8/site-packages/airflow/example_dags/subdags/subdag.py took 0.018 seconds
[2026-07-13T10:56:47.951+0000] {processor.py:161} INFO - Started process (PID=1429) to work on /home/airflow/.local/lib/python3.8/site-packages/airflow/example_dags/subdags/subdag.py
[2026-07-13T10:56:47.952+0000] {processor.py:830} INFO - Processing file /home/airflow/.local/lib/python3.8/site-packages/airflow/example_dags/subdags/subdag.py for tasks to queue
[2026-07-13T10:56:47.953+0000] {logging_mixin.py:188} INFO - [2026-07-13T10:56:47.953+0000] {dagbag.py:538} INFO - Filling up the DagBag from /home/airflow/.local/lib/python3.8/site-packages/airflow/example_dags/subdags/subdag.py
[2026-07-13T10:56:47.954+0000] {processor.py:842} WARNING - No viable dags retrieved from /home/airflow/.local/lib/python3.8/site-packages/airflow/example_dags/subdags/subdag.py
[2026-07-13T10:56:47.964+0000] {processor.py:183} INFO - Processing /home/airflow/.local/lib/python3.8/site-packages/airflow/example_dags/subdags/subdag.py took 0.016 seconds
[2026-07-13T10:57:18.405+0000] {processor.py:161} INFO - Started process (PID=1485) to work on /home/airflow/.local/lib/python3.8/site-packages/airflow/example_dags/subdags/subdag.py
[2026-07-13T10:57:18.406+0000] {processor.py:830} INFO - Processing file /home/airflow/.local/lib/python3.8/site-packages/airflow/example_dags/subdags/subdag.py for tasks to queue
[2026-07-13T10:57:18.408+0000] {logging_mixin.py:188} INFO - [2026-07-13T10:57:18.408+0000] {dagbag.py:538} INFO - Filling up the DagBag from /home/airflow/.local/lib/python3.8/site-packages/airflow/example_dags/subdags/subdag.py
[2026-07-13T10:57:18.411+0000] {processor.py:842} WARNING - No viable dags retrieved from /home/airflow/.local/lib/python3.8/site-packages/airflow/example_dags/subdags/subdag.py
[2026-07-13T10:57:18.424+0000] {processor.py:183} INFO - Processing /home/airflow/.local/lib/python3.8/site-packages/airflow/example_dags/subdags/subdag.py took 0.023 seconds
[2026-07-13T10:57:49.343+0000] {processor.py:161} INFO - Started process (PID=1541) to work on /home/airflow/.local/lib/python3.8/site-packages/airflow/example_dags/subdags/subdag.py
[2026-07-13T10:57:49.344+0000] {processor.py:830} INFO - Processing file /home/airflow/.local/lib/python3.8/site-packages/airflow/example_dags/subdags/subdag.py for tasks to queue
[2026-07-13T10:57:49.346+0000] {logging_mixin.py:188} INFO - [2026-07-13T10:57:49.345+0000] {dagbag.py:538} INFO - Filling up the DagBag from /home/airflow/.local/lib/python3.8/site-packages/airflow/example_dags/subdags/subdag.py
[2026-07-13T10:57:49.348+0000] {processor.py:842} WARNING - No viable dags retrieved from /home/airflow/.local/lib/python3.8/site-packages/airflow/example_dags/subdags/subdag.py
[2026-07-13T10:57:49.363+0000] {processor.py:183} INFO - Processing /home/airflow/.local/lib/python3.8/site-packages/airflow/example_dags/subdags/subdag.py took 0.024 seconds
[2026-07-13T10:58:20.118+0000] {processor.py:161} INFO - Started process (PID=1597) to work on /home/airflow/.local/lib/python3.8/site-packages/airflow/example_dags/subdags/subdag.py
[2026-07-13T10:58:20.119+0000] {processor.py:830} INFO - Processing file /home/airflow/.local/lib/python3.8/site-packages/airflow/example_dags/subdags/subdag.py for tasks to queue
[2026-07-13T10:58:20.120+0000] {logging_mixin.py:188} INFO - [2026-07-13T10:58:20.120+0000] {dagbag.py:538} INFO - Filling up the DagBag from /home/airflow/.local/lib/python3.8/site-packages/airflow/example_dags/subdags/subdag.py
[2026-07-13T10:58:20.122+0000] {processor.py:842} WARNING - No viable dags retrieved from /home/airflow/.local/lib/python3.8/site-packages/airflow/example_dags/subdags/subdag.py
[2026-07-13T10:58:20.132+0000] {processor.py:183} INFO - Processing /home/airflow/.local/lib/python3.8/site-packages/airflow/example_dags/subdags/subdag.py took 0.016 seconds
[2026-07-13T10:58:50.741+0000] {processor.py:161} INFO - Started process (PID=1653) to work on /home/airflow/.local/lib/python3.8/site-packages/airflow/example_dags/subdags/subdag.py
[2026-07-13T10:58:50.742+0000] {processor.py:830} INFO - Processing file /home/airflow/.local/lib/python3.8/site-packages/airflow/example_dags/subdags/subdag.py for tasks to queue
[2026-07-13T10:58:50.744+0000] {logging_mixin.py:188} INFO - [2026-07-13T10:58:50.743+0000] {dagbag.py:538} INFO - Filling up the DagBag from /home/airflow/.local/lib/python3.8/site-packages/airflow/example_dags/subdags/subdag.py
[2026-07-13T10:58:50.745+0000] {processor.py:842} WARNING - No viable dags retrieved from /home/airflow/.local/lib/python3.8/site-packages/airflow/example_dags/subdags/subdag.py
[2026-07-13T10:58:50.757+0000] {processor.py:183} INFO - Processing /home/airflow/.local/lib/python3.8/site-packages/airflow/example_dags/subdags/subdag.py took 0.018 seconds
[2026-07-13T10:59:21.136+0000] {processor.py:161} INFO - Started process (PID=1709) to work on /home/airflow/.local/lib/python3.8/site-packages/airflow/example_dags/subdags/subdag.py
[2026-07-13T10:59:21.138+0000] {processor.py:830} INFO - Processing file /home/airflow/.local/lib/python3.8/site-packages/airflow/example_dags/subdags/subdag.py for tasks to queue
[2026-07-13T10:59:21.139+0000] {logging_mixin.py:188} INFO - [2026-07-13T10:59:21.139+0000] {dagbag.py:538} INFO - Filling up the DagBag from /home/airflow/.local/lib/python3.8/site-packages/airflow/example_dags/subdags/subdag.py
[2026-07-13T10:59:21.141+0000] {processor.py:842} WARNING - No viable dags retrieved from /home/airflow/.local/lib/python3.8/site-packages/airflow/example_dags/subdags/subdag.py
[2026-07-13T10:59:21.154+0000] {processor.py:183} INFO - Processing /home/airflow/.local/lib/python3.8/site-packages/airflow/example_dags/subdags/subdag.py took 0.021 seconds
[2026-07-13T10:59:51.797+0000] {processor.py:161} INFO - Started process (PID=1765) to work on /home/airflow/.local/lib/python3.8/site-packages/airflow/example_dags/subdags/subdag.py
[2026-07-13T10:59:51.798+0000] {processor.py:830} INFO - Processing file /home/airflow/.local/lib/python3.8/site-packages/airflow/example_dags/subdags/subdag.py for tasks to queue
[2026-07-13T10:59:51.799+0000] {logging_mixin.py:188} INFO - [2026-07-13T10:59:51.799+0000] {dagbag.py:538} INFO - Filling up the DagBag from /home/airflow/.local/lib/python3.8/site-packages/airflow/example_dags/subdags/subdag.py
[2026-07-13T10:59:51.801+0000] {processor.py:842} WARNING - No viable dags retrieved from /home/airflow/.local/lib/python3.8/site-packages/airflow/example_dags/subdags/subdag.py
[2026-07-13T10:59:51.811+0000] {processor.py:183} INFO - Processing /home/airflow/.local/lib/python3.8/site-packages/airflow/example_dags/subdags/subdag.py took 0.016 seconds
[2026-07-13T11:00:22.352+0000] {processor.py:161} INFO - Started process (PID=1821) to work on /home/airflow/.local/lib/python3.8/site-packages/airflow/example_dags/subdags/subdag.py
[2026-07-13T11:00:22.353+0000] {processor.py:830} INFO - Processing file /home/airflow/.local/lib/python3.8/site-packages/airflow/example_dags/subdags/subdag.py for tasks to queue
[2026-07-13T11:00:22.354+0000] {logging_mixin.py:188} INFO - [2026-07-13T11:00:22.354+0000] {dagbag.py:538} INFO - Filling up the DagBag from /home/airflow/.local/lib/python3.8/site-packages/airflow/example_dags/subdags/subdag.py
[2026-07-13T11:00:22.356+0000] {processor.py:842} WARNING - No viable dags retrieved from /home/airflow/.local/lib/python3.8/site-packages/airflow/example_dags/subdags/subdag.py
[2026-07-13T11:00:22.368+0000] {processor.py:183} INFO - Processing /home/airflow/.local/lib/python3.8/site-packages/airflow/example_dags/subdags/subdag.py took 0.019 seconds
[2026-07-13T11:00:52.783+0000] {processor.py:161} INFO - Started process (PID=1877) to work on /home/airflow/.local/lib/python3.8/site-packages/airflow/example_dags/subdags/subdag.py
[2026-07-13T11:00:52.784+0000] {processor.py:830} INFO - Processing file /home/airflow/.local/lib/python3.8/site-packages/airflow/example_dags/subdags/subdag.py for tasks to queue
[2026-07-13T11:00:52.787+0000] {logging_mixin.py:188} INFO - [2026-07-13T11:00:52.786+0000] {dagbag.py:538} INFO - Filling up the DagBag from /home/airflow/.local/lib/python3.8/site-packages/airflow/example_dags/subdags/subdag.py
[2026-07-13T11:00:52.789+0000] {processor.py:842} WARNING - No viable dags retrieved from /home/airflow/.local/lib/python3.8/site-packages/airflow/example_dags/subdags/subdag.py
[2026-07-13T11:00:52.810+0000] {processor.py:183} INFO - Processing /home/airflow/.local/lib/python3.8/site-packages/airflow/example_dags/subdags/subdag.py took 0.031 seconds
[2026-07-13T11:01:22.878+0000] {processor.py:161} INFO - Started process (PID=1932) to work on /home/airflow/.local/lib/python3.8/site-packages/airflow/example_dags/subdags/subdag.py
[2026-07-13T11:01:22.879+0000] {processor.py:830} INFO - Processing file /home/airflow/.local/lib/python3.8/site-packages/airflow/example_dags/subdags/subdag.py for tasks to queue
[2026-07-13T11:01:22.880+0000] {logging_mixin.py:188} INFO - [2026-07-13T11:01:22.880+0000] {dagbag.py:538} INFO - Filling up the DagBag from /home/airflow/.local/lib/python3.8/site-packages/airflow/example_dags/subdags/subdag.py
[2026-07-13T11:01:22.882+0000] {processor.py:842} WARNING - No viable dags retrieved from /home/airflow/.local/lib/python3.8/site-packages/airflow/example_dags/subdags/subdag.py
[2026-07-13T11:01:22.892+0000] {processor.py:183} INFO - Processing /home/airflow/.local/lib/python3.8/site-packages/airflow/example_dags/subdags/subdag.py took 0.017 seconds
[2026-07-13T11:01:53.060+0000] {processor.py:161} INFO - Started process (PID=1982) to work on /home/airflow/.local/lib/python3.8/site-packages/airflow/example_dags/subdags/subdag.py
[2026-07-13T11:01:53.061+0000] {processor.py:830} INFO - Processing file /home/airflow/.local/lib/python3.8/site-packages/airflow/example_dags/subdags/subdag.py for tasks to queue
[2026-07-13T11:01:53.062+0000] {logging_mixin.py:188} INFO - [2026-07-13T11:01:53.062+0000] {dagbag.py:538} INFO - Filling up the DagBag from /home/airflow/.local/lib/python3.8/site-packages/airflow/example_dags/subdags/subdag.py
[2026-07-13T11:01:53.064+0000] {processor.py:842} WARNING - No viable dags retrieved from /home/airflow/.local/lib/python3.8/site-packages/airflow/example_dags/subdags/subdag.py
[2026-07-13T11:01:53.074+0000] {processor.py:183} INFO - Processing /home/airflow/.local/lib/python3.8/site-packages/airflow/example_dags/subdags/subdag.py took 0.016 seconds
[2026-07-13T11:02:23.671+0000] {processor.py:161} INFO - Started process (PID=2037) to work on /home/airflow/.local/lib/python3.8/site-packages/airflow/example_dags/subdags/subdag.py
[2026-07-13T11:02:23.673+0000] {processor.py:830} INFO - Processing file /home/airflow/.local/lib/python3.8/site-packages/airflow/example_dags/subdags/subdag.py for tasks to queue
[2026-07-13T11:02:23.675+0000] {logging_mixin.py:188} INFO - [2026-07-13T11:02:23.675+0000] {dagbag.py:538} INFO - Filling up the DagBag from /home/airflow/.local/lib/python3.8/site-packages/airflow/example_dags/subdags/subdag.py
[2026-07-13T11:02:23.677+0000] {processor.py:842} WARNING - No viable dags retrieved from /home/airflow/.local/lib/python3.8/site-packages/airflow/example_dags/subdags/subdag.py
[2026-07-13T11:02:23.688+0000] {processor.py:183} INFO - Processing /home/airflow/.local/lib/python3.8/site-packages/airflow/example_dags/subdags/subdag.py took 0.019 seconds
[2026-07-13T11:02:54.528+0000] {processor.py:161} INFO - Started process (PID=2095) to work on /home/airflow/.local/lib/python3.8/site-packages/airflow/example_dags/subdags/subdag.py
[2026-07-13T11:02:54.529+0000] {processor.py:830} INFO - Processing file /home/airflow/.local/lib/python3.8/site-packages/airflow/example_dags/subdags/subdag.py for tasks to queue
[2026-07-13T11:02:54.530+0000] {logging_mixin.py:188} INFO - [2026-07-13T11:02:54.530+0000] {dagbag.py:538} INFO - Filling up the DagBag from /home/airflow/.local/lib/python3.8/site-packages/airflow/example_dags/subdags/subdag.py
[2026-07-13T11:02:54.532+0000] {processor.py:842} WARNING - No viable dags retrieved from /home/airflow/.local/lib/python3.8/site-packages/airflow/example_dags/subdags/subdag.py
[2026-07-13T11:02:54.548+0000] {processor.py:183} INFO - Processing /home/airflow/.local/lib/python3.8/site-packages/airflow/example_dags/subdags/subdag.py took 0.025 seconds
[2026-07-13T11:03:25.173+0000] {processor.py:161} INFO - Started process (PID=2152) to work on /home/airflow/.local/lib/python3.8/site-packages/airflow/example_dags/subdags/subdag.py
[2026-07-13T11:03:25.174+0000] {processor.py:830} INFO - Processing file /home/airflow/.local/lib/python3.8/site-packages/airflow/example_dags/subdags/subdag.py for tasks to queue
[2026-07-13T11:03:25.176+0000] {logging_mixin.py:188} INFO - [2026-07-13T11:03:25.176+0000] {dagbag.py:538} INFO - Filling up the DagBag from /home/airflow/.local/lib/python3.8/site-packages/airflow/example_dags/subdags/subdag.py
[2026-07-13T11:03:25.178+0000] {processor.py:842} WARNING - No viable dags retrieved from /home/airflow/.local/lib/python3.8/site-packages/airflow/example_dags/subdags/subdag.py
[2026-07-13T11:03:25.190+0000] {processor.py:183} INFO - Processing /home/airflow/.local/lib/python3.8/site-packages/airflow/example_dags/subdags/subdag.py took 0.018 seconds
[2026-07-13T11:03:56.929+0000] {processor.py:161} INFO - Started process (PID=2208) to work on /home/airflow/.local/lib/python3.8/site-packages/airflow/example_dags/subdags/subdag.py
[2026-07-13T11:03:56.930+0000] {processor.py:830} INFO - Processing file /home/airflow/.local/lib/python3.8/site-packages/airflow/example_dags/subdags/subdag.py for tasks to queue
[2026-07-13T11:03:56.931+0000] {logging_mixin.py:188} INFO - [2026-07-13T11:03:56.931+0000] {dagbag.py:538} INFO - Filling up the DagBag from /home/airflow/.local/lib/python3.8/site-packages/airflow/example_dags/subdags/subdag.py
[2026-07-13T11:03:56.933+0000] {processor.py:842} WARNING - No viable dags retrieved from /home/airflow/.local/lib/python3.8/site-packages/airflow/example_dags/subdags/subdag.py
[2026-07-13T11:03:56.946+0000] {processor.py:183} INFO - Processing /home/airflow/.local/lib/python3.8/site-packages/airflow/example_dags/subdags/subdag.py took 0.019 seconds
[2026-07-13T11:04:35.402+0000] {processor.py:161} INFO - Started process (PID=2275) to work on /home/airflow/.local/lib/python3.8/site-packages/airflow/example_dags/subdags/subdag.py
[2026-07-13T11:04:35.410+0000] {processor.py:830} INFO - Processing file /home/airflow/.local/lib/python3.8/site-packages/airflow/example_dags/subdags/subdag.py for tasks to queue
[2026-07-13T11:04:35.413+0000] {logging_mixin.py:188} INFO - [2026-07-13T11:04:35.412+0000] {dagbag.py:538} INFO - Filling up the DagBag from /home/airflow/.local/lib/python3.8/site-packages/airflow/example_dags/subdags/subdag.py
[2026-07-13T11:04:35.448+0000] {processor.py:842} WARNING - No viable dags retrieved from /home/airflow/.local/lib/python3.8/site-packages/airflow/example_dags/subdags/subdag.py
[2026-07-13T11:04:35.512+0000] {processor.py:183} INFO - Processing /home/airflow/.local/lib/python3.8/site-packages/airflow/example_dags/subdags/subdag.py took 0.115 seconds
[2026-07-13T11:05:42.891+0000] {processor.py:161} INFO - Started process (PID=96) to work on /home/airflow/.local/lib/python3.8/site-packages/airflow/example_dags/subdags/subdag.py
[2026-07-13T11:05:42.893+0000] {processor.py:830} INFO - Processing file /home/airflow/.local/lib/python3.8/site-packages/airflow/example_dags/subdags/subdag.py for tasks to queue
[2026-07-13T11:05:42.894+0000] {logging_mixin.py:188} INFO - [2026-07-13T11:05:42.894+0000] {dagbag.py:538} INFO - Filling up the DagBag from /home/airflow/.local/lib/python3.8/site-packages/airflow/example_dags/subdags/subdag.py
[2026-07-13T11:05:42.896+0000] {processor.py:842} WARNING - No viable dags retrieved from /home/airflow/.local/lib/python3.8/site-packages/airflow/example_dags/subdags/subdag.py
[2026-07-13T11:05:42.909+0000] {processor.py:183} INFO - Processing /home/airflow/.local/lib/python3.8/site-packages/airflow/example_dags/subdags/subdag.py took 0.023 seconds
[2026-07-13T11:06:13.434+0000] {processor.py:161} INFO - Started process (PID=146) to work on /home/airflow/.local/lib/python3.8/site-packages/airflow/example_dags/subdags/subdag.py
[2026-07-13T11:06:13.435+0000] {processor.py:830} INFO - Processing file /home/airflow/.local/lib/python3.8/site-packages/airflow/example_dags/subdags/subdag.py for tasks to queue
[2026-07-13T11:06:13.436+0000] {logging_mixin.py:188} INFO - [2026-07-13T11:06:13.436+0000] {dagbag.py:538} INFO - Filling up the DagBag from /home/airflow/.local/lib/python3.8/site-packages/airflow/example_dags/subdags/subdag.py
[2026-07-13T11:06:13.438+0000] {processor.py:842} WARNING - No viable dags retrieved from /home/airflow/.local/lib/python3.8/site-packages/airflow/example_dags/subdags/subdag.py
[2026-07-13T11:06:13.450+0000] {processor.py:183} INFO - Processing /home/airflow/.local/lib/python3.8/site-packages/airflow/example_dags/subdags/subdag.py took 0.019 seconds
[2026-07-13T11:06:44.198+0000] {processor.py:161} INFO - Started process (PID=203) to work on /home/airflow/.local/lib/python3.8/site-packages/airflow/example_dags/subdags/subdag.py
[2026-07-13T11:06:44.199+0000] {processor.py:830} INFO - Processing file /home/airflow/.local/lib/python3.8/site-packages/airflow/example_dags/subdags/subdag.py for tasks to queue
[2026-07-13T11:06:44.202+0000] {logging_mixin.py:188} INFO - [2026-07-13T11:06:44.201+0000] {dagbag.py:538} INFO - Filling up the DagBag from /home/airflow/.local/lib/python3.8/site-packages/airflow/example_dags/subdags/subdag.py
[2026-07-13T11:06:44.205+0000] {processor.py:842} WARNING - No viable dags retrieved from /home/airflow/.local/lib/python3.8/site-packages/airflow/example_dags/subdags/subdag.py
[2026-07-13T11:06:44.220+0000] {processor.py:183} INFO - Processing /home/airflow/.local/lib/python3.8/site-packages/airflow/example_dags/subdags/subdag.py took 0.025 seconds
[2026-07-13T11:07:15.309+0000] {processor.py:161} INFO - Started process (PID=259) to work on /home/airflow/.local/lib/python3.8/site-packages/airflow/example_dags/subdags/subdag.py
[2026-07-13T11:07:15.310+0000] {processor.py:830} INFO - Processing file /home/airflow/.local/lib/python3.8/site-packages/airflow/example_dags/subdags/subdag.py for tasks to queue
[2026-07-13T11:07:15.311+0000] {logging_mixin.py:188} INFO - [2026-07-13T11:07:15.311+0000] {dagbag.py:538} INFO - Filling up the DagBag from /home/airflow/.local/lib/python3.8/site-packages/airflow/example_dags/subdags/subdag.py
[2026-07-13T11:07:15.313+0000] {processor.py:842} WARNING - No viable dags retrieved from /home/airflow/.local/lib/python3.8/site-packages/airflow/example_dags/subdags/subdag.py
[2026-07-13T11:07:15.330+0000] {processor.py:183} INFO - Processing /home/airflow/.local/lib/python3.8/site-packages/airflow/example_dags/subdags/subdag.py took 0.026 seconds
[2026-07-13T11:07:45.734+0000] {processor.py:161} INFO - Started process (PID=315) to work on /home/airflow/.local/lib/python3.8/site-packages/airflow/example_dags/subdags/subdag.py
[2026-07-13T11:07:45.735+0000] {processor.py:830} INFO - Processing file /home/airflow/.local/lib/python3.8/site-packages/airflow/example_dags/subdags/subdag.py for tasks to queue
[2026-07-13T11:07:45.736+0000] {logging_mixin.py:188} INFO - [2026-07-13T11:07:45.736+0000] {dagbag.py:538} INFO - Filling up the DagBag from /home/airflow/.local/lib/python3.8/site-packages/airflow/example_dags/subdags/subdag.py
[2026-07-13T11:07:45.739+0000] {processor.py:842} WARNING - No viable dags retrieved from /home/airflow/.local/lib/python3.8/site-packages/airflow/example_dags/subdags/subdag.py
[2026-07-13T11:07:45.754+0000] {processor.py:183} INFO - Processing /home/airflow/.local/lib/python3.8/site-packages/airflow/example_dags/subdags/subdag.py took 0.024 seconds
[2026-07-13T11:08:15.870+0000] {processor.py:161} INFO - Started process (PID=371) to work on /home/airflow/.local/lib/python3.8/site-packages/airflow/example_dags/subdags/subdag.py
[2026-07-13T11:08:15.871+0000] {processor.py:830} INFO - Processing file /home/airflow/.local/lib/python3.8/site-packages/airflow/example_dags/subdags/subdag.py for tasks to queue
[2026-07-13T11:08:15.872+0000] {logging_mixin.py:188} INFO - [2026-07-13T11:08:15.872+0000] {dagbag.py:538} INFO - Filling up the DagBag from /home/airflow/.local/lib/python3.8/site-packages/airflow/example_dags/subdags/subdag.py
[2026-07-13T11:08:15.874+0000] {processor.py:842} WARNING - No viable dags retrieved from /home/airflow/.local/lib/python3.8/site-packages/airflow/example_dags/subdags/subdag.py
[2026-07-13T11:08:15.886+0000] {processor.py:183} INFO - Processing /home/airflow/.local/lib/python3.8/site-packages/airflow/example_dags/subdags/subdag.py took 0.019 seconds
[2026-07-13T11:08:46.619+0000] {processor.py:161} INFO - Started process (PID=427) to work on /home/airflow/.local/lib/python3.8/site-packages/airflow/example_dags/subdags/subdag.py
[2026-07-13T11:08:46.621+0000] {processor.py:830} INFO - Processing file /home/airflow/.local/lib/python3.8/site-packages/airflow/example_dags/subdags/subdag.py for tasks to queue
[2026-07-13T11:08:46.623+0000] {logging_mixin.py:188} INFO - [2026-07-13T11:08:46.623+0000] {dagbag.py:538} INFO - Filling up the DagBag from /home/airflow/.local/lib/python3.8/site-packages/airflow/example_dags/subdags/subdag.py
[2026-07-13T11:08:46.627+0000] {processor.py:842} WARNING - No viable dags retrieved from /home/airflow/.local/lib/python3.8/site-packages/airflow/example_dags/subdags/subdag.py
[2026-07-13T11:08:46.647+0000] {processor.py:183} INFO - Processing /home/airflow/.local/lib/python3.8/site-packages/airflow/example_dags/subdags/subdag.py took 0.032 seconds
[2026-07-13T11:09:17.419+0000] {processor.py:161} INFO - Started process (PID=483) to work on /home/airflow/.local/lib/python3.8/site-packages/airflow/example_dags/subdags/subdag.py
[2026-07-13T11:09:17.421+0000] {processor.py:830} INFO - Processing file /home/airflow/.local/lib/python3.8/site-packages/airflow/example_dags/subdags/subdag.py for tasks to queue
[2026-07-13T11:09:17.424+0000] {logging_mixin.py:188} INFO - [2026-07-13T11:09:17.423+0000] {dagbag.py:538} INFO - Filling up the DagBag from /home/airflow/.local/lib/python3.8/site-packages/airflow/example_dags/subdags/subdag.py
[2026-07-13T11:09:17.426+0000] {processor.py:842} WARNING - No viable dags retrieved from /home/airflow/.local/lib/python3.8/site-packages/airflow/example_dags/subdags/subdag.py
[2026-07-13T11:09:17.445+0000] {processor.py:183} INFO - Processing /home/airflow/.local/lib/python3.8/site-packages/airflow/example_dags/subdags/subdag.py took 0.030 seconds
[2026-07-13T11:09:47.892+0000] {processor.py:161} INFO - Started process (PID=539) to work on /home/airflow/.local/lib/python3.8/site-packages/airflow/example_dags/subdags/subdag.py
[2026-07-13T11:09:47.893+0000] {processor.py:830} INFO - Processing file /home/airflow/.local/lib/python3.8/site-packages/airflow/example_dags/subdags/subdag.py for tasks to queue
[2026-07-13T11:09:47.894+0000] {logging_mixin.py:188} INFO - [2026-07-13T11:09:47.894+0000] {dagbag.py:538} INFO - Filling up the DagBag from /home/airflow/.local/lib/python3.8/site-packages/airflow/example_dags/subdags/subdag.py
[2026-07-13T11:09:47.896+0000] {processor.py:842} WARNING - No viable dags retrieved from /home/airflow/.local/lib/python3.8/site-packages/airflow/example_dags/subdags/subdag.py
[2026-07-13T11:09:47.908+0000] {processor.py:183} INFO - Processing /home/airflow/.local/lib/python3.8/site-packages/airflow/example_dags/subdags/subdag.py took 0.019 seconds
[2026-07-13T11:10:18.288+0000] {processor.py:161} INFO - Started process (PID=595) to work on /home/airflow/.local/lib/python3.8/site-packages/airflow/example_dags/subdags/subdag.py
[2026-07-13T11:10:18.289+0000] {processor.py:830} INFO - Processing file /home/airflow/.local/lib/python3.8/site-packages/airflow/example_dags/subdags/subdag.py for tasks to queue
[2026-07-13T11:10:18.291+0000] {logging_mixin.py:188} INFO - [2026-07-13T11:10:18.290+0000] {dagbag.py:538} INFO - Filling up the DagBag from /home/airflow/.local/lib/python3.8/site-packages/airflow/example_dags/subdags/subdag.py
[2026-07-13T11:10:18.292+0000] {processor.py:842} WARNING - No viable dags retrieved from /home/airflow/.local/lib/python3.8/site-packages/airflow/example_dags/subdags/subdag.py
[2026-07-13T11:10:18.303+0000] {processor.py:183} INFO - Processing /home/airflow/.local/lib/python3.8/site-packages/airflow/example_dags/subdags/subdag.py took 0.017 seconds
[2026-07-13T11:10:48.819+0000] {processor.py:161} INFO - Started process (PID=660) to work on /home/airflow/.local/lib/python3.8/site-packages/airflow/example_dags/subdags/subdag.py
[2026-07-13T11:10:48.820+0000] {processor.py:830} INFO - Processing file /home/airflow/.local/lib/python3.8/site-packages/airflow/example_dags/subdags/subdag.py for tasks to queue
[2026-07-13T11:10:48.822+0000] {logging_mixin.py:188} INFO - [2026-07-13T11:10:48.821+0000] {dagbag.py:538} INFO - Filling up the DagBag from /home/airflow/.local/lib/python3.8/site-packages/airflow/example_dags/subdags/subdag.py
[2026-07-13T11:10:48.823+0000] {processor.py:842} WARNING - No viable dags retrieved from /home/airflow/.local/lib/python3.8/site-packages/airflow/example_dags/subdags/subdag.py
[2026-07-13T11:10:48.836+0000] {processor.py:183} INFO - Processing /home/airflow/.local/lib/python3.8/site-packages/airflow/example_dags/subdags/subdag.py took 0.019 seconds
[2026-07-13T11:11:19.431+0000] {processor.py:161} INFO - Started process (PID=717) to work on /home/airflow/.local/lib/python3.8/site-packages/airflow/example_dags/subdags/subdag.py
[2026-07-13T11:11:19.432+0000] {processor.py:830} INFO - Processing file /home/airflow/.local/lib/python3.8/site-packages/airflow/example_dags/subdags/subdag.py for tasks to queue
[2026-07-13T11:11:19.435+0000] {logging_mixin.py:188} INFO - [2026-07-13T11:11:19.434+0000] {dagbag.py:538} INFO - Filling up the DagBag from /home/airflow/.local/lib/python3.8/site-packages/airflow/example_dags/subdags/subdag.py
[2026-07-13T11:11:19.436+0000] {processor.py:842} WARNING - No viable dags retrieved from /home/airflow/.local/lib/python3.8/site-packages/airflow/example_dags/subdags/subdag.py
[2026-07-13T11:11:19.448+0000] {processor.py:183} INFO - Processing /home/airflow/.local/lib/python3.8/site-packages/airflow/example_dags/subdags/subdag.py took 0.021 seconds
[2026-07-13T11:11:51.042+0000] {processor.py:161} INFO - Started process (PID=773) to work on /home/airflow/.local/lib/python3.8/site-packages/airflow/example_dags/subdags/subdag.py
[2026-07-13T11:11:51.043+0000] {processor.py:830} INFO - Processing file /home/airflow/.local/lib/python3.8/site-packages/airflow/example_dags/subdags/subdag.py for tasks to queue
[2026-07-13T11:11:51.044+0000] {logging_mixin.py:188} INFO - [2026-07-13T11:11:51.044+0000] {dagbag.py:538} INFO - Filling up the DagBag from /home/airflow/.local/lib/python3.8/site-packages/airflow/example_dags/subdags/subdag.py
[2026-07-13T11:11:51.046+0000] {processor.py:842} WARNING - No viable dags retrieved from /home/airflow/.local/lib/python3.8/site-packages/airflow/example_dags/subdags/subdag.py
[2026-07-13T11:11:51.057+0000] {processor.py:183} INFO - Processing /home/airflow/.local/lib/python3.8/site-packages/airflow/example_dags/subdags/subdag.py took 0.017 seconds
[2026-07-13T11:12:24.388+0000] {processor.py:161} INFO - Started process (PID=829) to work on /home/airflow/.local/lib/python3.8/site-packages/airflow/example_dags/subdags/subdag.py
[2026-07-13T11:12:24.389+0000] {processor.py:830} INFO - Processing file /home/airflow/.local/lib/python3.8/site-packages/airflow/example_dags/subdags/subdag.py for tasks to queue
[2026-07-13T11:12:24.391+0000] {logging_mixin.py:188} INFO - [2026-07-13T11:12:24.391+0000] {dagbag.py:538} INFO - Filling up the DagBag from /home/airflow/.local/lib/python3.8/site-packages/airflow/example_dags/subdags/subdag.py
[2026-07-13T11:12:24.395+0000] {processor.py:842} WARNING - No viable dags retrieved from /home/airflow/.local/lib/python3.8/site-packages/airflow/example_dags/subdags/subdag.py
[2026-07-13T11:12:24.420+0000] {processor.py:183} INFO - Processing /home/airflow/.local/lib/python3.8/site-packages/airflow/example_dags/subdags/subdag.py took 0.037 seconds
[2026-07-13T11:12:54.671+0000] {processor.py:161} INFO - Started process (PID=885) to work on /home/airflow/.local/lib/python3.8/site-packages/airflow/example_dags/subdags/subdag.py
[2026-07-13T11:12:54.671+0000] {processor.py:830} INFO - Processing file /home/airflow/.local/lib/python3.8/site-packages/airflow/example_dags/subdags/subdag.py for tasks to queue
[2026-07-13T11:12:54.673+0000] {logging_mixin.py:188} INFO - [2026-07-13T11:12:54.673+0000] {dagbag.py:538} INFO - Filling up the DagBag from /home/airflow/.local/lib/python3.8/site-packages/airflow/example_dags/subdags/subdag.py
[2026-07-13T11:12:54.674+0000] {processor.py:842} WARNING - No viable dags retrieved from /home/airflow/.local/lib/python3.8/site-packages/airflow/example_dags/subdags/subdag.py
[2026-07-13T11:12:54.686+0000] {processor.py:183} INFO - Processing /home/airflow/.local/lib/python3.8/site-packages/airflow/example_dags/subdags/subdag.py took 0.018 seconds
[2026-07-13T11:13:26.376+0000] {processor.py:161} INFO - Started process (PID=941) to work on /home/airflow/.local/lib/python3.8/site-packages/airflow/example_dags/subdags/subdag.py
[2026-07-13T11:13:26.377+0000] {processor.py:830} INFO - Processing file /home/airflow/.local/lib/python3.8/site-packages/airflow/example_dags/subdags/subdag.py for tasks to queue
[2026-07-13T11:13:26.379+0000] {logging_mixin.py:188} INFO - [2026-07-13T11:13:26.378+0000] {dagbag.py:538} INFO - Filling up the DagBag from /home/airflow/.local/lib/python3.8/site-packages/airflow/example_dags/subdags/subdag.py
[2026-07-13T11:13:26.381+0000] {processor.py:842} WARNING - No viable dags retrieved from /home/airflow/.local/lib/python3.8/site-packages/airflow/example_dags/subdags/subdag.py
[2026-07-13T11:13:26.398+0000] {processor.py:183} INFO - Processing /home/airflow/.local/lib/python3.8/site-packages/airflow/example_dags/subdags/subdag.py took 0.025 seconds
[2026-07-13T11:13:57.992+0000] {processor.py:161} INFO - Started process (PID=997) to work on /home/airflow/.local/lib/python3.8/site-packages/airflow/example_dags/subdags/subdag.py
[2026-07-13T11:13:57.993+0000] {processor.py:830} INFO - Processing file /home/airflow/.local/lib/python3.8/site-packages/airflow/example_dags/subdags/subdag.py for tasks to queue
[2026-07-13T11:13:57.994+0000] {logging_mixin.py:188} INFO - [2026-07-13T11:13:57.994+0000] {dagbag.py:538} INFO - Filling up the DagBag from /home/airflow/.local/lib/python3.8/site-packages/airflow/example_dags/subdags/subdag.py
[2026-07-13T11:13:57.995+0000] {processor.py:842} WARNING - No viable dags retrieved from /home/airflow/.local/lib/python3.8/site-packages/airflow/example_dags/subdags/subdag.py
[2026-07-13T11:13:58.006+0000] {processor.py:183} INFO - Processing /home/airflow/.local/lib/python3.8/site-packages/airflow/example_dags/subdags/subdag.py took 0.017 seconds
[2026-07-13T11:17:29.458+0000] {processor.py:161} INFO - Started process (PID=102) to work on /home/airflow/.local/lib/python3.8/site-packages/airflow/example_dags/subdags/subdag.py
[2026-07-13T11:17:29.459+0000] {processor.py:830} INFO - Processing file /home/airflow/.local/lib/python3.8/site-packages/airflow/example_dags/subdags/subdag.py for tasks to queue
[2026-07-13T11:17:29.461+0000] {logging_mixin.py:188} INFO - [2026-07-13T11:17:29.460+0000] {dagbag.py:538} INFO - Filling up the DagBag from /home/airflow/.local/lib/python3.8/site-packages/airflow/example_dags/subdags/subdag.py
[2026-07-13T11:17:29.463+0000] {processor.py:842} WARNING - No viable dags retrieved from /home/airflow/.local/lib/python3.8/site-packages/airflow/example_dags/subdags/subdag.py
[2026-07-13T11:17:29.477+0000] {processor.py:183} INFO - Processing /home/airflow/.local/lib/python3.8/site-packages/airflow/example_dags/subdags/subdag.py took 0.021 seconds
[2026-07-13T11:17:59.533+0000] {processor.py:161} INFO - Started process (PID=159) to work on /home/airflow/.local/lib/python3.8/site-packages/airflow/example_dags/subdags/subdag.py
[2026-07-13T11:17:59.534+0000] {processor.py:830} INFO - Processing file /home/airflow/.local/lib/python3.8/site-packages/airflow/example_dags/subdags/subdag.py for tasks to queue
[2026-07-13T11:17:59.535+0000] {logging_mixin.py:188} INFO - [2026-07-13T11:17:59.535+0000] {dagbag.py:538} INFO - Filling up the DagBag from /home/airflow/.local/lib/python3.8/site-packages/airflow/example_dags/subdags/subdag.py
[2026-07-13T11:17:59.538+0000] {processor.py:842} WARNING - No viable dags retrieved from /home/airflow/.local/lib/python3.8/site-packages/airflow/example_dags/subdags/subdag.py
[2026-07-13T11:17:59.549+0000] {processor.py:183} INFO - Processing /home/airflow/.local/lib/python3.8/site-packages/airflow/example_dags/subdags/subdag.py took 0.019 seconds
[2026-07-13T11:19:42.899+0000] {processor.py:161} INFO - Started process (PID=233) to work on /home/airflow/.local/lib/python3.8/site-packages/airflow/example_dags/subdags/subdag.py
[2026-07-13T11:19:42.902+0000] {processor.py:830} INFO - Processing file /home/airflow/.local/lib/python3.8/site-packages/airflow/example_dags/subdags/subdag.py for tasks to queue
[2026-07-13T11:19:42.906+0000] {logging_mixin.py:188} INFO - [2026-07-13T11:19:42.905+0000] {dagbag.py:538} INFO - Filling up the DagBag from /home/airflow/.local/lib/python3.8/site-packages/airflow/example_dags/subdags/subdag.py
[2026-07-13T11:19:42.913+0000] {processor.py:842} WARNING - No viable dags retrieved from /home/airflow/.local/lib/python3.8/site-packages/airflow/example_dags/subdags/subdag.py
[2026-07-13T11:19:42.942+0000] {processor.py:183} INFO - Processing /home/airflow/.local/lib/python3.8/site-packages/airflow/example_dags/subdags/subdag.py took 0.051 seconds
[2026-07-13T11:20:13.793+0000] {processor.py:161} INFO - Started process (PID=289) to work on /home/airflow/.local/lib/python3.8/site-packages/airflow/example_dags/subdags/subdag.py
[2026-07-13T11:20:13.794+0000] {processor.py:830} INFO - Processing file /home/airflow/.local/lib/python3.8/site-packages/airflow/example_dags/subdags/subdag.py for tasks to queue
[2026-07-13T11:20:13.795+0000] {logging_mixin.py:188} INFO - [2026-07-13T11:20:13.795+0000] {dagbag.py:538} INFO - Filling up the DagBag from /home/airflow/.local/lib/python3.8/site-packages/airflow/example_dags/subdags/subdag.py
[2026-07-13T11:20:13.797+0000] {processor.py:842} WARNING - No viable dags retrieved from /home/airflow/.local/lib/python3.8/site-packages/airflow/example_dags/subdags/subdag.py
[2026-07-13T11:20:13.808+0000] {processor.py:183} INFO - Processing /home/airflow/.local/lib/python3.8/site-packages/airflow/example_dags/subdags/subdag.py took 0.018 seconds
[2026-07-13T11:20:44.228+0000] {processor.py:161} INFO - Started process (PID=345) to work on /home/airflow/.local/lib/python3.8/site-packages/airflow/example_dags/subdags/subdag.py
[2026-07-13T11:20:44.229+0000] {processor.py:830} INFO - Processing file /home/airflow/.local/lib/python3.8/site-packages/airflow/example_dags/subdags/subdag.py for tasks to queue
[2026-07-13T11:20:44.230+0000] {logging_mixin.py:188} INFO - [2026-07-13T11:20:44.230+0000] {dagbag.py:538} INFO - Filling up the DagBag from /home/airflow/.local/lib/python3.8/site-packages/airflow/example_dags/subdags/subdag.py
[2026-07-13T11:20:44.232+0000] {processor.py:842} WARNING - No viable dags retrieved from /home/airflow/.local/lib/python3.8/site-packages/airflow/example_dags/subdags/subdag.py
[2026-07-13T11:20:44.242+0000] {processor.py:183} INFO - Processing /home/airflow/.local/lib/python3.8/site-packages/airflow/example_dags/subdags/subdag.py took 0.017 seconds
[2026-07-13T11:21:15.349+0000] {processor.py:161} INFO - Started process (PID=400) to work on /home/airflow/.local/lib/python3.8/site-packages/airflow/example_dags/subdags/subdag.py
[2026-07-13T11:21:15.350+0000] {processor.py:830} INFO - Processing file /home/airflow/.local/lib/python3.8/site-packages/airflow/example_dags/subdags/subdag.py for tasks to queue
[2026-07-13T11:21:15.352+0000] {logging_mixin.py:188} INFO - [2026-07-13T11:21:15.351+0000] {dagbag.py:538} INFO - Filling up the DagBag from /home/airflow/.local/lib/python3.8/site-packages/airflow/example_dags/subdags/subdag.py
[2026-07-13T11:21:15.353+0000] {processor.py:842} WARNING - No viable dags retrieved from /home/airflow/.local/lib/python3.8/site-packages/airflow/example_dags/subdags/subdag.py
[2026-07-13T11:21:15.364+0000] {processor.py:183} INFO - Processing /home/airflow/.local/lib/python3.8/site-packages/airflow/example_dags/subdags/subdag.py took 0.018 seconds
[2026-07-13T11:21:45.764+0000] {processor.py:161} INFO - Started process (PID=456) to work on /home/airflow/.local/lib/python3.8/site-packages/airflow/example_dags/subdags/subdag.py
[2026-07-13T11:21:45.765+0000] {processor.py:830} INFO - Processing file /home/airflow/.local/lib/python3.8/site-packages/airflow/example_dags/subdags/subdag.py for tasks to queue
[2026-07-13T11:21:45.766+0000] {logging_mixin.py:188} INFO - [2026-07-13T11:21:45.766+0000] {dagbag.py:538} INFO - Filling up the DagBag from /home/airflow/.local/lib/python3.8/site-packages/airflow/example_dags/subdags/subdag.py
[2026-07-13T11:21:45.768+0000] {processor.py:842} WARNING - No viable dags retrieved from /home/airflow/.local/lib/python3.8/site-packages/airflow/example_dags/subdags/subdag.py
[2026-07-13T11:21:45.779+0000] {processor.py:183} INFO - Processing /home/airflow/.local/lib/python3.8/site-packages/airflow/example_dags/subdags/subdag.py took 0.018 seconds
[2026-07-13T11:22:16.679+0000] {processor.py:161} INFO - Started process (PID=506) to work on /home/airflow/.local/lib/python3.8/site-packages/airflow/example_dags/subdags/subdag.py
[2026-07-13T11:22:16.680+0000] {processor.py:830} INFO - Processing file /home/airflow/.local/lib/python3.8/site-packages/airflow/example_dags/subdags/subdag.py for tasks to queue
[2026-07-13T11:22:16.682+0000] {logging_mixin.py:188} INFO - [2026-07-13T11:22:16.681+0000] {dagbag.py:538} INFO - Filling up the DagBag from /home/airflow/.local/lib/python3.8/site-packages/airflow/example_dags/subdags/subdag.py
[2026-07-13T11:22:16.683+0000] {processor.py:842} WARNING - No viable dags retrieved from /home/airflow/.local/lib/python3.8/site-packages/airflow/example_dags/subdags/subdag.py
[2026-07-13T11:22:16.694+0000] {processor.py:183} INFO - Processing /home/airflow/.local/lib/python3.8/site-packages/airflow/example_dags/subdags/subdag.py took 0.017 seconds
[2026-07-13T11:22:46.785+0000] {processor.py:161} INFO - Started process (PID=562) to work on /home/airflow/.local/lib/python3.8/site-packages/airflow/example_dags/subdags/subdag.py
[2026-07-13T11:22:46.786+0000] {processor.py:830} INFO - Processing file /home/airflow/.local/lib/python3.8/site-packages/airflow/example_dags/subdags/subdag.py for tasks to queue
[2026-07-13T11:22:46.788+0000] {logging_mixin.py:188} INFO - [2026-07-13T11:22:46.787+0000] {dagbag.py:538} INFO - Filling up the DagBag from /home/airflow/.local/lib/python3.8/site-packages/airflow/example_dags/subdags/subdag.py
[2026-07-13T11:22:46.789+0000] {processor.py:842} WARNING - No viable dags retrieved from /home/airflow/.local/lib/python3.8/site-packages/airflow/example_dags/subdags/subdag.py
[2026-07-13T11:22:46.802+0000] {processor.py:183} INFO - Processing /home/airflow/.local/lib/python3.8/site-packages/airflow/example_dags/subdags/subdag.py took 0.020 seconds
[2026-07-13T11:23:17.181+0000] {processor.py:161} INFO - Started process (PID=618) to work on /home/airflow/.local/lib/python3.8/site-packages/airflow/example_dags/subdags/subdag.py
[2026-07-13T11:23:17.182+0000] {processor.py:830} INFO - Processing file /home/airflow/.local/lib/python3.8/site-packages/airflow/example_dags/subdags/subdag.py for tasks to queue
[2026-07-13T11:23:17.183+0000] {logging_mixin.py:188} INFO - [2026-07-13T11:23:17.183+0000] {dagbag.py:538} INFO - Filling up the DagBag from /home/airflow/.local/lib/python3.8/site-packages/airflow/example_dags/subdags/subdag.py
[2026-07-13T11:23:17.185+0000] {processor.py:842} WARNING - No viable dags retrieved from /home/airflow/.local/lib/python3.8/site-packages/airflow/example_dags/subdags/subdag.py
[2026-07-13T11:23:17.197+0000] {processor.py:183} INFO - Processing /home/airflow/.local/lib/python3.8/site-packages/airflow/example_dags/subdags/subdag.py took 0.018 seconds
[2026-07-13T11:23:47.505+0000] {processor.py:161} INFO - Started process (PID=674) to work on /home/airflow/.local/lib/python3.8/site-packages/airflow/example_dags/subdags/subdag.py
[2026-07-13T11:23:47.507+0000] {processor.py:830} INFO - Processing file /home/airflow/.local/lib/python3.8/site-packages/airflow/example_dags/subdags/subdag.py for tasks to queue
[2026-07-13T11:23:47.509+0000] {logging_mixin.py:188} INFO - [2026-07-13T11:23:47.509+0000] {dagbag.py:538} INFO - Filling up the DagBag from /home/airflow/.local/lib/python3.8/site-packages/airflow/example_dags/subdags/subdag.py
[2026-07-13T11:23:47.511+0000] {processor.py:842} WARNING - No viable dags retrieved from /home/airflow/.local/lib/python3.8/site-packages/airflow/example_dags/subdags/subdag.py
[2026-07-13T11:23:47.524+0000] {processor.py:183} INFO - Processing /home/airflow/.local/lib/python3.8/site-packages/airflow/example_dags/subdags/subdag.py took 0.023 seconds
[2026-07-13T11:24:18.200+0000] {processor.py:161} INFO - Started process (PID=730) to work on /home/airflow/.local/lib/python3.8/site-packages/airflow/example_dags/subdags/subdag.py
[2026-07-13T11:24:18.201+0000] {processor.py:830} INFO - Processing file /home/airflow/.local/lib/python3.8/site-packages/airflow/example_dags/subdags/subdag.py for tasks to queue
[2026-07-13T11:24:18.202+0000] {logging_mixin.py:188} INFO - [2026-07-13T11:24:18.202+0000] {dagbag.py:538} INFO - Filling up the DagBag from /home/airflow/.local/lib/python3.8/site-packages/airflow/example_dags/subdags/subdag.py
[2026-07-13T11:24:18.204+0000] {processor.py:842} WARNING - No viable dags retrieved from /home/airflow/.local/lib/python3.8/site-packages/airflow/example_dags/subdags/subdag.py
[2026-07-13T11:24:18.214+0000] {processor.py:183} INFO - Processing /home/airflow/.local/lib/python3.8/site-packages/airflow/example_dags/subdags/subdag.py took 0.016 seconds
[2026-07-13T11:24:49.767+0000] {processor.py:161} INFO - Started process (PID=795) to work on /home/airflow/.local/lib/python3.8/site-packages/airflow/example_dags/subdags/subdag.py
[2026-07-13T11:24:49.768+0000] {processor.py:830} INFO - Processing file /home/airflow/.local/lib/python3.8/site-packages/airflow/example_dags/subdags/subdag.py for tasks to queue
[2026-07-13T11:24:49.770+0000] {logging_mixin.py:188} INFO - [2026-07-13T11:24:49.770+0000] {dagbag.py:538} INFO - Filling up the DagBag from /home/airflow/.local/lib/python3.8/site-packages/airflow/example_dags/subdags/subdag.py
[2026-07-13T11:24:49.772+0000] {processor.py:842} WARNING - No viable dags retrieved from /home/airflow/.local/lib/python3.8/site-packages/airflow/example_dags/subdags/subdag.py
[2026-07-13T11:24:49.789+0000] {processor.py:183} INFO - Processing /home/airflow/.local/lib/python3.8/site-packages/airflow/example_dags/subdags/subdag.py took 0.025 seconds
[2026-07-13T11:25:20.361+0000] {processor.py:161} INFO - Started process (PID=860) to work on /home/airflow/.local/lib/python3.8/site-packages/airflow/example_dags/subdags/subdag.py
[2026-07-13T11:25:20.362+0000] {processor.py:830} INFO - Processing file /home/airflow/.local/lib/python3.8/site-packages/airflow/example_dags/subdags/subdag.py for tasks to queue
[2026-07-13T11:25:20.366+0000] {logging_mixin.py:188} INFO - [2026-07-13T11:25:20.365+0000] {dagbag.py:538} INFO - Filling up the DagBag from /home/airflow/.local/lib/python3.8/site-packages/airflow/example_dags/subdags/subdag.py
[2026-07-13T11:25:20.369+0000] {processor.py:842} WARNING - No viable dags retrieved from /home/airflow/.local/lib/python3.8/site-packages/airflow/example_dags/subdags/subdag.py
[2026-07-13T11:25:20.382+0000] {processor.py:183} INFO - Processing /home/airflow/.local/lib/python3.8/site-packages/airflow/example_dags/subdags/subdag.py took 0.025 seconds
[2026-07-13T11:25:50.502+0000] {processor.py:161} INFO - Started process (PID=915) to work on /home/airflow/.local/lib/python3.8/site-packages/airflow/example_dags/subdags/subdag.py
[2026-07-13T11:25:50.503+0000] {processor.py:830} INFO - Processing file /home/airflow/.local/lib/python3.8/site-packages/airflow/example_dags/subdags/subdag.py for tasks to queue
[2026-07-13T11:25:50.505+0000] {logging_mixin.py:188} INFO - [2026-07-13T11:25:50.504+0000] {dagbag.py:538} INFO - Filling up the DagBag from /home/airflow/.local/lib/python3.8/site-packages/airflow/example_dags/subdags/subdag.py
[2026-07-13T11:25:50.506+0000] {processor.py:842} WARNING - No viable dags retrieved from /home/airflow/.local/lib/python3.8/site-packages/airflow/example_dags/subdags/subdag.py
[2026-07-13T11:25:50.518+0000] {processor.py:183} INFO - Processing /home/airflow/.local/lib/python3.8/site-packages/airflow/example_dags/subdags/subdag.py took 0.018 seconds
[2026-07-13T11:26:22.945+0000] {processor.py:161} INFO - Started process (PID=972) to work on /home/airflow/.local/lib/python3.8/site-packages/airflow/example_dags/subdags/subdag.py
[2026-07-13T11:26:22.948+0000] {processor.py:830} INFO - Processing file /home/airflow/.local/lib/python3.8/site-packages/airflow/example_dags/subdags/subdag.py for tasks to queue
[2026-07-13T11:26:22.950+0000] {logging_mixin.py:188} INFO - [2026-07-13T11:26:22.949+0000] {dagbag.py:538} INFO - Filling up the DagBag from /home/airflow/.local/lib/python3.8/site-packages/airflow/example_dags/subdags/subdag.py
[2026-07-13T11:26:22.953+0000] {processor.py:842} WARNING - No viable dags retrieved from /home/airflow/.local/lib/python3.8/site-packages/airflow/example_dags/subdags/subdag.py
[2026-07-13T11:26:22.969+0000] {processor.py:183} INFO - Processing /home/airflow/.local/lib/python3.8/site-packages/airflow/example_dags/subdags/subdag.py took 0.027 seconds
[2026-07-13T11:26:55.617+0000] {processor.py:161} INFO - Started process (PID=1028) to work on /home/airflow/.local/lib/python3.8/site-packages/airflow/example_dags/subdags/subdag.py
[2026-07-13T11:26:55.618+0000] {processor.py:830} INFO - Processing file /home/airflow/.local/lib/python3.8/site-packages/airflow/example_dags/subdags/subdag.py for tasks to queue
[2026-07-13T11:26:55.619+0000] {logging_mixin.py:188} INFO - [2026-07-13T11:26:55.619+0000] {dagbag.py:538} INFO - Filling up the DagBag from /home/airflow/.local/lib/python3.8/site-packages/airflow/example_dags/subdags/subdag.py
[2026-07-13T11:26:55.622+0000] {processor.py:842} WARNING - No viable dags retrieved from /home/airflow/.local/lib/python3.8/site-packages/airflow/example_dags/subdags/subdag.py
[2026-07-13T11:26:55.638+0000] {processor.py:183} INFO - Processing /home/airflow/.local/lib/python3.8/site-packages/airflow/example_dags/subdags/subdag.py took 0.024 seconds
[2026-07-13T11:27:28.468+0000] {processor.py:161} INFO - Started process (PID=1083) to work on /home/airflow/.local/lib/python3.8/site-packages/airflow/example_dags/subdags/subdag.py
[2026-07-13T11:27:28.470+0000] {processor.py:830} INFO - Processing file /home/airflow/.local/lib/python3.8/site-packages/airflow/example_dags/subdags/subdag.py for tasks to queue
[2026-07-13T11:27:28.472+0000] {logging_mixin.py:188} INFO - [2026-07-13T11:27:28.472+0000] {dagbag.py:538} INFO - Filling up the DagBag from /home/airflow/.local/lib/python3.8/site-packages/airflow/example_dags/subdags/subdag.py
[2026-07-13T11:27:28.475+0000] {processor.py:842} WARNING - No viable dags retrieved from /home/airflow/.local/lib/python3.8/site-packages/airflow/example_dags/subdags/subdag.py
[2026-07-13T11:27:28.491+0000] {processor.py:183} INFO - Processing /home/airflow/.local/lib/python3.8/site-packages/airflow/example_dags/subdags/subdag.py took 0.026 seconds
[2026-07-13T11:27:58.821+0000] {processor.py:161} INFO - Started process (PID=1140) to work on /home/airflow/.local/lib/python3.8/site-packages/airflow/example_dags/subdags/subdag.py
[2026-07-13T11:27:58.823+0000] {processor.py:830} INFO - Processing file /home/airflow/.local/lib/python3.8/site-packages/airflow/example_dags/subdags/subdag.py for tasks to queue
[2026-07-13T11:27:58.826+0000] {logging_mixin.py:188} INFO - [2026-07-13T11:27:58.825+0000] {dagbag.py:538} INFO - Filling up the DagBag from /home/airflow/.local/lib/python3.8/site-packages/airflow/example_dags/subdags/subdag.py
[2026-07-13T11:27:58.829+0000] {processor.py:842} WARNING - No viable dags retrieved from /home/airflow/.local/lib/python3.8/site-packages/airflow/example_dags/subdags/subdag.py
[2026-07-13T11:27:58.846+0000] {processor.py:183} INFO - Processing /home/airflow/.local/lib/python3.8/site-packages/airflow/example_dags/subdags/subdag.py took 0.029 seconds
[2026-07-13T11:28:29.024+0000] {processor.py:161} INFO - Started process (PID=1196) to work on /home/airflow/.local/lib/python3.8/site-packages/airflow/example_dags/subdags/subdag.py
[2026-07-13T11:28:29.025+0000] {processor.py:830} INFO - Processing file /home/airflow/.local/lib/python3.8/site-packages/airflow/example_dags/subdags/subdag.py for tasks to queue
[2026-07-13T11:28:29.026+0000] {logging_mixin.py:188} INFO - [2026-07-13T11:28:29.026+0000] {dagbag.py:538} INFO - Filling up the DagBag from /home/airflow/.local/lib/python3.8/site-packages/airflow/example_dags/subdags/subdag.py
[2026-07-13T11:28:29.028+0000] {processor.py:842} WARNING - No viable dags retrieved from /home/airflow/.local/lib/python3.8/site-packages/airflow/example_dags/subdags/subdag.py
[2026-07-13T11:28:29.039+0000] {processor.py:183} INFO - Processing /home/airflow/.local/lib/python3.8/site-packages/airflow/example_dags/subdags/subdag.py took 0.018 seconds
[2026-07-13T11:28:59.352+0000] {processor.py:161} INFO - Started process (PID=1252) to work on /home/airflow/.local/lib/python3.8/site-packages/airflow/example_dags/subdags/subdag.py
[2026-07-13T11:28:59.354+0000] {processor.py:830} INFO - Processing file /home/airflow/.local/lib/python3.8/site-packages/airflow/example_dags/subdags/subdag.py for tasks to queue
[2026-07-13T11:28:59.355+0000] {logging_mixin.py:188} INFO - [2026-07-13T11:28:59.355+0000] {dagbag.py:538} INFO - Filling up the DagBag from /home/airflow/.local/lib/python3.8/site-packages/airflow/example_dags/subdags/subdag.py
[2026-07-13T11:28:59.357+0000] {processor.py:842} WARNING - No viable dags retrieved from /home/airflow/.local/lib/python3.8/site-packages/airflow/example_dags/subdags/subdag.py
[2026-07-13T11:28:59.370+0000] {processor.py:183} INFO - Processing /home/airflow/.local/lib/python3.8/site-packages/airflow/example_dags/subdags/subdag.py took 0.020 seconds
[2026-07-13T11:29:29.813+0000] {processor.py:161} INFO - Started process (PID=1308) to work on /home/airflow/.local/lib/python3.8/site-packages/airflow/example_dags/subdags/subdag.py
[2026-07-13T11:29:29.814+0000] {processor.py:830} INFO - Processing file /home/airflow/.local/lib/python3.8/site-packages/airflow/example_dags/subdags/subdag.py for tasks to queue
[2026-07-13T11:29:29.816+0000] {logging_mixin.py:188} INFO - [2026-07-13T11:29:29.816+0000] {dagbag.py:538} INFO - Filling up the DagBag from /home/airflow/.local/lib/python3.8/site-packages/airflow/example_dags/subdags/subdag.py
[2026-07-13T11:29:29.817+0000] {processor.py:842} WARNING - No viable dags retrieved from /home/airflow/.local/lib/python3.8/site-packages/airflow/example_dags/subdags/subdag.py
[2026-07-13T11:29:29.829+0000] {processor.py:183} INFO - Processing /home/airflow/.local/lib/python3.8/site-packages/airflow/example_dags/subdags/subdag.py took 0.019 seconds
[2026-07-13T11:30:00.402+0000] {processor.py:161} INFO - Started process (PID=1364) to work on /home/airflow/.local/lib/python3.8/site-packages/airflow/example_dags/subdags/subdag.py
[2026-07-13T11:30:00.403+0000] {processor.py:830} INFO - Processing file /home/airflow/.local/lib/python3.8/site-packages/airflow/example_dags/subdags/subdag.py for tasks to queue
[2026-07-13T11:30:00.406+0000] {logging_mixin.py:188} INFO - [2026-07-13T11:30:00.405+0000] {dagbag.py:538} INFO - Filling up the DagBag from /home/airflow/.local/lib/python3.8/site-packages/airflow/example_dags/subdags/subdag.py
[2026-07-13T11:30:00.409+0000] {processor.py:842} WARNING - No viable dags retrieved from /home/airflow/.local/lib/python3.8/site-packages/airflow/example_dags/subdags/subdag.py
[2026-07-13T11:30:00.436+0000] {processor.py:183} INFO - Processing /home/airflow/.local/lib/python3.8/site-packages/airflow/example_dags/subdags/subdag.py took 0.038 seconds
[2026-07-13T11:30:30.492+0000] {processor.py:161} INFO - Started process (PID=1420) to work on /home/airflow/.local/lib/python3.8/site-packages/airflow/example_dags/subdags/subdag.py
[2026-07-13T11:30:30.493+0000] {processor.py:830} INFO - Processing file /home/airflow/.local/lib/python3.8/site-packages/airflow/example_dags/subdags/subdag.py for tasks to queue
[2026-07-13T11:30:30.494+0000] {logging_mixin.py:188} INFO - [2026-07-13T11:30:30.494+0000] {dagbag.py:538} INFO - Filling up the DagBag from /home/airflow/.local/lib/python3.8/site-packages/airflow/example_dags/subdags/subdag.py
[2026-07-13T11:30:30.496+0000] {processor.py:842} WARNING - No viable dags retrieved from /home/airflow/.local/lib/python3.8/site-packages/airflow/example_dags/subdags/subdag.py
[2026-07-13T11:30:30.506+0000] {processor.py:183} INFO - Processing /home/airflow/.local/lib/python3.8/site-packages/airflow/example_dags/subdags/subdag.py took 0.017 seconds
[2026-07-13T11:31:00.708+0000] {processor.py:161} INFO - Started process (PID=1476) to work on /home/airflow/.local/lib/python3.8/site-packages/airflow/example_dags/subdags/subdag.py
[2026-07-13T11:31:00.708+0000] {processor.py:830} INFO - Processing file /home/airflow/.local/lib/python3.8/site-packages/airflow/example_dags/subdags/subdag.py for tasks to queue
[2026-07-13T11:31:00.710+0000] {logging_mixin.py:188} INFO - [2026-07-13T11:31:00.710+0000] {dagbag.py:538} INFO - Filling up the DagBag from /home/airflow/.local/lib/python3.8/site-packages/airflow/example_dags/subdags/subdag.py
[2026-07-13T11:31:00.711+0000] {processor.py:842} WARNING - No viable dags retrieved from /home/airflow/.local/lib/python3.8/site-packages/airflow/example_dags/subdags/subdag.py
[2026-07-13T11:31:00.723+0000] {processor.py:183} INFO - Processing /home/airflow/.local/lib/python3.8/site-packages/airflow/example_dags/subdags/subdag.py took 0.018 seconds
[2026-07-13T11:31:30.827+0000] {processor.py:161} INFO - Started process (PID=1531) to work on /home/airflow/.local/lib/python3.8/site-packages/airflow/example_dags/subdags/subdag.py
[2026-07-13T11:31:30.828+0000] {processor.py:830} INFO - Processing file /home/airflow/.local/lib/python3.8/site-packages/airflow/example_dags/subdags/subdag.py for tasks to queue
[2026-07-13T11:31:30.829+0000] {logging_mixin.py:188} INFO - [2026-07-13T11:31:30.829+0000] {dagbag.py:538} INFO - Filling up the DagBag from /home/airflow/.local/lib/python3.8/site-packages/airflow/example_dags/subdags/subdag.py
[2026-07-13T11:31:30.831+0000] {processor.py:842} WARNING - No viable dags retrieved from /home/airflow/.local/lib/python3.8/site-packages/airflow/example_dags/subdags/subdag.py
[2026-07-13T11:31:30.841+0000] {processor.py:183} INFO - Processing /home/airflow/.local/lib/python3.8/site-packages/airflow/example_dags/subdags/subdag.py took 0.018 seconds
[2026-07-13T11:32:01.264+0000] {processor.py:161} INFO - Started process (PID=1587) to work on /home/airflow/.local/lib/python3.8/site-packages/airflow/example_dags/subdags/subdag.py
[2026-07-13T11:32:01.265+0000] {processor.py:830} INFO - Processing file /home/airflow/.local/lib/python3.8/site-packages/airflow/example_dags/subdags/subdag.py for tasks to queue
[2026-07-13T11:32:01.267+0000] {logging_mixin.py:188} INFO - [2026-07-13T11:32:01.266+0000] {dagbag.py:538} INFO - Filling up the DagBag from /home/airflow/.local/lib/python3.8/site-packages/airflow/example_dags/subdags/subdag.py
[2026-07-13T11:32:01.269+0000] {processor.py:842} WARNING - No viable dags retrieved from /home/airflow/.local/lib/python3.8/site-packages/airflow/example_dags/subdags/subdag.py
[2026-07-13T11:32:01.280+0000] {processor.py:183} INFO - Processing /home/airflow/.local/lib/python3.8/site-packages/airflow/example_dags/subdags/subdag.py took 0.019 seconds
[2026-07-13T11:32:31.677+0000] {processor.py:161} INFO - Started process (PID=1643) to work on /home/airflow/.local/lib/python3.8/site-packages/airflow/example_dags/subdags/subdag.py
[2026-07-13T11:32:31.678+0000] {processor.py:830} INFO - Processing file /home/airflow/.local/lib/python3.8/site-packages/airflow/example_dags/subdags/subdag.py for tasks to queue
[2026-07-13T11:32:31.680+0000] {logging_mixin.py:188} INFO - [2026-07-13T11:32:31.680+0000] {dagbag.py:538} INFO - Filling up the DagBag from /home/airflow/.local/lib/python3.8/site-packages/airflow/example_dags/subdags/subdag.py
[2026-07-13T11:32:31.682+0000] {processor.py:842} WARNING - No viable dags retrieved from /home/airflow/.local/lib/python3.8/site-packages/airflow/example_dags/subdags/subdag.py
[2026-07-13T11:32:31.694+0000] {processor.py:183} INFO - Processing /home/airflow/.local/lib/python3.8/site-packages/airflow/example_dags/subdags/subdag.py took 0.019 seconds
[2026-07-13T11:33:01.975+0000] {processor.py:161} INFO - Started process (PID=1700) to work on /home/airflow/.local/lib/python3.8/site-packages/airflow/example_dags/subdags/subdag.py
[2026-07-13T11:33:01.976+0000] {processor.py:830} INFO - Processing file /home/airflow/.local/lib/python3.8/site-packages/airflow/example_dags/subdags/subdag.py for tasks to queue
[2026-07-13T11:33:01.977+0000] {logging_mixin.py:188} INFO - [2026-07-13T11:33:01.977+0000] {dagbag.py:538} INFO - Filling up the DagBag from /home/airflow/.local/lib/python3.8/site-packages/airflow/example_dags/subdags/subdag.py
[2026-07-13T11:33:01.979+0000] {processor.py:842} WARNING - No viable dags retrieved from /home/airflow/.local/lib/python3.8/site-packages/airflow/example_dags/subdags/subdag.py
[2026-07-13T11:33:01.989+0000] {processor.py:183} INFO - Processing /home/airflow/.local/lib/python3.8/site-packages/airflow/example_dags/subdags/subdag.py took 0.017 seconds
[2026-07-13T11:33:32.267+0000] {processor.py:161} INFO - Started process (PID=1750) to work on /home/airflow/.local/lib/python3.8/site-packages/airflow/example_dags/subdags/subdag.py
[2026-07-13T11:33:32.269+0000] {processor.py:830} INFO - Processing file /home/airflow/.local/lib/python3.8/site-packages/airflow/example_dags/subdags/subdag.py for tasks to queue
[2026-07-13T11:33:32.271+0000] {logging_mixin.py:188} INFO - [2026-07-13T11:33:32.271+0000] {dagbag.py:538} INFO - Filling up the DagBag from /home/airflow/.local/lib/python3.8/site-packages/airflow/example_dags/subdags/subdag.py
[2026-07-13T11:33:32.273+0000] {processor.py:842} WARNING - No viable dags retrieved from /home/airflow/.local/lib/python3.8/site-packages/airflow/example_dags/subdags/subdag.py
[2026-07-13T11:33:32.288+0000] {processor.py:183} INFO - Processing /home/airflow/.local/lib/python3.8/site-packages/airflow/example_dags/subdags/subdag.py took 0.023 seconds
[2026-07-13T11:34:04.769+0000] {processor.py:161} INFO - Started process (PID=1812) to work on /home/airflow/.local/lib/python3.8/site-packages/airflow/example_dags/subdags/subdag.py
[2026-07-13T11:34:04.770+0000] {processor.py:830} INFO - Processing file /home/airflow/.local/lib/python3.8/site-packages/airflow/example_dags/subdags/subdag.py for tasks to queue
[2026-07-13T11:34:04.771+0000] {logging_mixin.py:188} INFO - [2026-07-13T11:34:04.771+0000] {dagbag.py:538} INFO - Filling up the DagBag from /home/airflow/.local/lib/python3.8/site-packages/airflow/example_dags/subdags/subdag.py
[2026-07-13T11:34:04.773+0000] {processor.py:842} WARNING - No viable dags retrieved from /home/airflow/.local/lib/python3.8/site-packages/airflow/example_dags/subdags/subdag.py
[2026-07-13T11:34:04.784+0000] {processor.py:183} INFO - Processing /home/airflow/.local/lib/python3.8/site-packages/airflow/example_dags/subdags/subdag.py took 0.018 seconds
[2026-07-13T11:34:37.151+0000] {processor.py:161} INFO - Started process (PID=1868) to work on /home/airflow/.local/lib/python3.8/site-packages/airflow/example_dags/subdags/subdag.py
[2026-07-13T11:34:37.152+0000] {processor.py:830} INFO - Processing file /home/airflow/.local/lib/python3.8/site-packages/airflow/example_dags/subdags/subdag.py for tasks to queue
[2026-07-13T11:34:37.155+0000] {logging_mixin.py:188} INFO - [2026-07-13T11:34:37.155+0000] {dagbag.py:538} INFO - Filling up the DagBag from /home/airflow/.local/lib/python3.8/site-packages/airflow/example_dags/subdags/subdag.py
[2026-07-13T11:34:37.157+0000] {processor.py:842} WARNING - No viable dags retrieved from /home/airflow/.local/lib/python3.8/site-packages/airflow/example_dags/subdags/subdag.py
[2026-07-13T11:34:37.174+0000] {processor.py:183} INFO - Processing /home/airflow/.local/lib/python3.8/site-packages/airflow/example_dags/subdags/subdag.py took 0.027 seconds
[2026-07-13T11:35:08.097+0000] {processor.py:161} INFO - Started process (PID=1924) to work on /home/airflow/.local/lib/python3.8/site-packages/airflow/example_dags/subdags/subdag.py
[2026-07-13T11:35:08.098+0000] {processor.py:830} INFO - Processing file /home/airflow/.local/lib/python3.8/site-packages/airflow/example_dags/subdags/subdag.py for tasks to queue
[2026-07-13T11:35:08.101+0000] {logging_mixin.py:188} INFO - [2026-07-13T11:35:08.100+0000] {dagbag.py:538} INFO - Filling up the DagBag from /home/airflow/.local/lib/python3.8/site-packages/airflow/example_dags/subdags/subdag.py
[2026-07-13T11:35:08.106+0000] {processor.py:842} WARNING - No viable dags retrieved from /home/airflow/.local/lib/python3.8/site-packages/airflow/example_dags/subdags/subdag.py
[2026-07-13T11:35:08.127+0000] {processor.py:183} INFO - Processing /home/airflow/.local/lib/python3.8/site-packages/airflow/example_dags/subdags/subdag.py took 0.033 seconds
[2026-07-13T11:35:38.206+0000] {processor.py:161} INFO - Started process (PID=1974) to work on /home/airflow/.local/lib/python3.8/site-packages/airflow/example_dags/subdags/subdag.py
[2026-07-13T11:35:38.207+0000] {processor.py:830} INFO - Processing file /home/airflow/.local/lib/python3.8/site-packages/airflow/example_dags/subdags/subdag.py for tasks to queue
[2026-07-13T11:35:38.209+0000] {logging_mixin.py:188} INFO - [2026-07-13T11:35:38.208+0000] {dagbag.py:538} INFO - Filling up the DagBag from /home/airflow/.local/lib/python3.8/site-packages/airflow/example_dags/subdags/subdag.py
[2026-07-13T11:35:38.211+0000] {processor.py:842} WARNING - No viable dags retrieved from /home/airflow/.local/lib/python3.8/site-packages/airflow/example_dags/subdags/subdag.py
[2026-07-13T11:35:38.231+0000] {processor.py:183} INFO - Processing /home/airflow/.local/lib/python3.8/site-packages/airflow/example_dags/subdags/subdag.py took 0.028 seconds
[2026-07-13T11:36:09.180+0000] {processor.py:161} INFO - Started process (PID=2030) to work on /home/airflow/.local/lib/python3.8/site-packages/airflow/example_dags/subdags/subdag.py
[2026-07-13T11:36:09.181+0000] {processor.py:830} INFO - Processing file /home/airflow/.local/lib/python3.8/site-packages/airflow/example_dags/subdags/subdag.py for tasks to queue
[2026-07-13T11:36:09.182+0000] {logging_mixin.py:188} INFO - [2026-07-13T11:36:09.182+0000] {dagbag.py:538} INFO - Filling up the DagBag from /home/airflow/.local/lib/python3.8/site-packages/airflow/example_dags/subdags/subdag.py
[2026-07-13T11:36:09.184+0000] {processor.py:842} WARNING - No viable dags retrieved from /home/airflow/.local/lib/python3.8/site-packages/airflow/example_dags/subdags/subdag.py
[2026-07-13T11:36:09.194+0000] {processor.py:183} INFO - Processing /home/airflow/.local/lib/python3.8/site-packages/airflow/example_dags/subdags/subdag.py took 0.017 seconds
[2026-07-13T11:36:39.668+0000] {processor.py:161} INFO - Started process (PID=2086) to work on /home/airflow/.local/lib/python3.8/site-packages/airflow/example_dags/subdags/subdag.py
[2026-07-13T11:36:39.669+0000] {processor.py:830} INFO - Processing file /home/airflow/.local/lib/python3.8/site-packages/airflow/example_dags/subdags/subdag.py for tasks to queue
[2026-07-13T11:36:39.671+0000] {logging_mixin.py:188} INFO - [2026-07-13T11:36:39.670+0000] {dagbag.py:538} INFO - Filling up the DagBag from /home/airflow/.local/lib/python3.8/site-packages/airflow/example_dags/subdags/subdag.py
[2026-07-13T11:36:39.672+0000] {processor.py:842} WARNING - No viable dags retrieved from /home/airflow/.local/lib/python3.8/site-packages/airflow/example_dags/subdags/subdag.py
[2026-07-13T11:36:39.683+0000] {processor.py:183} INFO - Processing /home/airflow/.local/lib/python3.8/site-packages/airflow/example_dags/subdags/subdag.py took 0.017 seconds
[2026-07-13T11:37:09.992+0000] {processor.py:161} INFO - Started process (PID=2142) to work on /home/airflow/.local/lib/python3.8/site-packages/airflow/example_dags/subdags/subdag.py
[2026-07-13T11:37:09.993+0000] {processor.py:830} INFO - Processing file /home/airflow/.local/lib/python3.8/site-packages/airflow/example_dags/subdags/subdag.py for tasks to queue
[2026-07-13T11:37:09.994+0000] {logging_mixin.py:188} INFO - [2026-07-13T11:37:09.994+0000] {dagbag.py:538} INFO - Filling up the DagBag from /home/airflow/.local/lib/python3.8/site-packages/airflow/example_dags/subdags/subdag.py
[2026-07-13T11:37:09.996+0000] {processor.py:842} WARNING - No viable dags retrieved from /home/airflow/.local/lib/python3.8/site-packages/airflow/example_dags/subdags/subdag.py
[2026-07-13T11:37:10.007+0000] {processor.py:183} INFO - Processing /home/airflow/.local/lib/python3.8/site-packages/airflow/example_dags/subdags/subdag.py took 0.018 seconds
[2026-07-13T11:37:40.248+0000] {processor.py:161} INFO - Started process (PID=2198) to work on /home/airflow/.local/lib/python3.8/site-packages/airflow/example_dags/subdags/subdag.py
[2026-07-13T11:37:40.249+0000] {processor.py:830} INFO - Processing file /home/airflow/.local/lib/python3.8/site-packages/airflow/example_dags/subdags/subdag.py for tasks to queue
[2026-07-13T11:37:40.252+0000] {logging_mixin.py:188} INFO - [2026-07-13T11:37:40.252+0000] {dagbag.py:538} INFO - Filling up the DagBag from /home/airflow/.local/lib/python3.8/site-packages/airflow/example_dags/subdags/subdag.py
[2026-07-13T11:37:40.254+0000] {processor.py:842} WARNING - No viable dags retrieved from /home/airflow/.local/lib/python3.8/site-packages/airflow/example_dags/subdags/subdag.py
[2026-07-13T11:37:40.265+0000] {processor.py:183} INFO - Processing /home/airflow/.local/lib/python3.8/site-packages/airflow/example_dags/subdags/subdag.py took 0.020 seconds
[2026-07-13T11:38:10.583+0000] {processor.py:161} INFO - Started process (PID=2254) to work on /home/airflow/.local/lib/python3.8/site-packages/airflow/example_dags/subdags/subdag.py
[2026-07-13T11:38:10.584+0000] {processor.py:830} INFO - Processing file /home/airflow/.local/lib/python3.8/site-packages/airflow/example_dags/subdags/subdag.py for tasks to queue
[2026-07-13T11:38:10.586+0000] {logging_mixin.py:188} INFO - [2026-07-13T11:38:10.585+0000] {dagbag.py:538} INFO - Filling up the DagBag from /home/airflow/.local/lib/python3.8/site-packages/airflow/example_dags/subdags/subdag.py
[2026-07-13T11:38:10.588+0000] {processor.py:842} WARNING - No viable dags retrieved from /home/airflow/.local/lib/python3.8/site-packages/airflow/example_dags/subdags/subdag.py
[2026-07-13T11:38:10.599+0000] {processor.py:183} INFO - Processing /home/airflow/.local/lib/python3.8/site-packages/airflow/example_dags/subdags/subdag.py took 0.019 seconds
[2026-07-13T11:38:41.072+0000] {processor.py:161} INFO - Started process (PID=2310) to work on /home/airflow/.local/lib/python3.8/site-packages/airflow/example_dags/subdags/subdag.py
[2026-07-13T11:38:41.073+0000] {processor.py:830} INFO - Processing file /home/airflow/.local/lib/python3.8/site-packages/airflow/example_dags/subdags/subdag.py for tasks to queue
[2026-07-13T11:38:41.074+0000] {logging_mixin.py:188} INFO - [2026-07-13T11:38:41.074+0000] {dagbag.py:538} INFO - Filling up the DagBag from /home/airflow/.local/lib/python3.8/site-packages/airflow/example_dags/subdags/subdag.py
[2026-07-13T11:38:41.076+0000] {processor.py:842} WARNING - No viable dags retrieved from /home/airflow/.local/lib/python3.8/site-packages/airflow/example_dags/subdags/subdag.py
[2026-07-13T11:38:41.087+0000] {processor.py:183} INFO - Processing /home/airflow/.local/lib/python3.8/site-packages/airflow/example_dags/subdags/subdag.py took 0.018 seconds
[2026-07-13T11:39:11.560+0000] {processor.py:161} INFO - Started process (PID=2366) to work on /home/airflow/.local/lib/python3.8/site-packages/airflow/example_dags/subdags/subdag.py
[2026-07-13T11:39:11.561+0000] {processor.py:830} INFO - Processing file /home/airflow/.local/lib/python3.8/site-packages/airflow/example_dags/subdags/subdag.py for tasks to queue
[2026-07-13T11:39:11.562+0000] {logging_mixin.py:188} INFO - [2026-07-13T11:39:11.562+0000] {dagbag.py:538} INFO - Filling up the DagBag from /home/airflow/.local/lib/python3.8/site-packages/airflow/example_dags/subdags/subdag.py
[2026-07-13T11:39:11.564+0000] {processor.py:842} WARNING - No viable dags retrieved from /home/airflow/.local/lib/python3.8/site-packages/airflow/example_dags/subdags/subdag.py
[2026-07-13T11:39:11.581+0000] {processor.py:183} INFO - Processing /home/airflow/.local/lib/python3.8/site-packages/airflow/example_dags/subdags/subdag.py took 0.023 seconds
[2026-07-13T11:39:41.977+0000] {processor.py:161} INFO - Started process (PID=2422) to work on /home/airflow/.local/lib/python3.8/site-packages/airflow/example_dags/subdags/subdag.py
[2026-07-13T11:39:41.978+0000] {processor.py:830} INFO - Processing file /home/airflow/.local/lib/python3.8/site-packages/airflow/example_dags/subdags/subdag.py for tasks to queue
[2026-07-13T11:39:41.979+0000] {logging_mixin.py:188} INFO - [2026-07-13T11:39:41.979+0000] {dagbag.py:538} INFO - Filling up the DagBag from /home/airflow/.local/lib/python3.8/site-packages/airflow/example_dags/subdags/subdag.py
[2026-07-13T11:39:41.981+0000] {processor.py:842} WARNING - No viable dags retrieved from /home/airflow/.local/lib/python3.8/site-packages/airflow/example_dags/subdags/subdag.py
[2026-07-13T11:39:41.991+0000] {processor.py:183} INFO - Processing /home/airflow/.local/lib/python3.8/site-packages/airflow/example_dags/subdags/subdag.py took 0.016 seconds
[2026-07-13T11:40:12.354+0000] {processor.py:161} INFO - Started process (PID=2478) to work on /home/airflow/.local/lib/python3.8/site-packages/airflow/example_dags/subdags/subdag.py
[2026-07-13T11:40:12.355+0000] {processor.py:830} INFO - Processing file /home/airflow/.local/lib/python3.8/site-packages/airflow/example_dags/subdags/subdag.py for tasks to queue
[2026-07-13T11:40:12.356+0000] {logging_mixin.py:188} INFO - [2026-07-13T11:40:12.356+0000] {dagbag.py:538} INFO - Filling up the DagBag from /home/airflow/.local/lib/python3.8/site-packages/airflow/example_dags/subdags/subdag.py
[2026-07-13T11:40:12.358+0000] {processor.py:842} WARNING - No viable dags retrieved from /home/airflow/.local/lib/python3.8/site-packages/airflow/example_dags/subdags/subdag.py
[2026-07-13T11:40:12.368+0000] {processor.py:183} INFO - Processing /home/airflow/.local/lib/python3.8/site-packages/airflow/example_dags/subdags/subdag.py took 0.017 seconds
[2026-07-13T11:40:42.711+0000] {processor.py:161} INFO - Started process (PID=2534) to work on /home/airflow/.local/lib/python3.8/site-packages/airflow/example_dags/subdags/subdag.py
[2026-07-13T11:40:42.712+0000] {processor.py:830} INFO - Processing file /home/airflow/.local/lib/python3.8/site-packages/airflow/example_dags/subdags/subdag.py for tasks to queue
[2026-07-13T11:40:42.714+0000] {logging_mixin.py:188} INFO - [2026-07-13T11:40:42.714+0000] {dagbag.py:538} INFO - Filling up the DagBag from /home/airflow/.local/lib/python3.8/site-packages/airflow/example_dags/subdags/subdag.py
[2026-07-13T11:40:42.715+0000] {processor.py:842} WARNING - No viable dags retrieved from /home/airflow/.local/lib/python3.8/site-packages/airflow/example_dags/subdags/subdag.py
[2026-07-13T11:40:42.727+0000] {processor.py:183} INFO - Processing /home/airflow/.local/lib/python3.8/site-packages/airflow/example_dags/subdags/subdag.py took 0.019 seconds
[2026-07-13T11:41:13.737+0000] {processor.py:161} INFO - Started process (PID=2590) to work on /home/airflow/.local/lib/python3.8/site-packages/airflow/example_dags/subdags/subdag.py
[2026-07-13T11:41:13.738+0000] {processor.py:830} INFO - Processing file /home/airflow/.local/lib/python3.8/site-packages/airflow/example_dags/subdags/subdag.py for tasks to queue
[2026-07-13T11:41:13.739+0000] {logging_mixin.py:188} INFO - [2026-07-13T11:41:13.739+0000] {dagbag.py:538} INFO - Filling up the DagBag from /home/airflow/.local/lib/python3.8/site-packages/airflow/example_dags/subdags/subdag.py
[2026-07-13T11:41:13.740+0000] {processor.py:842} WARNING - No viable dags retrieved from /home/airflow/.local/lib/python3.8/site-packages/airflow/example_dags/subdags/subdag.py
[2026-07-13T11:41:13.751+0000] {processor.py:183} INFO - Processing /home/airflow/.local/lib/python3.8/site-packages/airflow/example_dags/subdags/subdag.py took 0.017 seconds
[2026-07-13T11:41:44.661+0000] {processor.py:161} INFO - Started process (PID=2646) to work on /home/airflow/.local/lib/python3.8/site-packages/airflow/example_dags/subdags/subdag.py
[2026-07-13T11:41:44.662+0000] {processor.py:830} INFO - Processing file /home/airflow/.local/lib/python3.8/site-packages/airflow/example_dags/subdags/subdag.py for tasks to queue
[2026-07-13T11:41:44.663+0000] {logging_mixin.py:188} INFO - [2026-07-13T11:41:44.663+0000] {dagbag.py:538} INFO - Filling up the DagBag from /home/airflow/.local/lib/python3.8/site-packages/airflow/example_dags/subdags/subdag.py
[2026-07-13T11:41:44.665+0000] {processor.py:842} WARNING - No viable dags retrieved from /home/airflow/.local/lib/python3.8/site-packages/airflow/example_dags/subdags/subdag.py
[2026-07-13T11:41:44.681+0000] {processor.py:183} INFO - Processing /home/airflow/.local/lib/python3.8/site-packages/airflow/example_dags/subdags/subdag.py took 0.023 seconds
[2026-07-13T11:42:15.226+0000] {processor.py:161} INFO - Started process (PID=2702) to work on /home/airflow/.local/lib/python3.8/site-packages/airflow/example_dags/subdags/subdag.py
[2026-07-13T11:42:15.227+0000] {processor.py:830} INFO - Processing file /home/airflow/.local/lib/python3.8/site-packages/airflow/example_dags/subdags/subdag.py for tasks to queue
[2026-07-13T11:42:15.228+0000] {logging_mixin.py:188} INFO - [2026-07-13T11:42:15.228+0000] {dagbag.py:538} INFO - Filling up the DagBag from /home/airflow/.local/lib/python3.8/site-packages/airflow/example_dags/subdags/subdag.py
[2026-07-13T11:42:15.229+0000] {processor.py:842} WARNING - No viable dags retrieved from /home/airflow/.local/lib/python3.8/site-packages/airflow/example_dags/subdags/subdag.py
[2026-07-13T11:42:15.239+0000] {processor.py:183} INFO - Processing /home/airflow/.local/lib/python3.8/site-packages/airflow/example_dags/subdags/subdag.py took 0.016 seconds
[2026-07-13T11:42:46.007+0000] {processor.py:161} INFO - Started process (PID=2759) to work on /home/airflow/.local/lib/python3.8/site-packages/airflow/example_dags/subdags/subdag.py
[2026-07-13T11:42:46.008+0000] {processor.py:830} INFO - Processing file /home/airflow/.local/lib/python3.8/site-packages/airflow/example_dags/subdags/subdag.py for tasks to queue
[2026-07-13T11:42:46.009+0000] {logging_mixin.py:188} INFO - [2026-07-13T11:42:46.009+0000] {dagbag.py:538} INFO - Filling up the DagBag from /home/airflow/.local/lib/python3.8/site-packages/airflow/example_dags/subdags/subdag.py
[2026-07-13T11:42:46.011+0000] {processor.py:842} WARNING - No viable dags retrieved from /home/airflow/.local/lib/python3.8/site-packages/airflow/example_dags/subdags/subdag.py
[2026-07-13T11:42:46.023+0000] {processor.py:183} INFO - Processing /home/airflow/.local/lib/python3.8/site-packages/airflow/example_dags/subdags/subdag.py took 0.019 seconds
[2026-07-13T11:43:16.853+0000] {processor.py:161} INFO - Started process (PID=2815) to work on /home/airflow/.local/lib/python3.8/site-packages/airflow/example_dags/subdags/subdag.py
[2026-07-13T11:43:16.854+0000] {processor.py:830} INFO - Processing file /home/airflow/.local/lib/python3.8/site-packages/airflow/example_dags/subdags/subdag.py for tasks to queue
[2026-07-13T11:43:16.855+0000] {logging_mixin.py:188} INFO - [2026-07-13T11:43:16.855+0000] {dagbag.py:538} INFO - Filling up the DagBag from /home/airflow/.local/lib/python3.8/site-packages/airflow/example_dags/subdags/subdag.py
[2026-07-13T11:43:16.858+0000] {processor.py:842} WARNING - No viable dags retrieved from /home/airflow/.local/lib/python3.8/site-packages/airflow/example_dags/subdags/subdag.py
[2026-07-13T11:43:16.870+0000] {processor.py:183} INFO - Processing /home/airflow/.local/lib/python3.8/site-packages/airflow/example_dags/subdags/subdag.py took 0.020 seconds
[2026-07-13T11:43:47.765+0000] {processor.py:161} INFO - Started process (PID=2871) to work on /home/airflow/.local/lib/python3.8/site-packages/airflow/example_dags/subdags/subdag.py
[2026-07-13T11:43:47.766+0000] {processor.py:830} INFO - Processing file /home/airflow/.local/lib/python3.8/site-packages/airflow/example_dags/subdags/subdag.py for tasks to queue
[2026-07-13T11:43:47.768+0000] {logging_mixin.py:188} INFO - [2026-07-13T11:43:47.767+0000] {dagbag.py:538} INFO - Filling up the DagBag from /home/airflow/.local/lib/python3.8/site-packages/airflow/example_dags/subdags/subdag.py
[2026-07-13T11:43:47.769+0000] {processor.py:842} WARNING - No viable dags retrieved from /home/airflow/.local/lib/python3.8/site-packages/airflow/example_dags/subdags/subdag.py
[2026-07-13T11:43:47.780+0000] {processor.py:183} INFO - Processing /home/airflow/.local/lib/python3.8/site-packages/airflow/example_dags/subdags/subdag.py took 0.018 seconds
[2026-07-13T11:44:18.591+0000] {processor.py:161} INFO - Started process (PID=2928) to work on /home/airflow/.local/lib/python3.8/site-packages/airflow/example_dags/subdags/subdag.py
[2026-07-13T11:44:18.592+0000] {processor.py:830} INFO - Processing file /home/airflow/.local/lib/python3.8/site-packages/airflow/example_dags/subdags/subdag.py for tasks to queue
[2026-07-13T11:44:18.594+0000] {logging_mixin.py:188} INFO - [2026-07-13T11:44:18.594+0000] {dagbag.py:538} INFO - Filling up the DagBag from /home/airflow/.local/lib/python3.8/site-packages/airflow/example_dags/subdags/subdag.py
[2026-07-13T11:44:18.596+0000] {processor.py:842} WARNING - No viable dags retrieved from /home/airflow/.local/lib/python3.8/site-packages/airflow/example_dags/subdags/subdag.py
[2026-07-13T11:44:18.610+0000] {processor.py:183} INFO - Processing /home/airflow/.local/lib/python3.8/site-packages/airflow/example_dags/subdags/subdag.py took 0.022 seconds
[2026-07-13T11:44:49.350+0000] {processor.py:161} INFO - Started process (PID=2984) to work on /home/airflow/.local/lib/python3.8/site-packages/airflow/example_dags/subdags/subdag.py
[2026-07-13T11:44:49.351+0000] {processor.py:830} INFO - Processing file /home/airflow/.local/lib/python3.8/site-packages/airflow/example_dags/subdags/subdag.py for tasks to queue
[2026-07-13T11:44:49.352+0000] {logging_mixin.py:188} INFO - [2026-07-13T11:44:49.352+0000] {dagbag.py:538} INFO - Filling up the DagBag from /home/airflow/.local/lib/python3.8/site-packages/airflow/example_dags/subdags/subdag.py
[2026-07-13T11:44:49.355+0000] {processor.py:842} WARNING - No viable dags retrieved from /home/airflow/.local/lib/python3.8/site-packages/airflow/example_dags/subdags/subdag.py
[2026-07-13T11:44:49.366+0000] {processor.py:183} INFO - Processing /home/airflow/.local/lib/python3.8/site-packages/airflow/example_dags/subdags/subdag.py took 0.019 seconds
[2026-07-13T11:45:19.840+0000] {processor.py:161} INFO - Started process (PID=3034) to work on /home/airflow/.local/lib/python3.8/site-packages/airflow/example_dags/subdags/subdag.py
[2026-07-13T11:45:19.841+0000] {processor.py:830} INFO - Processing file /home/airflow/.local/lib/python3.8/site-packages/airflow/example_dags/subdags/subdag.py for tasks to queue
[2026-07-13T11:45:19.842+0000] {logging_mixin.py:188} INFO - [2026-07-13T11:45:19.842+0000] {dagbag.py:538} INFO - Filling up the DagBag from /home/airflow/.local/lib/python3.8/site-packages/airflow/example_dags/subdags/subdag.py
[2026-07-13T11:45:19.844+0000] {processor.py:842} WARNING - No viable dags retrieved from /home/airflow/.local/lib/python3.8/site-packages/airflow/example_dags/subdags/subdag.py
[2026-07-13T11:45:19.856+0000] {processor.py:183} INFO - Processing /home/airflow/.local/lib/python3.8/site-packages/airflow/example_dags/subdags/subdag.py took 0.018 seconds
[2026-07-13T11:45:50.336+0000] {processor.py:161} INFO - Started process (PID=3091) to work on /home/airflow/.local/lib/python3.8/site-packages/airflow/example_dags/subdags/subdag.py
[2026-07-13T11:45:50.337+0000] {processor.py:830} INFO - Processing file /home/airflow/.local/lib/python3.8/site-packages/airflow/example_dags/subdags/subdag.py for tasks to queue
[2026-07-13T11:45:50.339+0000] {logging_mixin.py:188} INFO - [2026-07-13T11:45:50.338+0000] {dagbag.py:538} INFO - Filling up the DagBag from /home/airflow/.local/lib/python3.8/site-packages/airflow/example_dags/subdags/subdag.py
[2026-07-13T11:45:50.341+0000] {processor.py:842} WARNING - No viable dags retrieved from /home/airflow/.local/lib/python3.8/site-packages/airflow/example_dags/subdags/subdag.py
[2026-07-13T11:45:50.354+0000] {processor.py:183} INFO - Processing /home/airflow/.local/lib/python3.8/site-packages/airflow/example_dags/subdags/subdag.py took 0.022 seconds
[2026-07-13T11:46:21.645+0000] {processor.py:161} INFO - Started process (PID=3147) to work on /home/airflow/.local/lib/python3.8/site-packages/airflow/example_dags/subdags/subdag.py
[2026-07-13T11:46:21.646+0000] {processor.py:830} INFO - Processing file /home/airflow/.local/lib/python3.8/site-packages/airflow/example_dags/subdags/subdag.py for tasks to queue
[2026-07-13T11:46:21.648+0000] {logging_mixin.py:188} INFO - [2026-07-13T11:46:21.648+0000] {dagbag.py:538} INFO - Filling up the DagBag from /home/airflow/.local/lib/python3.8/site-packages/airflow/example_dags/subdags/subdag.py
[2026-07-13T11:46:21.650+0000] {processor.py:842} WARNING - No viable dags retrieved from /home/airflow/.local/lib/python3.8/site-packages/airflow/example_dags/subdags/subdag.py
[2026-07-13T11:46:21.663+0000] {processor.py:183} INFO - Processing /home/airflow/.local/lib/python3.8/site-packages/airflow/example_dags/subdags/subdag.py took 0.022 seconds
[2026-07-13T11:46:53.512+0000] {processor.py:161} INFO - Started process (PID=3203) to work on /home/airflow/.local/lib/python3.8/site-packages/airflow/example_dags/subdags/subdag.py
[2026-07-13T11:46:53.513+0000] {processor.py:830} INFO - Processing file /home/airflow/.local/lib/python3.8/site-packages/airflow/example_dags/subdags/subdag.py for tasks to queue
[2026-07-13T11:46:53.515+0000] {logging_mixin.py:188} INFO - [2026-07-13T11:46:53.514+0000] {dagbag.py:538} INFO - Filling up the DagBag from /home/airflow/.local/lib/python3.8/site-packages/airflow/example_dags/subdags/subdag.py
[2026-07-13T11:46:53.516+0000] {processor.py:842} WARNING - No viable dags retrieved from /home/airflow/.local/lib/python3.8/site-packages/airflow/example_dags/subdags/subdag.py
[2026-07-13T11:46:53.527+0000] {processor.py:183} INFO - Processing /home/airflow/.local/lib/python3.8/site-packages/airflow/example_dags/subdags/subdag.py took 0.017 seconds
[2026-07-13T11:47:25.533+0000] {processor.py:161} INFO - Started process (PID=3260) to work on /home/airflow/.local/lib/python3.8/site-packages/airflow/example_dags/subdags/subdag.py
[2026-07-13T11:47:25.534+0000] {processor.py:830} INFO - Processing file /home/airflow/.local/lib/python3.8/site-packages/airflow/example_dags/subdags/subdag.py for tasks to queue
[2026-07-13T11:47:25.535+0000] {logging_mixin.py:188} INFO - [2026-07-13T11:47:25.535+0000] {dagbag.py:538} INFO - Filling up the DagBag from /home/airflow/.local/lib/python3.8/site-packages/airflow/example_dags/subdags/subdag.py
[2026-07-13T11:47:25.537+0000] {processor.py:842} WARNING - No viable dags retrieved from /home/airflow/.local/lib/python3.8/site-packages/airflow/example_dags/subdags/subdag.py
[2026-07-13T11:47:25.548+0000] {processor.py:183} INFO - Processing /home/airflow/.local/lib/python3.8/site-packages/airflow/example_dags/subdags/subdag.py took 0.017 seconds
[2026-07-13T11:47:55.903+0000] {processor.py:161} INFO - Started process (PID=3316) to work on /home/airflow/.local/lib/python3.8/site-packages/airflow/example_dags/subdags/subdag.py
[2026-07-13T11:47:55.904+0000] {processor.py:830} INFO - Processing file /home/airflow/.local/lib/python3.8/site-packages/airflow/example_dags/subdags/subdag.py for tasks to queue
[2026-07-13T11:47:55.905+0000] {logging_mixin.py:188} INFO - [2026-07-13T11:47:55.905+0000] {dagbag.py:538} INFO - Filling up the DagBag from /home/airflow/.local/lib/python3.8/site-packages/airflow/example_dags/subdags/subdag.py
[2026-07-13T11:47:55.907+0000] {processor.py:842} WARNING - No viable dags retrieved from /home/airflow/.local/lib/python3.8/site-packages/airflow/example_dags/subdags/subdag.py
[2026-07-13T11:47:55.917+0000] {processor.py:183} INFO - Processing /home/airflow/.local/lib/python3.8/site-packages/airflow/example_dags/subdags/subdag.py took 0.016 seconds
[2026-07-13T11:48:26.521+0000] {processor.py:161} INFO - Started process (PID=3372) to work on /home/airflow/.local/lib/python3.8/site-packages/airflow/example_dags/subdags/subdag.py
[2026-07-13T11:48:26.522+0000] {processor.py:830} INFO - Processing file /home/airflow/.local/lib/python3.8/site-packages/airflow/example_dags/subdags/subdag.py for tasks to queue
[2026-07-13T11:48:26.523+0000] {logging_mixin.py:188} INFO - [2026-07-13T11:48:26.523+0000] {dagbag.py:538} INFO - Filling up the DagBag from /home/airflow/.local/lib/python3.8/site-packages/airflow/example_dags/subdags/subdag.py
[2026-07-13T11:48:26.525+0000] {processor.py:842} WARNING - No viable dags retrieved from /home/airflow/.local/lib/python3.8/site-packages/airflow/example_dags/subdags/subdag.py
[2026-07-13T11:48:26.535+0000] {processor.py:183} INFO - Processing /home/airflow/.local/lib/python3.8/site-packages/airflow/example_dags/subdags/subdag.py took 0.017 seconds
[2026-07-13T11:48:57.203+0000] {processor.py:161} INFO - Started process (PID=3428) to work on /home/airflow/.local/lib/python3.8/site-packages/airflow/example_dags/subdags/subdag.py
[2026-07-13T11:48:57.204+0000] {processor.py:830} INFO - Processing file /home/airflow/.local/lib/python3.8/site-packages/airflow/example_dags/subdags/subdag.py for tasks to queue
[2026-07-13T11:48:57.206+0000] {logging_mixin.py:188} INFO - [2026-07-13T11:48:57.205+0000] {dagbag.py:538} INFO - Filling up the DagBag from /home/airflow/.local/lib/python3.8/site-packages/airflow/example_dags/subdags/subdag.py
[2026-07-13T11:48:57.207+0000] {processor.py:842} WARNING - No viable dags retrieved from /home/airflow/.local/lib/python3.8/site-packages/airflow/example_dags/subdags/subdag.py
[2026-07-13T11:48:57.223+0000] {processor.py:183} INFO - Processing /home/airflow/.local/lib/python3.8/site-packages/airflow/example_dags/subdags/subdag.py took 0.022 seconds
[2026-07-13T11:49:27.409+0000] {processor.py:161} INFO - Started process (PID=3483) to work on /home/airflow/.local/lib/python3.8/site-packages/airflow/example_dags/subdags/subdag.py
[2026-07-13T11:49:27.410+0000] {processor.py:830} INFO - Processing file /home/airflow/.local/lib/python3.8/site-packages/airflow/example_dags/subdags/subdag.py for tasks to queue
[2026-07-13T11:49:27.411+0000] {logging_mixin.py:188} INFO - [2026-07-13T11:49:27.411+0000] {dagbag.py:538} INFO - Filling up the DagBag from /home/airflow/.local/lib/python3.8/site-packages/airflow/example_dags/subdags/subdag.py
[2026-07-13T11:49:27.413+0000] {processor.py:842} WARNING - No viable dags retrieved from /home/airflow/.local/lib/python3.8/site-packages/airflow/example_dags/subdags/subdag.py
[2026-07-13T11:49:27.423+0000] {processor.py:183} INFO - Processing /home/airflow/.local/lib/python3.8/site-packages/airflow/example_dags/subdags/subdag.py took 0.016 seconds
[2026-07-13T11:49:58.167+0000] {processor.py:161} INFO - Started process (PID=3540) to work on /home/airflow/.local/lib/python3.8/site-packages/airflow/example_dags/subdags/subdag.py
[2026-07-13T11:49:58.169+0000] {processor.py:830} INFO - Processing file /home/airflow/.local/lib/python3.8/site-packages/airflow/example_dags/subdags/subdag.py for tasks to queue
[2026-07-13T11:49:58.172+0000] {logging_mixin.py:188} INFO - [2026-07-13T11:49:58.172+0000] {dagbag.py:538} INFO - Filling up the DagBag from /home/airflow/.local/lib/python3.8/site-packages/airflow/example_dags/subdags/subdag.py
[2026-07-13T11:49:58.176+0000] {processor.py:842} WARNING - No viable dags retrieved from /home/airflow/.local/lib/python3.8/site-packages/airflow/example_dags/subdags/subdag.py
[2026-07-13T11:49:58.196+0000] {processor.py:183} INFO - Processing /home/airflow/.local/lib/python3.8/site-packages/airflow/example_dags/subdags/subdag.py took 0.033 seconds
[2026-07-13T11:50:28.328+0000] {processor.py:161} INFO - Started process (PID=3596) to work on /home/airflow/.local/lib/python3.8/site-packages/airflow/example_dags/subdags/subdag.py
[2026-07-13T11:50:28.329+0000] {processor.py:830} INFO - Processing file /home/airflow/.local/lib/python3.8/site-packages/airflow/example_dags/subdags/subdag.py for tasks to queue
[2026-07-13T11:50:28.330+0000] {logging_mixin.py:188} INFO - [2026-07-13T11:50:28.330+0000] {dagbag.py:538} INFO - Filling up the DagBag from /home/airflow/.local/lib/python3.8/site-packages/airflow/example_dags/subdags/subdag.py
[2026-07-13T11:50:28.332+0000] {processor.py:842} WARNING - No viable dags retrieved from /home/airflow/.local/lib/python3.8/site-packages/airflow/example_dags/subdags/subdag.py
[2026-07-13T11:50:28.342+0000] {processor.py:183} INFO - Processing /home/airflow/.local/lib/python3.8/site-packages/airflow/example_dags/subdags/subdag.py took 0.017 seconds
[2026-07-13T11:50:58.650+0000] {processor.py:161} INFO - Started process (PID=3652) to work on /home/airflow/.local/lib/python3.8/site-packages/airflow/example_dags/subdags/subdag.py
[2026-07-13T11:50:58.652+0000] {processor.py:830} INFO - Processing file /home/airflow/.local/lib/python3.8/site-packages/airflow/example_dags/subdags/subdag.py for tasks to queue
[2026-07-13T11:50:58.654+0000] {logging_mixin.py:188} INFO - [2026-07-13T11:50:58.653+0000] {dagbag.py:538} INFO - Filling up the DagBag from /home/airflow/.local/lib/python3.8/site-packages/airflow/example_dags/subdags/subdag.py
[2026-07-13T11:50:58.656+0000] {processor.py:842} WARNING - No viable dags retrieved from /home/airflow/.local/lib/python3.8/site-packages/airflow/example_dags/subdags/subdag.py
[2026-07-13T11:50:58.674+0000] {processor.py:183} INFO - Processing /home/airflow/.local/lib/python3.8/site-packages/airflow/example_dags/subdags/subdag.py took 0.028 seconds
[2026-07-13T11:51:29.242+0000] {processor.py:161} INFO - Started process (PID=3708) to work on /home/airflow/.local/lib/python3.8/site-packages/airflow/example_dags/subdags/subdag.py
[2026-07-13T11:51:29.243+0000] {processor.py:830} INFO - Processing file /home/airflow/.local/lib/python3.8/site-packages/airflow/example_dags/subdags/subdag.py for tasks to queue
[2026-07-13T11:51:29.245+0000] {logging_mixin.py:188} INFO - [2026-07-13T11:51:29.245+0000] {dagbag.py:538} INFO - Filling up the DagBag from /home/airflow/.local/lib/python3.8/site-packages/airflow/example_dags/subdags/subdag.py
[2026-07-13T11:51:29.247+0000] {processor.py:842} WARNING - No viable dags retrieved from /home/airflow/.local/lib/python3.8/site-packages/airflow/example_dags/subdags/subdag.py
[2026-07-13T11:51:29.260+0000] {processor.py:183} INFO - Processing /home/airflow/.local/lib/python3.8/site-packages/airflow/example_dags/subdags/subdag.py took 0.021 seconds
[2026-07-13T11:52:00.117+0000] {processor.py:161} INFO - Started process (PID=3764) to work on /home/airflow/.local/lib/python3.8/site-packages/airflow/example_dags/subdags/subdag.py
[2026-07-13T11:52:00.118+0000] {processor.py:830} INFO - Processing file /home/airflow/.local/lib/python3.8/site-packages/airflow/example_dags/subdags/subdag.py for tasks to queue
[2026-07-13T11:52:00.120+0000] {logging_mixin.py:188} INFO - [2026-07-13T11:52:00.119+0000] {dagbag.py:538} INFO - Filling up the DagBag from /home/airflow/.local/lib/python3.8/site-packages/airflow/example_dags/subdags/subdag.py
[2026-07-13T11:52:00.121+0000] {processor.py:842} WARNING - No viable dags retrieved from /home/airflow/.local/lib/python3.8/site-packages/airflow/example_dags/subdags/subdag.py
[2026-07-13T11:52:00.133+0000] {processor.py:183} INFO - Processing /home/airflow/.local/lib/python3.8/site-packages/airflow/example_dags/subdags/subdag.py took 0.018 seconds
[2026-07-13T11:52:30.366+0000] {processor.py:161} INFO - Started process (PID=3820) to work on /home/airflow/.local/lib/python3.8/site-packages/airflow/example_dags/subdags/subdag.py
[2026-07-13T11:52:30.367+0000] {processor.py:830} INFO - Processing file /home/airflow/.local/lib/python3.8/site-packages/airflow/example_dags/subdags/subdag.py for tasks to queue
[2026-07-13T11:52:30.368+0000] {logging_mixin.py:188} INFO - [2026-07-13T11:52:30.368+0000] {dagbag.py:538} INFO - Filling up the DagBag from /home/airflow/.local/lib/python3.8/site-packages/airflow/example_dags/subdags/subdag.py
[2026-07-13T11:52:30.370+0000] {processor.py:842} WARNING - No viable dags retrieved from /home/airflow/.local/lib/python3.8/site-packages/airflow/example_dags/subdags/subdag.py
[2026-07-13T11:52:30.381+0000] {processor.py:183} INFO - Processing /home/airflow/.local/lib/python3.8/site-packages/airflow/example_dags/subdags/subdag.py took 0.017 seconds
[2026-07-13T11:53:01.344+0000] {processor.py:161} INFO - Started process (PID=3876) to work on /home/airflow/.local/lib/python3.8/site-packages/airflow/example_dags/subdags/subdag.py
[2026-07-13T11:53:01.345+0000] {processor.py:830} INFO - Processing file /home/airflow/.local/lib/python3.8/site-packages/airflow/example_dags/subdags/subdag.py for tasks to queue
[2026-07-13T11:53:01.347+0000] {logging_mixin.py:188} INFO - [2026-07-13T11:53:01.346+0000] {dagbag.py:538} INFO - Filling up the DagBag from /home/airflow/.local/lib/python3.8/site-packages/airflow/example_dags/subdags/subdag.py
[2026-07-13T11:53:01.348+0000] {processor.py:842} WARNING - No viable dags retrieved from /home/airflow/.local/lib/python3.8/site-packages/airflow/example_dags/subdags/subdag.py
[2026-07-13T11:53:01.359+0000] {processor.py:183} INFO - Processing /home/airflow/.local/lib/python3.8/site-packages/airflow/example_dags/subdags/subdag.py took 0.017 seconds
[2026-07-13T11:53:32.098+0000] {processor.py:161} INFO - Started process (PID=3932) to work on /home/airflow/.local/lib/python3.8/site-packages/airflow/example_dags/subdags/subdag.py
[2026-07-13T11:53:32.099+0000] {processor.py:830} INFO - Processing file /home/airflow/.local/lib/python3.8/site-packages/airflow/example_dags/subdags/subdag.py for tasks to queue
[2026-07-13T11:53:32.101+0000] {logging_mixin.py:188} INFO - [2026-07-13T11:53:32.100+0000] {dagbag.py:538} INFO - Filling up the DagBag from /home/airflow/.local/lib/python3.8/site-packages/airflow/example_dags/subdags/subdag.py
[2026-07-13T11:53:32.102+0000] {processor.py:842} WARNING - No viable dags retrieved from /home/airflow/.local/lib/python3.8/site-packages/airflow/example_dags/subdags/subdag.py
[2026-07-13T11:53:32.113+0000] {processor.py:183} INFO - Processing /home/airflow/.local/lib/python3.8/site-packages/airflow/example_dags/subdags/subdag.py took 0.017 seconds
[2026-07-13T11:54:02.671+0000] {processor.py:161} INFO - Started process (PID=3989) to work on /home/airflow/.local/lib/python3.8/site-packages/airflow/example_dags/subdags/subdag.py
[2026-07-13T11:54:02.672+0000] {processor.py:830} INFO - Processing file /home/airflow/.local/lib/python3.8/site-packages/airflow/example_dags/subdags/subdag.py for tasks to queue
[2026-07-13T11:54:02.673+0000] {logging_mixin.py:188} INFO - [2026-07-13T11:54:02.673+0000] {dagbag.py:538} INFO - Filling up the DagBag from /home/airflow/.local/lib/python3.8/site-packages/airflow/example_dags/subdags/subdag.py
[2026-07-13T11:54:02.675+0000] {processor.py:842} WARNING - No viable dags retrieved from /home/airflow/.local/lib/python3.8/site-packages/airflow/example_dags/subdags/subdag.py
[2026-07-13T11:54:02.687+0000] {processor.py:183} INFO - Processing /home/airflow/.local/lib/python3.8/site-packages/airflow/example_dags/subdags/subdag.py took 0.019 seconds
[2026-07-13T11:54:33.179+0000] {processor.py:161} INFO - Started process (PID=4045) to work on /home/airflow/.local/lib/python3.8/site-packages/airflow/example_dags/subdags/subdag.py
[2026-07-13T11:54:33.180+0000] {processor.py:830} INFO - Processing file /home/airflow/.local/lib/python3.8/site-packages/airflow/example_dags/subdags/subdag.py for tasks to queue
[2026-07-13T11:54:33.181+0000] {logging_mixin.py:188} INFO - [2026-07-13T11:54:33.181+0000] {dagbag.py:538} INFO - Filling up the DagBag from /home/airflow/.local/lib/python3.8/site-packages/airflow/example_dags/subdags/subdag.py
[2026-07-13T11:54:33.183+0000] {processor.py:842} WARNING - No viable dags retrieved from /home/airflow/.local/lib/python3.8/site-packages/airflow/example_dags/subdags/subdag.py
[2026-07-13T11:54:33.194+0000] {processor.py:183} INFO - Processing /home/airflow/.local/lib/python3.8/site-packages/airflow/example_dags/subdags/subdag.py took 0.018 seconds
[2026-07-13T11:55:03.730+0000] {processor.py:161} INFO - Started process (PID=4101) to work on /home/airflow/.local/lib/python3.8/site-packages/airflow/example_dags/subdags/subdag.py
[2026-07-13T11:55:03.731+0000] {processor.py:830} INFO - Processing file /home/airflow/.local/lib/python3.8/site-packages/airflow/example_dags/subdags/subdag.py for tasks to queue
[2026-07-13T11:55:03.732+0000] {logging_mixin.py:188} INFO - [2026-07-13T11:55:03.732+0000] {dagbag.py:538} INFO - Filling up the DagBag from /home/airflow/.local/lib/python3.8/site-packages/airflow/example_dags/subdags/subdag.py
[2026-07-13T11:55:03.733+0000] {processor.py:842} WARNING - No viable dags retrieved from /home/airflow/.local/lib/python3.8/site-packages/airflow/example_dags/subdags/subdag.py
[2026-07-13T11:55:03.744+0000] {processor.py:183} INFO - Processing /home/airflow/.local/lib/python3.8/site-packages/airflow/example_dags/subdags/subdag.py took 0.017 seconds
[2026-07-13T11:55:34.311+0000] {processor.py:161} INFO - Started process (PID=4157) to work on /home/airflow/.local/lib/python3.8/site-packages/airflow/example_dags/subdags/subdag.py
[2026-07-13T11:55:34.312+0000] {processor.py:830} INFO - Processing file /home/airflow/.local/lib/python3.8/site-packages/airflow/example_dags/subdags/subdag.py for tasks to queue
[2026-07-13T11:55:34.313+0000] {logging_mixin.py:188} INFO - [2026-07-13T11:55:34.313+0000] {dagbag.py:538} INFO - Filling up the DagBag from /home/airflow/.local/lib/python3.8/site-packages/airflow/example_dags/subdags/subdag.py
[2026-07-13T11:55:34.314+0000] {processor.py:842} WARNING - No viable dags retrieved from /home/airflow/.local/lib/python3.8/site-packages/airflow/example_dags/subdags/subdag.py
[2026-07-13T11:55:34.325+0000] {processor.py:183} INFO - Processing /home/airflow/.local/lib/python3.8/site-packages/airflow/example_dags/subdags/subdag.py took 0.017 seconds
[2026-07-13T11:56:04.866+0000] {processor.py:161} INFO - Started process (PID=4213) to work on /home/airflow/.local/lib/python3.8/site-packages/airflow/example_dags/subdags/subdag.py
[2026-07-13T11:56:04.868+0000] {processor.py:830} INFO - Processing file /home/airflow/.local/lib/python3.8/site-packages/airflow/example_dags/subdags/subdag.py for tasks to queue
[2026-07-13T11:56:04.869+0000] {logging_mixin.py:188} INFO - [2026-07-13T11:56:04.869+0000] {dagbag.py:538} INFO - Filling up the DagBag from /home/airflow/.local/lib/python3.8/site-packages/airflow/example_dags/subdags/subdag.py
[2026-07-13T11:56:04.872+0000] {processor.py:842} WARNING - No viable dags retrieved from /home/airflow/.local/lib/python3.8/site-packages/airflow/example_dags/subdags/subdag.py
[2026-07-13T11:56:04.884+0000] {processor.py:183} INFO - Processing /home/airflow/.local/lib/python3.8/site-packages/airflow/example_dags/subdags/subdag.py took 0.021 seconds
[2026-07-13T11:56:35.384+0000] {processor.py:161} INFO - Started process (PID=4269) to work on /home/airflow/.local/lib/python3.8/site-packages/airflow/example_dags/subdags/subdag.py
[2026-07-13T11:56:35.385+0000] {processor.py:830} INFO - Processing file /home/airflow/.local/lib/python3.8/site-packages/airflow/example_dags/subdags/subdag.py for tasks to queue
[2026-07-13T11:56:35.386+0000] {logging_mixin.py:188} INFO - [2026-07-13T11:56:35.386+0000] {dagbag.py:538} INFO - Filling up the DagBag from /home/airflow/.local/lib/python3.8/site-packages/airflow/example_dags/subdags/subdag.py
[2026-07-13T11:56:35.388+0000] {processor.py:842} WARNING - No viable dags retrieved from /home/airflow/.local/lib/python3.8/site-packages/airflow/example_dags/subdags/subdag.py
[2026-07-13T11:56:35.399+0000] {processor.py:183} INFO - Processing /home/airflow/.local/lib/python3.8/site-packages/airflow/example_dags/subdags/subdag.py took 0.018 seconds
[2026-07-13T11:57:06.145+0000] {processor.py:161} INFO - Started process (PID=4325) to work on /home/airflow/.local/lib/python3.8/site-packages/airflow/example_dags/subdags/subdag.py
[2026-07-13T11:57:06.147+0000] {processor.py:830} INFO - Processing file /home/airflow/.local/lib/python3.8/site-packages/airflow/example_dags/subdags/subdag.py for tasks to queue
[2026-07-13T11:57:06.148+0000] {logging_mixin.py:188} INFO - [2026-07-13T11:57:06.148+0000] {dagbag.py:538} INFO - Filling up the DagBag from /home/airflow/.local/lib/python3.8/site-packages/airflow/example_dags/subdags/subdag.py
[2026-07-13T11:57:06.150+0000] {processor.py:842} WARNING - No viable dags retrieved from /home/airflow/.local/lib/python3.8/site-packages/airflow/example_dags/subdags/subdag.py
[2026-07-13T11:57:06.161+0000] {processor.py:183} INFO - Processing /home/airflow/.local/lib/python3.8/site-packages/airflow/example_dags/subdags/subdag.py took 0.018 seconds
[2026-07-13T11:57:36.823+0000] {processor.py:161} INFO - Started process (PID=4381) to work on /home/airflow/.local/lib/python3.8/site-packages/airflow/example_dags/subdags/subdag.py
[2026-07-13T11:57:36.824+0000] {processor.py:830} INFO - Processing file /home/airflow/.local/lib/python3.8/site-packages/airflow/example_dags/subdags/subdag.py for tasks to queue
[2026-07-13T11:57:36.825+0000] {logging_mixin.py:188} INFO - [2026-07-13T11:57:36.825+0000] {dagbag.py:538} INFO - Filling up the DagBag from /home/airflow/.local/lib/python3.8/site-packages/airflow/example_dags/subdags/subdag.py
[2026-07-13T11:57:36.827+0000] {processor.py:842} WARNING - No viable dags retrieved from /home/airflow/.local/lib/python3.8/site-packages/airflow/example_dags/subdags/subdag.py
[2026-07-13T11:57:36.838+0000] {processor.py:183} INFO - Processing /home/airflow/.local/lib/python3.8/site-packages/airflow/example_dags/subdags/subdag.py took 0.018 seconds
[2026-07-13T11:58:07.220+0000] {processor.py:161} INFO - Started process (PID=4436) to work on /home/airflow/.local/lib/python3.8/site-packages/airflow/example_dags/subdags/subdag.py
[2026-07-13T11:58:07.221+0000] {processor.py:830} INFO - Processing file /home/airflow/.local/lib/python3.8/site-packages/airflow/example_dags/subdags/subdag.py for tasks to queue
[2026-07-13T11:58:07.222+0000] {logging_mixin.py:188} INFO - [2026-07-13T11:58:07.222+0000] {dagbag.py:538} INFO - Filling up the DagBag from /home/airflow/.local/lib/python3.8/site-packages/airflow/example_dags/subdags/subdag.py
[2026-07-13T11:58:07.224+0000] {processor.py:842} WARNING - No viable dags retrieved from /home/airflow/.local/lib/python3.8/site-packages/airflow/example_dags/subdags/subdag.py
[2026-07-13T11:58:07.234+0000] {processor.py:183} INFO - Processing /home/airflow/.local/lib/python3.8/site-packages/airflow/example_dags/subdags/subdag.py took 0.018 seconds
[2026-07-13T11:58:37.827+0000] {processor.py:161} INFO - Started process (PID=4493) to work on /home/airflow/.local/lib/python3.8/site-packages/airflow/example_dags/subdags/subdag.py
[2026-07-13T11:58:37.828+0000] {processor.py:830} INFO - Processing file /home/airflow/.local/lib/python3.8/site-packages/airflow/example_dags/subdags/subdag.py for tasks to queue
[2026-07-13T11:58:37.830+0000] {logging_mixin.py:188} INFO - [2026-07-13T11:58:37.830+0000] {dagbag.py:538} INFO - Filling up the DagBag from /home/airflow/.local/lib/python3.8/site-packages/airflow/example_dags/subdags/subdag.py
[2026-07-13T11:58:37.832+0000] {processor.py:842} WARNING - No viable dags retrieved from /home/airflow/.local/lib/python3.8/site-packages/airflow/example_dags/subdags/subdag.py
[2026-07-13T11:58:37.852+0000] {processor.py:183} INFO - Processing /home/airflow/.local/lib/python3.8/site-packages/airflow/example_dags/subdags/subdag.py took 0.028 seconds
[2026-07-13T11:59:08.104+0000] {processor.py:161} INFO - Started process (PID=4549) to work on /home/airflow/.local/lib/python3.8/site-packages/airflow/example_dags/subdags/subdag.py
[2026-07-13T11:59:08.105+0000] {processor.py:830} INFO - Processing file /home/airflow/.local/lib/python3.8/site-packages/airflow/example_dags/subdags/subdag.py for tasks to queue
[2026-07-13T11:59:08.106+0000] {logging_mixin.py:188} INFO - [2026-07-13T11:59:08.106+0000] {dagbag.py:538} INFO - Filling up the DagBag from /home/airflow/.local/lib/python3.8/site-packages/airflow/example_dags/subdags/subdag.py
[2026-07-13T11:59:08.108+0000] {processor.py:842} WARNING - No viable dags retrieved from /home/airflow/.local/lib/python3.8/site-packages/airflow/example_dags/subdags/subdag.py
[2026-07-13T11:59:08.119+0000] {processor.py:183} INFO - Processing /home/airflow/.local/lib/python3.8/site-packages/airflow/example_dags/subdags/subdag.py took 0.018 seconds
[2026-07-13T11:59:38.462+0000] {processor.py:161} INFO - Started process (PID=4605) to work on /home/airflow/.local/lib/python3.8/site-packages/airflow/example_dags/subdags/subdag.py
[2026-07-13T11:59:38.463+0000] {processor.py:830} INFO - Processing file /home/airflow/.local/lib/python3.8/site-packages/airflow/example_dags/subdags/subdag.py for tasks to queue
[2026-07-13T11:59:38.466+0000] {logging_mixin.py:188} INFO - [2026-07-13T11:59:38.465+0000] {dagbag.py:538} INFO - Filling up the DagBag from /home/airflow/.local/lib/python3.8/site-packages/airflow/example_dags/subdags/subdag.py
[2026-07-13T11:59:38.470+0000] {processor.py:842} WARNING - No viable dags retrieved from /home/airflow/.local/lib/python3.8/site-packages/airflow/example_dags/subdags/subdag.py
[2026-07-13T11:59:38.485+0000] {processor.py:183} INFO - Processing /home/airflow/.local/lib/python3.8/site-packages/airflow/example_dags/subdags/subdag.py took 0.027 seconds
[2026-07-13T12:00:08.605+0000] {processor.py:161} INFO - Started process (PID=4660) to work on /home/airflow/.local/lib/python3.8/site-packages/airflow/example_dags/subdags/subdag.py
[2026-07-13T12:00:08.607+0000] {processor.py:830} INFO - Processing file /home/airflow/.local/lib/python3.8/site-packages/airflow/example_dags/subdags/subdag.py for tasks to queue
[2026-07-13T12:00:08.608+0000] {logging_mixin.py:188} INFO - [2026-07-13T12:00:08.608+0000] {dagbag.py:538} INFO - Filling up the DagBag from /home/airflow/.local/lib/python3.8/site-packages/airflow/example_dags/subdags/subdag.py
[2026-07-13T12:00:08.610+0000] {processor.py:842} WARNING - No viable dags retrieved from /home/airflow/.local/lib/python3.8/site-packages/airflow/example_dags/subdags/subdag.py
[2026-07-13T12:00:08.621+0000] {processor.py:183} INFO - Processing /home/airflow/.local/lib/python3.8/site-packages/airflow/example_dags/subdags/subdag.py took 0.019 seconds
[2026-07-13T12:00:39.001+0000] {processor.py:161} INFO - Started process (PID=4717) to work on /home/airflow/.local/lib/python3.8/site-packages/airflow/example_dags/subdags/subdag.py
[2026-07-13T12:00:39.002+0000] {processor.py:830} INFO - Processing file /home/airflow/.local/lib/python3.8/site-packages/airflow/example_dags/subdags/subdag.py for tasks to queue
[2026-07-13T12:00:39.004+0000] {logging_mixin.py:188} INFO - [2026-07-13T12:00:39.003+0000] {dagbag.py:538} INFO - Filling up the DagBag from /home/airflow/.local/lib/python3.8/site-packages/airflow/example_dags/subdags/subdag.py
[2026-07-13T12:00:39.005+0000] {processor.py:842} WARNING - No viable dags retrieved from /home/airflow/.local/lib/python3.8/site-packages/airflow/example_dags/subdags/subdag.py
[2026-07-13T12:00:39.024+0000] {processor.py:183} INFO - Processing /home/airflow/.local/lib/python3.8/site-packages/airflow/example_dags/subdags/subdag.py took 0.026 seconds
[2026-07-13T12:01:09.371+0000] {processor.py:161} INFO - Started process (PID=4773) to work on /home/airflow/.local/lib/python3.8/site-packages/airflow/example_dags/subdags/subdag.py
[2026-07-13T12:01:09.372+0000] {processor.py:830} INFO - Processing file /home/airflow/.local/lib/python3.8/site-packages/airflow/example_dags/subdags/subdag.py for tasks to queue
[2026-07-13T12:01:09.373+0000] {logging_mixin.py:188} INFO - [2026-07-13T12:01:09.373+0000] {dagbag.py:538} INFO - Filling up the DagBag from /home/airflow/.local/lib/python3.8/site-packages/airflow/example_dags/subdags/subdag.py
[2026-07-13T12:01:09.375+0000] {processor.py:842} WARNING - No viable dags retrieved from /home/airflow/.local/lib/python3.8/site-packages/airflow/example_dags/subdags/subdag.py
[2026-07-13T12:01:09.387+0000] {processor.py:183} INFO - Processing /home/airflow/.local/lib/python3.8/site-packages/airflow/example_dags/subdags/subdag.py took 0.019 seconds
[2026-07-13T12:01:39.578+0000] {processor.py:161} INFO - Started process (PID=4829) to work on /home/airflow/.local/lib/python3.8/site-packages/airflow/example_dags/subdags/subdag.py
[2026-07-13T12:01:39.579+0000] {processor.py:830} INFO - Processing file /home/airflow/.local/lib/python3.8/site-packages/airflow/example_dags/subdags/subdag.py for tasks to queue
[2026-07-13T12:01:39.580+0000] {logging_mixin.py:188} INFO - [2026-07-13T12:01:39.580+0000] {dagbag.py:538} INFO - Filling up the DagBag from /home/airflow/.local/lib/python3.8/site-packages/airflow/example_dags/subdags/subdag.py
[2026-07-13T12:01:39.582+0000] {processor.py:842} WARNING - No viable dags retrieved from /home/airflow/.local/lib/python3.8/site-packages/airflow/example_dags/subdags/subdag.py
[2026-07-13T12:01:39.593+0000] {processor.py:183} INFO - Processing /home/airflow/.local/lib/python3.8/site-packages/airflow/example_dags/subdags/subdag.py took 0.018 seconds
[2026-07-13T12:02:09.633+0000] {processor.py:161} INFO - Started process (PID=4885) to work on /home/airflow/.local/lib/python3.8/site-packages/airflow/example_dags/subdags/subdag.py
[2026-07-13T12:02:09.634+0000] {processor.py:830} INFO - Processing file /home/airflow/.local/lib/python3.8/site-packages/airflow/example_dags/subdags/subdag.py for tasks to queue
[2026-07-13T12:02:09.636+0000] {logging_mixin.py:188} INFO - [2026-07-13T12:02:09.635+0000] {dagbag.py:538} INFO - Filling up the DagBag from /home/airflow/.local/lib/python3.8/site-packages/airflow/example_dags/subdags/subdag.py
[2026-07-13T12:02:09.637+0000] {processor.py:842} WARNING - No viable dags retrieved from /home/airflow/.local/lib/python3.8/site-packages/airflow/example_dags/subdags/subdag.py
[2026-07-13T12:02:09.648+0000] {processor.py:183} INFO - Processing /home/airflow/.local/lib/python3.8/site-packages/airflow/example_dags/subdags/subdag.py took 0.018 seconds
[2026-07-13T12:02:39.861+0000] {processor.py:161} INFO - Started process (PID=4940) to work on /home/airflow/.local/lib/python3.8/site-packages/airflow/example_dags/subdags/subdag.py
[2026-07-13T12:02:39.862+0000] {processor.py:830} INFO - Processing file /home/airflow/.local/lib/python3.8/site-packages/airflow/example_dags/subdags/subdag.py for tasks to queue
[2026-07-13T12:02:39.863+0000] {logging_mixin.py:188} INFO - [2026-07-13T12:02:39.863+0000] {dagbag.py:538} INFO - Filling up the DagBag from /home/airflow/.local/lib/python3.8/site-packages/airflow/example_dags/subdags/subdag.py
[2026-07-13T12:02:39.865+0000] {processor.py:842} WARNING - No viable dags retrieved from /home/airflow/.local/lib/python3.8/site-packages/airflow/example_dags/subdags/subdag.py
[2026-07-13T12:02:39.876+0000] {processor.py:183} INFO - Processing /home/airflow/.local/lib/python3.8/site-packages/airflow/example_dags/subdags/subdag.py took 0.018 seconds
[2026-07-13T12:03:10.108+0000] {processor.py:161} INFO - Started process (PID=4996) to work on /home/airflow/.local/lib/python3.8/site-packages/airflow/example_dags/subdags/subdag.py
[2026-07-13T12:03:10.109+0000] {processor.py:830} INFO - Processing file /home/airflow/.local/lib/python3.8/site-packages/airflow/example_dags/subdags/subdag.py for tasks to queue
[2026-07-13T12:03:10.110+0000] {logging_mixin.py:188} INFO - [2026-07-13T12:03:10.110+0000] {dagbag.py:538} INFO - Filling up the DagBag from /home/airflow/.local/lib/python3.8/site-packages/airflow/example_dags/subdags/subdag.py
[2026-07-13T12:03:10.112+0000] {processor.py:842} WARNING - No viable dags retrieved from /home/airflow/.local/lib/python3.8/site-packages/airflow/example_dags/subdags/subdag.py
[2026-07-13T12:03:10.122+0000] {processor.py:183} INFO - Processing /home/airflow/.local/lib/python3.8/site-packages/airflow/example_dags/subdags/subdag.py took 0.018 seconds
[2026-07-13T12:03:40.356+0000] {processor.py:161} INFO - Started process (PID=5053) to work on /home/airflow/.local/lib/python3.8/site-packages/airflow/example_dags/subdags/subdag.py
[2026-07-13T12:03:40.357+0000] {processor.py:830} INFO - Processing file /home/airflow/.local/lib/python3.8/site-packages/airflow/example_dags/subdags/subdag.py for tasks to queue
[2026-07-13T12:03:40.358+0000] {logging_mixin.py:188} INFO - [2026-07-13T12:03:40.358+0000] {dagbag.py:538} INFO - Filling up the DagBag from /home/airflow/.local/lib/python3.8/site-packages/airflow/example_dags/subdags/subdag.py
[2026-07-13T12:03:40.360+0000] {processor.py:842} WARNING - No viable dags retrieved from /home/airflow/.local/lib/python3.8/site-packages/airflow/example_dags/subdags/subdag.py
[2026-07-13T12:03:40.373+0000] {processor.py:183} INFO - Processing /home/airflow/.local/lib/python3.8/site-packages/airflow/example_dags/subdags/subdag.py took 0.019 seconds
[2026-07-13T12:04:10.556+0000] {processor.py:161} INFO - Started process (PID=5109) to work on /home/airflow/.local/lib/python3.8/site-packages/airflow/example_dags/subdags/subdag.py
[2026-07-13T12:04:10.557+0000] {processor.py:830} INFO - Processing file /home/airflow/.local/lib/python3.8/site-packages/airflow/example_dags/subdags/subdag.py for tasks to queue
[2026-07-13T12:04:10.558+0000] {logging_mixin.py:188} INFO - [2026-07-13T12:04:10.558+0000] {dagbag.py:538} INFO - Filling up the DagBag from /home/airflow/.local/lib/python3.8/site-packages/airflow/example_dags/subdags/subdag.py
[2026-07-13T12:04:10.560+0000] {processor.py:842} WARNING - No viable dags retrieved from /home/airflow/.local/lib/python3.8/site-packages/airflow/example_dags/subdags/subdag.py
[2026-07-13T12:04:10.570+0000] {processor.py:183} INFO - Processing /home/airflow/.local/lib/python3.8/site-packages/airflow/example_dags/subdags/subdag.py took 0.017 seconds
[2026-07-13T12:04:40.732+0000] {processor.py:161} INFO - Started process (PID=5165) to work on /home/airflow/.local/lib/python3.8/site-packages/airflow/example_dags/subdags/subdag.py
[2026-07-13T12:04:40.733+0000] {processor.py:830} INFO - Processing file /home/airflow/.local/lib/python3.8/site-packages/airflow/example_dags/subdags/subdag.py for tasks to queue
[2026-07-13T12:04:40.735+0000] {logging_mixin.py:188} INFO - [2026-07-13T12:04:40.734+0000] {dagbag.py:538} INFO - Filling up the DagBag from /home/airflow/.local/lib/python3.8/site-packages/airflow/example_dags/subdags/subdag.py
[2026-07-13T12:04:40.737+0000] {processor.py:842} WARNING - No viable dags retrieved from /home/airflow/.local/lib/python3.8/site-packages/airflow/example_dags/subdags/subdag.py
[2026-07-13T12:04:40.750+0000] {processor.py:183} INFO - Processing /home/airflow/.local/lib/python3.8/site-packages/airflow/example_dags/subdags/subdag.py took 0.021 seconds
[2026-07-13T12:05:11.003+0000] {processor.py:161} INFO - Started process (PID=5221) to work on /home/airflow/.local/lib/python3.8/site-packages/airflow/example_dags/subdags/subdag.py
[2026-07-13T12:05:11.004+0000] {processor.py:830} INFO - Processing file /home/airflow/.local/lib/python3.8/site-packages/airflow/example_dags/subdags/subdag.py for tasks to queue
[2026-07-13T12:05:11.005+0000] {logging_mixin.py:188} INFO - [2026-07-13T12:05:11.005+0000] {dagbag.py:538} INFO - Filling up the DagBag from /home/airflow/.local/lib/python3.8/site-packages/airflow/example_dags/subdags/subdag.py
[2026-07-13T12:05:11.007+0000] {processor.py:842} WARNING - No viable dags retrieved from /home/airflow/.local/lib/python3.8/site-packages/airflow/example_dags/subdags/subdag.py
[2026-07-13T12:05:11.018+0000] {processor.py:183} INFO - Processing /home/airflow/.local/lib/python3.8/site-packages/airflow/example_dags/subdags/subdag.py took 0.018 seconds
[2026-07-13T12:05:41.078+0000] {processor.py:161} INFO - Started process (PID=5277) to work on /home/airflow/.local/lib/python3.8/site-packages/airflow/example_dags/subdags/subdag.py
[2026-07-13T12:05:41.079+0000] {processor.py:830} INFO - Processing file /home/airflow/.local/lib/python3.8/site-packages/airflow/example_dags/subdags/subdag.py for tasks to queue
[2026-07-13T12:05:41.080+0000] {logging_mixin.py:188} INFO - [2026-07-13T12:05:41.080+0000] {dagbag.py:538} INFO - Filling up the DagBag from /home/airflow/.local/lib/python3.8/site-packages/airflow/example_dags/subdags/subdag.py
[2026-07-13T12:05:41.082+0000] {processor.py:842} WARNING - No viable dags retrieved from /home/airflow/.local/lib/python3.8/site-packages/airflow/example_dags/subdags/subdag.py
[2026-07-13T12:05:41.093+0000] {processor.py:183} INFO - Processing /home/airflow/.local/lib/python3.8/site-packages/airflow/example_dags/subdags/subdag.py took 0.018 seconds
[2026-07-13T12:06:11.235+0000] {processor.py:161} INFO - Started process (PID=5333) to work on /home/airflow/.local/lib/python3.8/site-packages/airflow/example_dags/subdags/subdag.py
[2026-07-13T12:06:11.236+0000] {processor.py:830} INFO - Processing file /home/airflow/.local/lib/python3.8/site-packages/airflow/example_dags/subdags/subdag.py for tasks to queue
[2026-07-13T12:06:11.237+0000] {logging_mixin.py:188} INFO - [2026-07-13T12:06:11.237+0000] {dagbag.py:538} INFO - Filling up the DagBag from /home/airflow/.local/lib/python3.8/site-packages/airflow/example_dags/subdags/subdag.py
[2026-07-13T12:06:11.239+0000] {processor.py:842} WARNING - No viable dags retrieved from /home/airflow/.local/lib/python3.8/site-packages/airflow/example_dags/subdags/subdag.py
[2026-07-13T12:06:11.249+0000] {processor.py:183} INFO - Processing /home/airflow/.local/lib/python3.8/site-packages/airflow/example_dags/subdags/subdag.py took 0.018 seconds
[2026-07-13T12:06:41.395+0000] {processor.py:161} INFO - Started process (PID=5389) to work on /home/airflow/.local/lib/python3.8/site-packages/airflow/example_dags/subdags/subdag.py
[2026-07-13T12:06:41.396+0000] {processor.py:830} INFO - Processing file /home/airflow/.local/lib/python3.8/site-packages/airflow/example_dags/subdags/subdag.py for tasks to queue
[2026-07-13T12:06:41.397+0000] {logging_mixin.py:188} INFO - [2026-07-13T12:06:41.397+0000] {dagbag.py:538} INFO - Filling up the DagBag from /home/airflow/.local/lib/python3.8/site-packages/airflow/example_dags/subdags/subdag.py
[2026-07-13T12:06:41.399+0000] {processor.py:842} WARNING - No viable dags retrieved from /home/airflow/.local/lib/python3.8/site-packages/airflow/example_dags/subdags/subdag.py
[2026-07-13T12:06:41.410+0000] {processor.py:183} INFO - Processing /home/airflow/.local/lib/python3.8/site-packages/airflow/example_dags/subdags/subdag.py took 0.019 seconds
[2026-07-13T12:07:11.519+0000] {processor.py:161} INFO - Started process (PID=5445) to work on /home/airflow/.local/lib/python3.8/site-packages/airflow/example_dags/subdags/subdag.py
[2026-07-13T12:07:11.520+0000] {processor.py:830} INFO - Processing file /home/airflow/.local/lib/python3.8/site-packages/airflow/example_dags/subdags/subdag.py for tasks to queue
[2026-07-13T12:07:11.521+0000] {logging_mixin.py:188} INFO - [2026-07-13T12:07:11.521+0000] {dagbag.py:538} INFO - Filling up the DagBag from /home/airflow/.local/lib/python3.8/site-packages/airflow/example_dags/subdags/subdag.py
[2026-07-13T12:07:11.523+0000] {processor.py:842} WARNING - No viable dags retrieved from /home/airflow/.local/lib/python3.8/site-packages/airflow/example_dags/subdags/subdag.py
[2026-07-13T12:07:11.534+0000] {processor.py:183} INFO - Processing /home/airflow/.local/lib/python3.8/site-packages/airflow/example_dags/subdags/subdag.py took 0.018 seconds
[2026-07-13T12:07:41.623+0000] {processor.py:161} INFO - Started process (PID=5500) to work on /home/airflow/.local/lib/python3.8/site-packages/airflow/example_dags/subdags/subdag.py
[2026-07-13T12:07:41.624+0000] {processor.py:830} INFO - Processing file /home/airflow/.local/lib/python3.8/site-packages/airflow/example_dags/subdags/subdag.py for tasks to queue
[2026-07-13T12:07:41.625+0000] {logging_mixin.py:188} INFO - [2026-07-13T12:07:41.625+0000] {dagbag.py:538} INFO - Filling up the DagBag from /home/airflow/.local/lib/python3.8/site-packages/airflow/example_dags/subdags/subdag.py
[2026-07-13T12:07:41.627+0000] {processor.py:842} WARNING - No viable dags retrieved from /home/airflow/.local/lib/python3.8/site-packages/airflow/example_dags/subdags/subdag.py
[2026-07-13T12:07:41.638+0000] {processor.py:183} INFO - Processing /home/airflow/.local/lib/python3.8/site-packages/airflow/example_dags/subdags/subdag.py took 0.018 seconds
[2026-07-13T12:08:12.065+0000] {processor.py:161} INFO - Started process (PID=5557) to work on /home/airflow/.local/lib/python3.8/site-packages/airflow/example_dags/subdags/subdag.py
[2026-07-13T12:08:12.066+0000] {processor.py:830} INFO - Processing file /home/airflow/.local/lib/python3.8/site-packages/airflow/example_dags/subdags/subdag.py for tasks to queue
[2026-07-13T12:08:12.067+0000] {logging_mixin.py:188} INFO - [2026-07-13T12:08:12.067+0000] {dagbag.py:538} INFO - Filling up the DagBag from /home/airflow/.local/lib/python3.8/site-packages/airflow/example_dags/subdags/subdag.py
[2026-07-13T12:08:12.069+0000] {processor.py:842} WARNING - No viable dags retrieved from /home/airflow/.local/lib/python3.8/site-packages/airflow/example_dags/subdags/subdag.py
[2026-07-13T12:08:12.081+0000] {processor.py:183} INFO - Processing /home/airflow/.local/lib/python3.8/site-packages/airflow/example_dags/subdags/subdag.py took 0.019 seconds
[2026-07-13T12:08:42.238+0000] {processor.py:161} INFO - Started process (PID=5613) to work on /home/airflow/.local/lib/python3.8/site-packages/airflow/example_dags/subdags/subdag.py
[2026-07-13T12:08:42.239+0000] {processor.py:830} INFO - Processing file /home/airflow/.local/lib/python3.8/site-packages/airflow/example_dags/subdags/subdag.py for tasks to queue
[2026-07-13T12:08:42.240+0000] {logging_mixin.py:188} INFO - [2026-07-13T12:08:42.240+0000] {dagbag.py:538} INFO - Filling up the DagBag from /home/airflow/.local/lib/python3.8/site-packages/airflow/example_dags/subdags/subdag.py
[2026-07-13T12:08:42.242+0000] {processor.py:842} WARNING - No viable dags retrieved from /home/airflow/.local/lib/python3.8/site-packages/airflow/example_dags/subdags/subdag.py
[2026-07-13T12:08:42.254+0000] {processor.py:183} INFO - Processing /home/airflow/.local/lib/python3.8/site-packages/airflow/example_dags/subdags/subdag.py took 0.019 seconds
[2026-07-13T12:09:12.858+0000] {processor.py:161} INFO - Started process (PID=5669) to work on /home/airflow/.local/lib/python3.8/site-packages/airflow/example_dags/subdags/subdag.py
[2026-07-13T12:09:12.859+0000] {processor.py:830} INFO - Processing file /home/airflow/.local/lib/python3.8/site-packages/airflow/example_dags/subdags/subdag.py for tasks to queue
[2026-07-13T12:09:12.861+0000] {logging_mixin.py:188} INFO - [2026-07-13T12:09:12.860+0000] {dagbag.py:538} INFO - Filling up the DagBag from /home/airflow/.local/lib/python3.8/site-packages/airflow/example_dags/subdags/subdag.py
[2026-07-13T12:09:12.862+0000] {processor.py:842} WARNING - No viable dags retrieved from /home/airflow/.local/lib/python3.8/site-packages/airflow/example_dags/subdags/subdag.py
[2026-07-13T12:09:12.873+0000] {processor.py:183} INFO - Processing /home/airflow/.local/lib/python3.8/site-packages/airflow/example_dags/subdags/subdag.py took 0.018 seconds
[2026-07-13T12:09:43.171+0000] {processor.py:161} INFO - Started process (PID=5725) to work on /home/airflow/.local/lib/python3.8/site-packages/airflow/example_dags/subdags/subdag.py
[2026-07-13T12:09:43.172+0000] {processor.py:830} INFO - Processing file /home/airflow/.local/lib/python3.8/site-packages/airflow/example_dags/subdags/subdag.py for tasks to queue
[2026-07-13T12:09:43.174+0000] {logging_mixin.py:188} INFO - [2026-07-13T12:09:43.173+0000] {dagbag.py:538} INFO - Filling up the DagBag from /home/airflow/.local/lib/python3.8/site-packages/airflow/example_dags/subdags/subdag.py
[2026-07-13T12:09:43.176+0000] {processor.py:842} WARNING - No viable dags retrieved from /home/airflow/.local/lib/python3.8/site-packages/airflow/example_dags/subdags/subdag.py
[2026-07-13T12:09:43.187+0000] {processor.py:183} INFO - Processing /home/airflow/.local/lib/python3.8/site-packages/airflow/example_dags/subdags/subdag.py took 0.018 seconds
[2026-07-13T12:10:13.373+0000] {processor.py:161} INFO - Started process (PID=5781) to work on /home/airflow/.local/lib/python3.8/site-packages/airflow/example_dags/subdags/subdag.py
[2026-07-13T12:10:13.374+0000] {processor.py:830} INFO - Processing file /home/airflow/.local/lib/python3.8/site-packages/airflow/example_dags/subdags/subdag.py for tasks to queue
[2026-07-13T12:10:13.375+0000] {logging_mixin.py:188} INFO - [2026-07-13T12:10:13.375+0000] {dagbag.py:538} INFO - Filling up the DagBag from /home/airflow/.local/lib/python3.8/site-packages/airflow/example_dags/subdags/subdag.py
[2026-07-13T12:10:13.377+0000] {processor.py:842} WARNING - No viable dags retrieved from /home/airflow/.local/lib/python3.8/site-packages/airflow/example_dags/subdags/subdag.py
[2026-07-13T12:10:13.389+0000] {processor.py:183} INFO - Processing /home/airflow/.local/lib/python3.8/site-packages/airflow/example_dags/subdags/subdag.py took 0.019 seconds
[2026-07-13T12:10:43.517+0000] {processor.py:161} INFO - Started process (PID=5837) to work on /home/airflow/.local/lib/python3.8/site-packages/airflow/example_dags/subdags/subdag.py
[2026-07-13T12:10:43.518+0000] {processor.py:830} INFO - Processing file /home/airflow/.local/lib/python3.8/site-packages/airflow/example_dags/subdags/subdag.py for tasks to queue
[2026-07-13T12:10:43.520+0000] {logging_mixin.py:188} INFO - [2026-07-13T12:10:43.519+0000] {dagbag.py:538} INFO - Filling up the DagBag from /home/airflow/.local/lib/python3.8/site-packages/airflow/example_dags/subdags/subdag.py
[2026-07-13T12:10:43.521+0000] {processor.py:842} WARNING - No viable dags retrieved from /home/airflow/.local/lib/python3.8/site-packages/airflow/example_dags/subdags/subdag.py
[2026-07-13T12:10:43.533+0000] {processor.py:183} INFO - Processing /home/airflow/.local/lib/python3.8/site-packages/airflow/example_dags/subdags/subdag.py took 0.019 seconds
[2026-07-13T12:11:13.712+0000] {processor.py:161} INFO - Started process (PID=5893) to work on /home/airflow/.local/lib/python3.8/site-packages/airflow/example_dags/subdags/subdag.py
[2026-07-13T12:11:13.713+0000] {processor.py:830} INFO - Processing file /home/airflow/.local/lib/python3.8/site-packages/airflow/example_dags/subdags/subdag.py for tasks to queue
[2026-07-13T12:11:13.714+0000] {logging_mixin.py:188} INFO - [2026-07-13T12:11:13.714+0000] {dagbag.py:538} INFO - Filling up the DagBag from /home/airflow/.local/lib/python3.8/site-packages/airflow/example_dags/subdags/subdag.py
[2026-07-13T12:11:13.716+0000] {processor.py:842} WARNING - No viable dags retrieved from /home/airflow/.local/lib/python3.8/site-packages/airflow/example_dags/subdags/subdag.py
[2026-07-13T12:11:13.728+0000] {processor.py:183} INFO - Processing /home/airflow/.local/lib/python3.8/site-packages/airflow/example_dags/subdags/subdag.py took 0.019 seconds
[2026-07-13T12:11:43.961+0000] {processor.py:161} INFO - Started process (PID=5949) to work on /home/airflow/.local/lib/python3.8/site-packages/airflow/example_dags/subdags/subdag.py
[2026-07-13T12:11:43.963+0000] {processor.py:830} INFO - Processing file /home/airflow/.local/lib/python3.8/site-packages/airflow/example_dags/subdags/subdag.py for tasks to queue
[2026-07-13T12:11:43.964+0000] {logging_mixin.py:188} INFO - [2026-07-13T12:11:43.964+0000] {dagbag.py:538} INFO - Filling up the DagBag from /home/airflow/.local/lib/python3.8/site-packages/airflow/example_dags/subdags/subdag.py
[2026-07-13T12:11:43.966+0000] {processor.py:842} WARNING - No viable dags retrieved from /home/airflow/.local/lib/python3.8/site-packages/airflow/example_dags/subdags/subdag.py
[2026-07-13T12:11:43.977+0000] {processor.py:183} INFO - Processing /home/airflow/.local/lib/python3.8/site-packages/airflow/example_dags/subdags/subdag.py took 0.019 seconds
[2026-07-13T12:12:14.093+0000] {processor.py:161} INFO - Started process (PID=6005) to work on /home/airflow/.local/lib/python3.8/site-packages/airflow/example_dags/subdags/subdag.py
[2026-07-13T12:12:14.094+0000] {processor.py:830} INFO - Processing file /home/airflow/.local/lib/python3.8/site-packages/airflow/example_dags/subdags/subdag.py for tasks to queue
[2026-07-13T12:12:14.096+0000] {logging_mixin.py:188} INFO - [2026-07-13T12:12:14.095+0000] {dagbag.py:538} INFO - Filling up the DagBag from /home/airflow/.local/lib/python3.8/site-packages/airflow/example_dags/subdags/subdag.py
[2026-07-13T12:12:14.097+0000] {processor.py:842} WARNING - No viable dags retrieved from /home/airflow/.local/lib/python3.8/site-packages/airflow/example_dags/subdags/subdag.py
[2026-07-13T12:12:14.109+0000] {processor.py:183} INFO - Processing /home/airflow/.local/lib/python3.8/site-packages/airflow/example_dags/subdags/subdag.py took 0.018 seconds
[2026-07-13T12:12:44.278+0000] {processor.py:161} INFO - Started process (PID=6061) to work on /home/airflow/.local/lib/python3.8/site-packages/airflow/example_dags/subdags/subdag.py
[2026-07-13T12:12:44.279+0000] {processor.py:830} INFO - Processing file /home/airflow/.local/lib/python3.8/site-packages/airflow/example_dags/subdags/subdag.py for tasks to queue
[2026-07-13T12:12:44.280+0000] {logging_mixin.py:188} INFO - [2026-07-13T12:12:44.280+0000] {dagbag.py:538} INFO - Filling up the DagBag from /home/airflow/.local/lib/python3.8/site-packages/airflow/example_dags/subdags/subdag.py
[2026-07-13T12:12:44.282+0000] {processor.py:842} WARNING - No viable dags retrieved from /home/airflow/.local/lib/python3.8/site-packages/airflow/example_dags/subdags/subdag.py
[2026-07-13T12:12:44.293+0000] {processor.py:183} INFO - Processing /home/airflow/.local/lib/python3.8/site-packages/airflow/example_dags/subdags/subdag.py took 0.018 seconds
[2026-07-13T12:13:14.337+0000] {processor.py:161} INFO - Started process (PID=6114) to work on /home/airflow/.local/lib/python3.8/site-packages/airflow/example_dags/subdags/subdag.py
[2026-07-13T12:13:14.337+0000] {processor.py:830} INFO - Processing file /home/airflow/.local/lib/python3.8/site-packages/airflow/example_dags/subdags/subdag.py for tasks to queue
[2026-07-13T12:13:14.339+0000] {logging_mixin.py:188} INFO - [2026-07-13T12:13:14.339+0000] {dagbag.py:538} INFO - Filling up the DagBag from /home/airflow/.local/lib/python3.8/site-packages/airflow/example_dags/subdags/subdag.py
[2026-07-13T12:13:14.341+0000] {processor.py:842} WARNING - No viable dags retrieved from /home/airflow/.local/lib/python3.8/site-packages/airflow/example_dags/subdags/subdag.py
[2026-07-13T12:13:14.353+0000] {processor.py:183} INFO - Processing /home/airflow/.local/lib/python3.8/site-packages/airflow/example_dags/subdags/subdag.py took 0.019 seconds
[2026-07-13T12:13:44.407+0000] {processor.py:161} INFO - Started process (PID=6169) to work on /home/airflow/.local/lib/python3.8/site-packages/airflow/example_dags/subdags/subdag.py
[2026-07-13T12:13:44.408+0000] {processor.py:830} INFO - Processing file /home/airflow/.local/lib/python3.8/site-packages/airflow/example_dags/subdags/subdag.py for tasks to queue
[2026-07-13T12:13:44.409+0000] {logging_mixin.py:188} INFO - [2026-07-13T12:13:44.409+0000] {dagbag.py:538} INFO - Filling up the DagBag from /home/airflow/.local/lib/python3.8/site-packages/airflow/example_dags/subdags/subdag.py
[2026-07-13T12:13:44.411+0000] {processor.py:842} WARNING - No viable dags retrieved from /home/airflow/.local/lib/python3.8/site-packages/airflow/example_dags/subdags/subdag.py
[2026-07-13T12:13:44.423+0000] {processor.py:183} INFO - Processing /home/airflow/.local/lib/python3.8/site-packages/airflow/example_dags/subdags/subdag.py took 0.019 seconds
[2026-07-13T12:14:14.885+0000] {processor.py:161} INFO - Started process (PID=6227) to work on /home/airflow/.local/lib/python3.8/site-packages/airflow/example_dags/subdags/subdag.py
[2026-07-13T12:14:14.886+0000] {processor.py:830} INFO - Processing file /home/airflow/.local/lib/python3.8/site-packages/airflow/example_dags/subdags/subdag.py for tasks to queue
[2026-07-13T12:14:14.888+0000] {logging_mixin.py:188} INFO - [2026-07-13T12:14:14.887+0000] {dagbag.py:538} INFO - Filling up the DagBag from /home/airflow/.local/lib/python3.8/site-packages/airflow/example_dags/subdags/subdag.py
[2026-07-13T12:14:14.889+0000] {processor.py:842} WARNING - No viable dags retrieved from /home/airflow/.local/lib/python3.8/site-packages/airflow/example_dags/subdags/subdag.py
[2026-07-13T12:14:14.902+0000] {processor.py:183} INFO - Processing /home/airflow/.local/lib/python3.8/site-packages/airflow/example_dags/subdags/subdag.py took 0.020 seconds
[2026-07-13T12:14:45.094+0000] {processor.py:161} INFO - Started process (PID=6283) to work on /home/airflow/.local/lib/python3.8/site-packages/airflow/example_dags/subdags/subdag.py
[2026-07-13T12:14:45.095+0000] {processor.py:830} INFO - Processing file /home/airflow/.local/lib/python3.8/site-packages/airflow/example_dags/subdags/subdag.py for tasks to queue
[2026-07-13T12:14:45.097+0000] {logging_mixin.py:188} INFO - [2026-07-13T12:14:45.096+0000] {dagbag.py:538} INFO - Filling up the DagBag from /home/airflow/.local/lib/python3.8/site-packages/airflow/example_dags/subdags/subdag.py
[2026-07-13T12:14:45.099+0000] {processor.py:842} WARNING - No viable dags retrieved from /home/airflow/.local/lib/python3.8/site-packages/airflow/example_dags/subdags/subdag.py
[2026-07-13T12:14:45.115+0000] {processor.py:183} INFO - Processing /home/airflow/.local/lib/python3.8/site-packages/airflow/example_dags/subdags/subdag.py took 0.024 seconds
[2026-07-13T12:15:15.438+0000] {processor.py:161} INFO - Started process (PID=6339) to work on /home/airflow/.local/lib/python3.8/site-packages/airflow/example_dags/subdags/subdag.py
[2026-07-13T12:15:15.439+0000] {processor.py:830} INFO - Processing file /home/airflow/.local/lib/python3.8/site-packages/airflow/example_dags/subdags/subdag.py for tasks to queue
[2026-07-13T12:15:15.441+0000] {logging_mixin.py:188} INFO - [2026-07-13T12:15:15.441+0000] {dagbag.py:538} INFO - Filling up the DagBag from /home/airflow/.local/lib/python3.8/site-packages/airflow/example_dags/subdags/subdag.py
[2026-07-13T12:15:15.443+0000] {processor.py:842} WARNING - No viable dags retrieved from /home/airflow/.local/lib/python3.8/site-packages/airflow/example_dags/subdags/subdag.py
[2026-07-13T12:15:15.461+0000] {processor.py:183} INFO - Processing /home/airflow/.local/lib/python3.8/site-packages/airflow/example_dags/subdags/subdag.py took 0.027 seconds
[2026-07-13T12:15:45.643+0000] {processor.py:161} INFO - Started process (PID=6395) to work on /home/airflow/.local/lib/python3.8/site-packages/airflow/example_dags/subdags/subdag.py
[2026-07-13T12:15:45.644+0000] {processor.py:830} INFO - Processing file /home/airflow/.local/lib/python3.8/site-packages/airflow/example_dags/subdags/subdag.py for tasks to queue
[2026-07-13T12:15:45.645+0000] {logging_mixin.py:188} INFO - [2026-07-13T12:15:45.645+0000] {dagbag.py:538} INFO - Filling up the DagBag from /home/airflow/.local/lib/python3.8/site-packages/airflow/example_dags/subdags/subdag.py
[2026-07-13T12:15:45.647+0000] {processor.py:842} WARNING - No viable dags retrieved from /home/airflow/.local/lib/python3.8/site-packages/airflow/example_dags/subdags/subdag.py
[2026-07-13T12:15:45.659+0000] {processor.py:183} INFO - Processing /home/airflow/.local/lib/python3.8/site-packages/airflow/example_dags/subdags/subdag.py took 0.018 seconds
[2026-07-13T12:16:15.756+0000] {processor.py:161} INFO - Started process (PID=6451) to work on /home/airflow/.local/lib/python3.8/site-packages/airflow/example_dags/subdags/subdag.py
[2026-07-13T12:16:15.757+0000] {processor.py:830} INFO - Processing file /home/airflow/.local/lib/python3.8/site-packages/airflow/example_dags/subdags/subdag.py for tasks to queue
[2026-07-13T12:16:15.758+0000] {logging_mixin.py:188} INFO - [2026-07-13T12:16:15.758+0000] {dagbag.py:538} INFO - Filling up the DagBag from /home/airflow/.local/lib/python3.8/site-packages/airflow/example_dags/subdags/subdag.py
[2026-07-13T12:16:15.760+0000] {processor.py:842} WARNING - No viable dags retrieved from /home/airflow/.local/lib/python3.8/site-packages/airflow/example_dags/subdags/subdag.py
[2026-07-13T12:16:15.770+0000] {processor.py:183} INFO - Processing /home/airflow/.local/lib/python3.8/site-packages/airflow/example_dags/subdags/subdag.py took 0.017 seconds
[2026-07-13T12:16:45.971+0000] {processor.py:161} INFO - Started process (PID=6507) to work on /home/airflow/.local/lib/python3.8/site-packages/airflow/example_dags/subdags/subdag.py
[2026-07-13T12:16:45.972+0000] {processor.py:830} INFO - Processing file /home/airflow/.local/lib/python3.8/site-packages/airflow/example_dags/subdags/subdag.py for tasks to queue
[2026-07-13T12:16:45.973+0000] {logging_mixin.py:188} INFO - [2026-07-13T12:16:45.973+0000] {dagbag.py:538} INFO - Filling up the DagBag from /home/airflow/.local/lib/python3.8/site-packages/airflow/example_dags/subdags/subdag.py
[2026-07-13T12:16:45.975+0000] {processor.py:842} WARNING - No viable dags retrieved from /home/airflow/.local/lib/python3.8/site-packages/airflow/example_dags/subdags/subdag.py
[2026-07-13T12:16:45.986+0000] {processor.py:183} INFO - Processing /home/airflow/.local/lib/python3.8/site-packages/airflow/example_dags/subdags/subdag.py took 0.018 seconds
[2026-07-13T12:17:16.221+0000] {processor.py:161} INFO - Started process (PID=6563) to work on /home/airflow/.local/lib/python3.8/site-packages/airflow/example_dags/subdags/subdag.py
[2026-07-13T12:17:16.222+0000] {processor.py:830} INFO - Processing file /home/airflow/.local/lib/python3.8/site-packages/airflow/example_dags/subdags/subdag.py for tasks to queue
[2026-07-13T12:17:16.224+0000] {logging_mixin.py:188} INFO - [2026-07-13T12:17:16.224+0000] {dagbag.py:538} INFO - Filling up the DagBag from /home/airflow/.local/lib/python3.8/site-packages/airflow/example_dags/subdags/subdag.py
[2026-07-13T12:17:16.226+0000] {processor.py:842} WARNING - No viable dags retrieved from /home/airflow/.local/lib/python3.8/site-packages/airflow/example_dags/subdags/subdag.py
[2026-07-13T12:17:16.239+0000] {processor.py:183} INFO - Processing /home/airflow/.local/lib/python3.8/site-packages/airflow/example_dags/subdags/subdag.py took 0.020 seconds
[2026-07-13T12:17:46.335+0000] {processor.py:161} INFO - Started process (PID=6619) to work on /home/airflow/.local/lib/python3.8/site-packages/airflow/example_dags/subdags/subdag.py
[2026-07-13T12:17:46.336+0000] {processor.py:830} INFO - Processing file /home/airflow/.local/lib/python3.8/site-packages/airflow/example_dags/subdags/subdag.py for tasks to queue
[2026-07-13T12:17:46.337+0000] {logging_mixin.py:188} INFO - [2026-07-13T12:17:46.337+0000] {dagbag.py:538} INFO - Filling up the DagBag from /home/airflow/.local/lib/python3.8/site-packages/airflow/example_dags/subdags/subdag.py
[2026-07-13T12:17:46.339+0000] {processor.py:842} WARNING - No viable dags retrieved from /home/airflow/.local/lib/python3.8/site-packages/airflow/example_dags/subdags/subdag.py
[2026-07-13T12:17:46.350+0000] {processor.py:183} INFO - Processing /home/airflow/.local/lib/python3.8/site-packages/airflow/example_dags/subdags/subdag.py took 0.018 seconds
[2026-07-13T12:18:16.475+0000] {processor.py:161} INFO - Started process (PID=6675) to work on /home/airflow/.local/lib/python3.8/site-packages/airflow/example_dags/subdags/subdag.py
[2026-07-13T12:18:16.475+0000] {processor.py:830} INFO - Processing file /home/airflow/.local/lib/python3.8/site-packages/airflow/example_dags/subdags/subdag.py for tasks to queue
[2026-07-13T12:18:16.477+0000] {logging_mixin.py:188} INFO - [2026-07-13T12:18:16.477+0000] {dagbag.py:538} INFO - Filling up the DagBag from /home/airflow/.local/lib/python3.8/site-packages/airflow/example_dags/subdags/subdag.py
[2026-07-13T12:18:16.478+0000] {processor.py:842} WARNING - No viable dags retrieved from /home/airflow/.local/lib/python3.8/site-packages/airflow/example_dags/subdags/subdag.py
[2026-07-13T12:18:16.489+0000] {processor.py:183} INFO - Processing /home/airflow/.local/lib/python3.8/site-packages/airflow/example_dags/subdags/subdag.py took 0.017 seconds
[2026-07-13T12:18:46.666+0000] {processor.py:161} INFO - Started process (PID=6732) to work on /home/airflow/.local/lib/python3.8/site-packages/airflow/example_dags/subdags/subdag.py
[2026-07-13T12:18:46.667+0000] {processor.py:830} INFO - Processing file /home/airflow/.local/lib/python3.8/site-packages/airflow/example_dags/subdags/subdag.py for tasks to queue
[2026-07-13T12:18:46.668+0000] {logging_mixin.py:188} INFO - [2026-07-13T12:18:46.668+0000] {dagbag.py:538} INFO - Filling up the DagBag from /home/airflow/.local/lib/python3.8/site-packages/airflow/example_dags/subdags/subdag.py
[2026-07-13T12:18:46.670+0000] {processor.py:842} WARNING - No viable dags retrieved from /home/airflow/.local/lib/python3.8/site-packages/airflow/example_dags/subdags/subdag.py
[2026-07-13T12:18:46.681+0000] {processor.py:183} INFO - Processing /home/airflow/.local/lib/python3.8/site-packages/airflow/example_dags/subdags/subdag.py took 0.018 seconds
[2026-07-13T12:19:16.837+0000] {processor.py:161} INFO - Started process (PID=6788) to work on /home/airflow/.local/lib/python3.8/site-packages/airflow/example_dags/subdags/subdag.py
[2026-07-13T12:19:16.838+0000] {processor.py:830} INFO - Processing file /home/airflow/.local/lib/python3.8/site-packages/airflow/example_dags/subdags/subdag.py for tasks to queue
[2026-07-13T12:19:16.839+0000] {logging_mixin.py:188} INFO - [2026-07-13T12:19:16.839+0000] {dagbag.py:538} INFO - Filling up the DagBag from /home/airflow/.local/lib/python3.8/site-packages/airflow/example_dags/subdags/subdag.py
[2026-07-13T12:19:16.841+0000] {processor.py:842} WARNING - No viable dags retrieved from /home/airflow/.local/lib/python3.8/site-packages/airflow/example_dags/subdags/subdag.py
[2026-07-13T12:19:16.851+0000] {processor.py:183} INFO - Processing /home/airflow/.local/lib/python3.8/site-packages/airflow/example_dags/subdags/subdag.py took 0.017 seconds
[2026-07-13T12:19:47.120+0000] {processor.py:161} INFO - Started process (PID=6845) to work on /home/airflow/.local/lib/python3.8/site-packages/airflow/example_dags/subdags/subdag.py
[2026-07-13T12:19:47.121+0000] {processor.py:830} INFO - Processing file /home/airflow/.local/lib/python3.8/site-packages/airflow/example_dags/subdags/subdag.py for tasks to queue
[2026-07-13T12:19:47.123+0000] {logging_mixin.py:188} INFO - [2026-07-13T12:19:47.122+0000] {dagbag.py:538} INFO - Filling up the DagBag from /home/airflow/.local/lib/python3.8/site-packages/airflow/example_dags/subdags/subdag.py
[2026-07-13T12:19:47.124+0000] {processor.py:842} WARNING - No viable dags retrieved from /home/airflow/.local/lib/python3.8/site-packages/airflow/example_dags/subdags/subdag.py
[2026-07-13T12:19:47.136+0000] {processor.py:183} INFO - Processing /home/airflow/.local/lib/python3.8/site-packages/airflow/example_dags/subdags/subdag.py took 0.019 seconds
[2026-07-13T12:20:17.407+0000] {processor.py:161} INFO - Started process (PID=6901) to work on /home/airflow/.local/lib/python3.8/site-packages/airflow/example_dags/subdags/subdag.py
[2026-07-13T12:20:17.408+0000] {processor.py:830} INFO - Processing file /home/airflow/.local/lib/python3.8/site-packages/airflow/example_dags/subdags/subdag.py for tasks to queue
[2026-07-13T12:20:17.410+0000] {logging_mixin.py:188} INFO - [2026-07-13T12:20:17.410+0000] {dagbag.py:538} INFO - Filling up the DagBag from /home/airflow/.local/lib/python3.8/site-packages/airflow/example_dags/subdags/subdag.py
[2026-07-13T12:20:17.411+0000] {processor.py:842} WARNING - No viable dags retrieved from /home/airflow/.local/lib/python3.8/site-packages/airflow/example_dags/subdags/subdag.py
[2026-07-13T12:20:17.422+0000] {processor.py:183} INFO - Processing /home/airflow/.local/lib/python3.8/site-packages/airflow/example_dags/subdags/subdag.py took 0.018 seconds
[2026-07-13T12:20:47.573+0000] {processor.py:161} INFO - Started process (PID=6957) to work on /home/airflow/.local/lib/python3.8/site-packages/airflow/example_dags/subdags/subdag.py
[2026-07-13T12:20:47.574+0000] {processor.py:830} INFO - Processing file /home/airflow/.local/lib/python3.8/site-packages/airflow/example_dags/subdags/subdag.py for tasks to queue
[2026-07-13T12:20:47.575+0000] {logging_mixin.py:188} INFO - [2026-07-13T12:20:47.575+0000] {dagbag.py:538} INFO - Filling up the DagBag from /home/airflow/.local/lib/python3.8/site-packages/airflow/example_dags/subdags/subdag.py
[2026-07-13T12:20:47.577+0000] {processor.py:842} WARNING - No viable dags retrieved from /home/airflow/.local/lib/python3.8/site-packages/airflow/example_dags/subdags/subdag.py
[2026-07-13T12:20:47.588+0000] {processor.py:183} INFO - Processing /home/airflow/.local/lib/python3.8/site-packages/airflow/example_dags/subdags/subdag.py took 0.018 seconds
[2026-07-13T12:21:17.793+0000] {processor.py:161} INFO - Started process (PID=7013) to work on /home/airflow/.local/lib/python3.8/site-packages/airflow/example_dags/subdags/subdag.py
[2026-07-13T12:21:17.794+0000] {processor.py:830} INFO - Processing file /home/airflow/.local/lib/python3.8/site-packages/airflow/example_dags/subdags/subdag.py for tasks to queue
[2026-07-13T12:21:17.796+0000] {logging_mixin.py:188} INFO - [2026-07-13T12:21:17.796+0000] {dagbag.py:538} INFO - Filling up the DagBag from /home/airflow/.local/lib/python3.8/site-packages/airflow/example_dags/subdags/subdag.py
[2026-07-13T12:21:17.797+0000] {processor.py:842} WARNING - No viable dags retrieved from /home/airflow/.local/lib/python3.8/site-packages/airflow/example_dags/subdags/subdag.py
[2026-07-13T12:21:17.808+0000] {processor.py:183} INFO - Processing /home/airflow/.local/lib/python3.8/site-packages/airflow/example_dags/subdags/subdag.py took 0.018 seconds
[2026-07-13T12:21:47.914+0000] {processor.py:161} INFO - Started process (PID=7069) to work on /home/airflow/.local/lib/python3.8/site-packages/airflow/example_dags/subdags/subdag.py
[2026-07-13T12:21:47.927+0000] {processor.py:830} INFO - Processing file /home/airflow/.local/lib/python3.8/site-packages/airflow/example_dags/subdags/subdag.py for tasks to queue
[2026-07-13T12:21:47.928+0000] {logging_mixin.py:188} INFO - [2026-07-13T12:21:47.928+0000] {dagbag.py:538} INFO - Filling up the DagBag from /home/airflow/.local/lib/python3.8/site-packages/airflow/example_dags/subdags/subdag.py
[2026-07-13T12:21:47.930+0000] {processor.py:842} WARNING - No viable dags retrieved from /home/airflow/.local/lib/python3.8/site-packages/airflow/example_dags/subdags/subdag.py
[2026-07-13T12:21:47.942+0000] {processor.py:183} INFO - Processing /home/airflow/.local/lib/python3.8/site-packages/airflow/example_dags/subdags/subdag.py took 0.031 seconds
[2026-07-13T12:22:18.132+0000] {processor.py:161} INFO - Started process (PID=7125) to work on /home/airflow/.local/lib/python3.8/site-packages/airflow/example_dags/subdags/subdag.py
[2026-07-13T12:22:18.133+0000] {processor.py:830} INFO - Processing file /home/airflow/.local/lib/python3.8/site-packages/airflow/example_dags/subdags/subdag.py for tasks to queue
[2026-07-13T12:22:18.134+0000] {logging_mixin.py:188} INFO - [2026-07-13T12:22:18.134+0000] {dagbag.py:538} INFO - Filling up the DagBag from /home/airflow/.local/lib/python3.8/site-packages/airflow/example_dags/subdags/subdag.py
[2026-07-13T12:22:18.137+0000] {processor.py:842} WARNING - No viable dags retrieved from /home/airflow/.local/lib/python3.8/site-packages/airflow/example_dags/subdags/subdag.py
[2026-07-13T12:22:18.148+0000] {processor.py:183} INFO - Processing /home/airflow/.local/lib/python3.8/site-packages/airflow/example_dags/subdags/subdag.py took 0.019 seconds
[2026-07-13T12:22:49.261+0000] {processor.py:161} INFO - Started process (PID=7181) to work on /home/airflow/.local/lib/python3.8/site-packages/airflow/example_dags/subdags/subdag.py
[2026-07-13T12:22:49.262+0000] {processor.py:830} INFO - Processing file /home/airflow/.local/lib/python3.8/site-packages/airflow/example_dags/subdags/subdag.py for tasks to queue
[2026-07-13T12:22:49.264+0000] {logging_mixin.py:188} INFO - [2026-07-13T12:22:49.263+0000] {dagbag.py:538} INFO - Filling up the DagBag from /home/airflow/.local/lib/python3.8/site-packages/airflow/example_dags/subdags/subdag.py
[2026-07-13T12:22:49.265+0000] {processor.py:842} WARNING - No viable dags retrieved from /home/airflow/.local/lib/python3.8/site-packages/airflow/example_dags/subdags/subdag.py
[2026-07-13T12:22:49.276+0000] {processor.py:183} INFO - Processing /home/airflow/.local/lib/python3.8/site-packages/airflow/example_dags/subdags/subdag.py took 0.018 seconds
[2026-07-13T12:23:19.448+0000] {processor.py:161} INFO - Started process (PID=7237) to work on /home/airflow/.local/lib/python3.8/site-packages/airflow/example_dags/subdags/subdag.py
[2026-07-13T12:23:19.449+0000] {processor.py:830} INFO - Processing file /home/airflow/.local/lib/python3.8/site-packages/airflow/example_dags/subdags/subdag.py for tasks to queue
[2026-07-13T12:23:19.450+0000] {logging_mixin.py:188} INFO - [2026-07-13T12:23:19.450+0000] {dagbag.py:538} INFO - Filling up the DagBag from /home/airflow/.local/lib/python3.8/site-packages/airflow/example_dags/subdags/subdag.py
[2026-07-13T12:23:19.452+0000] {processor.py:842} WARNING - No viable dags retrieved from /home/airflow/.local/lib/python3.8/site-packages/airflow/example_dags/subdags/subdag.py
[2026-07-13T12:23:19.463+0000] {processor.py:183} INFO - Processing /home/airflow/.local/lib/python3.8/site-packages/airflow/example_dags/subdags/subdag.py took 0.018 seconds
[2026-07-13T12:23:50.460+0000] {processor.py:161} INFO - Started process (PID=7293) to work on /home/airflow/.local/lib/python3.8/site-packages/airflow/example_dags/subdags/subdag.py
[2026-07-13T12:23:50.461+0000] {processor.py:830} INFO - Processing file /home/airflow/.local/lib/python3.8/site-packages/airflow/example_dags/subdags/subdag.py for tasks to queue
[2026-07-13T12:23:50.463+0000] {logging_mixin.py:188} INFO - [2026-07-13T12:23:50.462+0000] {dagbag.py:538} INFO - Filling up the DagBag from /home/airflow/.local/lib/python3.8/site-packages/airflow/example_dags/subdags/subdag.py
[2026-07-13T12:23:50.465+0000] {processor.py:842} WARNING - No viable dags retrieved from /home/airflow/.local/lib/python3.8/site-packages/airflow/example_dags/subdags/subdag.py
[2026-07-13T12:23:50.477+0000] {processor.py:183} INFO - Processing /home/airflow/.local/lib/python3.8/site-packages/airflow/example_dags/subdags/subdag.py took 0.020 seconds
[2026-07-13T12:24:20.676+0000] {processor.py:161} INFO - Started process (PID=7349) to work on /home/airflow/.local/lib/python3.8/site-packages/airflow/example_dags/subdags/subdag.py
[2026-07-13T12:24:20.677+0000] {processor.py:830} INFO - Processing file /home/airflow/.local/lib/python3.8/site-packages/airflow/example_dags/subdags/subdag.py for tasks to queue
[2026-07-13T12:24:20.678+0000] {logging_mixin.py:188} INFO - [2026-07-13T12:24:20.678+0000] {dagbag.py:538} INFO - Filling up the DagBag from /home/airflow/.local/lib/python3.8/site-packages/airflow/example_dags/subdags/subdag.py
[2026-07-13T12:24:20.680+0000] {processor.py:842} WARNING - No viable dags retrieved from /home/airflow/.local/lib/python3.8/site-packages/airflow/example_dags/subdags/subdag.py
[2026-07-13T12:24:20.693+0000] {processor.py:183} INFO - Processing /home/airflow/.local/lib/python3.8/site-packages/airflow/example_dags/subdags/subdag.py took 0.019 seconds
[2026-07-13T12:24:50.944+0000] {processor.py:161} INFO - Started process (PID=7406) to work on /home/airflow/.local/lib/python3.8/site-packages/airflow/example_dags/subdags/subdag.py
[2026-07-13T12:24:50.945+0000] {processor.py:830} INFO - Processing file /home/airflow/.local/lib/python3.8/site-packages/airflow/example_dags/subdags/subdag.py for tasks to queue
[2026-07-13T12:24:50.947+0000] {logging_mixin.py:188} INFO - [2026-07-13T12:24:50.946+0000] {dagbag.py:538} INFO - Filling up the DagBag from /home/airflow/.local/lib/python3.8/site-packages/airflow/example_dags/subdags/subdag.py
[2026-07-13T12:24:50.949+0000] {processor.py:842} WARNING - No viable dags retrieved from /home/airflow/.local/lib/python3.8/site-packages/airflow/example_dags/subdags/subdag.py
[2026-07-13T12:24:50.960+0000] {processor.py:183} INFO - Processing /home/airflow/.local/lib/python3.8/site-packages/airflow/example_dags/subdags/subdag.py took 0.019 seconds
[2026-07-13T12:30:57.067+0000] {processor.py:161} INFO - Started process (PID=96) to work on /home/airflow/.local/lib/python3.8/site-packages/airflow/example_dags/subdags/subdag.py
[2026-07-13T12:30:57.069+0000] {processor.py:830} INFO - Processing file /home/airflow/.local/lib/python3.8/site-packages/airflow/example_dags/subdags/subdag.py for tasks to queue
[2026-07-13T12:30:57.070+0000] {logging_mixin.py:188} INFO - [2026-07-13T12:30:57.070+0000] {dagbag.py:538} INFO - Filling up the DagBag from /home/airflow/.local/lib/python3.8/site-packages/airflow/example_dags/subdags/subdag.py
[2026-07-13T12:30:57.071+0000] {processor.py:842} WARNING - No viable dags retrieved from /home/airflow/.local/lib/python3.8/site-packages/airflow/example_dags/subdags/subdag.py
[2026-07-13T12:30:57.085+0000] {processor.py:183} INFO - Processing /home/airflow/.local/lib/python3.8/site-packages/airflow/example_dags/subdags/subdag.py took 0.020 seconds
[2026-07-13T12:31:28.475+0000] {processor.py:161} INFO - Started process (PID=151) to work on /home/airflow/.local/lib/python3.8/site-packages/airflow/example_dags/subdags/subdag.py
[2026-07-13T12:31:28.476+0000] {processor.py:830} INFO - Processing file /home/airflow/.local/lib/python3.8/site-packages/airflow/example_dags/subdags/subdag.py for tasks to queue
[2026-07-13T12:31:28.477+0000] {logging_mixin.py:188} INFO - [2026-07-13T12:31:28.477+0000] {dagbag.py:538} INFO - Filling up the DagBag from /home/airflow/.local/lib/python3.8/site-packages/airflow/example_dags/subdags/subdag.py
[2026-07-13T12:31:28.479+0000] {processor.py:842} WARNING - No viable dags retrieved from /home/airflow/.local/lib/python3.8/site-packages/airflow/example_dags/subdags/subdag.py
[2026-07-13T12:31:28.488+0000] {processor.py:183} INFO - Processing /home/airflow/.local/lib/python3.8/site-packages/airflow/example_dags/subdags/subdag.py took 0.015 seconds
[2026-07-13T12:31:59.032+0000] {processor.py:161} INFO - Started process (PID=207) to work on /home/airflow/.local/lib/python3.8/site-packages/airflow/example_dags/subdags/subdag.py
[2026-07-13T12:31:59.033+0000] {processor.py:830} INFO - Processing file /home/airflow/.local/lib/python3.8/site-packages/airflow/example_dags/subdags/subdag.py for tasks to queue
[2026-07-13T12:31:59.034+0000] {logging_mixin.py:188} INFO - [2026-07-13T12:31:59.034+0000] {dagbag.py:538} INFO - Filling up the DagBag from /home/airflow/.local/lib/python3.8/site-packages/airflow/example_dags/subdags/subdag.py
[2026-07-13T12:31:59.036+0000] {processor.py:842} WARNING - No viable dags retrieved from /home/airflow/.local/lib/python3.8/site-packages/airflow/example_dags/subdags/subdag.py
[2026-07-13T12:31:59.046+0000] {processor.py:183} INFO - Processing /home/airflow/.local/lib/python3.8/site-packages/airflow/example_dags/subdags/subdag.py took 0.016 seconds
[2026-07-13T12:32:29.461+0000] {processor.py:161} INFO - Started process (PID=264) to work on /home/airflow/.local/lib/python3.8/site-packages/airflow/example_dags/subdags/subdag.py
[2026-07-13T12:32:29.461+0000] {processor.py:830} INFO - Processing file /home/airflow/.local/lib/python3.8/site-packages/airflow/example_dags/subdags/subdag.py for tasks to queue
[2026-07-13T12:32:29.463+0000] {logging_mixin.py:188} INFO - [2026-07-13T12:32:29.463+0000] {dagbag.py:538} INFO - Filling up the DagBag from /home/airflow/.local/lib/python3.8/site-packages/airflow/example_dags/subdags/subdag.py
[2026-07-13T12:32:29.464+0000] {processor.py:842} WARNING - No viable dags retrieved from /home/airflow/.local/lib/python3.8/site-packages/airflow/example_dags/subdags/subdag.py
[2026-07-13T12:32:29.474+0000] {processor.py:183} INFO - Processing /home/airflow/.local/lib/python3.8/site-packages/airflow/example_dags/subdags/subdag.py took 0.016 seconds
[2026-07-13T12:33:00.783+0000] {processor.py:161} INFO - Started process (PID=320) to work on /home/airflow/.local/lib/python3.8/site-packages/airflow/example_dags/subdags/subdag.py
[2026-07-13T12:33:00.786+0000] {processor.py:830} INFO - Processing file /home/airflow/.local/lib/python3.8/site-packages/airflow/example_dags/subdags/subdag.py for tasks to queue
[2026-07-13T12:33:00.791+0000] {logging_mixin.py:188} INFO - [2026-07-13T12:33:00.790+0000] {dagbag.py:538} INFO - Filling up the DagBag from /home/airflow/.local/lib/python3.8/site-packages/airflow/example_dags/subdags/subdag.py
[2026-07-13T12:33:00.793+0000] {processor.py:842} WARNING - No viable dags retrieved from /home/airflow/.local/lib/python3.8/site-packages/airflow/example_dags/subdags/subdag.py
[2026-07-13T12:33:00.819+0000] {processor.py:183} INFO - Processing /home/airflow/.local/lib/python3.8/site-packages/airflow/example_dags/subdags/subdag.py took 0.040 seconds
[2026-07-13T12:33:31.582+0000] {processor.py:161} INFO - Started process (PID=377) to work on /home/airflow/.local/lib/python3.8/site-packages/airflow/example_dags/subdags/subdag.py
[2026-07-13T12:33:31.583+0000] {processor.py:830} INFO - Processing file /home/airflow/.local/lib/python3.8/site-packages/airflow/example_dags/subdags/subdag.py for tasks to queue
[2026-07-13T12:33:31.584+0000] {logging_mixin.py:188} INFO - [2026-07-13T12:33:31.584+0000] {dagbag.py:538} INFO - Filling up the DagBag from /home/airflow/.local/lib/python3.8/site-packages/airflow/example_dags/subdags/subdag.py
[2026-07-13T12:33:31.586+0000] {processor.py:842} WARNING - No viable dags retrieved from /home/airflow/.local/lib/python3.8/site-packages/airflow/example_dags/subdags/subdag.py
[2026-07-13T12:33:31.596+0000] {processor.py:183} INFO - Processing /home/airflow/.local/lib/python3.8/site-packages/airflow/example_dags/subdags/subdag.py took 0.016 seconds
[2026-07-13T12:34:02.142+0000] {processor.py:161} INFO - Started process (PID=433) to work on /home/airflow/.local/lib/python3.8/site-packages/airflow/example_dags/subdags/subdag.py
[2026-07-13T12:34:02.143+0000] {processor.py:830} INFO - Processing file /home/airflow/.local/lib/python3.8/site-packages/airflow/example_dags/subdags/subdag.py for tasks to queue
[2026-07-13T12:34:02.145+0000] {logging_mixin.py:188} INFO - [2026-07-13T12:34:02.144+0000] {dagbag.py:538} INFO - Filling up the DagBag from /home/airflow/.local/lib/python3.8/site-packages/airflow/example_dags/subdags/subdag.py
[2026-07-13T12:34:02.147+0000] {processor.py:842} WARNING - No viable dags retrieved from /home/airflow/.local/lib/python3.8/site-packages/airflow/example_dags/subdags/subdag.py
[2026-07-13T12:34:02.158+0000] {processor.py:183} INFO - Processing /home/airflow/.local/lib/python3.8/site-packages/airflow/example_dags/subdags/subdag.py took 0.019 seconds
[2026-07-13T12:34:32.710+0000] {processor.py:161} INFO - Started process (PID=489) to work on /home/airflow/.local/lib/python3.8/site-packages/airflow/example_dags/subdags/subdag.py
[2026-07-13T12:34:32.711+0000] {processor.py:830} INFO - Processing file /home/airflow/.local/lib/python3.8/site-packages/airflow/example_dags/subdags/subdag.py for tasks to queue
[2026-07-13T12:34:32.712+0000] {logging_mixin.py:188} INFO - [2026-07-13T12:34:32.712+0000] {dagbag.py:538} INFO - Filling up the DagBag from /home/airflow/.local/lib/python3.8/site-packages/airflow/example_dags/subdags/subdag.py
[2026-07-13T12:34:32.714+0000] {processor.py:842} WARNING - No viable dags retrieved from /home/airflow/.local/lib/python3.8/site-packages/airflow/example_dags/subdags/subdag.py
[2026-07-13T12:34:32.724+0000] {processor.py:183} INFO - Processing /home/airflow/.local/lib/python3.8/site-packages/airflow/example_dags/subdags/subdag.py took 0.016 seconds
[2026-07-13T12:35:03.470+0000] {processor.py:161} INFO - Started process (PID=545) to work on /home/airflow/.local/lib/python3.8/site-packages/airflow/example_dags/subdags/subdag.py
[2026-07-13T12:35:03.471+0000] {processor.py:830} INFO - Processing file /home/airflow/.local/lib/python3.8/site-packages/airflow/example_dags/subdags/subdag.py for tasks to queue
[2026-07-13T12:35:03.472+0000] {logging_mixin.py:188} INFO - [2026-07-13T12:35:03.472+0000] {dagbag.py:538} INFO - Filling up the DagBag from /home/airflow/.local/lib/python3.8/site-packages/airflow/example_dags/subdags/subdag.py
[2026-07-13T12:35:03.474+0000] {processor.py:842} WARNING - No viable dags retrieved from /home/airflow/.local/lib/python3.8/site-packages/airflow/example_dags/subdags/subdag.py
[2026-07-13T12:35:03.484+0000] {processor.py:183} INFO - Processing /home/airflow/.local/lib/python3.8/site-packages/airflow/example_dags/subdags/subdag.py took 0.018 seconds
[2026-07-13T12:35:34.033+0000] {processor.py:161} INFO - Started process (PID=601) to work on /home/airflow/.local/lib/python3.8/site-packages/airflow/example_dags/subdags/subdag.py
[2026-07-13T12:35:34.034+0000] {processor.py:830} INFO - Processing file /home/airflow/.local/lib/python3.8/site-packages/airflow/example_dags/subdags/subdag.py for tasks to queue
[2026-07-13T12:35:34.036+0000] {logging_mixin.py:188} INFO - [2026-07-13T12:35:34.035+0000] {dagbag.py:538} INFO - Filling up the DagBag from /home/airflow/.local/lib/python3.8/site-packages/airflow/example_dags/subdags/subdag.py
[2026-07-13T12:35:34.037+0000] {processor.py:842} WARNING - No viable dags retrieved from /home/airflow/.local/lib/python3.8/site-packages/airflow/example_dags/subdags/subdag.py
[2026-07-13T12:35:34.047+0000] {processor.py:183} INFO - Processing /home/airflow/.local/lib/python3.8/site-packages/airflow/example_dags/subdags/subdag.py took 0.016 seconds
[2026-07-13T12:36:04.820+0000] {processor.py:161} INFO - Started process (PID=657) to work on /home/airflow/.local/lib/python3.8/site-packages/airflow/example_dags/subdags/subdag.py
[2026-07-13T12:36:04.821+0000] {processor.py:830} INFO - Processing file /home/airflow/.local/lib/python3.8/site-packages/airflow/example_dags/subdags/subdag.py for tasks to queue
[2026-07-13T12:36:04.823+0000] {logging_mixin.py:188} INFO - [2026-07-13T12:36:04.822+0000] {dagbag.py:538} INFO - Filling up the DagBag from /home/airflow/.local/lib/python3.8/site-packages/airflow/example_dags/subdags/subdag.py
[2026-07-13T12:36:04.825+0000] {processor.py:842} WARNING - No viable dags retrieved from /home/airflow/.local/lib/python3.8/site-packages/airflow/example_dags/subdags/subdag.py
[2026-07-13T12:36:04.835+0000] {processor.py:183} INFO - Processing /home/airflow/.local/lib/python3.8/site-packages/airflow/example_dags/subdags/subdag.py took 0.018 seconds
[2026-07-13T12:36:35.440+0000] {processor.py:161} INFO - Started process (PID=713) to work on /home/airflow/.local/lib/python3.8/site-packages/airflow/example_dags/subdags/subdag.py
[2026-07-13T12:36:35.441+0000] {processor.py:830} INFO - Processing file /home/airflow/.local/lib/python3.8/site-packages/airflow/example_dags/subdags/subdag.py for tasks to queue
[2026-07-13T12:36:35.442+0000] {logging_mixin.py:188} INFO - [2026-07-13T12:36:35.442+0000] {dagbag.py:538} INFO - Filling up the DagBag from /home/airflow/.local/lib/python3.8/site-packages/airflow/example_dags/subdags/subdag.py
[2026-07-13T12:36:35.444+0000] {processor.py:842} WARNING - No viable dags retrieved from /home/airflow/.local/lib/python3.8/site-packages/airflow/example_dags/subdags/subdag.py
[2026-07-13T12:36:35.458+0000] {processor.py:183} INFO - Processing /home/airflow/.local/lib/python3.8/site-packages/airflow/example_dags/subdags/subdag.py took 0.021 seconds
[2026-07-13T12:37:05.881+0000] {processor.py:161} INFO - Started process (PID=769) to work on /home/airflow/.local/lib/python3.8/site-packages/airflow/example_dags/subdags/subdag.py
[2026-07-13T12:37:05.882+0000] {processor.py:830} INFO - Processing file /home/airflow/.local/lib/python3.8/site-packages/airflow/example_dags/subdags/subdag.py for tasks to queue
[2026-07-13T12:37:05.883+0000] {logging_mixin.py:188} INFO - [2026-07-13T12:37:05.883+0000] {dagbag.py:538} INFO - Filling up the DagBag from /home/airflow/.local/lib/python3.8/site-packages/airflow/example_dags/subdags/subdag.py
[2026-07-13T12:37:05.885+0000] {processor.py:842} WARNING - No viable dags retrieved from /home/airflow/.local/lib/python3.8/site-packages/airflow/example_dags/subdags/subdag.py
[2026-07-13T12:37:05.896+0000] {processor.py:183} INFO - Processing /home/airflow/.local/lib/python3.8/site-packages/airflow/example_dags/subdags/subdag.py took 0.018 seconds
[2026-07-13T12:37:36.506+0000] {processor.py:161} INFO - Started process (PID=825) to work on /home/airflow/.local/lib/python3.8/site-packages/airflow/example_dags/subdags/subdag.py
[2026-07-13T12:37:36.507+0000] {processor.py:830} INFO - Processing file /home/airflow/.local/lib/python3.8/site-packages/airflow/example_dags/subdags/subdag.py for tasks to queue
[2026-07-13T12:37:36.509+0000] {logging_mixin.py:188} INFO - [2026-07-13T12:37:36.509+0000] {dagbag.py:538} INFO - Filling up the DagBag from /home/airflow/.local/lib/python3.8/site-packages/airflow/example_dags/subdags/subdag.py
[2026-07-13T12:37:36.511+0000] {processor.py:842} WARNING - No viable dags retrieved from /home/airflow/.local/lib/python3.8/site-packages/airflow/example_dags/subdags/subdag.py
[2026-07-13T12:37:36.523+0000] {processor.py:183} INFO - Processing /home/airflow/.local/lib/python3.8/site-packages/airflow/example_dags/subdags/subdag.py took 0.020 seconds
[2026-07-13T12:38:06.755+0000] {processor.py:161} INFO - Started process (PID=881) to work on /home/airflow/.local/lib/python3.8/site-packages/airflow/example_dags/subdags/subdag.py
[2026-07-13T12:38:06.756+0000] {processor.py:830} INFO - Processing file /home/airflow/.local/lib/python3.8/site-packages/airflow/example_dags/subdags/subdag.py for tasks to queue
[2026-07-13T12:38:06.758+0000] {logging_mixin.py:188} INFO - [2026-07-13T12:38:06.757+0000] {dagbag.py:538} INFO - Filling up the DagBag from /home/airflow/.local/lib/python3.8/site-packages/airflow/example_dags/subdags/subdag.py
[2026-07-13T12:38:06.759+0000] {processor.py:842} WARNING - No viable dags retrieved from /home/airflow/.local/lib/python3.8/site-packages/airflow/example_dags/subdags/subdag.py
[2026-07-13T12:38:06.770+0000] {processor.py:183} INFO - Processing /home/airflow/.local/lib/python3.8/site-packages/airflow/example_dags/subdags/subdag.py took 0.017 seconds
[2026-07-13T12:38:36.864+0000] {processor.py:161} INFO - Started process (PID=937) to work on /home/airflow/.local/lib/python3.8/site-packages/airflow/example_dags/subdags/subdag.py
[2026-07-13T12:38:36.865+0000] {processor.py:830} INFO - Processing file /home/airflow/.local/lib/python3.8/site-packages/airflow/example_dags/subdags/subdag.py for tasks to queue
[2026-07-13T12:38:36.866+0000] {logging_mixin.py:188} INFO - [2026-07-13T12:38:36.866+0000] {dagbag.py:538} INFO - Filling up the DagBag from /home/airflow/.local/lib/python3.8/site-packages/airflow/example_dags/subdags/subdag.py
[2026-07-13T12:38:36.868+0000] {processor.py:842} WARNING - No viable dags retrieved from /home/airflow/.local/lib/python3.8/site-packages/airflow/example_dags/subdags/subdag.py
[2026-07-13T12:38:36.878+0000] {processor.py:183} INFO - Processing /home/airflow/.local/lib/python3.8/site-packages/airflow/example_dags/subdags/subdag.py took 0.017 seconds
[2026-07-13T12:39:06.979+0000] {processor.py:161} INFO - Started process (PID=993) to work on /home/airflow/.local/lib/python3.8/site-packages/airflow/example_dags/subdags/subdag.py
[2026-07-13T12:39:06.980+0000] {processor.py:830} INFO - Processing file /home/airflow/.local/lib/python3.8/site-packages/airflow/example_dags/subdags/subdag.py for tasks to queue
[2026-07-13T12:39:06.982+0000] {logging_mixin.py:188} INFO - [2026-07-13T12:39:06.982+0000] {dagbag.py:538} INFO - Filling up the DagBag from /home/airflow/.local/lib/python3.8/site-packages/airflow/example_dags/subdags/subdag.py
[2026-07-13T12:39:06.983+0000] {processor.py:842} WARNING - No viable dags retrieved from /home/airflow/.local/lib/python3.8/site-packages/airflow/example_dags/subdags/subdag.py
[2026-07-13T12:39:06.994+0000] {processor.py:183} INFO - Processing /home/airflow/.local/lib/python3.8/site-packages/airflow/example_dags/subdags/subdag.py took 0.017 seconds
[2026-07-13T12:39:37.269+0000] {processor.py:161} INFO - Started process (PID=1049) to work on /home/airflow/.local/lib/python3.8/site-packages/airflow/example_dags/subdags/subdag.py
[2026-07-13T12:39:37.270+0000] {processor.py:830} INFO - Processing file /home/airflow/.local/lib/python3.8/site-packages/airflow/example_dags/subdags/subdag.py for tasks to queue
[2026-07-13T12:39:37.272+0000] {logging_mixin.py:188} INFO - [2026-07-13T12:39:37.271+0000] {dagbag.py:538} INFO - Filling up the DagBag from /home/airflow/.local/lib/python3.8/site-packages/airflow/example_dags/subdags/subdag.py
[2026-07-13T12:39:37.273+0000] {processor.py:842} WARNING - No viable dags retrieved from /home/airflow/.local/lib/python3.8/site-packages/airflow/example_dags/subdags/subdag.py
[2026-07-13T12:39:37.283+0000] {processor.py:183} INFO - Processing /home/airflow/.local/lib/python3.8/site-packages/airflow/example_dags/subdags/subdag.py took 0.017 seconds
[2026-07-13T12:40:07.683+0000] {processor.py:161} INFO - Started process (PID=1105) to work on /home/airflow/.local/lib/python3.8/site-packages/airflow/example_dags/subdags/subdag.py
[2026-07-13T12:40:07.684+0000] {processor.py:830} INFO - Processing file /home/airflow/.local/lib/python3.8/site-packages/airflow/example_dags/subdags/subdag.py for tasks to queue
[2026-07-13T12:40:07.685+0000] {logging_mixin.py:188} INFO - [2026-07-13T12:40:07.685+0000] {dagbag.py:538} INFO - Filling up the DagBag from /home/airflow/.local/lib/python3.8/site-packages/airflow/example_dags/subdags/subdag.py
[2026-07-13T12:40:07.687+0000] {processor.py:842} WARNING - No viable dags retrieved from /home/airflow/.local/lib/python3.8/site-packages/airflow/example_dags/subdags/subdag.py
[2026-07-13T12:40:07.697+0000] {processor.py:183} INFO - Processing /home/airflow/.local/lib/python3.8/site-packages/airflow/example_dags/subdags/subdag.py took 0.016 seconds
[2026-07-13T12:40:38.435+0000] {processor.py:161} INFO - Started process (PID=1161) to work on /home/airflow/.local/lib/python3.8/site-packages/airflow/example_dags/subdags/subdag.py
[2026-07-13T12:40:38.436+0000] {processor.py:830} INFO - Processing file /home/airflow/.local/lib/python3.8/site-packages/airflow/example_dags/subdags/subdag.py for tasks to queue
[2026-07-13T12:40:38.438+0000] {logging_mixin.py:188} INFO - [2026-07-13T12:40:38.437+0000] {dagbag.py:538} INFO - Filling up the DagBag from /home/airflow/.local/lib/python3.8/site-packages/airflow/example_dags/subdags/subdag.py
[2026-07-13T12:40:38.439+0000] {processor.py:842} WARNING - No viable dags retrieved from /home/airflow/.local/lib/python3.8/site-packages/airflow/example_dags/subdags/subdag.py
[2026-07-13T12:40:38.450+0000] {processor.py:183} INFO - Processing /home/airflow/.local/lib/python3.8/site-packages/airflow/example_dags/subdags/subdag.py took 0.018 seconds
[2026-07-13T12:41:11.507+0000] {processor.py:161} INFO - Started process (PID=1217) to work on /home/airflow/.local/lib/python3.8/site-packages/airflow/example_dags/subdags/subdag.py
[2026-07-13T12:41:11.509+0000] {processor.py:830} INFO - Processing file /home/airflow/.local/lib/python3.8/site-packages/airflow/example_dags/subdags/subdag.py for tasks to queue
[2026-07-13T12:41:11.511+0000] {logging_mixin.py:188} INFO - [2026-07-13T12:41:11.511+0000] {dagbag.py:538} INFO - Filling up the DagBag from /home/airflow/.local/lib/python3.8/site-packages/airflow/example_dags/subdags/subdag.py
[2026-07-13T12:41:11.513+0000] {processor.py:842} WARNING - No viable dags retrieved from /home/airflow/.local/lib/python3.8/site-packages/airflow/example_dags/subdags/subdag.py
[2026-07-13T12:41:11.527+0000] {processor.py:183} INFO - Processing /home/airflow/.local/lib/python3.8/site-packages/airflow/example_dags/subdags/subdag.py took 0.026 seconds
[2026-07-13T12:41:43.200+0000] {processor.py:161} INFO - Started process (PID=1273) to work on /home/airflow/.local/lib/python3.8/site-packages/airflow/example_dags/subdags/subdag.py
[2026-07-13T12:41:43.201+0000] {processor.py:830} INFO - Processing file /home/airflow/.local/lib/python3.8/site-packages/airflow/example_dags/subdags/subdag.py for tasks to queue
[2026-07-13T12:41:43.202+0000] {logging_mixin.py:188} INFO - [2026-07-13T12:41:43.202+0000] {dagbag.py:538} INFO - Filling up the DagBag from /home/airflow/.local/lib/python3.8/site-packages/airflow/example_dags/subdags/subdag.py
[2026-07-13T12:41:43.204+0000] {processor.py:842} WARNING - No viable dags retrieved from /home/airflow/.local/lib/python3.8/site-packages/airflow/example_dags/subdags/subdag.py
[2026-07-13T12:41:43.213+0000] {processor.py:183} INFO - Processing /home/airflow/.local/lib/python3.8/site-packages/airflow/example_dags/subdags/subdag.py took 0.015 seconds
[2026-07-13T12:42:14.119+0000] {processor.py:161} INFO - Started process (PID=1329) to work on /home/airflow/.local/lib/python3.8/site-packages/airflow/example_dags/subdags/subdag.py
[2026-07-13T12:42:14.122+0000] {processor.py:830} INFO - Processing file /home/airflow/.local/lib/python3.8/site-packages/airflow/example_dags/subdags/subdag.py for tasks to queue
[2026-07-13T12:42:14.126+0000] {logging_mixin.py:188} INFO - [2026-07-13T12:42:14.125+0000] {dagbag.py:538} INFO - Filling up the DagBag from /home/airflow/.local/lib/python3.8/site-packages/airflow/example_dags/subdags/subdag.py
[2026-07-13T12:42:14.128+0000] {processor.py:842} WARNING - No viable dags retrieved from /home/airflow/.local/lib/python3.8/site-packages/airflow/example_dags/subdags/subdag.py
[2026-07-13T12:42:14.140+0000] {processor.py:183} INFO - Processing /home/airflow/.local/lib/python3.8/site-packages/airflow/example_dags/subdags/subdag.py took 0.026 seconds
[2026-07-13T12:42:44.967+0000] {processor.py:161} INFO - Started process (PID=1385) to work on /home/airflow/.local/lib/python3.8/site-packages/airflow/example_dags/subdags/subdag.py
[2026-07-13T12:42:44.969+0000] {processor.py:830} INFO - Processing file /home/airflow/.local/lib/python3.8/site-packages/airflow/example_dags/subdags/subdag.py for tasks to queue
[2026-07-13T12:42:44.973+0000] {logging_mixin.py:188} INFO - [2026-07-13T12:42:44.972+0000] {dagbag.py:538} INFO - Filling up the DagBag from /home/airflow/.local/lib/python3.8/site-packages/airflow/example_dags/subdags/subdag.py
[2026-07-13T12:42:44.976+0000] {processor.py:842} WARNING - No viable dags retrieved from /home/airflow/.local/lib/python3.8/site-packages/airflow/example_dags/subdags/subdag.py
[2026-07-13T12:42:44.998+0000] {processor.py:183} INFO - Processing /home/airflow/.local/lib/python3.8/site-packages/airflow/example_dags/subdags/subdag.py took 0.036 seconds
[2026-07-13T12:43:16.911+0000] {processor.py:161} INFO - Started process (PID=1441) to work on /home/airflow/.local/lib/python3.8/site-packages/airflow/example_dags/subdags/subdag.py
[2026-07-13T12:43:16.913+0000] {processor.py:830} INFO - Processing file /home/airflow/.local/lib/python3.8/site-packages/airflow/example_dags/subdags/subdag.py for tasks to queue
[2026-07-13T12:43:16.916+0000] {logging_mixin.py:188} INFO - [2026-07-13T12:43:16.916+0000] {dagbag.py:538} INFO - Filling up the DagBag from /home/airflow/.local/lib/python3.8/site-packages/airflow/example_dags/subdags/subdag.py
[2026-07-13T12:43:16.920+0000] {processor.py:842} WARNING - No viable dags retrieved from /home/airflow/.local/lib/python3.8/site-packages/airflow/example_dags/subdags/subdag.py
[2026-07-13T12:43:16.934+0000] {processor.py:183} INFO - Processing /home/airflow/.local/lib/python3.8/site-packages/airflow/example_dags/subdags/subdag.py took 0.026 seconds
[2026-07-13T12:43:49.303+0000] {processor.py:161} INFO - Started process (PID=1497) to work on /home/airflow/.local/lib/python3.8/site-packages/airflow/example_dags/subdags/subdag.py
[2026-07-13T12:43:49.304+0000] {processor.py:830} INFO - Processing file /home/airflow/.local/lib/python3.8/site-packages/airflow/example_dags/subdags/subdag.py for tasks to queue
[2026-07-13T12:43:49.307+0000] {logging_mixin.py:188} INFO - [2026-07-13T12:43:49.306+0000] {dagbag.py:538} INFO - Filling up the DagBag from /home/airflow/.local/lib/python3.8/site-packages/airflow/example_dags/subdags/subdag.py
[2026-07-13T12:43:49.309+0000] {processor.py:842} WARNING - No viable dags retrieved from /home/airflow/.local/lib/python3.8/site-packages/airflow/example_dags/subdags/subdag.py
[2026-07-13T12:43:49.328+0000] {processor.py:183} INFO - Processing /home/airflow/.local/lib/python3.8/site-packages/airflow/example_dags/subdags/subdag.py took 0.028 seconds
[2026-07-13T12:44:20.394+0000] {processor.py:161} INFO - Started process (PID=1553) to work on /home/airflow/.local/lib/python3.8/site-packages/airflow/example_dags/subdags/subdag.py
[2026-07-13T12:44:20.395+0000] {processor.py:830} INFO - Processing file /home/airflow/.local/lib/python3.8/site-packages/airflow/example_dags/subdags/subdag.py for tasks to queue
[2026-07-13T12:44:20.397+0000] {logging_mixin.py:188} INFO - [2026-07-13T12:44:20.397+0000] {dagbag.py:538} INFO - Filling up the DagBag from /home/airflow/.local/lib/python3.8/site-packages/airflow/example_dags/subdags/subdag.py
[2026-07-13T12:44:20.398+0000] {processor.py:842} WARNING - No viable dags retrieved from /home/airflow/.local/lib/python3.8/site-packages/airflow/example_dags/subdags/subdag.py
[2026-07-13T12:44:20.409+0000] {processor.py:183} INFO - Processing /home/airflow/.local/lib/python3.8/site-packages/airflow/example_dags/subdags/subdag.py took 0.017 seconds
[2026-07-13T12:44:52.329+0000] {processor.py:161} INFO - Started process (PID=1609) to work on /home/airflow/.local/lib/python3.8/site-packages/airflow/example_dags/subdags/subdag.py
[2026-07-13T12:44:52.330+0000] {processor.py:830} INFO - Processing file /home/airflow/.local/lib/python3.8/site-packages/airflow/example_dags/subdags/subdag.py for tasks to queue
[2026-07-13T12:44:52.333+0000] {logging_mixin.py:188} INFO - [2026-07-13T12:44:52.332+0000] {dagbag.py:538} INFO - Filling up the DagBag from /home/airflow/.local/lib/python3.8/site-packages/airflow/example_dags/subdags/subdag.py
[2026-07-13T12:44:52.335+0000] {processor.py:842} WARNING - No viable dags retrieved from /home/airflow/.local/lib/python3.8/site-packages/airflow/example_dags/subdags/subdag.py
[2026-07-13T12:44:52.348+0000] {processor.py:183} INFO - Processing /home/airflow/.local/lib/python3.8/site-packages/airflow/example_dags/subdags/subdag.py took 0.022 seconds
[2026-07-13T12:45:24.518+0000] {processor.py:161} INFO - Started process (PID=1665) to work on /home/airflow/.local/lib/python3.8/site-packages/airflow/example_dags/subdags/subdag.py
[2026-07-13T12:45:24.519+0000] {processor.py:830} INFO - Processing file /home/airflow/.local/lib/python3.8/site-packages/airflow/example_dags/subdags/subdag.py for tasks to queue
[2026-07-13T12:45:24.520+0000] {logging_mixin.py:188} INFO - [2026-07-13T12:45:24.520+0000] {dagbag.py:538} INFO - Filling up the DagBag from /home/airflow/.local/lib/python3.8/site-packages/airflow/example_dags/subdags/subdag.py
[2026-07-13T12:45:24.522+0000] {processor.py:842} WARNING - No viable dags retrieved from /home/airflow/.local/lib/python3.8/site-packages/airflow/example_dags/subdags/subdag.py
[2026-07-13T12:45:24.532+0000] {processor.py:183} INFO - Processing /home/airflow/.local/lib/python3.8/site-packages/airflow/example_dags/subdags/subdag.py took 0.016 seconds
[2026-07-13T12:45:56.344+0000] {processor.py:161} INFO - Started process (PID=1721) to work on /home/airflow/.local/lib/python3.8/site-packages/airflow/example_dags/subdags/subdag.py
[2026-07-13T12:45:56.346+0000] {processor.py:830} INFO - Processing file /home/airflow/.local/lib/python3.8/site-packages/airflow/example_dags/subdags/subdag.py for tasks to queue
[2026-07-13T12:45:56.351+0000] {logging_mixin.py:188} INFO - [2026-07-13T12:45:56.350+0000] {dagbag.py:538} INFO - Filling up the DagBag from /home/airflow/.local/lib/python3.8/site-packages/airflow/example_dags/subdags/subdag.py
[2026-07-13T12:45:56.355+0000] {processor.py:842} WARNING - No viable dags retrieved from /home/airflow/.local/lib/python3.8/site-packages/airflow/example_dags/subdags/subdag.py
[2026-07-13T12:45:56.378+0000] {processor.py:183} INFO - Processing /home/airflow/.local/lib/python3.8/site-packages/airflow/example_dags/subdags/subdag.py took 0.041 seconds
[2026-07-13T12:46:28.689+0000] {processor.py:161} INFO - Started process (PID=1777) to work on /home/airflow/.local/lib/python3.8/site-packages/airflow/example_dags/subdags/subdag.py
[2026-07-13T12:46:28.690+0000] {processor.py:830} INFO - Processing file /home/airflow/.local/lib/python3.8/site-packages/airflow/example_dags/subdags/subdag.py for tasks to queue
[2026-07-13T12:46:28.691+0000] {logging_mixin.py:188} INFO - [2026-07-13T12:46:28.691+0000] {dagbag.py:538} INFO - Filling up the DagBag from /home/airflow/.local/lib/python3.8/site-packages/airflow/example_dags/subdags/subdag.py
[2026-07-13T12:46:28.693+0000] {processor.py:842} WARNING - No viable dags retrieved from /home/airflow/.local/lib/python3.8/site-packages/airflow/example_dags/subdags/subdag.py
[2026-07-13T12:46:28.703+0000] {processor.py:183} INFO - Processing /home/airflow/.local/lib/python3.8/site-packages/airflow/example_dags/subdags/subdag.py took 0.016 seconds
[2026-07-13T12:47:00.815+0000] {processor.py:161} INFO - Started process (PID=1833) to work on /home/airflow/.local/lib/python3.8/site-packages/airflow/example_dags/subdags/subdag.py
[2026-07-13T12:47:00.816+0000] {processor.py:830} INFO - Processing file /home/airflow/.local/lib/python3.8/site-packages/airflow/example_dags/subdags/subdag.py for tasks to queue
[2026-07-13T12:47:00.817+0000] {logging_mixin.py:188} INFO - [2026-07-13T12:47:00.817+0000] {dagbag.py:538} INFO - Filling up the DagBag from /home/airflow/.local/lib/python3.8/site-packages/airflow/example_dags/subdags/subdag.py
[2026-07-13T12:47:00.820+0000] {processor.py:842} WARNING - No viable dags retrieved from /home/airflow/.local/lib/python3.8/site-packages/airflow/example_dags/subdags/subdag.py
[2026-07-13T12:47:00.837+0000] {processor.py:183} INFO - Processing /home/airflow/.local/lib/python3.8/site-packages/airflow/example_dags/subdags/subdag.py took 0.025 seconds
[2026-07-13T12:47:32.059+0000] {processor.py:161} INFO - Started process (PID=1889) to work on /home/airflow/.local/lib/python3.8/site-packages/airflow/example_dags/subdags/subdag.py
[2026-07-13T12:47:32.060+0000] {processor.py:830} INFO - Processing file /home/airflow/.local/lib/python3.8/site-packages/airflow/example_dags/subdags/subdag.py for tasks to queue
[2026-07-13T12:47:32.061+0000] {logging_mixin.py:188} INFO - [2026-07-13T12:47:32.061+0000] {dagbag.py:538} INFO - Filling up the DagBag from /home/airflow/.local/lib/python3.8/site-packages/airflow/example_dags/subdags/subdag.py
[2026-07-13T12:47:32.063+0000] {processor.py:842} WARNING - No viable dags retrieved from /home/airflow/.local/lib/python3.8/site-packages/airflow/example_dags/subdags/subdag.py
[2026-07-13T12:47:32.072+0000] {processor.py:183} INFO - Processing /home/airflow/.local/lib/python3.8/site-packages/airflow/example_dags/subdags/subdag.py took 0.016 seconds
[2026-07-13T12:48:04.587+0000] {processor.py:161} INFO - Started process (PID=1945) to work on /home/airflow/.local/lib/python3.8/site-packages/airflow/example_dags/subdags/subdag.py
[2026-07-13T12:48:04.588+0000] {processor.py:830} INFO - Processing file /home/airflow/.local/lib/python3.8/site-packages/airflow/example_dags/subdags/subdag.py for tasks to queue
[2026-07-13T12:48:04.589+0000] {logging_mixin.py:188} INFO - [2026-07-13T12:48:04.589+0000] {dagbag.py:538} INFO - Filling up the DagBag from /home/airflow/.local/lib/python3.8/site-packages/airflow/example_dags/subdags/subdag.py
[2026-07-13T12:48:04.591+0000] {processor.py:842} WARNING - No viable dags retrieved from /home/airflow/.local/lib/python3.8/site-packages/airflow/example_dags/subdags/subdag.py
[2026-07-13T12:48:04.604+0000] {processor.py:183} INFO - Processing /home/airflow/.local/lib/python3.8/site-packages/airflow/example_dags/subdags/subdag.py took 0.021 seconds
[2026-07-13T12:48:36.607+0000] {processor.py:161} INFO - Started process (PID=2001) to work on /home/airflow/.local/lib/python3.8/site-packages/airflow/example_dags/subdags/subdag.py
[2026-07-13T12:48:36.608+0000] {processor.py:830} INFO - Processing file /home/airflow/.local/lib/python3.8/site-packages/airflow/example_dags/subdags/subdag.py for tasks to queue
[2026-07-13T12:48:36.610+0000] {logging_mixin.py:188} INFO - [2026-07-13T12:48:36.610+0000] {dagbag.py:538} INFO - Filling up the DagBag from /home/airflow/.local/lib/python3.8/site-packages/airflow/example_dags/subdags/subdag.py
[2026-07-13T12:48:36.612+0000] {processor.py:842} WARNING - No viable dags retrieved from /home/airflow/.local/lib/python3.8/site-packages/airflow/example_dags/subdags/subdag.py
[2026-07-13T12:48:36.623+0000] {processor.py:183} INFO - Processing /home/airflow/.local/lib/python3.8/site-packages/airflow/example_dags/subdags/subdag.py took 0.019 seconds
[2026-07-13T12:49:13.517+0000] {processor.py:161} INFO - Started process (PID=2065) to work on /home/airflow/.local/lib/python3.8/site-packages/airflow/example_dags/subdags/subdag.py
[2026-07-13T12:49:13.519+0000] {processor.py:830} INFO - Processing file /home/airflow/.local/lib/python3.8/site-packages/airflow/example_dags/subdags/subdag.py for tasks to queue
[2026-07-13T12:49:13.522+0000] {logging_mixin.py:188} INFO - [2026-07-13T12:49:13.522+0000] {dagbag.py:538} INFO - Filling up the DagBag from /home/airflow/.local/lib/python3.8/site-packages/airflow/example_dags/subdags/subdag.py
[2026-07-13T12:49:13.527+0000] {processor.py:842} WARNING - No viable dags retrieved from /home/airflow/.local/lib/python3.8/site-packages/airflow/example_dags/subdags/subdag.py
[2026-07-13T12:49:13.551+0000] {processor.py:183} INFO - Processing /home/airflow/.local/lib/python3.8/site-packages/airflow/example_dags/subdags/subdag.py took 0.039 seconds
[2026-07-13T13:04:34.941+0000] {processor.py:161} INFO - Started process (PID=84) to work on /home/airflow/.local/lib/python3.8/site-packages/airflow/example_dags/subdags/subdag.py
[2026-07-13T13:04:34.942+0000] {processor.py:830} INFO - Processing file /home/airflow/.local/lib/python3.8/site-packages/airflow/example_dags/subdags/subdag.py for tasks to queue
[2026-07-13T13:04:34.943+0000] {logging_mixin.py:188} INFO - [2026-07-13T13:04:34.943+0000] {dagbag.py:538} INFO - Filling up the DagBag from /home/airflow/.local/lib/python3.8/site-packages/airflow/example_dags/subdags/subdag.py
[2026-07-13T13:04:34.945+0000] {processor.py:842} WARNING - No viable dags retrieved from /home/airflow/.local/lib/python3.8/site-packages/airflow/example_dags/subdags/subdag.py
[2026-07-13T13:04:34.955+0000] {processor.py:183} INFO - Processing /home/airflow/.local/lib/python3.8/site-packages/airflow/example_dags/subdags/subdag.py took 0.016 seconds
[2026-07-13T13:05:05.863+0000] {processor.py:161} INFO - Started process (PID=140) to work on /home/airflow/.local/lib/python3.8/site-packages/airflow/example_dags/subdags/subdag.py
[2026-07-13T13:05:05.864+0000] {processor.py:830} INFO - Processing file /home/airflow/.local/lib/python3.8/site-packages/airflow/example_dags/subdags/subdag.py for tasks to queue
[2026-07-13T13:05:05.865+0000] {logging_mixin.py:188} INFO - [2026-07-13T13:05:05.865+0000] {dagbag.py:538} INFO - Filling up the DagBag from /home/airflow/.local/lib/python3.8/site-packages/airflow/example_dags/subdags/subdag.py
[2026-07-13T13:05:05.867+0000] {processor.py:842} WARNING - No viable dags retrieved from /home/airflow/.local/lib/python3.8/site-packages/airflow/example_dags/subdags/subdag.py
[2026-07-13T13:05:05.877+0000] {processor.py:183} INFO - Processing /home/airflow/.local/lib/python3.8/site-packages/airflow/example_dags/subdags/subdag.py took 0.017 seconds
[2026-07-13T13:05:36.503+0000] {processor.py:161} INFO - Started process (PID=197) to work on /home/airflow/.local/lib/python3.8/site-packages/airflow/example_dags/subdags/subdag.py
[2026-07-13T13:05:36.504+0000] {processor.py:830} INFO - Processing file /home/airflow/.local/lib/python3.8/site-packages/airflow/example_dags/subdags/subdag.py for tasks to queue
[2026-07-13T13:05:36.505+0000] {logging_mixin.py:188} INFO - [2026-07-13T13:05:36.505+0000] {dagbag.py:538} INFO - Filling up the DagBag from /home/airflow/.local/lib/python3.8/site-packages/airflow/example_dags/subdags/subdag.py
[2026-07-13T13:05:36.507+0000] {processor.py:842} WARNING - No viable dags retrieved from /home/airflow/.local/lib/python3.8/site-packages/airflow/example_dags/subdags/subdag.py
[2026-07-13T13:05:36.517+0000] {processor.py:183} INFO - Processing /home/airflow/.local/lib/python3.8/site-packages/airflow/example_dags/subdags/subdag.py took 0.016 seconds
[2026-07-13T13:06:06.693+0000] {processor.py:161} INFO - Started process (PID=252) to work on /home/airflow/.local/lib/python3.8/site-packages/airflow/example_dags/subdags/subdag.py
[2026-07-13T13:06:06.694+0000] {processor.py:830} INFO - Processing file /home/airflow/.local/lib/python3.8/site-packages/airflow/example_dags/subdags/subdag.py for tasks to queue
[2026-07-13T13:06:06.695+0000] {logging_mixin.py:188} INFO - [2026-07-13T13:06:06.695+0000] {dagbag.py:538} INFO - Filling up the DagBag from /home/airflow/.local/lib/python3.8/site-packages/airflow/example_dags/subdags/subdag.py
[2026-07-13T13:06:06.697+0000] {processor.py:842} WARNING - No viable dags retrieved from /home/airflow/.local/lib/python3.8/site-packages/airflow/example_dags/subdags/subdag.py
[2026-07-13T13:06:06.709+0000] {processor.py:183} INFO - Processing /home/airflow/.local/lib/python3.8/site-packages/airflow/example_dags/subdags/subdag.py took 0.018 seconds
[2026-07-13T13:06:38.257+0000] {processor.py:161} INFO - Started process (PID=308) to work on /home/airflow/.local/lib/python3.8/site-packages/airflow/example_dags/subdags/subdag.py
[2026-07-13T13:06:38.258+0000] {processor.py:830} INFO - Processing file /home/airflow/.local/lib/python3.8/site-packages/airflow/example_dags/subdags/subdag.py for tasks to queue
[2026-07-13T13:06:38.260+0000] {logging_mixin.py:188} INFO - [2026-07-13T13:06:38.260+0000] {dagbag.py:538} INFO - Filling up the DagBag from /home/airflow/.local/lib/python3.8/site-packages/airflow/example_dags/subdags/subdag.py
[2026-07-13T13:06:38.262+0000] {processor.py:842} WARNING - No viable dags retrieved from /home/airflow/.local/lib/python3.8/site-packages/airflow/example_dags/subdags/subdag.py
[2026-07-13T13:06:38.278+0000] {processor.py:183} INFO - Processing /home/airflow/.local/lib/python3.8/site-packages/airflow/example_dags/subdags/subdag.py took 0.023 seconds
[2026-07-13T13:07:09.280+0000] {processor.py:161} INFO - Started process (PID=365) to work on /home/airflow/.local/lib/python3.8/site-packages/airflow/example_dags/subdags/subdag.py
[2026-07-13T13:07:09.281+0000] {processor.py:830} INFO - Processing file /home/airflow/.local/lib/python3.8/site-packages/airflow/example_dags/subdags/subdag.py for tasks to queue
[2026-07-13T13:07:09.282+0000] {logging_mixin.py:188} INFO - [2026-07-13T13:07:09.282+0000] {dagbag.py:538} INFO - Filling up the DagBag from /home/airflow/.local/lib/python3.8/site-packages/airflow/example_dags/subdags/subdag.py
[2026-07-13T13:07:09.284+0000] {processor.py:842} WARNING - No viable dags retrieved from /home/airflow/.local/lib/python3.8/site-packages/airflow/example_dags/subdags/subdag.py
[2026-07-13T13:07:09.293+0000] {processor.py:183} INFO - Processing /home/airflow/.local/lib/python3.8/site-packages/airflow/example_dags/subdags/subdag.py took 0.016 seconds
[2026-07-13T13:07:40.298+0000] {processor.py:161} INFO - Started process (PID=421) to work on /home/airflow/.local/lib/python3.8/site-packages/airflow/example_dags/subdags/subdag.py
[2026-07-13T13:07:40.299+0000] {processor.py:830} INFO - Processing file /home/airflow/.local/lib/python3.8/site-packages/airflow/example_dags/subdags/subdag.py for tasks to queue
[2026-07-13T13:07:40.300+0000] {logging_mixin.py:188} INFO - [2026-07-13T13:07:40.300+0000] {dagbag.py:538} INFO - Filling up the DagBag from /home/airflow/.local/lib/python3.8/site-packages/airflow/example_dags/subdags/subdag.py
[2026-07-13T13:07:40.302+0000] {processor.py:842} WARNING - No viable dags retrieved from /home/airflow/.local/lib/python3.8/site-packages/airflow/example_dags/subdags/subdag.py
[2026-07-13T13:07:40.312+0000] {processor.py:183} INFO - Processing /home/airflow/.local/lib/python3.8/site-packages/airflow/example_dags/subdags/subdag.py took 0.016 seconds
[2026-07-13T13:08:11.546+0000] {processor.py:161} INFO - Started process (PID=477) to work on /home/airflow/.local/lib/python3.8/site-packages/airflow/example_dags/subdags/subdag.py
[2026-07-13T13:08:11.547+0000] {processor.py:830} INFO - Processing file /home/airflow/.local/lib/python3.8/site-packages/airflow/example_dags/subdags/subdag.py for tasks to queue
[2026-07-13T13:08:11.548+0000] {logging_mixin.py:188} INFO - [2026-07-13T13:08:11.548+0000] {dagbag.py:538} INFO - Filling up the DagBag from /home/airflow/.local/lib/python3.8/site-packages/airflow/example_dags/subdags/subdag.py
[2026-07-13T13:08:11.550+0000] {processor.py:842} WARNING - No viable dags retrieved from /home/airflow/.local/lib/python3.8/site-packages/airflow/example_dags/subdags/subdag.py
[2026-07-13T13:08:11.562+0000] {processor.py:183} INFO - Processing /home/airflow/.local/lib/python3.8/site-packages/airflow/example_dags/subdags/subdag.py took 0.019 seconds
[2026-07-13T13:08:43.048+0000] {processor.py:161} INFO - Started process (PID=533) to work on /home/airflow/.local/lib/python3.8/site-packages/airflow/example_dags/subdags/subdag.py
[2026-07-13T13:08:43.049+0000] {processor.py:830} INFO - Processing file /home/airflow/.local/lib/python3.8/site-packages/airflow/example_dags/subdags/subdag.py for tasks to queue
[2026-07-13T13:08:43.051+0000] {logging_mixin.py:188} INFO - [2026-07-13T13:08:43.051+0000] {dagbag.py:538} INFO - Filling up the DagBag from /home/airflow/.local/lib/python3.8/site-packages/airflow/example_dags/subdags/subdag.py
[2026-07-13T13:08:43.053+0000] {processor.py:842} WARNING - No viable dags retrieved from /home/airflow/.local/lib/python3.8/site-packages/airflow/example_dags/subdags/subdag.py
[2026-07-13T13:08:43.065+0000] {processor.py:183} INFO - Processing /home/airflow/.local/lib/python3.8/site-packages/airflow/example_dags/subdags/subdag.py took 0.020 seconds
[2026-07-13T13:09:15.942+0000] {processor.py:161} INFO - Started process (PID=589) to work on /home/airflow/.local/lib/python3.8/site-packages/airflow/example_dags/subdags/subdag.py
[2026-07-13T13:09:15.943+0000] {processor.py:830} INFO - Processing file /home/airflow/.local/lib/python3.8/site-packages/airflow/example_dags/subdags/subdag.py for tasks to queue
[2026-07-13T13:09:15.945+0000] {logging_mixin.py:188} INFO - [2026-07-13T13:09:15.944+0000] {dagbag.py:538} INFO - Filling up the DagBag from /home/airflow/.local/lib/python3.8/site-packages/airflow/example_dags/subdags/subdag.py
[2026-07-13T13:09:15.947+0000] {processor.py:842} WARNING - No viable dags retrieved from /home/airflow/.local/lib/python3.8/site-packages/airflow/example_dags/subdags/subdag.py
[2026-07-13T13:09:15.965+0000] {processor.py:183} INFO - Processing /home/airflow/.local/lib/python3.8/site-packages/airflow/example_dags/subdags/subdag.py took 0.027 seconds
[2026-07-13T13:11:57.990+0000] {processor.py:161} INFO - Started process (PID=115) to work on /home/airflow/.local/lib/python3.8/site-packages/airflow/example_dags/subdags/subdag.py
[2026-07-13T13:11:57.991+0000] {processor.py:830} INFO - Processing file /home/airflow/.local/lib/python3.8/site-packages/airflow/example_dags/subdags/subdag.py for tasks to queue
[2026-07-13T13:11:57.994+0000] {logging_mixin.py:188} INFO - [2026-07-13T13:11:57.994+0000] {dagbag.py:538} INFO - Filling up the DagBag from /home/airflow/.local/lib/python3.8/site-packages/airflow/example_dags/subdags/subdag.py
[2026-07-13T13:11:57.997+0000] {processor.py:842} WARNING - No viable dags retrieved from /home/airflow/.local/lib/python3.8/site-packages/airflow/example_dags/subdags/subdag.py
[2026-07-13T13:11:58.017+0000] {processor.py:183} INFO - Processing /home/airflow/.local/lib/python3.8/site-packages/airflow/example_dags/subdags/subdag.py took 0.032 seconds
[2026-07-13T13:12:28.613+0000] {processor.py:161} INFO - Started process (PID=171) to work on /home/airflow/.local/lib/python3.8/site-packages/airflow/example_dags/subdags/subdag.py
[2026-07-13T13:12:28.614+0000] {processor.py:830} INFO - Processing file /home/airflow/.local/lib/python3.8/site-packages/airflow/example_dags/subdags/subdag.py for tasks to queue
[2026-07-13T13:12:28.616+0000] {logging_mixin.py:188} INFO - [2026-07-13T13:12:28.616+0000] {dagbag.py:538} INFO - Filling up the DagBag from /home/airflow/.local/lib/python3.8/site-packages/airflow/example_dags/subdags/subdag.py
[2026-07-13T13:12:28.618+0000] {processor.py:842} WARNING - No viable dags retrieved from /home/airflow/.local/lib/python3.8/site-packages/airflow/example_dags/subdags/subdag.py
[2026-07-13T13:12:28.631+0000] {processor.py:183} INFO - Processing /home/airflow/.local/lib/python3.8/site-packages/airflow/example_dags/subdags/subdag.py took 0.021 seconds
[2026-07-13T13:12:59.407+0000] {processor.py:161} INFO - Started process (PID=227) to work on /home/airflow/.local/lib/python3.8/site-packages/airflow/example_dags/subdags/subdag.py
[2026-07-13T13:12:59.408+0000] {processor.py:830} INFO - Processing file /home/airflow/.local/lib/python3.8/site-packages/airflow/example_dags/subdags/subdag.py for tasks to queue
[2026-07-13T13:12:59.410+0000] {logging_mixin.py:188} INFO - [2026-07-13T13:12:59.409+0000] {dagbag.py:538} INFO - Filling up the DagBag from /home/airflow/.local/lib/python3.8/site-packages/airflow/example_dags/subdags/subdag.py
[2026-07-13T13:12:59.411+0000] {processor.py:842} WARNING - No viable dags retrieved from /home/airflow/.local/lib/python3.8/site-packages/airflow/example_dags/subdags/subdag.py
[2026-07-13T13:12:59.422+0000] {processor.py:183} INFO - Processing /home/airflow/.local/lib/python3.8/site-packages/airflow/example_dags/subdags/subdag.py took 0.018 seconds
[2026-07-13T13:13:30.302+0000] {processor.py:161} INFO - Started process (PID=283) to work on /home/airflow/.local/lib/python3.8/site-packages/airflow/example_dags/subdags/subdag.py
[2026-07-13T13:13:30.304+0000] {processor.py:830} INFO - Processing file /home/airflow/.local/lib/python3.8/site-packages/airflow/example_dags/subdags/subdag.py for tasks to queue
[2026-07-13T13:13:30.305+0000] {logging_mixin.py:188} INFO - [2026-07-13T13:13:30.305+0000] {dagbag.py:538} INFO - Filling up the DagBag from /home/airflow/.local/lib/python3.8/site-packages/airflow/example_dags/subdags/subdag.py
[2026-07-13T13:13:30.307+0000] {processor.py:842} WARNING - No viable dags retrieved from /home/airflow/.local/lib/python3.8/site-packages/airflow/example_dags/subdags/subdag.py
[2026-07-13T13:13:30.317+0000] {processor.py:183} INFO - Processing /home/airflow/.local/lib/python3.8/site-packages/airflow/example_dags/subdags/subdag.py took 0.018 seconds
[2026-07-13T13:14:01.830+0000] {processor.py:161} INFO - Started process (PID=333) to work on /home/airflow/.local/lib/python3.8/site-packages/airflow/example_dags/subdags/subdag.py
[2026-07-13T13:14:01.831+0000] {processor.py:830} INFO - Processing file /home/airflow/.local/lib/python3.8/site-packages/airflow/example_dags/subdags/subdag.py for tasks to queue
[2026-07-13T13:14:01.833+0000] {logging_mixin.py:188} INFO - [2026-07-13T13:14:01.833+0000] {dagbag.py:538} INFO - Filling up the DagBag from /home/airflow/.local/lib/python3.8/site-packages/airflow/example_dags/subdags/subdag.py
[2026-07-13T13:14:01.834+0000] {processor.py:842} WARNING - No viable dags retrieved from /home/airflow/.local/lib/python3.8/site-packages/airflow/example_dags/subdags/subdag.py
[2026-07-13T13:14:01.845+0000] {processor.py:183} INFO - Processing /home/airflow/.local/lib/python3.8/site-packages/airflow/example_dags/subdags/subdag.py took 0.018 seconds
[2026-07-13T13:14:34.344+0000] {processor.py:161} INFO - Started process (PID=395) to work on /home/airflow/.local/lib/python3.8/site-packages/airflow/example_dags/subdags/subdag.py
[2026-07-13T13:14:34.345+0000] {processor.py:830} INFO - Processing file /home/airflow/.local/lib/python3.8/site-packages/airflow/example_dags/subdags/subdag.py for tasks to queue
[2026-07-13T13:14:34.346+0000] {logging_mixin.py:188} INFO - [2026-07-13T13:14:34.346+0000] {dagbag.py:538} INFO - Filling up the DagBag from /home/airflow/.local/lib/python3.8/site-packages/airflow/example_dags/subdags/subdag.py
[2026-07-13T13:14:34.348+0000] {processor.py:842} WARNING - No viable dags retrieved from /home/airflow/.local/lib/python3.8/site-packages/airflow/example_dags/subdags/subdag.py
[2026-07-13T13:14:34.358+0000] {processor.py:183} INFO - Processing /home/airflow/.local/lib/python3.8/site-packages/airflow/example_dags/subdags/subdag.py took 0.019 seconds
[2026-07-13T13:15:06.591+0000] {processor.py:161} INFO - Started process (PID=451) to work on /home/airflow/.local/lib/python3.8/site-packages/airflow/example_dags/subdags/subdag.py
[2026-07-13T13:15:06.592+0000] {processor.py:830} INFO - Processing file /home/airflow/.local/lib/python3.8/site-packages/airflow/example_dags/subdags/subdag.py for tasks to queue
[2026-07-13T13:15:06.593+0000] {logging_mixin.py:188} INFO - [2026-07-13T13:15:06.593+0000] {dagbag.py:538} INFO - Filling up the DagBag from /home/airflow/.local/lib/python3.8/site-packages/airflow/example_dags/subdags/subdag.py
[2026-07-13T13:15:06.595+0000] {processor.py:842} WARNING - No viable dags retrieved from /home/airflow/.local/lib/python3.8/site-packages/airflow/example_dags/subdags/subdag.py
[2026-07-13T13:15:06.606+0000] {processor.py:183} INFO - Processing /home/airflow/.local/lib/python3.8/site-packages/airflow/example_dags/subdags/subdag.py took 0.018 seconds
[2026-07-13T13:15:38.255+0000] {processor.py:161} INFO - Started process (PID=501) to work on /home/airflow/.local/lib/python3.8/site-packages/airflow/example_dags/subdags/subdag.py
[2026-07-13T13:15:38.257+0000] {processor.py:830} INFO - Processing file /home/airflow/.local/lib/python3.8/site-packages/airflow/example_dags/subdags/subdag.py for tasks to queue
[2026-07-13T13:15:38.259+0000] {logging_mixin.py:188} INFO - [2026-07-13T13:15:38.259+0000] {dagbag.py:538} INFO - Filling up the DagBag from /home/airflow/.local/lib/python3.8/site-packages/airflow/example_dags/subdags/subdag.py
[2026-07-13T13:15:38.261+0000] {processor.py:842} WARNING - No viable dags retrieved from /home/airflow/.local/lib/python3.8/site-packages/airflow/example_dags/subdags/subdag.py
[2026-07-13T13:15:38.274+0000] {processor.py:183} INFO - Processing /home/airflow/.local/lib/python3.8/site-packages/airflow/example_dags/subdags/subdag.py took 0.022 seconds
[2026-07-13T13:16:08.545+0000] {processor.py:161} INFO - Started process (PID=557) to work on /home/airflow/.local/lib/python3.8/site-packages/airflow/example_dags/subdags/subdag.py
[2026-07-13T13:16:08.546+0000] {processor.py:830} INFO - Processing file /home/airflow/.local/lib/python3.8/site-packages/airflow/example_dags/subdags/subdag.py for tasks to queue
[2026-07-13T13:16:08.547+0000] {logging_mixin.py:188} INFO - [2026-07-13T13:16:08.547+0000] {dagbag.py:538} INFO - Filling up the DagBag from /home/airflow/.local/lib/python3.8/site-packages/airflow/example_dags/subdags/subdag.py
[2026-07-13T13:16:08.549+0000] {processor.py:842} WARNING - No viable dags retrieved from /home/airflow/.local/lib/python3.8/site-packages/airflow/example_dags/subdags/subdag.py
[2026-07-13T13:16:08.561+0000] {processor.py:183} INFO - Processing /home/airflow/.local/lib/python3.8/site-packages/airflow/example_dags/subdags/subdag.py took 0.018 seconds
[2026-07-13T13:16:38.786+0000] {processor.py:161} INFO - Started process (PID=613) to work on /home/airflow/.local/lib/python3.8/site-packages/airflow/example_dags/subdags/subdag.py
[2026-07-13T13:16:38.788+0000] {processor.py:830} INFO - Processing file /home/airflow/.local/lib/python3.8/site-packages/airflow/example_dags/subdags/subdag.py for tasks to queue
[2026-07-13T13:16:38.789+0000] {logging_mixin.py:188} INFO - [2026-07-13T13:16:38.789+0000] {dagbag.py:538} INFO - Filling up the DagBag from /home/airflow/.local/lib/python3.8/site-packages/airflow/example_dags/subdags/subdag.py
[2026-07-13T13:16:38.791+0000] {processor.py:842} WARNING - No viable dags retrieved from /home/airflow/.local/lib/python3.8/site-packages/airflow/example_dags/subdags/subdag.py
[2026-07-13T13:16:38.802+0000] {processor.py:183} INFO - Processing /home/airflow/.local/lib/python3.8/site-packages/airflow/example_dags/subdags/subdag.py took 0.019 seconds
[2026-07-13T13:17:09.419+0000] {processor.py:161} INFO - Started process (PID=669) to work on /home/airflow/.local/lib/python3.8/site-packages/airflow/example_dags/subdags/subdag.py
[2026-07-13T13:17:09.420+0000] {processor.py:830} INFO - Processing file /home/airflow/.local/lib/python3.8/site-packages/airflow/example_dags/subdags/subdag.py for tasks to queue
[2026-07-13T13:17:09.422+0000] {logging_mixin.py:188} INFO - [2026-07-13T13:17:09.421+0000] {dagbag.py:538} INFO - Filling up the DagBag from /home/airflow/.local/lib/python3.8/site-packages/airflow/example_dags/subdags/subdag.py
[2026-07-13T13:17:09.423+0000] {processor.py:842} WARNING - No viable dags retrieved from /home/airflow/.local/lib/python3.8/site-packages/airflow/example_dags/subdags/subdag.py
[2026-07-13T13:17:09.436+0000] {processor.py:183} INFO - Processing /home/airflow/.local/lib/python3.8/site-packages/airflow/example_dags/subdags/subdag.py took 0.019 seconds
[2026-07-13T13:17:41.166+0000] {processor.py:161} INFO - Started process (PID=725) to work on /home/airflow/.local/lib/python3.8/site-packages/airflow/example_dags/subdags/subdag.py
[2026-07-13T13:17:41.167+0000] {processor.py:830} INFO - Processing file /home/airflow/.local/lib/python3.8/site-packages/airflow/example_dags/subdags/subdag.py for tasks to queue
[2026-07-13T13:17:41.169+0000] {logging_mixin.py:188} INFO - [2026-07-13T13:17:41.168+0000] {dagbag.py:538} INFO - Filling up the DagBag from /home/airflow/.local/lib/python3.8/site-packages/airflow/example_dags/subdags/subdag.py
[2026-07-13T13:17:41.170+0000] {processor.py:842} WARNING - No viable dags retrieved from /home/airflow/.local/lib/python3.8/site-packages/airflow/example_dags/subdags/subdag.py
[2026-07-13T13:17:41.185+0000] {processor.py:183} INFO - Processing /home/airflow/.local/lib/python3.8/site-packages/airflow/example_dags/subdags/subdag.py took 0.023 seconds
[2026-07-13T13:18:14.072+0000] {processor.py:161} INFO - Started process (PID=781) to work on /home/airflow/.local/lib/python3.8/site-packages/airflow/example_dags/subdags/subdag.py
[2026-07-13T13:18:14.073+0000] {processor.py:830} INFO - Processing file /home/airflow/.local/lib/python3.8/site-packages/airflow/example_dags/subdags/subdag.py for tasks to queue
[2026-07-13T13:18:14.075+0000] {logging_mixin.py:188} INFO - [2026-07-13T13:18:14.074+0000] {dagbag.py:538} INFO - Filling up the DagBag from /home/airflow/.local/lib/python3.8/site-packages/airflow/example_dags/subdags/subdag.py
[2026-07-13T13:18:14.076+0000] {processor.py:842} WARNING - No viable dags retrieved from /home/airflow/.local/lib/python3.8/site-packages/airflow/example_dags/subdags/subdag.py
[2026-07-13T13:18:14.088+0000] {processor.py:183} INFO - Processing /home/airflow/.local/lib/python3.8/site-packages/airflow/example_dags/subdags/subdag.py took 0.019 seconds
[2026-07-13T13:18:46.782+0000] {processor.py:161} INFO - Started process (PID=837) to work on /home/airflow/.local/lib/python3.8/site-packages/airflow/example_dags/subdags/subdag.py
[2026-07-13T13:18:46.797+0000] {processor.py:830} INFO - Processing file /home/airflow/.local/lib/python3.8/site-packages/airflow/example_dags/subdags/subdag.py for tasks to queue
[2026-07-13T13:18:46.798+0000] {logging_mixin.py:188} INFO - [2026-07-13T13:18:46.798+0000] {dagbag.py:538} INFO - Filling up the DagBag from /home/airflow/.local/lib/python3.8/site-packages/airflow/example_dags/subdags/subdag.py
[2026-07-13T13:18:46.800+0000] {processor.py:842} WARNING - No viable dags retrieved from /home/airflow/.local/lib/python3.8/site-packages/airflow/example_dags/subdags/subdag.py
[2026-07-13T13:18:46.818+0000] {processor.py:183} INFO - Processing /home/airflow/.local/lib/python3.8/site-packages/airflow/example_dags/subdags/subdag.py took 0.039 seconds
[2026-07-13T13:19:17.459+0000] {processor.py:161} INFO - Started process (PID=894) to work on /home/airflow/.local/lib/python3.8/site-packages/airflow/example_dags/subdags/subdag.py
[2026-07-13T13:19:17.460+0000] {processor.py:830} INFO - Processing file /home/airflow/.local/lib/python3.8/site-packages/airflow/example_dags/subdags/subdag.py for tasks to queue
[2026-07-13T13:19:17.462+0000] {logging_mixin.py:188} INFO - [2026-07-13T13:19:17.461+0000] {dagbag.py:538} INFO - Filling up the DagBag from /home/airflow/.local/lib/python3.8/site-packages/airflow/example_dags/subdags/subdag.py
[2026-07-13T13:19:17.464+0000] {processor.py:842} WARNING - No viable dags retrieved from /home/airflow/.local/lib/python3.8/site-packages/airflow/example_dags/subdags/subdag.py
[2026-07-13T13:19:17.476+0000] {processor.py:183} INFO - Processing /home/airflow/.local/lib/python3.8/site-packages/airflow/example_dags/subdags/subdag.py took 0.021 seconds
[2026-07-13T13:19:47.707+0000] {processor.py:161} INFO - Started process (PID=950) to work on /home/airflow/.local/lib/python3.8/site-packages/airflow/example_dags/subdags/subdag.py
[2026-07-13T13:19:47.708+0000] {processor.py:830} INFO - Processing file /home/airflow/.local/lib/python3.8/site-packages/airflow/example_dags/subdags/subdag.py for tasks to queue
[2026-07-13T13:19:47.710+0000] {logging_mixin.py:188} INFO - [2026-07-13T13:19:47.710+0000] {dagbag.py:538} INFO - Filling up the DagBag from /home/airflow/.local/lib/python3.8/site-packages/airflow/example_dags/subdags/subdag.py
[2026-07-13T13:19:47.711+0000] {processor.py:842} WARNING - No viable dags retrieved from /home/airflow/.local/lib/python3.8/site-packages/airflow/example_dags/subdags/subdag.py
[2026-07-13T13:19:47.724+0000] {processor.py:183} INFO - Processing /home/airflow/.local/lib/python3.8/site-packages/airflow/example_dags/subdags/subdag.py took 0.019 seconds
[2026-07-13T13:20:18.690+0000] {processor.py:161} INFO - Started process (PID=1006) to work on /home/airflow/.local/lib/python3.8/site-packages/airflow/example_dags/subdags/subdag.py
[2026-07-13T13:20:18.691+0000] {processor.py:830} INFO - Processing file /home/airflow/.local/lib/python3.8/site-packages/airflow/example_dags/subdags/subdag.py for tasks to queue
[2026-07-13T13:20:18.692+0000] {logging_mixin.py:188} INFO - [2026-07-13T13:20:18.692+0000] {dagbag.py:538} INFO - Filling up the DagBag from /home/airflow/.local/lib/python3.8/site-packages/airflow/example_dags/subdags/subdag.py
[2026-07-13T13:20:18.694+0000] {processor.py:842} WARNING - No viable dags retrieved from /home/airflow/.local/lib/python3.8/site-packages/airflow/example_dags/subdags/subdag.py
[2026-07-13T13:20:18.706+0000] {processor.py:183} INFO - Processing /home/airflow/.local/lib/python3.8/site-packages/airflow/example_dags/subdags/subdag.py took 0.018 seconds
[2026-07-13T13:20:49.266+0000] {processor.py:161} INFO - Started process (PID=1062) to work on /home/airflow/.local/lib/python3.8/site-packages/airflow/example_dags/subdags/subdag.py
[2026-07-13T13:20:49.267+0000] {processor.py:830} INFO - Processing file /home/airflow/.local/lib/python3.8/site-packages/airflow/example_dags/subdags/subdag.py for tasks to queue
[2026-07-13T13:20:49.268+0000] {logging_mixin.py:188} INFO - [2026-07-13T13:20:49.268+0000] {dagbag.py:538} INFO - Filling up the DagBag from /home/airflow/.local/lib/python3.8/site-packages/airflow/example_dags/subdags/subdag.py
[2026-07-13T13:20:49.271+0000] {processor.py:842} WARNING - No viable dags retrieved from /home/airflow/.local/lib/python3.8/site-packages/airflow/example_dags/subdags/subdag.py
[2026-07-13T13:20:49.281+0000] {processor.py:183} INFO - Processing /home/airflow/.local/lib/python3.8/site-packages/airflow/example_dags/subdags/subdag.py took 0.018 seconds
[2026-07-13T13:21:19.790+0000] {processor.py:161} INFO - Started process (PID=1118) to work on /home/airflow/.local/lib/python3.8/site-packages/airflow/example_dags/subdags/subdag.py
[2026-07-13T13:21:19.792+0000] {processor.py:830} INFO - Processing file /home/airflow/.local/lib/python3.8/site-packages/airflow/example_dags/subdags/subdag.py for tasks to queue
[2026-07-13T13:21:19.794+0000] {logging_mixin.py:188} INFO - [2026-07-13T13:21:19.793+0000] {dagbag.py:538} INFO - Filling up the DagBag from /home/airflow/.local/lib/python3.8/site-packages/airflow/example_dags/subdags/subdag.py
[2026-07-13T13:21:19.797+0000] {processor.py:842} WARNING - No viable dags retrieved from /home/airflow/.local/lib/python3.8/site-packages/airflow/example_dags/subdags/subdag.py
[2026-07-13T13:21:19.815+0000] {processor.py:183} INFO - Processing /home/airflow/.local/lib/python3.8/site-packages/airflow/example_dags/subdags/subdag.py took 0.030 seconds
[2026-07-13T13:21:49.913+0000] {processor.py:161} INFO - Started process (PID=1174) to work on /home/airflow/.local/lib/python3.8/site-packages/airflow/example_dags/subdags/subdag.py
[2026-07-13T13:21:49.914+0000] {processor.py:830} INFO - Processing file /home/airflow/.local/lib/python3.8/site-packages/airflow/example_dags/subdags/subdag.py for tasks to queue
[2026-07-13T13:21:49.915+0000] {logging_mixin.py:188} INFO - [2026-07-13T13:21:49.915+0000] {dagbag.py:538} INFO - Filling up the DagBag from /home/airflow/.local/lib/python3.8/site-packages/airflow/example_dags/subdags/subdag.py
[2026-07-13T13:21:49.917+0000] {processor.py:842} WARNING - No viable dags retrieved from /home/airflow/.local/lib/python3.8/site-packages/airflow/example_dags/subdags/subdag.py
[2026-07-13T13:21:49.929+0000] {processor.py:183} INFO - Processing /home/airflow/.local/lib/python3.8/site-packages/airflow/example_dags/subdags/subdag.py took 0.019 seconds
[2026-07-13T13:22:20.052+0000] {processor.py:161} INFO - Started process (PID=1230) to work on /home/airflow/.local/lib/python3.8/site-packages/airflow/example_dags/subdags/subdag.py
[2026-07-13T13:22:20.053+0000] {processor.py:830} INFO - Processing file /home/airflow/.local/lib/python3.8/site-packages/airflow/example_dags/subdags/subdag.py for tasks to queue
[2026-07-13T13:22:20.054+0000] {logging_mixin.py:188} INFO - [2026-07-13T13:22:20.054+0000] {dagbag.py:538} INFO - Filling up the DagBag from /home/airflow/.local/lib/python3.8/site-packages/airflow/example_dags/subdags/subdag.py
[2026-07-13T13:22:20.056+0000] {processor.py:842} WARNING - No viable dags retrieved from /home/airflow/.local/lib/python3.8/site-packages/airflow/example_dags/subdags/subdag.py
[2026-07-13T13:22:20.067+0000] {processor.py:183} INFO - Processing /home/airflow/.local/lib/python3.8/site-packages/airflow/example_dags/subdags/subdag.py took 0.018 seconds
[2026-07-13T13:22:50.986+0000] {processor.py:161} INFO - Started process (PID=1286) to work on /home/airflow/.local/lib/python3.8/site-packages/airflow/example_dags/subdags/subdag.py
[2026-07-13T13:22:50.987+0000] {processor.py:830} INFO - Processing file /home/airflow/.local/lib/python3.8/site-packages/airflow/example_dags/subdags/subdag.py for tasks to queue
[2026-07-13T13:22:50.989+0000] {logging_mixin.py:188} INFO - [2026-07-13T13:22:50.988+0000] {dagbag.py:538} INFO - Filling up the DagBag from /home/airflow/.local/lib/python3.8/site-packages/airflow/example_dags/subdags/subdag.py
[2026-07-13T13:22:50.990+0000] {processor.py:842} WARNING - No viable dags retrieved from /home/airflow/.local/lib/python3.8/site-packages/airflow/example_dags/subdags/subdag.py
[2026-07-13T13:22:51.001+0000] {processor.py:183} INFO - Processing /home/airflow/.local/lib/python3.8/site-packages/airflow/example_dags/subdags/subdag.py took 0.017 seconds
[2026-07-13T13:23:21.664+0000] {processor.py:161} INFO - Started process (PID=1342) to work on /home/airflow/.local/lib/python3.8/site-packages/airflow/example_dags/subdags/subdag.py
[2026-07-13T13:23:21.665+0000] {processor.py:830} INFO - Processing file /home/airflow/.local/lib/python3.8/site-packages/airflow/example_dags/subdags/subdag.py for tasks to queue
[2026-07-13T13:23:21.666+0000] {logging_mixin.py:188} INFO - [2026-07-13T13:23:21.666+0000] {dagbag.py:538} INFO - Filling up the DagBag from /home/airflow/.local/lib/python3.8/site-packages/airflow/example_dags/subdags/subdag.py
[2026-07-13T13:23:21.668+0000] {processor.py:842} WARNING - No viable dags retrieved from /home/airflow/.local/lib/python3.8/site-packages/airflow/example_dags/subdags/subdag.py
[2026-07-13T13:23:21.677+0000] {processor.py:183} INFO - Processing /home/airflow/.local/lib/python3.8/site-packages/airflow/example_dags/subdags/subdag.py took 0.015 seconds
[2026-07-13T13:23:52.056+0000] {processor.py:161} INFO - Started process (PID=1398) to work on /home/airflow/.local/lib/python3.8/site-packages/airflow/example_dags/subdags/subdag.py
[2026-07-13T13:23:52.057+0000] {processor.py:830} INFO - Processing file /home/airflow/.local/lib/python3.8/site-packages/airflow/example_dags/subdags/subdag.py for tasks to queue
[2026-07-13T13:23:52.058+0000] {logging_mixin.py:188} INFO - [2026-07-13T13:23:52.058+0000] {dagbag.py:538} INFO - Filling up the DagBag from /home/airflow/.local/lib/python3.8/site-packages/airflow/example_dags/subdags/subdag.py
[2026-07-13T13:23:52.059+0000] {processor.py:842} WARNING - No viable dags retrieved from /home/airflow/.local/lib/python3.8/site-packages/airflow/example_dags/subdags/subdag.py
[2026-07-13T13:23:52.070+0000] {processor.py:183} INFO - Processing /home/airflow/.local/lib/python3.8/site-packages/airflow/example_dags/subdags/subdag.py took 0.017 seconds
[2026-07-13T13:24:22.587+0000] {processor.py:161} INFO - Started process (PID=1454) to work on /home/airflow/.local/lib/python3.8/site-packages/airflow/example_dags/subdags/subdag.py
[2026-07-13T13:24:22.588+0000] {processor.py:830} INFO - Processing file /home/airflow/.local/lib/python3.8/site-packages/airflow/example_dags/subdags/subdag.py for tasks to queue
[2026-07-13T13:24:22.589+0000] {logging_mixin.py:188} INFO - [2026-07-13T13:24:22.589+0000] {dagbag.py:538} INFO - Filling up the DagBag from /home/airflow/.local/lib/python3.8/site-packages/airflow/example_dags/subdags/subdag.py
[2026-07-13T13:24:22.591+0000] {processor.py:842} WARNING - No viable dags retrieved from /home/airflow/.local/lib/python3.8/site-packages/airflow/example_dags/subdags/subdag.py
[2026-07-13T13:24:22.600+0000] {processor.py:183} INFO - Processing /home/airflow/.local/lib/python3.8/site-packages/airflow/example_dags/subdags/subdag.py took 0.016 seconds
[2026-07-13T13:24:52.944+0000] {processor.py:161} INFO - Started process (PID=1510) to work on /home/airflow/.local/lib/python3.8/site-packages/airflow/example_dags/subdags/subdag.py
[2026-07-13T13:24:52.945+0000] {processor.py:830} INFO - Processing file /home/airflow/.local/lib/python3.8/site-packages/airflow/example_dags/subdags/subdag.py for tasks to queue
[2026-07-13T13:24:52.946+0000] {logging_mixin.py:188} INFO - [2026-07-13T13:24:52.946+0000] {dagbag.py:538} INFO - Filling up the DagBag from /home/airflow/.local/lib/python3.8/site-packages/airflow/example_dags/subdags/subdag.py
[2026-07-13T13:24:52.948+0000] {processor.py:842} WARNING - No viable dags retrieved from /home/airflow/.local/lib/python3.8/site-packages/airflow/example_dags/subdags/subdag.py
[2026-07-13T13:24:52.957+0000] {processor.py:183} INFO - Processing /home/airflow/.local/lib/python3.8/site-packages/airflow/example_dags/subdags/subdag.py took 0.016 seconds
[2026-07-13T13:25:23.497+0000] {processor.py:161} INFO - Started process (PID=1566) to work on /home/airflow/.local/lib/python3.8/site-packages/airflow/example_dags/subdags/subdag.py
[2026-07-13T13:25:23.498+0000] {processor.py:830} INFO - Processing file /home/airflow/.local/lib/python3.8/site-packages/airflow/example_dags/subdags/subdag.py for tasks to queue
[2026-07-13T13:25:23.499+0000] {logging_mixin.py:188} INFO - [2026-07-13T13:25:23.499+0000] {dagbag.py:538} INFO - Filling up the DagBag from /home/airflow/.local/lib/python3.8/site-packages/airflow/example_dags/subdags/subdag.py
[2026-07-13T13:25:23.501+0000] {processor.py:842} WARNING - No viable dags retrieved from /home/airflow/.local/lib/python3.8/site-packages/airflow/example_dags/subdags/subdag.py
[2026-07-13T13:25:23.511+0000] {processor.py:183} INFO - Processing /home/airflow/.local/lib/python3.8/site-packages/airflow/example_dags/subdags/subdag.py took 0.016 seconds
[2026-07-13T13:25:54.075+0000] {processor.py:161} INFO - Started process (PID=1616) to work on /home/airflow/.local/lib/python3.8/site-packages/airflow/example_dags/subdags/subdag.py
[2026-07-13T13:25:54.076+0000] {processor.py:830} INFO - Processing file /home/airflow/.local/lib/python3.8/site-packages/airflow/example_dags/subdags/subdag.py for tasks to queue
[2026-07-13T13:25:54.078+0000] {logging_mixin.py:188} INFO - [2026-07-13T13:25:54.078+0000] {dagbag.py:538} INFO - Filling up the DagBag from /home/airflow/.local/lib/python3.8/site-packages/airflow/example_dags/subdags/subdag.py
[2026-07-13T13:25:54.080+0000] {processor.py:842} WARNING - No viable dags retrieved from /home/airflow/.local/lib/python3.8/site-packages/airflow/example_dags/subdags/subdag.py
[2026-07-13T13:25:54.093+0000] {processor.py:183} INFO - Processing /home/airflow/.local/lib/python3.8/site-packages/airflow/example_dags/subdags/subdag.py took 0.022 seconds
[2026-07-13T13:26:27.818+0000] {processor.py:161} INFO - Started process (PID=1678) to work on /home/airflow/.local/lib/python3.8/site-packages/airflow/example_dags/subdags/subdag.py
[2026-07-13T13:26:27.820+0000] {processor.py:830} INFO - Processing file /home/airflow/.local/lib/python3.8/site-packages/airflow/example_dags/subdags/subdag.py for tasks to queue
[2026-07-13T13:26:27.822+0000] {logging_mixin.py:188} INFO - [2026-07-13T13:26:27.822+0000] {dagbag.py:538} INFO - Filling up the DagBag from /home/airflow/.local/lib/python3.8/site-packages/airflow/example_dags/subdags/subdag.py
[2026-07-13T13:26:27.825+0000] {processor.py:842} WARNING - No viable dags retrieved from /home/airflow/.local/lib/python3.8/site-packages/airflow/example_dags/subdags/subdag.py
[2026-07-13T13:26:27.850+0000] {processor.py:183} INFO - Processing /home/airflow/.local/lib/python3.8/site-packages/airflow/example_dags/subdags/subdag.py took 0.036 seconds
[2026-07-13T13:27:00.226+0000] {processor.py:161} INFO - Started process (PID=1734) to work on /home/airflow/.local/lib/python3.8/site-packages/airflow/example_dags/subdags/subdag.py
[2026-07-13T13:27:00.227+0000] {processor.py:830} INFO - Processing file /home/airflow/.local/lib/python3.8/site-packages/airflow/example_dags/subdags/subdag.py for tasks to queue
[2026-07-13T13:27:00.229+0000] {logging_mixin.py:188} INFO - [2026-07-13T13:27:00.229+0000] {dagbag.py:538} INFO - Filling up the DagBag from /home/airflow/.local/lib/python3.8/site-packages/airflow/example_dags/subdags/subdag.py
[2026-07-13T13:27:00.231+0000] {processor.py:842} WARNING - No viable dags retrieved from /home/airflow/.local/lib/python3.8/site-packages/airflow/example_dags/subdags/subdag.py
[2026-07-13T13:27:00.242+0000] {processor.py:183} INFO - Processing /home/airflow/.local/lib/python3.8/site-packages/airflow/example_dags/subdags/subdag.py took 0.018 seconds
[2026-07-13T13:27:31.126+0000] {processor.py:161} INFO - Started process (PID=1784) to work on /home/airflow/.local/lib/python3.8/site-packages/airflow/example_dags/subdags/subdag.py
[2026-07-13T13:27:31.127+0000] {processor.py:830} INFO - Processing file /home/airflow/.local/lib/python3.8/site-packages/airflow/example_dags/subdags/subdag.py for tasks to queue
[2026-07-13T13:27:31.129+0000] {logging_mixin.py:188} INFO - [2026-07-13T13:27:31.128+0000] {dagbag.py:538} INFO - Filling up the DagBag from /home/airflow/.local/lib/python3.8/site-packages/airflow/example_dags/subdags/subdag.py
[2026-07-13T13:27:31.131+0000] {processor.py:842} WARNING - No viable dags retrieved from /home/airflow/.local/lib/python3.8/site-packages/airflow/example_dags/subdags/subdag.py
[2026-07-13T13:27:31.141+0000] {processor.py:183} INFO - Processing /home/airflow/.local/lib/python3.8/site-packages/airflow/example_dags/subdags/subdag.py took 0.018 seconds
[2026-07-13T13:28:01.860+0000] {processor.py:161} INFO - Started process (PID=1840) to work on /home/airflow/.local/lib/python3.8/site-packages/airflow/example_dags/subdags/subdag.py
[2026-07-13T13:28:01.862+0000] {processor.py:830} INFO - Processing file /home/airflow/.local/lib/python3.8/site-packages/airflow/example_dags/subdags/subdag.py for tasks to queue
[2026-07-13T13:28:01.865+0000] {logging_mixin.py:188} INFO - [2026-07-13T13:28:01.864+0000] {dagbag.py:538} INFO - Filling up the DagBag from /home/airflow/.local/lib/python3.8/site-packages/airflow/example_dags/subdags/subdag.py
[2026-07-13T13:28:01.867+0000] {processor.py:842} WARNING - No viable dags retrieved from /home/airflow/.local/lib/python3.8/site-packages/airflow/example_dags/subdags/subdag.py
[2026-07-13T13:28:01.885+0000] {processor.py:183} INFO - Processing /home/airflow/.local/lib/python3.8/site-packages/airflow/example_dags/subdags/subdag.py took 0.030 seconds
[2026-07-13T13:28:33.154+0000] {processor.py:161} INFO - Started process (PID=1896) to work on /home/airflow/.local/lib/python3.8/site-packages/airflow/example_dags/subdags/subdag.py
[2026-07-13T13:28:33.155+0000] {processor.py:830} INFO - Processing file /home/airflow/.local/lib/python3.8/site-packages/airflow/example_dags/subdags/subdag.py for tasks to queue
[2026-07-13T13:28:33.156+0000] {logging_mixin.py:188} INFO - [2026-07-13T13:28:33.156+0000] {dagbag.py:538} INFO - Filling up the DagBag from /home/airflow/.local/lib/python3.8/site-packages/airflow/example_dags/subdags/subdag.py
[2026-07-13T13:28:33.158+0000] {processor.py:842} WARNING - No viable dags retrieved from /home/airflow/.local/lib/python3.8/site-packages/airflow/example_dags/subdags/subdag.py
[2026-07-13T13:28:33.168+0000] {processor.py:183} INFO - Processing /home/airflow/.local/lib/python3.8/site-packages/airflow/example_dags/subdags/subdag.py took 0.017 seconds
[2026-07-13T13:29:05.122+0000] {processor.py:161} INFO - Started process (PID=1952) to work on /home/airflow/.local/lib/python3.8/site-packages/airflow/example_dags/subdags/subdag.py
[2026-07-13T13:29:05.122+0000] {processor.py:830} INFO - Processing file /home/airflow/.local/lib/python3.8/site-packages/airflow/example_dags/subdags/subdag.py for tasks to queue
[2026-07-13T13:29:05.124+0000] {logging_mixin.py:188} INFO - [2026-07-13T13:29:05.123+0000] {dagbag.py:538} INFO - Filling up the DagBag from /home/airflow/.local/lib/python3.8/site-packages/airflow/example_dags/subdags/subdag.py
[2026-07-13T13:29:05.125+0000] {processor.py:842} WARNING - No viable dags retrieved from /home/airflow/.local/lib/python3.8/site-packages/airflow/example_dags/subdags/subdag.py
[2026-07-13T13:29:05.135+0000] {processor.py:183} INFO - Processing /home/airflow/.local/lib/python3.8/site-packages/airflow/example_dags/subdags/subdag.py took 0.016 seconds
[2026-07-13T13:33:34.171+0000] {processor.py:161} INFO - Started process (PID=94) to work on /home/airflow/.local/lib/python3.8/site-packages/airflow/example_dags/subdags/subdag.py
[2026-07-13T13:33:34.175+0000] {processor.py:830} INFO - Processing file /home/airflow/.local/lib/python3.8/site-packages/airflow/example_dags/subdags/subdag.py for tasks to queue
[2026-07-13T13:33:34.177+0000] {logging_mixin.py:188} INFO - [2026-07-13T13:33:34.176+0000] {dagbag.py:538} INFO - Filling up the DagBag from /home/airflow/.local/lib/python3.8/site-packages/airflow/example_dags/subdags/subdag.py
[2026-07-13T13:33:34.178+0000] {processor.py:842} WARNING - No viable dags retrieved from /home/airflow/.local/lib/python3.8/site-packages/airflow/example_dags/subdags/subdag.py
[2026-07-13T13:33:34.190+0000] {processor.py:183} INFO - Processing /home/airflow/.local/lib/python3.8/site-packages/airflow/example_dags/subdags/subdag.py took 0.021 seconds
[2026-07-13T13:35:32.168+0000] {processor.py:161} INFO - Started process (PID=102) to work on /home/airflow/.local/lib/python3.8/site-packages/airflow/example_dags/subdags/subdag.py
[2026-07-13T13:35:32.169+0000] {processor.py:830} INFO - Processing file /home/airflow/.local/lib/python3.8/site-packages/airflow/example_dags/subdags/subdag.py for tasks to queue
[2026-07-13T13:35:32.171+0000] {logging_mixin.py:188} INFO - [2026-07-13T13:35:32.170+0000] {dagbag.py:538} INFO - Filling up the DagBag from /home/airflow/.local/lib/python3.8/site-packages/airflow/example_dags/subdags/subdag.py
[2026-07-13T13:35:32.172+0000] {processor.py:842} WARNING - No viable dags retrieved from /home/airflow/.local/lib/python3.8/site-packages/airflow/example_dags/subdags/subdag.py
[2026-07-13T13:35:32.188+0000] {processor.py:183} INFO - Processing /home/airflow/.local/lib/python3.8/site-packages/airflow/example_dags/subdags/subdag.py took 0.024 seconds
[2026-07-13T13:36:03.243+0000] {processor.py:161} INFO - Started process (PID=158) to work on /home/airflow/.local/lib/python3.8/site-packages/airflow/example_dags/subdags/subdag.py
[2026-07-13T13:36:03.244+0000] {processor.py:830} INFO - Processing file /home/airflow/.local/lib/python3.8/site-packages/airflow/example_dags/subdags/subdag.py for tasks to queue
[2026-07-13T13:36:03.246+0000] {logging_mixin.py:188} INFO - [2026-07-13T13:36:03.245+0000] {dagbag.py:538} INFO - Filling up the DagBag from /home/airflow/.local/lib/python3.8/site-packages/airflow/example_dags/subdags/subdag.py
[2026-07-13T13:36:03.248+0000] {processor.py:842} WARNING - No viable dags retrieved from /home/airflow/.local/lib/python3.8/site-packages/airflow/example_dags/subdags/subdag.py
[2026-07-13T13:36:03.258+0000] {processor.py:183} INFO - Processing /home/airflow/.local/lib/python3.8/site-packages/airflow/example_dags/subdags/subdag.py took 0.017 seconds
[2026-07-13T13:36:34.050+0000] {processor.py:161} INFO - Started process (PID=214) to work on /home/airflow/.local/lib/python3.8/site-packages/airflow/example_dags/subdags/subdag.py
[2026-07-13T13:36:34.051+0000] {processor.py:830} INFO - Processing file /home/airflow/.local/lib/python3.8/site-packages/airflow/example_dags/subdags/subdag.py for tasks to queue
[2026-07-13T13:36:34.052+0000] {logging_mixin.py:188} INFO - [2026-07-13T13:36:34.052+0000] {dagbag.py:538} INFO - Filling up the DagBag from /home/airflow/.local/lib/python3.8/site-packages/airflow/example_dags/subdags/subdag.py
[2026-07-13T13:36:34.054+0000] {processor.py:842} WARNING - No viable dags retrieved from /home/airflow/.local/lib/python3.8/site-packages/airflow/example_dags/subdags/subdag.py
[2026-07-13T13:36:34.065+0000] {processor.py:183} INFO - Processing /home/airflow/.local/lib/python3.8/site-packages/airflow/example_dags/subdags/subdag.py took 0.018 seconds
[2026-07-13T13:37:04.347+0000] {processor.py:161} INFO - Started process (PID=264) to work on /home/airflow/.local/lib/python3.8/site-packages/airflow/example_dags/subdags/subdag.py
[2026-07-13T13:37:04.348+0000] {processor.py:830} INFO - Processing file /home/airflow/.local/lib/python3.8/site-packages/airflow/example_dags/subdags/subdag.py for tasks to queue
[2026-07-13T13:37:04.350+0000] {logging_mixin.py:188} INFO - [2026-07-13T13:37:04.350+0000] {dagbag.py:538} INFO - Filling up the DagBag from /home/airflow/.local/lib/python3.8/site-packages/airflow/example_dags/subdags/subdag.py
[2026-07-13T13:37:04.351+0000] {processor.py:842} WARNING - No viable dags retrieved from /home/airflow/.local/lib/python3.8/site-packages/airflow/example_dags/subdags/subdag.py
[2026-07-13T13:37:04.363+0000] {processor.py:183} INFO - Processing /home/airflow/.local/lib/python3.8/site-packages/airflow/example_dags/subdags/subdag.py took 0.017 seconds
[2026-07-13T13:37:34.718+0000] {processor.py:161} INFO - Started process (PID=320) to work on /home/airflow/.local/lib/python3.8/site-packages/airflow/example_dags/subdags/subdag.py
[2026-07-13T13:37:34.720+0000] {processor.py:830} INFO - Processing file /home/airflow/.local/lib/python3.8/site-packages/airflow/example_dags/subdags/subdag.py for tasks to queue
[2026-07-13T13:37:34.721+0000] {logging_mixin.py:188} INFO - [2026-07-13T13:37:34.721+0000] {dagbag.py:538} INFO - Filling up the DagBag from /home/airflow/.local/lib/python3.8/site-packages/airflow/example_dags/subdags/subdag.py
[2026-07-13T13:37:34.723+0000] {processor.py:842} WARNING - No viable dags retrieved from /home/airflow/.local/lib/python3.8/site-packages/airflow/example_dags/subdags/subdag.py
[2026-07-13T13:37:34.735+0000] {processor.py:183} INFO - Processing /home/airflow/.local/lib/python3.8/site-packages/airflow/example_dags/subdags/subdag.py took 0.020 seconds
[2026-07-13T13:38:05.447+0000] {processor.py:161} INFO - Started process (PID=376) to work on /home/airflow/.local/lib/python3.8/site-packages/airflow/example_dags/subdags/subdag.py
[2026-07-13T13:38:05.448+0000] {processor.py:830} INFO - Processing file /home/airflow/.local/lib/python3.8/site-packages/airflow/example_dags/subdags/subdag.py for tasks to queue
[2026-07-13T13:38:05.449+0000] {logging_mixin.py:188} INFO - [2026-07-13T13:38:05.449+0000] {dagbag.py:538} INFO - Filling up the DagBag from /home/airflow/.local/lib/python3.8/site-packages/airflow/example_dags/subdags/subdag.py
[2026-07-13T13:38:05.452+0000] {processor.py:842} WARNING - No viable dags retrieved from /home/airflow/.local/lib/python3.8/site-packages/airflow/example_dags/subdags/subdag.py
[2026-07-13T13:38:05.462+0000] {processor.py:183} INFO - Processing /home/airflow/.local/lib/python3.8/site-packages/airflow/example_dags/subdags/subdag.py took 0.018 seconds
[2026-07-13T13:38:36.060+0000] {processor.py:161} INFO - Started process (PID=432) to work on /home/airflow/.local/lib/python3.8/site-packages/airflow/example_dags/subdags/subdag.py
[2026-07-13T13:38:36.061+0000] {processor.py:830} INFO - Processing file /home/airflow/.local/lib/python3.8/site-packages/airflow/example_dags/subdags/subdag.py for tasks to queue
[2026-07-13T13:38:36.063+0000] {logging_mixin.py:188} INFO - [2026-07-13T13:38:36.062+0000] {dagbag.py:538} INFO - Filling up the DagBag from /home/airflow/.local/lib/python3.8/site-packages/airflow/example_dags/subdags/subdag.py
[2026-07-13T13:38:36.064+0000] {processor.py:842} WARNING - No viable dags retrieved from /home/airflow/.local/lib/python3.8/site-packages/airflow/example_dags/subdags/subdag.py
[2026-07-13T13:38:36.077+0000] {processor.py:183} INFO - Processing /home/airflow/.local/lib/python3.8/site-packages/airflow/example_dags/subdags/subdag.py took 0.020 seconds
[2026-07-13T13:39:08.080+0000] {processor.py:161} INFO - Started process (PID=488) to work on /home/airflow/.local/lib/python3.8/site-packages/airflow/example_dags/subdags/subdag.py
[2026-07-13T13:39:08.081+0000] {processor.py:830} INFO - Processing file /home/airflow/.local/lib/python3.8/site-packages/airflow/example_dags/subdags/subdag.py for tasks to queue
[2026-07-13T13:39:08.083+0000] {logging_mixin.py:188} INFO - [2026-07-13T13:39:08.082+0000] {dagbag.py:538} INFO - Filling up the DagBag from /home/airflow/.local/lib/python3.8/site-packages/airflow/example_dags/subdags/subdag.py
[2026-07-13T13:39:08.085+0000] {processor.py:842} WARNING - No viable dags retrieved from /home/airflow/.local/lib/python3.8/site-packages/airflow/example_dags/subdags/subdag.py
[2026-07-13T13:39:08.096+0000] {processor.py:183} INFO - Processing /home/airflow/.local/lib/python3.8/site-packages/airflow/example_dags/subdags/subdag.py took 0.019 seconds
[2026-07-13T13:39:40.106+0000] {processor.py:161} INFO - Started process (PID=543) to work on /home/airflow/.local/lib/python3.8/site-packages/airflow/example_dags/subdags/subdag.py
[2026-07-13T13:39:40.107+0000] {processor.py:830} INFO - Processing file /home/airflow/.local/lib/python3.8/site-packages/airflow/example_dags/subdags/subdag.py for tasks to queue
[2026-07-13T13:39:40.109+0000] {logging_mixin.py:188} INFO - [2026-07-13T13:39:40.108+0000] {dagbag.py:538} INFO - Filling up the DagBag from /home/airflow/.local/lib/python3.8/site-packages/airflow/example_dags/subdags/subdag.py
[2026-07-13T13:39:40.111+0000] {processor.py:842} WARNING - No viable dags retrieved from /home/airflow/.local/lib/python3.8/site-packages/airflow/example_dags/subdags/subdag.py
[2026-07-13T13:39:40.122+0000] {processor.py:183} INFO - Processing /home/airflow/.local/lib/python3.8/site-packages/airflow/example_dags/subdags/subdag.py took 0.019 seconds
[2026-07-13T13:40:12.454+0000] {processor.py:161} INFO - Started process (PID=599) to work on /home/airflow/.local/lib/python3.8/site-packages/airflow/example_dags/subdags/subdag.py
[2026-07-13T13:40:12.455+0000] {processor.py:830} INFO - Processing file /home/airflow/.local/lib/python3.8/site-packages/airflow/example_dags/subdags/subdag.py for tasks to queue
[2026-07-13T13:40:12.456+0000] {logging_mixin.py:188} INFO - [2026-07-13T13:40:12.456+0000] {dagbag.py:538} INFO - Filling up the DagBag from /home/airflow/.local/lib/python3.8/site-packages/airflow/example_dags/subdags/subdag.py
[2026-07-13T13:40:12.458+0000] {processor.py:842} WARNING - No viable dags retrieved from /home/airflow/.local/lib/python3.8/site-packages/airflow/example_dags/subdags/subdag.py
[2026-07-13T13:40:12.469+0000] {processor.py:183} INFO - Processing /home/airflow/.local/lib/python3.8/site-packages/airflow/example_dags/subdags/subdag.py took 0.018 seconds
[2026-07-13T13:40:44.112+0000] {processor.py:161} INFO - Started process (PID=655) to work on /home/airflow/.local/lib/python3.8/site-packages/airflow/example_dags/subdags/subdag.py
[2026-07-13T13:40:44.114+0000] {processor.py:830} INFO - Processing file /home/airflow/.local/lib/python3.8/site-packages/airflow/example_dags/subdags/subdag.py for tasks to queue
[2026-07-13T13:40:44.116+0000] {logging_mixin.py:188} INFO - [2026-07-13T13:40:44.116+0000] {dagbag.py:538} INFO - Filling up the DagBag from /home/airflow/.local/lib/python3.8/site-packages/airflow/example_dags/subdags/subdag.py
[2026-07-13T13:40:44.118+0000] {processor.py:842} WARNING - No viable dags retrieved from /home/airflow/.local/lib/python3.8/site-packages/airflow/example_dags/subdags/subdag.py
[2026-07-13T13:40:44.141+0000] {processor.py:183} INFO - Processing /home/airflow/.local/lib/python3.8/site-packages/airflow/example_dags/subdags/subdag.py took 0.033 seconds
[2026-07-13T13:41:16.616+0000] {processor.py:161} INFO - Started process (PID=711) to work on /home/airflow/.local/lib/python3.8/site-packages/airflow/example_dags/subdags/subdag.py
[2026-07-13T13:41:16.616+0000] {processor.py:830} INFO - Processing file /home/airflow/.local/lib/python3.8/site-packages/airflow/example_dags/subdags/subdag.py for tasks to queue
[2026-07-13T13:41:16.618+0000] {logging_mixin.py:188} INFO - [2026-07-13T13:41:16.618+0000] {dagbag.py:538} INFO - Filling up the DagBag from /home/airflow/.local/lib/python3.8/site-packages/airflow/example_dags/subdags/subdag.py
[2026-07-13T13:41:16.620+0000] {processor.py:842} WARNING - No viable dags retrieved from /home/airflow/.local/lib/python3.8/site-packages/airflow/example_dags/subdags/subdag.py
[2026-07-13T13:41:16.635+0000] {processor.py:183} INFO - Processing /home/airflow/.local/lib/python3.8/site-packages/airflow/example_dags/subdags/subdag.py took 0.022 seconds
[2026-07-13T13:41:48.629+0000] {processor.py:161} INFO - Started process (PID=767) to work on /home/airflow/.local/lib/python3.8/site-packages/airflow/example_dags/subdags/subdag.py
[2026-07-13T13:41:48.631+0000] {processor.py:830} INFO - Processing file /home/airflow/.local/lib/python3.8/site-packages/airflow/example_dags/subdags/subdag.py for tasks to queue
[2026-07-13T13:41:48.633+0000] {logging_mixin.py:188} INFO - [2026-07-13T13:41:48.633+0000] {dagbag.py:538} INFO - Filling up the DagBag from /home/airflow/.local/lib/python3.8/site-packages/airflow/example_dags/subdags/subdag.py
[2026-07-13T13:41:48.635+0000] {processor.py:842} WARNING - No viable dags retrieved from /home/airflow/.local/lib/python3.8/site-packages/airflow/example_dags/subdags/subdag.py
[2026-07-13T13:41:48.648+0000] {processor.py:183} INFO - Processing /home/airflow/.local/lib/python3.8/site-packages/airflow/example_dags/subdags/subdag.py took 0.020 seconds
[2026-07-13T13:42:20.076+0000] {processor.py:161} INFO - Started process (PID=823) to work on /home/airflow/.local/lib/python3.8/site-packages/airflow/example_dags/subdags/subdag.py
[2026-07-13T13:42:20.076+0000] {processor.py:830} INFO - Processing file /home/airflow/.local/lib/python3.8/site-packages/airflow/example_dags/subdags/subdag.py for tasks to queue
[2026-07-13T13:42:20.078+0000] {logging_mixin.py:188} INFO - [2026-07-13T13:42:20.078+0000] {dagbag.py:538} INFO - Filling up the DagBag from /home/airflow/.local/lib/python3.8/site-packages/airflow/example_dags/subdags/subdag.py
[2026-07-13T13:42:20.079+0000] {processor.py:842} WARNING - No viable dags retrieved from /home/airflow/.local/lib/python3.8/site-packages/airflow/example_dags/subdags/subdag.py
[2026-07-13T13:42:20.089+0000] {processor.py:183} INFO - Processing /home/airflow/.local/lib/python3.8/site-packages/airflow/example_dags/subdags/subdag.py took 0.016 seconds
[2026-07-13T13:42:53.212+0000] {processor.py:161} INFO - Started process (PID=879) to work on /home/airflow/.local/lib/python3.8/site-packages/airflow/example_dags/subdags/subdag.py
[2026-07-13T13:42:53.213+0000] {processor.py:830} INFO - Processing file /home/airflow/.local/lib/python3.8/site-packages/airflow/example_dags/subdags/subdag.py for tasks to queue
[2026-07-13T13:42:53.214+0000] {logging_mixin.py:188} INFO - [2026-07-13T13:42:53.214+0000] {dagbag.py:538} INFO - Filling up the DagBag from /home/airflow/.local/lib/python3.8/site-packages/airflow/example_dags/subdags/subdag.py
[2026-07-13T13:42:53.216+0000] {processor.py:842} WARNING - No viable dags retrieved from /home/airflow/.local/lib/python3.8/site-packages/airflow/example_dags/subdags/subdag.py
[2026-07-13T13:42:53.231+0000] {processor.py:183} INFO - Processing /home/airflow/.local/lib/python3.8/site-packages/airflow/example_dags/subdags/subdag.py took 0.022 seconds
[2026-07-13T13:43:25.011+0000] {processor.py:161} INFO - Started process (PID=936) to work on /home/airflow/.local/lib/python3.8/site-packages/airflow/example_dags/subdags/subdag.py
[2026-07-13T13:43:25.012+0000] {processor.py:830} INFO - Processing file /home/airflow/.local/lib/python3.8/site-packages/airflow/example_dags/subdags/subdag.py for tasks to queue
[2026-07-13T13:43:25.014+0000] {logging_mixin.py:188} INFO - [2026-07-13T13:43:25.013+0000] {dagbag.py:538} INFO - Filling up the DagBag from /home/airflow/.local/lib/python3.8/site-packages/airflow/example_dags/subdags/subdag.py
[2026-07-13T13:43:25.015+0000] {processor.py:842} WARNING - No viable dags retrieved from /home/airflow/.local/lib/python3.8/site-packages/airflow/example_dags/subdags/subdag.py
[2026-07-13T13:43:25.027+0000] {processor.py:183} INFO - Processing /home/airflow/.local/lib/python3.8/site-packages/airflow/example_dags/subdags/subdag.py took 0.018 seconds
[2026-07-13T13:43:57.237+0000] {processor.py:161} INFO - Started process (PID=993) to work on /home/airflow/.local/lib/python3.8/site-packages/airflow/example_dags/subdags/subdag.py
[2026-07-13T13:43:57.238+0000] {processor.py:830} INFO - Processing file /home/airflow/.local/lib/python3.8/site-packages/airflow/example_dags/subdags/subdag.py for tasks to queue
[2026-07-13T13:43:57.239+0000] {logging_mixin.py:188} INFO - [2026-07-13T13:43:57.239+0000] {dagbag.py:538} INFO - Filling up the DagBag from /home/airflow/.local/lib/python3.8/site-packages/airflow/example_dags/subdags/subdag.py
[2026-07-13T13:43:57.241+0000] {processor.py:842} WARNING - No viable dags retrieved from /home/airflow/.local/lib/python3.8/site-packages/airflow/example_dags/subdags/subdag.py
[2026-07-13T13:43:57.251+0000] {processor.py:183} INFO - Processing /home/airflow/.local/lib/python3.8/site-packages/airflow/example_dags/subdags/subdag.py took 0.017 seconds
[2026-07-13T13:44:30.113+0000] {processor.py:161} INFO - Started process (PID=1050) to work on /home/airflow/.local/lib/python3.8/site-packages/airflow/example_dags/subdags/subdag.py
[2026-07-13T13:44:30.114+0000] {processor.py:830} INFO - Processing file /home/airflow/.local/lib/python3.8/site-packages/airflow/example_dags/subdags/subdag.py for tasks to queue
[2026-07-13T13:44:30.115+0000] {logging_mixin.py:188} INFO - [2026-07-13T13:44:30.115+0000] {dagbag.py:538} INFO - Filling up the DagBag from /home/airflow/.local/lib/python3.8/site-packages/airflow/example_dags/subdags/subdag.py
[2026-07-13T13:44:30.117+0000] {processor.py:842} WARNING - No viable dags retrieved from /home/airflow/.local/lib/python3.8/site-packages/airflow/example_dags/subdags/subdag.py
[2026-07-13T13:44:30.129+0000] {processor.py:183} INFO - Processing /home/airflow/.local/lib/python3.8/site-packages/airflow/example_dags/subdags/subdag.py took 0.019 seconds
[2026-07-13T13:45:02.155+0000] {processor.py:161} INFO - Started process (PID=1106) to work on /home/airflow/.local/lib/python3.8/site-packages/airflow/example_dags/subdags/subdag.py
[2026-07-13T13:45:02.156+0000] {processor.py:830} INFO - Processing file /home/airflow/.local/lib/python3.8/site-packages/airflow/example_dags/subdags/subdag.py for tasks to queue
[2026-07-13T13:45:02.157+0000] {logging_mixin.py:188} INFO - [2026-07-13T13:45:02.157+0000] {dagbag.py:538} INFO - Filling up the DagBag from /home/airflow/.local/lib/python3.8/site-packages/airflow/example_dags/subdags/subdag.py
[2026-07-13T13:45:02.159+0000] {processor.py:842} WARNING - No viable dags retrieved from /home/airflow/.local/lib/python3.8/site-packages/airflow/example_dags/subdags/subdag.py
[2026-07-13T13:45:02.169+0000] {processor.py:183} INFO - Processing /home/airflow/.local/lib/python3.8/site-packages/airflow/example_dags/subdags/subdag.py took 0.016 seconds
[2026-07-13T13:45:34.409+0000] {processor.py:161} INFO - Started process (PID=1162) to work on /home/airflow/.local/lib/python3.8/site-packages/airflow/example_dags/subdags/subdag.py
[2026-07-13T13:45:34.410+0000] {processor.py:830} INFO - Processing file /home/airflow/.local/lib/python3.8/site-packages/airflow/example_dags/subdags/subdag.py for tasks to queue
[2026-07-13T13:45:34.411+0000] {logging_mixin.py:188} INFO - [2026-07-13T13:45:34.411+0000] {dagbag.py:538} INFO - Filling up the DagBag from /home/airflow/.local/lib/python3.8/site-packages/airflow/example_dags/subdags/subdag.py
[2026-07-13T13:45:34.413+0000] {processor.py:842} WARNING - No viable dags retrieved from /home/airflow/.local/lib/python3.8/site-packages/airflow/example_dags/subdags/subdag.py
[2026-07-13T13:45:34.423+0000] {processor.py:183} INFO - Processing /home/airflow/.local/lib/python3.8/site-packages/airflow/example_dags/subdags/subdag.py took 0.017 seconds
[2026-07-13T13:46:06.562+0000] {processor.py:161} INFO - Started process (PID=1218) to work on /home/airflow/.local/lib/python3.8/site-packages/airflow/example_dags/subdags/subdag.py
[2026-07-13T13:46:06.563+0000] {processor.py:830} INFO - Processing file /home/airflow/.local/lib/python3.8/site-packages/airflow/example_dags/subdags/subdag.py for tasks to queue
[2026-07-13T13:46:06.564+0000] {logging_mixin.py:188} INFO - [2026-07-13T13:46:06.564+0000] {dagbag.py:538} INFO - Filling up the DagBag from /home/airflow/.local/lib/python3.8/site-packages/airflow/example_dags/subdags/subdag.py
[2026-07-13T13:46:06.566+0000] {processor.py:842} WARNING - No viable dags retrieved from /home/airflow/.local/lib/python3.8/site-packages/airflow/example_dags/subdags/subdag.py
[2026-07-13T13:46:06.576+0000] {processor.py:183} INFO - Processing /home/airflow/.local/lib/python3.8/site-packages/airflow/example_dags/subdags/subdag.py took 0.016 seconds
[2026-07-13T13:46:38.807+0000] {processor.py:161} INFO - Started process (PID=1274) to work on /home/airflow/.local/lib/python3.8/site-packages/airflow/example_dags/subdags/subdag.py
[2026-07-13T13:46:38.808+0000] {processor.py:830} INFO - Processing file /home/airflow/.local/lib/python3.8/site-packages/airflow/example_dags/subdags/subdag.py for tasks to queue
[2026-07-13T13:46:38.809+0000] {logging_mixin.py:188} INFO - [2026-07-13T13:46:38.809+0000] {dagbag.py:538} INFO - Filling up the DagBag from /home/airflow/.local/lib/python3.8/site-packages/airflow/example_dags/subdags/subdag.py
[2026-07-13T13:46:38.811+0000] {processor.py:842} WARNING - No viable dags retrieved from /home/airflow/.local/lib/python3.8/site-packages/airflow/example_dags/subdags/subdag.py
[2026-07-13T13:46:38.821+0000] {processor.py:183} INFO - Processing /home/airflow/.local/lib/python3.8/site-packages/airflow/example_dags/subdags/subdag.py took 0.017 seconds
[2026-07-13T13:47:11.114+0000] {processor.py:161} INFO - Started process (PID=1330) to work on /home/airflow/.local/lib/python3.8/site-packages/airflow/example_dags/subdags/subdag.py
[2026-07-13T13:47:11.115+0000] {processor.py:830} INFO - Processing file /home/airflow/.local/lib/python3.8/site-packages/airflow/example_dags/subdags/subdag.py for tasks to queue
[2026-07-13T13:47:11.117+0000] {logging_mixin.py:188} INFO - [2026-07-13T13:47:11.116+0000] {dagbag.py:538} INFO - Filling up the DagBag from /home/airflow/.local/lib/python3.8/site-packages/airflow/example_dags/subdags/subdag.py
[2026-07-13T13:47:11.118+0000] {processor.py:842} WARNING - No viable dags retrieved from /home/airflow/.local/lib/python3.8/site-packages/airflow/example_dags/subdags/subdag.py
[2026-07-13T13:47:11.130+0000] {processor.py:183} INFO - Processing /home/airflow/.local/lib/python3.8/site-packages/airflow/example_dags/subdags/subdag.py took 0.018 seconds
[2026-07-13T13:48:52.504+0000] {processor.py:161} INFO - Started process (PID=96) to work on /home/airflow/.local/lib/python3.8/site-packages/airflow/example_dags/subdags/subdag.py
[2026-07-13T13:48:52.505+0000] {processor.py:830} INFO - Processing file /home/airflow/.local/lib/python3.8/site-packages/airflow/example_dags/subdags/subdag.py for tasks to queue
[2026-07-13T13:48:52.508+0000] {logging_mixin.py:188} INFO - [2026-07-13T13:48:52.508+0000] {dagbag.py:538} INFO - Filling up the DagBag from /home/airflow/.local/lib/python3.8/site-packages/airflow/example_dags/subdags/subdag.py
[2026-07-13T13:48:52.512+0000] {processor.py:842} WARNING - No viable dags retrieved from /home/airflow/.local/lib/python3.8/site-packages/airflow/example_dags/subdags/subdag.py
[2026-07-13T13:48:52.533+0000] {processor.py:183} INFO - Processing /home/airflow/.local/lib/python3.8/site-packages/airflow/example_dags/subdags/subdag.py took 0.033 seconds
[2026-07-13T13:49:23.711+0000] {processor.py:161} INFO - Started process (PID=152) to work on /home/airflow/.local/lib/python3.8/site-packages/airflow/example_dags/subdags/subdag.py
[2026-07-13T13:49:23.712+0000] {processor.py:830} INFO - Processing file /home/airflow/.local/lib/python3.8/site-packages/airflow/example_dags/subdags/subdag.py for tasks to queue
[2026-07-13T13:49:23.714+0000] {logging_mixin.py:188} INFO - [2026-07-13T13:49:23.713+0000] {dagbag.py:538} INFO - Filling up the DagBag from /home/airflow/.local/lib/python3.8/site-packages/airflow/example_dags/subdags/subdag.py
[2026-07-13T13:49:23.715+0000] {processor.py:842} WARNING - No viable dags retrieved from /home/airflow/.local/lib/python3.8/site-packages/airflow/example_dags/subdags/subdag.py
[2026-07-13T13:49:23.727+0000] {processor.py:183} INFO - Processing /home/airflow/.local/lib/python3.8/site-packages/airflow/example_dags/subdags/subdag.py took 0.019 seconds
[2026-07-13T13:49:54.380+0000] {processor.py:161} INFO - Started process (PID=208) to work on /home/airflow/.local/lib/python3.8/site-packages/airflow/example_dags/subdags/subdag.py
[2026-07-13T13:49:54.382+0000] {processor.py:830} INFO - Processing file /home/airflow/.local/lib/python3.8/site-packages/airflow/example_dags/subdags/subdag.py for tasks to queue
[2026-07-13T13:49:54.384+0000] {logging_mixin.py:188} INFO - [2026-07-13T13:49:54.384+0000] {dagbag.py:538} INFO - Filling up the DagBag from /home/airflow/.local/lib/python3.8/site-packages/airflow/example_dags/subdags/subdag.py
[2026-07-13T13:49:54.386+0000] {processor.py:842} WARNING - No viable dags retrieved from /home/airflow/.local/lib/python3.8/site-packages/airflow/example_dags/subdags/subdag.py
[2026-07-13T13:49:54.402+0000] {processor.py:183} INFO - Processing /home/airflow/.local/lib/python3.8/site-packages/airflow/example_dags/subdags/subdag.py took 0.026 seconds
[2026-07-13T13:50:24.858+0000] {processor.py:161} INFO - Started process (PID=264) to work on /home/airflow/.local/lib/python3.8/site-packages/airflow/example_dags/subdags/subdag.py
[2026-07-13T13:50:24.859+0000] {processor.py:830} INFO - Processing file /home/airflow/.local/lib/python3.8/site-packages/airflow/example_dags/subdags/subdag.py for tasks to queue
[2026-07-13T13:50:24.860+0000] {logging_mixin.py:188} INFO - [2026-07-13T13:50:24.860+0000] {dagbag.py:538} INFO - Filling up the DagBag from /home/airflow/.local/lib/python3.8/site-packages/airflow/example_dags/subdags/subdag.py
[2026-07-13T13:50:24.861+0000] {processor.py:842} WARNING - No viable dags retrieved from /home/airflow/.local/lib/python3.8/site-packages/airflow/example_dags/subdags/subdag.py
[2026-07-13T13:50:24.872+0000] {processor.py:183} INFO - Processing /home/airflow/.local/lib/python3.8/site-packages/airflow/example_dags/subdags/subdag.py took 0.017 seconds
[2026-07-13T13:50:57.260+0000] {processor.py:161} INFO - Started process (PID=320) to work on /home/airflow/.local/lib/python3.8/site-packages/airflow/example_dags/subdags/subdag.py
[2026-07-13T13:50:57.261+0000] {processor.py:830} INFO - Processing file /home/airflow/.local/lib/python3.8/site-packages/airflow/example_dags/subdags/subdag.py for tasks to queue
[2026-07-13T13:50:57.262+0000] {logging_mixin.py:188} INFO - [2026-07-13T13:50:57.262+0000] {dagbag.py:538} INFO - Filling up the DagBag from /home/airflow/.local/lib/python3.8/site-packages/airflow/example_dags/subdags/subdag.py
[2026-07-13T13:50:57.264+0000] {processor.py:842} WARNING - No viable dags retrieved from /home/airflow/.local/lib/python3.8/site-packages/airflow/example_dags/subdags/subdag.py
[2026-07-13T13:50:57.275+0000] {processor.py:183} INFO - Processing /home/airflow/.local/lib/python3.8/site-packages/airflow/example_dags/subdags/subdag.py took 0.018 seconds
[2026-07-13T13:51:29.961+0000] {processor.py:161} INFO - Started process (PID=376) to work on /home/airflow/.local/lib/python3.8/site-packages/airflow/example_dags/subdags/subdag.py
[2026-07-13T13:51:29.963+0000] {processor.py:830} INFO - Processing file /home/airflow/.local/lib/python3.8/site-packages/airflow/example_dags/subdags/subdag.py for tasks to queue
[2026-07-13T13:51:29.964+0000] {logging_mixin.py:188} INFO - [2026-07-13T13:51:29.964+0000] {dagbag.py:538} INFO - Filling up the DagBag from /home/airflow/.local/lib/python3.8/site-packages/airflow/example_dags/subdags/subdag.py
[2026-07-13T13:51:29.965+0000] {processor.py:842} WARNING - No viable dags retrieved from /home/airflow/.local/lib/python3.8/site-packages/airflow/example_dags/subdags/subdag.py
[2026-07-13T13:51:29.978+0000] {processor.py:183} INFO - Processing /home/airflow/.local/lib/python3.8/site-packages/airflow/example_dags/subdags/subdag.py took 0.020 seconds
[2026-07-13T13:52:02.459+0000] {processor.py:161} INFO - Started process (PID=436) to work on /home/airflow/.local/lib/python3.8/site-packages/airflow/example_dags/subdags/subdag.py
[2026-07-13T13:52:02.460+0000] {processor.py:830} INFO - Processing file /home/airflow/.local/lib/python3.8/site-packages/airflow/example_dags/subdags/subdag.py for tasks to queue
[2026-07-13T13:52:02.462+0000] {logging_mixin.py:188} INFO - [2026-07-13T13:52:02.461+0000] {dagbag.py:538} INFO - Filling up the DagBag from /home/airflow/.local/lib/python3.8/site-packages/airflow/example_dags/subdags/subdag.py
[2026-07-13T13:52:02.464+0000] {processor.py:842} WARNING - No viable dags retrieved from /home/airflow/.local/lib/python3.8/site-packages/airflow/example_dags/subdags/subdag.py
[2026-07-13T13:52:02.479+0000] {processor.py:183} INFO - Processing /home/airflow/.local/lib/python3.8/site-packages/airflow/example_dags/subdags/subdag.py took 0.025 seconds
[2026-07-13T13:52:35.140+0000] {processor.py:161} INFO - Started process (PID=496) to work on /home/airflow/.local/lib/python3.8/site-packages/airflow/example_dags/subdags/subdag.py
[2026-07-13T13:52:35.141+0000] {processor.py:830} INFO - Processing file /home/airflow/.local/lib/python3.8/site-packages/airflow/example_dags/subdags/subdag.py for tasks to queue
[2026-07-13T13:52:35.143+0000] {logging_mixin.py:188} INFO - [2026-07-13T13:52:35.143+0000] {dagbag.py:538} INFO - Filling up the DagBag from /home/airflow/.local/lib/python3.8/site-packages/airflow/example_dags/subdags/subdag.py
[2026-07-13T13:52:35.145+0000] {processor.py:842} WARNING - No viable dags retrieved from /home/airflow/.local/lib/python3.8/site-packages/airflow/example_dags/subdags/subdag.py
[2026-07-13T13:52:35.165+0000] {processor.py:183} INFO - Processing /home/airflow/.local/lib/python3.8/site-packages/airflow/example_dags/subdags/subdag.py took 0.028 seconds
[2026-07-13T13:53:08.048+0000] {processor.py:161} INFO - Started process (PID=556) to work on /home/airflow/.local/lib/python3.8/site-packages/airflow/example_dags/subdags/subdag.py
[2026-07-13T13:53:08.052+0000] {processor.py:830} INFO - Processing file /home/airflow/.local/lib/python3.8/site-packages/airflow/example_dags/subdags/subdag.py for tasks to queue
[2026-07-13T13:53:08.056+0000] {logging_mixin.py:188} INFO - [2026-07-13T13:53:08.056+0000] {dagbag.py:538} INFO - Filling up the DagBag from /home/airflow/.local/lib/python3.8/site-packages/airflow/example_dags/subdags/subdag.py
[2026-07-13T13:53:08.063+0000] {processor.py:842} WARNING - No viable dags retrieved from /home/airflow/.local/lib/python3.8/site-packages/airflow/example_dags/subdags/subdag.py
[2026-07-13T13:53:08.099+0000] {processor.py:183} INFO - Processing /home/airflow/.local/lib/python3.8/site-packages/airflow/example_dags/subdags/subdag.py took 0.058 seconds
[2026-07-13T13:53:39.138+0000] {processor.py:161} INFO - Started process (PID=612) to work on /home/airflow/.local/lib/python3.8/site-packages/airflow/example_dags/subdags/subdag.py
[2026-07-13T13:53:39.139+0000] {processor.py:830} INFO - Processing file /home/airflow/.local/lib/python3.8/site-packages/airflow/example_dags/subdags/subdag.py for tasks to queue
[2026-07-13T13:53:39.141+0000] {logging_mixin.py:188} INFO - [2026-07-13T13:53:39.140+0000] {dagbag.py:538} INFO - Filling up the DagBag from /home/airflow/.local/lib/python3.8/site-packages/airflow/example_dags/subdags/subdag.py
[2026-07-13T13:53:39.143+0000] {processor.py:842} WARNING - No viable dags retrieved from /home/airflow/.local/lib/python3.8/site-packages/airflow/example_dags/subdags/subdag.py
[2026-07-13T13:53:39.156+0000] {processor.py:183} INFO - Processing /home/airflow/.local/lib/python3.8/site-packages/airflow/example_dags/subdags/subdag.py took 0.021 seconds
[2026-07-13T13:54:11.432+0000] {processor.py:161} INFO - Started process (PID=668) to work on /home/airflow/.local/lib/python3.8/site-packages/airflow/example_dags/subdags/subdag.py
[2026-07-13T13:54:11.433+0000] {processor.py:830} INFO - Processing file /home/airflow/.local/lib/python3.8/site-packages/airflow/example_dags/subdags/subdag.py for tasks to queue
[2026-07-13T13:54:11.434+0000] {logging_mixin.py:188} INFO - [2026-07-13T13:54:11.434+0000] {dagbag.py:538} INFO - Filling up the DagBag from /home/airflow/.local/lib/python3.8/site-packages/airflow/example_dags/subdags/subdag.py
[2026-07-13T13:54:11.436+0000] {processor.py:842} WARNING - No viable dags retrieved from /home/airflow/.local/lib/python3.8/site-packages/airflow/example_dags/subdags/subdag.py
[2026-07-13T13:54:11.446+0000] {processor.py:183} INFO - Processing /home/airflow/.local/lib/python3.8/site-packages/airflow/example_dags/subdags/subdag.py took 0.017 seconds
[2026-07-13T13:54:44.493+0000] {processor.py:161} INFO - Started process (PID=724) to work on /home/airflow/.local/lib/python3.8/site-packages/airflow/example_dags/subdags/subdag.py
[2026-07-13T13:54:44.494+0000] {processor.py:830} INFO - Processing file /home/airflow/.local/lib/python3.8/site-packages/airflow/example_dags/subdags/subdag.py for tasks to queue
[2026-07-13T13:54:44.496+0000] {logging_mixin.py:188} INFO - [2026-07-13T13:54:44.496+0000] {dagbag.py:538} INFO - Filling up the DagBag from /home/airflow/.local/lib/python3.8/site-packages/airflow/example_dags/subdags/subdag.py
[2026-07-13T13:54:44.498+0000] {processor.py:842} WARNING - No viable dags retrieved from /home/airflow/.local/lib/python3.8/site-packages/airflow/example_dags/subdags/subdag.py
[2026-07-13T13:54:44.511+0000] {processor.py:183} INFO - Processing /home/airflow/.local/lib/python3.8/site-packages/airflow/example_dags/subdags/subdag.py took 0.021 seconds
[2026-07-13T13:55:16.227+0000] {processor.py:161} INFO - Started process (PID=780) to work on /home/airflow/.local/lib/python3.8/site-packages/airflow/example_dags/subdags/subdag.py
[2026-07-13T13:55:16.228+0000] {processor.py:830} INFO - Processing file /home/airflow/.local/lib/python3.8/site-packages/airflow/example_dags/subdags/subdag.py for tasks to queue
[2026-07-13T13:55:16.229+0000] {logging_mixin.py:188} INFO - [2026-07-13T13:55:16.229+0000] {dagbag.py:538} INFO - Filling up the DagBag from /home/airflow/.local/lib/python3.8/site-packages/airflow/example_dags/subdags/subdag.py
[2026-07-13T13:55:16.231+0000] {processor.py:842} WARNING - No viable dags retrieved from /home/airflow/.local/lib/python3.8/site-packages/airflow/example_dags/subdags/subdag.py
[2026-07-13T13:55:16.243+0000] {processor.py:183} INFO - Processing /home/airflow/.local/lib/python3.8/site-packages/airflow/example_dags/subdags/subdag.py took 0.020 seconds
[2026-07-13T13:55:49.161+0000] {processor.py:161} INFO - Started process (PID=836) to work on /home/airflow/.local/lib/python3.8/site-packages/airflow/example_dags/subdags/subdag.py
[2026-07-13T13:55:49.162+0000] {processor.py:830} INFO - Processing file /home/airflow/.local/lib/python3.8/site-packages/airflow/example_dags/subdags/subdag.py for tasks to queue
[2026-07-13T13:55:49.164+0000] {logging_mixin.py:188} INFO - [2026-07-13T13:55:49.164+0000] {dagbag.py:538} INFO - Filling up the DagBag from /home/airflow/.local/lib/python3.8/site-packages/airflow/example_dags/subdags/subdag.py
[2026-07-13T13:55:49.166+0000] {processor.py:842} WARNING - No viable dags retrieved from /home/airflow/.local/lib/python3.8/site-packages/airflow/example_dags/subdags/subdag.py
[2026-07-13T13:55:49.176+0000] {processor.py:183} INFO - Processing /home/airflow/.local/lib/python3.8/site-packages/airflow/example_dags/subdags/subdag.py took 0.018 seconds
[2026-07-13T13:56:20.669+0000] {processor.py:161} INFO - Started process (PID=892) to work on /home/airflow/.local/lib/python3.8/site-packages/airflow/example_dags/subdags/subdag.py
[2026-07-13T13:56:20.673+0000] {processor.py:830} INFO - Processing file /home/airflow/.local/lib/python3.8/site-packages/airflow/example_dags/subdags/subdag.py for tasks to queue
[2026-07-13T13:56:20.675+0000] {logging_mixin.py:188} INFO - [2026-07-13T13:56:20.674+0000] {dagbag.py:538} INFO - Filling up the DagBag from /home/airflow/.local/lib/python3.8/site-packages/airflow/example_dags/subdags/subdag.py
[2026-07-13T13:56:20.677+0000] {processor.py:842} WARNING - No viable dags retrieved from /home/airflow/.local/lib/python3.8/site-packages/airflow/example_dags/subdags/subdag.py
[2026-07-13T13:56:20.688+0000] {processor.py:183} INFO - Processing /home/airflow/.local/lib/python3.8/site-packages/airflow/example_dags/subdags/subdag.py took 0.022 seconds
[2026-07-13T14:04:13.905+0000] {processor.py:161} INFO - Started process (PID=96) to work on /home/airflow/.local/lib/python3.8/site-packages/airflow/example_dags/subdags/subdag.py
[2026-07-13T14:04:13.906+0000] {processor.py:830} INFO - Processing file /home/airflow/.local/lib/python3.8/site-packages/airflow/example_dags/subdags/subdag.py for tasks to queue
[2026-07-13T14:04:13.908+0000] {logging_mixin.py:188} INFO - [2026-07-13T14:04:13.907+0000] {dagbag.py:538} INFO - Filling up the DagBag from /home/airflow/.local/lib/python3.8/site-packages/airflow/example_dags/subdags/subdag.py
[2026-07-13T14:04:13.909+0000] {processor.py:842} WARNING - No viable dags retrieved from /home/airflow/.local/lib/python3.8/site-packages/airflow/example_dags/subdags/subdag.py
[2026-07-13T14:04:13.922+0000] {processor.py:183} INFO - Processing /home/airflow/.local/lib/python3.8/site-packages/airflow/example_dags/subdags/subdag.py took 0.020 seconds
[2026-07-13T14:04:44.581+0000] {processor.py:161} INFO - Started process (PID=152) to work on /home/airflow/.local/lib/python3.8/site-packages/airflow/example_dags/subdags/subdag.py
[2026-07-13T14:04:44.582+0000] {processor.py:830} INFO - Processing file /home/airflow/.local/lib/python3.8/site-packages/airflow/example_dags/subdags/subdag.py for tasks to queue
[2026-07-13T14:04:44.583+0000] {logging_mixin.py:188} INFO - [2026-07-13T14:04:44.583+0000] {dagbag.py:538} INFO - Filling up the DagBag from /home/airflow/.local/lib/python3.8/site-packages/airflow/example_dags/subdags/subdag.py
[2026-07-13T14:04:44.585+0000] {processor.py:842} WARNING - No viable dags retrieved from /home/airflow/.local/lib/python3.8/site-packages/airflow/example_dags/subdags/subdag.py
[2026-07-13T14:04:44.597+0000] {processor.py:183} INFO - Processing /home/airflow/.local/lib/python3.8/site-packages/airflow/example_dags/subdags/subdag.py took 0.018 seconds
[2026-07-13T14:05:15.148+0000] {processor.py:161} INFO - Started process (PID=208) to work on /home/airflow/.local/lib/python3.8/site-packages/airflow/example_dags/subdags/subdag.py
[2026-07-13T14:05:15.149+0000] {processor.py:830} INFO - Processing file /home/airflow/.local/lib/python3.8/site-packages/airflow/example_dags/subdags/subdag.py for tasks to queue
[2026-07-13T14:05:15.151+0000] {logging_mixin.py:188} INFO - [2026-07-13T14:05:15.151+0000] {dagbag.py:538} INFO - Filling up the DagBag from /home/airflow/.local/lib/python3.8/site-packages/airflow/example_dags/subdags/subdag.py
[2026-07-13T14:05:15.152+0000] {processor.py:842} WARNING - No viable dags retrieved from /home/airflow/.local/lib/python3.8/site-packages/airflow/example_dags/subdags/subdag.py
[2026-07-13T14:05:15.164+0000] {processor.py:183} INFO - Processing /home/airflow/.local/lib/python3.8/site-packages/airflow/example_dags/subdags/subdag.py took 0.018 seconds
[2026-07-13T14:05:45.622+0000] {processor.py:161} INFO - Started process (PID=264) to work on /home/airflow/.local/lib/python3.8/site-packages/airflow/example_dags/subdags/subdag.py
[2026-07-13T14:05:45.623+0000] {processor.py:830} INFO - Processing file /home/airflow/.local/lib/python3.8/site-packages/airflow/example_dags/subdags/subdag.py for tasks to queue
[2026-07-13T14:05:45.624+0000] {logging_mixin.py:188} INFO - [2026-07-13T14:05:45.624+0000] {dagbag.py:538} INFO - Filling up the DagBag from /home/airflow/.local/lib/python3.8/site-packages/airflow/example_dags/subdags/subdag.py
[2026-07-13T14:05:45.626+0000] {processor.py:842} WARNING - No viable dags retrieved from /home/airflow/.local/lib/python3.8/site-packages/airflow/example_dags/subdags/subdag.py
[2026-07-13T14:05:45.635+0000] {processor.py:183} INFO - Processing /home/airflow/.local/lib/python3.8/site-packages/airflow/example_dags/subdags/subdag.py took 0.016 seconds
[2026-07-13T14:06:16.640+0000] {processor.py:161} INFO - Started process (PID=320) to work on /home/airflow/.local/lib/python3.8/site-packages/airflow/example_dags/subdags/subdag.py
[2026-07-13T14:06:16.641+0000] {processor.py:830} INFO - Processing file /home/airflow/.local/lib/python3.8/site-packages/airflow/example_dags/subdags/subdag.py for tasks to queue
[2026-07-13T14:06:16.643+0000] {logging_mixin.py:188} INFO - [2026-07-13T14:06:16.643+0000] {dagbag.py:538} INFO - Filling up the DagBag from /home/airflow/.local/lib/python3.8/site-packages/airflow/example_dags/subdags/subdag.py
[2026-07-13T14:06:16.644+0000] {processor.py:842} WARNING - No viable dags retrieved from /home/airflow/.local/lib/python3.8/site-packages/airflow/example_dags/subdags/subdag.py
[2026-07-13T14:06:16.654+0000] {processor.py:183} INFO - Processing /home/airflow/.local/lib/python3.8/site-packages/airflow/example_dags/subdags/subdag.py took 0.017 seconds
[2026-07-13T14:06:46.814+0000] {processor.py:161} INFO - Started process (PID=376) to work on /home/airflow/.local/lib/python3.8/site-packages/airflow/example_dags/subdags/subdag.py
[2026-07-13T14:06:46.815+0000] {processor.py:830} INFO - Processing file /home/airflow/.local/lib/python3.8/site-packages/airflow/example_dags/subdags/subdag.py for tasks to queue
[2026-07-13T14:06:46.817+0000] {logging_mixin.py:188} INFO - [2026-07-13T14:06:46.817+0000] {dagbag.py:538} INFO - Filling up the DagBag from /home/airflow/.local/lib/python3.8/site-packages/airflow/example_dags/subdags/subdag.py
[2026-07-13T14:06:46.818+0000] {processor.py:842} WARNING - No viable dags retrieved from /home/airflow/.local/lib/python3.8/site-packages/airflow/example_dags/subdags/subdag.py
[2026-07-13T14:06:46.828+0000] {processor.py:183} INFO - Processing /home/airflow/.local/lib/python3.8/site-packages/airflow/example_dags/subdags/subdag.py took 0.017 seconds
[2026-07-13T14:07:16.958+0000] {processor.py:161} INFO - Started process (PID=431) to work on /home/airflow/.local/lib/python3.8/site-packages/airflow/example_dags/subdags/subdag.py
[2026-07-13T14:07:16.959+0000] {processor.py:830} INFO - Processing file /home/airflow/.local/lib/python3.8/site-packages/airflow/example_dags/subdags/subdag.py for tasks to queue
[2026-07-13T14:07:16.960+0000] {logging_mixin.py:188} INFO - [2026-07-13T14:07:16.960+0000] {dagbag.py:538} INFO - Filling up the DagBag from /home/airflow/.local/lib/python3.8/site-packages/airflow/example_dags/subdags/subdag.py
[2026-07-13T14:07:16.962+0000] {processor.py:842} WARNING - No viable dags retrieved from /home/airflow/.local/lib/python3.8/site-packages/airflow/example_dags/subdags/subdag.py
[2026-07-13T14:07:16.973+0000] {processor.py:183} INFO - Processing /home/airflow/.local/lib/python3.8/site-packages/airflow/example_dags/subdags/subdag.py took 0.018 seconds
[2026-07-13T14:07:47.115+0000] {processor.py:161} INFO - Started process (PID=486) to work on /home/airflow/.local/lib/python3.8/site-packages/airflow/example_dags/subdags/subdag.py
[2026-07-13T14:07:47.116+0000] {processor.py:830} INFO - Processing file /home/airflow/.local/lib/python3.8/site-packages/airflow/example_dags/subdags/subdag.py for tasks to queue
[2026-07-13T14:07:47.118+0000] {logging_mixin.py:188} INFO - [2026-07-13T14:07:47.118+0000] {dagbag.py:538} INFO - Filling up the DagBag from /home/airflow/.local/lib/python3.8/site-packages/airflow/example_dags/subdags/subdag.py
[2026-07-13T14:07:47.120+0000] {processor.py:842} WARNING - No viable dags retrieved from /home/airflow/.local/lib/python3.8/site-packages/airflow/example_dags/subdags/subdag.py
[2026-07-13T14:07:47.134+0000] {processor.py:183} INFO - Processing /home/airflow/.local/lib/python3.8/site-packages/airflow/example_dags/subdags/subdag.py took 0.022 seconds
[2026-07-13T14:08:17.210+0000] {processor.py:161} INFO - Started process (PID=542) to work on /home/airflow/.local/lib/python3.8/site-packages/airflow/example_dags/subdags/subdag.py
[2026-07-13T14:08:17.211+0000] {processor.py:830} INFO - Processing file /home/airflow/.local/lib/python3.8/site-packages/airflow/example_dags/subdags/subdag.py for tasks to queue
[2026-07-13T14:08:17.213+0000] {logging_mixin.py:188} INFO - [2026-07-13T14:08:17.212+0000] {dagbag.py:538} INFO - Filling up the DagBag from /home/airflow/.local/lib/python3.8/site-packages/airflow/example_dags/subdags/subdag.py
[2026-07-13T14:08:17.214+0000] {processor.py:842} WARNING - No viable dags retrieved from /home/airflow/.local/lib/python3.8/site-packages/airflow/example_dags/subdags/subdag.py
[2026-07-13T14:08:17.225+0000] {processor.py:183} INFO - Processing /home/airflow/.local/lib/python3.8/site-packages/airflow/example_dags/subdags/subdag.py took 0.017 seconds
[2026-07-13T14:08:48.826+0000] {processor.py:161} INFO - Started process (PID=600) to work on /home/airflow/.local/lib/python3.8/site-packages/airflow/example_dags/subdags/subdag.py
[2026-07-13T14:08:48.827+0000] {processor.py:830} INFO - Processing file /home/airflow/.local/lib/python3.8/site-packages/airflow/example_dags/subdags/subdag.py for tasks to queue
[2026-07-13T14:08:48.829+0000] {logging_mixin.py:188} INFO - [2026-07-13T14:08:48.828+0000] {dagbag.py:538} INFO - Filling up the DagBag from /home/airflow/.local/lib/python3.8/site-packages/airflow/example_dags/subdags/subdag.py
[2026-07-13T14:08:48.830+0000] {processor.py:842} WARNING - No viable dags retrieved from /home/airflow/.local/lib/python3.8/site-packages/airflow/example_dags/subdags/subdag.py
[2026-07-13T14:08:48.841+0000] {processor.py:183} INFO - Processing /home/airflow/.local/lib/python3.8/site-packages/airflow/example_dags/subdags/subdag.py took 0.018 seconds
[2026-07-13T14:09:20.849+0000] {processor.py:161} INFO - Started process (PID=656) to work on /home/airflow/.local/lib/python3.8/site-packages/airflow/example_dags/subdags/subdag.py
[2026-07-13T14:09:20.850+0000] {processor.py:830} INFO - Processing file /home/airflow/.local/lib/python3.8/site-packages/airflow/example_dags/subdags/subdag.py for tasks to queue
[2026-07-13T14:09:20.852+0000] {logging_mixin.py:188} INFO - [2026-07-13T14:09:20.851+0000] {dagbag.py:538} INFO - Filling up the DagBag from /home/airflow/.local/lib/python3.8/site-packages/airflow/example_dags/subdags/subdag.py
[2026-07-13T14:09:20.853+0000] {processor.py:842} WARNING - No viable dags retrieved from /home/airflow/.local/lib/python3.8/site-packages/airflow/example_dags/subdags/subdag.py
[2026-07-13T14:09:20.864+0000] {processor.py:183} INFO - Processing /home/airflow/.local/lib/python3.8/site-packages/airflow/example_dags/subdags/subdag.py took 0.017 seconds
[2026-07-13T14:09:53.306+0000] {processor.py:161} INFO - Started process (PID=713) to work on /home/airflow/.local/lib/python3.8/site-packages/airflow/example_dags/subdags/subdag.py
[2026-07-13T14:09:53.306+0000] {processor.py:830} INFO - Processing file /home/airflow/.local/lib/python3.8/site-packages/airflow/example_dags/subdags/subdag.py for tasks to queue
[2026-07-13T14:09:53.308+0000] {logging_mixin.py:188} INFO - [2026-07-13T14:09:53.307+0000] {dagbag.py:538} INFO - Filling up the DagBag from /home/airflow/.local/lib/python3.8/site-packages/airflow/example_dags/subdags/subdag.py
[2026-07-13T14:09:53.309+0000] {processor.py:842} WARNING - No viable dags retrieved from /home/airflow/.local/lib/python3.8/site-packages/airflow/example_dags/subdags/subdag.py
[2026-07-13T14:09:53.319+0000] {processor.py:183} INFO - Processing /home/airflow/.local/lib/python3.8/site-packages/airflow/example_dags/subdags/subdag.py took 0.016 seconds
[2026-07-13T14:10:25.905+0000] {processor.py:161} INFO - Started process (PID=769) to work on /home/airflow/.local/lib/python3.8/site-packages/airflow/example_dags/subdags/subdag.py
[2026-07-13T14:10:25.906+0000] {processor.py:830} INFO - Processing file /home/airflow/.local/lib/python3.8/site-packages/airflow/example_dags/subdags/subdag.py for tasks to queue
[2026-07-13T14:10:25.907+0000] {logging_mixin.py:188} INFO - [2026-07-13T14:10:25.907+0000] {dagbag.py:538} INFO - Filling up the DagBag from /home/airflow/.local/lib/python3.8/site-packages/airflow/example_dags/subdags/subdag.py
[2026-07-13T14:10:25.909+0000] {processor.py:842} WARNING - No viable dags retrieved from /home/airflow/.local/lib/python3.8/site-packages/airflow/example_dags/subdags/subdag.py
[2026-07-13T14:10:25.919+0000] {processor.py:183} INFO - Processing /home/airflow/.local/lib/python3.8/site-packages/airflow/example_dags/subdags/subdag.py took 0.017 seconds
[2026-07-13T14:10:57.068+0000] {processor.py:161} INFO - Started process (PID=825) to work on /home/airflow/.local/lib/python3.8/site-packages/airflow/example_dags/subdags/subdag.py
[2026-07-13T14:10:57.070+0000] {processor.py:830} INFO - Processing file /home/airflow/.local/lib/python3.8/site-packages/airflow/example_dags/subdags/subdag.py for tasks to queue
[2026-07-13T14:10:57.071+0000] {logging_mixin.py:188} INFO - [2026-07-13T14:10:57.071+0000] {dagbag.py:538} INFO - Filling up the DagBag from /home/airflow/.local/lib/python3.8/site-packages/airflow/example_dags/subdags/subdag.py
[2026-07-13T14:10:57.073+0000] {processor.py:842} WARNING - No viable dags retrieved from /home/airflow/.local/lib/python3.8/site-packages/airflow/example_dags/subdags/subdag.py
[2026-07-13T14:10:57.084+0000] {processor.py:183} INFO - Processing /home/airflow/.local/lib/python3.8/site-packages/airflow/example_dags/subdags/subdag.py took 0.018 seconds
[2026-07-13T14:11:27.221+0000] {processor.py:161} INFO - Started process (PID=881) to work on /home/airflow/.local/lib/python3.8/site-packages/airflow/example_dags/subdags/subdag.py
[2026-07-13T14:11:27.222+0000] {processor.py:830} INFO - Processing file /home/airflow/.local/lib/python3.8/site-packages/airflow/example_dags/subdags/subdag.py for tasks to queue
[2026-07-13T14:11:27.223+0000] {logging_mixin.py:188} INFO - [2026-07-13T14:11:27.223+0000] {dagbag.py:538} INFO - Filling up the DagBag from /home/airflow/.local/lib/python3.8/site-packages/airflow/example_dags/subdags/subdag.py
[2026-07-13T14:11:27.224+0000] {processor.py:842} WARNING - No viable dags retrieved from /home/airflow/.local/lib/python3.8/site-packages/airflow/example_dags/subdags/subdag.py
[2026-07-13T14:11:27.234+0000] {processor.py:183} INFO - Processing /home/airflow/.local/lib/python3.8/site-packages/airflow/example_dags/subdags/subdag.py took 0.016 seconds
[2026-07-13T14:11:57.390+0000] {processor.py:161} INFO - Started process (PID=936) to work on /home/airflow/.local/lib/python3.8/site-packages/airflow/example_dags/subdags/subdag.py
[2026-07-13T14:11:57.391+0000] {processor.py:830} INFO - Processing file /home/airflow/.local/lib/python3.8/site-packages/airflow/example_dags/subdags/subdag.py for tasks to queue
[2026-07-13T14:11:57.392+0000] {logging_mixin.py:188} INFO - [2026-07-13T14:11:57.392+0000] {dagbag.py:538} INFO - Filling up the DagBag from /home/airflow/.local/lib/python3.8/site-packages/airflow/example_dags/subdags/subdag.py
[2026-07-13T14:11:57.394+0000] {processor.py:842} WARNING - No viable dags retrieved from /home/airflow/.local/lib/python3.8/site-packages/airflow/example_dags/subdags/subdag.py
[2026-07-13T14:11:57.404+0000] {processor.py:183} INFO - Processing /home/airflow/.local/lib/python3.8/site-packages/airflow/example_dags/subdags/subdag.py took 0.016 seconds
[2026-07-13T14:12:27.985+0000] {processor.py:161} INFO - Started process (PID=993) to work on /home/airflow/.local/lib/python3.8/site-packages/airflow/example_dags/subdags/subdag.py
[2026-07-13T14:12:27.985+0000] {processor.py:830} INFO - Processing file /home/airflow/.local/lib/python3.8/site-packages/airflow/example_dags/subdags/subdag.py for tasks to queue
[2026-07-13T14:12:27.987+0000] {logging_mixin.py:188} INFO - [2026-07-13T14:12:27.986+0000] {dagbag.py:538} INFO - Filling up the DagBag from /home/airflow/.local/lib/python3.8/site-packages/airflow/example_dags/subdags/subdag.py
[2026-07-13T14:12:27.988+0000] {processor.py:842} WARNING - No viable dags retrieved from /home/airflow/.local/lib/python3.8/site-packages/airflow/example_dags/subdags/subdag.py
[2026-07-13T14:12:27.998+0000] {processor.py:183} INFO - Processing /home/airflow/.local/lib/python3.8/site-packages/airflow/example_dags/subdags/subdag.py took 0.016 seconds
[2026-07-13T14:12:58.429+0000] {processor.py:161} INFO - Started process (PID=1049) to work on /home/airflow/.local/lib/python3.8/site-packages/airflow/example_dags/subdags/subdag.py
[2026-07-13T14:12:58.430+0000] {processor.py:830} INFO - Processing file /home/airflow/.local/lib/python3.8/site-packages/airflow/example_dags/subdags/subdag.py for tasks to queue
[2026-07-13T14:12:58.431+0000] {logging_mixin.py:188} INFO - [2026-07-13T14:12:58.431+0000] {dagbag.py:538} INFO - Filling up the DagBag from /home/airflow/.local/lib/python3.8/site-packages/airflow/example_dags/subdags/subdag.py
[2026-07-13T14:12:58.433+0000] {processor.py:842} WARNING - No viable dags retrieved from /home/airflow/.local/lib/python3.8/site-packages/airflow/example_dags/subdags/subdag.py
[2026-07-13T14:12:58.445+0000] {processor.py:183} INFO - Processing /home/airflow/.local/lib/python3.8/site-packages/airflow/example_dags/subdags/subdag.py took 0.018 seconds
[2026-07-13T14:13:29.444+0000] {processor.py:161} INFO - Started process (PID=1099) to work on /home/airflow/.local/lib/python3.8/site-packages/airflow/example_dags/subdags/subdag.py
[2026-07-13T14:13:29.446+0000] {processor.py:830} INFO - Processing file /home/airflow/.local/lib/python3.8/site-packages/airflow/example_dags/subdags/subdag.py for tasks to queue
[2026-07-13T14:13:29.450+0000] {logging_mixin.py:188} INFO - [2026-07-13T14:13:29.449+0000] {dagbag.py:538} INFO - Filling up the DagBag from /home/airflow/.local/lib/python3.8/site-packages/airflow/example_dags/subdags/subdag.py
[2026-07-13T14:13:29.452+0000] {processor.py:842} WARNING - No viable dags retrieved from /home/airflow/.local/lib/python3.8/site-packages/airflow/example_dags/subdags/subdag.py
[2026-07-13T14:13:29.463+0000] {processor.py:183} INFO - Processing /home/airflow/.local/lib/python3.8/site-packages/airflow/example_dags/subdags/subdag.py took 0.022 seconds
[2026-07-13T14:13:59.558+0000] {processor.py:161} INFO - Started process (PID=1155) to work on /home/airflow/.local/lib/python3.8/site-packages/airflow/example_dags/subdags/subdag.py
[2026-07-13T14:13:59.559+0000] {processor.py:830} INFO - Processing file /home/airflow/.local/lib/python3.8/site-packages/airflow/example_dags/subdags/subdag.py for tasks to queue
[2026-07-13T14:13:59.560+0000] {logging_mixin.py:188} INFO - [2026-07-13T14:13:59.560+0000] {dagbag.py:538} INFO - Filling up the DagBag from /home/airflow/.local/lib/python3.8/site-packages/airflow/example_dags/subdags/subdag.py
[2026-07-13T14:13:59.562+0000] {processor.py:842} WARNING - No viable dags retrieved from /home/airflow/.local/lib/python3.8/site-packages/airflow/example_dags/subdags/subdag.py
[2026-07-13T14:13:59.572+0000] {processor.py:183} INFO - Processing /home/airflow/.local/lib/python3.8/site-packages/airflow/example_dags/subdags/subdag.py took 0.016 seconds
[2026-07-13T14:14:30.531+0000] {processor.py:161} INFO - Started process (PID=1212) to work on /home/airflow/.local/lib/python3.8/site-packages/airflow/example_dags/subdags/subdag.py
[2026-07-13T14:14:30.532+0000] {processor.py:830} INFO - Processing file /home/airflow/.local/lib/python3.8/site-packages/airflow/example_dags/subdags/subdag.py for tasks to queue
[2026-07-13T14:14:30.533+0000] {logging_mixin.py:188} INFO - [2026-07-13T14:14:30.533+0000] {dagbag.py:538} INFO - Filling up the DagBag from /home/airflow/.local/lib/python3.8/site-packages/airflow/example_dags/subdags/subdag.py
[2026-07-13T14:14:30.535+0000] {processor.py:842} WARNING - No viable dags retrieved from /home/airflow/.local/lib/python3.8/site-packages/airflow/example_dags/subdags/subdag.py
[2026-07-13T14:14:30.547+0000] {processor.py:183} INFO - Processing /home/airflow/.local/lib/python3.8/site-packages/airflow/example_dags/subdags/subdag.py took 0.019 seconds
[2026-07-13T14:15:01.044+0000] {processor.py:161} INFO - Started process (PID=1268) to work on /home/airflow/.local/lib/python3.8/site-packages/airflow/example_dags/subdags/subdag.py
[2026-07-13T14:15:01.045+0000] {processor.py:830} INFO - Processing file /home/airflow/.local/lib/python3.8/site-packages/airflow/example_dags/subdags/subdag.py for tasks to queue
[2026-07-13T14:15:01.046+0000] {logging_mixin.py:188} INFO - [2026-07-13T14:15:01.046+0000] {dagbag.py:538} INFO - Filling up the DagBag from /home/airflow/.local/lib/python3.8/site-packages/airflow/example_dags/subdags/subdag.py
[2026-07-13T14:15:01.048+0000] {processor.py:842} WARNING - No viable dags retrieved from /home/airflow/.local/lib/python3.8/site-packages/airflow/example_dags/subdags/subdag.py
[2026-07-13T14:15:01.058+0000] {processor.py:183} INFO - Processing /home/airflow/.local/lib/python3.8/site-packages/airflow/example_dags/subdags/subdag.py took 0.017 seconds
[2026-07-13T14:15:31.503+0000] {processor.py:161} INFO - Started process (PID=1324) to work on /home/airflow/.local/lib/python3.8/site-packages/airflow/example_dags/subdags/subdag.py
[2026-07-13T14:15:31.504+0000] {processor.py:830} INFO - Processing file /home/airflow/.local/lib/python3.8/site-packages/airflow/example_dags/subdags/subdag.py for tasks to queue
[2026-07-13T14:15:31.506+0000] {logging_mixin.py:188} INFO - [2026-07-13T14:15:31.505+0000] {dagbag.py:538} INFO - Filling up the DagBag from /home/airflow/.local/lib/python3.8/site-packages/airflow/example_dags/subdags/subdag.py
[2026-07-13T14:15:31.507+0000] {processor.py:842} WARNING - No viable dags retrieved from /home/airflow/.local/lib/python3.8/site-packages/airflow/example_dags/subdags/subdag.py
[2026-07-13T14:15:31.517+0000] {processor.py:183} INFO - Processing /home/airflow/.local/lib/python3.8/site-packages/airflow/example_dags/subdags/subdag.py took 0.016 seconds
[2026-07-13T14:16:02.071+0000] {processor.py:161} INFO - Started process (PID=1380) to work on /home/airflow/.local/lib/python3.8/site-packages/airflow/example_dags/subdags/subdag.py
[2026-07-13T14:16:02.073+0000] {processor.py:830} INFO - Processing file /home/airflow/.local/lib/python3.8/site-packages/airflow/example_dags/subdags/subdag.py for tasks to queue
[2026-07-13T14:16:02.074+0000] {logging_mixin.py:188} INFO - [2026-07-13T14:16:02.074+0000] {dagbag.py:538} INFO - Filling up the DagBag from /home/airflow/.local/lib/python3.8/site-packages/airflow/example_dags/subdags/subdag.py
[2026-07-13T14:16:02.076+0000] {processor.py:842} WARNING - No viable dags retrieved from /home/airflow/.local/lib/python3.8/site-packages/airflow/example_dags/subdags/subdag.py
[2026-07-13T14:16:02.090+0000] {processor.py:183} INFO - Processing /home/airflow/.local/lib/python3.8/site-packages/airflow/example_dags/subdags/subdag.py took 0.021 seconds
[2026-07-13T14:16:32.765+0000] {processor.py:161} INFO - Started process (PID=1436) to work on /home/airflow/.local/lib/python3.8/site-packages/airflow/example_dags/subdags/subdag.py
[2026-07-13T14:16:32.766+0000] {processor.py:830} INFO - Processing file /home/airflow/.local/lib/python3.8/site-packages/airflow/example_dags/subdags/subdag.py for tasks to queue
[2026-07-13T14:16:32.768+0000] {logging_mixin.py:188} INFO - [2026-07-13T14:16:32.767+0000] {dagbag.py:538} INFO - Filling up the DagBag from /home/airflow/.local/lib/python3.8/site-packages/airflow/example_dags/subdags/subdag.py
[2026-07-13T14:16:32.769+0000] {processor.py:842} WARNING - No viable dags retrieved from /home/airflow/.local/lib/python3.8/site-packages/airflow/example_dags/subdags/subdag.py
[2026-07-13T14:16:32.779+0000] {processor.py:183} INFO - Processing /home/airflow/.local/lib/python3.8/site-packages/airflow/example_dags/subdags/subdag.py took 0.016 seconds
[2026-07-13T14:17:03.113+0000] {processor.py:161} INFO - Started process (PID=1492) to work on /home/airflow/.local/lib/python3.8/site-packages/airflow/example_dags/subdags/subdag.py
[2026-07-13T14:17:03.114+0000] {processor.py:830} INFO - Processing file /home/airflow/.local/lib/python3.8/site-packages/airflow/example_dags/subdags/subdag.py for tasks to queue
[2026-07-13T14:17:03.116+0000] {logging_mixin.py:188} INFO - [2026-07-13T14:17:03.115+0000] {dagbag.py:538} INFO - Filling up the DagBag from /home/airflow/.local/lib/python3.8/site-packages/airflow/example_dags/subdags/subdag.py
[2026-07-13T14:17:03.117+0000] {processor.py:842} WARNING - No viable dags retrieved from /home/airflow/.local/lib/python3.8/site-packages/airflow/example_dags/subdags/subdag.py
[2026-07-13T14:17:03.128+0000] {processor.py:183} INFO - Processing /home/airflow/.local/lib/python3.8/site-packages/airflow/example_dags/subdags/subdag.py took 0.017 seconds
[2026-07-13T14:17:33.698+0000] {processor.py:161} INFO - Started process (PID=1548) to work on /home/airflow/.local/lib/python3.8/site-packages/airflow/example_dags/subdags/subdag.py
[2026-07-13T14:17:33.699+0000] {processor.py:830} INFO - Processing file /home/airflow/.local/lib/python3.8/site-packages/airflow/example_dags/subdags/subdag.py for tasks to queue
[2026-07-13T14:17:33.701+0000] {logging_mixin.py:188} INFO - [2026-07-13T14:17:33.701+0000] {dagbag.py:538} INFO - Filling up the DagBag from /home/airflow/.local/lib/python3.8/site-packages/airflow/example_dags/subdags/subdag.py
[2026-07-13T14:17:33.702+0000] {processor.py:842} WARNING - No viable dags retrieved from /home/airflow/.local/lib/python3.8/site-packages/airflow/example_dags/subdags/subdag.py
[2026-07-13T14:17:33.712+0000] {processor.py:183} INFO - Processing /home/airflow/.local/lib/python3.8/site-packages/airflow/example_dags/subdags/subdag.py took 0.016 seconds
[2026-07-13T14:18:04.267+0000] {processor.py:161} INFO - Started process (PID=1604) to work on /home/airflow/.local/lib/python3.8/site-packages/airflow/example_dags/subdags/subdag.py
[2026-07-13T14:18:04.269+0000] {processor.py:830} INFO - Processing file /home/airflow/.local/lib/python3.8/site-packages/airflow/example_dags/subdags/subdag.py for tasks to queue
[2026-07-13T14:18:04.270+0000] {logging_mixin.py:188} INFO - [2026-07-13T14:18:04.270+0000] {dagbag.py:538} INFO - Filling up the DagBag from /home/airflow/.local/lib/python3.8/site-packages/airflow/example_dags/subdags/subdag.py
[2026-07-13T14:18:04.272+0000] {processor.py:842} WARNING - No viable dags retrieved from /home/airflow/.local/lib/python3.8/site-packages/airflow/example_dags/subdags/subdag.py
[2026-07-13T14:18:04.285+0000] {processor.py:183} INFO - Processing /home/airflow/.local/lib/python3.8/site-packages/airflow/example_dags/subdags/subdag.py took 0.020 seconds
[2026-07-13T14:18:35.102+0000] {processor.py:161} INFO - Started process (PID=1660) to work on /home/airflow/.local/lib/python3.8/site-packages/airflow/example_dags/subdags/subdag.py
[2026-07-13T14:18:35.103+0000] {processor.py:830} INFO - Processing file /home/airflow/.local/lib/python3.8/site-packages/airflow/example_dags/subdags/subdag.py for tasks to queue
[2026-07-13T14:18:35.105+0000] {logging_mixin.py:188} INFO - [2026-07-13T14:18:35.104+0000] {dagbag.py:538} INFO - Filling up the DagBag from /home/airflow/.local/lib/python3.8/site-packages/airflow/example_dags/subdags/subdag.py
[2026-07-13T14:18:35.106+0000] {processor.py:842} WARNING - No viable dags retrieved from /home/airflow/.local/lib/python3.8/site-packages/airflow/example_dags/subdags/subdag.py
[2026-07-13T14:18:35.117+0000] {processor.py:183} INFO - Processing /home/airflow/.local/lib/python3.8/site-packages/airflow/example_dags/subdags/subdag.py took 0.017 seconds
[2026-07-13T14:19:07.080+0000] {processor.py:161} INFO - Started process (PID=1716) to work on /home/airflow/.local/lib/python3.8/site-packages/airflow/example_dags/subdags/subdag.py
[2026-07-13T14:19:07.081+0000] {processor.py:830} INFO - Processing file /home/airflow/.local/lib/python3.8/site-packages/airflow/example_dags/subdags/subdag.py for tasks to queue
[2026-07-13T14:19:07.083+0000] {logging_mixin.py:188} INFO - [2026-07-13T14:19:07.083+0000] {dagbag.py:538} INFO - Filling up the DagBag from /home/airflow/.local/lib/python3.8/site-packages/airflow/example_dags/subdags/subdag.py
[2026-07-13T14:19:07.084+0000] {processor.py:842} WARNING - No viable dags retrieved from /home/airflow/.local/lib/python3.8/site-packages/airflow/example_dags/subdags/subdag.py
[2026-07-13T14:19:07.094+0000] {processor.py:183} INFO - Processing /home/airflow/.local/lib/python3.8/site-packages/airflow/example_dags/subdags/subdag.py took 0.016 seconds
[2026-07-13T14:19:38.647+0000] {processor.py:161} INFO - Started process (PID=1770) to work on /home/airflow/.local/lib/python3.8/site-packages/airflow/example_dags/subdags/subdag.py
[2026-07-13T14:19:38.648+0000] {processor.py:830} INFO - Processing file /home/airflow/.local/lib/python3.8/site-packages/airflow/example_dags/subdags/subdag.py for tasks to queue
[2026-07-13T14:19:38.649+0000] {logging_mixin.py:188} INFO - [2026-07-13T14:19:38.649+0000] {dagbag.py:538} INFO - Filling up the DagBag from /home/airflow/.local/lib/python3.8/site-packages/airflow/example_dags/subdags/subdag.py
[2026-07-13T14:19:38.651+0000] {processor.py:842} WARNING - No viable dags retrieved from /home/airflow/.local/lib/python3.8/site-packages/airflow/example_dags/subdags/subdag.py
[2026-07-13T14:19:38.661+0000] {processor.py:183} INFO - Processing /home/airflow/.local/lib/python3.8/site-packages/airflow/example_dags/subdags/subdag.py took 0.016 seconds
[2026-07-13T14:20:11.146+0000] {processor.py:161} INFO - Started process (PID=1826) to work on /home/airflow/.local/lib/python3.8/site-packages/airflow/example_dags/subdags/subdag.py
[2026-07-13T14:20:11.147+0000] {processor.py:830} INFO - Processing file /home/airflow/.local/lib/python3.8/site-packages/airflow/example_dags/subdags/subdag.py for tasks to queue
[2026-07-13T14:20:11.148+0000] {logging_mixin.py:188} INFO - [2026-07-13T14:20:11.148+0000] {dagbag.py:538} INFO - Filling up the DagBag from /home/airflow/.local/lib/python3.8/site-packages/airflow/example_dags/subdags/subdag.py
[2026-07-13T14:20:11.150+0000] {processor.py:842} WARNING - No viable dags retrieved from /home/airflow/.local/lib/python3.8/site-packages/airflow/example_dags/subdags/subdag.py
[2026-07-13T14:20:11.162+0000] {processor.py:183} INFO - Processing /home/airflow/.local/lib/python3.8/site-packages/airflow/example_dags/subdags/subdag.py took 0.021 seconds
[2026-07-13T14:20:43.703+0000] {processor.py:161} INFO - Started process (PID=1882) to work on /home/airflow/.local/lib/python3.8/site-packages/airflow/example_dags/subdags/subdag.py
[2026-07-13T14:20:43.704+0000] {processor.py:830} INFO - Processing file /home/airflow/.local/lib/python3.8/site-packages/airflow/example_dags/subdags/subdag.py for tasks to queue
[2026-07-13T14:20:43.706+0000] {logging_mixin.py:188} INFO - [2026-07-13T14:20:43.706+0000] {dagbag.py:538} INFO - Filling up the DagBag from /home/airflow/.local/lib/python3.8/site-packages/airflow/example_dags/subdags/subdag.py
[2026-07-13T14:20:43.707+0000] {processor.py:842} WARNING - No viable dags retrieved from /home/airflow/.local/lib/python3.8/site-packages/airflow/example_dags/subdags/subdag.py
[2026-07-13T14:20:43.717+0000] {processor.py:183} INFO - Processing /home/airflow/.local/lib/python3.8/site-packages/airflow/example_dags/subdags/subdag.py took 0.016 seconds
[2026-07-13T14:21:16.300+0000] {processor.py:161} INFO - Started process (PID=1938) to work on /home/airflow/.local/lib/python3.8/site-packages/airflow/example_dags/subdags/subdag.py
[2026-07-13T14:21:16.301+0000] {processor.py:830} INFO - Processing file /home/airflow/.local/lib/python3.8/site-packages/airflow/example_dags/subdags/subdag.py for tasks to queue
[2026-07-13T14:21:16.302+0000] {logging_mixin.py:188} INFO - [2026-07-13T14:21:16.302+0000] {dagbag.py:538} INFO - Filling up the DagBag from /home/airflow/.local/lib/python3.8/site-packages/airflow/example_dags/subdags/subdag.py
[2026-07-13T14:21:16.304+0000] {processor.py:842} WARNING - No viable dags retrieved from /home/airflow/.local/lib/python3.8/site-packages/airflow/example_dags/subdags/subdag.py
[2026-07-13T14:21:16.314+0000] {processor.py:183} INFO - Processing /home/airflow/.local/lib/python3.8/site-packages/airflow/example_dags/subdags/subdag.py took 0.017 seconds
[2026-07-13T14:21:48.859+0000] {processor.py:161} INFO - Started process (PID=1994) to work on /home/airflow/.local/lib/python3.8/site-packages/airflow/example_dags/subdags/subdag.py
[2026-07-13T14:21:48.860+0000] {processor.py:830} INFO - Processing file /home/airflow/.local/lib/python3.8/site-packages/airflow/example_dags/subdags/subdag.py for tasks to queue
[2026-07-13T14:21:48.862+0000] {logging_mixin.py:188} INFO - [2026-07-13T14:21:48.862+0000] {dagbag.py:538} INFO - Filling up the DagBag from /home/airflow/.local/lib/python3.8/site-packages/airflow/example_dags/subdags/subdag.py
[2026-07-13T14:21:48.863+0000] {processor.py:842} WARNING - No viable dags retrieved from /home/airflow/.local/lib/python3.8/site-packages/airflow/example_dags/subdags/subdag.py
[2026-07-13T14:21:48.874+0000] {processor.py:183} INFO - Processing /home/airflow/.local/lib/python3.8/site-packages/airflow/example_dags/subdags/subdag.py took 0.018 seconds
[2026-07-13T14:22:21.454+0000] {processor.py:161} INFO - Started process (PID=2050) to work on /home/airflow/.local/lib/python3.8/site-packages/airflow/example_dags/subdags/subdag.py
[2026-07-13T14:22:21.455+0000] {processor.py:830} INFO - Processing file /home/airflow/.local/lib/python3.8/site-packages/airflow/example_dags/subdags/subdag.py for tasks to queue
[2026-07-13T14:22:21.457+0000] {logging_mixin.py:188} INFO - [2026-07-13T14:22:21.457+0000] {dagbag.py:538} INFO - Filling up the DagBag from /home/airflow/.local/lib/python3.8/site-packages/airflow/example_dags/subdags/subdag.py
[2026-07-13T14:22:21.459+0000] {processor.py:842} WARNING - No viable dags retrieved from /home/airflow/.local/lib/python3.8/site-packages/airflow/example_dags/subdags/subdag.py
[2026-07-13T14:22:21.468+0000] {processor.py:183} INFO - Processing /home/airflow/.local/lib/python3.8/site-packages/airflow/example_dags/subdags/subdag.py took 0.016 seconds
[2026-07-13T14:22:54.041+0000] {processor.py:161} INFO - Started process (PID=2107) to work on /home/airflow/.local/lib/python3.8/site-packages/airflow/example_dags/subdags/subdag.py
[2026-07-13T14:22:54.042+0000] {processor.py:830} INFO - Processing file /home/airflow/.local/lib/python3.8/site-packages/airflow/example_dags/subdags/subdag.py for tasks to queue
[2026-07-13T14:22:54.044+0000] {logging_mixin.py:188} INFO - [2026-07-13T14:22:54.044+0000] {dagbag.py:538} INFO - Filling up the DagBag from /home/airflow/.local/lib/python3.8/site-packages/airflow/example_dags/subdags/subdag.py
[2026-07-13T14:22:54.045+0000] {processor.py:842} WARNING - No viable dags retrieved from /home/airflow/.local/lib/python3.8/site-packages/airflow/example_dags/subdags/subdag.py
[2026-07-13T14:22:54.055+0000] {processor.py:183} INFO - Processing /home/airflow/.local/lib/python3.8/site-packages/airflow/example_dags/subdags/subdag.py took 0.016 seconds
[2026-07-13T14:23:26.675+0000] {processor.py:161} INFO - Started process (PID=2163) to work on /home/airflow/.local/lib/python3.8/site-packages/airflow/example_dags/subdags/subdag.py
[2026-07-13T14:23:26.676+0000] {processor.py:830} INFO - Processing file /home/airflow/.local/lib/python3.8/site-packages/airflow/example_dags/subdags/subdag.py for tasks to queue
[2026-07-13T14:23:26.678+0000] {logging_mixin.py:188} INFO - [2026-07-13T14:23:26.677+0000] {dagbag.py:538} INFO - Filling up the DagBag from /home/airflow/.local/lib/python3.8/site-packages/airflow/example_dags/subdags/subdag.py
[2026-07-13T14:23:26.679+0000] {processor.py:842} WARNING - No viable dags retrieved from /home/airflow/.local/lib/python3.8/site-packages/airflow/example_dags/subdags/subdag.py
[2026-07-13T14:23:26.689+0000] {processor.py:183} INFO - Processing /home/airflow/.local/lib/python3.8/site-packages/airflow/example_dags/subdags/subdag.py took 0.016 seconds
[2026-07-13T14:23:59.220+0000] {processor.py:161} INFO - Started process (PID=2220) to work on /home/airflow/.local/lib/python3.8/site-packages/airflow/example_dags/subdags/subdag.py
[2026-07-13T14:23:59.221+0000] {processor.py:830} INFO - Processing file /home/airflow/.local/lib/python3.8/site-packages/airflow/example_dags/subdags/subdag.py for tasks to queue
[2026-07-13T14:23:59.223+0000] {logging_mixin.py:188} INFO - [2026-07-13T14:23:59.222+0000] {dagbag.py:538} INFO - Filling up the DagBag from /home/airflow/.local/lib/python3.8/site-packages/airflow/example_dags/subdags/subdag.py
[2026-07-13T14:23:59.224+0000] {processor.py:842} WARNING - No viable dags retrieved from /home/airflow/.local/lib/python3.8/site-packages/airflow/example_dags/subdags/subdag.py
[2026-07-13T14:23:59.234+0000] {processor.py:183} INFO - Processing /home/airflow/.local/lib/python3.8/site-packages/airflow/example_dags/subdags/subdag.py took 0.016 seconds
[2026-07-13T14:24:31.676+0000] {processor.py:161} INFO - Started process (PID=2276) to work on /home/airflow/.local/lib/python3.8/site-packages/airflow/example_dags/subdags/subdag.py
[2026-07-13T14:24:31.677+0000] {processor.py:830} INFO - Processing file /home/airflow/.local/lib/python3.8/site-packages/airflow/example_dags/subdags/subdag.py for tasks to queue
[2026-07-13T14:24:31.678+0000] {logging_mixin.py:188} INFO - [2026-07-13T14:24:31.678+0000] {dagbag.py:538} INFO - Filling up the DagBag from /home/airflow/.local/lib/python3.8/site-packages/airflow/example_dags/subdags/subdag.py
[2026-07-13T14:24:31.680+0000] {processor.py:842} WARNING - No viable dags retrieved from /home/airflow/.local/lib/python3.8/site-packages/airflow/example_dags/subdags/subdag.py
[2026-07-13T14:24:31.691+0000] {processor.py:183} INFO - Processing /home/airflow/.local/lib/python3.8/site-packages/airflow/example_dags/subdags/subdag.py took 0.018 seconds
[2026-07-13T14:25:04.502+0000] {processor.py:161} INFO - Started process (PID=2333) to work on /home/airflow/.local/lib/python3.8/site-packages/airflow/example_dags/subdags/subdag.py
[2026-07-13T14:25:04.503+0000] {processor.py:830} INFO - Processing file /home/airflow/.local/lib/python3.8/site-packages/airflow/example_dags/subdags/subdag.py for tasks to queue
[2026-07-13T14:25:04.504+0000] {logging_mixin.py:188} INFO - [2026-07-13T14:25:04.504+0000] {dagbag.py:538} INFO - Filling up the DagBag from /home/airflow/.local/lib/python3.8/site-packages/airflow/example_dags/subdags/subdag.py
[2026-07-13T14:25:04.506+0000] {processor.py:842} WARNING - No viable dags retrieved from /home/airflow/.local/lib/python3.8/site-packages/airflow/example_dags/subdags/subdag.py
[2026-07-13T14:25:04.516+0000] {processor.py:183} INFO - Processing /home/airflow/.local/lib/python3.8/site-packages/airflow/example_dags/subdags/subdag.py took 0.017 seconds
[2026-07-13T14:25:37.093+0000] {processor.py:161} INFO - Started process (PID=2389) to work on /home/airflow/.local/lib/python3.8/site-packages/airflow/example_dags/subdags/subdag.py
[2026-07-13T14:25:37.095+0000] {processor.py:830} INFO - Processing file /home/airflow/.local/lib/python3.8/site-packages/airflow/example_dags/subdags/subdag.py for tasks to queue
[2026-07-13T14:25:37.096+0000] {logging_mixin.py:188} INFO - [2026-07-13T14:25:37.096+0000] {dagbag.py:538} INFO - Filling up the DagBag from /home/airflow/.local/lib/python3.8/site-packages/airflow/example_dags/subdags/subdag.py
[2026-07-13T14:25:37.098+0000] {processor.py:842} WARNING - No viable dags retrieved from /home/airflow/.local/lib/python3.8/site-packages/airflow/example_dags/subdags/subdag.py
[2026-07-13T14:25:37.109+0000] {processor.py:183} INFO - Processing /home/airflow/.local/lib/python3.8/site-packages/airflow/example_dags/subdags/subdag.py took 0.019 seconds
[2026-07-13T14:26:09.695+0000] {processor.py:161} INFO - Started process (PID=2445) to work on /home/airflow/.local/lib/python3.8/site-packages/airflow/example_dags/subdags/subdag.py
[2026-07-13T14:26:09.696+0000] {processor.py:830} INFO - Processing file /home/airflow/.local/lib/python3.8/site-packages/airflow/example_dags/subdags/subdag.py for tasks to queue
[2026-07-13T14:26:09.697+0000] {logging_mixin.py:188} INFO - [2026-07-13T14:26:09.697+0000] {dagbag.py:538} INFO - Filling up the DagBag from /home/airflow/.local/lib/python3.8/site-packages/airflow/example_dags/subdags/subdag.py
[2026-07-13T14:26:09.699+0000] {processor.py:842} WARNING - No viable dags retrieved from /home/airflow/.local/lib/python3.8/site-packages/airflow/example_dags/subdags/subdag.py
[2026-07-13T14:26:09.711+0000] {processor.py:183} INFO - Processing /home/airflow/.local/lib/python3.8/site-packages/airflow/example_dags/subdags/subdag.py took 0.019 seconds
[2026-07-13T14:26:42.353+0000] {processor.py:161} INFO - Started process (PID=2501) to work on /home/airflow/.local/lib/python3.8/site-packages/airflow/example_dags/subdags/subdag.py
[2026-07-13T14:26:42.354+0000] {processor.py:830} INFO - Processing file /home/airflow/.local/lib/python3.8/site-packages/airflow/example_dags/subdags/subdag.py for tasks to queue
[2026-07-13T14:26:42.356+0000] {logging_mixin.py:188} INFO - [2026-07-13T14:26:42.356+0000] {dagbag.py:538} INFO - Filling up the DagBag from /home/airflow/.local/lib/python3.8/site-packages/airflow/example_dags/subdags/subdag.py
[2026-07-13T14:26:42.358+0000] {processor.py:842} WARNING - No viable dags retrieved from /home/airflow/.local/lib/python3.8/site-packages/airflow/example_dags/subdags/subdag.py
[2026-07-13T14:26:42.367+0000] {processor.py:183} INFO - Processing /home/airflow/.local/lib/python3.8/site-packages/airflow/example_dags/subdags/subdag.py took 0.016 seconds
[2026-07-13T14:27:15.059+0000] {processor.py:161} INFO - Started process (PID=2557) to work on /home/airflow/.local/lib/python3.8/site-packages/airflow/example_dags/subdags/subdag.py
[2026-07-13T14:27:15.060+0000] {processor.py:830} INFO - Processing file /home/airflow/.local/lib/python3.8/site-packages/airflow/example_dags/subdags/subdag.py for tasks to queue
[2026-07-13T14:27:15.061+0000] {logging_mixin.py:188} INFO - [2026-07-13T14:27:15.061+0000] {dagbag.py:538} INFO - Filling up the DagBag from /home/airflow/.local/lib/python3.8/site-packages/airflow/example_dags/subdags/subdag.py
[2026-07-13T14:27:15.063+0000] {processor.py:842} WARNING - No viable dags retrieved from /home/airflow/.local/lib/python3.8/site-packages/airflow/example_dags/subdags/subdag.py
[2026-07-13T14:27:15.073+0000] {processor.py:183} INFO - Processing /home/airflow/.local/lib/python3.8/site-packages/airflow/example_dags/subdags/subdag.py took 0.016 seconds
[2026-07-13T14:27:47.821+0000] {processor.py:161} INFO - Started process (PID=2613) to work on /home/airflow/.local/lib/python3.8/site-packages/airflow/example_dags/subdags/subdag.py
[2026-07-13T14:27:47.822+0000] {processor.py:830} INFO - Processing file /home/airflow/.local/lib/python3.8/site-packages/airflow/example_dags/subdags/subdag.py for tasks to queue
[2026-07-13T14:27:47.823+0000] {logging_mixin.py:188} INFO - [2026-07-13T14:27:47.823+0000] {dagbag.py:538} INFO - Filling up the DagBag from /home/airflow/.local/lib/python3.8/site-packages/airflow/example_dags/subdags/subdag.py
[2026-07-13T14:27:47.825+0000] {processor.py:842} WARNING - No viable dags retrieved from /home/airflow/.local/lib/python3.8/site-packages/airflow/example_dags/subdags/subdag.py
[2026-07-13T14:27:47.835+0000] {processor.py:183} INFO - Processing /home/airflow/.local/lib/python3.8/site-packages/airflow/example_dags/subdags/subdag.py took 0.016 seconds
[2026-07-13T14:28:19.776+0000] {processor.py:161} INFO - Started process (PID=2669) to work on /home/airflow/.local/lib/python3.8/site-packages/airflow/example_dags/subdags/subdag.py
[2026-07-13T14:28:19.777+0000] {processor.py:830} INFO - Processing file /home/airflow/.local/lib/python3.8/site-packages/airflow/example_dags/subdags/subdag.py for tasks to queue
[2026-07-13T14:28:19.778+0000] {logging_mixin.py:188} INFO - [2026-07-13T14:28:19.778+0000] {dagbag.py:538} INFO - Filling up the DagBag from /home/airflow/.local/lib/python3.8/site-packages/airflow/example_dags/subdags/subdag.py
[2026-07-13T14:28:19.780+0000] {processor.py:842} WARNING - No viable dags retrieved from /home/airflow/.local/lib/python3.8/site-packages/airflow/example_dags/subdags/subdag.py
[2026-07-13T14:28:19.791+0000] {processor.py:183} INFO - Processing /home/airflow/.local/lib/python3.8/site-packages/airflow/example_dags/subdags/subdag.py took 0.018 seconds
[2026-07-13T14:28:52.756+0000] {processor.py:161} INFO - Started process (PID=2727) to work on /home/airflow/.local/lib/python3.8/site-packages/airflow/example_dags/subdags/subdag.py
[2026-07-13T14:28:52.757+0000] {processor.py:830} INFO - Processing file /home/airflow/.local/lib/python3.8/site-packages/airflow/example_dags/subdags/subdag.py for tasks to queue
[2026-07-13T14:28:52.761+0000] {logging_mixin.py:188} INFO - [2026-07-13T14:28:52.760+0000] {dagbag.py:538} INFO - Filling up the DagBag from /home/airflow/.local/lib/python3.8/site-packages/airflow/example_dags/subdags/subdag.py
[2026-07-13T14:28:52.764+0000] {processor.py:842} WARNING - No viable dags retrieved from /home/airflow/.local/lib/python3.8/site-packages/airflow/example_dags/subdags/subdag.py
[2026-07-13T14:28:52.779+0000] {processor.py:183} INFO - Processing /home/airflow/.local/lib/python3.8/site-packages/airflow/example_dags/subdags/subdag.py took 0.025 seconds
[2026-07-13T14:29:27.112+0000] {processor.py:161} INFO - Started process (PID=2783) to work on /home/airflow/.local/lib/python3.8/site-packages/airflow/example_dags/subdags/subdag.py
[2026-07-13T14:29:27.113+0000] {processor.py:830} INFO - Processing file /home/airflow/.local/lib/python3.8/site-packages/airflow/example_dags/subdags/subdag.py for tasks to queue
[2026-07-13T14:29:27.116+0000] {logging_mixin.py:188} INFO - [2026-07-13T14:29:27.115+0000] {dagbag.py:538} INFO - Filling up the DagBag from /home/airflow/.local/lib/python3.8/site-packages/airflow/example_dags/subdags/subdag.py
[2026-07-13T14:29:27.119+0000] {processor.py:842} WARNING - No viable dags retrieved from /home/airflow/.local/lib/python3.8/site-packages/airflow/example_dags/subdags/subdag.py
[2026-07-13T14:29:27.130+0000] {processor.py:183} INFO - Processing /home/airflow/.local/lib/python3.8/site-packages/airflow/example_dags/subdags/subdag.py took 0.023 seconds
[2026-07-13T14:30:00.162+0000] {processor.py:161} INFO - Started process (PID=2839) to work on /home/airflow/.local/lib/python3.8/site-packages/airflow/example_dags/subdags/subdag.py
[2026-07-13T14:30:00.164+0000] {processor.py:830} INFO - Processing file /home/airflow/.local/lib/python3.8/site-packages/airflow/example_dags/subdags/subdag.py for tasks to queue
[2026-07-13T14:30:00.168+0000] {logging_mixin.py:188} INFO - [2026-07-13T14:30:00.167+0000] {dagbag.py:538} INFO - Filling up the DagBag from /home/airflow/.local/lib/python3.8/site-packages/airflow/example_dags/subdags/subdag.py
[2026-07-13T14:30:00.171+0000] {processor.py:842} WARNING - No viable dags retrieved from /home/airflow/.local/lib/python3.8/site-packages/airflow/example_dags/subdags/subdag.py
[2026-07-13T14:30:00.196+0000] {processor.py:183} INFO - Processing /home/airflow/.local/lib/python3.8/site-packages/airflow/example_dags/subdags/subdag.py took 0.042 seconds
[2026-07-13T14:30:31.532+0000] {processor.py:161} INFO - Started process (PID=2895) to work on /home/airflow/.local/lib/python3.8/site-packages/airflow/example_dags/subdags/subdag.py
[2026-07-13T14:30:31.533+0000] {processor.py:830} INFO - Processing file /home/airflow/.local/lib/python3.8/site-packages/airflow/example_dags/subdags/subdag.py for tasks to queue
[2026-07-13T14:30:31.534+0000] {logging_mixin.py:188} INFO - [2026-07-13T14:30:31.533+0000] {dagbag.py:538} INFO - Filling up the DagBag from /home/airflow/.local/lib/python3.8/site-packages/airflow/example_dags/subdags/subdag.py
[2026-07-13T14:30:31.535+0000] {processor.py:842} WARNING - No viable dags retrieved from /home/airflow/.local/lib/python3.8/site-packages/airflow/example_dags/subdags/subdag.py
[2026-07-13T14:30:31.547+0000] {processor.py:183} INFO - Processing /home/airflow/.local/lib/python3.8/site-packages/airflow/example_dags/subdags/subdag.py took 0.018 seconds
[2026-07-13T14:31:04.013+0000] {processor.py:161} INFO - Started process (PID=2951) to work on /home/airflow/.local/lib/python3.8/site-packages/airflow/example_dags/subdags/subdag.py
[2026-07-13T14:31:04.015+0000] {processor.py:830} INFO - Processing file /home/airflow/.local/lib/python3.8/site-packages/airflow/example_dags/subdags/subdag.py for tasks to queue
[2026-07-13T14:31:04.015+0000] {logging_mixin.py:188} INFO - [2026-07-13T14:31:04.015+0000] {dagbag.py:538} INFO - Filling up the DagBag from /home/airflow/.local/lib/python3.8/site-packages/airflow/example_dags/subdags/subdag.py
[2026-07-13T14:31:04.017+0000] {processor.py:842} WARNING - No viable dags retrieved from /home/airflow/.local/lib/python3.8/site-packages/airflow/example_dags/subdags/subdag.py
[2026-07-13T14:31:04.028+0000] {processor.py:183} INFO - Processing /home/airflow/.local/lib/python3.8/site-packages/airflow/example_dags/subdags/subdag.py took 0.017 seconds
[2026-07-13T14:31:36.995+0000] {processor.py:161} INFO - Started process (PID=3007) to work on /home/airflow/.local/lib/python3.8/site-packages/airflow/example_dags/subdags/subdag.py
[2026-07-13T14:31:36.996+0000] {processor.py:830} INFO - Processing file /home/airflow/.local/lib/python3.8/site-packages/airflow/example_dags/subdags/subdag.py for tasks to queue
[2026-07-13T14:31:36.996+0000] {logging_mixin.py:188} INFO - [2026-07-13T14:31:36.996+0000] {dagbag.py:538} INFO - Filling up the DagBag from /home/airflow/.local/lib/python3.8/site-packages/airflow/example_dags/subdags/subdag.py
[2026-07-13T14:31:36.998+0000] {processor.py:842} WARNING - No viable dags retrieved from /home/airflow/.local/lib/python3.8/site-packages/airflow/example_dags/subdags/subdag.py
[2026-07-13T14:31:37.008+0000] {processor.py:183} INFO - Processing /home/airflow/.local/lib/python3.8/site-packages/airflow/example_dags/subdags/subdag.py took 0.016 seconds
[2026-07-13T14:32:10.267+0000] {processor.py:161} INFO - Started process (PID=3063) to work on /home/airflow/.local/lib/python3.8/site-packages/airflow/example_dags/subdags/subdag.py
[2026-07-13T14:32:10.268+0000] {processor.py:830} INFO - Processing file /home/airflow/.local/lib/python3.8/site-packages/airflow/example_dags/subdags/subdag.py for tasks to queue
[2026-07-13T14:32:10.269+0000] {logging_mixin.py:188} INFO - [2026-07-13T14:32:10.269+0000] {dagbag.py:538} INFO - Filling up the DagBag from /home/airflow/.local/lib/python3.8/site-packages/airflow/example_dags/subdags/subdag.py
[2026-07-13T14:32:10.271+0000] {processor.py:842} WARNING - No viable dags retrieved from /home/airflow/.local/lib/python3.8/site-packages/airflow/example_dags/subdags/subdag.py
[2026-07-13T14:32:10.282+0000] {processor.py:183} INFO - Processing /home/airflow/.local/lib/python3.8/site-packages/airflow/example_dags/subdags/subdag.py took 0.018 seconds
[2026-07-13T14:32:42.225+0000] {processor.py:161} INFO - Started process (PID=3119) to work on /home/airflow/.local/lib/python3.8/site-packages/airflow/example_dags/subdags/subdag.py
[2026-07-13T14:32:42.226+0000] {processor.py:830} INFO - Processing file /home/airflow/.local/lib/python3.8/site-packages/airflow/example_dags/subdags/subdag.py for tasks to queue
[2026-07-13T14:32:42.227+0000] {logging_mixin.py:188} INFO - [2026-07-13T14:32:42.226+0000] {dagbag.py:538} INFO - Filling up the DagBag from /home/airflow/.local/lib/python3.8/site-packages/airflow/example_dags/subdags/subdag.py
[2026-07-13T14:32:42.229+0000] {processor.py:842} WARNING - No viable dags retrieved from /home/airflow/.local/lib/python3.8/site-packages/airflow/example_dags/subdags/subdag.py
[2026-07-13T14:32:42.240+0000] {processor.py:183} INFO - Processing /home/airflow/.local/lib/python3.8/site-packages/airflow/example_dags/subdags/subdag.py took 0.018 seconds
[2026-07-13T14:33:14.683+0000] {processor.py:161} INFO - Started process (PID=3175) to work on /home/airflow/.local/lib/python3.8/site-packages/airflow/example_dags/subdags/subdag.py
[2026-07-13T14:33:14.684+0000] {processor.py:830} INFO - Processing file /home/airflow/.local/lib/python3.8/site-packages/airflow/example_dags/subdags/subdag.py for tasks to queue
[2026-07-13T14:33:14.684+0000] {logging_mixin.py:188} INFO - [2026-07-13T14:33:14.684+0000] {dagbag.py:538} INFO - Filling up the DagBag from /home/airflow/.local/lib/python3.8/site-packages/airflow/example_dags/subdags/subdag.py
[2026-07-13T14:33:14.686+0000] {processor.py:842} WARNING - No viable dags retrieved from /home/airflow/.local/lib/python3.8/site-packages/airflow/example_dags/subdags/subdag.py
[2026-07-13T14:33:14.697+0000] {processor.py:183} INFO - Processing /home/airflow/.local/lib/python3.8/site-packages/airflow/example_dags/subdags/subdag.py took 0.018 seconds
[2026-07-13T14:33:47.770+0000] {processor.py:161} INFO - Started process (PID=3231) to work on /home/airflow/.local/lib/python3.8/site-packages/airflow/example_dags/subdags/subdag.py
[2026-07-13T14:33:47.771+0000] {processor.py:830} INFO - Processing file /home/airflow/.local/lib/python3.8/site-packages/airflow/example_dags/subdags/subdag.py for tasks to queue
[2026-07-13T14:33:47.772+0000] {logging_mixin.py:188} INFO - [2026-07-13T14:33:47.772+0000] {dagbag.py:538} INFO - Filling up the DagBag from /home/airflow/.local/lib/python3.8/site-packages/airflow/example_dags/subdags/subdag.py
[2026-07-13T14:33:47.773+0000] {processor.py:842} WARNING - No viable dags retrieved from /home/airflow/.local/lib/python3.8/site-packages/airflow/example_dags/subdags/subdag.py
[2026-07-13T14:33:47.783+0000] {processor.py:183} INFO - Processing /home/airflow/.local/lib/python3.8/site-packages/airflow/example_dags/subdags/subdag.py took 0.016 seconds
[2026-07-13T14:34:18.413+0000] {processor.py:161} INFO - Started process (PID=3287) to work on /home/airflow/.local/lib/python3.8/site-packages/airflow/example_dags/subdags/subdag.py
[2026-07-13T14:34:18.414+0000] {processor.py:830} INFO - Processing file /home/airflow/.local/lib/python3.8/site-packages/airflow/example_dags/subdags/subdag.py for tasks to queue
[2026-07-13T14:34:18.415+0000] {logging_mixin.py:188} INFO - [2026-07-13T14:34:18.415+0000] {dagbag.py:538} INFO - Filling up the DagBag from /home/airflow/.local/lib/python3.8/site-packages/airflow/example_dags/subdags/subdag.py
[2026-07-13T14:34:18.417+0000] {processor.py:842} WARNING - No viable dags retrieved from /home/airflow/.local/lib/python3.8/site-packages/airflow/example_dags/subdags/subdag.py
[2026-07-13T14:34:18.429+0000] {processor.py:183} INFO - Processing /home/airflow/.local/lib/python3.8/site-packages/airflow/example_dags/subdags/subdag.py took 0.019 seconds
[2026-07-13T14:34:50.890+0000] {processor.py:161} INFO - Started process (PID=3343) to work on /home/airflow/.local/lib/python3.8/site-packages/airflow/example_dags/subdags/subdag.py
[2026-07-13T14:34:50.890+0000] {processor.py:830} INFO - Processing file /home/airflow/.local/lib/python3.8/site-packages/airflow/example_dags/subdags/subdag.py for tasks to queue
[2026-07-13T14:34:50.891+0000] {logging_mixin.py:188} INFO - [2026-07-13T14:34:50.891+0000] {dagbag.py:538} INFO - Filling up the DagBag from /home/airflow/.local/lib/python3.8/site-packages/airflow/example_dags/subdags/subdag.py
[2026-07-13T14:34:50.893+0000] {processor.py:842} WARNING - No viable dags retrieved from /home/airflow/.local/lib/python3.8/site-packages/airflow/example_dags/subdags/subdag.py
[2026-07-13T14:34:50.903+0000] {processor.py:183} INFO - Processing /home/airflow/.local/lib/python3.8/site-packages/airflow/example_dags/subdags/subdag.py took 0.016 seconds
[2026-07-13T14:35:46.479+0000] {processor.py:161} INFO - Started process (PID=96) to work on /home/airflow/.local/lib/python3.8/site-packages/airflow/example_dags/subdags/subdag.py
[2026-07-13T14:35:46.480+0000] {processor.py:830} INFO - Processing file /home/airflow/.local/lib/python3.8/site-packages/airflow/example_dags/subdags/subdag.py for tasks to queue
[2026-07-13T14:35:46.482+0000] {logging_mixin.py:188} INFO - [2026-07-13T14:35:46.482+0000] {dagbag.py:538} INFO - Filling up the DagBag from /home/airflow/.local/lib/python3.8/site-packages/airflow/example_dags/subdags/subdag.py
[2026-07-13T14:35:46.484+0000] {processor.py:842} WARNING - No viable dags retrieved from /home/airflow/.local/lib/python3.8/site-packages/airflow/example_dags/subdags/subdag.py
[2026-07-13T14:35:46.498+0000] {processor.py:183} INFO - Processing /home/airflow/.local/lib/python3.8/site-packages/airflow/example_dags/subdags/subdag.py took 0.022 seconds
[2026-07-13T14:36:17.508+0000] {processor.py:161} INFO - Started process (PID=152) to work on /home/airflow/.local/lib/python3.8/site-packages/airflow/example_dags/subdags/subdag.py
[2026-07-13T14:36:17.509+0000] {processor.py:830} INFO - Processing file /home/airflow/.local/lib/python3.8/site-packages/airflow/example_dags/subdags/subdag.py for tasks to queue
[2026-07-13T14:36:17.511+0000] {logging_mixin.py:188} INFO - [2026-07-13T14:36:17.510+0000] {dagbag.py:538} INFO - Filling up the DagBag from /home/airflow/.local/lib/python3.8/site-packages/airflow/example_dags/subdags/subdag.py
[2026-07-13T14:36:17.512+0000] {processor.py:842} WARNING - No viable dags retrieved from /home/airflow/.local/lib/python3.8/site-packages/airflow/example_dags/subdags/subdag.py
[2026-07-13T14:36:17.523+0000] {processor.py:183} INFO - Processing /home/airflow/.local/lib/python3.8/site-packages/airflow/example_dags/subdags/subdag.py took 0.017 seconds
[2026-07-13T14:36:48.340+0000] {processor.py:161} INFO - Started process (PID=202) to work on /home/airflow/.local/lib/python3.8/site-packages/airflow/example_dags/subdags/subdag.py
[2026-07-13T14:36:48.341+0000] {processor.py:830} INFO - Processing file /home/airflow/.local/lib/python3.8/site-packages/airflow/example_dags/subdags/subdag.py for tasks to queue
[2026-07-13T14:36:48.343+0000] {logging_mixin.py:188} INFO - [2026-07-13T14:36:48.343+0000] {dagbag.py:538} INFO - Filling up the DagBag from /home/airflow/.local/lib/python3.8/site-packages/airflow/example_dags/subdags/subdag.py
[2026-07-13T14:36:48.345+0000] {processor.py:842} WARNING - No viable dags retrieved from /home/airflow/.local/lib/python3.8/site-packages/airflow/example_dags/subdags/subdag.py
[2026-07-13T14:36:48.363+0000] {processor.py:183} INFO - Processing /home/airflow/.local/lib/python3.8/site-packages/airflow/example_dags/subdags/subdag.py took 0.025 seconds
[2026-07-13T14:37:19.238+0000] {processor.py:161} INFO - Started process (PID=258) to work on /home/airflow/.local/lib/python3.8/site-packages/airflow/example_dags/subdags/subdag.py
[2026-07-13T14:37:19.239+0000] {processor.py:830} INFO - Processing file /home/airflow/.local/lib/python3.8/site-packages/airflow/example_dags/subdags/subdag.py for tasks to queue
[2026-07-13T14:37:19.240+0000] {logging_mixin.py:188} INFO - [2026-07-13T14:37:19.240+0000] {dagbag.py:538} INFO - Filling up the DagBag from /home/airflow/.local/lib/python3.8/site-packages/airflow/example_dags/subdags/subdag.py
[2026-07-13T14:37:19.241+0000] {processor.py:842} WARNING - No viable dags retrieved from /home/airflow/.local/lib/python3.8/site-packages/airflow/example_dags/subdags/subdag.py
[2026-07-13T14:37:19.251+0000] {processor.py:183} INFO - Processing /home/airflow/.local/lib/python3.8/site-packages/airflow/example_dags/subdags/subdag.py took 0.016 seconds
[2026-07-13T14:37:49.356+0000] {processor.py:161} INFO - Started process (PID=314) to work on /home/airflow/.local/lib/python3.8/site-packages/airflow/example_dags/subdags/subdag.py
[2026-07-13T14:37:49.357+0000] {processor.py:830} INFO - Processing file /home/airflow/.local/lib/python3.8/site-packages/airflow/example_dags/subdags/subdag.py for tasks to queue
[2026-07-13T14:37:49.359+0000] {logging_mixin.py:188} INFO - [2026-07-13T14:37:49.358+0000] {dagbag.py:538} INFO - Filling up the DagBag from /home/airflow/.local/lib/python3.8/site-packages/airflow/example_dags/subdags/subdag.py
[2026-07-13T14:37:49.360+0000] {processor.py:842} WARNING - No viable dags retrieved from /home/airflow/.local/lib/python3.8/site-packages/airflow/example_dags/subdags/subdag.py
[2026-07-13T14:37:49.372+0000] {processor.py:183} INFO - Processing /home/airflow/.local/lib/python3.8/site-packages/airflow/example_dags/subdags/subdag.py took 0.018 seconds
