[2026-07-12T09:13:01.441+0000] {processor.py:161} INFO - Started process (PID=1415) to work on /home/airflow/.local/lib/python3.8/site-packages/airflow/example_dags/plugins/workday.py
[2026-07-12T09:13:01.442+0000] {processor.py:830} INFO - Processing file /home/airflow/.local/lib/python3.8/site-packages/airflow/example_dags/plugins/workday.py for tasks to queue
[2026-07-12T09:13:01.443+0000] {logging_mixin.py:188} INFO - [2026-07-12T09:13:01.443+0000] {dagbag.py:538} INFO - Filling up the DagBag from /home/airflow/.local/lib/python3.8/site-packages/airflow/example_dags/plugins/workday.py
[2026-07-12T09:13:02.777+0000] {processor.py:842} WARNING - No viable dags retrieved from /home/airflow/.local/lib/python3.8/site-packages/airflow/example_dags/plugins/workday.py
[2026-07-12T09:13:02.817+0000] {processor.py:183} INFO - Processing /home/airflow/.local/lib/python3.8/site-packages/airflow/example_dags/plugins/workday.py took 1.379 seconds
[2026-07-12T09:13:33.224+0000] {processor.py:161} INFO - Started process (PID=1470) to work on /home/airflow/.local/lib/python3.8/site-packages/airflow/example_dags/plugins/workday.py
[2026-07-12T09:13:33.225+0000] {processor.py:830} INFO - Processing file /home/airflow/.local/lib/python3.8/site-packages/airflow/example_dags/plugins/workday.py for tasks to queue
[2026-07-12T09:13:33.227+0000] {logging_mixin.py:188} INFO - [2026-07-12T09:13:33.227+0000] {dagbag.py:538} INFO - Filling up the DagBag from /home/airflow/.local/lib/python3.8/site-packages/airflow/example_dags/plugins/workday.py
[2026-07-12T09:13:33.692+0000] {processor.py:842} WARNING - No viable dags retrieved from /home/airflow/.local/lib/python3.8/site-packages/airflow/example_dags/plugins/workday.py
[2026-07-12T09:13:33.701+0000] {processor.py:183} INFO - Processing /home/airflow/.local/lib/python3.8/site-packages/airflow/example_dags/plugins/workday.py took 0.481 seconds
[2026-07-12T09:14:04.446+0000] {processor.py:161} INFO - Started process (PID=1525) to work on /home/airflow/.local/lib/python3.8/site-packages/airflow/example_dags/plugins/workday.py
[2026-07-12T09:14:04.450+0000] {processor.py:830} INFO - Processing file /home/airflow/.local/lib/python3.8/site-packages/airflow/example_dags/plugins/workday.py for tasks to queue
[2026-07-12T09:14:04.451+0000] {logging_mixin.py:188} INFO - [2026-07-12T09:14:04.451+0000] {dagbag.py:538} INFO - Filling up the DagBag from /home/airflow/.local/lib/python3.8/site-packages/airflow/example_dags/plugins/workday.py
[2026-07-12T09:14:05.030+0000] {processor.py:842} WARNING - No viable dags retrieved from /home/airflow/.local/lib/python3.8/site-packages/airflow/example_dags/plugins/workday.py
[2026-07-12T09:14:05.044+0000] {processor.py:183} INFO - Processing /home/airflow/.local/lib/python3.8/site-packages/airflow/example_dags/plugins/workday.py took 0.600 seconds
[2026-07-12T09:14:36.041+0000] {processor.py:161} INFO - Started process (PID=1585) to work on /home/airflow/.local/lib/python3.8/site-packages/airflow/example_dags/plugins/workday.py
[2026-07-12T09:14:36.044+0000] {processor.py:830} INFO - Processing file /home/airflow/.local/lib/python3.8/site-packages/airflow/example_dags/plugins/workday.py for tasks to queue
[2026-07-12T09:14:36.046+0000] {logging_mixin.py:188} INFO - [2026-07-12T09:14:36.046+0000] {dagbag.py:538} INFO - Filling up the DagBag from /home/airflow/.local/lib/python3.8/site-packages/airflow/example_dags/plugins/workday.py
[2026-07-12T09:14:36.479+0000] {processor.py:842} WARNING - No viable dags retrieved from /home/airflow/.local/lib/python3.8/site-packages/airflow/example_dags/plugins/workday.py
[2026-07-12T09:14:36.488+0000] {processor.py:183} INFO - Processing /home/airflow/.local/lib/python3.8/site-packages/airflow/example_dags/plugins/workday.py took 0.454 seconds
[2026-07-12T09:15:06.616+0000] {processor.py:161} INFO - Started process (PID=1640) to work on /home/airflow/.local/lib/python3.8/site-packages/airflow/example_dags/plugins/workday.py
[2026-07-12T09:15:06.618+0000] {processor.py:830} INFO - Processing file /home/airflow/.local/lib/python3.8/site-packages/airflow/example_dags/plugins/workday.py for tasks to queue
[2026-07-12T09:15:06.619+0000] {logging_mixin.py:188} INFO - [2026-07-12T09:15:06.619+0000] {dagbag.py:538} INFO - Filling up the DagBag from /home/airflow/.local/lib/python3.8/site-packages/airflow/example_dags/plugins/workday.py
[2026-07-12T09:15:07.009+0000] {processor.py:842} WARNING - No viable dags retrieved from /home/airflow/.local/lib/python3.8/site-packages/airflow/example_dags/plugins/workday.py
[2026-07-12T09:15:07.021+0000] {processor.py:183} INFO - Processing /home/airflow/.local/lib/python3.8/site-packages/airflow/example_dags/plugins/workday.py took 0.409 seconds
[2026-07-12T09:15:37.870+0000] {processor.py:161} INFO - Started process (PID=1695) to work on /home/airflow/.local/lib/python3.8/site-packages/airflow/example_dags/plugins/workday.py
[2026-07-12T09:15:37.871+0000] {processor.py:830} INFO - Processing file /home/airflow/.local/lib/python3.8/site-packages/airflow/example_dags/plugins/workday.py for tasks to queue
[2026-07-12T09:15:37.873+0000] {logging_mixin.py:188} INFO - [2026-07-12T09:15:37.873+0000] {dagbag.py:538} INFO - Filling up the DagBag from /home/airflow/.local/lib/python3.8/site-packages/airflow/example_dags/plugins/workday.py
[2026-07-12T09:15:38.266+0000] {processor.py:842} WARNING - No viable dags retrieved from /home/airflow/.local/lib/python3.8/site-packages/airflow/example_dags/plugins/workday.py
[2026-07-12T09:15:38.277+0000] {processor.py:183} INFO - Processing /home/airflow/.local/lib/python3.8/site-packages/airflow/example_dags/plugins/workday.py took 0.410 seconds
[2026-07-12T09:16:09.189+0000] {processor.py:161} INFO - Started process (PID=1750) to work on /home/airflow/.local/lib/python3.8/site-packages/airflow/example_dags/plugins/workday.py
[2026-07-12T09:16:09.190+0000] {processor.py:830} INFO - Processing file /home/airflow/.local/lib/python3.8/site-packages/airflow/example_dags/plugins/workday.py for tasks to queue
[2026-07-12T09:16:09.191+0000] {logging_mixin.py:188} INFO - [2026-07-12T09:16:09.191+0000] {dagbag.py:538} INFO - Filling up the DagBag from /home/airflow/.local/lib/python3.8/site-packages/airflow/example_dags/plugins/workday.py
[2026-07-12T09:16:09.483+0000] {processor.py:842} WARNING - No viable dags retrieved from /home/airflow/.local/lib/python3.8/site-packages/airflow/example_dags/plugins/workday.py
[2026-07-12T09:16:09.492+0000] {processor.py:183} INFO - Processing /home/airflow/.local/lib/python3.8/site-packages/airflow/example_dags/plugins/workday.py took 0.307 seconds
[2026-07-12T09:16:39.834+0000] {processor.py:161} INFO - Started process (PID=1805) to work on /home/airflow/.local/lib/python3.8/site-packages/airflow/example_dags/plugins/workday.py
[2026-07-12T09:16:39.837+0000] {processor.py:830} INFO - Processing file /home/airflow/.local/lib/python3.8/site-packages/airflow/example_dags/plugins/workday.py for tasks to queue
[2026-07-12T09:16:39.838+0000] {logging_mixin.py:188} INFO - [2026-07-12T09:16:39.838+0000] {dagbag.py:538} INFO - Filling up the DagBag from /home/airflow/.local/lib/python3.8/site-packages/airflow/example_dags/plugins/workday.py
[2026-07-12T09:16:40.222+0000] {processor.py:842} WARNING - No viable dags retrieved from /home/airflow/.local/lib/python3.8/site-packages/airflow/example_dags/plugins/workday.py
[2026-07-12T09:16:40.233+0000] {processor.py:183} INFO - Processing /home/airflow/.local/lib/python3.8/site-packages/airflow/example_dags/plugins/workday.py took 0.401 seconds
[2026-07-12T09:17:11.177+0000] {processor.py:161} INFO - Started process (PID=1860) to work on /home/airflow/.local/lib/python3.8/site-packages/airflow/example_dags/plugins/workday.py
[2026-07-12T09:17:11.178+0000] {processor.py:830} INFO - Processing file /home/airflow/.local/lib/python3.8/site-packages/airflow/example_dags/plugins/workday.py for tasks to queue
[2026-07-12T09:17:11.179+0000] {logging_mixin.py:188} INFO - [2026-07-12T09:17:11.179+0000] {dagbag.py:538} INFO - Filling up the DagBag from /home/airflow/.local/lib/python3.8/site-packages/airflow/example_dags/plugins/workday.py
[2026-07-12T09:17:11.580+0000] {processor.py:842} WARNING - No viable dags retrieved from /home/airflow/.local/lib/python3.8/site-packages/airflow/example_dags/plugins/workday.py
[2026-07-12T09:17:11.590+0000] {processor.py:183} INFO - Processing /home/airflow/.local/lib/python3.8/site-packages/airflow/example_dags/plugins/workday.py took 0.418 seconds
[2026-07-12T09:17:42.350+0000] {processor.py:161} INFO - Started process (PID=1915) to work on /home/airflow/.local/lib/python3.8/site-packages/airflow/example_dags/plugins/workday.py
[2026-07-12T09:17:42.352+0000] {processor.py:830} INFO - Processing file /home/airflow/.local/lib/python3.8/site-packages/airflow/example_dags/plugins/workday.py for tasks to queue
[2026-07-12T09:17:42.354+0000] {logging_mixin.py:188} INFO - [2026-07-12T09:17:42.354+0000] {dagbag.py:538} INFO - Filling up the DagBag from /home/airflow/.local/lib/python3.8/site-packages/airflow/example_dags/plugins/workday.py
[2026-07-12T09:17:42.638+0000] {processor.py:842} WARNING - No viable dags retrieved from /home/airflow/.local/lib/python3.8/site-packages/airflow/example_dags/plugins/workday.py
[2026-07-12T09:17:42.648+0000] {processor.py:183} INFO - Processing /home/airflow/.local/lib/python3.8/site-packages/airflow/example_dags/plugins/workday.py took 0.303 seconds
[2026-07-12T09:18:13.550+0000] {processor.py:161} INFO - Started process (PID=1970) to work on /home/airflow/.local/lib/python3.8/site-packages/airflow/example_dags/plugins/workday.py
[2026-07-12T09:18:13.552+0000] {processor.py:830} INFO - Processing file /home/airflow/.local/lib/python3.8/site-packages/airflow/example_dags/plugins/workday.py for tasks to queue
[2026-07-12T09:18:13.554+0000] {logging_mixin.py:188} INFO - [2026-07-12T09:18:13.554+0000] {dagbag.py:538} INFO - Filling up the DagBag from /home/airflow/.local/lib/python3.8/site-packages/airflow/example_dags/plugins/workday.py
[2026-07-12T09:18:13.947+0000] {processor.py:842} WARNING - No viable dags retrieved from /home/airflow/.local/lib/python3.8/site-packages/airflow/example_dags/plugins/workday.py
[2026-07-12T09:18:13.957+0000] {processor.py:183} INFO - Processing /home/airflow/.local/lib/python3.8/site-packages/airflow/example_dags/plugins/workday.py took 0.410 seconds
[2026-07-12T09:18:44.929+0000] {processor.py:161} INFO - Started process (PID=2025) to work on /home/airflow/.local/lib/python3.8/site-packages/airflow/example_dags/plugins/workday.py
[2026-07-12T09:18:44.931+0000] {processor.py:830} INFO - Processing file /home/airflow/.local/lib/python3.8/site-packages/airflow/example_dags/plugins/workday.py for tasks to queue
[2026-07-12T09:18:44.933+0000] {logging_mixin.py:188} INFO - [2026-07-12T09:18:44.933+0000] {dagbag.py:538} INFO - Filling up the DagBag from /home/airflow/.local/lib/python3.8/site-packages/airflow/example_dags/plugins/workday.py
[2026-07-12T09:18:45.274+0000] {processor.py:842} WARNING - No viable dags retrieved from /home/airflow/.local/lib/python3.8/site-packages/airflow/example_dags/plugins/workday.py
[2026-07-12T09:18:45.285+0000] {processor.py:183} INFO - Processing /home/airflow/.local/lib/python3.8/site-packages/airflow/example_dags/plugins/workday.py took 0.358 seconds
[2026-07-12T09:19:15.428+0000] {processor.py:161} INFO - Started process (PID=2080) to work on /home/airflow/.local/lib/python3.8/site-packages/airflow/example_dags/plugins/workday.py
[2026-07-12T09:19:15.431+0000] {processor.py:830} INFO - Processing file /home/airflow/.local/lib/python3.8/site-packages/airflow/example_dags/plugins/workday.py for tasks to queue
[2026-07-12T09:19:15.433+0000] {logging_mixin.py:188} INFO - [2026-07-12T09:19:15.433+0000] {dagbag.py:538} INFO - Filling up the DagBag from /home/airflow/.local/lib/python3.8/site-packages/airflow/example_dags/plugins/workday.py
[2026-07-12T09:19:15.866+0000] {processor.py:842} WARNING - No viable dags retrieved from /home/airflow/.local/lib/python3.8/site-packages/airflow/example_dags/plugins/workday.py
[2026-07-12T09:19:15.878+0000] {processor.py:183} INFO - Processing /home/airflow/.local/lib/python3.8/site-packages/airflow/example_dags/plugins/workday.py took 0.453 seconds
[2026-07-12T09:19:46.659+0000] {processor.py:161} INFO - Started process (PID=2135) to work on /home/airflow/.local/lib/python3.8/site-packages/airflow/example_dags/plugins/workday.py
[2026-07-12T09:19:46.662+0000] {processor.py:830} INFO - Processing file /home/airflow/.local/lib/python3.8/site-packages/airflow/example_dags/plugins/workday.py for tasks to queue
[2026-07-12T09:19:46.663+0000] {logging_mixin.py:188} INFO - [2026-07-12T09:19:46.663+0000] {dagbag.py:538} INFO - Filling up the DagBag from /home/airflow/.local/lib/python3.8/site-packages/airflow/example_dags/plugins/workday.py
[2026-07-12T09:19:46.942+0000] {processor.py:842} WARNING - No viable dags retrieved from /home/airflow/.local/lib/python3.8/site-packages/airflow/example_dags/plugins/workday.py
[2026-07-12T09:19:46.952+0000] {processor.py:183} INFO - Processing /home/airflow/.local/lib/python3.8/site-packages/airflow/example_dags/plugins/workday.py took 0.296 seconds
[2026-07-12T09:20:17.036+0000] {processor.py:161} INFO - Started process (PID=2190) to work on /home/airflow/.local/lib/python3.8/site-packages/airflow/example_dags/plugins/workday.py
[2026-07-12T09:20:17.038+0000] {processor.py:830} INFO - Processing file /home/airflow/.local/lib/python3.8/site-packages/airflow/example_dags/plugins/workday.py for tasks to queue
[2026-07-12T09:20:17.040+0000] {logging_mixin.py:188} INFO - [2026-07-12T09:20:17.039+0000] {dagbag.py:538} INFO - Filling up the DagBag from /home/airflow/.local/lib/python3.8/site-packages/airflow/example_dags/plugins/workday.py
[2026-07-12T09:20:17.369+0000] {processor.py:842} WARNING - No viable dags retrieved from /home/airflow/.local/lib/python3.8/site-packages/airflow/example_dags/plugins/workday.py
[2026-07-12T09:20:17.384+0000] {processor.py:183} INFO - Processing /home/airflow/.local/lib/python3.8/site-packages/airflow/example_dags/plugins/workday.py took 0.351 seconds
[2026-07-12T09:20:48.236+0000] {processor.py:161} INFO - Started process (PID=2245) to work on /home/airflow/.local/lib/python3.8/site-packages/airflow/example_dags/plugins/workday.py
[2026-07-12T09:20:48.240+0000] {processor.py:830} INFO - Processing file /home/airflow/.local/lib/python3.8/site-packages/airflow/example_dags/plugins/workday.py for tasks to queue
[2026-07-12T09:20:48.241+0000] {logging_mixin.py:188} INFO - [2026-07-12T09:20:48.241+0000] {dagbag.py:538} INFO - Filling up the DagBag from /home/airflow/.local/lib/python3.8/site-packages/airflow/example_dags/plugins/workday.py
[2026-07-12T09:20:48.494+0000] {processor.py:842} WARNING - No viable dags retrieved from /home/airflow/.local/lib/python3.8/site-packages/airflow/example_dags/plugins/workday.py
[2026-07-12T09:20:48.504+0000] {processor.py:183} INFO - Processing /home/airflow/.local/lib/python3.8/site-packages/airflow/example_dags/plugins/workday.py took 0.270 seconds
[2026-07-12T09:21:18.532+0000] {processor.py:161} INFO - Started process (PID=2300) to work on /home/airflow/.local/lib/python3.8/site-packages/airflow/example_dags/plugins/workday.py
[2026-07-12T09:21:18.534+0000] {processor.py:830} INFO - Processing file /home/airflow/.local/lib/python3.8/site-packages/airflow/example_dags/plugins/workday.py for tasks to queue
[2026-07-12T09:21:18.536+0000] {logging_mixin.py:188} INFO - [2026-07-12T09:21:18.536+0000] {dagbag.py:538} INFO - Filling up the DagBag from /home/airflow/.local/lib/python3.8/site-packages/airflow/example_dags/plugins/workday.py
[2026-07-12T09:21:18.859+0000] {processor.py:842} WARNING - No viable dags retrieved from /home/airflow/.local/lib/python3.8/site-packages/airflow/example_dags/plugins/workday.py
[2026-07-12T09:21:18.870+0000] {processor.py:183} INFO - Processing /home/airflow/.local/lib/python3.8/site-packages/airflow/example_dags/plugins/workday.py took 0.341 seconds
[2026-07-12T09:21:49.506+0000] {processor.py:161} INFO - Started process (PID=2355) to work on /home/airflow/.local/lib/python3.8/site-packages/airflow/example_dags/plugins/workday.py
[2026-07-12T09:21:49.507+0000] {processor.py:830} INFO - Processing file /home/airflow/.local/lib/python3.8/site-packages/airflow/example_dags/plugins/workday.py for tasks to queue
[2026-07-12T09:21:49.509+0000] {logging_mixin.py:188} INFO - [2026-07-12T09:21:49.509+0000] {dagbag.py:538} INFO - Filling up the DagBag from /home/airflow/.local/lib/python3.8/site-packages/airflow/example_dags/plugins/workday.py
[2026-07-12T09:21:49.754+0000] {processor.py:842} WARNING - No viable dags retrieved from /home/airflow/.local/lib/python3.8/site-packages/airflow/example_dags/plugins/workday.py
[2026-07-12T09:21:49.765+0000] {processor.py:183} INFO - Processing /home/airflow/.local/lib/python3.8/site-packages/airflow/example_dags/plugins/workday.py took 0.261 seconds
[2026-07-12T09:22:19.934+0000] {processor.py:161} INFO - Started process (PID=2410) to work on /home/airflow/.local/lib/python3.8/site-packages/airflow/example_dags/plugins/workday.py
[2026-07-12T09:22:19.937+0000] {processor.py:830} INFO - Processing file /home/airflow/.local/lib/python3.8/site-packages/airflow/example_dags/plugins/workday.py for tasks to queue
[2026-07-12T09:22:19.938+0000] {logging_mixin.py:188} INFO - [2026-07-12T09:22:19.938+0000] {dagbag.py:538} INFO - Filling up the DagBag from /home/airflow/.local/lib/python3.8/site-packages/airflow/example_dags/plugins/workday.py
[2026-07-12T09:22:20.218+0000] {processor.py:842} WARNING - No viable dags retrieved from /home/airflow/.local/lib/python3.8/site-packages/airflow/example_dags/plugins/workday.py
[2026-07-12T09:22:20.231+0000] {processor.py:183} INFO - Processing /home/airflow/.local/lib/python3.8/site-packages/airflow/example_dags/plugins/workday.py took 0.300 seconds
[2026-07-12T09:22:51.067+0000] {processor.py:161} INFO - Started process (PID=2465) to work on /home/airflow/.local/lib/python3.8/site-packages/airflow/example_dags/plugins/workday.py
[2026-07-12T09:22:51.068+0000] {processor.py:830} INFO - Processing file /home/airflow/.local/lib/python3.8/site-packages/airflow/example_dags/plugins/workday.py for tasks to queue
[2026-07-12T09:22:51.070+0000] {logging_mixin.py:188} INFO - [2026-07-12T09:22:51.070+0000] {dagbag.py:538} INFO - Filling up the DagBag from /home/airflow/.local/lib/python3.8/site-packages/airflow/example_dags/plugins/workday.py
[2026-07-12T09:22:51.360+0000] {processor.py:842} WARNING - No viable dags retrieved from /home/airflow/.local/lib/python3.8/site-packages/airflow/example_dags/plugins/workday.py
[2026-07-12T09:22:51.370+0000] {processor.py:183} INFO - Processing /home/airflow/.local/lib/python3.8/site-packages/airflow/example_dags/plugins/workday.py took 0.306 seconds
[2026-07-12T09:23:21.559+0000] {processor.py:161} INFO - Started process (PID=2520) to work on /home/airflow/.local/lib/python3.8/site-packages/airflow/example_dags/plugins/workday.py
[2026-07-12T09:23:21.561+0000] {processor.py:830} INFO - Processing file /home/airflow/.local/lib/python3.8/site-packages/airflow/example_dags/plugins/workday.py for tasks to queue
[2026-07-12T09:23:21.562+0000] {logging_mixin.py:188} INFO - [2026-07-12T09:23:21.562+0000] {dagbag.py:538} INFO - Filling up the DagBag from /home/airflow/.local/lib/python3.8/site-packages/airflow/example_dags/plugins/workday.py
[2026-07-12T09:23:21.903+0000] {processor.py:842} WARNING - No viable dags retrieved from /home/airflow/.local/lib/python3.8/site-packages/airflow/example_dags/plugins/workday.py
[2026-07-12T09:23:21.917+0000] {processor.py:183} INFO - Processing /home/airflow/.local/lib/python3.8/site-packages/airflow/example_dags/plugins/workday.py took 0.360 seconds
[2026-07-12T09:23:52.863+0000] {processor.py:161} INFO - Started process (PID=2575) to work on /home/airflow/.local/lib/python3.8/site-packages/airflow/example_dags/plugins/workday.py
[2026-07-12T09:23:52.864+0000] {processor.py:830} INFO - Processing file /home/airflow/.local/lib/python3.8/site-packages/airflow/example_dags/plugins/workday.py for tasks to queue
[2026-07-12T09:23:52.866+0000] {logging_mixin.py:188} INFO - [2026-07-12T09:23:52.865+0000] {dagbag.py:538} INFO - Filling up the DagBag from /home/airflow/.local/lib/python3.8/site-packages/airflow/example_dags/plugins/workday.py
[2026-07-12T09:23:53.144+0000] {processor.py:842} WARNING - No viable dags retrieved from /home/airflow/.local/lib/python3.8/site-packages/airflow/example_dags/plugins/workday.py
[2026-07-12T09:23:53.157+0000] {processor.py:183} INFO - Processing /home/airflow/.local/lib/python3.8/site-packages/airflow/example_dags/plugins/workday.py took 0.296 seconds
[2026-07-12T09:24:23.620+0000] {processor.py:161} INFO - Started process (PID=2630) to work on /home/airflow/.local/lib/python3.8/site-packages/airflow/example_dags/plugins/workday.py
[2026-07-12T09:24:23.629+0000] {processor.py:830} INFO - Processing file /home/airflow/.local/lib/python3.8/site-packages/airflow/example_dags/plugins/workday.py for tasks to queue
[2026-07-12T09:24:23.632+0000] {logging_mixin.py:188} INFO - [2026-07-12T09:24:23.631+0000] {dagbag.py:538} INFO - Filling up the DagBag from /home/airflow/.local/lib/python3.8/site-packages/airflow/example_dags/plugins/workday.py
[2026-07-12T09:24:25.412+0000] {processor.py:842} WARNING - No viable dags retrieved from /home/airflow/.local/lib/python3.8/site-packages/airflow/example_dags/plugins/workday.py
[2026-07-12T09:24:25.892+0000] {processor.py:183} INFO - Processing /home/airflow/.local/lib/python3.8/site-packages/airflow/example_dags/plugins/workday.py took 2.280 seconds
[2026-07-12T09:24:56.363+0000] {processor.py:161} INFO - Started process (PID=2685) to work on /home/airflow/.local/lib/python3.8/site-packages/airflow/example_dags/plugins/workday.py
[2026-07-12T09:24:56.450+0000] {processor.py:830} INFO - Processing file /home/airflow/.local/lib/python3.8/site-packages/airflow/example_dags/plugins/workday.py for tasks to queue
[2026-07-12T09:24:56.507+0000] {logging_mixin.py:188} INFO - [2026-07-12T09:24:56.458+0000] {dagbag.py:538} INFO - Filling up the DagBag from /home/airflow/.local/lib/python3.8/site-packages/airflow/example_dags/plugins/workday.py
[2026-07-12T09:25:33.870+0000] {logging_mixin.py:188} INFO - [2026-07-12T09:25:27.377+0000] {timeout.py:68} ERROR - Process timed out, PID: 2685
[2026-07-12T09:29:16.525+0000] {processor.py:161} INFO - Started process (PID=104) to work on /home/airflow/.local/lib/python3.8/site-packages/airflow/example_dags/plugins/workday.py
[2026-07-12T09:29:16.526+0000] {processor.py:830} INFO - Processing file /home/airflow/.local/lib/python3.8/site-packages/airflow/example_dags/plugins/workday.py for tasks to queue
[2026-07-12T09:29:16.529+0000] {logging_mixin.py:188} INFO - [2026-07-12T09:29:16.528+0000] {dagbag.py:538} INFO - Filling up the DagBag from /home/airflow/.local/lib/python3.8/site-packages/airflow/example_dags/plugins/workday.py
[2026-07-12T09:29:17.097+0000] {processor.py:842} WARNING - No viable dags retrieved from /home/airflow/.local/lib/python3.8/site-packages/airflow/example_dags/plugins/workday.py
[2026-07-12T09:29:17.107+0000] {processor.py:183} INFO - Processing /home/airflow/.local/lib/python3.8/site-packages/airflow/example_dags/plugins/workday.py took 0.586 seconds
[2026-07-12T10:00:16.423+0000] {processor.py:161} INFO - Started process (PID=99) to work on /home/airflow/.local/lib/python3.8/site-packages/airflow/example_dags/plugins/workday.py
[2026-07-12T10:00:16.425+0000] {processor.py:830} INFO - Processing file /home/airflow/.local/lib/python3.8/site-packages/airflow/example_dags/plugins/workday.py for tasks to queue
[2026-07-12T10:00:16.427+0000] {logging_mixin.py:188} INFO - [2026-07-12T10:00:16.426+0000] {dagbag.py:538} INFO - Filling up the DagBag from /home/airflow/.local/lib/python3.8/site-packages/airflow/example_dags/plugins/workday.py
[2026-07-12T10:00:17.553+0000] {processor.py:842} WARNING - No viable dags retrieved from /home/airflow/.local/lib/python3.8/site-packages/airflow/example_dags/plugins/workday.py
[2026-07-12T10:00:17.567+0000] {processor.py:183} INFO - Processing /home/airflow/.local/lib/python3.8/site-packages/airflow/example_dags/plugins/workday.py took 1.147 seconds
[2026-07-12T10:00:47.800+0000] {processor.py:161} INFO - Started process (PID=156) to work on /home/airflow/.local/lib/python3.8/site-packages/airflow/example_dags/plugins/workday.py
[2026-07-12T10:00:47.803+0000] {processor.py:830} INFO - Processing file /home/airflow/.local/lib/python3.8/site-packages/airflow/example_dags/plugins/workday.py for tasks to queue
[2026-07-12T10:00:47.804+0000] {logging_mixin.py:188} INFO - [2026-07-12T10:00:47.804+0000] {dagbag.py:538} INFO - Filling up the DagBag from /home/airflow/.local/lib/python3.8/site-packages/airflow/example_dags/plugins/workday.py
[2026-07-12T10:00:48.132+0000] {processor.py:842} WARNING - No viable dags retrieved from /home/airflow/.local/lib/python3.8/site-packages/airflow/example_dags/plugins/workday.py
[2026-07-12T10:00:48.141+0000] {processor.py:183} INFO - Processing /home/airflow/.local/lib/python3.8/site-packages/airflow/example_dags/plugins/workday.py took 0.344 seconds
[2026-07-12T10:01:18.239+0000] {processor.py:161} INFO - Started process (PID=212) to work on /home/airflow/.local/lib/python3.8/site-packages/airflow/example_dags/plugins/workday.py
[2026-07-12T10:01:18.241+0000] {processor.py:830} INFO - Processing file /home/airflow/.local/lib/python3.8/site-packages/airflow/example_dags/plugins/workday.py for tasks to queue
[2026-07-12T10:01:18.242+0000] {logging_mixin.py:188} INFO - [2026-07-12T10:01:18.242+0000] {dagbag.py:538} INFO - Filling up the DagBag from /home/airflow/.local/lib/python3.8/site-packages/airflow/example_dags/plugins/workday.py
[2026-07-12T10:01:18.562+0000] {processor.py:842} WARNING - No viable dags retrieved from /home/airflow/.local/lib/python3.8/site-packages/airflow/example_dags/plugins/workday.py
[2026-07-12T10:01:18.572+0000] {processor.py:183} INFO - Processing /home/airflow/.local/lib/python3.8/site-packages/airflow/example_dags/plugins/workday.py took 0.335 seconds
[2026-07-12T10:01:49.562+0000] {processor.py:161} INFO - Started process (PID=268) to work on /home/airflow/.local/lib/python3.8/site-packages/airflow/example_dags/plugins/workday.py
[2026-07-12T10:01:49.565+0000] {processor.py:830} INFO - Processing file /home/airflow/.local/lib/python3.8/site-packages/airflow/example_dags/plugins/workday.py for tasks to queue
[2026-07-12T10:01:49.569+0000] {logging_mixin.py:188} INFO - [2026-07-12T10:01:49.568+0000] {dagbag.py:538} INFO - Filling up the DagBag from /home/airflow/.local/lib/python3.8/site-packages/airflow/example_dags/plugins/workday.py
[2026-07-12T10:01:49.888+0000] {processor.py:842} WARNING - No viable dags retrieved from /home/airflow/.local/lib/python3.8/site-packages/airflow/example_dags/plugins/workday.py
[2026-07-12T10:01:49.897+0000] {processor.py:183} INFO - Processing /home/airflow/.local/lib/python3.8/site-packages/airflow/example_dags/plugins/workday.py took 0.339 seconds
[2026-07-12T10:02:20.709+0000] {processor.py:161} INFO - Started process (PID=324) to work on /home/airflow/.local/lib/python3.8/site-packages/airflow/example_dags/plugins/workday.py
[2026-07-12T10:02:20.711+0000] {processor.py:830} INFO - Processing file /home/airflow/.local/lib/python3.8/site-packages/airflow/example_dags/plugins/workday.py for tasks to queue
[2026-07-12T10:02:20.713+0000] {logging_mixin.py:188} INFO - [2026-07-12T10:02:20.713+0000] {dagbag.py:538} INFO - Filling up the DagBag from /home/airflow/.local/lib/python3.8/site-packages/airflow/example_dags/plugins/workday.py
[2026-07-12T10:02:21.031+0000] {processor.py:842} WARNING - No viable dags retrieved from /home/airflow/.local/lib/python3.8/site-packages/airflow/example_dags/plugins/workday.py
[2026-07-12T10:02:21.040+0000] {processor.py:183} INFO - Processing /home/airflow/.local/lib/python3.8/site-packages/airflow/example_dags/plugins/workday.py took 0.334 seconds
[2026-07-12T10:02:51.865+0000] {processor.py:161} INFO - Started process (PID=380) to work on /home/airflow/.local/lib/python3.8/site-packages/airflow/example_dags/plugins/workday.py
[2026-07-12T10:02:51.867+0000] {processor.py:830} INFO - Processing file /home/airflow/.local/lib/python3.8/site-packages/airflow/example_dags/plugins/workday.py for tasks to queue
[2026-07-12T10:02:51.869+0000] {logging_mixin.py:188} INFO - [2026-07-12T10:02:51.869+0000] {dagbag.py:538} INFO - Filling up the DagBag from /home/airflow/.local/lib/python3.8/site-packages/airflow/example_dags/plugins/workday.py
[2026-07-12T10:02:52.134+0000] {processor.py:842} WARNING - No viable dags retrieved from /home/airflow/.local/lib/python3.8/site-packages/airflow/example_dags/plugins/workday.py
[2026-07-12T10:02:52.142+0000] {processor.py:183} INFO - Processing /home/airflow/.local/lib/python3.8/site-packages/airflow/example_dags/plugins/workday.py took 0.280 seconds
[2026-07-12T10:03:23.031+0000] {processor.py:161} INFO - Started process (PID=436) to work on /home/airflow/.local/lib/python3.8/site-packages/airflow/example_dags/plugins/workday.py
[2026-07-12T10:03:23.034+0000] {processor.py:830} INFO - Processing file /home/airflow/.local/lib/python3.8/site-packages/airflow/example_dags/plugins/workday.py for tasks to queue
[2026-07-12T10:03:23.036+0000] {logging_mixin.py:188} INFO - [2026-07-12T10:03:23.035+0000] {dagbag.py:538} INFO - Filling up the DagBag from /home/airflow/.local/lib/python3.8/site-packages/airflow/example_dags/plugins/workday.py
[2026-07-12T10:03:23.353+0000] {processor.py:842} WARNING - No viable dags retrieved from /home/airflow/.local/lib/python3.8/site-packages/airflow/example_dags/plugins/workday.py
[2026-07-12T10:03:23.364+0000] {processor.py:183} INFO - Processing /home/airflow/.local/lib/python3.8/site-packages/airflow/example_dags/plugins/workday.py took 0.336 seconds
[2026-07-12T10:03:53.499+0000] {processor.py:161} INFO - Started process (PID=492) to work on /home/airflow/.local/lib/python3.8/site-packages/airflow/example_dags/plugins/workday.py
[2026-07-12T10:03:53.502+0000] {processor.py:830} INFO - Processing file /home/airflow/.local/lib/python3.8/site-packages/airflow/example_dags/plugins/workday.py for tasks to queue
[2026-07-12T10:03:53.503+0000] {logging_mixin.py:188} INFO - [2026-07-12T10:03:53.503+0000] {dagbag.py:538} INFO - Filling up the DagBag from /home/airflow/.local/lib/python3.8/site-packages/airflow/example_dags/plugins/workday.py
[2026-07-12T10:03:53.784+0000] {processor.py:842} WARNING - No viable dags retrieved from /home/airflow/.local/lib/python3.8/site-packages/airflow/example_dags/plugins/workday.py
[2026-07-12T10:03:53.792+0000] {processor.py:183} INFO - Processing /home/airflow/.local/lib/python3.8/site-packages/airflow/example_dags/plugins/workday.py took 0.297 seconds
[2026-07-12T10:04:24.031+0000] {processor.py:161} INFO - Started process (PID=549) to work on /home/airflow/.local/lib/python3.8/site-packages/airflow/example_dags/plugins/workday.py
[2026-07-12T10:04:24.034+0000] {processor.py:830} INFO - Processing file /home/airflow/.local/lib/python3.8/site-packages/airflow/example_dags/plugins/workday.py for tasks to queue
[2026-07-12T10:04:24.036+0000] {logging_mixin.py:188} INFO - [2026-07-12T10:04:24.036+0000] {dagbag.py:538} INFO - Filling up the DagBag from /home/airflow/.local/lib/python3.8/site-packages/airflow/example_dags/plugins/workday.py
[2026-07-12T10:04:24.346+0000] {processor.py:842} WARNING - No viable dags retrieved from /home/airflow/.local/lib/python3.8/site-packages/airflow/example_dags/plugins/workday.py
[2026-07-12T10:04:24.355+0000] {processor.py:183} INFO - Processing /home/airflow/.local/lib/python3.8/site-packages/airflow/example_dags/plugins/workday.py took 0.328 seconds
[2026-07-12T10:04:55.100+0000] {processor.py:161} INFO - Started process (PID=605) to work on /home/airflow/.local/lib/python3.8/site-packages/airflow/example_dags/plugins/workday.py
[2026-07-12T10:04:55.103+0000] {processor.py:830} INFO - Processing file /home/airflow/.local/lib/python3.8/site-packages/airflow/example_dags/plugins/workday.py for tasks to queue
[2026-07-12T10:04:55.108+0000] {logging_mixin.py:188} INFO - [2026-07-12T10:04:55.107+0000] {dagbag.py:538} INFO - Filling up the DagBag from /home/airflow/.local/lib/python3.8/site-packages/airflow/example_dags/plugins/workday.py
[2026-07-12T10:04:55.399+0000] {processor.py:842} WARNING - No viable dags retrieved from /home/airflow/.local/lib/python3.8/site-packages/airflow/example_dags/plugins/workday.py
[2026-07-12T10:04:55.408+0000] {processor.py:183} INFO - Processing /home/airflow/.local/lib/python3.8/site-packages/airflow/example_dags/plugins/workday.py took 0.318 seconds
[2026-07-12T10:05:26.213+0000] {processor.py:161} INFO - Started process (PID=661) to work on /home/airflow/.local/lib/python3.8/site-packages/airflow/example_dags/plugins/workday.py
[2026-07-12T10:05:26.214+0000] {processor.py:830} INFO - Processing file /home/airflow/.local/lib/python3.8/site-packages/airflow/example_dags/plugins/workday.py for tasks to queue
[2026-07-12T10:05:26.215+0000] {logging_mixin.py:188} INFO - [2026-07-12T10:05:26.215+0000] {dagbag.py:538} INFO - Filling up the DagBag from /home/airflow/.local/lib/python3.8/site-packages/airflow/example_dags/plugins/workday.py
[2026-07-12T10:05:26.520+0000] {processor.py:842} WARNING - No viable dags retrieved from /home/airflow/.local/lib/python3.8/site-packages/airflow/example_dags/plugins/workday.py
[2026-07-12T10:05:26.528+0000] {processor.py:183} INFO - Processing /home/airflow/.local/lib/python3.8/site-packages/airflow/example_dags/plugins/workday.py took 0.318 seconds
[2026-07-12T10:05:57.521+0000] {processor.py:161} INFO - Started process (PID=717) to work on /home/airflow/.local/lib/python3.8/site-packages/airflow/example_dags/plugins/workday.py
[2026-07-12T10:05:57.524+0000] {processor.py:830} INFO - Processing file /home/airflow/.local/lib/python3.8/site-packages/airflow/example_dags/plugins/workday.py for tasks to queue
[2026-07-12T10:05:57.525+0000] {logging_mixin.py:188} INFO - [2026-07-12T10:05:57.525+0000] {dagbag.py:538} INFO - Filling up the DagBag from /home/airflow/.local/lib/python3.8/site-packages/airflow/example_dags/plugins/workday.py
[2026-07-12T10:05:57.812+0000] {processor.py:842} WARNING - No viable dags retrieved from /home/airflow/.local/lib/python3.8/site-packages/airflow/example_dags/plugins/workday.py
[2026-07-12T10:05:57.820+0000] {processor.py:183} INFO - Processing /home/airflow/.local/lib/python3.8/site-packages/airflow/example_dags/plugins/workday.py took 0.301 seconds
[2026-07-12T10:06:28.671+0000] {processor.py:161} INFO - Started process (PID=773) to work on /home/airflow/.local/lib/python3.8/site-packages/airflow/example_dags/plugins/workday.py
[2026-07-12T10:06:28.673+0000] {processor.py:830} INFO - Processing file /home/airflow/.local/lib/python3.8/site-packages/airflow/example_dags/plugins/workday.py for tasks to queue
[2026-07-12T10:06:28.675+0000] {logging_mixin.py:188} INFO - [2026-07-12T10:06:28.675+0000] {dagbag.py:538} INFO - Filling up the DagBag from /home/airflow/.local/lib/python3.8/site-packages/airflow/example_dags/plugins/workday.py
[2026-07-12T10:06:28.964+0000] {processor.py:842} WARNING - No viable dags retrieved from /home/airflow/.local/lib/python3.8/site-packages/airflow/example_dags/plugins/workday.py
[2026-07-12T10:06:28.979+0000] {processor.py:183} INFO - Processing /home/airflow/.local/lib/python3.8/site-packages/airflow/example_dags/plugins/workday.py took 0.311 seconds
[2026-07-12T10:06:59.281+0000] {processor.py:161} INFO - Started process (PID=832) to work on /home/airflow/.local/lib/python3.8/site-packages/airflow/example_dags/plugins/workday.py
[2026-07-12T10:06:59.283+0000] {processor.py:830} INFO - Processing file /home/airflow/.local/lib/python3.8/site-packages/airflow/example_dags/plugins/workday.py for tasks to queue
[2026-07-12T10:06:59.288+0000] {logging_mixin.py:188} INFO - [2026-07-12T10:06:59.287+0000] {dagbag.py:538} INFO - Filling up the DagBag from /home/airflow/.local/lib/python3.8/site-packages/airflow/example_dags/plugins/workday.py
[2026-07-12T10:06:59.588+0000] {processor.py:842} WARNING - No viable dags retrieved from /home/airflow/.local/lib/python3.8/site-packages/airflow/example_dags/plugins/workday.py
[2026-07-12T10:06:59.597+0000] {processor.py:183} INFO - Processing /home/airflow/.local/lib/python3.8/site-packages/airflow/example_dags/plugins/workday.py took 0.321 seconds
[2026-07-12T10:07:30.316+0000] {processor.py:161} INFO - Started process (PID=888) to work on /home/airflow/.local/lib/python3.8/site-packages/airflow/example_dags/plugins/workday.py
[2026-07-12T10:07:30.317+0000] {processor.py:830} INFO - Processing file /home/airflow/.local/lib/python3.8/site-packages/airflow/example_dags/plugins/workday.py for tasks to queue
[2026-07-12T10:07:30.318+0000] {logging_mixin.py:188} INFO - [2026-07-12T10:07:30.318+0000] {dagbag.py:538} INFO - Filling up the DagBag from /home/airflow/.local/lib/python3.8/site-packages/airflow/example_dags/plugins/workday.py
[2026-07-12T10:07:30.586+0000] {processor.py:842} WARNING - No viable dags retrieved from /home/airflow/.local/lib/python3.8/site-packages/airflow/example_dags/plugins/workday.py
[2026-07-12T10:07:30.594+0000] {processor.py:183} INFO - Processing /home/airflow/.local/lib/python3.8/site-packages/airflow/example_dags/plugins/workday.py took 0.282 seconds
[2026-07-12T10:08:52.630+0000] {processor.py:161} INFO - Started process (PID=105) to work on /home/airflow/.local/lib/python3.8/site-packages/airflow/example_dags/plugins/workday.py
[2026-07-12T10:08:52.631+0000] {processor.py:830} INFO - Processing file /home/airflow/.local/lib/python3.8/site-packages/airflow/example_dags/plugins/workday.py for tasks to queue
[2026-07-12T10:08:52.633+0000] {logging_mixin.py:188} INFO - [2026-07-12T10:08:52.633+0000] {dagbag.py:538} INFO - Filling up the DagBag from /home/airflow/.local/lib/python3.8/site-packages/airflow/example_dags/plugins/workday.py
[2026-07-12T10:08:54.748+0000] {processor.py:842} WARNING - No viable dags retrieved from /home/airflow/.local/lib/python3.8/site-packages/airflow/example_dags/plugins/workday.py
[2026-07-12T10:08:54.811+0000] {processor.py:183} INFO - Processing /home/airflow/.local/lib/python3.8/site-packages/airflow/example_dags/plugins/workday.py took 2.185 seconds
[2026-07-12T10:09:25.361+0000] {processor.py:161} INFO - Started process (PID=161) to work on /home/airflow/.local/lib/python3.8/site-packages/airflow/example_dags/plugins/workday.py
[2026-07-12T10:09:25.362+0000] {processor.py:830} INFO - Processing file /home/airflow/.local/lib/python3.8/site-packages/airflow/example_dags/plugins/workday.py for tasks to queue
[2026-07-12T10:09:25.364+0000] {logging_mixin.py:188} INFO - [2026-07-12T10:09:25.364+0000] {dagbag.py:538} INFO - Filling up the DagBag from /home/airflow/.local/lib/python3.8/site-packages/airflow/example_dags/plugins/workday.py
[2026-07-12T10:09:25.912+0000] {processor.py:842} WARNING - No viable dags retrieved from /home/airflow/.local/lib/python3.8/site-packages/airflow/example_dags/plugins/workday.py
[2026-07-12T10:09:25.922+0000] {processor.py:183} INFO - Processing /home/airflow/.local/lib/python3.8/site-packages/airflow/example_dags/plugins/workday.py took 0.563 seconds
[2026-07-12T10:09:56.418+0000] {processor.py:161} INFO - Started process (PID=217) to work on /home/airflow/.local/lib/python3.8/site-packages/airflow/example_dags/plugins/workday.py
[2026-07-12T10:09:56.419+0000] {processor.py:830} INFO - Processing file /home/airflow/.local/lib/python3.8/site-packages/airflow/example_dags/plugins/workday.py for tasks to queue
[2026-07-12T10:09:56.421+0000] {logging_mixin.py:188} INFO - [2026-07-12T10:09:56.421+0000] {dagbag.py:538} INFO - Filling up the DagBag from /home/airflow/.local/lib/python3.8/site-packages/airflow/example_dags/plugins/workday.py
[2026-07-12T10:09:56.938+0000] {processor.py:842} WARNING - No viable dags retrieved from /home/airflow/.local/lib/python3.8/site-packages/airflow/example_dags/plugins/workday.py
[2026-07-12T10:09:56.950+0000] {processor.py:183} INFO - Processing /home/airflow/.local/lib/python3.8/site-packages/airflow/example_dags/plugins/workday.py took 0.536 seconds
[2026-07-12T10:10:26.972+0000] {processor.py:161} INFO - Started process (PID=273) to work on /home/airflow/.local/lib/python3.8/site-packages/airflow/example_dags/plugins/workday.py
[2026-07-12T10:10:26.974+0000] {processor.py:830} INFO - Processing file /home/airflow/.local/lib/python3.8/site-packages/airflow/example_dags/plugins/workday.py for tasks to queue
[2026-07-12T10:10:26.976+0000] {logging_mixin.py:188} INFO - [2026-07-12T10:10:26.976+0000] {dagbag.py:538} INFO - Filling up the DagBag from /home/airflow/.local/lib/python3.8/site-packages/airflow/example_dags/plugins/workday.py
[2026-07-12T10:10:27.337+0000] {processor.py:842} WARNING - No viable dags retrieved from /home/airflow/.local/lib/python3.8/site-packages/airflow/example_dags/plugins/workday.py
[2026-07-12T10:10:27.346+0000] {processor.py:183} INFO - Processing /home/airflow/.local/lib/python3.8/site-packages/airflow/example_dags/plugins/workday.py took 0.377 seconds
[2026-07-12T10:10:57.977+0000] {processor.py:161} INFO - Started process (PID=329) to work on /home/airflow/.local/lib/python3.8/site-packages/airflow/example_dags/plugins/workday.py
[2026-07-12T10:10:57.980+0000] {processor.py:830} INFO - Processing file /home/airflow/.local/lib/python3.8/site-packages/airflow/example_dags/plugins/workday.py for tasks to queue
[2026-07-12T10:10:57.982+0000] {logging_mixin.py:188} INFO - [2026-07-12T10:10:57.982+0000] {dagbag.py:538} INFO - Filling up the DagBag from /home/airflow/.local/lib/python3.8/site-packages/airflow/example_dags/plugins/workday.py
[2026-07-12T10:10:58.323+0000] {processor.py:842} WARNING - No viable dags retrieved from /home/airflow/.local/lib/python3.8/site-packages/airflow/example_dags/plugins/workday.py
[2026-07-12T10:10:58.336+0000] {processor.py:183} INFO - Processing /home/airflow/.local/lib/python3.8/site-packages/airflow/example_dags/plugins/workday.py took 0.361 seconds
[2026-07-12T10:11:28.422+0000] {processor.py:161} INFO - Started process (PID=385) to work on /home/airflow/.local/lib/python3.8/site-packages/airflow/example_dags/plugins/workday.py
[2026-07-12T10:11:28.424+0000] {processor.py:830} INFO - Processing file /home/airflow/.local/lib/python3.8/site-packages/airflow/example_dags/plugins/workday.py for tasks to queue
[2026-07-12T10:11:28.427+0000] {logging_mixin.py:188} INFO - [2026-07-12T10:11:28.426+0000] {dagbag.py:538} INFO - Filling up the DagBag from /home/airflow/.local/lib/python3.8/site-packages/airflow/example_dags/plugins/workday.py
[2026-07-12T10:11:28.731+0000] {processor.py:842} WARNING - No viable dags retrieved from /home/airflow/.local/lib/python3.8/site-packages/airflow/example_dags/plugins/workday.py
[2026-07-12T10:11:28.739+0000] {processor.py:183} INFO - Processing /home/airflow/.local/lib/python3.8/site-packages/airflow/example_dags/plugins/workday.py took 0.320 seconds
[2026-07-12T10:37:12.116+0000] {processor.py:161} INFO - Started process (PID=99) to work on /home/airflow/.local/lib/python3.8/site-packages/airflow/example_dags/plugins/workday.py
[2026-07-12T10:37:12.117+0000] {processor.py:830} INFO - Processing file /home/airflow/.local/lib/python3.8/site-packages/airflow/example_dags/plugins/workday.py for tasks to queue
[2026-07-12T10:37:12.119+0000] {logging_mixin.py:188} INFO - [2026-07-12T10:37:12.118+0000] {dagbag.py:538} INFO - Filling up the DagBag from /home/airflow/.local/lib/python3.8/site-packages/airflow/example_dags/plugins/workday.py
[2026-07-12T10:37:12.973+0000] {processor.py:842} WARNING - No viable dags retrieved from /home/airflow/.local/lib/python3.8/site-packages/airflow/example_dags/plugins/workday.py
[2026-07-12T10:37:12.983+0000] {processor.py:183} INFO - Processing /home/airflow/.local/lib/python3.8/site-packages/airflow/example_dags/plugins/workday.py took 0.870 seconds
[2026-07-12T10:37:43.399+0000] {processor.py:161} INFO - Started process (PID=155) to work on /home/airflow/.local/lib/python3.8/site-packages/airflow/example_dags/plugins/workday.py
[2026-07-12T10:37:43.401+0000] {processor.py:830} INFO - Processing file /home/airflow/.local/lib/python3.8/site-packages/airflow/example_dags/plugins/workday.py for tasks to queue
[2026-07-12T10:37:43.404+0000] {logging_mixin.py:188} INFO - [2026-07-12T10:37:43.403+0000] {dagbag.py:538} INFO - Filling up the DagBag from /home/airflow/.local/lib/python3.8/site-packages/airflow/example_dags/plugins/workday.py
[2026-07-12T10:37:43.944+0000] {processor.py:842} WARNING - No viable dags retrieved from /home/airflow/.local/lib/python3.8/site-packages/airflow/example_dags/plugins/workday.py
[2026-07-12T10:37:43.960+0000] {processor.py:183} INFO - Processing /home/airflow/.local/lib/python3.8/site-packages/airflow/example_dags/plugins/workday.py took 0.564 seconds
[2026-07-12T10:38:14.579+0000] {processor.py:161} INFO - Started process (PID=217) to work on /home/airflow/.local/lib/python3.8/site-packages/airflow/example_dags/plugins/workday.py
[2026-07-12T10:38:14.581+0000] {processor.py:830} INFO - Processing file /home/airflow/.local/lib/python3.8/site-packages/airflow/example_dags/plugins/workday.py for tasks to queue
[2026-07-12T10:38:14.582+0000] {logging_mixin.py:188} INFO - [2026-07-12T10:38:14.582+0000] {dagbag.py:538} INFO - Filling up the DagBag from /home/airflow/.local/lib/python3.8/site-packages/airflow/example_dags/plugins/workday.py
[2026-07-12T10:38:14.933+0000] {processor.py:842} WARNING - No viable dags retrieved from /home/airflow/.local/lib/python3.8/site-packages/airflow/example_dags/plugins/workday.py
[2026-07-12T10:38:14.944+0000] {processor.py:183} INFO - Processing /home/airflow/.local/lib/python3.8/site-packages/airflow/example_dags/plugins/workday.py took 0.368 seconds
[2026-07-12T10:38:45.374+0000] {processor.py:161} INFO - Started process (PID=273) to work on /home/airflow/.local/lib/python3.8/site-packages/airflow/example_dags/plugins/workday.py
[2026-07-12T10:38:45.380+0000] {processor.py:830} INFO - Processing file /home/airflow/.local/lib/python3.8/site-packages/airflow/example_dags/plugins/workday.py for tasks to queue
[2026-07-12T10:38:45.388+0000] {logging_mixin.py:188} INFO - [2026-07-12T10:38:45.386+0000] {dagbag.py:538} INFO - Filling up the DagBag from /home/airflow/.local/lib/python3.8/site-packages/airflow/example_dags/plugins/workday.py
[2026-07-12T10:38:45.758+0000] {processor.py:842} WARNING - No viable dags retrieved from /home/airflow/.local/lib/python3.8/site-packages/airflow/example_dags/plugins/workday.py
[2026-07-12T10:38:45.768+0000] {processor.py:183} INFO - Processing /home/airflow/.local/lib/python3.8/site-packages/airflow/example_dags/plugins/workday.py took 0.410 seconds
[2026-07-12T10:39:16.416+0000] {processor.py:161} INFO - Started process (PID=348) to work on /home/airflow/.local/lib/python3.8/site-packages/airflow/example_dags/plugins/workday.py
[2026-07-12T10:39:16.419+0000] {processor.py:830} INFO - Processing file /home/airflow/.local/lib/python3.8/site-packages/airflow/example_dags/plugins/workday.py for tasks to queue
[2026-07-12T10:39:16.421+0000] {logging_mixin.py:188} INFO - [2026-07-12T10:39:16.420+0000] {dagbag.py:538} INFO - Filling up the DagBag from /home/airflow/.local/lib/python3.8/site-packages/airflow/example_dags/plugins/workday.py
[2026-07-12T10:39:16.733+0000] {processor.py:842} WARNING - No viable dags retrieved from /home/airflow/.local/lib/python3.8/site-packages/airflow/example_dags/plugins/workday.py
[2026-07-12T10:39:16.743+0000] {processor.py:183} INFO - Processing /home/airflow/.local/lib/python3.8/site-packages/airflow/example_dags/plugins/workday.py took 0.330 seconds
[2026-07-12T10:39:47.728+0000] {processor.py:161} INFO - Started process (PID=404) to work on /home/airflow/.local/lib/python3.8/site-packages/airflow/example_dags/plugins/workday.py
[2026-07-12T10:39:47.731+0000] {processor.py:830} INFO - Processing file /home/airflow/.local/lib/python3.8/site-packages/airflow/example_dags/plugins/workday.py for tasks to queue
[2026-07-12T10:39:47.733+0000] {logging_mixin.py:188} INFO - [2026-07-12T10:39:47.732+0000] {dagbag.py:538} INFO - Filling up the DagBag from /home/airflow/.local/lib/python3.8/site-packages/airflow/example_dags/plugins/workday.py
[2026-07-12T10:39:48.110+0000] {processor.py:842} WARNING - No viable dags retrieved from /home/airflow/.local/lib/python3.8/site-packages/airflow/example_dags/plugins/workday.py
[2026-07-12T10:39:48.119+0000] {processor.py:183} INFO - Processing /home/airflow/.local/lib/python3.8/site-packages/airflow/example_dags/plugins/workday.py took 0.394 seconds
[2026-07-12T10:40:18.987+0000] {processor.py:161} INFO - Started process (PID=460) to work on /home/airflow/.local/lib/python3.8/site-packages/airflow/example_dags/plugins/workday.py
[2026-07-12T10:40:18.989+0000] {processor.py:830} INFO - Processing file /home/airflow/.local/lib/python3.8/site-packages/airflow/example_dags/plugins/workday.py for tasks to queue
[2026-07-12T10:40:18.991+0000] {logging_mixin.py:188} INFO - [2026-07-12T10:40:18.991+0000] {dagbag.py:538} INFO - Filling up the DagBag from /home/airflow/.local/lib/python3.8/site-packages/airflow/example_dags/plugins/workday.py
[2026-07-12T10:40:19.349+0000] {processor.py:842} WARNING - No viable dags retrieved from /home/airflow/.local/lib/python3.8/site-packages/airflow/example_dags/plugins/workday.py
[2026-07-12T10:40:19.358+0000] {processor.py:183} INFO - Processing /home/airflow/.local/lib/python3.8/site-packages/airflow/example_dags/plugins/workday.py took 0.374 seconds
[2026-07-12T10:40:49.666+0000] {processor.py:161} INFO - Started process (PID=529) to work on /home/airflow/.local/lib/python3.8/site-packages/airflow/example_dags/plugins/workday.py
[2026-07-12T10:40:49.667+0000] {processor.py:830} INFO - Processing file /home/airflow/.local/lib/python3.8/site-packages/airflow/example_dags/plugins/workday.py for tasks to queue
[2026-07-12T10:40:49.668+0000] {logging_mixin.py:188} INFO - [2026-07-12T10:40:49.668+0000] {dagbag.py:538} INFO - Filling up the DagBag from /home/airflow/.local/lib/python3.8/site-packages/airflow/example_dags/plugins/workday.py
[2026-07-12T10:40:50.127+0000] {processor.py:842} WARNING - No viable dags retrieved from /home/airflow/.local/lib/python3.8/site-packages/airflow/example_dags/plugins/workday.py
[2026-07-12T10:40:50.136+0000] {processor.py:183} INFO - Processing /home/airflow/.local/lib/python3.8/site-packages/airflow/example_dags/plugins/workday.py took 0.473 seconds
[2026-07-12T10:41:20.764+0000] {processor.py:161} INFO - Started process (PID=585) to work on /home/airflow/.local/lib/python3.8/site-packages/airflow/example_dags/plugins/workday.py
[2026-07-12T10:41:20.768+0000] {processor.py:830} INFO - Processing file /home/airflow/.local/lib/python3.8/site-packages/airflow/example_dags/plugins/workday.py for tasks to queue
[2026-07-12T10:41:20.770+0000] {logging_mixin.py:188} INFO - [2026-07-12T10:41:20.769+0000] {dagbag.py:538} INFO - Filling up the DagBag from /home/airflow/.local/lib/python3.8/site-packages/airflow/example_dags/plugins/workday.py
[2026-07-12T10:41:21.130+0000] {processor.py:842} WARNING - No viable dags retrieved from /home/airflow/.local/lib/python3.8/site-packages/airflow/example_dags/plugins/workday.py
[2026-07-12T10:41:21.140+0000] {processor.py:183} INFO - Processing /home/airflow/.local/lib/python3.8/site-packages/airflow/example_dags/plugins/workday.py took 0.386 seconds
[2026-07-12T10:41:51.623+0000] {processor.py:161} INFO - Started process (PID=641) to work on /home/airflow/.local/lib/python3.8/site-packages/airflow/example_dags/plugins/workday.py
[2026-07-12T10:41:51.627+0000] {processor.py:830} INFO - Processing file /home/airflow/.local/lib/python3.8/site-packages/airflow/example_dags/plugins/workday.py for tasks to queue
[2026-07-12T10:41:51.628+0000] {logging_mixin.py:188} INFO - [2026-07-12T10:41:51.628+0000] {dagbag.py:538} INFO - Filling up the DagBag from /home/airflow/.local/lib/python3.8/site-packages/airflow/example_dags/plugins/workday.py
[2026-07-12T10:41:52.063+0000] {processor.py:842} WARNING - No viable dags retrieved from /home/airflow/.local/lib/python3.8/site-packages/airflow/example_dags/plugins/workday.py
[2026-07-12T10:41:52.084+0000] {processor.py:183} INFO - Processing /home/airflow/.local/lib/python3.8/site-packages/airflow/example_dags/plugins/workday.py took 0.464 seconds
[2026-07-12T10:42:22.587+0000] {processor.py:161} INFO - Started process (PID=697) to work on /home/airflow/.local/lib/python3.8/site-packages/airflow/example_dags/plugins/workday.py
[2026-07-12T10:42:22.591+0000] {processor.py:830} INFO - Processing file /home/airflow/.local/lib/python3.8/site-packages/airflow/example_dags/plugins/workday.py for tasks to queue
[2026-07-12T10:42:22.594+0000] {logging_mixin.py:188} INFO - [2026-07-12T10:42:22.594+0000] {dagbag.py:538} INFO - Filling up the DagBag from /home/airflow/.local/lib/python3.8/site-packages/airflow/example_dags/plugins/workday.py
[2026-07-12T10:42:22.953+0000] {processor.py:842} WARNING - No viable dags retrieved from /home/airflow/.local/lib/python3.8/site-packages/airflow/example_dags/plugins/workday.py
[2026-07-12T10:42:22.962+0000] {processor.py:183} INFO - Processing /home/airflow/.local/lib/python3.8/site-packages/airflow/example_dags/plugins/workday.py took 0.386 seconds
[2026-07-12T10:42:53.489+0000] {processor.py:161} INFO - Started process (PID=753) to work on /home/airflow/.local/lib/python3.8/site-packages/airflow/example_dags/plugins/workday.py
[2026-07-12T10:42:53.490+0000] {processor.py:830} INFO - Processing file /home/airflow/.local/lib/python3.8/site-packages/airflow/example_dags/plugins/workday.py for tasks to queue
[2026-07-12T10:42:53.491+0000] {logging_mixin.py:188} INFO - [2026-07-12T10:42:53.491+0000] {dagbag.py:538} INFO - Filling up the DagBag from /home/airflow/.local/lib/python3.8/site-packages/airflow/example_dags/plugins/workday.py
[2026-07-12T10:42:53.851+0000] {processor.py:842} WARNING - No viable dags retrieved from /home/airflow/.local/lib/python3.8/site-packages/airflow/example_dags/plugins/workday.py
[2026-07-12T10:42:53.861+0000] {processor.py:183} INFO - Processing /home/airflow/.local/lib/python3.8/site-packages/airflow/example_dags/plugins/workday.py took 0.375 seconds
[2026-07-12T10:43:24.206+0000] {processor.py:161} INFO - Started process (PID=809) to work on /home/airflow/.local/lib/python3.8/site-packages/airflow/example_dags/plugins/workday.py
[2026-07-12T10:43:24.210+0000] {processor.py:830} INFO - Processing file /home/airflow/.local/lib/python3.8/site-packages/airflow/example_dags/plugins/workday.py for tasks to queue
[2026-07-12T10:43:24.213+0000] {logging_mixin.py:188} INFO - [2026-07-12T10:43:24.213+0000] {dagbag.py:538} INFO - Filling up the DagBag from /home/airflow/.local/lib/python3.8/site-packages/airflow/example_dags/plugins/workday.py
[2026-07-12T10:43:24.536+0000] {processor.py:842} WARNING - No viable dags retrieved from /home/airflow/.local/lib/python3.8/site-packages/airflow/example_dags/plugins/workday.py
[2026-07-12T10:43:24.546+0000] {processor.py:183} INFO - Processing /home/airflow/.local/lib/python3.8/site-packages/airflow/example_dags/plugins/workday.py took 0.346 seconds
[2026-07-12T10:43:55.376+0000] {processor.py:161} INFO - Started process (PID=865) to work on /home/airflow/.local/lib/python3.8/site-packages/airflow/example_dags/plugins/workday.py
[2026-07-12T10:43:55.378+0000] {processor.py:830} INFO - Processing file /home/airflow/.local/lib/python3.8/site-packages/airflow/example_dags/plugins/workday.py for tasks to queue
[2026-07-12T10:43:55.380+0000] {logging_mixin.py:188} INFO - [2026-07-12T10:43:55.380+0000] {dagbag.py:538} INFO - Filling up the DagBag from /home/airflow/.local/lib/python3.8/site-packages/airflow/example_dags/plugins/workday.py
[2026-07-12T10:43:55.701+0000] {processor.py:842} WARNING - No viable dags retrieved from /home/airflow/.local/lib/python3.8/site-packages/airflow/example_dags/plugins/workday.py
[2026-07-12T10:43:55.712+0000] {processor.py:183} INFO - Processing /home/airflow/.local/lib/python3.8/site-packages/airflow/example_dags/plugins/workday.py took 0.340 seconds
[2026-07-12T10:44:25.800+0000] {processor.py:161} INFO - Started process (PID=921) to work on /home/airflow/.local/lib/python3.8/site-packages/airflow/example_dags/plugins/workday.py
[2026-07-12T10:44:25.801+0000] {processor.py:830} INFO - Processing file /home/airflow/.local/lib/python3.8/site-packages/airflow/example_dags/plugins/workday.py for tasks to queue
[2026-07-12T10:44:25.803+0000] {logging_mixin.py:188} INFO - [2026-07-12T10:44:25.802+0000] {dagbag.py:538} INFO - Filling up the DagBag from /home/airflow/.local/lib/python3.8/site-packages/airflow/example_dags/plugins/workday.py
[2026-07-12T10:44:26.112+0000] {processor.py:842} WARNING - No viable dags retrieved from /home/airflow/.local/lib/python3.8/site-packages/airflow/example_dags/plugins/workday.py
[2026-07-12T10:44:26.123+0000] {processor.py:183} INFO - Processing /home/airflow/.local/lib/python3.8/site-packages/airflow/example_dags/plugins/workday.py took 0.325 seconds
[2026-07-12T10:44:57.014+0000] {processor.py:161} INFO - Started process (PID=977) to work on /home/airflow/.local/lib/python3.8/site-packages/airflow/example_dags/plugins/workday.py
[2026-07-12T10:44:57.017+0000] {processor.py:830} INFO - Processing file /home/airflow/.local/lib/python3.8/site-packages/airflow/example_dags/plugins/workday.py for tasks to queue
[2026-07-12T10:44:57.018+0000] {logging_mixin.py:188} INFO - [2026-07-12T10:44:57.018+0000] {dagbag.py:538} INFO - Filling up the DagBag from /home/airflow/.local/lib/python3.8/site-packages/airflow/example_dags/plugins/workday.py
[2026-07-12T10:44:57.324+0000] {processor.py:842} WARNING - No viable dags retrieved from /home/airflow/.local/lib/python3.8/site-packages/airflow/example_dags/plugins/workday.py
[2026-07-12T10:44:57.334+0000] {processor.py:183} INFO - Processing /home/airflow/.local/lib/python3.8/site-packages/airflow/example_dags/plugins/workday.py took 0.323 seconds
[2026-07-12T10:45:27.457+0000] {processor.py:161} INFO - Started process (PID=1033) to work on /home/airflow/.local/lib/python3.8/site-packages/airflow/example_dags/plugins/workday.py
[2026-07-12T10:45:27.460+0000] {processor.py:830} INFO - Processing file /home/airflow/.local/lib/python3.8/site-packages/airflow/example_dags/plugins/workday.py for tasks to queue
[2026-07-12T10:45:27.462+0000] {logging_mixin.py:188} INFO - [2026-07-12T10:45:27.462+0000] {dagbag.py:538} INFO - Filling up the DagBag from /home/airflow/.local/lib/python3.8/site-packages/airflow/example_dags/plugins/workday.py
[2026-07-12T10:45:27.758+0000] {processor.py:842} WARNING - No viable dags retrieved from /home/airflow/.local/lib/python3.8/site-packages/airflow/example_dags/plugins/workday.py
[2026-07-12T10:45:27.768+0000] {processor.py:183} INFO - Processing /home/airflow/.local/lib/python3.8/site-packages/airflow/example_dags/plugins/workday.py took 0.316 seconds
[2026-07-12T10:45:58.034+0000] {processor.py:161} INFO - Started process (PID=1102) to work on /home/airflow/.local/lib/python3.8/site-packages/airflow/example_dags/plugins/workday.py
[2026-07-12T10:45:58.038+0000] {processor.py:830} INFO - Processing file /home/airflow/.local/lib/python3.8/site-packages/airflow/example_dags/plugins/workday.py for tasks to queue
[2026-07-12T10:45:58.039+0000] {logging_mixin.py:188} INFO - [2026-07-12T10:45:58.039+0000] {dagbag.py:538} INFO - Filling up the DagBag from /home/airflow/.local/lib/python3.8/site-packages/airflow/example_dags/plugins/workday.py
[2026-07-12T10:45:58.319+0000] {processor.py:842} WARNING - No viable dags retrieved from /home/airflow/.local/lib/python3.8/site-packages/airflow/example_dags/plugins/workday.py
[2026-07-12T10:45:58.328+0000] {processor.py:183} INFO - Processing /home/airflow/.local/lib/python3.8/site-packages/airflow/example_dags/plugins/workday.py took 0.298 seconds
[2026-07-12T10:46:29.163+0000] {processor.py:161} INFO - Started process (PID=1158) to work on /home/airflow/.local/lib/python3.8/site-packages/airflow/example_dags/plugins/workday.py
[2026-07-12T10:46:29.164+0000] {processor.py:830} INFO - Processing file /home/airflow/.local/lib/python3.8/site-packages/airflow/example_dags/plugins/workday.py for tasks to queue
[2026-07-12T10:46:29.166+0000] {logging_mixin.py:188} INFO - [2026-07-12T10:46:29.166+0000] {dagbag.py:538} INFO - Filling up the DagBag from /home/airflow/.local/lib/python3.8/site-packages/airflow/example_dags/plugins/workday.py
[2026-07-12T10:46:29.461+0000] {processor.py:842} WARNING - No viable dags retrieved from /home/airflow/.local/lib/python3.8/site-packages/airflow/example_dags/plugins/workday.py
[2026-07-12T10:46:29.470+0000] {processor.py:183} INFO - Processing /home/airflow/.local/lib/python3.8/site-packages/airflow/example_dags/plugins/workday.py took 0.310 seconds
[2026-07-12T10:47:00.333+0000] {processor.py:161} INFO - Started process (PID=1214) to work on /home/airflow/.local/lib/python3.8/site-packages/airflow/example_dags/plugins/workday.py
[2026-07-12T10:47:00.336+0000] {processor.py:830} INFO - Processing file /home/airflow/.local/lib/python3.8/site-packages/airflow/example_dags/plugins/workday.py for tasks to queue
[2026-07-12T10:47:00.339+0000] {logging_mixin.py:188} INFO - [2026-07-12T10:47:00.338+0000] {dagbag.py:538} INFO - Filling up the DagBag from /home/airflow/.local/lib/python3.8/site-packages/airflow/example_dags/plugins/workday.py
[2026-07-12T10:47:00.636+0000] {processor.py:842} WARNING - No viable dags retrieved from /home/airflow/.local/lib/python3.8/site-packages/airflow/example_dags/plugins/workday.py
[2026-07-12T10:47:00.644+0000] {processor.py:183} INFO - Processing /home/airflow/.local/lib/python3.8/site-packages/airflow/example_dags/plugins/workday.py took 0.314 seconds
[2026-07-12T10:47:30.765+0000] {processor.py:161} INFO - Started process (PID=1270) to work on /home/airflow/.local/lib/python3.8/site-packages/airflow/example_dags/plugins/workday.py
[2026-07-12T10:47:30.769+0000] {processor.py:830} INFO - Processing file /home/airflow/.local/lib/python3.8/site-packages/airflow/example_dags/plugins/workday.py for tasks to queue
[2026-07-12T10:47:30.774+0000] {logging_mixin.py:188} INFO - [2026-07-12T10:47:30.774+0000] {dagbag.py:538} INFO - Filling up the DagBag from /home/airflow/.local/lib/python3.8/site-packages/airflow/example_dags/plugins/workday.py
[2026-07-12T10:47:31.112+0000] {processor.py:842} WARNING - No viable dags retrieved from /home/airflow/.local/lib/python3.8/site-packages/airflow/example_dags/plugins/workday.py
[2026-07-12T10:47:31.124+0000] {processor.py:183} INFO - Processing /home/airflow/.local/lib/python3.8/site-packages/airflow/example_dags/plugins/workday.py took 0.367 seconds
[2026-07-12T10:48:01.873+0000] {processor.py:161} INFO - Started process (PID=1326) to work on /home/airflow/.local/lib/python3.8/site-packages/airflow/example_dags/plugins/workday.py
[2026-07-12T10:48:01.877+0000] {processor.py:830} INFO - Processing file /home/airflow/.local/lib/python3.8/site-packages/airflow/example_dags/plugins/workday.py for tasks to queue
[2026-07-12T10:48:01.881+0000] {logging_mixin.py:188} INFO - [2026-07-12T10:48:01.880+0000] {dagbag.py:538} INFO - Filling up the DagBag from /home/airflow/.local/lib/python3.8/site-packages/airflow/example_dags/plugins/workday.py
[2026-07-12T10:48:02.285+0000] {processor.py:842} WARNING - No viable dags retrieved from /home/airflow/.local/lib/python3.8/site-packages/airflow/example_dags/plugins/workday.py
[2026-07-12T10:48:02.294+0000] {processor.py:183} INFO - Processing /home/airflow/.local/lib/python3.8/site-packages/airflow/example_dags/plugins/workday.py took 0.432 seconds
[2026-07-12T10:48:32.397+0000] {processor.py:161} INFO - Started process (PID=1382) to work on /home/airflow/.local/lib/python3.8/site-packages/airflow/example_dags/plugins/workday.py
[2026-07-12T10:48:32.398+0000] {processor.py:830} INFO - Processing file /home/airflow/.local/lib/python3.8/site-packages/airflow/example_dags/plugins/workday.py for tasks to queue
[2026-07-12T10:48:32.400+0000] {logging_mixin.py:188} INFO - [2026-07-12T10:48:32.400+0000] {dagbag.py:538} INFO - Filling up the DagBag from /home/airflow/.local/lib/python3.8/site-packages/airflow/example_dags/plugins/workday.py
[2026-07-12T10:48:32.725+0000] {processor.py:842} WARNING - No viable dags retrieved from /home/airflow/.local/lib/python3.8/site-packages/airflow/example_dags/plugins/workday.py
[2026-07-12T10:48:32.735+0000] {processor.py:183} INFO - Processing /home/airflow/.local/lib/python3.8/site-packages/airflow/example_dags/plugins/workday.py took 0.341 seconds
[2026-07-12T10:49:03.682+0000] {processor.py:161} INFO - Started process (PID=1438) to work on /home/airflow/.local/lib/python3.8/site-packages/airflow/example_dags/plugins/workday.py
[2026-07-12T10:49:03.685+0000] {processor.py:830} INFO - Processing file /home/airflow/.local/lib/python3.8/site-packages/airflow/example_dags/plugins/workday.py for tasks to queue
[2026-07-12T10:49:03.687+0000] {logging_mixin.py:188} INFO - [2026-07-12T10:49:03.687+0000] {dagbag.py:538} INFO - Filling up the DagBag from /home/airflow/.local/lib/python3.8/site-packages/airflow/example_dags/plugins/workday.py
[2026-07-12T10:49:04.008+0000] {processor.py:842} WARNING - No viable dags retrieved from /home/airflow/.local/lib/python3.8/site-packages/airflow/example_dags/plugins/workday.py
[2026-07-12T10:49:04.026+0000] {processor.py:183} INFO - Processing /home/airflow/.local/lib/python3.8/site-packages/airflow/example_dags/plugins/workday.py took 0.346 seconds
[2026-07-12T10:49:34.078+0000] {processor.py:161} INFO - Started process (PID=1494) to work on /home/airflow/.local/lib/python3.8/site-packages/airflow/example_dags/plugins/workday.py
[2026-07-12T10:49:34.099+0000] {processor.py:830} INFO - Processing file /home/airflow/.local/lib/python3.8/site-packages/airflow/example_dags/plugins/workday.py for tasks to queue
[2026-07-12T10:49:34.102+0000] {logging_mixin.py:188} INFO - [2026-07-12T10:49:34.101+0000] {dagbag.py:538} INFO - Filling up the DagBag from /home/airflow/.local/lib/python3.8/site-packages/airflow/example_dags/plugins/workday.py
[2026-07-12T10:49:34.425+0000] {processor.py:842} WARNING - No viable dags retrieved from /home/airflow/.local/lib/python3.8/site-packages/airflow/example_dags/plugins/workday.py
[2026-07-12T10:49:34.435+0000] {processor.py:183} INFO - Processing /home/airflow/.local/lib/python3.8/site-packages/airflow/example_dags/plugins/workday.py took 0.370 seconds
[2026-07-12T10:50:05.159+0000] {processor.py:161} INFO - Started process (PID=1550) to work on /home/airflow/.local/lib/python3.8/site-packages/airflow/example_dags/plugins/workday.py
[2026-07-12T10:50:05.161+0000] {processor.py:830} INFO - Processing file /home/airflow/.local/lib/python3.8/site-packages/airflow/example_dags/plugins/workday.py for tasks to queue
[2026-07-12T10:50:05.163+0000] {logging_mixin.py:188} INFO - [2026-07-12T10:50:05.163+0000] {dagbag.py:538} INFO - Filling up the DagBag from /home/airflow/.local/lib/python3.8/site-packages/airflow/example_dags/plugins/workday.py
[2026-07-12T10:50:05.462+0000] {processor.py:842} WARNING - No viable dags retrieved from /home/airflow/.local/lib/python3.8/site-packages/airflow/example_dags/plugins/workday.py
[2026-07-12T10:50:05.472+0000] {processor.py:183} INFO - Processing /home/airflow/.local/lib/python3.8/site-packages/airflow/example_dags/plugins/workday.py took 0.317 seconds
[2026-07-12T10:50:36.428+0000] {processor.py:161} INFO - Started process (PID=1606) to work on /home/airflow/.local/lib/python3.8/site-packages/airflow/example_dags/plugins/workday.py
[2026-07-12T10:50:36.430+0000] {processor.py:830} INFO - Processing file /home/airflow/.local/lib/python3.8/site-packages/airflow/example_dags/plugins/workday.py for tasks to queue
[2026-07-12T10:50:36.432+0000] {logging_mixin.py:188} INFO - [2026-07-12T10:50:36.432+0000] {dagbag.py:538} INFO - Filling up the DagBag from /home/airflow/.local/lib/python3.8/site-packages/airflow/example_dags/plugins/workday.py
[2026-07-12T10:50:36.696+0000] {processor.py:842} WARNING - No viable dags retrieved from /home/airflow/.local/lib/python3.8/site-packages/airflow/example_dags/plugins/workday.py
[2026-07-12T10:50:36.706+0000] {processor.py:183} INFO - Processing /home/airflow/.local/lib/python3.8/site-packages/airflow/example_dags/plugins/workday.py took 0.280 seconds
[2026-07-12T10:51:07.541+0000] {processor.py:161} INFO - Started process (PID=1662) to work on /home/airflow/.local/lib/python3.8/site-packages/airflow/example_dags/plugins/workday.py
[2026-07-12T10:51:07.545+0000] {processor.py:830} INFO - Processing file /home/airflow/.local/lib/python3.8/site-packages/airflow/example_dags/plugins/workday.py for tasks to queue
[2026-07-12T10:51:07.546+0000] {logging_mixin.py:188} INFO - [2026-07-12T10:51:07.546+0000] {dagbag.py:538} INFO - Filling up the DagBag from /home/airflow/.local/lib/python3.8/site-packages/airflow/example_dags/plugins/workday.py
[2026-07-12T10:51:07.807+0000] {processor.py:842} WARNING - No viable dags retrieved from /home/airflow/.local/lib/python3.8/site-packages/airflow/example_dags/plugins/workday.py
[2026-07-12T10:51:07.817+0000] {processor.py:183} INFO - Processing /home/airflow/.local/lib/python3.8/site-packages/airflow/example_dags/plugins/workday.py took 0.279 seconds
[2026-07-12T10:51:38.647+0000] {processor.py:161} INFO - Started process (PID=1718) to work on /home/airflow/.local/lib/python3.8/site-packages/airflow/example_dags/plugins/workday.py
[2026-07-12T10:51:38.650+0000] {processor.py:830} INFO - Processing file /home/airflow/.local/lib/python3.8/site-packages/airflow/example_dags/plugins/workday.py for tasks to queue
[2026-07-12T10:51:38.652+0000] {logging_mixin.py:188} INFO - [2026-07-12T10:51:38.652+0000] {dagbag.py:538} INFO - Filling up the DagBag from /home/airflow/.local/lib/python3.8/site-packages/airflow/example_dags/plugins/workday.py
[2026-07-12T10:51:38.908+0000] {processor.py:842} WARNING - No viable dags retrieved from /home/airflow/.local/lib/python3.8/site-packages/airflow/example_dags/plugins/workday.py
[2026-07-12T10:51:38.916+0000] {processor.py:183} INFO - Processing /home/airflow/.local/lib/python3.8/site-packages/airflow/example_dags/plugins/workday.py took 0.273 seconds
[2026-07-12T10:52:09.746+0000] {processor.py:161} INFO - Started process (PID=1774) to work on /home/airflow/.local/lib/python3.8/site-packages/airflow/example_dags/plugins/workday.py
[2026-07-12T10:52:09.748+0000] {processor.py:830} INFO - Processing file /home/airflow/.local/lib/python3.8/site-packages/airflow/example_dags/plugins/workday.py for tasks to queue
[2026-07-12T10:52:09.750+0000] {logging_mixin.py:188} INFO - [2026-07-12T10:52:09.749+0000] {dagbag.py:538} INFO - Filling up the DagBag from /home/airflow/.local/lib/python3.8/site-packages/airflow/example_dags/plugins/workday.py
[2026-07-12T10:52:10.065+0000] {processor.py:842} WARNING - No viable dags retrieved from /home/airflow/.local/lib/python3.8/site-packages/airflow/example_dags/plugins/workday.py
[2026-07-12T10:52:10.075+0000] {processor.py:183} INFO - Processing /home/airflow/.local/lib/python3.8/site-packages/airflow/example_dags/plugins/workday.py took 0.332 seconds
[2026-07-12T10:52:40.095+0000] {processor.py:161} INFO - Started process (PID=1830) to work on /home/airflow/.local/lib/python3.8/site-packages/airflow/example_dags/plugins/workday.py
[2026-07-12T10:52:40.098+0000] {processor.py:830} INFO - Processing file /home/airflow/.local/lib/python3.8/site-packages/airflow/example_dags/plugins/workday.py for tasks to queue
[2026-07-12T10:52:40.099+0000] {logging_mixin.py:188} INFO - [2026-07-12T10:52:40.099+0000] {dagbag.py:538} INFO - Filling up the DagBag from /home/airflow/.local/lib/python3.8/site-packages/airflow/example_dags/plugins/workday.py
[2026-07-12T10:52:40.404+0000] {processor.py:842} WARNING - No viable dags retrieved from /home/airflow/.local/lib/python3.8/site-packages/airflow/example_dags/plugins/workday.py
[2026-07-12T10:52:40.416+0000] {processor.py:183} INFO - Processing /home/airflow/.local/lib/python3.8/site-packages/airflow/example_dags/plugins/workday.py took 0.324 seconds
[2026-07-12T10:53:11.361+0000] {processor.py:161} INFO - Started process (PID=1886) to work on /home/airflow/.local/lib/python3.8/site-packages/airflow/example_dags/plugins/workday.py
[2026-07-12T10:53:11.363+0000] {processor.py:830} INFO - Processing file /home/airflow/.local/lib/python3.8/site-packages/airflow/example_dags/plugins/workday.py for tasks to queue
[2026-07-12T10:53:11.365+0000] {logging_mixin.py:188} INFO - [2026-07-12T10:53:11.365+0000] {dagbag.py:538} INFO - Filling up the DagBag from /home/airflow/.local/lib/python3.8/site-packages/airflow/example_dags/plugins/workday.py
[2026-07-12T10:53:11.667+0000] {processor.py:842} WARNING - No viable dags retrieved from /home/airflow/.local/lib/python3.8/site-packages/airflow/example_dags/plugins/workday.py
[2026-07-12T10:53:11.676+0000] {processor.py:183} INFO - Processing /home/airflow/.local/lib/python3.8/site-packages/airflow/example_dags/plugins/workday.py took 0.319 seconds
[2026-07-12T11:23:35.090+0000] {processor.py:161} INFO - Started process (PID=99) to work on /home/airflow/.local/lib/python3.8/site-packages/airflow/example_dags/plugins/workday.py
[2026-07-12T11:23:35.091+0000] {processor.py:830} INFO - Processing file /home/airflow/.local/lib/python3.8/site-packages/airflow/example_dags/plugins/workday.py for tasks to queue
[2026-07-12T11:23:35.092+0000] {logging_mixin.py:188} INFO - [2026-07-12T11:23:35.092+0000] {dagbag.py:538} INFO - Filling up the DagBag from /home/airflow/.local/lib/python3.8/site-packages/airflow/example_dags/plugins/workday.py
[2026-07-12T11:23:36.049+0000] {processor.py:842} WARNING - No viable dags retrieved from /home/airflow/.local/lib/python3.8/site-packages/airflow/example_dags/plugins/workday.py
[2026-07-12T11:23:36.060+0000] {processor.py:183} INFO - Processing /home/airflow/.local/lib/python3.8/site-packages/airflow/example_dags/plugins/workday.py took 0.973 seconds
[2026-07-12T11:24:06.409+0000] {processor.py:161} INFO - Started process (PID=155) to work on /home/airflow/.local/lib/python3.8/site-packages/airflow/example_dags/plugins/workday.py
[2026-07-12T11:24:06.410+0000] {processor.py:830} INFO - Processing file /home/airflow/.local/lib/python3.8/site-packages/airflow/example_dags/plugins/workday.py for tasks to queue
[2026-07-12T11:24:06.412+0000] {logging_mixin.py:188} INFO - [2026-07-12T11:24:06.411+0000] {dagbag.py:538} INFO - Filling up the DagBag from /home/airflow/.local/lib/python3.8/site-packages/airflow/example_dags/plugins/workday.py
[2026-07-12T11:24:06.765+0000] {processor.py:842} WARNING - No viable dags retrieved from /home/airflow/.local/lib/python3.8/site-packages/airflow/example_dags/plugins/workday.py
[2026-07-12T11:24:06.775+0000] {processor.py:183} INFO - Processing /home/airflow/.local/lib/python3.8/site-packages/airflow/example_dags/plugins/workday.py took 0.369 seconds
[2026-07-12T11:24:37.730+0000] {processor.py:161} INFO - Started process (PID=226) to work on /home/airflow/.local/lib/python3.8/site-packages/airflow/example_dags/plugins/workday.py
[2026-07-12T11:24:37.734+0000] {processor.py:830} INFO - Processing file /home/airflow/.local/lib/python3.8/site-packages/airflow/example_dags/plugins/workday.py for tasks to queue
[2026-07-12T11:24:37.737+0000] {logging_mixin.py:188} INFO - [2026-07-12T11:24:37.737+0000] {dagbag.py:538} INFO - Filling up the DagBag from /home/airflow/.local/lib/python3.8/site-packages/airflow/example_dags/plugins/workday.py
[2026-07-12T11:24:39.260+0000] {processor.py:842} WARNING - No viable dags retrieved from /home/airflow/.local/lib/python3.8/site-packages/airflow/example_dags/plugins/workday.py
[2026-07-12T11:24:39.293+0000] {processor.py:183} INFO - Processing /home/airflow/.local/lib/python3.8/site-packages/airflow/example_dags/plugins/workday.py took 1.574 seconds
[2026-07-12T11:25:09.368+0000] {processor.py:161} INFO - Started process (PID=282) to work on /home/airflow/.local/lib/python3.8/site-packages/airflow/example_dags/plugins/workday.py
[2026-07-12T11:25:09.370+0000] {processor.py:830} INFO - Processing file /home/airflow/.local/lib/python3.8/site-packages/airflow/example_dags/plugins/workday.py for tasks to queue
[2026-07-12T11:25:09.372+0000] {logging_mixin.py:188} INFO - [2026-07-12T11:25:09.372+0000] {dagbag.py:538} INFO - Filling up the DagBag from /home/airflow/.local/lib/python3.8/site-packages/airflow/example_dags/plugins/workday.py
[2026-07-12T11:25:10.464+0000] {processor.py:842} WARNING - No viable dags retrieved from /home/airflow/.local/lib/python3.8/site-packages/airflow/example_dags/plugins/workday.py
[2026-07-12T11:25:10.476+0000] {processor.py:183} INFO - Processing /home/airflow/.local/lib/python3.8/site-packages/airflow/example_dags/plugins/workday.py took 1.113 seconds
[2026-07-12T11:25:41.301+0000] {processor.py:161} INFO - Started process (PID=338) to work on /home/airflow/.local/lib/python3.8/site-packages/airflow/example_dags/plugins/workday.py
[2026-07-12T11:25:41.304+0000] {processor.py:830} INFO - Processing file /home/airflow/.local/lib/python3.8/site-packages/airflow/example_dags/plugins/workday.py for tasks to queue
[2026-07-12T11:25:41.306+0000] {logging_mixin.py:188} INFO - [2026-07-12T11:25:41.305+0000] {dagbag.py:538} INFO - Filling up the DagBag from /home/airflow/.local/lib/python3.8/site-packages/airflow/example_dags/plugins/workday.py
[2026-07-12T11:25:41.651+0000] {processor.py:842} WARNING - No viable dags retrieved from /home/airflow/.local/lib/python3.8/site-packages/airflow/example_dags/plugins/workday.py
[2026-07-12T11:25:41.661+0000] {processor.py:183} INFO - Processing /home/airflow/.local/lib/python3.8/site-packages/airflow/example_dags/plugins/workday.py took 0.362 seconds
[2026-07-12T11:26:12.496+0000] {processor.py:161} INFO - Started process (PID=394) to work on /home/airflow/.local/lib/python3.8/site-packages/airflow/example_dags/plugins/workday.py
[2026-07-12T11:26:12.499+0000] {processor.py:830} INFO - Processing file /home/airflow/.local/lib/python3.8/site-packages/airflow/example_dags/plugins/workday.py for tasks to queue
[2026-07-12T11:26:12.501+0000] {logging_mixin.py:188} INFO - [2026-07-12T11:26:12.500+0000] {dagbag.py:538} INFO - Filling up the DagBag from /home/airflow/.local/lib/python3.8/site-packages/airflow/example_dags/plugins/workday.py
[2026-07-12T11:26:12.826+0000] {processor.py:842} WARNING - No viable dags retrieved from /home/airflow/.local/lib/python3.8/site-packages/airflow/example_dags/plugins/workday.py
[2026-07-12T11:26:12.836+0000] {processor.py:183} INFO - Processing /home/airflow/.local/lib/python3.8/site-packages/airflow/example_dags/plugins/workday.py took 0.343 seconds
[2026-07-12T11:26:43.141+0000] {processor.py:161} INFO - Started process (PID=451) to work on /home/airflow/.local/lib/python3.8/site-packages/airflow/example_dags/plugins/workday.py
[2026-07-12T11:26:43.144+0000] {processor.py:830} INFO - Processing file /home/airflow/.local/lib/python3.8/site-packages/airflow/example_dags/plugins/workday.py for tasks to queue
[2026-07-12T11:26:43.147+0000] {logging_mixin.py:188} INFO - [2026-07-12T11:26:43.146+0000] {dagbag.py:538} INFO - Filling up the DagBag from /home/airflow/.local/lib/python3.8/site-packages/airflow/example_dags/plugins/workday.py
[2026-07-12T11:26:43.717+0000] {processor.py:842} WARNING - No viable dags retrieved from /home/airflow/.local/lib/python3.8/site-packages/airflow/example_dags/plugins/workday.py
[2026-07-12T11:26:43.730+0000] {processor.py:183} INFO - Processing /home/airflow/.local/lib/python3.8/site-packages/airflow/example_dags/plugins/workday.py took 0.595 seconds
[2026-07-12T11:27:14.256+0000] {processor.py:161} INFO - Started process (PID=507) to work on /home/airflow/.local/lib/python3.8/site-packages/airflow/example_dags/plugins/workday.py
[2026-07-12T11:27:14.257+0000] {processor.py:830} INFO - Processing file /home/airflow/.local/lib/python3.8/site-packages/airflow/example_dags/plugins/workday.py for tasks to queue
[2026-07-12T11:27:14.259+0000] {logging_mixin.py:188} INFO - [2026-07-12T11:27:14.258+0000] {dagbag.py:538} INFO - Filling up the DagBag from /home/airflow/.local/lib/python3.8/site-packages/airflow/example_dags/plugins/workday.py
[2026-07-12T11:27:14.562+0000] {processor.py:842} WARNING - No viable dags retrieved from /home/airflow/.local/lib/python3.8/site-packages/airflow/example_dags/plugins/workday.py
[2026-07-12T11:27:14.573+0000] {processor.py:183} INFO - Processing /home/airflow/.local/lib/python3.8/site-packages/airflow/example_dags/plugins/workday.py took 0.320 seconds
[2026-07-12T11:27:45.538+0000] {processor.py:161} INFO - Started process (PID=563) to work on /home/airflow/.local/lib/python3.8/site-packages/airflow/example_dags/plugins/workday.py
[2026-07-12T11:27:45.540+0000] {processor.py:830} INFO - Processing file /home/airflow/.local/lib/python3.8/site-packages/airflow/example_dags/plugins/workday.py for tasks to queue
[2026-07-12T11:27:45.543+0000] {logging_mixin.py:188} INFO - [2026-07-12T11:27:45.542+0000] {dagbag.py:538} INFO - Filling up the DagBag from /home/airflow/.local/lib/python3.8/site-packages/airflow/example_dags/plugins/workday.py
[2026-07-12T11:27:45.858+0000] {processor.py:842} WARNING - No viable dags retrieved from /home/airflow/.local/lib/python3.8/site-packages/airflow/example_dags/plugins/workday.py
[2026-07-12T11:27:45.871+0000] {processor.py:183} INFO - Processing /home/airflow/.local/lib/python3.8/site-packages/airflow/example_dags/plugins/workday.py took 0.338 seconds
[2026-07-12T11:28:16.020+0000] {processor.py:161} INFO - Started process (PID=619) to work on /home/airflow/.local/lib/python3.8/site-packages/airflow/example_dags/plugins/workday.py
[2026-07-12T11:28:16.023+0000] {processor.py:830} INFO - Processing file /home/airflow/.local/lib/python3.8/site-packages/airflow/example_dags/plugins/workday.py for tasks to queue
[2026-07-12T11:28:16.024+0000] {logging_mixin.py:188} INFO - [2026-07-12T11:28:16.024+0000] {dagbag.py:538} INFO - Filling up the DagBag from /home/airflow/.local/lib/python3.8/site-packages/airflow/example_dags/plugins/workday.py
[2026-07-12T11:28:16.337+0000] {processor.py:842} WARNING - No viable dags retrieved from /home/airflow/.local/lib/python3.8/site-packages/airflow/example_dags/plugins/workday.py
[2026-07-12T11:28:16.349+0000] {processor.py:183} INFO - Processing /home/airflow/.local/lib/python3.8/site-packages/airflow/example_dags/plugins/workday.py took 0.332 seconds
[2026-07-12T11:28:47.234+0000] {processor.py:161} INFO - Started process (PID=675) to work on /home/airflow/.local/lib/python3.8/site-packages/airflow/example_dags/plugins/workday.py
[2026-07-12T11:28:47.236+0000] {processor.py:830} INFO - Processing file /home/airflow/.local/lib/python3.8/site-packages/airflow/example_dags/plugins/workday.py for tasks to queue
[2026-07-12T11:28:47.239+0000] {logging_mixin.py:188} INFO - [2026-07-12T11:28:47.238+0000] {dagbag.py:538} INFO - Filling up the DagBag from /home/airflow/.local/lib/python3.8/site-packages/airflow/example_dags/plugins/workday.py
[2026-07-12T11:28:47.552+0000] {processor.py:842} WARNING - No viable dags retrieved from /home/airflow/.local/lib/python3.8/site-packages/airflow/example_dags/plugins/workday.py
[2026-07-12T11:28:47.561+0000] {processor.py:183} INFO - Processing /home/airflow/.local/lib/python3.8/site-packages/airflow/example_dags/plugins/workday.py took 0.331 seconds
[2026-07-12T11:29:18.533+0000] {processor.py:161} INFO - Started process (PID=731) to work on /home/airflow/.local/lib/python3.8/site-packages/airflow/example_dags/plugins/workday.py
[2026-07-12T11:29:18.536+0000] {processor.py:830} INFO - Processing file /home/airflow/.local/lib/python3.8/site-packages/airflow/example_dags/plugins/workday.py for tasks to queue
[2026-07-12T11:29:18.538+0000] {logging_mixin.py:188} INFO - [2026-07-12T11:29:18.538+0000] {dagbag.py:538} INFO - Filling up the DagBag from /home/airflow/.local/lib/python3.8/site-packages/airflow/example_dags/plugins/workday.py
[2026-07-12T11:29:18.843+0000] {processor.py:842} WARNING - No viable dags retrieved from /home/airflow/.local/lib/python3.8/site-packages/airflow/example_dags/plugins/workday.py
[2026-07-12T11:29:18.853+0000] {processor.py:183} INFO - Processing /home/airflow/.local/lib/python3.8/site-packages/airflow/example_dags/plugins/workday.py took 0.325 seconds
[2026-07-12T11:29:49.823+0000] {processor.py:161} INFO - Started process (PID=787) to work on /home/airflow/.local/lib/python3.8/site-packages/airflow/example_dags/plugins/workday.py
[2026-07-12T11:29:49.826+0000] {processor.py:830} INFO - Processing file /home/airflow/.local/lib/python3.8/site-packages/airflow/example_dags/plugins/workday.py for tasks to queue
[2026-07-12T11:29:49.828+0000] {logging_mixin.py:188} INFO - [2026-07-12T11:29:49.827+0000] {dagbag.py:538} INFO - Filling up the DagBag from /home/airflow/.local/lib/python3.8/site-packages/airflow/example_dags/plugins/workday.py
[2026-07-12T11:29:50.167+0000] {processor.py:842} WARNING - No viable dags retrieved from /home/airflow/.local/lib/python3.8/site-packages/airflow/example_dags/plugins/workday.py
[2026-07-12T11:29:50.176+0000] {processor.py:183} INFO - Processing /home/airflow/.local/lib/python3.8/site-packages/airflow/example_dags/plugins/workday.py took 0.356 seconds
[2026-07-12T11:30:20.780+0000] {processor.py:161} INFO - Started process (PID=850) to work on /home/airflow/.local/lib/python3.8/site-packages/airflow/example_dags/plugins/workday.py
[2026-07-12T11:30:20.782+0000] {processor.py:830} INFO - Processing file /home/airflow/.local/lib/python3.8/site-packages/airflow/example_dags/plugins/workday.py for tasks to queue
[2026-07-12T11:30:20.784+0000] {logging_mixin.py:188} INFO - [2026-07-12T11:30:20.784+0000] {dagbag.py:538} INFO - Filling up the DagBag from /home/airflow/.local/lib/python3.8/site-packages/airflow/example_dags/plugins/workday.py
[2026-07-12T11:30:21.248+0000] {processor.py:842} WARNING - No viable dags retrieved from /home/airflow/.local/lib/python3.8/site-packages/airflow/example_dags/plugins/workday.py
[2026-07-12T11:30:21.258+0000] {processor.py:183} INFO - Processing /home/airflow/.local/lib/python3.8/site-packages/airflow/example_dags/plugins/workday.py took 0.482 seconds
[2026-07-12T11:30:51.492+0000] {processor.py:161} INFO - Started process (PID=906) to work on /home/airflow/.local/lib/python3.8/site-packages/airflow/example_dags/plugins/workday.py
[2026-07-12T11:30:51.494+0000] {processor.py:830} INFO - Processing file /home/airflow/.local/lib/python3.8/site-packages/airflow/example_dags/plugins/workday.py for tasks to queue
[2026-07-12T11:30:51.497+0000] {logging_mixin.py:188} INFO - [2026-07-12T11:30:51.496+0000] {dagbag.py:538} INFO - Filling up the DagBag from /home/airflow/.local/lib/python3.8/site-packages/airflow/example_dags/plugins/workday.py
[2026-07-12T11:30:51.838+0000] {processor.py:842} WARNING - No viable dags retrieved from /home/airflow/.local/lib/python3.8/site-packages/airflow/example_dags/plugins/workday.py
[2026-07-12T11:30:51.849+0000] {processor.py:183} INFO - Processing /home/airflow/.local/lib/python3.8/site-packages/airflow/example_dags/plugins/workday.py took 0.360 seconds
[2026-07-12T11:31:22.715+0000] {processor.py:161} INFO - Started process (PID=962) to work on /home/airflow/.local/lib/python3.8/site-packages/airflow/example_dags/plugins/workday.py
[2026-07-12T11:31:22.718+0000] {processor.py:830} INFO - Processing file /home/airflow/.local/lib/python3.8/site-packages/airflow/example_dags/plugins/workday.py for tasks to queue
[2026-07-12T11:31:22.720+0000] {logging_mixin.py:188} INFO - [2026-07-12T11:31:22.720+0000] {dagbag.py:538} INFO - Filling up the DagBag from /home/airflow/.local/lib/python3.8/site-packages/airflow/example_dags/plugins/workday.py
[2026-07-12T11:31:23.041+0000] {processor.py:842} WARNING - No viable dags retrieved from /home/airflow/.local/lib/python3.8/site-packages/airflow/example_dags/plugins/workday.py
[2026-07-12T11:31:23.052+0000] {processor.py:183} INFO - Processing /home/airflow/.local/lib/python3.8/site-packages/airflow/example_dags/plugins/workday.py took 0.340 seconds
[2026-07-12T11:31:53.929+0000] {processor.py:161} INFO - Started process (PID=1018) to work on /home/airflow/.local/lib/python3.8/site-packages/airflow/example_dags/plugins/workday.py
[2026-07-12T11:31:53.932+0000] {processor.py:830} INFO - Processing file /home/airflow/.local/lib/python3.8/site-packages/airflow/example_dags/plugins/workday.py for tasks to queue
[2026-07-12T11:31:53.934+0000] {logging_mixin.py:188} INFO - [2026-07-12T11:31:53.933+0000] {dagbag.py:538} INFO - Filling up the DagBag from /home/airflow/.local/lib/python3.8/site-packages/airflow/example_dags/plugins/workday.py
[2026-07-12T11:31:54.411+0000] {processor.py:842} WARNING - No viable dags retrieved from /home/airflow/.local/lib/python3.8/site-packages/airflow/example_dags/plugins/workday.py
[2026-07-12T11:31:54.421+0000] {processor.py:183} INFO - Processing /home/airflow/.local/lib/python3.8/site-packages/airflow/example_dags/plugins/workday.py took 0.495 seconds
[2026-07-12T11:32:25.075+0000] {processor.py:161} INFO - Started process (PID=1074) to work on /home/airflow/.local/lib/python3.8/site-packages/airflow/example_dags/plugins/workday.py
[2026-07-12T11:32:25.082+0000] {processor.py:830} INFO - Processing file /home/airflow/.local/lib/python3.8/site-packages/airflow/example_dags/plugins/workday.py for tasks to queue
[2026-07-12T11:32:25.088+0000] {logging_mixin.py:188} INFO - [2026-07-12T11:32:25.087+0000] {dagbag.py:538} INFO - Filling up the DagBag from /home/airflow/.local/lib/python3.8/site-packages/airflow/example_dags/plugins/workday.py
[2026-07-12T11:32:25.540+0000] {processor.py:842} WARNING - No viable dags retrieved from /home/airflow/.local/lib/python3.8/site-packages/airflow/example_dags/plugins/workday.py
[2026-07-12T11:32:25.551+0000] {processor.py:183} INFO - Processing /home/airflow/.local/lib/python3.8/site-packages/airflow/example_dags/plugins/workday.py took 0.487 seconds
[2026-07-12T11:32:55.647+0000] {processor.py:161} INFO - Started process (PID=1130) to work on /home/airflow/.local/lib/python3.8/site-packages/airflow/example_dags/plugins/workday.py
[2026-07-12T11:32:55.649+0000] {processor.py:830} INFO - Processing file /home/airflow/.local/lib/python3.8/site-packages/airflow/example_dags/plugins/workday.py for tasks to queue
[2026-07-12T11:32:55.652+0000] {logging_mixin.py:188} INFO - [2026-07-12T11:32:55.651+0000] {dagbag.py:538} INFO - Filling up the DagBag from /home/airflow/.local/lib/python3.8/site-packages/airflow/example_dags/plugins/workday.py
[2026-07-12T11:32:55.966+0000] {processor.py:842} WARNING - No viable dags retrieved from /home/airflow/.local/lib/python3.8/site-packages/airflow/example_dags/plugins/workday.py
[2026-07-12T11:32:55.977+0000] {processor.py:183} INFO - Processing /home/airflow/.local/lib/python3.8/site-packages/airflow/example_dags/plugins/workday.py took 0.334 seconds
[2026-07-12T11:33:26.019+0000] {processor.py:161} INFO - Started process (PID=1186) to work on /home/airflow/.local/lib/python3.8/site-packages/airflow/example_dags/plugins/workday.py
[2026-07-12T11:33:26.021+0000] {processor.py:830} INFO - Processing file /home/airflow/.local/lib/python3.8/site-packages/airflow/example_dags/plugins/workday.py for tasks to queue
[2026-07-12T11:33:26.025+0000] {logging_mixin.py:188} INFO - [2026-07-12T11:33:26.024+0000] {dagbag.py:538} INFO - Filling up the DagBag from /home/airflow/.local/lib/python3.8/site-packages/airflow/example_dags/plugins/workday.py
[2026-07-12T11:33:26.332+0000] {processor.py:842} WARNING - No viable dags retrieved from /home/airflow/.local/lib/python3.8/site-packages/airflow/example_dags/plugins/workday.py
[2026-07-12T11:33:26.342+0000] {processor.py:183} INFO - Processing /home/airflow/.local/lib/python3.8/site-packages/airflow/example_dags/plugins/workday.py took 0.329 seconds
[2026-07-12T11:33:57.181+0000] {processor.py:161} INFO - Started process (PID=1242) to work on /home/airflow/.local/lib/python3.8/site-packages/airflow/example_dags/plugins/workday.py
[2026-07-12T11:33:57.183+0000] {processor.py:830} INFO - Processing file /home/airflow/.local/lib/python3.8/site-packages/airflow/example_dags/plugins/workday.py for tasks to queue
[2026-07-12T11:33:57.185+0000] {logging_mixin.py:188} INFO - [2026-07-12T11:33:57.185+0000] {dagbag.py:538} INFO - Filling up the DagBag from /home/airflow/.local/lib/python3.8/site-packages/airflow/example_dags/plugins/workday.py
[2026-07-12T11:33:57.494+0000] {processor.py:842} WARNING - No viable dags retrieved from /home/airflow/.local/lib/python3.8/site-packages/airflow/example_dags/plugins/workday.py
[2026-07-12T11:33:57.504+0000] {processor.py:183} INFO - Processing /home/airflow/.local/lib/python3.8/site-packages/airflow/example_dags/plugins/workday.py took 0.325 seconds
[2026-07-12T11:34:28.306+0000] {processor.py:161} INFO - Started process (PID=1298) to work on /home/airflow/.local/lib/python3.8/site-packages/airflow/example_dags/plugins/workday.py
[2026-07-12T11:34:28.309+0000] {processor.py:830} INFO - Processing file /home/airflow/.local/lib/python3.8/site-packages/airflow/example_dags/plugins/workday.py for tasks to queue
[2026-07-12T11:34:28.310+0000] {logging_mixin.py:188} INFO - [2026-07-12T11:34:28.310+0000] {dagbag.py:538} INFO - Filling up the DagBag from /home/airflow/.local/lib/python3.8/site-packages/airflow/example_dags/plugins/workday.py
[2026-07-12T11:34:28.623+0000] {processor.py:842} WARNING - No viable dags retrieved from /home/airflow/.local/lib/python3.8/site-packages/airflow/example_dags/plugins/workday.py
[2026-07-12T11:34:28.634+0000] {processor.py:183} INFO - Processing /home/airflow/.local/lib/python3.8/site-packages/airflow/example_dags/plugins/workday.py took 0.331 seconds
[2026-07-12T11:34:59.598+0000] {processor.py:161} INFO - Started process (PID=1354) to work on /home/airflow/.local/lib/python3.8/site-packages/airflow/example_dags/plugins/workday.py
[2026-07-12T11:34:59.600+0000] {processor.py:830} INFO - Processing file /home/airflow/.local/lib/python3.8/site-packages/airflow/example_dags/plugins/workday.py for tasks to queue
[2026-07-12T11:34:59.603+0000] {logging_mixin.py:188} INFO - [2026-07-12T11:34:59.603+0000] {dagbag.py:538} INFO - Filling up the DagBag from /home/airflow/.local/lib/python3.8/site-packages/airflow/example_dags/plugins/workday.py
[2026-07-12T11:34:59.998+0000] {processor.py:842} WARNING - No viable dags retrieved from /home/airflow/.local/lib/python3.8/site-packages/airflow/example_dags/plugins/workday.py
[2026-07-12T11:35:00.009+0000] {processor.py:183} INFO - Processing /home/airflow/.local/lib/python3.8/site-packages/airflow/example_dags/plugins/workday.py took 0.419 seconds
[2026-07-12T11:35:30.532+0000] {processor.py:161} INFO - Started process (PID=1410) to work on /home/airflow/.local/lib/python3.8/site-packages/airflow/example_dags/plugins/workday.py
[2026-07-12T11:35:30.535+0000] {processor.py:830} INFO - Processing file /home/airflow/.local/lib/python3.8/site-packages/airflow/example_dags/plugins/workday.py for tasks to queue
[2026-07-12T11:35:30.537+0000] {logging_mixin.py:188} INFO - [2026-07-12T11:35:30.536+0000] {dagbag.py:538} INFO - Filling up the DagBag from /home/airflow/.local/lib/python3.8/site-packages/airflow/example_dags/plugins/workday.py
[2026-07-12T11:35:30.852+0000] {processor.py:842} WARNING - No viable dags retrieved from /home/airflow/.local/lib/python3.8/site-packages/airflow/example_dags/plugins/workday.py
[2026-07-12T11:35:30.863+0000] {processor.py:183} INFO - Processing /home/airflow/.local/lib/python3.8/site-packages/airflow/example_dags/plugins/workday.py took 0.334 seconds
[2026-07-12T11:36:00.932+0000] {processor.py:161} INFO - Started process (PID=1466) to work on /home/airflow/.local/lib/python3.8/site-packages/airflow/example_dags/plugins/workday.py
[2026-07-12T11:36:00.935+0000] {processor.py:830} INFO - Processing file /home/airflow/.local/lib/python3.8/site-packages/airflow/example_dags/plugins/workday.py for tasks to queue
[2026-07-12T11:36:00.937+0000] {logging_mixin.py:188} INFO - [2026-07-12T11:36:00.936+0000] {dagbag.py:538} INFO - Filling up the DagBag from /home/airflow/.local/lib/python3.8/site-packages/airflow/example_dags/plugins/workday.py
[2026-07-12T11:36:01.277+0000] {processor.py:842} WARNING - No viable dags retrieved from /home/airflow/.local/lib/python3.8/site-packages/airflow/example_dags/plugins/workday.py
[2026-07-12T11:36:01.288+0000] {processor.py:183} INFO - Processing /home/airflow/.local/lib/python3.8/site-packages/airflow/example_dags/plugins/workday.py took 0.360 seconds
[2026-07-12T11:36:31.581+0000] {processor.py:161} INFO - Started process (PID=1522) to work on /home/airflow/.local/lib/python3.8/site-packages/airflow/example_dags/plugins/workday.py
[2026-07-12T11:36:31.583+0000] {processor.py:830} INFO - Processing file /home/airflow/.local/lib/python3.8/site-packages/airflow/example_dags/plugins/workday.py for tasks to queue
[2026-07-12T11:36:31.584+0000] {logging_mixin.py:188} INFO - [2026-07-12T11:36:31.584+0000] {dagbag.py:538} INFO - Filling up the DagBag from /home/airflow/.local/lib/python3.8/site-packages/airflow/example_dags/plugins/workday.py
[2026-07-12T11:36:31.879+0000] {processor.py:842} WARNING - No viable dags retrieved from /home/airflow/.local/lib/python3.8/site-packages/airflow/example_dags/plugins/workday.py
[2026-07-12T11:36:31.889+0000] {processor.py:183} INFO - Processing /home/airflow/.local/lib/python3.8/site-packages/airflow/example_dags/plugins/workday.py took 0.310 seconds
[2026-07-12T11:37:02.750+0000] {processor.py:161} INFO - Started process (PID=1579) to work on /home/airflow/.local/lib/python3.8/site-packages/airflow/example_dags/plugins/workday.py
[2026-07-12T11:37:02.752+0000] {processor.py:830} INFO - Processing file /home/airflow/.local/lib/python3.8/site-packages/airflow/example_dags/plugins/workday.py for tasks to queue
[2026-07-12T11:37:02.754+0000] {logging_mixin.py:188} INFO - [2026-07-12T11:37:02.754+0000] {dagbag.py:538} INFO - Filling up the DagBag from /home/airflow/.local/lib/python3.8/site-packages/airflow/example_dags/plugins/workday.py
[2026-07-12T11:37:03.033+0000] {processor.py:842} WARNING - No viable dags retrieved from /home/airflow/.local/lib/python3.8/site-packages/airflow/example_dags/plugins/workday.py
[2026-07-12T11:37:03.044+0000] {processor.py:183} INFO - Processing /home/airflow/.local/lib/python3.8/site-packages/airflow/example_dags/plugins/workday.py took 0.298 seconds
[2026-07-12T11:37:33.518+0000] {processor.py:161} INFO - Started process (PID=1635) to work on /home/airflow/.local/lib/python3.8/site-packages/airflow/example_dags/plugins/workday.py
[2026-07-12T11:37:33.521+0000] {processor.py:830} INFO - Processing file /home/airflow/.local/lib/python3.8/site-packages/airflow/example_dags/plugins/workday.py for tasks to queue
[2026-07-12T11:37:33.522+0000] {logging_mixin.py:188} INFO - [2026-07-12T11:37:33.522+0000] {dagbag.py:538} INFO - Filling up the DagBag from /home/airflow/.local/lib/python3.8/site-packages/airflow/example_dags/plugins/workday.py
[2026-07-12T11:37:33.891+0000] {processor.py:842} WARNING - No viable dags retrieved from /home/airflow/.local/lib/python3.8/site-packages/airflow/example_dags/plugins/workday.py
[2026-07-12T11:37:33.907+0000] {processor.py:183} INFO - Processing /home/airflow/.local/lib/python3.8/site-packages/airflow/example_dags/plugins/workday.py took 0.394 seconds
[2026-07-12T11:38:04.656+0000] {processor.py:161} INFO - Started process (PID=1691) to work on /home/airflow/.local/lib/python3.8/site-packages/airflow/example_dags/plugins/workday.py
[2026-07-12T11:38:04.657+0000] {processor.py:830} INFO - Processing file /home/airflow/.local/lib/python3.8/site-packages/airflow/example_dags/plugins/workday.py for tasks to queue
[2026-07-12T11:38:04.659+0000] {logging_mixin.py:188} INFO - [2026-07-12T11:38:04.658+0000] {dagbag.py:538} INFO - Filling up the DagBag from /home/airflow/.local/lib/python3.8/site-packages/airflow/example_dags/plugins/workday.py
[2026-07-12T11:38:04.924+0000] {processor.py:842} WARNING - No viable dags retrieved from /home/airflow/.local/lib/python3.8/site-packages/airflow/example_dags/plugins/workday.py
[2026-07-12T11:38:04.934+0000] {processor.py:183} INFO - Processing /home/airflow/.local/lib/python3.8/site-packages/airflow/example_dags/plugins/workday.py took 0.280 seconds
[2026-07-12T11:38:35.090+0000] {processor.py:161} INFO - Started process (PID=1747) to work on /home/airflow/.local/lib/python3.8/site-packages/airflow/example_dags/plugins/workday.py
[2026-07-12T11:38:35.095+0000] {processor.py:830} INFO - Processing file /home/airflow/.local/lib/python3.8/site-packages/airflow/example_dags/plugins/workday.py for tasks to queue
[2026-07-12T11:38:35.099+0000] {logging_mixin.py:188} INFO - [2026-07-12T11:38:35.098+0000] {dagbag.py:538} INFO - Filling up the DagBag from /home/airflow/.local/lib/python3.8/site-packages/airflow/example_dags/plugins/workday.py
[2026-07-12T11:38:35.646+0000] {processor.py:842} WARNING - No viable dags retrieved from /home/airflow/.local/lib/python3.8/site-packages/airflow/example_dags/plugins/workday.py
[2026-07-12T11:38:35.673+0000] {processor.py:183} INFO - Processing /home/airflow/.local/lib/python3.8/site-packages/airflow/example_dags/plugins/workday.py took 0.591 seconds
[2026-07-12T11:39:06.168+0000] {processor.py:161} INFO - Started process (PID=1803) to work on /home/airflow/.local/lib/python3.8/site-packages/airflow/example_dags/plugins/workday.py
[2026-07-12T11:39:06.172+0000] {processor.py:830} INFO - Processing file /home/airflow/.local/lib/python3.8/site-packages/airflow/example_dags/plugins/workday.py for tasks to queue
[2026-07-12T11:39:06.175+0000] {logging_mixin.py:188} INFO - [2026-07-12T11:39:06.174+0000] {dagbag.py:538} INFO - Filling up the DagBag from /home/airflow/.local/lib/python3.8/site-packages/airflow/example_dags/plugins/workday.py
[2026-07-12T11:39:06.579+0000] {processor.py:842} WARNING - No viable dags retrieved from /home/airflow/.local/lib/python3.8/site-packages/airflow/example_dags/plugins/workday.py
[2026-07-12T11:39:06.591+0000] {processor.py:183} INFO - Processing /home/airflow/.local/lib/python3.8/site-packages/airflow/example_dags/plugins/workday.py took 0.430 seconds
[2026-07-12T11:39:36.764+0000] {processor.py:161} INFO - Started process (PID=1859) to work on /home/airflow/.local/lib/python3.8/site-packages/airflow/example_dags/plugins/workday.py
[2026-07-12T11:39:36.767+0000] {processor.py:830} INFO - Processing file /home/airflow/.local/lib/python3.8/site-packages/airflow/example_dags/plugins/workday.py for tasks to queue
[2026-07-12T11:39:36.771+0000] {logging_mixin.py:188} INFO - [2026-07-12T11:39:36.771+0000] {dagbag.py:538} INFO - Filling up the DagBag from /home/airflow/.local/lib/python3.8/site-packages/airflow/example_dags/plugins/workday.py
[2026-07-12T11:39:37.193+0000] {processor.py:842} WARNING - No viable dags retrieved from /home/airflow/.local/lib/python3.8/site-packages/airflow/example_dags/plugins/workday.py
[2026-07-12T11:39:37.207+0000] {processor.py:183} INFO - Processing /home/airflow/.local/lib/python3.8/site-packages/airflow/example_dags/plugins/workday.py took 0.451 seconds
[2026-07-12T11:40:08.377+0000] {processor.py:161} INFO - Started process (PID=1924) to work on /home/airflow/.local/lib/python3.8/site-packages/airflow/example_dags/plugins/workday.py
[2026-07-12T11:40:08.448+0000] {processor.py:830} INFO - Processing file /home/airflow/.local/lib/python3.8/site-packages/airflow/example_dags/plugins/workday.py for tasks to queue
[2026-07-12T11:40:08.490+0000] {logging_mixin.py:188} INFO - [2026-07-12T11:40:08.460+0000] {dagbag.py:538} INFO - Filling up the DagBag from /home/airflow/.local/lib/python3.8/site-packages/airflow/example_dags/plugins/workday.py
[2026-07-12T11:40:39.664+0000] {logging_mixin.py:188} INFO - [2026-07-12T11:40:39.344+0000] {timeout.py:68} ERROR - Process timed out, PID: 1924
[2026-07-12T11:40:41.884+0000] {logging_mixin.py:188} INFO - [2026-07-12T11:40:40.159+0000] {dagbag.py:348} ERROR - Failed to import: /home/airflow/.local/lib/python3.8/site-packages/airflow/example_dags/plugins/workday.py
Traceback (most recent call last):
  File "/home/airflow/.local/lib/python3.8/site-packages/airflow/models/dagbag.py", line 344, in parse
    loader.exec_module(new_module)
  File "<frozen importlib._bootstrap_external>", line 843, in exec_module
  File "<frozen importlib._bootstrap>", line 219, in _call_with_frames_removed
  File "/home/airflow/.local/lib/python3.8/site-packages/airflow/example_dags/plugins/workday.py", line 36, in <module>
    from pandas.tseries.holiday import USFederalHolidayCalendar
  File "/home/airflow/.local/lib/python3.8/site-packages/pandas/__init__.py", line 22, in <module>
    from pandas.compat import is_numpy_dev as _is_numpy_dev  # pyright: ignore # noqa:F401
  File "/home/airflow/.local/lib/python3.8/site-packages/pandas/compat/__init__.py", line 25, in <module>
    from pandas.compat.numpy import (
  File "/home/airflow/.local/lib/python3.8/site-packages/pandas/compat/numpy/__init__.py", line 4, in <module>
    from pandas.util.version import Version
  File "/home/airflow/.local/lib/python3.8/site-packages/pandas/util/__init__.py", line 2, in <module>
    from pandas.util._decorators import (  # noqa:F401
  File "/home/airflow/.local/lib/python3.8/site-packages/pandas/util/_decorators.py", line 14, in <module>
    from pandas._libs.properties import cache_readonly
  File "/home/airflow/.local/lib/python3.8/site-packages/pandas/_libs/__init__.py", line 13, in <module>
    from pandas._libs.interval import Interval
  File "pandas/_libs/interval.pyx", line 1, in init pandas._libs.interval
  File "pandas/_libs/hashtable.pyx", line 1, in init pandas._libs.hashtable
  File "pandas/_libs/missing.pyx", line 1, in init pandas._libs.missing
  File "/home/airflow/.local/lib/python3.8/site-packages/pandas/_libs/tslibs/__init__.py", line 66, in <module>
    from pandas._libs.tslibs.period import (
  File "<frozen importlib._bootstrap>", line 389, in parent
  File "/home/airflow/.local/lib/python3.8/site-packages/airflow/utils/timeout.py", line 69, in handle_timeout
    raise AirflowTaskTimeout(self.error_message)
airflow.exceptions.AirflowTaskTimeout: DagBag import timeout for /home/airflow/.local/lib/python3.8/site-packages/airflow/example_dags/plugins/workday.py after 30.0s.
Please take a look at these docs to improve your DAG import time:
* https://airflow.apache.org/docs/apache-airflow/2.8.1/best-practices.html#top-level-python-code
* https://airflow.apache.org/docs/apache-airflow/2.8.1/best-practices.html#reducing-dag-complexity, PID: 1924
[2026-07-12T11:40:42.273+0000] {processor.py:842} WARNING - No viable dags retrieved from /home/airflow/.local/lib/python3.8/site-packages/airflow/example_dags/plugins/workday.py
[2026-07-12T11:40:52.449+0000] {processor.py:186} ERROR - Got an exception! Propagating...
Traceback (most recent call last):
  File "/home/airflow/.local/lib/python3.8/site-packages/sqlalchemy/engine/base.py", line 3371, in _wrap_pool_connect
    return fn()
  File "/home/airflow/.local/lib/python3.8/site-packages/sqlalchemy/pool/base.py", line 327, in connect
    return _ConnectionFairy._checkout(self)
  File "/home/airflow/.local/lib/python3.8/site-packages/sqlalchemy/pool/base.py", line 894, in _checkout
    fairy = _ConnectionRecord.checkout(pool)
  File "/home/airflow/.local/lib/python3.8/site-packages/sqlalchemy/pool/base.py", line 493, in checkout
    rec = pool._do_get()
  File "/home/airflow/.local/lib/python3.8/site-packages/sqlalchemy/pool/impl.py", line 146, in _do_get
    self._dec_overflow()
  File "/home/airflow/.local/lib/python3.8/site-packages/sqlalchemy/util/langhelpers.py", line 70, in __exit__
    compat.raise_(
  File "/home/airflow/.local/lib/python3.8/site-packages/sqlalchemy/util/compat.py", line 211, in raise_
    raise exception
  File "/home/airflow/.local/lib/python3.8/site-packages/sqlalchemy/pool/impl.py", line 143, in _do_get
    return self._create_connection()
  File "/home/airflow/.local/lib/python3.8/site-packages/sqlalchemy/pool/base.py", line 273, in _create_connection
    return _ConnectionRecord(self)
  File "/home/airflow/.local/lib/python3.8/site-packages/sqlalchemy/pool/base.py", line 388, in __init__
    self.__connect()
  File "/home/airflow/.local/lib/python3.8/site-packages/sqlalchemy/pool/base.py", line 691, in __connect
    pool.logger.debug("Error on connect(): %s", e)
  File "/home/airflow/.local/lib/python3.8/site-packages/sqlalchemy/util/langhelpers.py", line 70, in __exit__
    compat.raise_(
  File "/home/airflow/.local/lib/python3.8/site-packages/sqlalchemy/util/compat.py", line 211, in raise_
    raise exception
  File "/home/airflow/.local/lib/python3.8/site-packages/sqlalchemy/pool/base.py", line 686, in __connect
    self.dbapi_connection = connection = pool._invoke_creator(self)
  File "/home/airflow/.local/lib/python3.8/site-packages/sqlalchemy/engine/create.py", line 574, in connect
    return dialect.connect(*cargs, **cparams)
  File "/home/airflow/.local/lib/python3.8/site-packages/sqlalchemy/engine/default.py", line 598, in connect
    return self.dbapi.connect(*cargs, **cparams)
  File "/home/airflow/.local/lib/python3.8/site-packages/psycopg2/__init__.py", line 122, in connect
    conn = _connect(dsn, connection_factory=connection_factory, **kwasync)
psycopg2.OperationalError: could not translate host name "postgres" to address: Temporary failure in name resolution


The above exception was the direct cause of the following exception:

Traceback (most recent call last):
  File "/home/airflow/.local/lib/python3.8/site-packages/airflow/dag_processing/processor.py", line 182, in _run_file_processor
    _handle_dag_file_processing()
  File "/home/airflow/.local/lib/python3.8/site-packages/airflow/dag_processing/processor.py", line 163, in _handle_dag_file_processing
    result: tuple[int, int] = dag_file_processor.process_file(
  File "/home/airflow/.local/lib/python3.8/site-packages/airflow/utils/session.py", line 79, in wrapper
    return func(*args, session=session, **kwargs)
  File "/home/airflow/.local/lib/python3.8/site-packages/airflow/dag_processing/processor.py", line 843, in process_file
    DagFileProcessor.update_import_errors(
  File "/home/airflow/.local/lib/python3.8/site-packages/airflow/api_internal/internal_api_call.py", line 114, in wrapper
    return func(*args, **kwargs)
  File "/home/airflow/.local/lib/python3.8/site-packages/airflow/utils/session.py", line 76, in wrapper
    return func(*args, **kwargs)
  File "/home/airflow/.local/lib/python3.8/site-packages/airflow/dag_processing/processor.py", line 622, in update_import_errors
    existing_import_error_files = [x.filename for x in session.query(errors.ImportError.filename).all()]
  File "/home/airflow/.local/lib/python3.8/site-packages/sqlalchemy/orm/query.py", line 2773, in all
    return self._iter().all()
  File "/home/airflow/.local/lib/python3.8/site-packages/sqlalchemy/orm/query.py", line 2916, in _iter
    result = self.session.execute(
  File "/home/airflow/.local/lib/python3.8/site-packages/sqlalchemy/orm/session.py", line 1716, in execute
    conn = self._connection_for_bind(bind)
  File "/home/airflow/.local/lib/python3.8/site-packages/sqlalchemy/orm/session.py", line 1555, in _connection_for_bind
    return self._transaction._connection_for_bind(
  File "/home/airflow/.local/lib/python3.8/site-packages/sqlalchemy/orm/session.py", line 750, in _connection_for_bind
    conn = bind.connect()
  File "/home/airflow/.local/lib/python3.8/site-packages/sqlalchemy/future/engine.py", line 412, in connect
    return super(Engine, self).connect()
  File "/home/airflow/.local/lib/python3.8/site-packages/sqlalchemy/engine/base.py", line 3325, in connect
    return self._connection_cls(self, close_with_result=close_with_result)
  File "/home/airflow/.local/lib/python3.8/site-packages/sqlalchemy/engine/base.py", line 96, in __init__
    else engine.raw_connection()
  File "/home/airflow/.local/lib/python3.8/site-packages/sqlalchemy/engine/base.py", line 3404, in raw_connection
    return self._wrap_pool_connect(self.pool.connect, _connection)
  File "/home/airflow/.local/lib/python3.8/site-packages/sqlalchemy/engine/base.py", line 3374, in _wrap_pool_connect
    Connection._handle_dbapi_exception_noconnection(
  File "/home/airflow/.local/lib/python3.8/site-packages/sqlalchemy/engine/base.py", line 2208, in _handle_dbapi_exception_noconnection
    util.raise_(
  File "/home/airflow/.local/lib/python3.8/site-packages/sqlalchemy/util/compat.py", line 211, in raise_
    raise exception
  File "/home/airflow/.local/lib/python3.8/site-packages/sqlalchemy/engine/base.py", line 3371, in _wrap_pool_connect
    return fn()
  File "/home/airflow/.local/lib/python3.8/site-packages/sqlalchemy/pool/base.py", line 327, in connect
    return _ConnectionFairy._checkout(self)
  File "/home/airflow/.local/lib/python3.8/site-packages/sqlalchemy/pool/base.py", line 894, in _checkout
    fairy = _ConnectionRecord.checkout(pool)
  File "/home/airflow/.local/lib/python3.8/site-packages/sqlalchemy/pool/base.py", line 493, in checkout
    rec = pool._do_get()
  File "/home/airflow/.local/lib/python3.8/site-packages/sqlalchemy/pool/impl.py", line 146, in _do_get
    self._dec_overflow()
  File "/home/airflow/.local/lib/python3.8/site-packages/sqlalchemy/util/langhelpers.py", line 70, in __exit__
    compat.raise_(
  File "/home/airflow/.local/lib/python3.8/site-packages/sqlalchemy/util/compat.py", line 211, in raise_
    raise exception
  File "/home/airflow/.local/lib/python3.8/site-packages/sqlalchemy/pool/impl.py", line 143, in _do_get
    return self._create_connection()
  File "/home/airflow/.local/lib/python3.8/site-packages/sqlalchemy/pool/base.py", line 273, in _create_connection
    return _ConnectionRecord(self)
  File "/home/airflow/.local/lib/python3.8/site-packages/sqlalchemy/pool/base.py", line 388, in __init__
    self.__connect()
  File "/home/airflow/.local/lib/python3.8/site-packages/sqlalchemy/pool/base.py", line 691, in __connect
    pool.logger.debug("Error on connect(): %s", e)
  File "/home/airflow/.local/lib/python3.8/site-packages/sqlalchemy/util/langhelpers.py", line 70, in __exit__
    compat.raise_(
  File "/home/airflow/.local/lib/python3.8/site-packages/sqlalchemy/util/compat.py", line 211, in raise_
    raise exception
  File "/home/airflow/.local/lib/python3.8/site-packages/sqlalchemy/pool/base.py", line 686, in __connect
    self.dbapi_connection = connection = pool._invoke_creator(self)
  File "/home/airflow/.local/lib/python3.8/site-packages/sqlalchemy/engine/create.py", line 574, in connect
    return dialect.connect(*cargs, **cparams)
  File "/home/airflow/.local/lib/python3.8/site-packages/sqlalchemy/engine/default.py", line 598, in connect
    return self.dbapi.connect(*cargs, **cparams)
  File "/home/airflow/.local/lib/python3.8/site-packages/psycopg2/__init__.py", line 122, in connect
    conn = _connect(dsn, connection_factory=connection_factory, **kwasync)
sqlalchemy.exc.OperationalError: (psycopg2.OperationalError) could not translate host name "postgres" to address: Temporary failure in name resolution

(Background on this error at: https://sqlalche.me/e/14/e3q8)
[2026-07-12T11:41:45.732+0000] {processor.py:161} INFO - Started process (PID=99) to work on /home/airflow/.local/lib/python3.8/site-packages/airflow/example_dags/plugins/workday.py
[2026-07-12T11:41:45.733+0000] {processor.py:830} INFO - Processing file /home/airflow/.local/lib/python3.8/site-packages/airflow/example_dags/plugins/workday.py for tasks to queue
[2026-07-12T11:41:45.735+0000] {logging_mixin.py:188} INFO - [2026-07-12T11:41:45.734+0000] {dagbag.py:538} INFO - Filling up the DagBag from /home/airflow/.local/lib/python3.8/site-packages/airflow/example_dags/plugins/workday.py
[2026-07-12T11:41:46.289+0000] {processor.py:842} WARNING - No viable dags retrieved from /home/airflow/.local/lib/python3.8/site-packages/airflow/example_dags/plugins/workday.py
[2026-07-12T11:41:46.298+0000] {processor.py:183} INFO - Processing /home/airflow/.local/lib/python3.8/site-packages/airflow/example_dags/plugins/workday.py took 0.569 seconds
[2026-07-12T11:42:16.830+0000] {processor.py:161} INFO - Started process (PID=155) to work on /home/airflow/.local/lib/python3.8/site-packages/airflow/example_dags/plugins/workday.py
[2026-07-12T11:42:16.833+0000] {processor.py:830} INFO - Processing file /home/airflow/.local/lib/python3.8/site-packages/airflow/example_dags/plugins/workday.py for tasks to queue
[2026-07-12T11:42:16.835+0000] {logging_mixin.py:188} INFO - [2026-07-12T11:42:16.834+0000] {dagbag.py:538} INFO - Filling up the DagBag from /home/airflow/.local/lib/python3.8/site-packages/airflow/example_dags/plugins/workday.py
[2026-07-12T11:42:17.133+0000] {processor.py:842} WARNING - No viable dags retrieved from /home/airflow/.local/lib/python3.8/site-packages/airflow/example_dags/plugins/workday.py
[2026-07-12T11:42:17.143+0000] {processor.py:183} INFO - Processing /home/airflow/.local/lib/python3.8/site-packages/airflow/example_dags/plugins/workday.py took 0.326 seconds
[2026-07-12T11:42:47.973+0000] {processor.py:161} INFO - Started process (PID=211) to work on /home/airflow/.local/lib/python3.8/site-packages/airflow/example_dags/plugins/workday.py
[2026-07-12T11:42:47.976+0000] {processor.py:830} INFO - Processing file /home/airflow/.local/lib/python3.8/site-packages/airflow/example_dags/plugins/workday.py for tasks to queue
[2026-07-12T11:42:47.980+0000] {logging_mixin.py:188} INFO - [2026-07-12T11:42:47.979+0000] {dagbag.py:538} INFO - Filling up the DagBag from /home/airflow/.local/lib/python3.8/site-packages/airflow/example_dags/plugins/workday.py
[2026-07-12T11:42:48.323+0000] {processor.py:842} WARNING - No viable dags retrieved from /home/airflow/.local/lib/python3.8/site-packages/airflow/example_dags/plugins/workday.py
[2026-07-12T11:42:48.333+0000] {processor.py:183} INFO - Processing /home/airflow/.local/lib/python3.8/site-packages/airflow/example_dags/plugins/workday.py took 0.364 seconds
[2026-07-12T11:43:19.181+0000] {processor.py:161} INFO - Started process (PID=267) to work on /home/airflow/.local/lib/python3.8/site-packages/airflow/example_dags/plugins/workday.py
[2026-07-12T11:43:19.184+0000] {processor.py:830} INFO - Processing file /home/airflow/.local/lib/python3.8/site-packages/airflow/example_dags/plugins/workday.py for tasks to queue
[2026-07-12T11:43:19.187+0000] {logging_mixin.py:188} INFO - [2026-07-12T11:43:19.187+0000] {dagbag.py:538} INFO - Filling up the DagBag from /home/airflow/.local/lib/python3.8/site-packages/airflow/example_dags/plugins/workday.py
[2026-07-12T11:43:19.489+0000] {processor.py:842} WARNING - No viable dags retrieved from /home/airflow/.local/lib/python3.8/site-packages/airflow/example_dags/plugins/workday.py
[2026-07-12T11:43:19.497+0000] {processor.py:183} INFO - Processing /home/airflow/.local/lib/python3.8/site-packages/airflow/example_dags/plugins/workday.py took 0.320 seconds
[2026-07-12T11:43:50.413+0000] {processor.py:161} INFO - Started process (PID=323) to work on /home/airflow/.local/lib/python3.8/site-packages/airflow/example_dags/plugins/workday.py
[2026-07-12T11:43:50.416+0000] {processor.py:830} INFO - Processing file /home/airflow/.local/lib/python3.8/site-packages/airflow/example_dags/plugins/workday.py for tasks to queue
[2026-07-12T11:43:50.419+0000] {logging_mixin.py:188} INFO - [2026-07-12T11:43:50.419+0000] {dagbag.py:538} INFO - Filling up the DagBag from /home/airflow/.local/lib/python3.8/site-packages/airflow/example_dags/plugins/workday.py
[2026-07-12T11:43:50.710+0000] {processor.py:842} WARNING - No viable dags retrieved from /home/airflow/.local/lib/python3.8/site-packages/airflow/example_dags/plugins/workday.py
[2026-07-12T11:43:50.719+0000] {processor.py:183} INFO - Processing /home/airflow/.local/lib/python3.8/site-packages/airflow/example_dags/plugins/workday.py took 0.309 seconds
[2026-07-12T11:44:20.773+0000] {processor.py:161} INFO - Started process (PID=379) to work on /home/airflow/.local/lib/python3.8/site-packages/airflow/example_dags/plugins/workday.py
[2026-07-12T11:44:20.775+0000] {processor.py:830} INFO - Processing file /home/airflow/.local/lib/python3.8/site-packages/airflow/example_dags/plugins/workday.py for tasks to queue
[2026-07-12T11:44:20.777+0000] {logging_mixin.py:188} INFO - [2026-07-12T11:44:20.776+0000] {dagbag.py:538} INFO - Filling up the DagBag from /home/airflow/.local/lib/python3.8/site-packages/airflow/example_dags/plugins/workday.py
[2026-07-12T11:44:21.044+0000] {processor.py:842} WARNING - No viable dags retrieved from /home/airflow/.local/lib/python3.8/site-packages/airflow/example_dags/plugins/workday.py
[2026-07-12T11:44:21.053+0000] {processor.py:183} INFO - Processing /home/airflow/.local/lib/python3.8/site-packages/airflow/example_dags/plugins/workday.py took 0.283 seconds
[2026-07-12T11:44:52.030+0000] {processor.py:161} INFO - Started process (PID=435) to work on /home/airflow/.local/lib/python3.8/site-packages/airflow/example_dags/plugins/workday.py
[2026-07-12T11:44:52.033+0000] {processor.py:830} INFO - Processing file /home/airflow/.local/lib/python3.8/site-packages/airflow/example_dags/plugins/workday.py for tasks to queue
[2026-07-12T11:44:52.034+0000] {logging_mixin.py:188} INFO - [2026-07-12T11:44:52.034+0000] {dagbag.py:538} INFO - Filling up the DagBag from /home/airflow/.local/lib/python3.8/site-packages/airflow/example_dags/plugins/workday.py
[2026-07-12T11:44:52.303+0000] {processor.py:842} WARNING - No viable dags retrieved from /home/airflow/.local/lib/python3.8/site-packages/airflow/example_dags/plugins/workday.py
[2026-07-12T11:44:52.312+0000] {processor.py:183} INFO - Processing /home/airflow/.local/lib/python3.8/site-packages/airflow/example_dags/plugins/workday.py took 0.285 seconds
[2026-07-12T11:45:23.275+0000] {processor.py:161} INFO - Started process (PID=492) to work on /home/airflow/.local/lib/python3.8/site-packages/airflow/example_dags/plugins/workday.py
[2026-07-12T11:45:23.277+0000] {processor.py:830} INFO - Processing file /home/airflow/.local/lib/python3.8/site-packages/airflow/example_dags/plugins/workday.py for tasks to queue
[2026-07-12T11:45:23.279+0000] {logging_mixin.py:188} INFO - [2026-07-12T11:45:23.278+0000] {dagbag.py:538} INFO - Filling up the DagBag from /home/airflow/.local/lib/python3.8/site-packages/airflow/example_dags/plugins/workday.py
[2026-07-12T11:45:23.547+0000] {processor.py:842} WARNING - No viable dags retrieved from /home/airflow/.local/lib/python3.8/site-packages/airflow/example_dags/plugins/workday.py
[2026-07-12T11:45:23.556+0000] {processor.py:183} INFO - Processing /home/airflow/.local/lib/python3.8/site-packages/airflow/example_dags/plugins/workday.py took 0.284 seconds
[2026-07-12T11:45:54.437+0000] {processor.py:161} INFO - Started process (PID=548) to work on /home/airflow/.local/lib/python3.8/site-packages/airflow/example_dags/plugins/workday.py
[2026-07-12T11:45:54.440+0000] {processor.py:830} INFO - Processing file /home/airflow/.local/lib/python3.8/site-packages/airflow/example_dags/plugins/workday.py for tasks to queue
[2026-07-12T11:45:54.441+0000] {logging_mixin.py:188} INFO - [2026-07-12T11:45:54.441+0000] {dagbag.py:538} INFO - Filling up the DagBag from /home/airflow/.local/lib/python3.8/site-packages/airflow/example_dags/plugins/workday.py
[2026-07-12T11:45:54.716+0000] {processor.py:842} WARNING - No viable dags retrieved from /home/airflow/.local/lib/python3.8/site-packages/airflow/example_dags/plugins/workday.py
[2026-07-12T11:45:54.726+0000] {processor.py:183} INFO - Processing /home/airflow/.local/lib/python3.8/site-packages/airflow/example_dags/plugins/workday.py took 0.291 seconds
[2026-07-12T11:46:24.914+0000] {processor.py:161} INFO - Started process (PID=603) to work on /home/airflow/.local/lib/python3.8/site-packages/airflow/example_dags/plugins/workday.py
[2026-07-12T11:46:24.917+0000] {processor.py:830} INFO - Processing file /home/airflow/.local/lib/python3.8/site-packages/airflow/example_dags/plugins/workday.py for tasks to queue
[2026-07-12T11:46:24.919+0000] {logging_mixin.py:188} INFO - [2026-07-12T11:46:24.919+0000] {dagbag.py:538} INFO - Filling up the DagBag from /home/airflow/.local/lib/python3.8/site-packages/airflow/example_dags/plugins/workday.py
[2026-07-12T11:46:25.308+0000] {processor.py:842} WARNING - No viable dags retrieved from /home/airflow/.local/lib/python3.8/site-packages/airflow/example_dags/plugins/workday.py
[2026-07-12T11:46:25.319+0000] {processor.py:183} INFO - Processing /home/airflow/.local/lib/python3.8/site-packages/airflow/example_dags/plugins/workday.py took 0.408 seconds
