[2026-07-12T09:13:00.780+0000] {processor.py:161} INFO - Started process (PID=1408) to work on /home/airflow/.local/lib/python3.8/site-packages/airflow/example_dags/example_local_kubernetes_executor.py
[2026-07-12T09:13:00.781+0000] {processor.py:830} INFO - Processing file /home/airflow/.local/lib/python3.8/site-packages/airflow/example_dags/example_local_kubernetes_executor.py for tasks to queue
[2026-07-12T09:13:00.782+0000] {logging_mixin.py:188} INFO - [2026-07-12T09:13:00.782+0000] {dagbag.py:538} INFO - Filling up the DagBag from /home/airflow/.local/lib/python3.8/site-packages/airflow/example_dags/example_local_kubernetes_executor.py
[2026-07-12T09:13:00.789+0000] {processor.py:840} INFO - DAG(s) 'example_local_kubernetes_executor' retrieved from /home/airflow/.local/lib/python3.8/site-packages/airflow/example_dags/example_local_kubernetes_executor.py
[2026-07-12T09:13:00.987+0000] {logging_mixin.py:188} INFO - [2026-07-12T09:13:00.987+0000] {dag.py:3036} INFO - Sync 1 DAGs
[2026-07-12T09:13:00.993+0000] {logging_mixin.py:188} INFO - [2026-07-12T09:13:00.993+0000] {dag.py:3823} INFO - Setting next_dagrun for example_local_kubernetes_executor to None, run_after=None
[2026-07-12T09:13:01.007+0000] {processor.py:183} INFO - Processing /home/airflow/.local/lib/python3.8/site-packages/airflow/example_dags/example_local_kubernetes_executor.py took 0.230 seconds
[2026-07-12T09:13:31.623+0000] {processor.py:161} INFO - Started process (PID=1463) to work on /home/airflow/.local/lib/python3.8/site-packages/airflow/example_dags/example_local_kubernetes_executor.py
[2026-07-12T09:13:31.627+0000] {processor.py:830} INFO - Processing file /home/airflow/.local/lib/python3.8/site-packages/airflow/example_dags/example_local_kubernetes_executor.py for tasks to queue
[2026-07-12T09:13:31.629+0000] {logging_mixin.py:188} INFO - [2026-07-12T09:13:31.629+0000] {dagbag.py:538} INFO - Filling up the DagBag from /home/airflow/.local/lib/python3.8/site-packages/airflow/example_dags/example_local_kubernetes_executor.py
[2026-07-12T09:13:31.655+0000] {processor.py:840} INFO - DAG(s) 'example_local_kubernetes_executor' retrieved from /home/airflow/.local/lib/python3.8/site-packages/airflow/example_dags/example_local_kubernetes_executor.py
[2026-07-12T09:13:31.715+0000] {logging_mixin.py:188} INFO - [2026-07-12T09:13:31.715+0000] {dag.py:3036} INFO - Sync 1 DAGs
[2026-07-12T09:13:31.726+0000] {logging_mixin.py:188} INFO - [2026-07-12T09:13:31.725+0000] {dag.py:3823} INFO - Setting next_dagrun for example_local_kubernetes_executor to None, run_after=None
[2026-07-12T09:13:31.847+0000] {processor.py:183} INFO - Processing /home/airflow/.local/lib/python3.8/site-packages/airflow/example_dags/example_local_kubernetes_executor.py took 0.228 seconds
[2026-07-12T09:14:02.098+0000] {processor.py:161} INFO - Started process (PID=1518) to work on /home/airflow/.local/lib/python3.8/site-packages/airflow/example_dags/example_local_kubernetes_executor.py
[2026-07-12T09:14:02.103+0000] {processor.py:830} INFO - Processing file /home/airflow/.local/lib/python3.8/site-packages/airflow/example_dags/example_local_kubernetes_executor.py for tasks to queue
[2026-07-12T09:14:02.105+0000] {logging_mixin.py:188} INFO - [2026-07-12T09:14:02.105+0000] {dagbag.py:538} INFO - Filling up the DagBag from /home/airflow/.local/lib/python3.8/site-packages/airflow/example_dags/example_local_kubernetes_executor.py
[2026-07-12T09:14:02.115+0000] {processor.py:840} INFO - DAG(s) 'example_local_kubernetes_executor' retrieved from /home/airflow/.local/lib/python3.8/site-packages/airflow/example_dags/example_local_kubernetes_executor.py
[2026-07-12T09:14:02.152+0000] {logging_mixin.py:188} INFO - [2026-07-12T09:14:02.152+0000] {dag.py:3036} INFO - Sync 1 DAGs
[2026-07-12T09:14:02.163+0000] {logging_mixin.py:188} INFO - [2026-07-12T09:14:02.163+0000] {dag.py:3823} INFO - Setting next_dagrun for example_local_kubernetes_executor to None, run_after=None
[2026-07-12T09:14:02.178+0000] {processor.py:183} INFO - Processing /home/airflow/.local/lib/python3.8/site-packages/airflow/example_dags/example_local_kubernetes_executor.py took 0.084 seconds
[2026-07-12T09:14:32.622+0000] {processor.py:161} INFO - Started process (PID=1572) to work on /home/airflow/.local/lib/python3.8/site-packages/airflow/example_dags/example_local_kubernetes_executor.py
[2026-07-12T09:14:32.625+0000] {processor.py:830} INFO - Processing file /home/airflow/.local/lib/python3.8/site-packages/airflow/example_dags/example_local_kubernetes_executor.py for tasks to queue
[2026-07-12T09:14:32.628+0000] {logging_mixin.py:188} INFO - [2026-07-12T09:14:32.627+0000] {dagbag.py:538} INFO - Filling up the DagBag from /home/airflow/.local/lib/python3.8/site-packages/airflow/example_dags/example_local_kubernetes_executor.py
[2026-07-12T09:14:32.637+0000] {processor.py:840} INFO - DAG(s) 'example_local_kubernetes_executor' retrieved from /home/airflow/.local/lib/python3.8/site-packages/airflow/example_dags/example_local_kubernetes_executor.py
[2026-07-12T09:14:32.663+0000] {logging_mixin.py:188} INFO - [2026-07-12T09:14:32.663+0000] {dag.py:3036} INFO - Sync 1 DAGs
[2026-07-12T09:14:32.671+0000] {logging_mixin.py:188} INFO - [2026-07-12T09:14:32.671+0000] {dag.py:3823} INFO - Setting next_dagrun for example_local_kubernetes_executor to None, run_after=None
[2026-07-12T09:14:32.689+0000] {processor.py:183} INFO - Processing /home/airflow/.local/lib/python3.8/site-packages/airflow/example_dags/example_local_kubernetes_executor.py took 0.072 seconds
[2026-07-12T09:15:03.859+0000] {processor.py:161} INFO - Started process (PID=1627) to work on /home/airflow/.local/lib/python3.8/site-packages/airflow/example_dags/example_local_kubernetes_executor.py
[2026-07-12T09:15:03.861+0000] {processor.py:830} INFO - Processing file /home/airflow/.local/lib/python3.8/site-packages/airflow/example_dags/example_local_kubernetes_executor.py for tasks to queue
[2026-07-12T09:15:03.863+0000] {logging_mixin.py:188} INFO - [2026-07-12T09:15:03.862+0000] {dagbag.py:538} INFO - Filling up the DagBag from /home/airflow/.local/lib/python3.8/site-packages/airflow/example_dags/example_local_kubernetes_executor.py
[2026-07-12T09:15:03.996+0000] {processor.py:840} INFO - DAG(s) 'example_local_kubernetes_executor' retrieved from /home/airflow/.local/lib/python3.8/site-packages/airflow/example_dags/example_local_kubernetes_executor.py
[2026-07-12T09:15:04.037+0000] {logging_mixin.py:188} INFO - [2026-07-12T09:15:04.037+0000] {dag.py:3036} INFO - Sync 1 DAGs
[2026-07-12T09:15:04.050+0000] {logging_mixin.py:188} INFO - [2026-07-12T09:15:04.049+0000] {dag.py:3823} INFO - Setting next_dagrun for example_local_kubernetes_executor to None, run_after=None
[2026-07-12T09:15:04.081+0000] {processor.py:183} INFO - Processing /home/airflow/.local/lib/python3.8/site-packages/airflow/example_dags/example_local_kubernetes_executor.py took 0.225 seconds
[2026-07-12T09:15:34.633+0000] {processor.py:161} INFO - Started process (PID=1682) to work on /home/airflow/.local/lib/python3.8/site-packages/airflow/example_dags/example_local_kubernetes_executor.py
[2026-07-12T09:15:34.634+0000] {processor.py:830} INFO - Processing file /home/airflow/.local/lib/python3.8/site-packages/airflow/example_dags/example_local_kubernetes_executor.py for tasks to queue
[2026-07-12T09:15:34.636+0000] {logging_mixin.py:188} INFO - [2026-07-12T09:15:34.635+0000] {dagbag.py:538} INFO - Filling up the DagBag from /home/airflow/.local/lib/python3.8/site-packages/airflow/example_dags/example_local_kubernetes_executor.py
[2026-07-12T09:15:34.642+0000] {processor.py:840} INFO - DAG(s) 'example_local_kubernetes_executor' retrieved from /home/airflow/.local/lib/python3.8/site-packages/airflow/example_dags/example_local_kubernetes_executor.py
[2026-07-12T09:15:34.667+0000] {logging_mixin.py:188} INFO - [2026-07-12T09:15:34.667+0000] {dag.py:3036} INFO - Sync 1 DAGs
[2026-07-12T09:15:34.675+0000] {logging_mixin.py:188} INFO - [2026-07-12T09:15:34.675+0000] {dag.py:3823} INFO - Setting next_dagrun for example_local_kubernetes_executor to None, run_after=None
[2026-07-12T09:15:34.688+0000] {processor.py:183} INFO - Processing /home/airflow/.local/lib/python3.8/site-packages/airflow/example_dags/example_local_kubernetes_executor.py took 0.058 seconds
[2026-07-12T09:16:04.937+0000] {processor.py:161} INFO - Started process (PID=1737) to work on /home/airflow/.local/lib/python3.8/site-packages/airflow/example_dags/example_local_kubernetes_executor.py
[2026-07-12T09:16:04.938+0000] {processor.py:830} INFO - Processing file /home/airflow/.local/lib/python3.8/site-packages/airflow/example_dags/example_local_kubernetes_executor.py for tasks to queue
[2026-07-12T09:16:04.940+0000] {logging_mixin.py:188} INFO - [2026-07-12T09:16:04.939+0000] {dagbag.py:538} INFO - Filling up the DagBag from /home/airflow/.local/lib/python3.8/site-packages/airflow/example_dags/example_local_kubernetes_executor.py
[2026-07-12T09:16:04.947+0000] {processor.py:840} INFO - DAG(s) 'example_local_kubernetes_executor' retrieved from /home/airflow/.local/lib/python3.8/site-packages/airflow/example_dags/example_local_kubernetes_executor.py
[2026-07-12T09:16:04.971+0000] {logging_mixin.py:188} INFO - [2026-07-12T09:16:04.971+0000] {dag.py:3036} INFO - Sync 1 DAGs
[2026-07-12T09:16:04.979+0000] {logging_mixin.py:188} INFO - [2026-07-12T09:16:04.979+0000] {dag.py:3823} INFO - Setting next_dagrun for example_local_kubernetes_executor to None, run_after=None
[2026-07-12T09:16:04.992+0000] {processor.py:183} INFO - Processing /home/airflow/.local/lib/python3.8/site-packages/airflow/example_dags/example_local_kubernetes_executor.py took 0.057 seconds
[2026-07-12T09:16:35.513+0000] {processor.py:161} INFO - Started process (PID=1798) to work on /home/airflow/.local/lib/python3.8/site-packages/airflow/example_dags/example_local_kubernetes_executor.py
[2026-07-12T09:16:35.514+0000] {processor.py:830} INFO - Processing file /home/airflow/.local/lib/python3.8/site-packages/airflow/example_dags/example_local_kubernetes_executor.py for tasks to queue
[2026-07-12T09:16:35.515+0000] {logging_mixin.py:188} INFO - [2026-07-12T09:16:35.515+0000] {dagbag.py:538} INFO - Filling up the DagBag from /home/airflow/.local/lib/python3.8/site-packages/airflow/example_dags/example_local_kubernetes_executor.py
[2026-07-12T09:16:35.523+0000] {processor.py:840} INFO - DAG(s) 'example_local_kubernetes_executor' retrieved from /home/airflow/.local/lib/python3.8/site-packages/airflow/example_dags/example_local_kubernetes_executor.py
[2026-07-12T09:16:35.552+0000] {logging_mixin.py:188} INFO - [2026-07-12T09:16:35.552+0000] {dag.py:3036} INFO - Sync 1 DAGs
[2026-07-12T09:16:35.560+0000] {logging_mixin.py:188} INFO - [2026-07-12T09:16:35.560+0000] {dag.py:3823} INFO - Setting next_dagrun for example_local_kubernetes_executor to None, run_after=None
[2026-07-12T09:16:35.574+0000] {processor.py:183} INFO - Processing /home/airflow/.local/lib/python3.8/site-packages/airflow/example_dags/example_local_kubernetes_executor.py took 0.064 seconds
[2026-07-12T09:17:05.820+0000] {processor.py:161} INFO - Started process (PID=1853) to work on /home/airflow/.local/lib/python3.8/site-packages/airflow/example_dags/example_local_kubernetes_executor.py
[2026-07-12T09:17:05.821+0000] {processor.py:830} INFO - Processing file /home/airflow/.local/lib/python3.8/site-packages/airflow/example_dags/example_local_kubernetes_executor.py for tasks to queue
[2026-07-12T09:17:05.823+0000] {logging_mixin.py:188} INFO - [2026-07-12T09:17:05.823+0000] {dagbag.py:538} INFO - Filling up the DagBag from /home/airflow/.local/lib/python3.8/site-packages/airflow/example_dags/example_local_kubernetes_executor.py
[2026-07-12T09:17:05.832+0000] {processor.py:840} INFO - DAG(s) 'example_local_kubernetes_executor' retrieved from /home/airflow/.local/lib/python3.8/site-packages/airflow/example_dags/example_local_kubernetes_executor.py
[2026-07-12T09:17:05.871+0000] {logging_mixin.py:188} INFO - [2026-07-12T09:17:05.870+0000] {dag.py:3036} INFO - Sync 1 DAGs
[2026-07-12T09:17:05.880+0000] {logging_mixin.py:188} INFO - [2026-07-12T09:17:05.880+0000] {dag.py:3823} INFO - Setting next_dagrun for example_local_kubernetes_executor to None, run_after=None
[2026-07-12T09:17:05.898+0000] {processor.py:183} INFO - Processing /home/airflow/.local/lib/python3.8/site-packages/airflow/example_dags/example_local_kubernetes_executor.py took 0.082 seconds
[2026-07-12T09:17:36.052+0000] {processor.py:161} INFO - Started process (PID=1908) to work on /home/airflow/.local/lib/python3.8/site-packages/airflow/example_dags/example_local_kubernetes_executor.py
[2026-07-12T09:17:36.052+0000] {processor.py:830} INFO - Processing file /home/airflow/.local/lib/python3.8/site-packages/airflow/example_dags/example_local_kubernetes_executor.py for tasks to queue
[2026-07-12T09:17:36.054+0000] {logging_mixin.py:188} INFO - [2026-07-12T09:17:36.053+0000] {dagbag.py:538} INFO - Filling up the DagBag from /home/airflow/.local/lib/python3.8/site-packages/airflow/example_dags/example_local_kubernetes_executor.py
[2026-07-12T09:17:36.060+0000] {processor.py:840} INFO - DAG(s) 'example_local_kubernetes_executor' retrieved from /home/airflow/.local/lib/python3.8/site-packages/airflow/example_dags/example_local_kubernetes_executor.py
[2026-07-12T09:17:36.089+0000] {logging_mixin.py:188} INFO - [2026-07-12T09:17:36.089+0000] {dag.py:3036} INFO - Sync 1 DAGs
[2026-07-12T09:17:36.099+0000] {logging_mixin.py:188} INFO - [2026-07-12T09:17:36.099+0000] {dag.py:3823} INFO - Setting next_dagrun for example_local_kubernetes_executor to None, run_after=None
[2026-07-12T09:17:36.113+0000] {processor.py:183} INFO - Processing /home/airflow/.local/lib/python3.8/site-packages/airflow/example_dags/example_local_kubernetes_executor.py took 0.064 seconds
[2026-07-12T09:18:06.229+0000] {processor.py:161} INFO - Started process (PID=1963) to work on /home/airflow/.local/lib/python3.8/site-packages/airflow/example_dags/example_local_kubernetes_executor.py
[2026-07-12T09:18:06.230+0000] {processor.py:830} INFO - Processing file /home/airflow/.local/lib/python3.8/site-packages/airflow/example_dags/example_local_kubernetes_executor.py for tasks to queue
[2026-07-12T09:18:06.231+0000] {logging_mixin.py:188} INFO - [2026-07-12T09:18:06.231+0000] {dagbag.py:538} INFO - Filling up the DagBag from /home/airflow/.local/lib/python3.8/site-packages/airflow/example_dags/example_local_kubernetes_executor.py
[2026-07-12T09:18:06.237+0000] {processor.py:840} INFO - DAG(s) 'example_local_kubernetes_executor' retrieved from /home/airflow/.local/lib/python3.8/site-packages/airflow/example_dags/example_local_kubernetes_executor.py
[2026-07-12T09:18:06.262+0000] {logging_mixin.py:188} INFO - [2026-07-12T09:18:06.262+0000] {dag.py:3036} INFO - Sync 1 DAGs
[2026-07-12T09:18:06.270+0000] {logging_mixin.py:188} INFO - [2026-07-12T09:18:06.269+0000] {dag.py:3823} INFO - Setting next_dagrun for example_local_kubernetes_executor to None, run_after=None
[2026-07-12T09:18:06.286+0000] {processor.py:183} INFO - Processing /home/airflow/.local/lib/python3.8/site-packages/airflow/example_dags/example_local_kubernetes_executor.py took 0.060 seconds
[2026-07-12T09:18:36.643+0000] {processor.py:161} INFO - Started process (PID=2018) to work on /home/airflow/.local/lib/python3.8/site-packages/airflow/example_dags/example_local_kubernetes_executor.py
[2026-07-12T09:18:36.644+0000] {processor.py:830} INFO - Processing file /home/airflow/.local/lib/python3.8/site-packages/airflow/example_dags/example_local_kubernetes_executor.py for tasks to queue
[2026-07-12T09:18:36.645+0000] {logging_mixin.py:188} INFO - [2026-07-12T09:18:36.645+0000] {dagbag.py:538} INFO - Filling up the DagBag from /home/airflow/.local/lib/python3.8/site-packages/airflow/example_dags/example_local_kubernetes_executor.py
[2026-07-12T09:18:36.653+0000] {processor.py:840} INFO - DAG(s) 'example_local_kubernetes_executor' retrieved from /home/airflow/.local/lib/python3.8/site-packages/airflow/example_dags/example_local_kubernetes_executor.py
[2026-07-12T09:18:36.678+0000] {logging_mixin.py:188} INFO - [2026-07-12T09:18:36.678+0000] {dag.py:3036} INFO - Sync 1 DAGs
[2026-07-12T09:18:36.687+0000] {logging_mixin.py:188} INFO - [2026-07-12T09:18:36.687+0000] {dag.py:3823} INFO - Setting next_dagrun for example_local_kubernetes_executor to None, run_after=None
[2026-07-12T09:18:36.701+0000] {processor.py:183} INFO - Processing /home/airflow/.local/lib/python3.8/site-packages/airflow/example_dags/example_local_kubernetes_executor.py took 0.061 seconds
[2026-07-12T09:19:07.054+0000] {processor.py:161} INFO - Started process (PID=2073) to work on /home/airflow/.local/lib/python3.8/site-packages/airflow/example_dags/example_local_kubernetes_executor.py
[2026-07-12T09:19:07.055+0000] {processor.py:830} INFO - Processing file /home/airflow/.local/lib/python3.8/site-packages/airflow/example_dags/example_local_kubernetes_executor.py for tasks to queue
[2026-07-12T09:19:07.056+0000] {logging_mixin.py:188} INFO - [2026-07-12T09:19:07.056+0000] {dagbag.py:538} INFO - Filling up the DagBag from /home/airflow/.local/lib/python3.8/site-packages/airflow/example_dags/example_local_kubernetes_executor.py
[2026-07-12T09:19:07.063+0000] {processor.py:840} INFO - DAG(s) 'example_local_kubernetes_executor' retrieved from /home/airflow/.local/lib/python3.8/site-packages/airflow/example_dags/example_local_kubernetes_executor.py
[2026-07-12T09:19:07.092+0000] {logging_mixin.py:188} INFO - [2026-07-12T09:19:07.092+0000] {dag.py:3036} INFO - Sync 1 DAGs
[2026-07-12T09:19:07.102+0000] {logging_mixin.py:188} INFO - [2026-07-12T09:19:07.102+0000] {dag.py:3823} INFO - Setting next_dagrun for example_local_kubernetes_executor to None, run_after=None
[2026-07-12T09:19:07.116+0000] {processor.py:183} INFO - Processing /home/airflow/.local/lib/python3.8/site-packages/airflow/example_dags/example_local_kubernetes_executor.py took 0.065 seconds
[2026-07-12T09:19:37.373+0000] {processor.py:161} INFO - Started process (PID=2128) to work on /home/airflow/.local/lib/python3.8/site-packages/airflow/example_dags/example_local_kubernetes_executor.py
[2026-07-12T09:19:37.374+0000] {processor.py:830} INFO - Processing file /home/airflow/.local/lib/python3.8/site-packages/airflow/example_dags/example_local_kubernetes_executor.py for tasks to queue
[2026-07-12T09:19:37.376+0000] {logging_mixin.py:188} INFO - [2026-07-12T09:19:37.375+0000] {dagbag.py:538} INFO - Filling up the DagBag from /home/airflow/.local/lib/python3.8/site-packages/airflow/example_dags/example_local_kubernetes_executor.py
[2026-07-12T09:19:37.382+0000] {processor.py:840} INFO - DAG(s) 'example_local_kubernetes_executor' retrieved from /home/airflow/.local/lib/python3.8/site-packages/airflow/example_dags/example_local_kubernetes_executor.py
[2026-07-12T09:19:37.408+0000] {logging_mixin.py:188} INFO - [2026-07-12T09:19:37.408+0000] {dag.py:3036} INFO - Sync 1 DAGs
[2026-07-12T09:19:37.416+0000] {logging_mixin.py:188} INFO - [2026-07-12T09:19:37.416+0000] {dag.py:3823} INFO - Setting next_dagrun for example_local_kubernetes_executor to None, run_after=None
[2026-07-12T09:19:37.429+0000] {processor.py:183} INFO - Processing /home/airflow/.local/lib/python3.8/site-packages/airflow/example_dags/example_local_kubernetes_executor.py took 0.059 seconds
[2026-07-12T09:20:07.696+0000] {processor.py:161} INFO - Started process (PID=2183) to work on /home/airflow/.local/lib/python3.8/site-packages/airflow/example_dags/example_local_kubernetes_executor.py
[2026-07-12T09:20:07.697+0000] {processor.py:830} INFO - Processing file /home/airflow/.local/lib/python3.8/site-packages/airflow/example_dags/example_local_kubernetes_executor.py for tasks to queue
[2026-07-12T09:20:07.698+0000] {logging_mixin.py:188} INFO - [2026-07-12T09:20:07.698+0000] {dagbag.py:538} INFO - Filling up the DagBag from /home/airflow/.local/lib/python3.8/site-packages/airflow/example_dags/example_local_kubernetes_executor.py
[2026-07-12T09:20:07.705+0000] {processor.py:840} INFO - DAG(s) 'example_local_kubernetes_executor' retrieved from /home/airflow/.local/lib/python3.8/site-packages/airflow/example_dags/example_local_kubernetes_executor.py
[2026-07-12T09:20:07.731+0000] {logging_mixin.py:188} INFO - [2026-07-12T09:20:07.731+0000] {dag.py:3036} INFO - Sync 1 DAGs
[2026-07-12T09:20:07.742+0000] {logging_mixin.py:188} INFO - [2026-07-12T09:20:07.742+0000] {dag.py:3823} INFO - Setting next_dagrun for example_local_kubernetes_executor to None, run_after=None
[2026-07-12T09:20:07.758+0000] {processor.py:183} INFO - Processing /home/airflow/.local/lib/python3.8/site-packages/airflow/example_dags/example_local_kubernetes_executor.py took 0.066 seconds
[2026-07-12T09:20:37.846+0000] {processor.py:161} INFO - Started process (PID=2238) to work on /home/airflow/.local/lib/python3.8/site-packages/airflow/example_dags/example_local_kubernetes_executor.py
[2026-07-12T09:20:37.847+0000] {processor.py:830} INFO - Processing file /home/airflow/.local/lib/python3.8/site-packages/airflow/example_dags/example_local_kubernetes_executor.py for tasks to queue
[2026-07-12T09:20:37.848+0000] {logging_mixin.py:188} INFO - [2026-07-12T09:20:37.848+0000] {dagbag.py:538} INFO - Filling up the DagBag from /home/airflow/.local/lib/python3.8/site-packages/airflow/example_dags/example_local_kubernetes_executor.py
[2026-07-12T09:20:37.855+0000] {processor.py:840} INFO - DAG(s) 'example_local_kubernetes_executor' retrieved from /home/airflow/.local/lib/python3.8/site-packages/airflow/example_dags/example_local_kubernetes_executor.py
[2026-07-12T09:20:37.881+0000] {logging_mixin.py:188} INFO - [2026-07-12T09:20:37.881+0000] {dag.py:3036} INFO - Sync 1 DAGs
[2026-07-12T09:20:37.890+0000] {logging_mixin.py:188} INFO - [2026-07-12T09:20:37.889+0000] {dag.py:3823} INFO - Setting next_dagrun for example_local_kubernetes_executor to None, run_after=None
[2026-07-12T09:20:37.905+0000] {processor.py:183} INFO - Processing /home/airflow/.local/lib/python3.8/site-packages/airflow/example_dags/example_local_kubernetes_executor.py took 0.061 seconds
[2026-07-12T09:21:08.263+0000] {processor.py:161} INFO - Started process (PID=2293) to work on /home/airflow/.local/lib/python3.8/site-packages/airflow/example_dags/example_local_kubernetes_executor.py
[2026-07-12T09:21:08.265+0000] {processor.py:830} INFO - Processing file /home/airflow/.local/lib/python3.8/site-packages/airflow/example_dags/example_local_kubernetes_executor.py for tasks to queue
[2026-07-12T09:21:08.266+0000] {logging_mixin.py:188} INFO - [2026-07-12T09:21:08.266+0000] {dagbag.py:538} INFO - Filling up the DagBag from /home/airflow/.local/lib/python3.8/site-packages/airflow/example_dags/example_local_kubernetes_executor.py
[2026-07-12T09:21:08.272+0000] {processor.py:840} INFO - DAG(s) 'example_local_kubernetes_executor' retrieved from /home/airflow/.local/lib/python3.8/site-packages/airflow/example_dags/example_local_kubernetes_executor.py
[2026-07-12T09:21:08.298+0000] {logging_mixin.py:188} INFO - [2026-07-12T09:21:08.297+0000] {dag.py:3036} INFO - Sync 1 DAGs
[2026-07-12T09:21:08.305+0000] {logging_mixin.py:188} INFO - [2026-07-12T09:21:08.305+0000] {dag.py:3823} INFO - Setting next_dagrun for example_local_kubernetes_executor to None, run_after=None
[2026-07-12T09:21:08.318+0000] {processor.py:183} INFO - Processing /home/airflow/.local/lib/python3.8/site-packages/airflow/example_dags/example_local_kubernetes_executor.py took 0.059 seconds
[2026-07-12T09:21:39.220+0000] {processor.py:161} INFO - Started process (PID=2348) to work on /home/airflow/.local/lib/python3.8/site-packages/airflow/example_dags/example_local_kubernetes_executor.py
[2026-07-12T09:21:39.222+0000] {processor.py:830} INFO - Processing file /home/airflow/.local/lib/python3.8/site-packages/airflow/example_dags/example_local_kubernetes_executor.py for tasks to queue
[2026-07-12T09:21:39.223+0000] {logging_mixin.py:188} INFO - [2026-07-12T09:21:39.223+0000] {dagbag.py:538} INFO - Filling up the DagBag from /home/airflow/.local/lib/python3.8/site-packages/airflow/example_dags/example_local_kubernetes_executor.py
[2026-07-12T09:21:39.230+0000] {processor.py:840} INFO - DAG(s) 'example_local_kubernetes_executor' retrieved from /home/airflow/.local/lib/python3.8/site-packages/airflow/example_dags/example_local_kubernetes_executor.py
[2026-07-12T09:21:39.255+0000] {logging_mixin.py:188} INFO - [2026-07-12T09:21:39.255+0000] {dag.py:3036} INFO - Sync 1 DAGs
[2026-07-12T09:21:39.264+0000] {logging_mixin.py:188} INFO - [2026-07-12T09:21:39.264+0000] {dag.py:3823} INFO - Setting next_dagrun for example_local_kubernetes_executor to None, run_after=None
[2026-07-12T09:21:39.278+0000] {processor.py:183} INFO - Processing /home/airflow/.local/lib/python3.8/site-packages/airflow/example_dags/example_local_kubernetes_executor.py took 0.061 seconds
[2026-07-12T09:22:09.587+0000] {processor.py:161} INFO - Started process (PID=2403) to work on /home/airflow/.local/lib/python3.8/site-packages/airflow/example_dags/example_local_kubernetes_executor.py
[2026-07-12T09:22:09.588+0000] {processor.py:830} INFO - Processing file /home/airflow/.local/lib/python3.8/site-packages/airflow/example_dags/example_local_kubernetes_executor.py for tasks to queue
[2026-07-12T09:22:09.589+0000] {logging_mixin.py:188} INFO - [2026-07-12T09:22:09.589+0000] {dagbag.py:538} INFO - Filling up the DagBag from /home/airflow/.local/lib/python3.8/site-packages/airflow/example_dags/example_local_kubernetes_executor.py
[2026-07-12T09:22:09.597+0000] {processor.py:840} INFO - DAG(s) 'example_local_kubernetes_executor' retrieved from /home/airflow/.local/lib/python3.8/site-packages/airflow/example_dags/example_local_kubernetes_executor.py
[2026-07-12T09:22:09.621+0000] {logging_mixin.py:188} INFO - [2026-07-12T09:22:09.621+0000] {dag.py:3036} INFO - Sync 1 DAGs
[2026-07-12T09:22:09.630+0000] {logging_mixin.py:188} INFO - [2026-07-12T09:22:09.629+0000] {dag.py:3823} INFO - Setting next_dagrun for example_local_kubernetes_executor to None, run_after=None
[2026-07-12T09:22:09.643+0000] {processor.py:183} INFO - Processing /home/airflow/.local/lib/python3.8/site-packages/airflow/example_dags/example_local_kubernetes_executor.py took 0.059 seconds
[2026-07-12T09:22:39.736+0000] {processor.py:161} INFO - Started process (PID=2458) to work on /home/airflow/.local/lib/python3.8/site-packages/airflow/example_dags/example_local_kubernetes_executor.py
[2026-07-12T09:22:39.737+0000] {processor.py:830} INFO - Processing file /home/airflow/.local/lib/python3.8/site-packages/airflow/example_dags/example_local_kubernetes_executor.py for tasks to queue
[2026-07-12T09:22:39.739+0000] {logging_mixin.py:188} INFO - [2026-07-12T09:22:39.739+0000] {dagbag.py:538} INFO - Filling up the DagBag from /home/airflow/.local/lib/python3.8/site-packages/airflow/example_dags/example_local_kubernetes_executor.py
[2026-07-12T09:22:39.745+0000] {processor.py:840} INFO - DAG(s) 'example_local_kubernetes_executor' retrieved from /home/airflow/.local/lib/python3.8/site-packages/airflow/example_dags/example_local_kubernetes_executor.py
[2026-07-12T09:22:39.771+0000] {logging_mixin.py:188} INFO - [2026-07-12T09:22:39.770+0000] {dag.py:3036} INFO - Sync 1 DAGs
[2026-07-12T09:22:39.779+0000] {logging_mixin.py:188} INFO - [2026-07-12T09:22:39.778+0000] {dag.py:3823} INFO - Setting next_dagrun for example_local_kubernetes_executor to None, run_after=None
[2026-07-12T09:22:39.792+0000] {processor.py:183} INFO - Processing /home/airflow/.local/lib/python3.8/site-packages/airflow/example_dags/example_local_kubernetes_executor.py took 0.059 seconds
[2026-07-12T09:23:10.173+0000] {processor.py:161} INFO - Started process (PID=2513) to work on /home/airflow/.local/lib/python3.8/site-packages/airflow/example_dags/example_local_kubernetes_executor.py
[2026-07-12T09:23:10.174+0000] {processor.py:830} INFO - Processing file /home/airflow/.local/lib/python3.8/site-packages/airflow/example_dags/example_local_kubernetes_executor.py for tasks to queue
[2026-07-12T09:23:10.176+0000] {logging_mixin.py:188} INFO - [2026-07-12T09:23:10.175+0000] {dagbag.py:538} INFO - Filling up the DagBag from /home/airflow/.local/lib/python3.8/site-packages/airflow/example_dags/example_local_kubernetes_executor.py
[2026-07-12T09:23:10.183+0000] {processor.py:840} INFO - DAG(s) 'example_local_kubernetes_executor' retrieved from /home/airflow/.local/lib/python3.8/site-packages/airflow/example_dags/example_local_kubernetes_executor.py
[2026-07-12T09:23:10.209+0000] {logging_mixin.py:188} INFO - [2026-07-12T09:23:10.208+0000] {dag.py:3036} INFO - Sync 1 DAGs
[2026-07-12T09:23:10.217+0000] {logging_mixin.py:188} INFO - [2026-07-12T09:23:10.217+0000] {dag.py:3823} INFO - Setting next_dagrun for example_local_kubernetes_executor to None, run_after=None
[2026-07-12T09:23:10.240+0000] {processor.py:183} INFO - Processing /home/airflow/.local/lib/python3.8/site-packages/airflow/example_dags/example_local_kubernetes_executor.py took 0.069 seconds
[2026-07-12T09:23:40.516+0000] {processor.py:161} INFO - Started process (PID=2568) to work on /home/airflow/.local/lib/python3.8/site-packages/airflow/example_dags/example_local_kubernetes_executor.py
[2026-07-12T09:23:40.517+0000] {processor.py:830} INFO - Processing file /home/airflow/.local/lib/python3.8/site-packages/airflow/example_dags/example_local_kubernetes_executor.py for tasks to queue
[2026-07-12T09:23:40.519+0000] {logging_mixin.py:188} INFO - [2026-07-12T09:23:40.519+0000] {dagbag.py:538} INFO - Filling up the DagBag from /home/airflow/.local/lib/python3.8/site-packages/airflow/example_dags/example_local_kubernetes_executor.py
[2026-07-12T09:23:40.528+0000] {processor.py:840} INFO - DAG(s) 'example_local_kubernetes_executor' retrieved from /home/airflow/.local/lib/python3.8/site-packages/airflow/example_dags/example_local_kubernetes_executor.py
[2026-07-12T09:23:40.562+0000] {logging_mixin.py:188} INFO - [2026-07-12T09:23:40.562+0000] {dag.py:3036} INFO - Sync 1 DAGs
[2026-07-12T09:23:40.572+0000] {logging_mixin.py:188} INFO - [2026-07-12T09:23:40.572+0000] {dag.py:3823} INFO - Setting next_dagrun for example_local_kubernetes_executor to None, run_after=None
[2026-07-12T09:23:40.601+0000] {processor.py:183} INFO - Processing /home/airflow/.local/lib/python3.8/site-packages/airflow/example_dags/example_local_kubernetes_executor.py took 0.089 seconds
[2026-07-12T09:24:10.999+0000] {processor.py:161} INFO - Started process (PID=2623) to work on /home/airflow/.local/lib/python3.8/site-packages/airflow/example_dags/example_local_kubernetes_executor.py
[2026-07-12T09:24:11.000+0000] {processor.py:830} INFO - Processing file /home/airflow/.local/lib/python3.8/site-packages/airflow/example_dags/example_local_kubernetes_executor.py for tasks to queue
[2026-07-12T09:24:11.002+0000] {logging_mixin.py:188} INFO - [2026-07-12T09:24:11.002+0000] {dagbag.py:538} INFO - Filling up the DagBag from /home/airflow/.local/lib/python3.8/site-packages/airflow/example_dags/example_local_kubernetes_executor.py
[2026-07-12T09:24:11.009+0000] {processor.py:840} INFO - DAG(s) 'example_local_kubernetes_executor' retrieved from /home/airflow/.local/lib/python3.8/site-packages/airflow/example_dags/example_local_kubernetes_executor.py
[2026-07-12T09:24:11.066+0000] {logging_mixin.py:188} INFO - [2026-07-12T09:24:11.065+0000] {dag.py:3036} INFO - Sync 1 DAGs
[2026-07-12T09:24:11.082+0000] {logging_mixin.py:188} INFO - [2026-07-12T09:24:11.081+0000] {dag.py:3823} INFO - Setting next_dagrun for example_local_kubernetes_executor to None, run_after=None
[2026-07-12T09:24:11.116+0000] {processor.py:183} INFO - Processing /home/airflow/.local/lib/python3.8/site-packages/airflow/example_dags/example_local_kubernetes_executor.py took 0.120 seconds
[2026-07-12T09:24:52.070+0000] {processor.py:161} INFO - Started process (PID=2678) to work on /home/airflow/.local/lib/python3.8/site-packages/airflow/example_dags/example_local_kubernetes_executor.py
[2026-07-12T09:24:52.089+0000] {processor.py:830} INFO - Processing file /home/airflow/.local/lib/python3.8/site-packages/airflow/example_dags/example_local_kubernetes_executor.py for tasks to queue
[2026-07-12T09:24:52.095+0000] {logging_mixin.py:188} INFO - [2026-07-12T09:24:52.094+0000] {dagbag.py:538} INFO - Filling up the DagBag from /home/airflow/.local/lib/python3.8/site-packages/airflow/example_dags/example_local_kubernetes_executor.py
[2026-07-12T09:24:52.119+0000] {processor.py:840} INFO - DAG(s) 'example_local_kubernetes_executor' retrieved from /home/airflow/.local/lib/python3.8/site-packages/airflow/example_dags/example_local_kubernetes_executor.py
[2026-07-12T09:24:52.237+0000] {logging_mixin.py:188} INFO - [2026-07-12T09:24:52.237+0000] {dag.py:3036} INFO - Sync 1 DAGs
[2026-07-12T09:24:52.245+0000] {logging_mixin.py:188} INFO - [2026-07-12T09:24:52.245+0000] {dag.py:3823} INFO - Setting next_dagrun for example_local_kubernetes_executor to None, run_after=None
[2026-07-12T09:24:52.284+0000] {processor.py:183} INFO - Processing /home/airflow/.local/lib/python3.8/site-packages/airflow/example_dags/example_local_kubernetes_executor.py took 0.223 seconds
[2026-07-12T09:29:16.176+0000] {processor.py:161} INFO - Started process (PID=97) to work on /home/airflow/.local/lib/python3.8/site-packages/airflow/example_dags/example_local_kubernetes_executor.py
[2026-07-12T09:29:16.177+0000] {processor.py:830} INFO - Processing file /home/airflow/.local/lib/python3.8/site-packages/airflow/example_dags/example_local_kubernetes_executor.py for tasks to queue
[2026-07-12T09:29:16.179+0000] {logging_mixin.py:188} INFO - [2026-07-12T09:29:16.179+0000] {dagbag.py:538} INFO - Filling up the DagBag from /home/airflow/.local/lib/python3.8/site-packages/airflow/example_dags/example_local_kubernetes_executor.py
[2026-07-12T09:29:16.186+0000] {processor.py:840} INFO - DAG(s) 'example_local_kubernetes_executor' retrieved from /home/airflow/.local/lib/python3.8/site-packages/airflow/example_dags/example_local_kubernetes_executor.py
[2026-07-12T09:29:16.216+0000] {logging_mixin.py:188} INFO - [2026-07-12T09:29:16.216+0000] {dag.py:3036} INFO - Sync 1 DAGs
[2026-07-12T09:29:16.228+0000] {logging_mixin.py:188} INFO - [2026-07-12T09:29:16.228+0000] {dag.py:3823} INFO - Setting next_dagrun for example_local_kubernetes_executor to None, run_after=None
[2026-07-12T09:29:16.247+0000] {processor.py:183} INFO - Processing /home/airflow/.local/lib/python3.8/site-packages/airflow/example_dags/example_local_kubernetes_executor.py took 0.075 seconds
[2026-07-12T10:00:15.916+0000] {processor.py:161} INFO - Started process (PID=92) to work on /home/airflow/.local/lib/python3.8/site-packages/airflow/example_dags/example_local_kubernetes_executor.py
[2026-07-12T10:00:15.921+0000] {processor.py:830} INFO - Processing file /home/airflow/.local/lib/python3.8/site-packages/airflow/example_dags/example_local_kubernetes_executor.py for tasks to queue
[2026-07-12T10:00:15.925+0000] {logging_mixin.py:188} INFO - [2026-07-12T10:00:15.924+0000] {dagbag.py:538} INFO - Filling up the DagBag from /home/airflow/.local/lib/python3.8/site-packages/airflow/example_dags/example_local_kubernetes_executor.py
[2026-07-12T10:00:15.943+0000] {processor.py:840} INFO - DAG(s) 'example_local_kubernetes_executor' retrieved from /home/airflow/.local/lib/python3.8/site-packages/airflow/example_dags/example_local_kubernetes_executor.py
[2026-07-12T10:00:15.969+0000] {logging_mixin.py:188} INFO - [2026-07-12T10:00:15.968+0000] {dag.py:3036} INFO - Sync 1 DAGs
[2026-07-12T10:00:15.985+0000] {logging_mixin.py:188} INFO - [2026-07-12T10:00:15.984+0000] {dag.py:3823} INFO - Setting next_dagrun for example_local_kubernetes_executor to None, run_after=None
[2026-07-12T10:00:16.009+0000] {processor.py:183} INFO - Processing /home/airflow/.local/lib/python3.8/site-packages/airflow/example_dags/example_local_kubernetes_executor.py took 0.100 seconds
[2026-07-12T10:00:46.399+0000] {processor.py:161} INFO - Started process (PID=149) to work on /home/airflow/.local/lib/python3.8/site-packages/airflow/example_dags/example_local_kubernetes_executor.py
[2026-07-12T10:00:46.400+0000] {processor.py:830} INFO - Processing file /home/airflow/.local/lib/python3.8/site-packages/airflow/example_dags/example_local_kubernetes_executor.py for tasks to queue
[2026-07-12T10:00:46.402+0000] {logging_mixin.py:188} INFO - [2026-07-12T10:00:46.401+0000] {dagbag.py:538} INFO - Filling up the DagBag from /home/airflow/.local/lib/python3.8/site-packages/airflow/example_dags/example_local_kubernetes_executor.py
[2026-07-12T10:00:46.409+0000] {processor.py:840} INFO - DAG(s) 'example_local_kubernetes_executor' retrieved from /home/airflow/.local/lib/python3.8/site-packages/airflow/example_dags/example_local_kubernetes_executor.py
[2026-07-12T10:00:46.481+0000] {logging_mixin.py:188} INFO - [2026-07-12T10:00:46.481+0000] {dag.py:3036} INFO - Sync 1 DAGs
[2026-07-12T10:00:46.488+0000] {logging_mixin.py:188} INFO - [2026-07-12T10:00:46.487+0000] {dag.py:3823} INFO - Setting next_dagrun for example_local_kubernetes_executor to None, run_after=None
[2026-07-12T10:00:46.502+0000] {processor.py:183} INFO - Processing /home/airflow/.local/lib/python3.8/site-packages/airflow/example_dags/example_local_kubernetes_executor.py took 0.105 seconds
[2026-07-12T10:01:16.890+0000] {processor.py:161} INFO - Started process (PID=205) to work on /home/airflow/.local/lib/python3.8/site-packages/airflow/example_dags/example_local_kubernetes_executor.py
[2026-07-12T10:01:16.892+0000] {processor.py:830} INFO - Processing file /home/airflow/.local/lib/python3.8/site-packages/airflow/example_dags/example_local_kubernetes_executor.py for tasks to queue
[2026-07-12T10:01:16.893+0000] {logging_mixin.py:188} INFO - [2026-07-12T10:01:16.893+0000] {dagbag.py:538} INFO - Filling up the DagBag from /home/airflow/.local/lib/python3.8/site-packages/airflow/example_dags/example_local_kubernetes_executor.py
[2026-07-12T10:01:16.900+0000] {processor.py:840} INFO - DAG(s) 'example_local_kubernetes_executor' retrieved from /home/airflow/.local/lib/python3.8/site-packages/airflow/example_dags/example_local_kubernetes_executor.py
[2026-07-12T10:01:16.932+0000] {logging_mixin.py:188} INFO - [2026-07-12T10:01:16.931+0000] {dag.py:3036} INFO - Sync 1 DAGs
[2026-07-12T10:01:16.953+0000] {logging_mixin.py:188} INFO - [2026-07-12T10:01:16.953+0000] {dag.py:3823} INFO - Setting next_dagrun for example_local_kubernetes_executor to None, run_after=None
[2026-07-12T10:01:16.969+0000] {processor.py:183} INFO - Processing /home/airflow/.local/lib/python3.8/site-packages/airflow/example_dags/example_local_kubernetes_executor.py took 0.081 seconds
[2026-07-12T10:01:47.248+0000] {processor.py:161} INFO - Started process (PID=261) to work on /home/airflow/.local/lib/python3.8/site-packages/airflow/example_dags/example_local_kubernetes_executor.py
[2026-07-12T10:01:47.249+0000] {processor.py:830} INFO - Processing file /home/airflow/.local/lib/python3.8/site-packages/airflow/example_dags/example_local_kubernetes_executor.py for tasks to queue
[2026-07-12T10:01:47.251+0000] {logging_mixin.py:188} INFO - [2026-07-12T10:01:47.250+0000] {dagbag.py:538} INFO - Filling up the DagBag from /home/airflow/.local/lib/python3.8/site-packages/airflow/example_dags/example_local_kubernetes_executor.py
[2026-07-12T10:01:47.258+0000] {processor.py:840} INFO - DAG(s) 'example_local_kubernetes_executor' retrieved from /home/airflow/.local/lib/python3.8/site-packages/airflow/example_dags/example_local_kubernetes_executor.py
[2026-07-12T10:01:47.283+0000] {logging_mixin.py:188} INFO - [2026-07-12T10:01:47.282+0000] {dag.py:3036} INFO - Sync 1 DAGs
[2026-07-12T10:01:47.291+0000] {logging_mixin.py:188} INFO - [2026-07-12T10:01:47.291+0000] {dag.py:3823} INFO - Setting next_dagrun for example_local_kubernetes_executor to None, run_after=None
[2026-07-12T10:01:47.305+0000] {processor.py:183} INFO - Processing /home/airflow/.local/lib/python3.8/site-packages/airflow/example_dags/example_local_kubernetes_executor.py took 0.059 seconds
[2026-07-12T10:02:17.405+0000] {processor.py:161} INFO - Started process (PID=317) to work on /home/airflow/.local/lib/python3.8/site-packages/airflow/example_dags/example_local_kubernetes_executor.py
[2026-07-12T10:02:17.406+0000] {processor.py:830} INFO - Processing file /home/airflow/.local/lib/python3.8/site-packages/airflow/example_dags/example_local_kubernetes_executor.py for tasks to queue
[2026-07-12T10:02:17.407+0000] {logging_mixin.py:188} INFO - [2026-07-12T10:02:17.407+0000] {dagbag.py:538} INFO - Filling up the DagBag from /home/airflow/.local/lib/python3.8/site-packages/airflow/example_dags/example_local_kubernetes_executor.py
[2026-07-12T10:02:17.413+0000] {processor.py:840} INFO - DAG(s) 'example_local_kubernetes_executor' retrieved from /home/airflow/.local/lib/python3.8/site-packages/airflow/example_dags/example_local_kubernetes_executor.py
[2026-07-12T10:02:17.437+0000] {logging_mixin.py:188} INFO - [2026-07-12T10:02:17.437+0000] {dag.py:3036} INFO - Sync 1 DAGs
[2026-07-12T10:02:17.447+0000] {logging_mixin.py:188} INFO - [2026-07-12T10:02:17.447+0000] {dag.py:3823} INFO - Setting next_dagrun for example_local_kubernetes_executor to None, run_after=None
[2026-07-12T10:02:17.461+0000] {processor.py:183} INFO - Processing /home/airflow/.local/lib/python3.8/site-packages/airflow/example_dags/example_local_kubernetes_executor.py took 0.059 seconds
[2026-07-12T10:02:47.531+0000] {processor.py:161} INFO - Started process (PID=367) to work on /home/airflow/.local/lib/python3.8/site-packages/airflow/example_dags/example_local_kubernetes_executor.py
[2026-07-12T10:02:47.532+0000] {processor.py:830} INFO - Processing file /home/airflow/.local/lib/python3.8/site-packages/airflow/example_dags/example_local_kubernetes_executor.py for tasks to queue
[2026-07-12T10:02:47.534+0000] {logging_mixin.py:188} INFO - [2026-07-12T10:02:47.533+0000] {dagbag.py:538} INFO - Filling up the DagBag from /home/airflow/.local/lib/python3.8/site-packages/airflow/example_dags/example_local_kubernetes_executor.py
[2026-07-12T10:02:47.541+0000] {processor.py:840} INFO - DAG(s) 'example_local_kubernetes_executor' retrieved from /home/airflow/.local/lib/python3.8/site-packages/airflow/example_dags/example_local_kubernetes_executor.py
[2026-07-12T10:02:47.568+0000] {logging_mixin.py:188} INFO - [2026-07-12T10:02:47.568+0000] {dag.py:3036} INFO - Sync 1 DAGs
[2026-07-12T10:02:47.577+0000] {logging_mixin.py:188} INFO - [2026-07-12T10:02:47.577+0000] {dag.py:3823} INFO - Setting next_dagrun for example_local_kubernetes_executor to None, run_after=None
[2026-07-12T10:02:47.592+0000] {processor.py:183} INFO - Processing /home/airflow/.local/lib/python3.8/site-packages/airflow/example_dags/example_local_kubernetes_executor.py took 0.064 seconds
[2026-07-12T10:03:17.682+0000] {processor.py:161} INFO - Started process (PID=423) to work on /home/airflow/.local/lib/python3.8/site-packages/airflow/example_dags/example_local_kubernetes_executor.py
[2026-07-12T10:03:17.683+0000] {processor.py:830} INFO - Processing file /home/airflow/.local/lib/python3.8/site-packages/airflow/example_dags/example_local_kubernetes_executor.py for tasks to queue
[2026-07-12T10:03:17.685+0000] {logging_mixin.py:188} INFO - [2026-07-12T10:03:17.685+0000] {dagbag.py:538} INFO - Filling up the DagBag from /home/airflow/.local/lib/python3.8/site-packages/airflow/example_dags/example_local_kubernetes_executor.py
[2026-07-12T10:03:17.692+0000] {processor.py:840} INFO - DAG(s) 'example_local_kubernetes_executor' retrieved from /home/airflow/.local/lib/python3.8/site-packages/airflow/example_dags/example_local_kubernetes_executor.py
[2026-07-12T10:03:17.717+0000] {logging_mixin.py:188} INFO - [2026-07-12T10:03:17.717+0000] {dag.py:3036} INFO - Sync 1 DAGs
[2026-07-12T10:03:17.726+0000] {logging_mixin.py:188} INFO - [2026-07-12T10:03:17.726+0000] {dag.py:3823} INFO - Setting next_dagrun for example_local_kubernetes_executor to None, run_after=None
[2026-07-12T10:03:17.741+0000] {processor.py:183} INFO - Processing /home/airflow/.local/lib/python3.8/site-packages/airflow/example_dags/example_local_kubernetes_executor.py took 0.062 seconds
[2026-07-12T10:03:48.166+0000] {processor.py:161} INFO - Started process (PID=479) to work on /home/airflow/.local/lib/python3.8/site-packages/airflow/example_dags/example_local_kubernetes_executor.py
[2026-07-12T10:03:48.168+0000] {processor.py:830} INFO - Processing file /home/airflow/.local/lib/python3.8/site-packages/airflow/example_dags/example_local_kubernetes_executor.py for tasks to queue
[2026-07-12T10:03:48.170+0000] {logging_mixin.py:188} INFO - [2026-07-12T10:03:48.169+0000] {dagbag.py:538} INFO - Filling up the DagBag from /home/airflow/.local/lib/python3.8/site-packages/airflow/example_dags/example_local_kubernetes_executor.py
[2026-07-12T10:03:48.179+0000] {processor.py:840} INFO - DAG(s) 'example_local_kubernetes_executor' retrieved from /home/airflow/.local/lib/python3.8/site-packages/airflow/example_dags/example_local_kubernetes_executor.py
[2026-07-12T10:03:48.211+0000] {logging_mixin.py:188} INFO - [2026-07-12T10:03:48.211+0000] {dag.py:3036} INFO - Sync 1 DAGs
[2026-07-12T10:03:48.222+0000] {logging_mixin.py:188} INFO - [2026-07-12T10:03:48.222+0000] {dag.py:3823} INFO - Setting next_dagrun for example_local_kubernetes_executor to None, run_after=None
[2026-07-12T10:03:48.244+0000] {processor.py:183} INFO - Processing /home/airflow/.local/lib/python3.8/site-packages/airflow/example_dags/example_local_kubernetes_executor.py took 0.082 seconds
[2026-07-12T10:04:18.647+0000] {processor.py:161} INFO - Started process (PID=535) to work on /home/airflow/.local/lib/python3.8/site-packages/airflow/example_dags/example_local_kubernetes_executor.py
[2026-07-12T10:04:18.648+0000] {processor.py:830} INFO - Processing file /home/airflow/.local/lib/python3.8/site-packages/airflow/example_dags/example_local_kubernetes_executor.py for tasks to queue
[2026-07-12T10:04:18.650+0000] {logging_mixin.py:188} INFO - [2026-07-12T10:04:18.650+0000] {dagbag.py:538} INFO - Filling up the DagBag from /home/airflow/.local/lib/python3.8/site-packages/airflow/example_dags/example_local_kubernetes_executor.py
[2026-07-12T10:04:18.659+0000] {processor.py:840} INFO - DAG(s) 'example_local_kubernetes_executor' retrieved from /home/airflow/.local/lib/python3.8/site-packages/airflow/example_dags/example_local_kubernetes_executor.py
[2026-07-12T10:04:18.720+0000] {logging_mixin.py:188} INFO - [2026-07-12T10:04:18.720+0000] {dag.py:3036} INFO - Sync 1 DAGs
[2026-07-12T10:04:18.740+0000] {logging_mixin.py:188} INFO - [2026-07-12T10:04:18.740+0000] {dag.py:3823} INFO - Setting next_dagrun for example_local_kubernetes_executor to None, run_after=None
[2026-07-12T10:04:18.758+0000] {processor.py:183} INFO - Processing /home/airflow/.local/lib/python3.8/site-packages/airflow/example_dags/example_local_kubernetes_executor.py took 0.114 seconds
[2026-07-12T10:04:48.796+0000] {processor.py:161} INFO - Started process (PID=592) to work on /home/airflow/.local/lib/python3.8/site-packages/airflow/example_dags/example_local_kubernetes_executor.py
[2026-07-12T10:04:48.797+0000] {processor.py:830} INFO - Processing file /home/airflow/.local/lib/python3.8/site-packages/airflow/example_dags/example_local_kubernetes_executor.py for tasks to queue
[2026-07-12T10:04:48.799+0000] {logging_mixin.py:188} INFO - [2026-07-12T10:04:48.799+0000] {dagbag.py:538} INFO - Filling up the DagBag from /home/airflow/.local/lib/python3.8/site-packages/airflow/example_dags/example_local_kubernetes_executor.py
[2026-07-12T10:04:48.805+0000] {processor.py:840} INFO - DAG(s) 'example_local_kubernetes_executor' retrieved from /home/airflow/.local/lib/python3.8/site-packages/airflow/example_dags/example_local_kubernetes_executor.py
[2026-07-12T10:04:48.829+0000] {logging_mixin.py:188} INFO - [2026-07-12T10:04:48.828+0000] {dag.py:3036} INFO - Sync 1 DAGs
[2026-07-12T10:04:48.837+0000] {logging_mixin.py:188} INFO - [2026-07-12T10:04:48.837+0000] {dag.py:3823} INFO - Setting next_dagrun for example_local_kubernetes_executor to None, run_after=None
[2026-07-12T10:04:48.852+0000] {processor.py:183} INFO - Processing /home/airflow/.local/lib/python3.8/site-packages/airflow/example_dags/example_local_kubernetes_executor.py took 0.058 seconds
[2026-07-12T10:05:18.934+0000] {processor.py:161} INFO - Started process (PID=648) to work on /home/airflow/.local/lib/python3.8/site-packages/airflow/example_dags/example_local_kubernetes_executor.py
[2026-07-12T10:05:18.935+0000] {processor.py:830} INFO - Processing file /home/airflow/.local/lib/python3.8/site-packages/airflow/example_dags/example_local_kubernetes_executor.py for tasks to queue
[2026-07-12T10:05:18.936+0000] {logging_mixin.py:188} INFO - [2026-07-12T10:05:18.936+0000] {dagbag.py:538} INFO - Filling up the DagBag from /home/airflow/.local/lib/python3.8/site-packages/airflow/example_dags/example_local_kubernetes_executor.py
[2026-07-12T10:05:18.942+0000] {processor.py:840} INFO - DAG(s) 'example_local_kubernetes_executor' retrieved from /home/airflow/.local/lib/python3.8/site-packages/airflow/example_dags/example_local_kubernetes_executor.py
[2026-07-12T10:05:18.967+0000] {logging_mixin.py:188} INFO - [2026-07-12T10:05:18.967+0000] {dag.py:3036} INFO - Sync 1 DAGs
[2026-07-12T10:05:18.978+0000] {logging_mixin.py:188} INFO - [2026-07-12T10:05:18.977+0000] {dag.py:3823} INFO - Setting next_dagrun for example_local_kubernetes_executor to None, run_after=None
[2026-07-12T10:05:19.000+0000] {processor.py:183} INFO - Processing /home/airflow/.local/lib/python3.8/site-packages/airflow/example_dags/example_local_kubernetes_executor.py took 0.069 seconds
[2026-07-12T10:05:49.236+0000] {processor.py:161} INFO - Started process (PID=704) to work on /home/airflow/.local/lib/python3.8/site-packages/airflow/example_dags/example_local_kubernetes_executor.py
[2026-07-12T10:05:49.237+0000] {processor.py:830} INFO - Processing file /home/airflow/.local/lib/python3.8/site-packages/airflow/example_dags/example_local_kubernetes_executor.py for tasks to queue
[2026-07-12T10:05:49.239+0000] {logging_mixin.py:188} INFO - [2026-07-12T10:05:49.239+0000] {dagbag.py:538} INFO - Filling up the DagBag from /home/airflow/.local/lib/python3.8/site-packages/airflow/example_dags/example_local_kubernetes_executor.py
[2026-07-12T10:05:49.245+0000] {processor.py:840} INFO - DAG(s) 'example_local_kubernetes_executor' retrieved from /home/airflow/.local/lib/python3.8/site-packages/airflow/example_dags/example_local_kubernetes_executor.py
[2026-07-12T10:05:49.270+0000] {logging_mixin.py:188} INFO - [2026-07-12T10:05:49.270+0000] {dag.py:3036} INFO - Sync 1 DAGs
[2026-07-12T10:05:49.279+0000] {logging_mixin.py:188} INFO - [2026-07-12T10:05:49.278+0000] {dag.py:3823} INFO - Setting next_dagrun for example_local_kubernetes_executor to None, run_after=None
[2026-07-12T10:05:49.293+0000] {processor.py:183} INFO - Processing /home/airflow/.local/lib/python3.8/site-packages/airflow/example_dags/example_local_kubernetes_executor.py took 0.059 seconds
[2026-07-12T10:06:19.390+0000] {processor.py:161} INFO - Started process (PID=760) to work on /home/airflow/.local/lib/python3.8/site-packages/airflow/example_dags/example_local_kubernetes_executor.py
[2026-07-12T10:06:19.391+0000] {processor.py:830} INFO - Processing file /home/airflow/.local/lib/python3.8/site-packages/airflow/example_dags/example_local_kubernetes_executor.py for tasks to queue
[2026-07-12T10:06:19.392+0000] {logging_mixin.py:188} INFO - [2026-07-12T10:06:19.392+0000] {dagbag.py:538} INFO - Filling up the DagBag from /home/airflow/.local/lib/python3.8/site-packages/airflow/example_dags/example_local_kubernetes_executor.py
[2026-07-12T10:06:19.398+0000] {processor.py:840} INFO - DAG(s) 'example_local_kubernetes_executor' retrieved from /home/airflow/.local/lib/python3.8/site-packages/airflow/example_dags/example_local_kubernetes_executor.py
[2026-07-12T10:06:19.422+0000] {logging_mixin.py:188} INFO - [2026-07-12T10:06:19.422+0000] {dag.py:3036} INFO - Sync 1 DAGs
[2026-07-12T10:06:19.430+0000] {logging_mixin.py:188} INFO - [2026-07-12T10:06:19.430+0000] {dag.py:3823} INFO - Setting next_dagrun for example_local_kubernetes_executor to None, run_after=None
[2026-07-12T10:06:19.444+0000] {processor.py:183} INFO - Processing /home/airflow/.local/lib/python3.8/site-packages/airflow/example_dags/example_local_kubernetes_executor.py took 0.057 seconds
[2026-07-12T10:06:49.751+0000] {processor.py:161} INFO - Started process (PID=816) to work on /home/airflow/.local/lib/python3.8/site-packages/airflow/example_dags/example_local_kubernetes_executor.py
[2026-07-12T10:06:49.754+0000] {processor.py:830} INFO - Processing file /home/airflow/.local/lib/python3.8/site-packages/airflow/example_dags/example_local_kubernetes_executor.py for tasks to queue
[2026-07-12T10:06:49.756+0000] {logging_mixin.py:188} INFO - [2026-07-12T10:06:49.756+0000] {dagbag.py:538} INFO - Filling up the DagBag from /home/airflow/.local/lib/python3.8/site-packages/airflow/example_dags/example_local_kubernetes_executor.py
[2026-07-12T10:06:49.765+0000] {processor.py:840} INFO - DAG(s) 'example_local_kubernetes_executor' retrieved from /home/airflow/.local/lib/python3.8/site-packages/airflow/example_dags/example_local_kubernetes_executor.py
[2026-07-12T10:06:49.811+0000] {logging_mixin.py:188} INFO - [2026-07-12T10:06:49.810+0000] {dag.py:3036} INFO - Sync 1 DAGs
[2026-07-12T10:06:49.830+0000] {logging_mixin.py:188} INFO - [2026-07-12T10:06:49.830+0000] {dag.py:3823} INFO - Setting next_dagrun for example_local_kubernetes_executor to None, run_after=None
[2026-07-12T10:06:49.849+0000] {processor.py:183} INFO - Processing /home/airflow/.local/lib/python3.8/site-packages/airflow/example_dags/example_local_kubernetes_executor.py took 0.102 seconds
[2026-07-12T10:07:19.964+0000] {processor.py:161} INFO - Started process (PID=874) to work on /home/airflow/.local/lib/python3.8/site-packages/airflow/example_dags/example_local_kubernetes_executor.py
[2026-07-12T10:07:19.965+0000] {processor.py:830} INFO - Processing file /home/airflow/.local/lib/python3.8/site-packages/airflow/example_dags/example_local_kubernetes_executor.py for tasks to queue
[2026-07-12T10:07:19.967+0000] {logging_mixin.py:188} INFO - [2026-07-12T10:07:19.966+0000] {dagbag.py:538} INFO - Filling up the DagBag from /home/airflow/.local/lib/python3.8/site-packages/airflow/example_dags/example_local_kubernetes_executor.py
[2026-07-12T10:07:19.974+0000] {processor.py:840} INFO - DAG(s) 'example_local_kubernetes_executor' retrieved from /home/airflow/.local/lib/python3.8/site-packages/airflow/example_dags/example_local_kubernetes_executor.py
[2026-07-12T10:07:20.006+0000] {logging_mixin.py:188} INFO - [2026-07-12T10:07:20.006+0000] {dag.py:3036} INFO - Sync 1 DAGs
[2026-07-12T10:07:20.022+0000] {logging_mixin.py:188} INFO - [2026-07-12T10:07:20.021+0000] {dag.py:3823} INFO - Setting next_dagrun for example_local_kubernetes_executor to None, run_after=None
[2026-07-12T10:07:20.045+0000] {processor.py:183} INFO - Processing /home/airflow/.local/lib/python3.8/site-packages/airflow/example_dags/example_local_kubernetes_executor.py took 0.084 seconds
[2026-07-12T10:07:51.083+0000] {processor.py:161} INFO - Started process (PID=930) to work on /home/airflow/.local/lib/python3.8/site-packages/airflow/example_dags/example_local_kubernetes_executor.py
[2026-07-12T10:07:51.084+0000] {processor.py:830} INFO - Processing file /home/airflow/.local/lib/python3.8/site-packages/airflow/example_dags/example_local_kubernetes_executor.py for tasks to queue
[2026-07-12T10:07:51.086+0000] {logging_mixin.py:188} INFO - [2026-07-12T10:07:51.086+0000] {dagbag.py:538} INFO - Filling up the DagBag from /home/airflow/.local/lib/python3.8/site-packages/airflow/example_dags/example_local_kubernetes_executor.py
[2026-07-12T10:07:51.094+0000] {processor.py:840} INFO - DAG(s) 'example_local_kubernetes_executor' retrieved from /home/airflow/.local/lib/python3.8/site-packages/airflow/example_dags/example_local_kubernetes_executor.py
[2026-07-12T10:07:51.120+0000] {logging_mixin.py:188} INFO - [2026-07-12T10:07:51.119+0000] {dag.py:3036} INFO - Sync 1 DAGs
[2026-07-12T10:07:51.128+0000] {logging_mixin.py:188} INFO - [2026-07-12T10:07:51.128+0000] {dag.py:3823} INFO - Setting next_dagrun for example_local_kubernetes_executor to None, run_after=None
[2026-07-12T10:07:51.143+0000] {processor.py:183} INFO - Processing /home/airflow/.local/lib/python3.8/site-packages/airflow/example_dags/example_local_kubernetes_executor.py took 0.062 seconds
[2026-07-12T10:08:52.061+0000] {processor.py:161} INFO - Started process (PID=92) to work on /home/airflow/.local/lib/python3.8/site-packages/airflow/example_dags/example_local_kubernetes_executor.py
[2026-07-12T10:08:52.064+0000] {processor.py:830} INFO - Processing file /home/airflow/.local/lib/python3.8/site-packages/airflow/example_dags/example_local_kubernetes_executor.py for tasks to queue
[2026-07-12T10:08:52.067+0000] {logging_mixin.py:188} INFO - [2026-07-12T10:08:52.067+0000] {dagbag.py:538} INFO - Filling up the DagBag from /home/airflow/.local/lib/python3.8/site-packages/airflow/example_dags/example_local_kubernetes_executor.py
[2026-07-12T10:08:52.076+0000] {processor.py:840} INFO - DAG(s) 'example_local_kubernetes_executor' retrieved from /home/airflow/.local/lib/python3.8/site-packages/airflow/example_dags/example_local_kubernetes_executor.py
[2026-07-12T10:08:52.086+0000] {logging_mixin.py:188} INFO - [2026-07-12T10:08:52.086+0000] {dag.py:3036} INFO - Sync 1 DAGs
[2026-07-12T10:08:52.097+0000] {logging_mixin.py:188} INFO - [2026-07-12T10:08:52.097+0000] {dag.py:3823} INFO - Setting next_dagrun for example_local_kubernetes_executor to None, run_after=None
[2026-07-12T10:08:52.153+0000] {processor.py:183} INFO - Processing /home/airflow/.local/lib/python3.8/site-packages/airflow/example_dags/example_local_kubernetes_executor.py took 0.097 seconds
[2026-07-12T10:09:24.006+0000] {processor.py:161} INFO - Started process (PID=154) to work on /home/airflow/.local/lib/python3.8/site-packages/airflow/example_dags/example_local_kubernetes_executor.py
[2026-07-12T10:09:24.007+0000] {processor.py:830} INFO - Processing file /home/airflow/.local/lib/python3.8/site-packages/airflow/example_dags/example_local_kubernetes_executor.py for tasks to queue
[2026-07-12T10:09:24.009+0000] {logging_mixin.py:188} INFO - [2026-07-12T10:09:24.008+0000] {dagbag.py:538} INFO - Filling up the DagBag from /home/airflow/.local/lib/python3.8/site-packages/airflow/example_dags/example_local_kubernetes_executor.py
[2026-07-12T10:09:24.016+0000] {processor.py:840} INFO - DAG(s) 'example_local_kubernetes_executor' retrieved from /home/airflow/.local/lib/python3.8/site-packages/airflow/example_dags/example_local_kubernetes_executor.py
[2026-07-12T10:09:24.092+0000] {logging_mixin.py:188} INFO - [2026-07-12T10:09:24.092+0000] {dag.py:3036} INFO - Sync 1 DAGs
[2026-07-12T10:09:24.100+0000] {logging_mixin.py:188} INFO - [2026-07-12T10:09:24.099+0000] {dag.py:3823} INFO - Setting next_dagrun for example_local_kubernetes_executor to None, run_after=None
[2026-07-12T10:09:24.115+0000] {processor.py:183} INFO - Processing /home/airflow/.local/lib/python3.8/site-packages/airflow/example_dags/example_local_kubernetes_executor.py took 0.113 seconds
[2026-07-12T10:09:54.195+0000] {processor.py:161} INFO - Started process (PID=204) to work on /home/airflow/.local/lib/python3.8/site-packages/airflow/example_dags/example_local_kubernetes_executor.py
[2026-07-12T10:09:54.196+0000] {processor.py:830} INFO - Processing file /home/airflow/.local/lib/python3.8/site-packages/airflow/example_dags/example_local_kubernetes_executor.py for tasks to queue
[2026-07-12T10:09:54.197+0000] {logging_mixin.py:188} INFO - [2026-07-12T10:09:54.197+0000] {dagbag.py:538} INFO - Filling up the DagBag from /home/airflow/.local/lib/python3.8/site-packages/airflow/example_dags/example_local_kubernetes_executor.py
[2026-07-12T10:09:54.204+0000] {processor.py:840} INFO - DAG(s) 'example_local_kubernetes_executor' retrieved from /home/airflow/.local/lib/python3.8/site-packages/airflow/example_dags/example_local_kubernetes_executor.py
[2026-07-12T10:09:54.229+0000] {logging_mixin.py:188} INFO - [2026-07-12T10:09:54.228+0000] {dag.py:3036} INFO - Sync 1 DAGs
[2026-07-12T10:09:54.237+0000] {logging_mixin.py:188} INFO - [2026-07-12T10:09:54.237+0000] {dag.py:3823} INFO - Setting next_dagrun for example_local_kubernetes_executor to None, run_after=None
[2026-07-12T10:09:54.250+0000] {processor.py:183} INFO - Processing /home/airflow/.local/lib/python3.8/site-packages/airflow/example_dags/example_local_kubernetes_executor.py took 0.058 seconds
[2026-07-12T10:10:25.742+0000] {processor.py:161} INFO - Started process (PID=260) to work on /home/airflow/.local/lib/python3.8/site-packages/airflow/example_dags/example_local_kubernetes_executor.py
[2026-07-12T10:10:25.743+0000] {processor.py:830} INFO - Processing file /home/airflow/.local/lib/python3.8/site-packages/airflow/example_dags/example_local_kubernetes_executor.py for tasks to queue
[2026-07-12T10:10:25.745+0000] {logging_mixin.py:188} INFO - [2026-07-12T10:10:25.744+0000] {dagbag.py:538} INFO - Filling up the DagBag from /home/airflow/.local/lib/python3.8/site-packages/airflow/example_dags/example_local_kubernetes_executor.py
[2026-07-12T10:10:25.751+0000] {processor.py:840} INFO - DAG(s) 'example_local_kubernetes_executor' retrieved from /home/airflow/.local/lib/python3.8/site-packages/airflow/example_dags/example_local_kubernetes_executor.py
[2026-07-12T10:10:25.778+0000] {logging_mixin.py:188} INFO - [2026-07-12T10:10:25.778+0000] {dag.py:3036} INFO - Sync 1 DAGs
[2026-07-12T10:10:25.787+0000] {logging_mixin.py:188} INFO - [2026-07-12T10:10:25.786+0000] {dag.py:3823} INFO - Setting next_dagrun for example_local_kubernetes_executor to None, run_after=None
[2026-07-12T10:10:25.803+0000] {processor.py:183} INFO - Processing /home/airflow/.local/lib/python3.8/site-packages/airflow/example_dags/example_local_kubernetes_executor.py took 0.063 seconds
[2026-07-12T10:10:56.736+0000] {processor.py:161} INFO - Started process (PID=316) to work on /home/airflow/.local/lib/python3.8/site-packages/airflow/example_dags/example_local_kubernetes_executor.py
[2026-07-12T10:10:56.737+0000] {processor.py:830} INFO - Processing file /home/airflow/.local/lib/python3.8/site-packages/airflow/example_dags/example_local_kubernetes_executor.py for tasks to queue
[2026-07-12T10:10:56.739+0000] {logging_mixin.py:188} INFO - [2026-07-12T10:10:56.739+0000] {dagbag.py:538} INFO - Filling up the DagBag from /home/airflow/.local/lib/python3.8/site-packages/airflow/example_dags/example_local_kubernetes_executor.py
[2026-07-12T10:10:56.745+0000] {processor.py:840} INFO - DAG(s) 'example_local_kubernetes_executor' retrieved from /home/airflow/.local/lib/python3.8/site-packages/airflow/example_dags/example_local_kubernetes_executor.py
[2026-07-12T10:10:56.769+0000] {logging_mixin.py:188} INFO - [2026-07-12T10:10:56.769+0000] {dag.py:3036} INFO - Sync 1 DAGs
[2026-07-12T10:10:56.782+0000] {logging_mixin.py:188} INFO - [2026-07-12T10:10:56.781+0000] {dag.py:3823} INFO - Setting next_dagrun for example_local_kubernetes_executor to None, run_after=None
[2026-07-12T10:10:56.796+0000] {processor.py:183} INFO - Processing /home/airflow/.local/lib/python3.8/site-packages/airflow/example_dags/example_local_kubernetes_executor.py took 0.063 seconds
[2026-07-12T10:11:27.150+0000] {processor.py:161} INFO - Started process (PID=372) to work on /home/airflow/.local/lib/python3.8/site-packages/airflow/example_dags/example_local_kubernetes_executor.py
[2026-07-12T10:11:27.152+0000] {processor.py:830} INFO - Processing file /home/airflow/.local/lib/python3.8/site-packages/airflow/example_dags/example_local_kubernetes_executor.py for tasks to queue
[2026-07-12T10:11:27.153+0000] {logging_mixin.py:188} INFO - [2026-07-12T10:11:27.153+0000] {dagbag.py:538} INFO - Filling up the DagBag from /home/airflow/.local/lib/python3.8/site-packages/airflow/example_dags/example_local_kubernetes_executor.py
[2026-07-12T10:11:27.160+0000] {processor.py:840} INFO - DAG(s) 'example_local_kubernetes_executor' retrieved from /home/airflow/.local/lib/python3.8/site-packages/airflow/example_dags/example_local_kubernetes_executor.py
[2026-07-12T10:11:27.187+0000] {logging_mixin.py:188} INFO - [2026-07-12T10:11:27.187+0000] {dag.py:3036} INFO - Sync 1 DAGs
[2026-07-12T10:11:27.198+0000] {logging_mixin.py:188} INFO - [2026-07-12T10:11:27.198+0000] {dag.py:3823} INFO - Setting next_dagrun for example_local_kubernetes_executor to None, run_after=None
[2026-07-12T10:11:27.212+0000] {processor.py:183} INFO - Processing /home/airflow/.local/lib/python3.8/site-packages/airflow/example_dags/example_local_kubernetes_executor.py took 0.065 seconds
[2026-07-12T10:37:11.824+0000] {processor.py:161} INFO - Started process (PID=92) to work on /home/airflow/.local/lib/python3.8/site-packages/airflow/example_dags/example_local_kubernetes_executor.py
[2026-07-12T10:37:11.826+0000] {processor.py:830} INFO - Processing file /home/airflow/.local/lib/python3.8/site-packages/airflow/example_dags/example_local_kubernetes_executor.py for tasks to queue
[2026-07-12T10:37:11.827+0000] {logging_mixin.py:188} INFO - [2026-07-12T10:37:11.827+0000] {dagbag.py:538} INFO - Filling up the DagBag from /home/airflow/.local/lib/python3.8/site-packages/airflow/example_dags/example_local_kubernetes_executor.py
[2026-07-12T10:37:11.835+0000] {processor.py:840} INFO - DAG(s) 'example_local_kubernetes_executor' retrieved from /home/airflow/.local/lib/python3.8/site-packages/airflow/example_dags/example_local_kubernetes_executor.py
[2026-07-12T10:37:11.849+0000] {logging_mixin.py:188} INFO - [2026-07-12T10:37:11.849+0000] {dag.py:3036} INFO - Sync 1 DAGs
[2026-07-12T10:37:11.862+0000] {logging_mixin.py:188} INFO - [2026-07-12T10:37:11.862+0000] {dag.py:3823} INFO - Setting next_dagrun for example_local_kubernetes_executor to None, run_after=None
[2026-07-12T10:37:11.883+0000] {processor.py:183} INFO - Processing /home/airflow/.local/lib/python3.8/site-packages/airflow/example_dags/example_local_kubernetes_executor.py took 0.062 seconds
[2026-07-12T10:37:42.992+0000] {processor.py:161} INFO - Started process (PID=148) to work on /home/airflow/.local/lib/python3.8/site-packages/airflow/example_dags/example_local_kubernetes_executor.py
[2026-07-12T10:37:42.993+0000] {processor.py:830} INFO - Processing file /home/airflow/.local/lib/python3.8/site-packages/airflow/example_dags/example_local_kubernetes_executor.py for tasks to queue
[2026-07-12T10:37:42.994+0000] {logging_mixin.py:188} INFO - [2026-07-12T10:37:42.994+0000] {dagbag.py:538} INFO - Filling up the DagBag from /home/airflow/.local/lib/python3.8/site-packages/airflow/example_dags/example_local_kubernetes_executor.py
[2026-07-12T10:37:43.001+0000] {processor.py:840} INFO - DAG(s) 'example_local_kubernetes_executor' retrieved from /home/airflow/.local/lib/python3.8/site-packages/airflow/example_dags/example_local_kubernetes_executor.py
[2026-07-12T10:37:43.091+0000] {logging_mixin.py:188} INFO - [2026-07-12T10:37:43.091+0000] {dag.py:3036} INFO - Sync 1 DAGs
[2026-07-12T10:37:43.100+0000] {logging_mixin.py:188} INFO - [2026-07-12T10:37:43.100+0000] {dag.py:3823} INFO - Setting next_dagrun for example_local_kubernetes_executor to None, run_after=None
[2026-07-12T10:37:43.118+0000] {processor.py:183} INFO - Processing /home/airflow/.local/lib/python3.8/site-packages/airflow/example_dags/example_local_kubernetes_executor.py took 0.129 seconds
[2026-07-12T10:38:13.352+0000] {processor.py:161} INFO - Started process (PID=204) to work on /home/airflow/.local/lib/python3.8/site-packages/airflow/example_dags/example_local_kubernetes_executor.py
[2026-07-12T10:38:13.353+0000] {processor.py:830} INFO - Processing file /home/airflow/.local/lib/python3.8/site-packages/airflow/example_dags/example_local_kubernetes_executor.py for tasks to queue
[2026-07-12T10:38:13.355+0000] {logging_mixin.py:188} INFO - [2026-07-12T10:38:13.354+0000] {dagbag.py:538} INFO - Filling up the DagBag from /home/airflow/.local/lib/python3.8/site-packages/airflow/example_dags/example_local_kubernetes_executor.py
[2026-07-12T10:38:13.361+0000] {processor.py:840} INFO - DAG(s) 'example_local_kubernetes_executor' retrieved from /home/airflow/.local/lib/python3.8/site-packages/airflow/example_dags/example_local_kubernetes_executor.py
[2026-07-12T10:38:13.385+0000] {logging_mixin.py:188} INFO - [2026-07-12T10:38:13.385+0000] {dag.py:3036} INFO - Sync 1 DAGs
[2026-07-12T10:38:13.393+0000] {logging_mixin.py:188} INFO - [2026-07-12T10:38:13.393+0000] {dag.py:3823} INFO - Setting next_dagrun for example_local_kubernetes_executor to None, run_after=None
[2026-07-12T10:38:13.408+0000] {processor.py:183} INFO - Processing /home/airflow/.local/lib/python3.8/site-packages/airflow/example_dags/example_local_kubernetes_executor.py took 0.059 seconds
[2026-07-12T10:38:44.029+0000] {processor.py:161} INFO - Started process (PID=266) to work on /home/airflow/.local/lib/python3.8/site-packages/airflow/example_dags/example_local_kubernetes_executor.py
[2026-07-12T10:38:44.031+0000] {processor.py:830} INFO - Processing file /home/airflow/.local/lib/python3.8/site-packages/airflow/example_dags/example_local_kubernetes_executor.py for tasks to queue
[2026-07-12T10:38:44.035+0000] {logging_mixin.py:188} INFO - [2026-07-12T10:38:44.034+0000] {dagbag.py:538} INFO - Filling up the DagBag from /home/airflow/.local/lib/python3.8/site-packages/airflow/example_dags/example_local_kubernetes_executor.py
[2026-07-12T10:38:44.046+0000] {processor.py:840} INFO - DAG(s) 'example_local_kubernetes_executor' retrieved from /home/airflow/.local/lib/python3.8/site-packages/airflow/example_dags/example_local_kubernetes_executor.py
[2026-07-12T10:38:44.088+0000] {logging_mixin.py:188} INFO - [2026-07-12T10:38:44.087+0000] {dag.py:3036} INFO - Sync 1 DAGs
[2026-07-12T10:38:44.099+0000] {logging_mixin.py:188} INFO - [2026-07-12T10:38:44.099+0000] {dag.py:3823} INFO - Setting next_dagrun for example_local_kubernetes_executor to None, run_after=None
[2026-07-12T10:38:44.127+0000] {processor.py:183} INFO - Processing /home/airflow/.local/lib/python3.8/site-packages/airflow/example_dags/example_local_kubernetes_executor.py took 0.108 seconds
[2026-07-12T10:39:14.147+0000] {processor.py:161} INFO - Started process (PID=340) to work on /home/airflow/.local/lib/python3.8/site-packages/airflow/example_dags/example_local_kubernetes_executor.py
[2026-07-12T10:39:14.148+0000] {processor.py:830} INFO - Processing file /home/airflow/.local/lib/python3.8/site-packages/airflow/example_dags/example_local_kubernetes_executor.py for tasks to queue
[2026-07-12T10:39:14.150+0000] {logging_mixin.py:188} INFO - [2026-07-12T10:39:14.150+0000] {dagbag.py:538} INFO - Filling up the DagBag from /home/airflow/.local/lib/python3.8/site-packages/airflow/example_dags/example_local_kubernetes_executor.py
[2026-07-12T10:39:14.156+0000] {processor.py:840} INFO - DAG(s) 'example_local_kubernetes_executor' retrieved from /home/airflow/.local/lib/python3.8/site-packages/airflow/example_dags/example_local_kubernetes_executor.py
[2026-07-12T10:39:14.180+0000] {logging_mixin.py:188} INFO - [2026-07-12T10:39:14.180+0000] {dag.py:3036} INFO - Sync 1 DAGs
[2026-07-12T10:39:14.189+0000] {logging_mixin.py:188} INFO - [2026-07-12T10:39:14.189+0000] {dag.py:3823} INFO - Setting next_dagrun for example_local_kubernetes_executor to None, run_after=None
[2026-07-12T10:39:14.203+0000] {processor.py:183} INFO - Processing /home/airflow/.local/lib/python3.8/site-packages/airflow/example_dags/example_local_kubernetes_executor.py took 0.058 seconds
[2026-07-12T10:39:44.532+0000] {processor.py:161} INFO - Started process (PID=397) to work on /home/airflow/.local/lib/python3.8/site-packages/airflow/example_dags/example_local_kubernetes_executor.py
[2026-07-12T10:39:44.533+0000] {processor.py:830} INFO - Processing file /home/airflow/.local/lib/python3.8/site-packages/airflow/example_dags/example_local_kubernetes_executor.py for tasks to queue
[2026-07-12T10:39:44.534+0000] {logging_mixin.py:188} INFO - [2026-07-12T10:39:44.534+0000] {dagbag.py:538} INFO - Filling up the DagBag from /home/airflow/.local/lib/python3.8/site-packages/airflow/example_dags/example_local_kubernetes_executor.py
[2026-07-12T10:39:44.541+0000] {processor.py:840} INFO - DAG(s) 'example_local_kubernetes_executor' retrieved from /home/airflow/.local/lib/python3.8/site-packages/airflow/example_dags/example_local_kubernetes_executor.py
[2026-07-12T10:39:44.567+0000] {logging_mixin.py:188} INFO - [2026-07-12T10:39:44.567+0000] {dag.py:3036} INFO - Sync 1 DAGs
[2026-07-12T10:39:44.576+0000] {logging_mixin.py:188} INFO - [2026-07-12T10:39:44.576+0000] {dag.py:3823} INFO - Setting next_dagrun for example_local_kubernetes_executor to None, run_after=None
[2026-07-12T10:39:44.592+0000] {processor.py:183} INFO - Processing /home/airflow/.local/lib/python3.8/site-packages/airflow/example_dags/example_local_kubernetes_executor.py took 0.063 seconds
[2026-07-12T10:40:14.700+0000] {processor.py:161} INFO - Started process (PID=453) to work on /home/airflow/.local/lib/python3.8/site-packages/airflow/example_dags/example_local_kubernetes_executor.py
[2026-07-12T10:40:14.701+0000] {processor.py:830} INFO - Processing file /home/airflow/.local/lib/python3.8/site-packages/airflow/example_dags/example_local_kubernetes_executor.py for tasks to queue
[2026-07-12T10:40:14.704+0000] {logging_mixin.py:188} INFO - [2026-07-12T10:40:14.703+0000] {dagbag.py:538} INFO - Filling up the DagBag from /home/airflow/.local/lib/python3.8/site-packages/airflow/example_dags/example_local_kubernetes_executor.py
[2026-07-12T10:40:14.712+0000] {processor.py:840} INFO - DAG(s) 'example_local_kubernetes_executor' retrieved from /home/airflow/.local/lib/python3.8/site-packages/airflow/example_dags/example_local_kubernetes_executor.py
[2026-07-12T10:40:14.737+0000] {logging_mixin.py:188} INFO - [2026-07-12T10:40:14.736+0000] {dag.py:3036} INFO - Sync 1 DAGs
[2026-07-12T10:40:14.745+0000] {logging_mixin.py:188} INFO - [2026-07-12T10:40:14.745+0000] {dag.py:3823} INFO - Setting next_dagrun for example_local_kubernetes_executor to None, run_after=None
[2026-07-12T10:40:14.760+0000] {processor.py:183} INFO - Processing /home/airflow/.local/lib/python3.8/site-packages/airflow/example_dags/example_local_kubernetes_executor.py took 0.065 seconds
[2026-07-12T10:40:48.294+0000] {processor.py:161} INFO - Started process (PID=522) to work on /home/airflow/.local/lib/python3.8/site-packages/airflow/example_dags/example_local_kubernetes_executor.py
[2026-07-12T10:40:48.298+0000] {processor.py:830} INFO - Processing file /home/airflow/.local/lib/python3.8/site-packages/airflow/example_dags/example_local_kubernetes_executor.py for tasks to queue
[2026-07-12T10:40:48.303+0000] {logging_mixin.py:188} INFO - [2026-07-12T10:40:48.302+0000] {dagbag.py:538} INFO - Filling up the DagBag from /home/airflow/.local/lib/python3.8/site-packages/airflow/example_dags/example_local_kubernetes_executor.py
[2026-07-12T10:40:48.318+0000] {processor.py:840} INFO - DAG(s) 'example_local_kubernetes_executor' retrieved from /home/airflow/.local/lib/python3.8/site-packages/airflow/example_dags/example_local_kubernetes_executor.py
[2026-07-12T10:40:48.382+0000] {logging_mixin.py:188} INFO - [2026-07-12T10:40:48.381+0000] {dag.py:3036} INFO - Sync 1 DAGs
[2026-07-12T10:40:48.397+0000] {logging_mixin.py:188} INFO - [2026-07-12T10:40:48.396+0000] {dag.py:3823} INFO - Setting next_dagrun for example_local_kubernetes_executor to None, run_after=None
[2026-07-12T10:40:48.421+0000] {processor.py:183} INFO - Processing /home/airflow/.local/lib/python3.8/site-packages/airflow/example_dags/example_local_kubernetes_executor.py took 0.136 seconds
[2026-07-12T10:41:18.476+0000] {processor.py:161} INFO - Started process (PID=578) to work on /home/airflow/.local/lib/python3.8/site-packages/airflow/example_dags/example_local_kubernetes_executor.py
[2026-07-12T10:41:18.477+0000] {processor.py:830} INFO - Processing file /home/airflow/.local/lib/python3.8/site-packages/airflow/example_dags/example_local_kubernetes_executor.py for tasks to queue
[2026-07-12T10:41:18.478+0000] {logging_mixin.py:188} INFO - [2026-07-12T10:41:18.478+0000] {dagbag.py:538} INFO - Filling up the DagBag from /home/airflow/.local/lib/python3.8/site-packages/airflow/example_dags/example_local_kubernetes_executor.py
[2026-07-12T10:41:18.486+0000] {processor.py:840} INFO - DAG(s) 'example_local_kubernetes_executor' retrieved from /home/airflow/.local/lib/python3.8/site-packages/airflow/example_dags/example_local_kubernetes_executor.py
[2026-07-12T10:41:18.512+0000] {logging_mixin.py:188} INFO - [2026-07-12T10:41:18.512+0000] {dag.py:3036} INFO - Sync 1 DAGs
[2026-07-12T10:41:18.523+0000] {logging_mixin.py:188} INFO - [2026-07-12T10:41:18.523+0000] {dag.py:3823} INFO - Setting next_dagrun for example_local_kubernetes_executor to None, run_after=None
[2026-07-12T10:41:18.539+0000] {processor.py:183} INFO - Processing /home/airflow/.local/lib/python3.8/site-packages/airflow/example_dags/example_local_kubernetes_executor.py took 0.066 seconds
[2026-07-12T10:41:49.307+0000] {processor.py:161} INFO - Started process (PID=634) to work on /home/airflow/.local/lib/python3.8/site-packages/airflow/example_dags/example_local_kubernetes_executor.py
[2026-07-12T10:41:49.308+0000] {processor.py:830} INFO - Processing file /home/airflow/.local/lib/python3.8/site-packages/airflow/example_dags/example_local_kubernetes_executor.py for tasks to queue
[2026-07-12T10:41:49.310+0000] {logging_mixin.py:188} INFO - [2026-07-12T10:41:49.309+0000] {dagbag.py:538} INFO - Filling up the DagBag from /home/airflow/.local/lib/python3.8/site-packages/airflow/example_dags/example_local_kubernetes_executor.py
[2026-07-12T10:41:49.316+0000] {processor.py:840} INFO - DAG(s) 'example_local_kubernetes_executor' retrieved from /home/airflow/.local/lib/python3.8/site-packages/airflow/example_dags/example_local_kubernetes_executor.py
[2026-07-12T10:41:49.341+0000] {logging_mixin.py:188} INFO - [2026-07-12T10:41:49.341+0000] {dag.py:3036} INFO - Sync 1 DAGs
[2026-07-12T10:41:49.354+0000] {logging_mixin.py:188} INFO - [2026-07-12T10:41:49.354+0000] {dag.py:3823} INFO - Setting next_dagrun for example_local_kubernetes_executor to None, run_after=None
[2026-07-12T10:41:49.372+0000] {processor.py:183} INFO - Processing /home/airflow/.local/lib/python3.8/site-packages/airflow/example_dags/example_local_kubernetes_executor.py took 0.068 seconds
[2026-07-12T10:42:20.095+0000] {processor.py:161} INFO - Started process (PID=690) to work on /home/airflow/.local/lib/python3.8/site-packages/airflow/example_dags/example_local_kubernetes_executor.py
[2026-07-12T10:42:20.098+0000] {processor.py:830} INFO - Processing file /home/airflow/.local/lib/python3.8/site-packages/airflow/example_dags/example_local_kubernetes_executor.py for tasks to queue
[2026-07-12T10:42:20.099+0000] {logging_mixin.py:188} INFO - [2026-07-12T10:42:20.099+0000] {dagbag.py:538} INFO - Filling up the DagBag from /home/airflow/.local/lib/python3.8/site-packages/airflow/example_dags/example_local_kubernetes_executor.py
[2026-07-12T10:42:20.106+0000] {processor.py:840} INFO - DAG(s) 'example_local_kubernetes_executor' retrieved from /home/airflow/.local/lib/python3.8/site-packages/airflow/example_dags/example_local_kubernetes_executor.py
[2026-07-12T10:42:20.136+0000] {logging_mixin.py:188} INFO - [2026-07-12T10:42:20.135+0000] {dag.py:3036} INFO - Sync 1 DAGs
[2026-07-12T10:42:20.156+0000] {logging_mixin.py:188} INFO - [2026-07-12T10:42:20.156+0000] {dag.py:3823} INFO - Setting next_dagrun for example_local_kubernetes_executor to None, run_after=None
[2026-07-12T10:42:20.184+0000] {processor.py:183} INFO - Processing /home/airflow/.local/lib/python3.8/site-packages/airflow/example_dags/example_local_kubernetes_executor.py took 0.093 seconds
[2026-07-12T10:42:51.174+0000] {processor.py:161} INFO - Started process (PID=746) to work on /home/airflow/.local/lib/python3.8/site-packages/airflow/example_dags/example_local_kubernetes_executor.py
[2026-07-12T10:42:51.175+0000] {processor.py:830} INFO - Processing file /home/airflow/.local/lib/python3.8/site-packages/airflow/example_dags/example_local_kubernetes_executor.py for tasks to queue
[2026-07-12T10:42:51.177+0000] {logging_mixin.py:188} INFO - [2026-07-12T10:42:51.177+0000] {dagbag.py:538} INFO - Filling up the DagBag from /home/airflow/.local/lib/python3.8/site-packages/airflow/example_dags/example_local_kubernetes_executor.py
[2026-07-12T10:42:51.184+0000] {processor.py:840} INFO - DAG(s) 'example_local_kubernetes_executor' retrieved from /home/airflow/.local/lib/python3.8/site-packages/airflow/example_dags/example_local_kubernetes_executor.py
[2026-07-12T10:42:51.209+0000] {logging_mixin.py:188} INFO - [2026-07-12T10:42:51.208+0000] {dag.py:3036} INFO - Sync 1 DAGs
[2026-07-12T10:42:51.218+0000] {logging_mixin.py:188} INFO - [2026-07-12T10:42:51.218+0000] {dag.py:3823} INFO - Setting next_dagrun for example_local_kubernetes_executor to None, run_after=None
[2026-07-12T10:42:51.234+0000] {processor.py:183} INFO - Processing /home/airflow/.local/lib/python3.8/site-packages/airflow/example_dags/example_local_kubernetes_executor.py took 0.062 seconds
[2026-07-12T10:43:21.896+0000] {processor.py:161} INFO - Started process (PID=802) to work on /home/airflow/.local/lib/python3.8/site-packages/airflow/example_dags/example_local_kubernetes_executor.py
[2026-07-12T10:43:21.898+0000] {processor.py:830} INFO - Processing file /home/airflow/.local/lib/python3.8/site-packages/airflow/example_dags/example_local_kubernetes_executor.py for tasks to queue
[2026-07-12T10:43:21.900+0000] {logging_mixin.py:188} INFO - [2026-07-12T10:43:21.900+0000] {dagbag.py:538} INFO - Filling up the DagBag from /home/airflow/.local/lib/python3.8/site-packages/airflow/example_dags/example_local_kubernetes_executor.py
[2026-07-12T10:43:21.908+0000] {processor.py:840} INFO - DAG(s) 'example_local_kubernetes_executor' retrieved from /home/airflow/.local/lib/python3.8/site-packages/airflow/example_dags/example_local_kubernetes_executor.py
[2026-07-12T10:43:21.936+0000] {logging_mixin.py:188} INFO - [2026-07-12T10:43:21.936+0000] {dag.py:3036} INFO - Sync 1 DAGs
[2026-07-12T10:43:21.946+0000] {logging_mixin.py:188} INFO - [2026-07-12T10:43:21.946+0000] {dag.py:3823} INFO - Setting next_dagrun for example_local_kubernetes_executor to None, run_after=None
[2026-07-12T10:43:21.966+0000] {processor.py:183} INFO - Processing /home/airflow/.local/lib/python3.8/site-packages/airflow/example_dags/example_local_kubernetes_executor.py took 0.074 seconds
[2026-07-12T10:43:52.075+0000] {processor.py:161} INFO - Started process (PID=858) to work on /home/airflow/.local/lib/python3.8/site-packages/airflow/example_dags/example_local_kubernetes_executor.py
[2026-07-12T10:43:52.076+0000] {processor.py:830} INFO - Processing file /home/airflow/.local/lib/python3.8/site-packages/airflow/example_dags/example_local_kubernetes_executor.py for tasks to queue
[2026-07-12T10:43:52.078+0000] {logging_mixin.py:188} INFO - [2026-07-12T10:43:52.077+0000] {dagbag.py:538} INFO - Filling up the DagBag from /home/airflow/.local/lib/python3.8/site-packages/airflow/example_dags/example_local_kubernetes_executor.py
[2026-07-12T10:43:52.084+0000] {processor.py:840} INFO - DAG(s) 'example_local_kubernetes_executor' retrieved from /home/airflow/.local/lib/python3.8/site-packages/airflow/example_dags/example_local_kubernetes_executor.py
[2026-07-12T10:43:52.110+0000] {logging_mixin.py:188} INFO - [2026-07-12T10:43:52.109+0000] {dag.py:3036} INFO - Sync 1 DAGs
[2026-07-12T10:43:52.119+0000] {logging_mixin.py:188} INFO - [2026-07-12T10:43:52.119+0000] {dag.py:3823} INFO - Setting next_dagrun for example_local_kubernetes_executor to None, run_after=None
[2026-07-12T10:43:52.136+0000] {processor.py:183} INFO - Processing /home/airflow/.local/lib/python3.8/site-packages/airflow/example_dags/example_local_kubernetes_executor.py took 0.064 seconds
[2026-07-12T10:44:22.448+0000] {processor.py:161} INFO - Started process (PID=914) to work on /home/airflow/.local/lib/python3.8/site-packages/airflow/example_dags/example_local_kubernetes_executor.py
[2026-07-12T10:44:22.449+0000] {processor.py:830} INFO - Processing file /home/airflow/.local/lib/python3.8/site-packages/airflow/example_dags/example_local_kubernetes_executor.py for tasks to queue
[2026-07-12T10:44:22.450+0000] {logging_mixin.py:188} INFO - [2026-07-12T10:44:22.450+0000] {dagbag.py:538} INFO - Filling up the DagBag from /home/airflow/.local/lib/python3.8/site-packages/airflow/example_dags/example_local_kubernetes_executor.py
[2026-07-12T10:44:22.457+0000] {processor.py:840} INFO - DAG(s) 'example_local_kubernetes_executor' retrieved from /home/airflow/.local/lib/python3.8/site-packages/airflow/example_dags/example_local_kubernetes_executor.py
[2026-07-12T10:44:22.483+0000] {logging_mixin.py:188} INFO - [2026-07-12T10:44:22.483+0000] {dag.py:3036} INFO - Sync 1 DAGs
[2026-07-12T10:44:22.494+0000] {logging_mixin.py:188} INFO - [2026-07-12T10:44:22.494+0000] {dag.py:3823} INFO - Setting next_dagrun for example_local_kubernetes_executor to None, run_after=None
[2026-07-12T10:44:22.512+0000] {processor.py:183} INFO - Processing /home/airflow/.local/lib/python3.8/site-packages/airflow/example_dags/example_local_kubernetes_executor.py took 0.067 seconds
[2026-07-12T10:44:52.652+0000] {processor.py:161} INFO - Started process (PID=970) to work on /home/airflow/.local/lib/python3.8/site-packages/airflow/example_dags/example_local_kubernetes_executor.py
[2026-07-12T10:44:52.653+0000] {processor.py:830} INFO - Processing file /home/airflow/.local/lib/python3.8/site-packages/airflow/example_dags/example_local_kubernetes_executor.py for tasks to queue
[2026-07-12T10:44:52.656+0000] {logging_mixin.py:188} INFO - [2026-07-12T10:44:52.655+0000] {dagbag.py:538} INFO - Filling up the DagBag from /home/airflow/.local/lib/python3.8/site-packages/airflow/example_dags/example_local_kubernetes_executor.py
[2026-07-12T10:44:52.665+0000] {processor.py:840} INFO - DAG(s) 'example_local_kubernetes_executor' retrieved from /home/airflow/.local/lib/python3.8/site-packages/airflow/example_dags/example_local_kubernetes_executor.py
[2026-07-12T10:44:52.698+0000] {logging_mixin.py:188} INFO - [2026-07-12T10:44:52.698+0000] {dag.py:3036} INFO - Sync 1 DAGs
[2026-07-12T10:44:52.712+0000] {logging_mixin.py:188} INFO - [2026-07-12T10:44:52.712+0000] {dag.py:3823} INFO - Setting next_dagrun for example_local_kubernetes_executor to None, run_after=None
[2026-07-12T10:44:52.738+0000] {processor.py:183} INFO - Processing /home/airflow/.local/lib/python3.8/site-packages/airflow/example_dags/example_local_kubernetes_executor.py took 0.089 seconds
[2026-07-12T10:45:23.120+0000] {processor.py:161} INFO - Started process (PID=1026) to work on /home/airflow/.local/lib/python3.8/site-packages/airflow/example_dags/example_local_kubernetes_executor.py
[2026-07-12T10:45:23.121+0000] {processor.py:830} INFO - Processing file /home/airflow/.local/lib/python3.8/site-packages/airflow/example_dags/example_local_kubernetes_executor.py for tasks to queue
[2026-07-12T10:45:23.123+0000] {logging_mixin.py:188} INFO - [2026-07-12T10:45:23.123+0000] {dagbag.py:538} INFO - Filling up the DagBag from /home/airflow/.local/lib/python3.8/site-packages/airflow/example_dags/example_local_kubernetes_executor.py
[2026-07-12T10:45:23.129+0000] {processor.py:840} INFO - DAG(s) 'example_local_kubernetes_executor' retrieved from /home/airflow/.local/lib/python3.8/site-packages/airflow/example_dags/example_local_kubernetes_executor.py
[2026-07-12T10:45:23.153+0000] {logging_mixin.py:188} INFO - [2026-07-12T10:45:23.153+0000] {dag.py:3036} INFO - Sync 1 DAGs
[2026-07-12T10:45:23.162+0000] {logging_mixin.py:188} INFO - [2026-07-12T10:45:23.162+0000] {dag.py:3823} INFO - Setting next_dagrun for example_local_kubernetes_executor to None, run_after=None
[2026-07-12T10:45:23.177+0000] {processor.py:183} INFO - Processing /home/airflow/.local/lib/python3.8/site-packages/airflow/example_dags/example_local_kubernetes_executor.py took 0.059 seconds
[2026-07-12T10:45:53.722+0000] {processor.py:161} INFO - Started process (PID=1095) to work on /home/airflow/.local/lib/python3.8/site-packages/airflow/example_dags/example_local_kubernetes_executor.py
[2026-07-12T10:45:53.723+0000] {processor.py:830} INFO - Processing file /home/airflow/.local/lib/python3.8/site-packages/airflow/example_dags/example_local_kubernetes_executor.py for tasks to queue
[2026-07-12T10:45:53.725+0000] {logging_mixin.py:188} INFO - [2026-07-12T10:45:53.725+0000] {dagbag.py:538} INFO - Filling up the DagBag from /home/airflow/.local/lib/python3.8/site-packages/airflow/example_dags/example_local_kubernetes_executor.py
[2026-07-12T10:45:53.731+0000] {processor.py:840} INFO - DAG(s) 'example_local_kubernetes_executor' retrieved from /home/airflow/.local/lib/python3.8/site-packages/airflow/example_dags/example_local_kubernetes_executor.py
[2026-07-12T10:45:53.755+0000] {logging_mixin.py:188} INFO - [2026-07-12T10:45:53.755+0000] {dag.py:3036} INFO - Sync 1 DAGs
[2026-07-12T10:45:53.764+0000] {logging_mixin.py:188} INFO - [2026-07-12T10:45:53.763+0000] {dag.py:3823} INFO - Setting next_dagrun for example_local_kubernetes_executor to None, run_after=None
[2026-07-12T10:45:53.778+0000] {processor.py:183} INFO - Processing /home/airflow/.local/lib/python3.8/site-packages/airflow/example_dags/example_local_kubernetes_executor.py took 0.059 seconds
[2026-07-12T10:46:24.633+0000] {processor.py:161} INFO - Started process (PID=1151) to work on /home/airflow/.local/lib/python3.8/site-packages/airflow/example_dags/example_local_kubernetes_executor.py
[2026-07-12T10:46:24.636+0000] {processor.py:830} INFO - Processing file /home/airflow/.local/lib/python3.8/site-packages/airflow/example_dags/example_local_kubernetes_executor.py for tasks to queue
[2026-07-12T10:46:24.639+0000] {logging_mixin.py:188} INFO - [2026-07-12T10:46:24.639+0000] {dagbag.py:538} INFO - Filling up the DagBag from /home/airflow/.local/lib/python3.8/site-packages/airflow/example_dags/example_local_kubernetes_executor.py
[2026-07-12T10:46:24.654+0000] {processor.py:840} INFO - DAG(s) 'example_local_kubernetes_executor' retrieved from /home/airflow/.local/lib/python3.8/site-packages/airflow/example_dags/example_local_kubernetes_executor.py
[2026-07-12T10:46:24.679+0000] {logging_mixin.py:188} INFO - [2026-07-12T10:46:24.679+0000] {dag.py:3036} INFO - Sync 1 DAGs
[2026-07-12T10:46:24.691+0000] {logging_mixin.py:188} INFO - [2026-07-12T10:46:24.691+0000] {dag.py:3823} INFO - Setting next_dagrun for example_local_kubernetes_executor to None, run_after=None
[2026-07-12T10:46:24.713+0000] {processor.py:183} INFO - Processing /home/airflow/.local/lib/python3.8/site-packages/airflow/example_dags/example_local_kubernetes_executor.py took 0.088 seconds
[2026-07-12T10:46:54.936+0000] {processor.py:161} INFO - Started process (PID=1207) to work on /home/airflow/.local/lib/python3.8/site-packages/airflow/example_dags/example_local_kubernetes_executor.py
[2026-07-12T10:46:54.937+0000] {processor.py:830} INFO - Processing file /home/airflow/.local/lib/python3.8/site-packages/airflow/example_dags/example_local_kubernetes_executor.py for tasks to queue
[2026-07-12T10:46:54.938+0000] {logging_mixin.py:188} INFO - [2026-07-12T10:46:54.938+0000] {dagbag.py:538} INFO - Filling up the DagBag from /home/airflow/.local/lib/python3.8/site-packages/airflow/example_dags/example_local_kubernetes_executor.py
[2026-07-12T10:46:54.945+0000] {processor.py:840} INFO - DAG(s) 'example_local_kubernetes_executor' retrieved from /home/airflow/.local/lib/python3.8/site-packages/airflow/example_dags/example_local_kubernetes_executor.py
[2026-07-12T10:46:54.972+0000] {logging_mixin.py:188} INFO - [2026-07-12T10:46:54.971+0000] {dag.py:3036} INFO - Sync 1 DAGs
[2026-07-12T10:46:54.981+0000] {logging_mixin.py:188} INFO - [2026-07-12T10:46:54.981+0000] {dag.py:3823} INFO - Setting next_dagrun for example_local_kubernetes_executor to None, run_after=None
[2026-07-12T10:46:54.997+0000] {processor.py:183} INFO - Processing /home/airflow/.local/lib/python3.8/site-packages/airflow/example_dags/example_local_kubernetes_executor.py took 0.065 seconds
[2026-07-12T10:47:25.456+0000] {processor.py:161} INFO - Started process (PID=1263) to work on /home/airflow/.local/lib/python3.8/site-packages/airflow/example_dags/example_local_kubernetes_executor.py
[2026-07-12T10:47:25.457+0000] {processor.py:830} INFO - Processing file /home/airflow/.local/lib/python3.8/site-packages/airflow/example_dags/example_local_kubernetes_executor.py for tasks to queue
[2026-07-12T10:47:25.459+0000] {logging_mixin.py:188} INFO - [2026-07-12T10:47:25.458+0000] {dagbag.py:538} INFO - Filling up the DagBag from /home/airflow/.local/lib/python3.8/site-packages/airflow/example_dags/example_local_kubernetes_executor.py
[2026-07-12T10:47:25.465+0000] {processor.py:840} INFO - DAG(s) 'example_local_kubernetes_executor' retrieved from /home/airflow/.local/lib/python3.8/site-packages/airflow/example_dags/example_local_kubernetes_executor.py
[2026-07-12T10:47:25.490+0000] {logging_mixin.py:188} INFO - [2026-07-12T10:47:25.490+0000] {dag.py:3036} INFO - Sync 1 DAGs
[2026-07-12T10:47:25.502+0000] {logging_mixin.py:188} INFO - [2026-07-12T10:47:25.501+0000] {dag.py:3823} INFO - Setting next_dagrun for example_local_kubernetes_executor to None, run_after=None
[2026-07-12T10:47:25.520+0000] {processor.py:183} INFO - Processing /home/airflow/.local/lib/python3.8/site-packages/airflow/example_dags/example_local_kubernetes_executor.py took 0.067 seconds
[2026-07-12T10:47:55.543+0000] {processor.py:161} INFO - Started process (PID=1318) to work on /home/airflow/.local/lib/python3.8/site-packages/airflow/example_dags/example_local_kubernetes_executor.py
[2026-07-12T10:47:55.545+0000] {processor.py:830} INFO - Processing file /home/airflow/.local/lib/python3.8/site-packages/airflow/example_dags/example_local_kubernetes_executor.py for tasks to queue
[2026-07-12T10:47:55.547+0000] {logging_mixin.py:188} INFO - [2026-07-12T10:47:55.546+0000] {dagbag.py:538} INFO - Filling up the DagBag from /home/airflow/.local/lib/python3.8/site-packages/airflow/example_dags/example_local_kubernetes_executor.py
[2026-07-12T10:47:55.554+0000] {processor.py:840} INFO - DAG(s) 'example_local_kubernetes_executor' retrieved from /home/airflow/.local/lib/python3.8/site-packages/airflow/example_dags/example_local_kubernetes_executor.py
[2026-07-12T10:47:55.581+0000] {logging_mixin.py:188} INFO - [2026-07-12T10:47:55.581+0000] {dag.py:3036} INFO - Sync 1 DAGs
[2026-07-12T10:47:55.592+0000] {logging_mixin.py:188} INFO - [2026-07-12T10:47:55.592+0000] {dag.py:3823} INFO - Setting next_dagrun for example_local_kubernetes_executor to None, run_after=None
[2026-07-12T10:47:55.610+0000] {processor.py:183} INFO - Processing /home/airflow/.local/lib/python3.8/site-packages/airflow/example_dags/example_local_kubernetes_executor.py took 0.070 seconds
[2026-07-12T10:48:26.073+0000] {processor.py:161} INFO - Started process (PID=1375) to work on /home/airflow/.local/lib/python3.8/site-packages/airflow/example_dags/example_local_kubernetes_executor.py
[2026-07-12T10:48:26.074+0000] {processor.py:830} INFO - Processing file /home/airflow/.local/lib/python3.8/site-packages/airflow/example_dags/example_local_kubernetes_executor.py for tasks to queue
[2026-07-12T10:48:26.076+0000] {logging_mixin.py:188} INFO - [2026-07-12T10:48:26.076+0000] {dagbag.py:538} INFO - Filling up the DagBag from /home/airflow/.local/lib/python3.8/site-packages/airflow/example_dags/example_local_kubernetes_executor.py
[2026-07-12T10:48:26.084+0000] {processor.py:840} INFO - DAG(s) 'example_local_kubernetes_executor' retrieved from /home/airflow/.local/lib/python3.8/site-packages/airflow/example_dags/example_local_kubernetes_executor.py
[2026-07-12T10:48:26.113+0000] {logging_mixin.py:188} INFO - [2026-07-12T10:48:26.112+0000] {dag.py:3036} INFO - Sync 1 DAGs
[2026-07-12T10:48:26.124+0000] {logging_mixin.py:188} INFO - [2026-07-12T10:48:26.124+0000] {dag.py:3823} INFO - Setting next_dagrun for example_local_kubernetes_executor to None, run_after=None
[2026-07-12T10:48:26.143+0000] {processor.py:183} INFO - Processing /home/airflow/.local/lib/python3.8/site-packages/airflow/example_dags/example_local_kubernetes_executor.py took 0.072 seconds
[2026-07-12T10:48:56.324+0000] {processor.py:161} INFO - Started process (PID=1431) to work on /home/airflow/.local/lib/python3.8/site-packages/airflow/example_dags/example_local_kubernetes_executor.py
[2026-07-12T10:48:56.325+0000] {processor.py:830} INFO - Processing file /home/airflow/.local/lib/python3.8/site-packages/airflow/example_dags/example_local_kubernetes_executor.py for tasks to queue
[2026-07-12T10:48:56.327+0000] {logging_mixin.py:188} INFO - [2026-07-12T10:48:56.326+0000] {dagbag.py:538} INFO - Filling up the DagBag from /home/airflow/.local/lib/python3.8/site-packages/airflow/example_dags/example_local_kubernetes_executor.py
[2026-07-12T10:48:56.333+0000] {processor.py:840} INFO - DAG(s) 'example_local_kubernetes_executor' retrieved from /home/airflow/.local/lib/python3.8/site-packages/airflow/example_dags/example_local_kubernetes_executor.py
[2026-07-12T10:48:56.355+0000] {logging_mixin.py:188} INFO - [2026-07-12T10:48:56.354+0000] {dag.py:3036} INFO - Sync 1 DAGs
[2026-07-12T10:48:56.362+0000] {logging_mixin.py:188} INFO - [2026-07-12T10:48:56.362+0000] {dag.py:3823} INFO - Setting next_dagrun for example_local_kubernetes_executor to None, run_after=None
[2026-07-12T10:48:56.376+0000] {processor.py:183} INFO - Processing /home/airflow/.local/lib/python3.8/site-packages/airflow/example_dags/example_local_kubernetes_executor.py took 0.055 seconds
[2026-07-12T10:49:26.638+0000] {processor.py:161} INFO - Started process (PID=1487) to work on /home/airflow/.local/lib/python3.8/site-packages/airflow/example_dags/example_local_kubernetes_executor.py
[2026-07-12T10:49:26.639+0000] {processor.py:830} INFO - Processing file /home/airflow/.local/lib/python3.8/site-packages/airflow/example_dags/example_local_kubernetes_executor.py for tasks to queue
[2026-07-12T10:49:26.640+0000] {logging_mixin.py:188} INFO - [2026-07-12T10:49:26.640+0000] {dagbag.py:538} INFO - Filling up the DagBag from /home/airflow/.local/lib/python3.8/site-packages/airflow/example_dags/example_local_kubernetes_executor.py
[2026-07-12T10:49:26.649+0000] {processor.py:840} INFO - DAG(s) 'example_local_kubernetes_executor' retrieved from /home/airflow/.local/lib/python3.8/site-packages/airflow/example_dags/example_local_kubernetes_executor.py
[2026-07-12T10:49:26.681+0000] {logging_mixin.py:188} INFO - [2026-07-12T10:49:26.681+0000] {dag.py:3036} INFO - Sync 1 DAGs
[2026-07-12T10:49:26.691+0000] {logging_mixin.py:188} INFO - [2026-07-12T10:49:26.690+0000] {dag.py:3823} INFO - Setting next_dagrun for example_local_kubernetes_executor to None, run_after=None
[2026-07-12T10:49:26.708+0000] {processor.py:183} INFO - Processing /home/airflow/.local/lib/python3.8/site-packages/airflow/example_dags/example_local_kubernetes_executor.py took 0.074 seconds
[2026-07-12T10:49:56.859+0000] {processor.py:161} INFO - Started process (PID=1543) to work on /home/airflow/.local/lib/python3.8/site-packages/airflow/example_dags/example_local_kubernetes_executor.py
[2026-07-12T10:49:56.860+0000] {processor.py:830} INFO - Processing file /home/airflow/.local/lib/python3.8/site-packages/airflow/example_dags/example_local_kubernetes_executor.py for tasks to queue
[2026-07-12T10:49:56.861+0000] {logging_mixin.py:188} INFO - [2026-07-12T10:49:56.861+0000] {dagbag.py:538} INFO - Filling up the DagBag from /home/airflow/.local/lib/python3.8/site-packages/airflow/example_dags/example_local_kubernetes_executor.py
[2026-07-12T10:49:56.870+0000] {processor.py:840} INFO - DAG(s) 'example_local_kubernetes_executor' retrieved from /home/airflow/.local/lib/python3.8/site-packages/airflow/example_dags/example_local_kubernetes_executor.py
[2026-07-12T10:49:56.896+0000] {logging_mixin.py:188} INFO - [2026-07-12T10:49:56.895+0000] {dag.py:3036} INFO - Sync 1 DAGs
[2026-07-12T10:49:56.904+0000] {logging_mixin.py:188} INFO - [2026-07-12T10:49:56.903+0000] {dag.py:3823} INFO - Setting next_dagrun for example_local_kubernetes_executor to None, run_after=None
[2026-07-12T10:49:56.917+0000] {processor.py:183} INFO - Processing /home/airflow/.local/lib/python3.8/site-packages/airflow/example_dags/example_local_kubernetes_executor.py took 0.061 seconds
[2026-07-12T10:50:27.123+0000] {processor.py:161} INFO - Started process (PID=1599) to work on /home/airflow/.local/lib/python3.8/site-packages/airflow/example_dags/example_local_kubernetes_executor.py
[2026-07-12T10:50:27.125+0000] {processor.py:830} INFO - Processing file /home/airflow/.local/lib/python3.8/site-packages/airflow/example_dags/example_local_kubernetes_executor.py for tasks to queue
[2026-07-12T10:50:27.126+0000] {logging_mixin.py:188} INFO - [2026-07-12T10:50:27.126+0000] {dagbag.py:538} INFO - Filling up the DagBag from /home/airflow/.local/lib/python3.8/site-packages/airflow/example_dags/example_local_kubernetes_executor.py
[2026-07-12T10:50:27.132+0000] {processor.py:840} INFO - DAG(s) 'example_local_kubernetes_executor' retrieved from /home/airflow/.local/lib/python3.8/site-packages/airflow/example_dags/example_local_kubernetes_executor.py
[2026-07-12T10:50:27.158+0000] {logging_mixin.py:188} INFO - [2026-07-12T10:50:27.157+0000] {dag.py:3036} INFO - Sync 1 DAGs
[2026-07-12T10:50:27.167+0000] {logging_mixin.py:188} INFO - [2026-07-12T10:50:27.167+0000] {dag.py:3823} INFO - Setting next_dagrun for example_local_kubernetes_executor to None, run_after=None
[2026-07-12T10:50:27.181+0000] {processor.py:183} INFO - Processing /home/airflow/.local/lib/python3.8/site-packages/airflow/example_dags/example_local_kubernetes_executor.py took 0.060 seconds
[2026-07-12T10:50:57.202+0000] {processor.py:161} INFO - Started process (PID=1654) to work on /home/airflow/.local/lib/python3.8/site-packages/airflow/example_dags/example_local_kubernetes_executor.py
[2026-07-12T10:50:57.203+0000] {processor.py:830} INFO - Processing file /home/airflow/.local/lib/python3.8/site-packages/airflow/example_dags/example_local_kubernetes_executor.py for tasks to queue
[2026-07-12T10:50:57.204+0000] {logging_mixin.py:188} INFO - [2026-07-12T10:50:57.204+0000] {dagbag.py:538} INFO - Filling up the DagBag from /home/airflow/.local/lib/python3.8/site-packages/airflow/example_dags/example_local_kubernetes_executor.py
[2026-07-12T10:50:57.210+0000] {processor.py:840} INFO - DAG(s) 'example_local_kubernetes_executor' retrieved from /home/airflow/.local/lib/python3.8/site-packages/airflow/example_dags/example_local_kubernetes_executor.py
[2026-07-12T10:50:57.234+0000] {logging_mixin.py:188} INFO - [2026-07-12T10:50:57.234+0000] {dag.py:3036} INFO - Sync 1 DAGs
[2026-07-12T10:50:57.243+0000] {logging_mixin.py:188} INFO - [2026-07-12T10:50:57.243+0000] {dag.py:3823} INFO - Setting next_dagrun for example_local_kubernetes_executor to None, run_after=None
[2026-07-12T10:50:57.261+0000] {processor.py:183} INFO - Processing /home/airflow/.local/lib/python3.8/site-packages/airflow/example_dags/example_local_kubernetes_executor.py took 0.062 seconds
[2026-07-12T10:51:27.302+0000] {processor.py:161} INFO - Started process (PID=1710) to work on /home/airflow/.local/lib/python3.8/site-packages/airflow/example_dags/example_local_kubernetes_executor.py
[2026-07-12T10:51:27.303+0000] {processor.py:830} INFO - Processing file /home/airflow/.local/lib/python3.8/site-packages/airflow/example_dags/example_local_kubernetes_executor.py for tasks to queue
[2026-07-12T10:51:27.305+0000] {logging_mixin.py:188} INFO - [2026-07-12T10:51:27.305+0000] {dagbag.py:538} INFO - Filling up the DagBag from /home/airflow/.local/lib/python3.8/site-packages/airflow/example_dags/example_local_kubernetes_executor.py
[2026-07-12T10:51:27.315+0000] {processor.py:840} INFO - DAG(s) 'example_local_kubernetes_executor' retrieved from /home/airflow/.local/lib/python3.8/site-packages/airflow/example_dags/example_local_kubernetes_executor.py
[2026-07-12T10:51:27.348+0000] {logging_mixin.py:188} INFO - [2026-07-12T10:51:27.347+0000] {dag.py:3036} INFO - Sync 1 DAGs
[2026-07-12T10:51:27.358+0000] {logging_mixin.py:188} INFO - [2026-07-12T10:51:27.358+0000] {dag.py:3823} INFO - Setting next_dagrun for example_local_kubernetes_executor to None, run_after=None
[2026-07-12T10:51:27.373+0000] {processor.py:183} INFO - Processing /home/airflow/.local/lib/python3.8/site-packages/airflow/example_dags/example_local_kubernetes_executor.py took 0.076 seconds
[2026-07-12T10:51:57.469+0000] {processor.py:161} INFO - Started process (PID=1767) to work on /home/airflow/.local/lib/python3.8/site-packages/airflow/example_dags/example_local_kubernetes_executor.py
[2026-07-12T10:51:57.470+0000] {processor.py:830} INFO - Processing file /home/airflow/.local/lib/python3.8/site-packages/airflow/example_dags/example_local_kubernetes_executor.py for tasks to queue
[2026-07-12T10:51:57.472+0000] {logging_mixin.py:188} INFO - [2026-07-12T10:51:57.472+0000] {dagbag.py:538} INFO - Filling up the DagBag from /home/airflow/.local/lib/python3.8/site-packages/airflow/example_dags/example_local_kubernetes_executor.py
[2026-07-12T10:51:57.478+0000] {processor.py:840} INFO - DAG(s) 'example_local_kubernetes_executor' retrieved from /home/airflow/.local/lib/python3.8/site-packages/airflow/example_dags/example_local_kubernetes_executor.py
[2026-07-12T10:51:57.501+0000] {logging_mixin.py:188} INFO - [2026-07-12T10:51:57.501+0000] {dag.py:3036} INFO - Sync 1 DAGs
[2026-07-12T10:51:57.511+0000] {logging_mixin.py:188} INFO - [2026-07-12T10:51:57.510+0000] {dag.py:3823} INFO - Setting next_dagrun for example_local_kubernetes_executor to None, run_after=None
[2026-07-12T10:51:57.527+0000] {processor.py:183} INFO - Processing /home/airflow/.local/lib/python3.8/site-packages/airflow/example_dags/example_local_kubernetes_executor.py took 0.060 seconds
[2026-07-12T10:52:27.839+0000] {processor.py:161} INFO - Started process (PID=1823) to work on /home/airflow/.local/lib/python3.8/site-packages/airflow/example_dags/example_local_kubernetes_executor.py
[2026-07-12T10:52:27.840+0000] {processor.py:830} INFO - Processing file /home/airflow/.local/lib/python3.8/site-packages/airflow/example_dags/example_local_kubernetes_executor.py for tasks to queue
[2026-07-12T10:52:27.841+0000] {logging_mixin.py:188} INFO - [2026-07-12T10:52:27.841+0000] {dagbag.py:538} INFO - Filling up the DagBag from /home/airflow/.local/lib/python3.8/site-packages/airflow/example_dags/example_local_kubernetes_executor.py
[2026-07-12T10:52:27.848+0000] {processor.py:840} INFO - DAG(s) 'example_local_kubernetes_executor' retrieved from /home/airflow/.local/lib/python3.8/site-packages/airflow/example_dags/example_local_kubernetes_executor.py
[2026-07-12T10:52:27.870+0000] {logging_mixin.py:188} INFO - [2026-07-12T10:52:27.870+0000] {dag.py:3036} INFO - Sync 1 DAGs
[2026-07-12T10:52:27.879+0000] {logging_mixin.py:188} INFO - [2026-07-12T10:52:27.878+0000] {dag.py:3823} INFO - Setting next_dagrun for example_local_kubernetes_executor to None, run_after=None
[2026-07-12T10:52:27.893+0000] {processor.py:183} INFO - Processing /home/airflow/.local/lib/python3.8/site-packages/airflow/example_dags/example_local_kubernetes_executor.py took 0.056 seconds
[2026-07-12T10:52:58.111+0000] {processor.py:161} INFO - Started process (PID=1879) to work on /home/airflow/.local/lib/python3.8/site-packages/airflow/example_dags/example_local_kubernetes_executor.py
[2026-07-12T10:52:58.112+0000] {processor.py:830} INFO - Processing file /home/airflow/.local/lib/python3.8/site-packages/airflow/example_dags/example_local_kubernetes_executor.py for tasks to queue
[2026-07-12T10:52:58.113+0000] {logging_mixin.py:188} INFO - [2026-07-12T10:52:58.113+0000] {dagbag.py:538} INFO - Filling up the DagBag from /home/airflow/.local/lib/python3.8/site-packages/airflow/example_dags/example_local_kubernetes_executor.py
[2026-07-12T10:52:58.119+0000] {processor.py:840} INFO - DAG(s) 'example_local_kubernetes_executor' retrieved from /home/airflow/.local/lib/python3.8/site-packages/airflow/example_dags/example_local_kubernetes_executor.py
[2026-07-12T10:52:58.143+0000] {logging_mixin.py:188} INFO - [2026-07-12T10:52:58.143+0000] {dag.py:3036} INFO - Sync 1 DAGs
[2026-07-12T10:52:58.153+0000] {logging_mixin.py:188} INFO - [2026-07-12T10:52:58.153+0000] {dag.py:3823} INFO - Setting next_dagrun for example_local_kubernetes_executor to None, run_after=None
[2026-07-12T10:52:58.168+0000] {processor.py:183} INFO - Processing /home/airflow/.local/lib/python3.8/site-packages/airflow/example_dags/example_local_kubernetes_executor.py took 0.061 seconds
[2026-07-12T10:53:28.246+0000] {processor.py:161} INFO - Started process (PID=1935) to work on /home/airflow/.local/lib/python3.8/site-packages/airflow/example_dags/example_local_kubernetes_executor.py
[2026-07-12T10:53:28.247+0000] {processor.py:830} INFO - Processing file /home/airflow/.local/lib/python3.8/site-packages/airflow/example_dags/example_local_kubernetes_executor.py for tasks to queue
[2026-07-12T10:53:28.248+0000] {logging_mixin.py:188} INFO - [2026-07-12T10:53:28.248+0000] {dagbag.py:538} INFO - Filling up the DagBag from /home/airflow/.local/lib/python3.8/site-packages/airflow/example_dags/example_local_kubernetes_executor.py
[2026-07-12T10:53:28.255+0000] {processor.py:840} INFO - DAG(s) 'example_local_kubernetes_executor' retrieved from /home/airflow/.local/lib/python3.8/site-packages/airflow/example_dags/example_local_kubernetes_executor.py
[2026-07-12T10:53:28.278+0000] {logging_mixin.py:188} INFO - [2026-07-12T10:53:28.278+0000] {dag.py:3036} INFO - Sync 1 DAGs
[2026-07-12T10:53:28.286+0000] {logging_mixin.py:188} INFO - [2026-07-12T10:53:28.286+0000] {dag.py:3823} INFO - Setting next_dagrun for example_local_kubernetes_executor to None, run_after=None
[2026-07-12T10:53:28.300+0000] {processor.py:183} INFO - Processing /home/airflow/.local/lib/python3.8/site-packages/airflow/example_dags/example_local_kubernetes_executor.py took 0.057 seconds
[2026-07-12T11:23:34.873+0000] {processor.py:161} INFO - Started process (PID=92) to work on /home/airflow/.local/lib/python3.8/site-packages/airflow/example_dags/example_local_kubernetes_executor.py
[2026-07-12T11:23:34.875+0000] {processor.py:830} INFO - Processing file /home/airflow/.local/lib/python3.8/site-packages/airflow/example_dags/example_local_kubernetes_executor.py for tasks to queue
[2026-07-12T11:23:34.876+0000] {logging_mixin.py:188} INFO - [2026-07-12T11:23:34.876+0000] {dagbag.py:538} INFO - Filling up the DagBag from /home/airflow/.local/lib/python3.8/site-packages/airflow/example_dags/example_local_kubernetes_executor.py
[2026-07-12T11:23:34.883+0000] {processor.py:840} INFO - DAG(s) 'example_local_kubernetes_executor' retrieved from /home/airflow/.local/lib/python3.8/site-packages/airflow/example_dags/example_local_kubernetes_executor.py
[2026-07-12T11:23:34.893+0000] {logging_mixin.py:188} INFO - [2026-07-12T11:23:34.893+0000] {dag.py:3036} INFO - Sync 1 DAGs
[2026-07-12T11:23:34.907+0000] {logging_mixin.py:188} INFO - [2026-07-12T11:23:34.906+0000] {dag.py:3823} INFO - Setting next_dagrun for example_local_kubernetes_executor to None, run_after=None
[2026-07-12T11:23:34.925+0000] {processor.py:183} INFO - Processing /home/airflow/.local/lib/python3.8/site-packages/airflow/example_dags/example_local_kubernetes_executor.py took 0.055 seconds
[2026-07-12T11:24:06.043+0000] {processor.py:161} INFO - Started process (PID=148) to work on /home/airflow/.local/lib/python3.8/site-packages/airflow/example_dags/example_local_kubernetes_executor.py
[2026-07-12T11:24:06.044+0000] {processor.py:830} INFO - Processing file /home/airflow/.local/lib/python3.8/site-packages/airflow/example_dags/example_local_kubernetes_executor.py for tasks to queue
[2026-07-12T11:24:06.046+0000] {logging_mixin.py:188} INFO - [2026-07-12T11:24:06.046+0000] {dagbag.py:538} INFO - Filling up the DagBag from /home/airflow/.local/lib/python3.8/site-packages/airflow/example_dags/example_local_kubernetes_executor.py
[2026-07-12T11:24:06.053+0000] {processor.py:840} INFO - DAG(s) 'example_local_kubernetes_executor' retrieved from /home/airflow/.local/lib/python3.8/site-packages/airflow/example_dags/example_local_kubernetes_executor.py
[2026-07-12T11:24:06.134+0000] {logging_mixin.py:188} INFO - [2026-07-12T11:24:06.133+0000] {dag.py:3036} INFO - Sync 1 DAGs
[2026-07-12T11:24:06.142+0000] {logging_mixin.py:188} INFO - [2026-07-12T11:24:06.142+0000] {dag.py:3823} INFO - Setting next_dagrun for example_local_kubernetes_executor to None, run_after=None
[2026-07-12T11:24:06.160+0000] {processor.py:183} INFO - Processing /home/airflow/.local/lib/python3.8/site-packages/airflow/example_dags/example_local_kubernetes_executor.py took 0.120 seconds
[2026-07-12T11:24:37.146+0000] {processor.py:161} INFO - Started process (PID=219) to work on /home/airflow/.local/lib/python3.8/site-packages/airflow/example_dags/example_local_kubernetes_executor.py
[2026-07-12T11:24:37.150+0000] {processor.py:830} INFO - Processing file /home/airflow/.local/lib/python3.8/site-packages/airflow/example_dags/example_local_kubernetes_executor.py for tasks to queue
[2026-07-12T11:24:37.153+0000] {logging_mixin.py:188} INFO - [2026-07-12T11:24:37.152+0000] {dagbag.py:538} INFO - Filling up the DagBag from /home/airflow/.local/lib/python3.8/site-packages/airflow/example_dags/example_local_kubernetes_executor.py
[2026-07-12T11:24:37.172+0000] {processor.py:840} INFO - DAG(s) 'example_local_kubernetes_executor' retrieved from /home/airflow/.local/lib/python3.8/site-packages/airflow/example_dags/example_local_kubernetes_executor.py
[2026-07-12T11:24:37.216+0000] {logging_mixin.py:188} INFO - [2026-07-12T11:24:37.216+0000] {dag.py:3036} INFO - Sync 1 DAGs
[2026-07-12T11:24:37.257+0000] {logging_mixin.py:188} INFO - [2026-07-12T11:24:37.257+0000] {dag.py:3823} INFO - Setting next_dagrun for example_local_kubernetes_executor to None, run_after=None
[2026-07-12T11:24:37.303+0000] {processor.py:183} INFO - Processing /home/airflow/.local/lib/python3.8/site-packages/airflow/example_dags/example_local_kubernetes_executor.py took 0.161 seconds
[2026-07-12T11:25:07.868+0000] {processor.py:161} INFO - Started process (PID=275) to work on /home/airflow/.local/lib/python3.8/site-packages/airflow/example_dags/example_local_kubernetes_executor.py
[2026-07-12T11:25:07.870+0000] {processor.py:830} INFO - Processing file /home/airflow/.local/lib/python3.8/site-packages/airflow/example_dags/example_local_kubernetes_executor.py for tasks to queue
[2026-07-12T11:25:07.872+0000] {logging_mixin.py:188} INFO - [2026-07-12T11:25:07.871+0000] {dagbag.py:538} INFO - Filling up the DagBag from /home/airflow/.local/lib/python3.8/site-packages/airflow/example_dags/example_local_kubernetes_executor.py
[2026-07-12T11:25:07.881+0000] {processor.py:840} INFO - DAG(s) 'example_local_kubernetes_executor' retrieved from /home/airflow/.local/lib/python3.8/site-packages/airflow/example_dags/example_local_kubernetes_executor.py
[2026-07-12T11:25:07.915+0000] {logging_mixin.py:188} INFO - [2026-07-12T11:25:07.915+0000] {dag.py:3036} INFO - Sync 1 DAGs
[2026-07-12T11:25:07.926+0000] {logging_mixin.py:188} INFO - [2026-07-12T11:25:07.925+0000] {dag.py:3823} INFO - Setting next_dagrun for example_local_kubernetes_executor to None, run_after=None
[2026-07-12T11:25:07.947+0000] {processor.py:183} INFO - Processing /home/airflow/.local/lib/python3.8/site-packages/airflow/example_dags/example_local_kubernetes_executor.py took 0.084 seconds
[2026-07-12T11:25:38.000+0000] {processor.py:161} INFO - Started process (PID=331) to work on /home/airflow/.local/lib/python3.8/site-packages/airflow/example_dags/example_local_kubernetes_executor.py
[2026-07-12T11:25:38.001+0000] {processor.py:830} INFO - Processing file /home/airflow/.local/lib/python3.8/site-packages/airflow/example_dags/example_local_kubernetes_executor.py for tasks to queue
[2026-07-12T11:25:38.003+0000] {logging_mixin.py:188} INFO - [2026-07-12T11:25:38.002+0000] {dagbag.py:538} INFO - Filling up the DagBag from /home/airflow/.local/lib/python3.8/site-packages/airflow/example_dags/example_local_kubernetes_executor.py
[2026-07-12T11:25:38.010+0000] {processor.py:840} INFO - DAG(s) 'example_local_kubernetes_executor' retrieved from /home/airflow/.local/lib/python3.8/site-packages/airflow/example_dags/example_local_kubernetes_executor.py
[2026-07-12T11:25:38.038+0000] {logging_mixin.py:188} INFO - [2026-07-12T11:25:38.037+0000] {dag.py:3036} INFO - Sync 1 DAGs
[2026-07-12T11:25:38.048+0000] {logging_mixin.py:188} INFO - [2026-07-12T11:25:38.048+0000] {dag.py:3823} INFO - Setting next_dagrun for example_local_kubernetes_executor to None, run_after=None
[2026-07-12T11:25:38.065+0000] {processor.py:183} INFO - Processing /home/airflow/.local/lib/python3.8/site-packages/airflow/example_dags/example_local_kubernetes_executor.py took 0.068 seconds
[2026-07-12T11:26:09.182+0000] {processor.py:161} INFO - Started process (PID=387) to work on /home/airflow/.local/lib/python3.8/site-packages/airflow/example_dags/example_local_kubernetes_executor.py
[2026-07-12T11:26:09.183+0000] {processor.py:830} INFO - Processing file /home/airflow/.local/lib/python3.8/site-packages/airflow/example_dags/example_local_kubernetes_executor.py for tasks to queue
[2026-07-12T11:26:09.185+0000] {logging_mixin.py:188} INFO - [2026-07-12T11:26:09.185+0000] {dagbag.py:538} INFO - Filling up the DagBag from /home/airflow/.local/lib/python3.8/site-packages/airflow/example_dags/example_local_kubernetes_executor.py
[2026-07-12T11:26:09.192+0000] {processor.py:840} INFO - DAG(s) 'example_local_kubernetes_executor' retrieved from /home/airflow/.local/lib/python3.8/site-packages/airflow/example_dags/example_local_kubernetes_executor.py
[2026-07-12T11:26:09.220+0000] {logging_mixin.py:188} INFO - [2026-07-12T11:26:09.219+0000] {dag.py:3036} INFO - Sync 1 DAGs
[2026-07-12T11:26:09.231+0000] {logging_mixin.py:188} INFO - [2026-07-12T11:26:09.231+0000] {dag.py:3823} INFO - Setting next_dagrun for example_local_kubernetes_executor to None, run_after=None
[2026-07-12T11:26:09.254+0000] {processor.py:183} INFO - Processing /home/airflow/.local/lib/python3.8/site-packages/airflow/example_dags/example_local_kubernetes_executor.py took 0.074 seconds
[2026-07-12T11:26:39.750+0000] {processor.py:161} INFO - Started process (PID=444) to work on /home/airflow/.local/lib/python3.8/site-packages/airflow/example_dags/example_local_kubernetes_executor.py
[2026-07-12T11:26:39.751+0000] {processor.py:830} INFO - Processing file /home/airflow/.local/lib/python3.8/site-packages/airflow/example_dags/example_local_kubernetes_executor.py for tasks to queue
[2026-07-12T11:26:39.753+0000] {logging_mixin.py:188} INFO - [2026-07-12T11:26:39.753+0000] {dagbag.py:538} INFO - Filling up the DagBag from /home/airflow/.local/lib/python3.8/site-packages/airflow/example_dags/example_local_kubernetes_executor.py
[2026-07-12T11:26:39.762+0000] {processor.py:840} INFO - DAG(s) 'example_local_kubernetes_executor' retrieved from /home/airflow/.local/lib/python3.8/site-packages/airflow/example_dags/example_local_kubernetes_executor.py
[2026-07-12T11:26:39.804+0000] {logging_mixin.py:188} INFO - [2026-07-12T11:26:39.803+0000] {dag.py:3036} INFO - Sync 1 DAGs
[2026-07-12T11:26:39.815+0000] {logging_mixin.py:188} INFO - [2026-07-12T11:26:39.815+0000] {dag.py:3823} INFO - Setting next_dagrun for example_local_kubernetes_executor to None, run_after=None
[2026-07-12T11:26:39.834+0000] {processor.py:183} INFO - Processing /home/airflow/.local/lib/python3.8/site-packages/airflow/example_dags/example_local_kubernetes_executor.py took 0.088 seconds
[2026-07-12T11:27:09.981+0000] {processor.py:161} INFO - Started process (PID=500) to work on /home/airflow/.local/lib/python3.8/site-packages/airflow/example_dags/example_local_kubernetes_executor.py
[2026-07-12T11:27:09.982+0000] {processor.py:830} INFO - Processing file /home/airflow/.local/lib/python3.8/site-packages/airflow/example_dags/example_local_kubernetes_executor.py for tasks to queue
[2026-07-12T11:27:09.983+0000] {logging_mixin.py:188} INFO - [2026-07-12T11:27:09.983+0000] {dagbag.py:538} INFO - Filling up the DagBag from /home/airflow/.local/lib/python3.8/site-packages/airflow/example_dags/example_local_kubernetes_executor.py
[2026-07-12T11:27:09.990+0000] {processor.py:840} INFO - DAG(s) 'example_local_kubernetes_executor' retrieved from /home/airflow/.local/lib/python3.8/site-packages/airflow/example_dags/example_local_kubernetes_executor.py
[2026-07-12T11:27:10.016+0000] {logging_mixin.py:188} INFO - [2026-07-12T11:27:10.016+0000] {dag.py:3036} INFO - Sync 1 DAGs
[2026-07-12T11:27:10.026+0000] {logging_mixin.py:188} INFO - [2026-07-12T11:27:10.025+0000] {dag.py:3823} INFO - Setting next_dagrun for example_local_kubernetes_executor to None, run_after=None
[2026-07-12T11:27:10.041+0000] {processor.py:183} INFO - Processing /home/airflow/.local/lib/python3.8/site-packages/airflow/example_dags/example_local_kubernetes_executor.py took 0.063 seconds
[2026-07-12T11:27:40.271+0000] {processor.py:161} INFO - Started process (PID=556) to work on /home/airflow/.local/lib/python3.8/site-packages/airflow/example_dags/example_local_kubernetes_executor.py
[2026-07-12T11:27:40.272+0000] {processor.py:830} INFO - Processing file /home/airflow/.local/lib/python3.8/site-packages/airflow/example_dags/example_local_kubernetes_executor.py for tasks to queue
[2026-07-12T11:27:40.274+0000] {logging_mixin.py:188} INFO - [2026-07-12T11:27:40.273+0000] {dagbag.py:538} INFO - Filling up the DagBag from /home/airflow/.local/lib/python3.8/site-packages/airflow/example_dags/example_local_kubernetes_executor.py
[2026-07-12T11:27:40.282+0000] {processor.py:840} INFO - DAG(s) 'example_local_kubernetes_executor' retrieved from /home/airflow/.local/lib/python3.8/site-packages/airflow/example_dags/example_local_kubernetes_executor.py
[2026-07-12T11:27:40.310+0000] {logging_mixin.py:188} INFO - [2026-07-12T11:27:40.310+0000] {dag.py:3036} INFO - Sync 1 DAGs
[2026-07-12T11:27:40.321+0000] {logging_mixin.py:188} INFO - [2026-07-12T11:27:40.320+0000] {dag.py:3823} INFO - Setting next_dagrun for example_local_kubernetes_executor to None, run_after=None
[2026-07-12T11:27:40.336+0000] {processor.py:183} INFO - Processing /home/airflow/.local/lib/python3.8/site-packages/airflow/example_dags/example_local_kubernetes_executor.py took 0.068 seconds
[2026-07-12T11:28:10.702+0000] {processor.py:161} INFO - Started process (PID=612) to work on /home/airflow/.local/lib/python3.8/site-packages/airflow/example_dags/example_local_kubernetes_executor.py
[2026-07-12T11:28:10.704+0000] {processor.py:830} INFO - Processing file /home/airflow/.local/lib/python3.8/site-packages/airflow/example_dags/example_local_kubernetes_executor.py for tasks to queue
[2026-07-12T11:28:10.706+0000] {logging_mixin.py:188} INFO - [2026-07-12T11:28:10.706+0000] {dagbag.py:538} INFO - Filling up the DagBag from /home/airflow/.local/lib/python3.8/site-packages/airflow/example_dags/example_local_kubernetes_executor.py
[2026-07-12T11:28:10.723+0000] {processor.py:840} INFO - DAG(s) 'example_local_kubernetes_executor' retrieved from /home/airflow/.local/lib/python3.8/site-packages/airflow/example_dags/example_local_kubernetes_executor.py
[2026-07-12T11:28:10.782+0000] {logging_mixin.py:188} INFO - [2026-07-12T11:28:10.781+0000] {dag.py:3036} INFO - Sync 1 DAGs
[2026-07-12T11:28:10.799+0000] {logging_mixin.py:188} INFO - [2026-07-12T11:28:10.799+0000] {dag.py:3823} INFO - Setting next_dagrun for example_local_kubernetes_executor to None, run_after=None
[2026-07-12T11:28:10.818+0000] {processor.py:183} INFO - Processing /home/airflow/.local/lib/python3.8/site-packages/airflow/example_dags/example_local_kubernetes_executor.py took 0.124 seconds
[2026-07-12T11:28:40.935+0000] {processor.py:161} INFO - Started process (PID=668) to work on /home/airflow/.local/lib/python3.8/site-packages/airflow/example_dags/example_local_kubernetes_executor.py
[2026-07-12T11:28:40.937+0000] {processor.py:830} INFO - Processing file /home/airflow/.local/lib/python3.8/site-packages/airflow/example_dags/example_local_kubernetes_executor.py for tasks to queue
[2026-07-12T11:28:40.939+0000] {logging_mixin.py:188} INFO - [2026-07-12T11:28:40.939+0000] {dagbag.py:538} INFO - Filling up the DagBag from /home/airflow/.local/lib/python3.8/site-packages/airflow/example_dags/example_local_kubernetes_executor.py
[2026-07-12T11:28:40.945+0000] {processor.py:840} INFO - DAG(s) 'example_local_kubernetes_executor' retrieved from /home/airflow/.local/lib/python3.8/site-packages/airflow/example_dags/example_local_kubernetes_executor.py
[2026-07-12T11:28:40.972+0000] {logging_mixin.py:188} INFO - [2026-07-12T11:28:40.972+0000] {dag.py:3036} INFO - Sync 1 DAGs
[2026-07-12T11:28:40.982+0000] {logging_mixin.py:188} INFO - [2026-07-12T11:28:40.982+0000] {dag.py:3823} INFO - Setting next_dagrun for example_local_kubernetes_executor to None, run_after=None
[2026-07-12T11:28:41.001+0000] {processor.py:183} INFO - Processing /home/airflow/.local/lib/python3.8/site-packages/airflow/example_dags/example_local_kubernetes_executor.py took 0.068 seconds
[2026-07-12T11:29:11.063+0000] {processor.py:161} INFO - Started process (PID=724) to work on /home/airflow/.local/lib/python3.8/site-packages/airflow/example_dags/example_local_kubernetes_executor.py
[2026-07-12T11:29:11.064+0000] {processor.py:830} INFO - Processing file /home/airflow/.local/lib/python3.8/site-packages/airflow/example_dags/example_local_kubernetes_executor.py for tasks to queue
[2026-07-12T11:29:11.066+0000] {logging_mixin.py:188} INFO - [2026-07-12T11:29:11.066+0000] {dagbag.py:538} INFO - Filling up the DagBag from /home/airflow/.local/lib/python3.8/site-packages/airflow/example_dags/example_local_kubernetes_executor.py
[2026-07-12T11:29:11.073+0000] {processor.py:840} INFO - DAG(s) 'example_local_kubernetes_executor' retrieved from /home/airflow/.local/lib/python3.8/site-packages/airflow/example_dags/example_local_kubernetes_executor.py
[2026-07-12T11:29:11.099+0000] {logging_mixin.py:188} INFO - [2026-07-12T11:29:11.098+0000] {dag.py:3036} INFO - Sync 1 DAGs
[2026-07-12T11:29:11.109+0000] {logging_mixin.py:188} INFO - [2026-07-12T11:29:11.109+0000] {dag.py:3823} INFO - Setting next_dagrun for example_local_kubernetes_executor to None, run_after=None
[2026-07-12T11:29:11.123+0000] {processor.py:183} INFO - Processing /home/airflow/.local/lib/python3.8/site-packages/airflow/example_dags/example_local_kubernetes_executor.py took 0.062 seconds
[2026-07-12T11:29:41.473+0000] {processor.py:161} INFO - Started process (PID=780) to work on /home/airflow/.local/lib/python3.8/site-packages/airflow/example_dags/example_local_kubernetes_executor.py
[2026-07-12T11:29:41.474+0000] {processor.py:830} INFO - Processing file /home/airflow/.local/lib/python3.8/site-packages/airflow/example_dags/example_local_kubernetes_executor.py for tasks to queue
[2026-07-12T11:29:41.476+0000] {logging_mixin.py:188} INFO - [2026-07-12T11:29:41.476+0000] {dagbag.py:538} INFO - Filling up the DagBag from /home/airflow/.local/lib/python3.8/site-packages/airflow/example_dags/example_local_kubernetes_executor.py
[2026-07-12T11:29:41.487+0000] {processor.py:840} INFO - DAG(s) 'example_local_kubernetes_executor' retrieved from /home/airflow/.local/lib/python3.8/site-packages/airflow/example_dags/example_local_kubernetes_executor.py
[2026-07-12T11:29:41.522+0000] {logging_mixin.py:188} INFO - [2026-07-12T11:29:41.521+0000] {dag.py:3036} INFO - Sync 1 DAGs
[2026-07-12T11:29:41.533+0000] {logging_mixin.py:188} INFO - [2026-07-12T11:29:41.533+0000] {dag.py:3823} INFO - Setting next_dagrun for example_local_kubernetes_executor to None, run_after=None
[2026-07-12T11:29:41.553+0000] {processor.py:183} INFO - Processing /home/airflow/.local/lib/python3.8/site-packages/airflow/example_dags/example_local_kubernetes_executor.py took 0.083 seconds
[2026-07-12T11:30:13.786+0000] {processor.py:161} INFO - Started process (PID=843) to work on /home/airflow/.local/lib/python3.8/site-packages/airflow/example_dags/example_local_kubernetes_executor.py
[2026-07-12T11:30:13.789+0000] {processor.py:830} INFO - Processing file /home/airflow/.local/lib/python3.8/site-packages/airflow/example_dags/example_local_kubernetes_executor.py for tasks to queue
[2026-07-12T11:30:13.793+0000] {logging_mixin.py:188} INFO - [2026-07-12T11:30:13.792+0000] {dagbag.py:538} INFO - Filling up the DagBag from /home/airflow/.local/lib/python3.8/site-packages/airflow/example_dags/example_local_kubernetes_executor.py
[2026-07-12T11:30:13.819+0000] {processor.py:840} INFO - DAG(s) 'example_local_kubernetes_executor' retrieved from /home/airflow/.local/lib/python3.8/site-packages/airflow/example_dags/example_local_kubernetes_executor.py
[2026-07-12T11:30:13.969+0000] {logging_mixin.py:188} INFO - [2026-07-12T11:30:13.967+0000] {dag.py:3036} INFO - Sync 1 DAGs
[2026-07-12T11:30:14.003+0000] {logging_mixin.py:188} INFO - [2026-07-12T11:30:13.999+0000] {dag.py:3823} INFO - Setting next_dagrun for example_local_kubernetes_executor to None, run_after=None
[2026-07-12T11:30:14.065+0000] {processor.py:183} INFO - Processing /home/airflow/.local/lib/python3.8/site-packages/airflow/example_dags/example_local_kubernetes_executor.py took 0.288 seconds
[2026-07-12T11:30:44.244+0000] {processor.py:161} INFO - Started process (PID=899) to work on /home/airflow/.local/lib/python3.8/site-packages/airflow/example_dags/example_local_kubernetes_executor.py
[2026-07-12T11:30:44.245+0000] {processor.py:830} INFO - Processing file /home/airflow/.local/lib/python3.8/site-packages/airflow/example_dags/example_local_kubernetes_executor.py for tasks to queue
[2026-07-12T11:30:44.247+0000] {logging_mixin.py:188} INFO - [2026-07-12T11:30:44.246+0000] {dagbag.py:538} INFO - Filling up the DagBag from /home/airflow/.local/lib/python3.8/site-packages/airflow/example_dags/example_local_kubernetes_executor.py
[2026-07-12T11:30:44.253+0000] {processor.py:840} INFO - DAG(s) 'example_local_kubernetes_executor' retrieved from /home/airflow/.local/lib/python3.8/site-packages/airflow/example_dags/example_local_kubernetes_executor.py
[2026-07-12T11:30:44.279+0000] {logging_mixin.py:188} INFO - [2026-07-12T11:30:44.279+0000] {dag.py:3036} INFO - Sync 1 DAGs
[2026-07-12T11:30:44.288+0000] {logging_mixin.py:188} INFO - [2026-07-12T11:30:44.288+0000] {dag.py:3823} INFO - Setting next_dagrun for example_local_kubernetes_executor to None, run_after=None
[2026-07-12T11:30:44.302+0000] {processor.py:183} INFO - Processing /home/airflow/.local/lib/python3.8/site-packages/airflow/example_dags/example_local_kubernetes_executor.py took 0.061 seconds
[2026-07-12T11:31:14.350+0000] {processor.py:161} INFO - Started process (PID=955) to work on /home/airflow/.local/lib/python3.8/site-packages/airflow/example_dags/example_local_kubernetes_executor.py
[2026-07-12T11:31:14.351+0000] {processor.py:830} INFO - Processing file /home/airflow/.local/lib/python3.8/site-packages/airflow/example_dags/example_local_kubernetes_executor.py for tasks to queue
[2026-07-12T11:31:14.352+0000] {logging_mixin.py:188} INFO - [2026-07-12T11:31:14.352+0000] {dagbag.py:538} INFO - Filling up the DagBag from /home/airflow/.local/lib/python3.8/site-packages/airflow/example_dags/example_local_kubernetes_executor.py
[2026-07-12T11:31:14.358+0000] {processor.py:840} INFO - DAG(s) 'example_local_kubernetes_executor' retrieved from /home/airflow/.local/lib/python3.8/site-packages/airflow/example_dags/example_local_kubernetes_executor.py
[2026-07-12T11:31:14.383+0000] {logging_mixin.py:188} INFO - [2026-07-12T11:31:14.382+0000] {dag.py:3036} INFO - Sync 1 DAGs
[2026-07-12T11:31:14.391+0000] {logging_mixin.py:188} INFO - [2026-07-12T11:31:14.391+0000] {dag.py:3823} INFO - Setting next_dagrun for example_local_kubernetes_executor to None, run_after=None
[2026-07-12T11:31:14.406+0000] {processor.py:183} INFO - Processing /home/airflow/.local/lib/python3.8/site-packages/airflow/example_dags/example_local_kubernetes_executor.py took 0.059 seconds
[2026-07-12T11:31:44.585+0000] {processor.py:161} INFO - Started process (PID=1011) to work on /home/airflow/.local/lib/python3.8/site-packages/airflow/example_dags/example_local_kubernetes_executor.py
[2026-07-12T11:31:44.586+0000] {processor.py:830} INFO - Processing file /home/airflow/.local/lib/python3.8/site-packages/airflow/example_dags/example_local_kubernetes_executor.py for tasks to queue
[2026-07-12T11:31:44.587+0000] {logging_mixin.py:188} INFO - [2026-07-12T11:31:44.587+0000] {dagbag.py:538} INFO - Filling up the DagBag from /home/airflow/.local/lib/python3.8/site-packages/airflow/example_dags/example_local_kubernetes_executor.py
[2026-07-12T11:31:44.598+0000] {processor.py:840} INFO - DAG(s) 'example_local_kubernetes_executor' retrieved from /home/airflow/.local/lib/python3.8/site-packages/airflow/example_dags/example_local_kubernetes_executor.py
[2026-07-12T11:31:44.632+0000] {logging_mixin.py:188} INFO - [2026-07-12T11:31:44.632+0000] {dag.py:3036} INFO - Sync 1 DAGs
[2026-07-12T11:31:44.642+0000] {logging_mixin.py:188} INFO - [2026-07-12T11:31:44.642+0000] {dag.py:3823} INFO - Setting next_dagrun for example_local_kubernetes_executor to None, run_after=None
[2026-07-12T11:31:44.661+0000] {processor.py:183} INFO - Processing /home/airflow/.local/lib/python3.8/site-packages/airflow/example_dags/example_local_kubernetes_executor.py took 0.079 seconds
[2026-07-12T11:32:14.710+0000] {processor.py:161} INFO - Started process (PID=1067) to work on /home/airflow/.local/lib/python3.8/site-packages/airflow/example_dags/example_local_kubernetes_executor.py
[2026-07-12T11:32:14.711+0000] {processor.py:830} INFO - Processing file /home/airflow/.local/lib/python3.8/site-packages/airflow/example_dags/example_local_kubernetes_executor.py for tasks to queue
[2026-07-12T11:32:14.713+0000] {logging_mixin.py:188} INFO - [2026-07-12T11:32:14.712+0000] {dagbag.py:538} INFO - Filling up the DagBag from /home/airflow/.local/lib/python3.8/site-packages/airflow/example_dags/example_local_kubernetes_executor.py
[2026-07-12T11:32:14.720+0000] {processor.py:840} INFO - DAG(s) 'example_local_kubernetes_executor' retrieved from /home/airflow/.local/lib/python3.8/site-packages/airflow/example_dags/example_local_kubernetes_executor.py
[2026-07-12T11:32:14.749+0000] {logging_mixin.py:188} INFO - [2026-07-12T11:32:14.749+0000] {dag.py:3036} INFO - Sync 1 DAGs
[2026-07-12T11:32:14.759+0000] {logging_mixin.py:188} INFO - [2026-07-12T11:32:14.759+0000] {dag.py:3823} INFO - Setting next_dagrun for example_local_kubernetes_executor to None, run_after=None
[2026-07-12T11:32:14.780+0000] {processor.py:183} INFO - Processing /home/airflow/.local/lib/python3.8/site-packages/airflow/example_dags/example_local_kubernetes_executor.py took 0.073 seconds
[2026-07-12T11:32:45.120+0000] {processor.py:161} INFO - Started process (PID=1123) to work on /home/airflow/.local/lib/python3.8/site-packages/airflow/example_dags/example_local_kubernetes_executor.py
[2026-07-12T11:32:45.121+0000] {processor.py:830} INFO - Processing file /home/airflow/.local/lib/python3.8/site-packages/airflow/example_dags/example_local_kubernetes_executor.py for tasks to queue
[2026-07-12T11:32:45.124+0000] {logging_mixin.py:188} INFO - [2026-07-12T11:32:45.123+0000] {dagbag.py:538} INFO - Filling up the DagBag from /home/airflow/.local/lib/python3.8/site-packages/airflow/example_dags/example_local_kubernetes_executor.py
[2026-07-12T11:32:45.133+0000] {processor.py:840} INFO - DAG(s) 'example_local_kubernetes_executor' retrieved from /home/airflow/.local/lib/python3.8/site-packages/airflow/example_dags/example_local_kubernetes_executor.py
[2026-07-12T11:32:45.160+0000] {logging_mixin.py:188} INFO - [2026-07-12T11:32:45.160+0000] {dag.py:3036} INFO - Sync 1 DAGs
[2026-07-12T11:32:45.176+0000] {logging_mixin.py:188} INFO - [2026-07-12T11:32:45.175+0000] {dag.py:3823} INFO - Setting next_dagrun for example_local_kubernetes_executor to None, run_after=None
[2026-07-12T11:32:45.219+0000] {processor.py:183} INFO - Processing /home/airflow/.local/lib/python3.8/site-packages/airflow/example_dags/example_local_kubernetes_executor.py took 0.104 seconds
[2026-07-12T11:33:15.632+0000] {processor.py:161} INFO - Started process (PID=1179) to work on /home/airflow/.local/lib/python3.8/site-packages/airflow/example_dags/example_local_kubernetes_executor.py
[2026-07-12T11:33:15.633+0000] {processor.py:830} INFO - Processing file /home/airflow/.local/lib/python3.8/site-packages/airflow/example_dags/example_local_kubernetes_executor.py for tasks to queue
[2026-07-12T11:33:15.634+0000] {logging_mixin.py:188} INFO - [2026-07-12T11:33:15.634+0000] {dagbag.py:538} INFO - Filling up the DagBag from /home/airflow/.local/lib/python3.8/site-packages/airflow/example_dags/example_local_kubernetes_executor.py
[2026-07-12T11:33:15.641+0000] {processor.py:840} INFO - DAG(s) 'example_local_kubernetes_executor' retrieved from /home/airflow/.local/lib/python3.8/site-packages/airflow/example_dags/example_local_kubernetes_executor.py
[2026-07-12T11:33:15.666+0000] {logging_mixin.py:188} INFO - [2026-07-12T11:33:15.666+0000] {dag.py:3036} INFO - Sync 1 DAGs
[2026-07-12T11:33:15.699+0000] {logging_mixin.py:188} INFO - [2026-07-12T11:33:15.698+0000] {dag.py:3823} INFO - Setting next_dagrun for example_local_kubernetes_executor to None, run_after=None
[2026-07-12T11:33:15.732+0000] {processor.py:183} INFO - Processing /home/airflow/.local/lib/python3.8/site-packages/airflow/example_dags/example_local_kubernetes_executor.py took 0.103 seconds
[2026-07-12T11:33:45.897+0000] {processor.py:161} INFO - Started process (PID=1235) to work on /home/airflow/.local/lib/python3.8/site-packages/airflow/example_dags/example_local_kubernetes_executor.py
[2026-07-12T11:33:45.898+0000] {processor.py:830} INFO - Processing file /home/airflow/.local/lib/python3.8/site-packages/airflow/example_dags/example_local_kubernetes_executor.py for tasks to queue
[2026-07-12T11:33:45.899+0000] {logging_mixin.py:188} INFO - [2026-07-12T11:33:45.899+0000] {dagbag.py:538} INFO - Filling up the DagBag from /home/airflow/.local/lib/python3.8/site-packages/airflow/example_dags/example_local_kubernetes_executor.py
[2026-07-12T11:33:45.906+0000] {processor.py:840} INFO - DAG(s) 'example_local_kubernetes_executor' retrieved from /home/airflow/.local/lib/python3.8/site-packages/airflow/example_dags/example_local_kubernetes_executor.py
[2026-07-12T11:33:45.933+0000] {logging_mixin.py:188} INFO - [2026-07-12T11:33:45.933+0000] {dag.py:3036} INFO - Sync 1 DAGs
[2026-07-12T11:33:45.942+0000] {logging_mixin.py:188} INFO - [2026-07-12T11:33:45.941+0000] {dag.py:3823} INFO - Setting next_dagrun for example_local_kubernetes_executor to None, run_after=None
[2026-07-12T11:33:45.959+0000] {processor.py:183} INFO - Processing /home/airflow/.local/lib/python3.8/site-packages/airflow/example_dags/example_local_kubernetes_executor.py took 0.065 seconds
[2026-07-12T11:34:16.026+0000] {processor.py:161} INFO - Started process (PID=1291) to work on /home/airflow/.local/lib/python3.8/site-packages/airflow/example_dags/example_local_kubernetes_executor.py
[2026-07-12T11:34:16.027+0000] {processor.py:830} INFO - Processing file /home/airflow/.local/lib/python3.8/site-packages/airflow/example_dags/example_local_kubernetes_executor.py for tasks to queue
[2026-07-12T11:34:16.028+0000] {logging_mixin.py:188} INFO - [2026-07-12T11:34:16.028+0000] {dagbag.py:538} INFO - Filling up the DagBag from /home/airflow/.local/lib/python3.8/site-packages/airflow/example_dags/example_local_kubernetes_executor.py
[2026-07-12T11:34:16.036+0000] {processor.py:840} INFO - DAG(s) 'example_local_kubernetes_executor' retrieved from /home/airflow/.local/lib/python3.8/site-packages/airflow/example_dags/example_local_kubernetes_executor.py
[2026-07-12T11:34:16.061+0000] {logging_mixin.py:188} INFO - [2026-07-12T11:34:16.061+0000] {dag.py:3036} INFO - Sync 1 DAGs
[2026-07-12T11:34:16.071+0000] {logging_mixin.py:188} INFO - [2026-07-12T11:34:16.070+0000] {dag.py:3823} INFO - Setting next_dagrun for example_local_kubernetes_executor to None, run_after=None
[2026-07-12T11:34:16.085+0000] {processor.py:183} INFO - Processing /home/airflow/.local/lib/python3.8/site-packages/airflow/example_dags/example_local_kubernetes_executor.py took 0.062 seconds
[2026-07-12T11:34:46.288+0000] {processor.py:161} INFO - Started process (PID=1347) to work on /home/airflow/.local/lib/python3.8/site-packages/airflow/example_dags/example_local_kubernetes_executor.py
[2026-07-12T11:34:46.289+0000] {processor.py:830} INFO - Processing file /home/airflow/.local/lib/python3.8/site-packages/airflow/example_dags/example_local_kubernetes_executor.py for tasks to queue
[2026-07-12T11:34:46.291+0000] {logging_mixin.py:188} INFO - [2026-07-12T11:34:46.290+0000] {dagbag.py:538} INFO - Filling up the DagBag from /home/airflow/.local/lib/python3.8/site-packages/airflow/example_dags/example_local_kubernetes_executor.py
[2026-07-12T11:34:46.297+0000] {processor.py:840} INFO - DAG(s) 'example_local_kubernetes_executor' retrieved from /home/airflow/.local/lib/python3.8/site-packages/airflow/example_dags/example_local_kubernetes_executor.py
[2026-07-12T11:34:46.323+0000] {logging_mixin.py:188} INFO - [2026-07-12T11:34:46.323+0000] {dag.py:3036} INFO - Sync 1 DAGs
[2026-07-12T11:34:46.333+0000] {logging_mixin.py:188} INFO - [2026-07-12T11:34:46.332+0000] {dag.py:3823} INFO - Setting next_dagrun for example_local_kubernetes_executor to None, run_after=None
[2026-07-12T11:34:46.349+0000] {processor.py:183} INFO - Processing /home/airflow/.local/lib/python3.8/site-packages/airflow/example_dags/example_local_kubernetes_executor.py took 0.063 seconds
[2026-07-12T11:35:17.240+0000] {processor.py:161} INFO - Started process (PID=1403) to work on /home/airflow/.local/lib/python3.8/site-packages/airflow/example_dags/example_local_kubernetes_executor.py
[2026-07-12T11:35:17.241+0000] {processor.py:830} INFO - Processing file /home/airflow/.local/lib/python3.8/site-packages/airflow/example_dags/example_local_kubernetes_executor.py for tasks to queue
[2026-07-12T11:35:17.242+0000] {logging_mixin.py:188} INFO - [2026-07-12T11:35:17.242+0000] {dagbag.py:538} INFO - Filling up the DagBag from /home/airflow/.local/lib/python3.8/site-packages/airflow/example_dags/example_local_kubernetes_executor.py
[2026-07-12T11:35:17.251+0000] {processor.py:840} INFO - DAG(s) 'example_local_kubernetes_executor' retrieved from /home/airflow/.local/lib/python3.8/site-packages/airflow/example_dags/example_local_kubernetes_executor.py
[2026-07-12T11:35:17.282+0000] {logging_mixin.py:188} INFO - [2026-07-12T11:35:17.282+0000] {dag.py:3036} INFO - Sync 1 DAGs
[2026-07-12T11:35:17.293+0000] {logging_mixin.py:188} INFO - [2026-07-12T11:35:17.292+0000] {dag.py:3823} INFO - Setting next_dagrun for example_local_kubernetes_executor to None, run_after=None
[2026-07-12T11:35:17.313+0000] {processor.py:183} INFO - Processing /home/airflow/.local/lib/python3.8/site-packages/airflow/example_dags/example_local_kubernetes_executor.py took 0.077 seconds
[2026-07-12T11:35:47.652+0000] {processor.py:161} INFO - Started process (PID=1459) to work on /home/airflow/.local/lib/python3.8/site-packages/airflow/example_dags/example_local_kubernetes_executor.py
[2026-07-12T11:35:47.654+0000] {processor.py:830} INFO - Processing file /home/airflow/.local/lib/python3.8/site-packages/airflow/example_dags/example_local_kubernetes_executor.py for tasks to queue
[2026-07-12T11:35:47.655+0000] {logging_mixin.py:188} INFO - [2026-07-12T11:35:47.655+0000] {dagbag.py:538} INFO - Filling up the DagBag from /home/airflow/.local/lib/python3.8/site-packages/airflow/example_dags/example_local_kubernetes_executor.py
[2026-07-12T11:35:47.662+0000] {processor.py:840} INFO - DAG(s) 'example_local_kubernetes_executor' retrieved from /home/airflow/.local/lib/python3.8/site-packages/airflow/example_dags/example_local_kubernetes_executor.py
[2026-07-12T11:35:47.687+0000] {logging_mixin.py:188} INFO - [2026-07-12T11:35:47.687+0000] {dag.py:3036} INFO - Sync 1 DAGs
[2026-07-12T11:35:47.697+0000] {logging_mixin.py:188} INFO - [2026-07-12T11:35:47.697+0000] {dag.py:3823} INFO - Setting next_dagrun for example_local_kubernetes_executor to None, run_after=None
[2026-07-12T11:35:47.710+0000] {processor.py:183} INFO - Processing /home/airflow/.local/lib/python3.8/site-packages/airflow/example_dags/example_local_kubernetes_executor.py took 0.060 seconds
[2026-07-12T11:36:18.287+0000] {processor.py:161} INFO - Started process (PID=1515) to work on /home/airflow/.local/lib/python3.8/site-packages/airflow/example_dags/example_local_kubernetes_executor.py
[2026-07-12T11:36:18.289+0000] {processor.py:830} INFO - Processing file /home/airflow/.local/lib/python3.8/site-packages/airflow/example_dags/example_local_kubernetes_executor.py for tasks to queue
[2026-07-12T11:36:18.290+0000] {logging_mixin.py:188} INFO - [2026-07-12T11:36:18.290+0000] {dagbag.py:538} INFO - Filling up the DagBag from /home/airflow/.local/lib/python3.8/site-packages/airflow/example_dags/example_local_kubernetes_executor.py
[2026-07-12T11:36:18.297+0000] {processor.py:840} INFO - DAG(s) 'example_local_kubernetes_executor' retrieved from /home/airflow/.local/lib/python3.8/site-packages/airflow/example_dags/example_local_kubernetes_executor.py
[2026-07-12T11:36:18.322+0000] {logging_mixin.py:188} INFO - [2026-07-12T11:36:18.321+0000] {dag.py:3036} INFO - Sync 1 DAGs
[2026-07-12T11:36:18.330+0000] {logging_mixin.py:188} INFO - [2026-07-12T11:36:18.330+0000] {dag.py:3823} INFO - Setting next_dagrun for example_local_kubernetes_executor to None, run_after=None
[2026-07-12T11:36:18.345+0000] {processor.py:183} INFO - Processing /home/airflow/.local/lib/python3.8/site-packages/airflow/example_dags/example_local_kubernetes_executor.py took 0.061 seconds
[2026-07-12T11:36:48.484+0000] {processor.py:161} INFO - Started process (PID=1572) to work on /home/airflow/.local/lib/python3.8/site-packages/airflow/example_dags/example_local_kubernetes_executor.py
[2026-07-12T11:36:48.485+0000] {processor.py:830} INFO - Processing file /home/airflow/.local/lib/python3.8/site-packages/airflow/example_dags/example_local_kubernetes_executor.py for tasks to queue
[2026-07-12T11:36:48.487+0000] {logging_mixin.py:188} INFO - [2026-07-12T11:36:48.486+0000] {dagbag.py:538} INFO - Filling up the DagBag from /home/airflow/.local/lib/python3.8/site-packages/airflow/example_dags/example_local_kubernetes_executor.py
[2026-07-12T11:36:48.493+0000] {processor.py:840} INFO - DAG(s) 'example_local_kubernetes_executor' retrieved from /home/airflow/.local/lib/python3.8/site-packages/airflow/example_dags/example_local_kubernetes_executor.py
[2026-07-12T11:36:48.518+0000] {logging_mixin.py:188} INFO - [2026-07-12T11:36:48.518+0000] {dag.py:3036} INFO - Sync 1 DAGs
[2026-07-12T11:36:48.528+0000] {logging_mixin.py:188} INFO - [2026-07-12T11:36:48.527+0000] {dag.py:3823} INFO - Setting next_dagrun for example_local_kubernetes_executor to None, run_after=None
[2026-07-12T11:36:48.542+0000] {processor.py:183} INFO - Processing /home/airflow/.local/lib/python3.8/site-packages/airflow/example_dags/example_local_kubernetes_executor.py took 0.061 seconds
[2026-07-12T11:37:19.174+0000] {processor.py:161} INFO - Started process (PID=1628) to work on /home/airflow/.local/lib/python3.8/site-packages/airflow/example_dags/example_local_kubernetes_executor.py
[2026-07-12T11:37:19.175+0000] {processor.py:830} INFO - Processing file /home/airflow/.local/lib/python3.8/site-packages/airflow/example_dags/example_local_kubernetes_executor.py for tasks to queue
[2026-07-12T11:37:19.177+0000] {logging_mixin.py:188} INFO - [2026-07-12T11:37:19.177+0000] {dagbag.py:538} INFO - Filling up the DagBag from /home/airflow/.local/lib/python3.8/site-packages/airflow/example_dags/example_local_kubernetes_executor.py
[2026-07-12T11:37:19.186+0000] {processor.py:840} INFO - DAG(s) 'example_local_kubernetes_executor' retrieved from /home/airflow/.local/lib/python3.8/site-packages/airflow/example_dags/example_local_kubernetes_executor.py
[2026-07-12T11:37:19.224+0000] {logging_mixin.py:188} INFO - [2026-07-12T11:37:19.224+0000] {dag.py:3036} INFO - Sync 1 DAGs
[2026-07-12T11:37:19.237+0000] {logging_mixin.py:188} INFO - [2026-07-12T11:37:19.237+0000] {dag.py:3823} INFO - Setting next_dagrun for example_local_kubernetes_executor to None, run_after=None
[2026-07-12T11:37:19.257+0000] {processor.py:183} INFO - Processing /home/airflow/.local/lib/python3.8/site-packages/airflow/example_dags/example_local_kubernetes_executor.py took 0.087 seconds
[2026-07-12T11:37:49.383+0000] {processor.py:161} INFO - Started process (PID=1684) to work on /home/airflow/.local/lib/python3.8/site-packages/airflow/example_dags/example_local_kubernetes_executor.py
[2026-07-12T11:37:49.383+0000] {processor.py:830} INFO - Processing file /home/airflow/.local/lib/python3.8/site-packages/airflow/example_dags/example_local_kubernetes_executor.py for tasks to queue
[2026-07-12T11:37:49.385+0000] {logging_mixin.py:188} INFO - [2026-07-12T11:37:49.385+0000] {dagbag.py:538} INFO - Filling up the DagBag from /home/airflow/.local/lib/python3.8/site-packages/airflow/example_dags/example_local_kubernetes_executor.py
[2026-07-12T11:37:49.391+0000] {processor.py:840} INFO - DAG(s) 'example_local_kubernetes_executor' retrieved from /home/airflow/.local/lib/python3.8/site-packages/airflow/example_dags/example_local_kubernetes_executor.py
[2026-07-12T11:37:49.415+0000] {logging_mixin.py:188} INFO - [2026-07-12T11:37:49.415+0000] {dag.py:3036} INFO - Sync 1 DAGs
[2026-07-12T11:37:49.423+0000] {logging_mixin.py:188} INFO - [2026-07-12T11:37:49.423+0000] {dag.py:3823} INFO - Setting next_dagrun for example_local_kubernetes_executor to None, run_after=None
[2026-07-12T11:37:49.436+0000] {processor.py:183} INFO - Processing /home/airflow/.local/lib/python3.8/site-packages/airflow/example_dags/example_local_kubernetes_executor.py took 0.056 seconds
[2026-07-12T11:38:19.768+0000] {processor.py:161} INFO - Started process (PID=1740) to work on /home/airflow/.local/lib/python3.8/site-packages/airflow/example_dags/example_local_kubernetes_executor.py
[2026-07-12T11:38:19.769+0000] {processor.py:830} INFO - Processing file /home/airflow/.local/lib/python3.8/site-packages/airflow/example_dags/example_local_kubernetes_executor.py for tasks to queue
[2026-07-12T11:38:19.771+0000] {logging_mixin.py:188} INFO - [2026-07-12T11:38:19.771+0000] {dagbag.py:538} INFO - Filling up the DagBag from /home/airflow/.local/lib/python3.8/site-packages/airflow/example_dags/example_local_kubernetes_executor.py
[2026-07-12T11:38:19.777+0000] {processor.py:840} INFO - DAG(s) 'example_local_kubernetes_executor' retrieved from /home/airflow/.local/lib/python3.8/site-packages/airflow/example_dags/example_local_kubernetes_executor.py
[2026-07-12T11:38:19.801+0000] {logging_mixin.py:188} INFO - [2026-07-12T11:38:19.801+0000] {dag.py:3036} INFO - Sync 1 DAGs
[2026-07-12T11:38:19.811+0000] {logging_mixin.py:188} INFO - [2026-07-12T11:38:19.810+0000] {dag.py:3823} INFO - Setting next_dagrun for example_local_kubernetes_executor to None, run_after=None
[2026-07-12T11:38:19.825+0000] {processor.py:183} INFO - Processing /home/airflow/.local/lib/python3.8/site-packages/airflow/example_dags/example_local_kubernetes_executor.py took 0.060 seconds
[2026-07-12T11:38:49.881+0000] {processor.py:161} INFO - Started process (PID=1796) to work on /home/airflow/.local/lib/python3.8/site-packages/airflow/example_dags/example_local_kubernetes_executor.py
[2026-07-12T11:38:49.882+0000] {processor.py:830} INFO - Processing file /home/airflow/.local/lib/python3.8/site-packages/airflow/example_dags/example_local_kubernetes_executor.py for tasks to queue
[2026-07-12T11:38:49.884+0000] {logging_mixin.py:188} INFO - [2026-07-12T11:38:49.883+0000] {dagbag.py:538} INFO - Filling up the DagBag from /home/airflow/.local/lib/python3.8/site-packages/airflow/example_dags/example_local_kubernetes_executor.py
[2026-07-12T11:38:49.890+0000] {processor.py:840} INFO - DAG(s) 'example_local_kubernetes_executor' retrieved from /home/airflow/.local/lib/python3.8/site-packages/airflow/example_dags/example_local_kubernetes_executor.py
[2026-07-12T11:38:49.915+0000] {logging_mixin.py:188} INFO - [2026-07-12T11:38:49.915+0000] {dag.py:3036} INFO - Sync 1 DAGs
[2026-07-12T11:38:49.924+0000] {logging_mixin.py:188} INFO - [2026-07-12T11:38:49.924+0000] {dag.py:3823} INFO - Setting next_dagrun for example_local_kubernetes_executor to None, run_after=None
[2026-07-12T11:38:49.940+0000] {processor.py:183} INFO - Processing /home/airflow/.local/lib/python3.8/site-packages/airflow/example_dags/example_local_kubernetes_executor.py took 0.062 seconds
[2026-07-12T11:39:20.459+0000] {processor.py:161} INFO - Started process (PID=1852) to work on /home/airflow/.local/lib/python3.8/site-packages/airflow/example_dags/example_local_kubernetes_executor.py
[2026-07-12T11:39:20.460+0000] {processor.py:830} INFO - Processing file /home/airflow/.local/lib/python3.8/site-packages/airflow/example_dags/example_local_kubernetes_executor.py for tasks to queue
[2026-07-12T11:39:20.462+0000] {logging_mixin.py:188} INFO - [2026-07-12T11:39:20.461+0000] {dagbag.py:538} INFO - Filling up the DagBag from /home/airflow/.local/lib/python3.8/site-packages/airflow/example_dags/example_local_kubernetes_executor.py
[2026-07-12T11:39:20.468+0000] {processor.py:840} INFO - DAG(s) 'example_local_kubernetes_executor' retrieved from /home/airflow/.local/lib/python3.8/site-packages/airflow/example_dags/example_local_kubernetes_executor.py
[2026-07-12T11:39:20.491+0000] {logging_mixin.py:188} INFO - [2026-07-12T11:39:20.491+0000] {dag.py:3036} INFO - Sync 1 DAGs
[2026-07-12T11:39:20.507+0000] {logging_mixin.py:188} INFO - [2026-07-12T11:39:20.507+0000] {dag.py:3823} INFO - Setting next_dagrun for example_local_kubernetes_executor to None, run_after=None
[2026-07-12T11:39:20.533+0000] {processor.py:183} INFO - Processing /home/airflow/.local/lib/python3.8/site-packages/airflow/example_dags/example_local_kubernetes_executor.py took 0.076 seconds
[2026-07-12T11:39:51.085+0000] {processor.py:161} INFO - Started process (PID=1908) to work on /home/airflow/.local/lib/python3.8/site-packages/airflow/example_dags/example_local_kubernetes_executor.py
[2026-07-12T11:39:51.086+0000] {processor.py:830} INFO - Processing file /home/airflow/.local/lib/python3.8/site-packages/airflow/example_dags/example_local_kubernetes_executor.py for tasks to queue
[2026-07-12T11:39:51.087+0000] {logging_mixin.py:188} INFO - [2026-07-12T11:39:51.087+0000] {dagbag.py:538} INFO - Filling up the DagBag from /home/airflow/.local/lib/python3.8/site-packages/airflow/example_dags/example_local_kubernetes_executor.py
[2026-07-12T11:39:51.095+0000] {processor.py:840} INFO - DAG(s) 'example_local_kubernetes_executor' retrieved from /home/airflow/.local/lib/python3.8/site-packages/airflow/example_dags/example_local_kubernetes_executor.py
[2026-07-12T11:39:51.120+0000] {logging_mixin.py:188} INFO - [2026-07-12T11:39:51.120+0000] {dag.py:3036} INFO - Sync 1 DAGs
[2026-07-12T11:39:51.129+0000] {logging_mixin.py:188} INFO - [2026-07-12T11:39:51.129+0000] {dag.py:3823} INFO - Setting next_dagrun for example_local_kubernetes_executor to None, run_after=None
[2026-07-12T11:39:51.143+0000] {processor.py:183} INFO - Processing /home/airflow/.local/lib/python3.8/site-packages/airflow/example_dags/example_local_kubernetes_executor.py took 0.061 seconds
[2026-07-12T11:41:45.360+0000] {processor.py:161} INFO - Started process (PID=92) to work on /home/airflow/.local/lib/python3.8/site-packages/airflow/example_dags/example_local_kubernetes_executor.py
[2026-07-12T11:41:45.363+0000] {processor.py:830} INFO - Processing file /home/airflow/.local/lib/python3.8/site-packages/airflow/example_dags/example_local_kubernetes_executor.py for tasks to queue
[2026-07-12T11:41:45.367+0000] {logging_mixin.py:188} INFO - [2026-07-12T11:41:45.366+0000] {dagbag.py:538} INFO - Filling up the DagBag from /home/airflow/.local/lib/python3.8/site-packages/airflow/example_dags/example_local_kubernetes_executor.py
[2026-07-12T11:41:45.382+0000] {processor.py:840} INFO - DAG(s) 'example_local_kubernetes_executor' retrieved from /home/airflow/.local/lib/python3.8/site-packages/airflow/example_dags/example_local_kubernetes_executor.py
[2026-07-12T11:41:45.426+0000] {logging_mixin.py:188} INFO - [2026-07-12T11:41:45.426+0000] {dag.py:3036} INFO - Sync 1 DAGs
[2026-07-12T11:41:45.446+0000] {logging_mixin.py:188} INFO - [2026-07-12T11:41:45.445+0000] {dag.py:3823} INFO - Setting next_dagrun for example_local_kubernetes_executor to None, run_after=None
[2026-07-12T11:41:45.476+0000] {processor.py:183} INFO - Processing /home/airflow/.local/lib/python3.8/site-packages/airflow/example_dags/example_local_kubernetes_executor.py took 0.122 seconds
[2026-07-12T11:42:15.523+0000] {processor.py:161} INFO - Started process (PID=148) to work on /home/airflow/.local/lib/python3.8/site-packages/airflow/example_dags/example_local_kubernetes_executor.py
[2026-07-12T11:42:15.525+0000] {processor.py:830} INFO - Processing file /home/airflow/.local/lib/python3.8/site-packages/airflow/example_dags/example_local_kubernetes_executor.py for tasks to queue
[2026-07-12T11:42:15.526+0000] {logging_mixin.py:188} INFO - [2026-07-12T11:42:15.526+0000] {dagbag.py:538} INFO - Filling up the DagBag from /home/airflow/.local/lib/python3.8/site-packages/airflow/example_dags/example_local_kubernetes_executor.py
[2026-07-12T11:42:15.532+0000] {processor.py:840} INFO - DAG(s) 'example_local_kubernetes_executor' retrieved from /home/airflow/.local/lib/python3.8/site-packages/airflow/example_dags/example_local_kubernetes_executor.py
[2026-07-12T11:42:15.557+0000] {logging_mixin.py:188} INFO - [2026-07-12T11:42:15.557+0000] {dag.py:3036} INFO - Sync 1 DAGs
[2026-07-12T11:42:15.566+0000] {logging_mixin.py:188} INFO - [2026-07-12T11:42:15.566+0000] {dag.py:3823} INFO - Setting next_dagrun for example_local_kubernetes_executor to None, run_after=None
[2026-07-12T11:42:15.580+0000] {processor.py:183} INFO - Processing /home/airflow/.local/lib/python3.8/site-packages/airflow/example_dags/example_local_kubernetes_executor.py took 0.060 seconds
[2026-07-12T11:42:45.724+0000] {processor.py:161} INFO - Started process (PID=204) to work on /home/airflow/.local/lib/python3.8/site-packages/airflow/example_dags/example_local_kubernetes_executor.py
[2026-07-12T11:42:45.725+0000] {processor.py:830} INFO - Processing file /home/airflow/.local/lib/python3.8/site-packages/airflow/example_dags/example_local_kubernetes_executor.py for tasks to queue
[2026-07-12T11:42:45.726+0000] {logging_mixin.py:188} INFO - [2026-07-12T11:42:45.726+0000] {dagbag.py:538} INFO - Filling up the DagBag from /home/airflow/.local/lib/python3.8/site-packages/airflow/example_dags/example_local_kubernetes_executor.py
[2026-07-12T11:42:45.732+0000] {processor.py:840} INFO - DAG(s) 'example_local_kubernetes_executor' retrieved from /home/airflow/.local/lib/python3.8/site-packages/airflow/example_dags/example_local_kubernetes_executor.py
[2026-07-12T11:42:45.756+0000] {logging_mixin.py:188} INFO - [2026-07-12T11:42:45.755+0000] {dag.py:3036} INFO - Sync 1 DAGs
[2026-07-12T11:42:45.764+0000] {logging_mixin.py:188} INFO - [2026-07-12T11:42:45.764+0000] {dag.py:3823} INFO - Setting next_dagrun for example_local_kubernetes_executor to None, run_after=None
[2026-07-12T11:42:45.778+0000] {processor.py:183} INFO - Processing /home/airflow/.local/lib/python3.8/site-packages/airflow/example_dags/example_local_kubernetes_executor.py took 0.057 seconds
[2026-07-12T11:43:15.905+0000] {processor.py:161} INFO - Started process (PID=260) to work on /home/airflow/.local/lib/python3.8/site-packages/airflow/example_dags/example_local_kubernetes_executor.py
[2026-07-12T11:43:15.906+0000] {processor.py:830} INFO - Processing file /home/airflow/.local/lib/python3.8/site-packages/airflow/example_dags/example_local_kubernetes_executor.py for tasks to queue
[2026-07-12T11:43:15.908+0000] {logging_mixin.py:188} INFO - [2026-07-12T11:43:15.907+0000] {dagbag.py:538} INFO - Filling up the DagBag from /home/airflow/.local/lib/python3.8/site-packages/airflow/example_dags/example_local_kubernetes_executor.py
[2026-07-12T11:43:15.914+0000] {processor.py:840} INFO - DAG(s) 'example_local_kubernetes_executor' retrieved from /home/airflow/.local/lib/python3.8/site-packages/airflow/example_dags/example_local_kubernetes_executor.py
[2026-07-12T11:43:15.939+0000] {logging_mixin.py:188} INFO - [2026-07-12T11:43:15.939+0000] {dag.py:3036} INFO - Sync 1 DAGs
[2026-07-12T11:43:15.948+0000] {logging_mixin.py:188} INFO - [2026-07-12T11:43:15.947+0000] {dag.py:3823} INFO - Setting next_dagrun for example_local_kubernetes_executor to None, run_after=None
[2026-07-12T11:43:15.962+0000] {processor.py:183} INFO - Processing /home/airflow/.local/lib/python3.8/site-packages/airflow/example_dags/example_local_kubernetes_executor.py took 0.060 seconds
[2026-07-12T11:43:46.174+0000] {processor.py:161} INFO - Started process (PID=316) to work on /home/airflow/.local/lib/python3.8/site-packages/airflow/example_dags/example_local_kubernetes_executor.py
[2026-07-12T11:43:46.175+0000] {processor.py:830} INFO - Processing file /home/airflow/.local/lib/python3.8/site-packages/airflow/example_dags/example_local_kubernetes_executor.py for tasks to queue
[2026-07-12T11:43:46.176+0000] {logging_mixin.py:188} INFO - [2026-07-12T11:43:46.176+0000] {dagbag.py:538} INFO - Filling up the DagBag from /home/airflow/.local/lib/python3.8/site-packages/airflow/example_dags/example_local_kubernetes_executor.py
[2026-07-12T11:43:46.182+0000] {processor.py:840} INFO - DAG(s) 'example_local_kubernetes_executor' retrieved from /home/airflow/.local/lib/python3.8/site-packages/airflow/example_dags/example_local_kubernetes_executor.py
[2026-07-12T11:43:46.206+0000] {logging_mixin.py:188} INFO - [2026-07-12T11:43:46.206+0000] {dag.py:3036} INFO - Sync 1 DAGs
[2026-07-12T11:43:46.216+0000] {logging_mixin.py:188} INFO - [2026-07-12T11:43:46.216+0000] {dag.py:3823} INFO - Setting next_dagrun for example_local_kubernetes_executor to None, run_after=None
[2026-07-12T11:43:46.231+0000] {processor.py:183} INFO - Processing /home/airflow/.local/lib/python3.8/site-packages/airflow/example_dags/example_local_kubernetes_executor.py took 0.060 seconds
[2026-07-12T11:44:16.502+0000] {processor.py:161} INFO - Started process (PID=372) to work on /home/airflow/.local/lib/python3.8/site-packages/airflow/example_dags/example_local_kubernetes_executor.py
[2026-07-12T11:44:16.503+0000] {processor.py:830} INFO - Processing file /home/airflow/.local/lib/python3.8/site-packages/airflow/example_dags/example_local_kubernetes_executor.py for tasks to queue
[2026-07-12T11:44:16.504+0000] {logging_mixin.py:188} INFO - [2026-07-12T11:44:16.504+0000] {dagbag.py:538} INFO - Filling up the DagBag from /home/airflow/.local/lib/python3.8/site-packages/airflow/example_dags/example_local_kubernetes_executor.py
[2026-07-12T11:44:16.510+0000] {processor.py:840} INFO - DAG(s) 'example_local_kubernetes_executor' retrieved from /home/airflow/.local/lib/python3.8/site-packages/airflow/example_dags/example_local_kubernetes_executor.py
[2026-07-12T11:44:16.541+0000] {logging_mixin.py:188} INFO - [2026-07-12T11:44:16.541+0000] {dag.py:3036} INFO - Sync 1 DAGs
[2026-07-12T11:44:16.553+0000] {logging_mixin.py:188} INFO - [2026-07-12T11:44:16.553+0000] {dag.py:3823} INFO - Setting next_dagrun for example_local_kubernetes_executor to None, run_after=None
[2026-07-12T11:44:16.574+0000] {processor.py:183} INFO - Processing /home/airflow/.local/lib/python3.8/site-packages/airflow/example_dags/example_local_kubernetes_executor.py took 0.075 seconds
[2026-07-12T11:44:46.740+0000] {processor.py:161} INFO - Started process (PID=428) to work on /home/airflow/.local/lib/python3.8/site-packages/airflow/example_dags/example_local_kubernetes_executor.py
[2026-07-12T11:44:46.741+0000] {processor.py:830} INFO - Processing file /home/airflow/.local/lib/python3.8/site-packages/airflow/example_dags/example_local_kubernetes_executor.py for tasks to queue
[2026-07-12T11:44:46.742+0000] {logging_mixin.py:188} INFO - [2026-07-12T11:44:46.742+0000] {dagbag.py:538} INFO - Filling up the DagBag from /home/airflow/.local/lib/python3.8/site-packages/airflow/example_dags/example_local_kubernetes_executor.py
[2026-07-12T11:44:46.749+0000] {processor.py:840} INFO - DAG(s) 'example_local_kubernetes_executor' retrieved from /home/airflow/.local/lib/python3.8/site-packages/airflow/example_dags/example_local_kubernetes_executor.py
[2026-07-12T11:44:46.773+0000] {logging_mixin.py:188} INFO - [2026-07-12T11:44:46.772+0000] {dag.py:3036} INFO - Sync 1 DAGs
[2026-07-12T11:44:46.781+0000] {logging_mixin.py:188} INFO - [2026-07-12T11:44:46.781+0000] {dag.py:3823} INFO - Setting next_dagrun for example_local_kubernetes_executor to None, run_after=None
[2026-07-12T11:44:46.795+0000] {processor.py:183} INFO - Processing /home/airflow/.local/lib/python3.8/site-packages/airflow/example_dags/example_local_kubernetes_executor.py took 0.058 seconds
[2026-07-12T11:45:16.905+0000] {processor.py:161} INFO - Started process (PID=485) to work on /home/airflow/.local/lib/python3.8/site-packages/airflow/example_dags/example_local_kubernetes_executor.py
[2026-07-12T11:45:16.906+0000] {processor.py:830} INFO - Processing file /home/airflow/.local/lib/python3.8/site-packages/airflow/example_dags/example_local_kubernetes_executor.py for tasks to queue
[2026-07-12T11:45:16.909+0000] {logging_mixin.py:188} INFO - [2026-07-12T11:45:16.908+0000] {dagbag.py:538} INFO - Filling up the DagBag from /home/airflow/.local/lib/python3.8/site-packages/airflow/example_dags/example_local_kubernetes_executor.py
[2026-07-12T11:45:16.918+0000] {processor.py:840} INFO - DAG(s) 'example_local_kubernetes_executor' retrieved from /home/airflow/.local/lib/python3.8/site-packages/airflow/example_dags/example_local_kubernetes_executor.py
[2026-07-12T11:45:16.950+0000] {logging_mixin.py:188} INFO - [2026-07-12T11:45:16.950+0000] {dag.py:3036} INFO - Sync 1 DAGs
[2026-07-12T11:45:16.962+0000] {logging_mixin.py:188} INFO - [2026-07-12T11:45:16.962+0000] {dag.py:3823} INFO - Setting next_dagrun for example_local_kubernetes_executor to None, run_after=None
[2026-07-12T11:45:16.978+0000] {processor.py:183} INFO - Processing /home/airflow/.local/lib/python3.8/site-packages/airflow/example_dags/example_local_kubernetes_executor.py took 0.077 seconds
[2026-07-12T11:45:47.145+0000] {processor.py:161} INFO - Started process (PID=541) to work on /home/airflow/.local/lib/python3.8/site-packages/airflow/example_dags/example_local_kubernetes_executor.py
[2026-07-12T11:45:47.147+0000] {processor.py:830} INFO - Processing file /home/airflow/.local/lib/python3.8/site-packages/airflow/example_dags/example_local_kubernetes_executor.py for tasks to queue
[2026-07-12T11:45:47.148+0000] {logging_mixin.py:188} INFO - [2026-07-12T11:45:47.148+0000] {dagbag.py:538} INFO - Filling up the DagBag from /home/airflow/.local/lib/python3.8/site-packages/airflow/example_dags/example_local_kubernetes_executor.py
[2026-07-12T11:45:47.154+0000] {processor.py:840} INFO - DAG(s) 'example_local_kubernetes_executor' retrieved from /home/airflow/.local/lib/python3.8/site-packages/airflow/example_dags/example_local_kubernetes_executor.py
[2026-07-12T11:45:47.179+0000] {logging_mixin.py:188} INFO - [2026-07-12T11:45:47.178+0000] {dag.py:3036} INFO - Sync 1 DAGs
[2026-07-12T11:45:47.187+0000] {logging_mixin.py:188} INFO - [2026-07-12T11:45:47.187+0000] {dag.py:3823} INFO - Setting next_dagrun for example_local_kubernetes_executor to None, run_after=None
[2026-07-12T11:45:47.201+0000] {processor.py:183} INFO - Processing /home/airflow/.local/lib/python3.8/site-packages/airflow/example_dags/example_local_kubernetes_executor.py took 0.059 seconds
[2026-07-12T11:46:17.584+0000] {processor.py:161} INFO - Started process (PID=596) to work on /home/airflow/.local/lib/python3.8/site-packages/airflow/example_dags/example_local_kubernetes_executor.py
[2026-07-12T11:46:17.585+0000] {processor.py:830} INFO - Processing file /home/airflow/.local/lib/python3.8/site-packages/airflow/example_dags/example_local_kubernetes_executor.py for tasks to queue
[2026-07-12T11:46:17.587+0000] {logging_mixin.py:188} INFO - [2026-07-12T11:46:17.587+0000] {dagbag.py:538} INFO - Filling up the DagBag from /home/airflow/.local/lib/python3.8/site-packages/airflow/example_dags/example_local_kubernetes_executor.py
[2026-07-12T11:46:17.593+0000] {processor.py:840} INFO - DAG(s) 'example_local_kubernetes_executor' retrieved from /home/airflow/.local/lib/python3.8/site-packages/airflow/example_dags/example_local_kubernetes_executor.py
[2026-07-12T11:46:17.617+0000] {logging_mixin.py:188} INFO - [2026-07-12T11:46:17.617+0000] {dag.py:3036} INFO - Sync 1 DAGs
[2026-07-12T11:46:17.627+0000] {logging_mixin.py:188} INFO - [2026-07-12T11:46:17.626+0000] {dag.py:3823} INFO - Setting next_dagrun for example_local_kubernetes_executor to None, run_after=None
[2026-07-12T11:46:17.640+0000] {processor.py:183} INFO - Processing /home/airflow/.local/lib/python3.8/site-packages/airflow/example_dags/example_local_kubernetes_executor.py took 0.058 seconds
