[2026-07-12T09:13:00.768+0000] {processor.py:161} INFO - Started process (PID=1407) to work on /home/airflow/.local/lib/python3.8/site-packages/airflow/example_dags/example_branch_datetime_operator.py
[2026-07-12T09:13:00.769+0000] {processor.py:830} INFO - Processing file /home/airflow/.local/lib/python3.8/site-packages/airflow/example_dags/example_branch_datetime_operator.py for tasks to queue
[2026-07-12T09:13:00.770+0000] {logging_mixin.py:188} INFO - [2026-07-12T09:13:00.770+0000] {dagbag.py:538} INFO - Filling up the DagBag from /home/airflow/.local/lib/python3.8/site-packages/airflow/example_dags/example_branch_datetime_operator.py
[2026-07-12T09:13:00.779+0000] {processor.py:840} INFO - DAG(s) 'example_branch_datetime_operator', 'example_branch_datetime_operator_2', 'example_branch_datetime_operator_3' retrieved from /home/airflow/.local/lib/python3.8/site-packages/airflow/example_dags/example_branch_datetime_operator.py
[2026-07-12T09:13:00.995+0000] {logging_mixin.py:188} INFO - [2026-07-12T09:13:00.994+0000] {dag.py:3036} INFO - Sync 3 DAGs
[2026-07-12T09:13:01.006+0000] {logging_mixin.py:188} INFO - [2026-07-12T09:13:01.006+0000] {dag.py:3823} INFO - Setting next_dagrun for example_branch_datetime_operator to 2026-07-11 00:00:00+00:00, run_after=2026-07-12 00:00:00+00:00
[2026-07-12T09:13:01.009+0000] {logging_mixin.py:188} INFO - [2026-07-12T09:13:01.009+0000] {dag.py:3823} INFO - Setting next_dagrun for example_branch_datetime_operator_2 to 2026-07-11 00:00:00+00:00, run_after=2026-07-12 00:00:00+00:00
[2026-07-12T09:13:01.012+0000] {logging_mixin.py:188} INFO - [2026-07-12T09:13:01.012+0000] {dag.py:3823} INFO - Setting next_dagrun for example_branch_datetime_operator_3 to 2026-07-11 00:00:00+00:00, run_after=2026-07-12 00:00:00+00:00
[2026-07-12T09:13:01.026+0000] {processor.py:183} INFO - Processing /home/airflow/.local/lib/python3.8/site-packages/airflow/example_dags/example_branch_datetime_operator.py took 0.261 seconds
[2026-07-12T09:13:31.595+0000] {processor.py:161} INFO - Started process (PID=1462) to work on /home/airflow/.local/lib/python3.8/site-packages/airflow/example_dags/example_branch_datetime_operator.py
[2026-07-12T09:13:31.596+0000] {processor.py:830} INFO - Processing file /home/airflow/.local/lib/python3.8/site-packages/airflow/example_dags/example_branch_datetime_operator.py for tasks to queue
[2026-07-12T09:13:31.598+0000] {logging_mixin.py:188} INFO - [2026-07-12T09:13:31.598+0000] {dagbag.py:538} INFO - Filling up the DagBag from /home/airflow/.local/lib/python3.8/site-packages/airflow/example_dags/example_branch_datetime_operator.py
[2026-07-12T09:13:31.608+0000] {processor.py:840} INFO - DAG(s) 'example_branch_datetime_operator_2', 'example_branch_datetime_operator', 'example_branch_datetime_operator_3' retrieved from /home/airflow/.local/lib/python3.8/site-packages/airflow/example_dags/example_branch_datetime_operator.py
[2026-07-12T09:13:31.632+0000] {logging_mixin.py:188} INFO - [2026-07-12T09:13:31.632+0000] {dag.py:3036} INFO - Sync 3 DAGs
[2026-07-12T09:13:31.650+0000] {logging_mixin.py:188} INFO - [2026-07-12T09:13:31.650+0000] {dag.py:3823} INFO - Setting next_dagrun for example_branch_datetime_operator to 2026-07-11 00:00:00+00:00, run_after=2026-07-12 00:00:00+00:00
[2026-07-12T09:13:31.656+0000] {logging_mixin.py:188} INFO - [2026-07-12T09:13:31.656+0000] {dag.py:3823} INFO - Setting next_dagrun for example_branch_datetime_operator_2 to 2026-07-11 00:00:00+00:00, run_after=2026-07-12 00:00:00+00:00
[2026-07-12T09:13:31.658+0000] {logging_mixin.py:188} INFO - [2026-07-12T09:13:31.658+0000] {dag.py:3823} INFO - Setting next_dagrun for example_branch_datetime_operator_3 to 2026-07-11 00:00:00+00:00, run_after=2026-07-12 00:00:00+00:00
[2026-07-12T09:13:31.788+0000] {processor.py:183} INFO - Processing /home/airflow/.local/lib/python3.8/site-packages/airflow/example_dags/example_branch_datetime_operator.py took 0.196 seconds
[2026-07-12T09:14:02.073+0000] {processor.py:161} INFO - Started process (PID=1517) to work on /home/airflow/.local/lib/python3.8/site-packages/airflow/example_dags/example_branch_datetime_operator.py
[2026-07-12T09:14:02.074+0000] {processor.py:830} INFO - Processing file /home/airflow/.local/lib/python3.8/site-packages/airflow/example_dags/example_branch_datetime_operator.py for tasks to queue
[2026-07-12T09:14:02.076+0000] {logging_mixin.py:188} INFO - [2026-07-12T09:14:02.075+0000] {dagbag.py:538} INFO - Filling up the DagBag from /home/airflow/.local/lib/python3.8/site-packages/airflow/example_dags/example_branch_datetime_operator.py
[2026-07-12T09:14:02.084+0000] {processor.py:840} INFO - DAG(s) 'example_branch_datetime_operator_3', 'example_branch_datetime_operator', 'example_branch_datetime_operator_2' retrieved from /home/airflow/.local/lib/python3.8/site-packages/airflow/example_dags/example_branch_datetime_operator.py
[2026-07-12T09:14:02.124+0000] {logging_mixin.py:188} INFO - [2026-07-12T09:14:02.124+0000] {dag.py:3036} INFO - Sync 3 DAGs
[2026-07-12T09:14:02.147+0000] {logging_mixin.py:188} INFO - [2026-07-12T09:14:02.147+0000] {dag.py:3823} INFO - Setting next_dagrun for example_branch_datetime_operator to 2026-07-11 00:00:00+00:00, run_after=2026-07-12 00:00:00+00:00
[2026-07-12T09:14:02.151+0000] {logging_mixin.py:188} INFO - [2026-07-12T09:14:02.151+0000] {dag.py:3823} INFO - Setting next_dagrun for example_branch_datetime_operator_2 to 2026-07-11 00:00:00+00:00, run_after=2026-07-12 00:00:00+00:00
[2026-07-12T09:14:02.153+0000] {logging_mixin.py:188} INFO - [2026-07-12T09:14:02.153+0000] {dag.py:3823} INFO - Setting next_dagrun for example_branch_datetime_operator_3 to 2026-07-11 00:00:00+00:00, run_after=2026-07-12 00:00:00+00:00
[2026-07-12T09:14:02.170+0000] {processor.py:183} INFO - Processing /home/airflow/.local/lib/python3.8/site-packages/airflow/example_dags/example_branch_datetime_operator.py took 0.099 seconds
[2026-07-12T09:14:32.599+0000] {processor.py:161} INFO - Started process (PID=1571) to work on /home/airflow/.local/lib/python3.8/site-packages/airflow/example_dags/example_branch_datetime_operator.py
[2026-07-12T09:14:32.600+0000] {processor.py:830} INFO - Processing file /home/airflow/.local/lib/python3.8/site-packages/airflow/example_dags/example_branch_datetime_operator.py for tasks to queue
[2026-07-12T09:14:32.602+0000] {logging_mixin.py:188} INFO - [2026-07-12T09:14:32.602+0000] {dagbag.py:538} INFO - Filling up the DagBag from /home/airflow/.local/lib/python3.8/site-packages/airflow/example_dags/example_branch_datetime_operator.py
[2026-07-12T09:14:32.610+0000] {processor.py:840} INFO - DAG(s) 'example_branch_datetime_operator_2', 'example_branch_datetime_operator', 'example_branch_datetime_operator_3' retrieved from /home/airflow/.local/lib/python3.8/site-packages/airflow/example_dags/example_branch_datetime_operator.py
[2026-07-12T09:14:32.639+0000] {logging_mixin.py:188} INFO - [2026-07-12T09:14:32.638+0000] {dag.py:3036} INFO - Sync 3 DAGs
[2026-07-12T09:14:32.654+0000] {logging_mixin.py:188} INFO - [2026-07-12T09:14:32.654+0000] {dag.py:3823} INFO - Setting next_dagrun for example_branch_datetime_operator to 2026-07-11 00:00:00+00:00, run_after=2026-07-12 00:00:00+00:00
[2026-07-12T09:14:32.658+0000] {logging_mixin.py:188} INFO - [2026-07-12T09:14:32.658+0000] {dag.py:3823} INFO - Setting next_dagrun for example_branch_datetime_operator_2 to 2026-07-11 00:00:00+00:00, run_after=2026-07-12 00:00:00+00:00
[2026-07-12T09:14:32.660+0000] {logging_mixin.py:188} INFO - [2026-07-12T09:14:32.660+0000] {dag.py:3823} INFO - Setting next_dagrun for example_branch_datetime_operator_3 to 2026-07-11 00:00:00+00:00, run_after=2026-07-12 00:00:00+00:00
[2026-07-12T09:14:32.672+0000] {processor.py:183} INFO - Processing /home/airflow/.local/lib/python3.8/site-packages/airflow/example_dags/example_branch_datetime_operator.py took 0.076 seconds
[2026-07-12T09:15:03.831+0000] {processor.py:161} INFO - Started process (PID=1626) to work on /home/airflow/.local/lib/python3.8/site-packages/airflow/example_dags/example_branch_datetime_operator.py
[2026-07-12T09:15:03.832+0000] {processor.py:830} INFO - Processing file /home/airflow/.local/lib/python3.8/site-packages/airflow/example_dags/example_branch_datetime_operator.py for tasks to queue
[2026-07-12T09:15:03.835+0000] {logging_mixin.py:188} INFO - [2026-07-12T09:15:03.834+0000] {dagbag.py:538} INFO - Filling up the DagBag from /home/airflow/.local/lib/python3.8/site-packages/airflow/example_dags/example_branch_datetime_operator.py
[2026-07-12T09:15:03.993+0000] {processor.py:840} INFO - DAG(s) 'example_branch_datetime_operator', 'example_branch_datetime_operator_2', 'example_branch_datetime_operator_3' retrieved from /home/airflow/.local/lib/python3.8/site-packages/airflow/example_dags/example_branch_datetime_operator.py
[2026-07-12T09:15:04.023+0000] {logging_mixin.py:188} INFO - [2026-07-12T09:15:04.023+0000] {dag.py:3036} INFO - Sync 3 DAGs
[2026-07-12T09:15:04.051+0000] {logging_mixin.py:188} INFO - [2026-07-12T09:15:04.050+0000] {dag.py:3823} INFO - Setting next_dagrun for example_branch_datetime_operator to 2026-07-11 00:00:00+00:00, run_after=2026-07-12 00:00:00+00:00
[2026-07-12T09:15:04.063+0000] {logging_mixin.py:188} INFO - [2026-07-12T09:15:04.063+0000] {dag.py:3823} INFO - Setting next_dagrun for example_branch_datetime_operator_2 to 2026-07-11 00:00:00+00:00, run_after=2026-07-12 00:00:00+00:00
[2026-07-12T09:15:04.070+0000] {logging_mixin.py:188} INFO - [2026-07-12T09:15:04.070+0000] {dag.py:3823} INFO - Setting next_dagrun for example_branch_datetime_operator_3 to 2026-07-11 00:00:00+00:00, run_after=2026-07-12 00:00:00+00:00
[2026-07-12T09:15:04.090+0000] {processor.py:183} INFO - Processing /home/airflow/.local/lib/python3.8/site-packages/airflow/example_dags/example_branch_datetime_operator.py took 0.262 seconds
[2026-07-12T09:15:34.568+0000] {processor.py:161} INFO - Started process (PID=1681) to work on /home/airflow/.local/lib/python3.8/site-packages/airflow/example_dags/example_branch_datetime_operator.py
[2026-07-12T09:15:34.569+0000] {processor.py:830} INFO - Processing file /home/airflow/.local/lib/python3.8/site-packages/airflow/example_dags/example_branch_datetime_operator.py for tasks to queue
[2026-07-12T09:15:34.570+0000] {logging_mixin.py:188} INFO - [2026-07-12T09:15:34.570+0000] {dagbag.py:538} INFO - Filling up the DagBag from /home/airflow/.local/lib/python3.8/site-packages/airflow/example_dags/example_branch_datetime_operator.py
[2026-07-12T09:15:34.579+0000] {processor.py:840} INFO - DAG(s) 'example_branch_datetime_operator', 'example_branch_datetime_operator_3', 'example_branch_datetime_operator_2' retrieved from /home/airflow/.local/lib/python3.8/site-packages/airflow/example_dags/example_branch_datetime_operator.py
[2026-07-12T09:15:34.600+0000] {logging_mixin.py:188} INFO - [2026-07-12T09:15:34.599+0000] {dag.py:3036} INFO - Sync 3 DAGs
[2026-07-12T09:15:34.614+0000] {logging_mixin.py:188} INFO - [2026-07-12T09:15:34.613+0000] {dag.py:3823} INFO - Setting next_dagrun for example_branch_datetime_operator to 2026-07-11 00:00:00+00:00, run_after=2026-07-12 00:00:00+00:00
[2026-07-12T09:15:34.617+0000] {logging_mixin.py:188} INFO - [2026-07-12T09:15:34.617+0000] {dag.py:3823} INFO - Setting next_dagrun for example_branch_datetime_operator_2 to 2026-07-11 00:00:00+00:00, run_after=2026-07-12 00:00:00+00:00
[2026-07-12T09:15:34.619+0000] {logging_mixin.py:188} INFO - [2026-07-12T09:15:34.618+0000] {dag.py:3823} INFO - Setting next_dagrun for example_branch_datetime_operator_3 to 2026-07-11 00:00:00+00:00, run_after=2026-07-12 00:00:00+00:00
[2026-07-12T09:15:34.631+0000] {processor.py:183} INFO - Processing /home/airflow/.local/lib/python3.8/site-packages/airflow/example_dags/example_branch_datetime_operator.py took 0.066 seconds
[2026-07-12T09:16:04.870+0000] {processor.py:161} INFO - Started process (PID=1736) to work on /home/airflow/.local/lib/python3.8/site-packages/airflow/example_dags/example_branch_datetime_operator.py
[2026-07-12T09:16:04.871+0000] {processor.py:830} INFO - Processing file /home/airflow/.local/lib/python3.8/site-packages/airflow/example_dags/example_branch_datetime_operator.py for tasks to queue
[2026-07-12T09:16:04.874+0000] {logging_mixin.py:188} INFO - [2026-07-12T09:16:04.873+0000] {dagbag.py:538} INFO - Filling up the DagBag from /home/airflow/.local/lib/python3.8/site-packages/airflow/example_dags/example_branch_datetime_operator.py
[2026-07-12T09:16:04.882+0000] {processor.py:840} INFO - DAG(s) 'example_branch_datetime_operator_3', 'example_branch_datetime_operator', 'example_branch_datetime_operator_2' retrieved from /home/airflow/.local/lib/python3.8/site-packages/airflow/example_dags/example_branch_datetime_operator.py
[2026-07-12T09:16:04.904+0000] {logging_mixin.py:188} INFO - [2026-07-12T09:16:04.904+0000] {dag.py:3036} INFO - Sync 3 DAGs
[2026-07-12T09:16:04.919+0000] {logging_mixin.py:188} INFO - [2026-07-12T09:16:04.919+0000] {dag.py:3823} INFO - Setting next_dagrun for example_branch_datetime_operator to 2026-07-11 00:00:00+00:00, run_after=2026-07-12 00:00:00+00:00
[2026-07-12T09:16:04.923+0000] {logging_mixin.py:188} INFO - [2026-07-12T09:16:04.923+0000] {dag.py:3823} INFO - Setting next_dagrun for example_branch_datetime_operator_2 to 2026-07-11 00:00:00+00:00, run_after=2026-07-12 00:00:00+00:00
[2026-07-12T09:16:04.925+0000] {logging_mixin.py:188} INFO - [2026-07-12T09:16:04.925+0000] {dag.py:3823} INFO - Setting next_dagrun for example_branch_datetime_operator_3 to 2026-07-11 00:00:00+00:00, run_after=2026-07-12 00:00:00+00:00
[2026-07-12T09:16:04.938+0000] {processor.py:183} INFO - Processing /home/airflow/.local/lib/python3.8/site-packages/airflow/example_dags/example_branch_datetime_operator.py took 0.071 seconds
[2026-07-12T09:16:35.501+0000] {processor.py:161} INFO - Started process (PID=1797) to work on /home/airflow/.local/lib/python3.8/site-packages/airflow/example_dags/example_branch_datetime_operator.py
[2026-07-12T09:16:35.502+0000] {processor.py:830} INFO - Processing file /home/airflow/.local/lib/python3.8/site-packages/airflow/example_dags/example_branch_datetime_operator.py for tasks to queue
[2026-07-12T09:16:35.504+0000] {logging_mixin.py:188} INFO - [2026-07-12T09:16:35.504+0000] {dagbag.py:538} INFO - Filling up the DagBag from /home/airflow/.local/lib/python3.8/site-packages/airflow/example_dags/example_branch_datetime_operator.py
[2026-07-12T09:16:35.514+0000] {processor.py:840} INFO - DAG(s) 'example_branch_datetime_operator_3', 'example_branch_datetime_operator_2', 'example_branch_datetime_operator' retrieved from /home/airflow/.local/lib/python3.8/site-packages/airflow/example_dags/example_branch_datetime_operator.py
[2026-07-12T09:16:35.539+0000] {logging_mixin.py:188} INFO - [2026-07-12T09:16:35.539+0000] {dag.py:3036} INFO - Sync 3 DAGs
[2026-07-12T09:16:35.553+0000] {logging_mixin.py:188} INFO - [2026-07-12T09:16:35.553+0000] {dag.py:3823} INFO - Setting next_dagrun for example_branch_datetime_operator to 2026-07-11 00:00:00+00:00, run_after=2026-07-12 00:00:00+00:00
[2026-07-12T09:16:35.557+0000] {logging_mixin.py:188} INFO - [2026-07-12T09:16:35.556+0000] {dag.py:3823} INFO - Setting next_dagrun for example_branch_datetime_operator_2 to 2026-07-11 00:00:00+00:00, run_after=2026-07-12 00:00:00+00:00
[2026-07-12T09:16:35.558+0000] {logging_mixin.py:188} INFO - [2026-07-12T09:16:35.558+0000] {dag.py:3823} INFO - Setting next_dagrun for example_branch_datetime_operator_3 to 2026-07-11 00:00:00+00:00, run_after=2026-07-12 00:00:00+00:00
[2026-07-12T09:16:35.571+0000] {processor.py:183} INFO - Processing /home/airflow/.local/lib/python3.8/site-packages/airflow/example_dags/example_branch_datetime_operator.py took 0.072 seconds
[2026-07-12T09:17:05.799+0000] {processor.py:161} INFO - Started process (PID=1852) to work on /home/airflow/.local/lib/python3.8/site-packages/airflow/example_dags/example_branch_datetime_operator.py
[2026-07-12T09:17:05.800+0000] {processor.py:830} INFO - Processing file /home/airflow/.local/lib/python3.8/site-packages/airflow/example_dags/example_branch_datetime_operator.py for tasks to queue
[2026-07-12T09:17:05.802+0000] {logging_mixin.py:188} INFO - [2026-07-12T09:17:05.802+0000] {dagbag.py:538} INFO - Filling up the DagBag from /home/airflow/.local/lib/python3.8/site-packages/airflow/example_dags/example_branch_datetime_operator.py
[2026-07-12T09:17:05.811+0000] {processor.py:840} INFO - DAG(s) 'example_branch_datetime_operator_2', 'example_branch_datetime_operator', 'example_branch_datetime_operator_3' retrieved from /home/airflow/.local/lib/python3.8/site-packages/airflow/example_dags/example_branch_datetime_operator.py
[2026-07-12T09:17:05.836+0000] {logging_mixin.py:188} INFO - [2026-07-12T09:17:05.836+0000] {dag.py:3036} INFO - Sync 3 DAGs
[2026-07-12T09:17:05.856+0000] {logging_mixin.py:188} INFO - [2026-07-12T09:17:05.856+0000] {dag.py:3823} INFO - Setting next_dagrun for example_branch_datetime_operator to 2026-07-11 00:00:00+00:00, run_after=2026-07-12 00:00:00+00:00
[2026-07-12T09:17:05.862+0000] {logging_mixin.py:188} INFO - [2026-07-12T09:17:05.861+0000] {dag.py:3823} INFO - Setting next_dagrun for example_branch_datetime_operator_2 to 2026-07-11 00:00:00+00:00, run_after=2026-07-12 00:00:00+00:00
[2026-07-12T09:17:05.864+0000] {logging_mixin.py:188} INFO - [2026-07-12T09:17:05.864+0000] {dag.py:3823} INFO - Setting next_dagrun for example_branch_datetime_operator_3 to 2026-07-11 00:00:00+00:00, run_after=2026-07-12 00:00:00+00:00
[2026-07-12T09:17:05.880+0000] {processor.py:183} INFO - Processing /home/airflow/.local/lib/python3.8/site-packages/airflow/example_dags/example_branch_datetime_operator.py took 0.084 seconds
[2026-07-12T09:17:36.046+0000] {processor.py:161} INFO - Started process (PID=1907) to work on /home/airflow/.local/lib/python3.8/site-packages/airflow/example_dags/example_branch_datetime_operator.py
[2026-07-12T09:17:36.047+0000] {processor.py:830} INFO - Processing file /home/airflow/.local/lib/python3.8/site-packages/airflow/example_dags/example_branch_datetime_operator.py for tasks to queue
[2026-07-12T09:17:36.048+0000] {logging_mixin.py:188} INFO - [2026-07-12T09:17:36.048+0000] {dagbag.py:538} INFO - Filling up the DagBag from /home/airflow/.local/lib/python3.8/site-packages/airflow/example_dags/example_branch_datetime_operator.py
[2026-07-12T09:17:36.056+0000] {processor.py:840} INFO - DAG(s) 'example_branch_datetime_operator_3', 'example_branch_datetime_operator', 'example_branch_datetime_operator_2' retrieved from /home/airflow/.local/lib/python3.8/site-packages/airflow/example_dags/example_branch_datetime_operator.py
[2026-07-12T09:17:36.079+0000] {logging_mixin.py:188} INFO - [2026-07-12T09:17:36.079+0000] {dag.py:3036} INFO - Sync 3 DAGs
[2026-07-12T09:17:36.096+0000] {logging_mixin.py:188} INFO - [2026-07-12T09:17:36.096+0000] {dag.py:3823} INFO - Setting next_dagrun for example_branch_datetime_operator to 2026-07-11 00:00:00+00:00, run_after=2026-07-12 00:00:00+00:00
[2026-07-12T09:17:36.099+0000] {logging_mixin.py:188} INFO - [2026-07-12T09:17:36.099+0000] {dag.py:3823} INFO - Setting next_dagrun for example_branch_datetime_operator_2 to 2026-07-11 00:00:00+00:00, run_after=2026-07-12 00:00:00+00:00
[2026-07-12T09:17:36.101+0000] {logging_mixin.py:188} INFO - [2026-07-12T09:17:36.100+0000] {dag.py:3823} INFO - Setting next_dagrun for example_branch_datetime_operator_3 to 2026-07-11 00:00:00+00:00, run_after=2026-07-12 00:00:00+00:00
[2026-07-12T09:17:36.113+0000] {processor.py:183} INFO - Processing /home/airflow/.local/lib/python3.8/site-packages/airflow/example_dags/example_branch_datetime_operator.py took 0.070 seconds
[2026-07-12T09:18:06.215+0000] {processor.py:161} INFO - Started process (PID=1962) to work on /home/airflow/.local/lib/python3.8/site-packages/airflow/example_dags/example_branch_datetime_operator.py
[2026-07-12T09:18:06.216+0000] {processor.py:830} INFO - Processing file /home/airflow/.local/lib/python3.8/site-packages/airflow/example_dags/example_branch_datetime_operator.py for tasks to queue
[2026-07-12T09:18:06.218+0000] {logging_mixin.py:188} INFO - [2026-07-12T09:18:06.217+0000] {dagbag.py:538} INFO - Filling up the DagBag from /home/airflow/.local/lib/python3.8/site-packages/airflow/example_dags/example_branch_datetime_operator.py
[2026-07-12T09:18:06.225+0000] {processor.py:840} INFO - DAG(s) 'example_branch_datetime_operator_3', 'example_branch_datetime_operator', 'example_branch_datetime_operator_2' retrieved from /home/airflow/.local/lib/python3.8/site-packages/airflow/example_dags/example_branch_datetime_operator.py
[2026-07-12T09:18:06.246+0000] {logging_mixin.py:188} INFO - [2026-07-12T09:18:06.246+0000] {dag.py:3036} INFO - Sync 3 DAGs
[2026-07-12T09:18:06.263+0000] {logging_mixin.py:188} INFO - [2026-07-12T09:18:06.263+0000] {dag.py:3823} INFO - Setting next_dagrun for example_branch_datetime_operator to 2026-07-11 00:00:00+00:00, run_after=2026-07-12 00:00:00+00:00
[2026-07-12T09:18:06.266+0000] {logging_mixin.py:188} INFO - [2026-07-12T09:18:06.266+0000] {dag.py:3823} INFO - Setting next_dagrun for example_branch_datetime_operator_2 to 2026-07-11 00:00:00+00:00, run_after=2026-07-12 00:00:00+00:00
[2026-07-12T09:18:06.268+0000] {logging_mixin.py:188} INFO - [2026-07-12T09:18:06.268+0000] {dag.py:3823} INFO - Setting next_dagrun for example_branch_datetime_operator_3 to 2026-07-11 00:00:00+00:00, run_after=2026-07-12 00:00:00+00:00
[2026-07-12T09:18:06.280+0000] {processor.py:183} INFO - Processing /home/airflow/.local/lib/python3.8/site-packages/airflow/example_dags/example_branch_datetime_operator.py took 0.068 seconds
[2026-07-12T09:18:36.624+0000] {processor.py:161} INFO - Started process (PID=2017) to work on /home/airflow/.local/lib/python3.8/site-packages/airflow/example_dags/example_branch_datetime_operator.py
[2026-07-12T09:18:36.625+0000] {processor.py:830} INFO - Processing file /home/airflow/.local/lib/python3.8/site-packages/airflow/example_dags/example_branch_datetime_operator.py for tasks to queue
[2026-07-12T09:18:36.627+0000] {logging_mixin.py:188} INFO - [2026-07-12T09:18:36.627+0000] {dagbag.py:538} INFO - Filling up the DagBag from /home/airflow/.local/lib/python3.8/site-packages/airflow/example_dags/example_branch_datetime_operator.py
[2026-07-12T09:18:36.635+0000] {processor.py:840} INFO - DAG(s) 'example_branch_datetime_operator', 'example_branch_datetime_operator_2', 'example_branch_datetime_operator_3' retrieved from /home/airflow/.local/lib/python3.8/site-packages/airflow/example_dags/example_branch_datetime_operator.py
[2026-07-12T09:18:36.657+0000] {logging_mixin.py:188} INFO - [2026-07-12T09:18:36.657+0000] {dag.py:3036} INFO - Sync 3 DAGs
[2026-07-12T09:18:36.673+0000] {logging_mixin.py:188} INFO - [2026-07-12T09:18:36.673+0000] {dag.py:3823} INFO - Setting next_dagrun for example_branch_datetime_operator to 2026-07-11 00:00:00+00:00, run_after=2026-07-12 00:00:00+00:00
[2026-07-12T09:18:36.677+0000] {logging_mixin.py:188} INFO - [2026-07-12T09:18:36.677+0000] {dag.py:3823} INFO - Setting next_dagrun for example_branch_datetime_operator_2 to 2026-07-11 00:00:00+00:00, run_after=2026-07-12 00:00:00+00:00
[2026-07-12T09:18:36.678+0000] {logging_mixin.py:188} INFO - [2026-07-12T09:18:36.678+0000] {dag.py:3823} INFO - Setting next_dagrun for example_branch_datetime_operator_3 to 2026-07-11 00:00:00+00:00, run_after=2026-07-12 00:00:00+00:00
[2026-07-12T09:18:36.691+0000] {processor.py:183} INFO - Processing /home/airflow/.local/lib/python3.8/site-packages/airflow/example_dags/example_branch_datetime_operator.py took 0.070 seconds
[2026-07-12T09:19:07.039+0000] {processor.py:161} INFO - Started process (PID=2072) to work on /home/airflow/.local/lib/python3.8/site-packages/airflow/example_dags/example_branch_datetime_operator.py
[2026-07-12T09:19:07.040+0000] {processor.py:830} INFO - Processing file /home/airflow/.local/lib/python3.8/site-packages/airflow/example_dags/example_branch_datetime_operator.py for tasks to queue
[2026-07-12T09:19:07.042+0000] {logging_mixin.py:188} INFO - [2026-07-12T09:19:07.041+0000] {dagbag.py:538} INFO - Filling up the DagBag from /home/airflow/.local/lib/python3.8/site-packages/airflow/example_dags/example_branch_datetime_operator.py
[2026-07-12T09:19:07.050+0000] {processor.py:840} INFO - DAG(s) 'example_branch_datetime_operator_3', 'example_branch_datetime_operator_2', 'example_branch_datetime_operator' retrieved from /home/airflow/.local/lib/python3.8/site-packages/airflow/example_dags/example_branch_datetime_operator.py
[2026-07-12T09:19:07.071+0000] {logging_mixin.py:188} INFO - [2026-07-12T09:19:07.071+0000] {dag.py:3036} INFO - Sync 3 DAGs
[2026-07-12T09:19:07.089+0000] {logging_mixin.py:188} INFO - [2026-07-12T09:19:07.089+0000] {dag.py:3823} INFO - Setting next_dagrun for example_branch_datetime_operator to 2026-07-11 00:00:00+00:00, run_after=2026-07-12 00:00:00+00:00
[2026-07-12T09:19:07.093+0000] {logging_mixin.py:188} INFO - [2026-07-12T09:19:07.092+0000] {dag.py:3823} INFO - Setting next_dagrun for example_branch_datetime_operator_2 to 2026-07-11 00:00:00+00:00, run_after=2026-07-12 00:00:00+00:00
[2026-07-12T09:19:07.094+0000] {logging_mixin.py:188} INFO - [2026-07-12T09:19:07.094+0000] {dag.py:3823} INFO - Setting next_dagrun for example_branch_datetime_operator_3 to 2026-07-11 00:00:00+00:00, run_after=2026-07-12 00:00:00+00:00
[2026-07-12T09:19:07.109+0000] {processor.py:183} INFO - Processing /home/airflow/.local/lib/python3.8/site-packages/airflow/example_dags/example_branch_datetime_operator.py took 0.073 seconds
[2026-07-12T09:19:37.356+0000] {processor.py:161} INFO - Started process (PID=2127) to work on /home/airflow/.local/lib/python3.8/site-packages/airflow/example_dags/example_branch_datetime_operator.py
[2026-07-12T09:19:37.357+0000] {processor.py:830} INFO - Processing file /home/airflow/.local/lib/python3.8/site-packages/airflow/example_dags/example_branch_datetime_operator.py for tasks to queue
[2026-07-12T09:19:37.359+0000] {logging_mixin.py:188} INFO - [2026-07-12T09:19:37.358+0000] {dagbag.py:538} INFO - Filling up the DagBag from /home/airflow/.local/lib/python3.8/site-packages/airflow/example_dags/example_branch_datetime_operator.py
[2026-07-12T09:19:37.367+0000] {processor.py:840} INFO - DAG(s) 'example_branch_datetime_operator_3', 'example_branch_datetime_operator_2', 'example_branch_datetime_operator' retrieved from /home/airflow/.local/lib/python3.8/site-packages/airflow/example_dags/example_branch_datetime_operator.py
[2026-07-12T09:19:37.387+0000] {logging_mixin.py:188} INFO - [2026-07-12T09:19:37.387+0000] {dag.py:3036} INFO - Sync 3 DAGs
[2026-07-12T09:19:37.402+0000] {logging_mixin.py:188} INFO - [2026-07-12T09:19:37.402+0000] {dag.py:3823} INFO - Setting next_dagrun for example_branch_datetime_operator to 2026-07-11 00:00:00+00:00, run_after=2026-07-12 00:00:00+00:00
[2026-07-12T09:19:37.405+0000] {logging_mixin.py:188} INFO - [2026-07-12T09:19:37.405+0000] {dag.py:3823} INFO - Setting next_dagrun for example_branch_datetime_operator_2 to 2026-07-11 00:00:00+00:00, run_after=2026-07-12 00:00:00+00:00
[2026-07-12T09:19:37.407+0000] {logging_mixin.py:188} INFO - [2026-07-12T09:19:37.407+0000] {dag.py:3823} INFO - Setting next_dagrun for example_branch_datetime_operator_3 to 2026-07-11 00:00:00+00:00, run_after=2026-07-12 00:00:00+00:00
[2026-07-12T09:19:37.419+0000] {processor.py:183} INFO - Processing /home/airflow/.local/lib/python3.8/site-packages/airflow/example_dags/example_branch_datetime_operator.py took 0.066 seconds
[2026-07-12T09:20:07.678+0000] {processor.py:161} INFO - Started process (PID=2182) to work on /home/airflow/.local/lib/python3.8/site-packages/airflow/example_dags/example_branch_datetime_operator.py
[2026-07-12T09:20:07.679+0000] {processor.py:830} INFO - Processing file /home/airflow/.local/lib/python3.8/site-packages/airflow/example_dags/example_branch_datetime_operator.py for tasks to queue
[2026-07-12T09:20:07.680+0000] {logging_mixin.py:188} INFO - [2026-07-12T09:20:07.680+0000] {dagbag.py:538} INFO - Filling up the DagBag from /home/airflow/.local/lib/python3.8/site-packages/airflow/example_dags/example_branch_datetime_operator.py
[2026-07-12T09:20:07.689+0000] {processor.py:840} INFO - DAG(s) 'example_branch_datetime_operator_3', 'example_branch_datetime_operator', 'example_branch_datetime_operator_2' retrieved from /home/airflow/.local/lib/python3.8/site-packages/airflow/example_dags/example_branch_datetime_operator.py
[2026-07-12T09:20:07.713+0000] {logging_mixin.py:188} INFO - [2026-07-12T09:20:07.713+0000] {dag.py:3036} INFO - Sync 3 DAGs
[2026-07-12T09:20:07.729+0000] {logging_mixin.py:188} INFO - [2026-07-12T09:20:07.729+0000] {dag.py:3823} INFO - Setting next_dagrun for example_branch_datetime_operator to 2026-07-11 00:00:00+00:00, run_after=2026-07-12 00:00:00+00:00
[2026-07-12T09:20:07.732+0000] {logging_mixin.py:188} INFO - [2026-07-12T09:20:07.732+0000] {dag.py:3823} INFO - Setting next_dagrun for example_branch_datetime_operator_2 to 2026-07-11 00:00:00+00:00, run_after=2026-07-12 00:00:00+00:00
[2026-07-12T09:20:07.734+0000] {logging_mixin.py:188} INFO - [2026-07-12T09:20:07.734+0000] {dag.py:3823} INFO - Setting next_dagrun for example_branch_datetime_operator_3 to 2026-07-11 00:00:00+00:00, run_after=2026-07-12 00:00:00+00:00
[2026-07-12T09:20:07.750+0000] {processor.py:183} INFO - Processing /home/airflow/.local/lib/python3.8/site-packages/airflow/example_dags/example_branch_datetime_operator.py took 0.075 seconds
[2026-07-12T09:20:37.841+0000] {processor.py:161} INFO - Started process (PID=2237) to work on /home/airflow/.local/lib/python3.8/site-packages/airflow/example_dags/example_branch_datetime_operator.py
[2026-07-12T09:20:37.842+0000] {processor.py:830} INFO - Processing file /home/airflow/.local/lib/python3.8/site-packages/airflow/example_dags/example_branch_datetime_operator.py for tasks to queue
[2026-07-12T09:20:37.843+0000] {logging_mixin.py:188} INFO - [2026-07-12T09:20:37.843+0000] {dagbag.py:538} INFO - Filling up the DagBag from /home/airflow/.local/lib/python3.8/site-packages/airflow/example_dags/example_branch_datetime_operator.py
[2026-07-12T09:20:37.852+0000] {processor.py:840} INFO - DAG(s) 'example_branch_datetime_operator_3', 'example_branch_datetime_operator', 'example_branch_datetime_operator_2' retrieved from /home/airflow/.local/lib/python3.8/site-packages/airflow/example_dags/example_branch_datetime_operator.py
[2026-07-12T09:20:37.876+0000] {logging_mixin.py:188} INFO - [2026-07-12T09:20:37.875+0000] {dag.py:3036} INFO - Sync 3 DAGs
[2026-07-12T09:20:37.892+0000] {logging_mixin.py:188} INFO - [2026-07-12T09:20:37.891+0000] {dag.py:3823} INFO - Setting next_dagrun for example_branch_datetime_operator to 2026-07-11 00:00:00+00:00, run_after=2026-07-12 00:00:00+00:00
[2026-07-12T09:20:37.895+0000] {logging_mixin.py:188} INFO - [2026-07-12T09:20:37.895+0000] {dag.py:3823} INFO - Setting next_dagrun for example_branch_datetime_operator_2 to 2026-07-11 00:00:00+00:00, run_after=2026-07-12 00:00:00+00:00
[2026-07-12T09:20:37.897+0000] {logging_mixin.py:188} INFO - [2026-07-12T09:20:37.897+0000] {dag.py:3823} INFO - Setting next_dagrun for example_branch_datetime_operator_3 to 2026-07-11 00:00:00+00:00, run_after=2026-07-12 00:00:00+00:00
[2026-07-12T09:20:37.911+0000] {processor.py:183} INFO - Processing /home/airflow/.local/lib/python3.8/site-packages/airflow/example_dags/example_branch_datetime_operator.py took 0.073 seconds
[2026-07-12T09:21:08.197+0000] {processor.py:161} INFO - Started process (PID=2292) to work on /home/airflow/.local/lib/python3.8/site-packages/airflow/example_dags/example_branch_datetime_operator.py
[2026-07-12T09:21:08.198+0000] {processor.py:830} INFO - Processing file /home/airflow/.local/lib/python3.8/site-packages/airflow/example_dags/example_branch_datetime_operator.py for tasks to queue
[2026-07-12T09:21:08.199+0000] {logging_mixin.py:188} INFO - [2026-07-12T09:21:08.199+0000] {dagbag.py:538} INFO - Filling up the DagBag from /home/airflow/.local/lib/python3.8/site-packages/airflow/example_dags/example_branch_datetime_operator.py
[2026-07-12T09:21:08.207+0000] {processor.py:840} INFO - DAG(s) 'example_branch_datetime_operator_3', 'example_branch_datetime_operator_2', 'example_branch_datetime_operator' retrieved from /home/airflow/.local/lib/python3.8/site-packages/airflow/example_dags/example_branch_datetime_operator.py
[2026-07-12T09:21:08.226+0000] {logging_mixin.py:188} INFO - [2026-07-12T09:21:08.226+0000] {dag.py:3036} INFO - Sync 3 DAGs
[2026-07-12T09:21:08.242+0000] {logging_mixin.py:188} INFO - [2026-07-12T09:21:08.242+0000] {dag.py:3823} INFO - Setting next_dagrun for example_branch_datetime_operator to 2026-07-11 00:00:00+00:00, run_after=2026-07-12 00:00:00+00:00
[2026-07-12T09:21:08.245+0000] {logging_mixin.py:188} INFO - [2026-07-12T09:21:08.245+0000] {dag.py:3823} INFO - Setting next_dagrun for example_branch_datetime_operator_2 to 2026-07-11 00:00:00+00:00, run_after=2026-07-12 00:00:00+00:00
[2026-07-12T09:21:08.247+0000] {logging_mixin.py:188} INFO - [2026-07-12T09:21:08.247+0000] {dag.py:3823} INFO - Setting next_dagrun for example_branch_datetime_operator_3 to 2026-07-11 00:00:00+00:00, run_after=2026-07-12 00:00:00+00:00
[2026-07-12T09:21:08.260+0000] {processor.py:183} INFO - Processing /home/airflow/.local/lib/python3.8/site-packages/airflow/example_dags/example_branch_datetime_operator.py took 0.066 seconds
[2026-07-12T09:21:39.203+0000] {processor.py:161} INFO - Started process (PID=2347) to work on /home/airflow/.local/lib/python3.8/site-packages/airflow/example_dags/example_branch_datetime_operator.py
[2026-07-12T09:21:39.204+0000] {processor.py:830} INFO - Processing file /home/airflow/.local/lib/python3.8/site-packages/airflow/example_dags/example_branch_datetime_operator.py for tasks to queue
[2026-07-12T09:21:39.205+0000] {logging_mixin.py:188} INFO - [2026-07-12T09:21:39.205+0000] {dagbag.py:538} INFO - Filling up the DagBag from /home/airflow/.local/lib/python3.8/site-packages/airflow/example_dags/example_branch_datetime_operator.py
[2026-07-12T09:21:39.214+0000] {processor.py:840} INFO - DAG(s) 'example_branch_datetime_operator_2', 'example_branch_datetime_operator_3', 'example_branch_datetime_operator' retrieved from /home/airflow/.local/lib/python3.8/site-packages/airflow/example_dags/example_branch_datetime_operator.py
[2026-07-12T09:21:39.236+0000] {logging_mixin.py:188} INFO - [2026-07-12T09:21:39.236+0000] {dag.py:3036} INFO - Sync 3 DAGs
[2026-07-12T09:21:39.251+0000] {logging_mixin.py:188} INFO - [2026-07-12T09:21:39.250+0000] {dag.py:3823} INFO - Setting next_dagrun for example_branch_datetime_operator to 2026-07-11 00:00:00+00:00, run_after=2026-07-12 00:00:00+00:00
[2026-07-12T09:21:39.254+0000] {logging_mixin.py:188} INFO - [2026-07-12T09:21:39.254+0000] {dag.py:3823} INFO - Setting next_dagrun for example_branch_datetime_operator_2 to 2026-07-11 00:00:00+00:00, run_after=2026-07-12 00:00:00+00:00
[2026-07-12T09:21:39.256+0000] {logging_mixin.py:188} INFO - [2026-07-12T09:21:39.256+0000] {dag.py:3823} INFO - Setting next_dagrun for example_branch_datetime_operator_3 to 2026-07-11 00:00:00+00:00, run_after=2026-07-12 00:00:00+00:00
[2026-07-12T09:21:39.268+0000] {processor.py:183} INFO - Processing /home/airflow/.local/lib/python3.8/site-packages/airflow/example_dags/example_branch_datetime_operator.py took 0.068 seconds
[2026-07-12T09:22:09.575+0000] {processor.py:161} INFO - Started process (PID=2402) to work on /home/airflow/.local/lib/python3.8/site-packages/airflow/example_dags/example_branch_datetime_operator.py
[2026-07-12T09:22:09.576+0000] {processor.py:830} INFO - Processing file /home/airflow/.local/lib/python3.8/site-packages/airflow/example_dags/example_branch_datetime_operator.py for tasks to queue
[2026-07-12T09:22:09.577+0000] {logging_mixin.py:188} INFO - [2026-07-12T09:22:09.577+0000] {dagbag.py:538} INFO - Filling up the DagBag from /home/airflow/.local/lib/python3.8/site-packages/airflow/example_dags/example_branch_datetime_operator.py
[2026-07-12T09:22:09.585+0000] {processor.py:840} INFO - DAG(s) 'example_branch_datetime_operator_2', 'example_branch_datetime_operator', 'example_branch_datetime_operator_3' retrieved from /home/airflow/.local/lib/python3.8/site-packages/airflow/example_dags/example_branch_datetime_operator.py
[2026-07-12T09:22:09.607+0000] {logging_mixin.py:188} INFO - [2026-07-12T09:22:09.607+0000] {dag.py:3036} INFO - Sync 3 DAGs
[2026-07-12T09:22:09.622+0000] {logging_mixin.py:188} INFO - [2026-07-12T09:22:09.622+0000] {dag.py:3823} INFO - Setting next_dagrun for example_branch_datetime_operator to 2026-07-11 00:00:00+00:00, run_after=2026-07-12 00:00:00+00:00
[2026-07-12T09:22:09.625+0000] {logging_mixin.py:188} INFO - [2026-07-12T09:22:09.625+0000] {dag.py:3823} INFO - Setting next_dagrun for example_branch_datetime_operator_2 to 2026-07-11 00:00:00+00:00, run_after=2026-07-12 00:00:00+00:00
[2026-07-12T09:22:09.627+0000] {logging_mixin.py:188} INFO - [2026-07-12T09:22:09.627+0000] {dag.py:3823} INFO - Setting next_dagrun for example_branch_datetime_operator_3 to 2026-07-11 00:00:00+00:00, run_after=2026-07-12 00:00:00+00:00
[2026-07-12T09:22:09.639+0000] {processor.py:183} INFO - Processing /home/airflow/.local/lib/python3.8/site-packages/airflow/example_dags/example_branch_datetime_operator.py took 0.067 seconds
[2026-07-12T09:22:39.719+0000] {processor.py:161} INFO - Started process (PID=2457) to work on /home/airflow/.local/lib/python3.8/site-packages/airflow/example_dags/example_branch_datetime_operator.py
[2026-07-12T09:22:39.720+0000] {processor.py:830} INFO - Processing file /home/airflow/.local/lib/python3.8/site-packages/airflow/example_dags/example_branch_datetime_operator.py for tasks to queue
[2026-07-12T09:22:39.722+0000] {logging_mixin.py:188} INFO - [2026-07-12T09:22:39.721+0000] {dagbag.py:538} INFO - Filling up the DagBag from /home/airflow/.local/lib/python3.8/site-packages/airflow/example_dags/example_branch_datetime_operator.py
[2026-07-12T09:22:39.730+0000] {processor.py:840} INFO - DAG(s) 'example_branch_datetime_operator_2', 'example_branch_datetime_operator', 'example_branch_datetime_operator_3' retrieved from /home/airflow/.local/lib/python3.8/site-packages/airflow/example_dags/example_branch_datetime_operator.py
[2026-07-12T09:22:39.752+0000] {logging_mixin.py:188} INFO - [2026-07-12T09:22:39.752+0000] {dag.py:3036} INFO - Sync 3 DAGs
[2026-07-12T09:22:39.767+0000] {logging_mixin.py:188} INFO - [2026-07-12T09:22:39.767+0000] {dag.py:3823} INFO - Setting next_dagrun for example_branch_datetime_operator to 2026-07-11 00:00:00+00:00, run_after=2026-07-12 00:00:00+00:00
[2026-07-12T09:22:39.771+0000] {logging_mixin.py:188} INFO - [2026-07-12T09:22:39.770+0000] {dag.py:3823} INFO - Setting next_dagrun for example_branch_datetime_operator_2 to 2026-07-11 00:00:00+00:00, run_after=2026-07-12 00:00:00+00:00
[2026-07-12T09:22:39.772+0000] {logging_mixin.py:188} INFO - [2026-07-12T09:22:39.772+0000] {dag.py:3823} INFO - Setting next_dagrun for example_branch_datetime_operator_3 to 2026-07-11 00:00:00+00:00, run_after=2026-07-12 00:00:00+00:00
[2026-07-12T09:22:39.784+0000] {processor.py:183} INFO - Processing /home/airflow/.local/lib/python3.8/site-packages/airflow/example_dags/example_branch_datetime_operator.py took 0.068 seconds
[2026-07-12T09:23:10.156+0000] {processor.py:161} INFO - Started process (PID=2512) to work on /home/airflow/.local/lib/python3.8/site-packages/airflow/example_dags/example_branch_datetime_operator.py
[2026-07-12T09:23:10.157+0000] {processor.py:830} INFO - Processing file /home/airflow/.local/lib/python3.8/site-packages/airflow/example_dags/example_branch_datetime_operator.py for tasks to queue
[2026-07-12T09:23:10.158+0000] {logging_mixin.py:188} INFO - [2026-07-12T09:23:10.158+0000] {dagbag.py:538} INFO - Filling up the DagBag from /home/airflow/.local/lib/python3.8/site-packages/airflow/example_dags/example_branch_datetime_operator.py
[2026-07-12T09:23:10.167+0000] {processor.py:840} INFO - DAG(s) 'example_branch_datetime_operator_2', 'example_branch_datetime_operator_3', 'example_branch_datetime_operator' retrieved from /home/airflow/.local/lib/python3.8/site-packages/airflow/example_dags/example_branch_datetime_operator.py
[2026-07-12T09:23:10.190+0000] {logging_mixin.py:188} INFO - [2026-07-12T09:23:10.189+0000] {dag.py:3036} INFO - Sync 3 DAGs
[2026-07-12T09:23:10.206+0000] {logging_mixin.py:188} INFO - [2026-07-12T09:23:10.205+0000] {dag.py:3823} INFO - Setting next_dagrun for example_branch_datetime_operator to 2026-07-11 00:00:00+00:00, run_after=2026-07-12 00:00:00+00:00
[2026-07-12T09:23:10.209+0000] {logging_mixin.py:188} INFO - [2026-07-12T09:23:10.209+0000] {dag.py:3823} INFO - Setting next_dagrun for example_branch_datetime_operator_2 to 2026-07-11 00:00:00+00:00, run_after=2026-07-12 00:00:00+00:00
[2026-07-12T09:23:10.211+0000] {logging_mixin.py:188} INFO - [2026-07-12T09:23:10.211+0000] {dag.py:3823} INFO - Setting next_dagrun for example_branch_datetime_operator_3 to 2026-07-11 00:00:00+00:00, run_after=2026-07-12 00:00:00+00:00
[2026-07-12T09:23:10.229+0000] {processor.py:183} INFO - Processing /home/airflow/.local/lib/python3.8/site-packages/airflow/example_dags/example_branch_datetime_operator.py took 0.076 seconds
[2026-07-12T09:23:40.494+0000] {processor.py:161} INFO - Started process (PID=2567) to work on /home/airflow/.local/lib/python3.8/site-packages/airflow/example_dags/example_branch_datetime_operator.py
[2026-07-12T09:23:40.496+0000] {processor.py:830} INFO - Processing file /home/airflow/.local/lib/python3.8/site-packages/airflow/example_dags/example_branch_datetime_operator.py for tasks to queue
[2026-07-12T09:23:40.498+0000] {logging_mixin.py:188} INFO - [2026-07-12T09:23:40.497+0000] {dagbag.py:538} INFO - Filling up the DagBag from /home/airflow/.local/lib/python3.8/site-packages/airflow/example_dags/example_branch_datetime_operator.py
[2026-07-12T09:23:40.507+0000] {processor.py:840} INFO - DAG(s) 'example_branch_datetime_operator', 'example_branch_datetime_operator_2', 'example_branch_datetime_operator_3' retrieved from /home/airflow/.local/lib/python3.8/site-packages/airflow/example_dags/example_branch_datetime_operator.py
[2026-07-12T09:23:40.535+0000] {logging_mixin.py:188} INFO - [2026-07-12T09:23:40.535+0000] {dag.py:3036} INFO - Sync 3 DAGs
[2026-07-12T09:23:40.553+0000] {logging_mixin.py:188} INFO - [2026-07-12T09:23:40.553+0000] {dag.py:3823} INFO - Setting next_dagrun for example_branch_datetime_operator to 2026-07-11 00:00:00+00:00, run_after=2026-07-12 00:00:00+00:00
[2026-07-12T09:23:40.557+0000] {logging_mixin.py:188} INFO - [2026-07-12T09:23:40.556+0000] {dag.py:3823} INFO - Setting next_dagrun for example_branch_datetime_operator_2 to 2026-07-11 00:00:00+00:00, run_after=2026-07-12 00:00:00+00:00
[2026-07-12T09:23:40.559+0000] {logging_mixin.py:188} INFO - [2026-07-12T09:23:40.559+0000] {dag.py:3823} INFO - Setting next_dagrun for example_branch_datetime_operator_3 to 2026-07-11 00:00:00+00:00, run_after=2026-07-12 00:00:00+00:00
[2026-07-12T09:23:40.577+0000] {processor.py:183} INFO - Processing /home/airflow/.local/lib/python3.8/site-packages/airflow/example_dags/example_branch_datetime_operator.py took 0.086 seconds
[2026-07-12T09:24:10.983+0000] {processor.py:161} INFO - Started process (PID=2622) to work on /home/airflow/.local/lib/python3.8/site-packages/airflow/example_dags/example_branch_datetime_operator.py
[2026-07-12T09:24:10.984+0000] {processor.py:830} INFO - Processing file /home/airflow/.local/lib/python3.8/site-packages/airflow/example_dags/example_branch_datetime_operator.py for tasks to queue
[2026-07-12T09:24:10.986+0000] {logging_mixin.py:188} INFO - [2026-07-12T09:24:10.986+0000] {dagbag.py:538} INFO - Filling up the DagBag from /home/airflow/.local/lib/python3.8/site-packages/airflow/example_dags/example_branch_datetime_operator.py
[2026-07-12T09:24:10.995+0000] {processor.py:840} INFO - DAG(s) 'example_branch_datetime_operator', 'example_branch_datetime_operator_3', 'example_branch_datetime_operator_2' retrieved from /home/airflow/.local/lib/python3.8/site-packages/airflow/example_dags/example_branch_datetime_operator.py
[2026-07-12T09:24:11.017+0000] {logging_mixin.py:188} INFO - [2026-07-12T09:24:11.017+0000] {dag.py:3036} INFO - Sync 3 DAGs
[2026-07-12T09:24:11.054+0000] {logging_mixin.py:188} INFO - [2026-07-12T09:24:11.054+0000] {dag.py:3823} INFO - Setting next_dagrun for example_branch_datetime_operator to 2026-07-11 00:00:00+00:00, run_after=2026-07-12 00:00:00+00:00
[2026-07-12T09:24:11.062+0000] {logging_mixin.py:188} INFO - [2026-07-12T09:24:11.062+0000] {dag.py:3823} INFO - Setting next_dagrun for example_branch_datetime_operator_2 to 2026-07-11 00:00:00+00:00, run_after=2026-07-12 00:00:00+00:00
[2026-07-12T09:24:11.068+0000] {logging_mixin.py:188} INFO - [2026-07-12T09:24:11.068+0000] {dag.py:3823} INFO - Setting next_dagrun for example_branch_datetime_operator_3 to 2026-07-11 00:00:00+00:00, run_after=2026-07-12 00:00:00+00:00
[2026-07-12T09:24:11.099+0000] {processor.py:183} INFO - Processing /home/airflow/.local/lib/python3.8/site-packages/airflow/example_dags/example_branch_datetime_operator.py took 0.121 seconds
[2026-07-12T09:24:51.894+0000] {processor.py:161} INFO - Started process (PID=2677) to work on /home/airflow/.local/lib/python3.8/site-packages/airflow/example_dags/example_branch_datetime_operator.py
[2026-07-12T09:24:51.898+0000] {processor.py:830} INFO - Processing file /home/airflow/.local/lib/python3.8/site-packages/airflow/example_dags/example_branch_datetime_operator.py for tasks to queue
[2026-07-12T09:24:51.900+0000] {logging_mixin.py:188} INFO - [2026-07-12T09:24:51.899+0000] {dagbag.py:538} INFO - Filling up the DagBag from /home/airflow/.local/lib/python3.8/site-packages/airflow/example_dags/example_branch_datetime_operator.py
[2026-07-12T09:24:51.929+0000] {processor.py:840} INFO - DAG(s) 'example_branch_datetime_operator_2', 'example_branch_datetime_operator_3', 'example_branch_datetime_operator' retrieved from /home/airflow/.local/lib/python3.8/site-packages/airflow/example_dags/example_branch_datetime_operator.py
[2026-07-12T09:24:51.962+0000] {logging_mixin.py:188} INFO - [2026-07-12T09:24:51.962+0000] {dag.py:3036} INFO - Sync 3 DAGs
[2026-07-12T09:24:51.979+0000] {logging_mixin.py:188} INFO - [2026-07-12T09:24:51.979+0000] {dag.py:3823} INFO - Setting next_dagrun for example_branch_datetime_operator to 2026-07-11 00:00:00+00:00, run_after=2026-07-12 00:00:00+00:00
[2026-07-12T09:24:51.983+0000] {logging_mixin.py:188} INFO - [2026-07-12T09:24:51.982+0000] {dag.py:3823} INFO - Setting next_dagrun for example_branch_datetime_operator_2 to 2026-07-11 00:00:00+00:00, run_after=2026-07-12 00:00:00+00:00
[2026-07-12T09:24:51.985+0000] {logging_mixin.py:188} INFO - [2026-07-12T09:24:51.984+0000] {dag.py:3823} INFO - Setting next_dagrun for example_branch_datetime_operator_3 to 2026-07-11 00:00:00+00:00, run_after=2026-07-12 00:00:00+00:00
[2026-07-12T09:24:52.020+0000] {processor.py:183} INFO - Processing /home/airflow/.local/lib/python3.8/site-packages/airflow/example_dags/example_branch_datetime_operator.py took 0.129 seconds
[2026-07-12T09:29:16.156+0000] {processor.py:161} INFO - Started process (PID=96) to work on /home/airflow/.local/lib/python3.8/site-packages/airflow/example_dags/example_branch_datetime_operator.py
[2026-07-12T09:29:16.157+0000] {processor.py:830} INFO - Processing file /home/airflow/.local/lib/python3.8/site-packages/airflow/example_dags/example_branch_datetime_operator.py for tasks to queue
[2026-07-12T09:29:16.159+0000] {logging_mixin.py:188} INFO - [2026-07-12T09:29:16.159+0000] {dagbag.py:538} INFO - Filling up the DagBag from /home/airflow/.local/lib/python3.8/site-packages/airflow/example_dags/example_branch_datetime_operator.py
[2026-07-12T09:29:16.169+0000] {processor.py:840} INFO - DAG(s) 'example_branch_datetime_operator', 'example_branch_datetime_operator_3', 'example_branch_datetime_operator_2' retrieved from /home/airflow/.local/lib/python3.8/site-packages/airflow/example_dags/example_branch_datetime_operator.py
[2026-07-12T09:29:16.193+0000] {logging_mixin.py:188} INFO - [2026-07-12T09:29:16.193+0000] {dag.py:3036} INFO - Sync 3 DAGs
[2026-07-12T09:29:16.214+0000] {logging_mixin.py:188} INFO - [2026-07-12T09:29:16.213+0000] {dag.py:3823} INFO - Setting next_dagrun for example_branch_datetime_operator to 2026-07-11 00:00:00+00:00, run_after=2026-07-12 00:00:00+00:00
[2026-07-12T09:29:16.217+0000] {logging_mixin.py:188} INFO - [2026-07-12T09:29:16.217+0000] {dag.py:3823} INFO - Setting next_dagrun for example_branch_datetime_operator_2 to 2026-07-11 00:00:00+00:00, run_after=2026-07-12 00:00:00+00:00
[2026-07-12T09:29:16.219+0000] {logging_mixin.py:188} INFO - [2026-07-12T09:29:16.219+0000] {dag.py:3823} INFO - Setting next_dagrun for example_branch_datetime_operator_3 to 2026-07-11 00:00:00+00:00, run_after=2026-07-12 00:00:00+00:00
[2026-07-12T09:29:16.236+0000] {processor.py:183} INFO - Processing /home/airflow/.local/lib/python3.8/site-packages/airflow/example_dags/example_branch_datetime_operator.py took 0.084 seconds
[2026-07-12T10:00:15.880+0000] {processor.py:161} INFO - Started process (PID=91) to work on /home/airflow/.local/lib/python3.8/site-packages/airflow/example_dags/example_branch_datetime_operator.py
[2026-07-12T10:00:15.882+0000] {processor.py:830} INFO - Processing file /home/airflow/.local/lib/python3.8/site-packages/airflow/example_dags/example_branch_datetime_operator.py for tasks to queue
[2026-07-12T10:00:15.885+0000] {logging_mixin.py:188} INFO - [2026-07-12T10:00:15.884+0000] {dagbag.py:538} INFO - Filling up the DagBag from /home/airflow/.local/lib/python3.8/site-packages/airflow/example_dags/example_branch_datetime_operator.py
[2026-07-12T10:00:15.900+0000] {processor.py:840} INFO - DAG(s) 'example_branch_datetime_operator', 'example_branch_datetime_operator_3', 'example_branch_datetime_operator_2' retrieved from /home/airflow/.local/lib/python3.8/site-packages/airflow/example_dags/example_branch_datetime_operator.py
[2026-07-12T10:00:15.929+0000] {logging_mixin.py:188} INFO - [2026-07-12T10:00:15.929+0000] {dag.py:3036} INFO - Sync 3 DAGs
[2026-07-12T10:00:15.977+0000] {logging_mixin.py:188} INFO - [2026-07-12T10:00:15.977+0000] {dag.py:3823} INFO - Setting next_dagrun for example_branch_datetime_operator to 2026-07-11 00:00:00+00:00, run_after=2026-07-12 00:00:00+00:00
[2026-07-12T10:00:15.983+0000] {logging_mixin.py:188} INFO - [2026-07-12T10:00:15.983+0000] {dag.py:3823} INFO - Setting next_dagrun for example_branch_datetime_operator_2 to 2026-07-11 00:00:00+00:00, run_after=2026-07-12 00:00:00+00:00
[2026-07-12T10:00:15.986+0000] {logging_mixin.py:188} INFO - [2026-07-12T10:00:15.986+0000] {dag.py:3823} INFO - Setting next_dagrun for example_branch_datetime_operator_3 to 2026-07-11 00:00:00+00:00, run_after=2026-07-12 00:00:00+00:00
[2026-07-12T10:00:16.007+0000] {processor.py:183} INFO - Processing /home/airflow/.local/lib/python3.8/site-packages/airflow/example_dags/example_branch_datetime_operator.py took 0.131 seconds
[2026-07-12T10:00:46.387+0000] {processor.py:161} INFO - Started process (PID=148) to work on /home/airflow/.local/lib/python3.8/site-packages/airflow/example_dags/example_branch_datetime_operator.py
[2026-07-12T10:00:46.388+0000] {processor.py:830} INFO - Processing file /home/airflow/.local/lib/python3.8/site-packages/airflow/example_dags/example_branch_datetime_operator.py for tasks to queue
[2026-07-12T10:00:46.390+0000] {logging_mixin.py:188} INFO - [2026-07-12T10:00:46.389+0000] {dagbag.py:538} INFO - Filling up the DagBag from /home/airflow/.local/lib/python3.8/site-packages/airflow/example_dags/example_branch_datetime_operator.py
[2026-07-12T10:00:46.397+0000] {processor.py:840} INFO - DAG(s) 'example_branch_datetime_operator_2', 'example_branch_datetime_operator', 'example_branch_datetime_operator_3' retrieved from /home/airflow/.local/lib/python3.8/site-packages/airflow/example_dags/example_branch_datetime_operator.py
[2026-07-12T10:00:46.479+0000] {logging_mixin.py:188} INFO - [2026-07-12T10:00:46.479+0000] {dag.py:3036} INFO - Sync 3 DAGs
[2026-07-12T10:00:46.493+0000] {logging_mixin.py:188} INFO - [2026-07-12T10:00:46.493+0000] {dag.py:3823} INFO - Setting next_dagrun for example_branch_datetime_operator to 2026-07-11 00:00:00+00:00, run_after=2026-07-12 00:00:00+00:00
[2026-07-12T10:00:46.496+0000] {logging_mixin.py:188} INFO - [2026-07-12T10:00:46.496+0000] {dag.py:3823} INFO - Setting next_dagrun for example_branch_datetime_operator_2 to 2026-07-11 00:00:00+00:00, run_after=2026-07-12 00:00:00+00:00
[2026-07-12T10:00:46.498+0000] {logging_mixin.py:188} INFO - [2026-07-12T10:00:46.498+0000] {dag.py:3823} INFO - Setting next_dagrun for example_branch_datetime_operator_3 to 2026-07-11 00:00:00+00:00, run_after=2026-07-12 00:00:00+00:00
[2026-07-12T10:00:46.513+0000] {processor.py:183} INFO - Processing /home/airflow/.local/lib/python3.8/site-packages/airflow/example_dags/example_branch_datetime_operator.py took 0.129 seconds
[2026-07-12T10:01:16.874+0000] {processor.py:161} INFO - Started process (PID=204) to work on /home/airflow/.local/lib/python3.8/site-packages/airflow/example_dags/example_branch_datetime_operator.py
[2026-07-12T10:01:16.876+0000] {processor.py:830} INFO - Processing file /home/airflow/.local/lib/python3.8/site-packages/airflow/example_dags/example_branch_datetime_operator.py for tasks to queue
[2026-07-12T10:01:16.877+0000] {logging_mixin.py:188} INFO - [2026-07-12T10:01:16.877+0000] {dagbag.py:538} INFO - Filling up the DagBag from /home/airflow/.local/lib/python3.8/site-packages/airflow/example_dags/example_branch_datetime_operator.py
[2026-07-12T10:01:16.885+0000] {processor.py:840} INFO - DAG(s) 'example_branch_datetime_operator', 'example_branch_datetime_operator_2', 'example_branch_datetime_operator_3' retrieved from /home/airflow/.local/lib/python3.8/site-packages/airflow/example_dags/example_branch_datetime_operator.py
[2026-07-12T10:01:16.909+0000] {logging_mixin.py:188} INFO - [2026-07-12T10:01:16.909+0000] {dag.py:3036} INFO - Sync 3 DAGs
[2026-07-12T10:01:16.934+0000] {logging_mixin.py:188} INFO - [2026-07-12T10:01:16.934+0000] {dag.py:3823} INFO - Setting next_dagrun for example_branch_datetime_operator to 2026-07-11 00:00:00+00:00, run_after=2026-07-12 00:00:00+00:00
[2026-07-12T10:01:16.945+0000] {logging_mixin.py:188} INFO - [2026-07-12T10:01:16.944+0000] {dag.py:3823} INFO - Setting next_dagrun for example_branch_datetime_operator_2 to 2026-07-11 00:00:00+00:00, run_after=2026-07-12 00:00:00+00:00
[2026-07-12T10:01:16.950+0000] {logging_mixin.py:188} INFO - [2026-07-12T10:01:16.950+0000] {dag.py:3823} INFO - Setting next_dagrun for example_branch_datetime_operator_3 to 2026-07-11 00:00:00+00:00, run_after=2026-07-12 00:00:00+00:00
[2026-07-12T10:01:16.965+0000] {processor.py:183} INFO - Processing /home/airflow/.local/lib/python3.8/site-packages/airflow/example_dags/example_branch_datetime_operator.py took 0.094 seconds
[2026-07-12T10:01:47.238+0000] {processor.py:161} INFO - Started process (PID=260) to work on /home/airflow/.local/lib/python3.8/site-packages/airflow/example_dags/example_branch_datetime_operator.py
[2026-07-12T10:01:47.239+0000] {processor.py:830} INFO - Processing file /home/airflow/.local/lib/python3.8/site-packages/airflow/example_dags/example_branch_datetime_operator.py for tasks to queue
[2026-07-12T10:01:47.240+0000] {logging_mixin.py:188} INFO - [2026-07-12T10:01:47.240+0000] {dagbag.py:538} INFO - Filling up the DagBag from /home/airflow/.local/lib/python3.8/site-packages/airflow/example_dags/example_branch_datetime_operator.py
[2026-07-12T10:01:47.248+0000] {processor.py:840} INFO - DAG(s) 'example_branch_datetime_operator', 'example_branch_datetime_operator_3', 'example_branch_datetime_operator_2' retrieved from /home/airflow/.local/lib/python3.8/site-packages/airflow/example_dags/example_branch_datetime_operator.py
[2026-07-12T10:01:47.270+0000] {logging_mixin.py:188} INFO - [2026-07-12T10:01:47.270+0000] {dag.py:3036} INFO - Sync 3 DAGs
[2026-07-12T10:01:47.287+0000] {logging_mixin.py:188} INFO - [2026-07-12T10:01:47.287+0000] {dag.py:3823} INFO - Setting next_dagrun for example_branch_datetime_operator to 2026-07-11 00:00:00+00:00, run_after=2026-07-12 00:00:00+00:00
[2026-07-12T10:01:47.291+0000] {logging_mixin.py:188} INFO - [2026-07-12T10:01:47.291+0000] {dag.py:3823} INFO - Setting next_dagrun for example_branch_datetime_operator_2 to 2026-07-11 00:00:00+00:00, run_after=2026-07-12 00:00:00+00:00
[2026-07-12T10:01:47.293+0000] {logging_mixin.py:188} INFO - [2026-07-12T10:01:47.292+0000] {dag.py:3823} INFO - Setting next_dagrun for example_branch_datetime_operator_3 to 2026-07-11 00:00:00+00:00, run_after=2026-07-12 00:00:00+00:00
[2026-07-12T10:01:47.305+0000] {processor.py:183} INFO - Processing /home/airflow/.local/lib/python3.8/site-packages/airflow/example_dags/example_branch_datetime_operator.py took 0.069 seconds
[2026-07-12T10:02:17.324+0000] {processor.py:161} INFO - Started process (PID=316) to work on /home/airflow/.local/lib/python3.8/site-packages/airflow/example_dags/example_branch_datetime_operator.py
[2026-07-12T10:02:17.325+0000] {processor.py:830} INFO - Processing file /home/airflow/.local/lib/python3.8/site-packages/airflow/example_dags/example_branch_datetime_operator.py for tasks to queue
[2026-07-12T10:02:17.327+0000] {logging_mixin.py:188} INFO - [2026-07-12T10:02:17.326+0000] {dagbag.py:538} INFO - Filling up the DagBag from /home/airflow/.local/lib/python3.8/site-packages/airflow/example_dags/example_branch_datetime_operator.py
[2026-07-12T10:02:17.334+0000] {processor.py:840} INFO - DAG(s) 'example_branch_datetime_operator_3', 'example_branch_datetime_operator_2', 'example_branch_datetime_operator' retrieved from /home/airflow/.local/lib/python3.8/site-packages/airflow/example_dags/example_branch_datetime_operator.py
[2026-07-12T10:02:17.354+0000] {logging_mixin.py:188} INFO - [2026-07-12T10:02:17.353+0000] {dag.py:3036} INFO - Sync 3 DAGs
[2026-07-12T10:02:17.370+0000] {logging_mixin.py:188} INFO - [2026-07-12T10:02:17.370+0000] {dag.py:3823} INFO - Setting next_dagrun for example_branch_datetime_operator to 2026-07-11 00:00:00+00:00, run_after=2026-07-12 00:00:00+00:00
[2026-07-12T10:02:17.374+0000] {logging_mixin.py:188} INFO - [2026-07-12T10:02:17.373+0000] {dag.py:3823} INFO - Setting next_dagrun for example_branch_datetime_operator_2 to 2026-07-11 00:00:00+00:00, run_after=2026-07-12 00:00:00+00:00
[2026-07-12T10:02:17.375+0000] {logging_mixin.py:188} INFO - [2026-07-12T10:02:17.375+0000] {dag.py:3823} INFO - Setting next_dagrun for example_branch_datetime_operator_3 to 2026-07-11 00:00:00+00:00, run_after=2026-07-12 00:00:00+00:00
[2026-07-12T10:02:17.388+0000] {processor.py:183} INFO - Processing /home/airflow/.local/lib/python3.8/site-packages/airflow/example_dags/example_branch_datetime_operator.py took 0.067 seconds
[2026-07-12T10:02:47.424+0000] {processor.py:161} INFO - Started process (PID=366) to work on /home/airflow/.local/lib/python3.8/site-packages/airflow/example_dags/example_branch_datetime_operator.py
[2026-07-12T10:02:47.425+0000] {processor.py:830} INFO - Processing file /home/airflow/.local/lib/python3.8/site-packages/airflow/example_dags/example_branch_datetime_operator.py for tasks to queue
[2026-07-12T10:02:47.427+0000] {logging_mixin.py:188} INFO - [2026-07-12T10:02:47.427+0000] {dagbag.py:538} INFO - Filling up the DagBag from /home/airflow/.local/lib/python3.8/site-packages/airflow/example_dags/example_branch_datetime_operator.py
[2026-07-12T10:02:47.434+0000] {processor.py:840} INFO - DAG(s) 'example_branch_datetime_operator_3', 'example_branch_datetime_operator', 'example_branch_datetime_operator_2' retrieved from /home/airflow/.local/lib/python3.8/site-packages/airflow/example_dags/example_branch_datetime_operator.py
[2026-07-12T10:02:47.455+0000] {logging_mixin.py:188} INFO - [2026-07-12T10:02:47.455+0000] {dag.py:3036} INFO - Sync 3 DAGs
[2026-07-12T10:02:47.478+0000] {logging_mixin.py:188} INFO - [2026-07-12T10:02:47.477+0000] {dag.py:3823} INFO - Setting next_dagrun for example_branch_datetime_operator to 2026-07-11 00:00:00+00:00, run_after=2026-07-12 00:00:00+00:00
[2026-07-12T10:02:47.486+0000] {logging_mixin.py:188} INFO - [2026-07-12T10:02:47.485+0000] {dag.py:3823} INFO - Setting next_dagrun for example_branch_datetime_operator_2 to 2026-07-11 00:00:00+00:00, run_after=2026-07-12 00:00:00+00:00
[2026-07-12T10:02:47.488+0000] {logging_mixin.py:188} INFO - [2026-07-12T10:02:47.488+0000] {dag.py:3823} INFO - Setting next_dagrun for example_branch_datetime_operator_3 to 2026-07-11 00:00:00+00:00, run_after=2026-07-12 00:00:00+00:00
[2026-07-12T10:02:47.511+0000] {processor.py:183} INFO - Processing /home/airflow/.local/lib/python3.8/site-packages/airflow/example_dags/example_branch_datetime_operator.py took 0.090 seconds
[2026-07-12T10:03:17.637+0000] {processor.py:161} INFO - Started process (PID=422) to work on /home/airflow/.local/lib/python3.8/site-packages/airflow/example_dags/example_branch_datetime_operator.py
[2026-07-12T10:03:17.638+0000] {processor.py:830} INFO - Processing file /home/airflow/.local/lib/python3.8/site-packages/airflow/example_dags/example_branch_datetime_operator.py for tasks to queue
[2026-07-12T10:03:17.640+0000] {logging_mixin.py:188} INFO - [2026-07-12T10:03:17.640+0000] {dagbag.py:538} INFO - Filling up the DagBag from /home/airflow/.local/lib/python3.8/site-packages/airflow/example_dags/example_branch_datetime_operator.py
[2026-07-12T10:03:17.647+0000] {processor.py:840} INFO - DAG(s) 'example_branch_datetime_operator', 'example_branch_datetime_operator_3', 'example_branch_datetime_operator_2' retrieved from /home/airflow/.local/lib/python3.8/site-packages/airflow/example_dags/example_branch_datetime_operator.py
[2026-07-12T10:03:17.672+0000] {logging_mixin.py:188} INFO - [2026-07-12T10:03:17.672+0000] {dag.py:3036} INFO - Sync 3 DAGs
[2026-07-12T10:03:17.690+0000] {logging_mixin.py:188} INFO - [2026-07-12T10:03:17.690+0000] {dag.py:3823} INFO - Setting next_dagrun for example_branch_datetime_operator to 2026-07-11 00:00:00+00:00, run_after=2026-07-12 00:00:00+00:00
[2026-07-12T10:03:17.693+0000] {logging_mixin.py:188} INFO - [2026-07-12T10:03:17.693+0000] {dag.py:3823} INFO - Setting next_dagrun for example_branch_datetime_operator_2 to 2026-07-11 00:00:00+00:00, run_after=2026-07-12 00:00:00+00:00
[2026-07-12T10:03:17.695+0000] {logging_mixin.py:188} INFO - [2026-07-12T10:03:17.695+0000] {dag.py:3823} INFO - Setting next_dagrun for example_branch_datetime_operator_3 to 2026-07-11 00:00:00+00:00, run_after=2026-07-12 00:00:00+00:00
[2026-07-12T10:03:17.708+0000] {processor.py:183} INFO - Processing /home/airflow/.local/lib/python3.8/site-packages/airflow/example_dags/example_branch_datetime_operator.py took 0.074 seconds
[2026-07-12T10:03:48.123+0000] {processor.py:161} INFO - Started process (PID=478) to work on /home/airflow/.local/lib/python3.8/site-packages/airflow/example_dags/example_branch_datetime_operator.py
[2026-07-12T10:03:48.124+0000] {processor.py:830} INFO - Processing file /home/airflow/.local/lib/python3.8/site-packages/airflow/example_dags/example_branch_datetime_operator.py for tasks to queue
[2026-07-12T10:03:48.126+0000] {logging_mixin.py:188} INFO - [2026-07-12T10:03:48.126+0000] {dagbag.py:538} INFO - Filling up the DagBag from /home/airflow/.local/lib/python3.8/site-packages/airflow/example_dags/example_branch_datetime_operator.py
[2026-07-12T10:03:48.139+0000] {processor.py:840} INFO - DAG(s) 'example_branch_datetime_operator', 'example_branch_datetime_operator_2', 'example_branch_datetime_operator_3' retrieved from /home/airflow/.local/lib/python3.8/site-packages/airflow/example_dags/example_branch_datetime_operator.py
[2026-07-12T10:03:48.174+0000] {logging_mixin.py:188} INFO - [2026-07-12T10:03:48.173+0000] {dag.py:3036} INFO - Sync 3 DAGs
[2026-07-12T10:03:48.199+0000] {logging_mixin.py:188} INFO - [2026-07-12T10:03:48.198+0000] {dag.py:3823} INFO - Setting next_dagrun for example_branch_datetime_operator to 2026-07-11 00:00:00+00:00, run_after=2026-07-12 00:00:00+00:00
[2026-07-12T10:03:48.204+0000] {logging_mixin.py:188} INFO - [2026-07-12T10:03:48.203+0000] {dag.py:3823} INFO - Setting next_dagrun for example_branch_datetime_operator_2 to 2026-07-11 00:00:00+00:00, run_after=2026-07-12 00:00:00+00:00
[2026-07-12T10:03:48.206+0000] {logging_mixin.py:188} INFO - [2026-07-12T10:03:48.206+0000] {dag.py:3823} INFO - Setting next_dagrun for example_branch_datetime_operator_3 to 2026-07-11 00:00:00+00:00, run_after=2026-07-12 00:00:00+00:00
[2026-07-12T10:03:48.224+0000] {processor.py:183} INFO - Processing /home/airflow/.local/lib/python3.8/site-packages/airflow/example_dags/example_branch_datetime_operator.py took 0.104 seconds
[2026-07-12T10:04:18.594+0000] {processor.py:161} INFO - Started process (PID=534) to work on /home/airflow/.local/lib/python3.8/site-packages/airflow/example_dags/example_branch_datetime_operator.py
[2026-07-12T10:04:18.595+0000] {processor.py:830} INFO - Processing file /home/airflow/.local/lib/python3.8/site-packages/airflow/example_dags/example_branch_datetime_operator.py for tasks to queue
[2026-07-12T10:04:18.597+0000] {logging_mixin.py:188} INFO - [2026-07-12T10:04:18.597+0000] {dagbag.py:538} INFO - Filling up the DagBag from /home/airflow/.local/lib/python3.8/site-packages/airflow/example_dags/example_branch_datetime_operator.py
[2026-07-12T10:04:18.605+0000] {processor.py:840} INFO - DAG(s) 'example_branch_datetime_operator', 'example_branch_datetime_operator_2', 'example_branch_datetime_operator_3' retrieved from /home/airflow/.local/lib/python3.8/site-packages/airflow/example_dags/example_branch_datetime_operator.py
[2026-07-12T10:04:18.631+0000] {logging_mixin.py:188} INFO - [2026-07-12T10:04:18.631+0000] {dag.py:3036} INFO - Sync 3 DAGs
[2026-07-12T10:04:18.653+0000] {logging_mixin.py:188} INFO - [2026-07-12T10:04:18.653+0000] {dag.py:3823} INFO - Setting next_dagrun for example_branch_datetime_operator to 2026-07-11 00:00:00+00:00, run_after=2026-07-12 00:00:00+00:00
[2026-07-12T10:04:18.659+0000] {logging_mixin.py:188} INFO - [2026-07-12T10:04:18.659+0000] {dag.py:3823} INFO - Setting next_dagrun for example_branch_datetime_operator_2 to 2026-07-11 00:00:00+00:00, run_after=2026-07-12 00:00:00+00:00
[2026-07-12T10:04:18.664+0000] {logging_mixin.py:188} INFO - [2026-07-12T10:04:18.663+0000] {dag.py:3823} INFO - Setting next_dagrun for example_branch_datetime_operator_3 to 2026-07-11 00:00:00+00:00, run_after=2026-07-12 00:00:00+00:00
[2026-07-12T10:04:18.700+0000] {processor.py:183} INFO - Processing /home/airflow/.local/lib/python3.8/site-packages/airflow/example_dags/example_branch_datetime_operator.py took 0.108 seconds
[2026-07-12T10:04:48.769+0000] {processor.py:161} INFO - Started process (PID=591) to work on /home/airflow/.local/lib/python3.8/site-packages/airflow/example_dags/example_branch_datetime_operator.py
[2026-07-12T10:04:48.770+0000] {processor.py:830} INFO - Processing file /home/airflow/.local/lib/python3.8/site-packages/airflow/example_dags/example_branch_datetime_operator.py for tasks to queue
[2026-07-12T10:04:48.772+0000] {logging_mixin.py:188} INFO - [2026-07-12T10:04:48.772+0000] {dagbag.py:538} INFO - Filling up the DagBag from /home/airflow/.local/lib/python3.8/site-packages/airflow/example_dags/example_branch_datetime_operator.py
[2026-07-12T10:04:48.779+0000] {processor.py:840} INFO - DAG(s) 'example_branch_datetime_operator_2', 'example_branch_datetime_operator', 'example_branch_datetime_operator_3' retrieved from /home/airflow/.local/lib/python3.8/site-packages/airflow/example_dags/example_branch_datetime_operator.py
[2026-07-12T10:04:48.801+0000] {logging_mixin.py:188} INFO - [2026-07-12T10:04:48.801+0000] {dag.py:3036} INFO - Sync 3 DAGs
[2026-07-12T10:04:48.818+0000] {logging_mixin.py:188} INFO - [2026-07-12T10:04:48.817+0000] {dag.py:3823} INFO - Setting next_dagrun for example_branch_datetime_operator to 2026-07-11 00:00:00+00:00, run_after=2026-07-12 00:00:00+00:00
[2026-07-12T10:04:48.821+0000] {logging_mixin.py:188} INFO - [2026-07-12T10:04:48.821+0000] {dag.py:3823} INFO - Setting next_dagrun for example_branch_datetime_operator_2 to 2026-07-11 00:00:00+00:00, run_after=2026-07-12 00:00:00+00:00
[2026-07-12T10:04:48.823+0000] {logging_mixin.py:188} INFO - [2026-07-12T10:04:48.823+0000] {dag.py:3823} INFO - Setting next_dagrun for example_branch_datetime_operator_3 to 2026-07-11 00:00:00+00:00, run_after=2026-07-12 00:00:00+00:00
[2026-07-12T10:04:48.836+0000] {processor.py:183} INFO - Processing /home/airflow/.local/lib/python3.8/site-packages/airflow/example_dags/example_branch_datetime_operator.py took 0.071 seconds
[2026-07-12T10:05:18.908+0000] {processor.py:161} INFO - Started process (PID=647) to work on /home/airflow/.local/lib/python3.8/site-packages/airflow/example_dags/example_branch_datetime_operator.py
[2026-07-12T10:05:18.909+0000] {processor.py:830} INFO - Processing file /home/airflow/.local/lib/python3.8/site-packages/airflow/example_dags/example_branch_datetime_operator.py for tasks to queue
[2026-07-12T10:05:18.910+0000] {logging_mixin.py:188} INFO - [2026-07-12T10:05:18.910+0000] {dagbag.py:538} INFO - Filling up the DagBag from /home/airflow/.local/lib/python3.8/site-packages/airflow/example_dags/example_branch_datetime_operator.py
[2026-07-12T10:05:18.918+0000] {processor.py:840} INFO - DAG(s) 'example_branch_datetime_operator_2', 'example_branch_datetime_operator', 'example_branch_datetime_operator_3' retrieved from /home/airflow/.local/lib/python3.8/site-packages/airflow/example_dags/example_branch_datetime_operator.py
[2026-07-12T10:05:18.938+0000] {logging_mixin.py:188} INFO - [2026-07-12T10:05:18.938+0000] {dag.py:3036} INFO - Sync 3 DAGs
[2026-07-12T10:05:18.954+0000] {logging_mixin.py:188} INFO - [2026-07-12T10:05:18.954+0000] {dag.py:3823} INFO - Setting next_dagrun for example_branch_datetime_operator to 2026-07-11 00:00:00+00:00, run_after=2026-07-12 00:00:00+00:00
[2026-07-12T10:05:18.959+0000] {logging_mixin.py:188} INFO - [2026-07-12T10:05:18.958+0000] {dag.py:3823} INFO - Setting next_dagrun for example_branch_datetime_operator_2 to 2026-07-11 00:00:00+00:00, run_after=2026-07-12 00:00:00+00:00
[2026-07-12T10:05:18.961+0000] {logging_mixin.py:188} INFO - [2026-07-12T10:05:18.960+0000] {dag.py:3823} INFO - Setting next_dagrun for example_branch_datetime_operator_3 to 2026-07-11 00:00:00+00:00, run_after=2026-07-12 00:00:00+00:00
[2026-07-12T10:05:18.973+0000] {processor.py:183} INFO - Processing /home/airflow/.local/lib/python3.8/site-packages/airflow/example_dags/example_branch_datetime_operator.py took 0.068 seconds
[2026-07-12T10:05:49.207+0000] {processor.py:161} INFO - Started process (PID=703) to work on /home/airflow/.local/lib/python3.8/site-packages/airflow/example_dags/example_branch_datetime_operator.py
[2026-07-12T10:05:49.208+0000] {processor.py:830} INFO - Processing file /home/airflow/.local/lib/python3.8/site-packages/airflow/example_dags/example_branch_datetime_operator.py for tasks to queue
[2026-07-12T10:05:49.209+0000] {logging_mixin.py:188} INFO - [2026-07-12T10:05:49.209+0000] {dagbag.py:538} INFO - Filling up the DagBag from /home/airflow/.local/lib/python3.8/site-packages/airflow/example_dags/example_branch_datetime_operator.py
[2026-07-12T10:05:49.216+0000] {processor.py:840} INFO - DAG(s) 'example_branch_datetime_operator', 'example_branch_datetime_operator_2', 'example_branch_datetime_operator_3' retrieved from /home/airflow/.local/lib/python3.8/site-packages/airflow/example_dags/example_branch_datetime_operator.py
[2026-07-12T10:05:49.239+0000] {logging_mixin.py:188} INFO - [2026-07-12T10:05:49.239+0000] {dag.py:3036} INFO - Sync 3 DAGs
[2026-07-12T10:05:49.255+0000] {logging_mixin.py:188} INFO - [2026-07-12T10:05:49.254+0000] {dag.py:3823} INFO - Setting next_dagrun for example_branch_datetime_operator to 2026-07-11 00:00:00+00:00, run_after=2026-07-12 00:00:00+00:00
[2026-07-12T10:05:49.258+0000] {logging_mixin.py:188} INFO - [2026-07-12T10:05:49.258+0000] {dag.py:3823} INFO - Setting next_dagrun for example_branch_datetime_operator_2 to 2026-07-11 00:00:00+00:00, run_after=2026-07-12 00:00:00+00:00
[2026-07-12T10:05:49.260+0000] {logging_mixin.py:188} INFO - [2026-07-12T10:05:49.260+0000] {dag.py:3823} INFO - Setting next_dagrun for example_branch_datetime_operator_3 to 2026-07-11 00:00:00+00:00, run_after=2026-07-12 00:00:00+00:00
[2026-07-12T10:05:49.272+0000] {processor.py:183} INFO - Processing /home/airflow/.local/lib/python3.8/site-packages/airflow/example_dags/example_branch_datetime_operator.py took 0.068 seconds
[2026-07-12T10:06:19.352+0000] {processor.py:161} INFO - Started process (PID=759) to work on /home/airflow/.local/lib/python3.8/site-packages/airflow/example_dags/example_branch_datetime_operator.py
[2026-07-12T10:06:19.353+0000] {processor.py:830} INFO - Processing file /home/airflow/.local/lib/python3.8/site-packages/airflow/example_dags/example_branch_datetime_operator.py for tasks to queue
[2026-07-12T10:06:19.354+0000] {logging_mixin.py:188} INFO - [2026-07-12T10:06:19.354+0000] {dagbag.py:538} INFO - Filling up the DagBag from /home/airflow/.local/lib/python3.8/site-packages/airflow/example_dags/example_branch_datetime_operator.py
[2026-07-12T10:06:19.362+0000] {processor.py:840} INFO - DAG(s) 'example_branch_datetime_operator', 'example_branch_datetime_operator_2', 'example_branch_datetime_operator_3' retrieved from /home/airflow/.local/lib/python3.8/site-packages/airflow/example_dags/example_branch_datetime_operator.py
[2026-07-12T10:06:19.383+0000] {logging_mixin.py:188} INFO - [2026-07-12T10:06:19.383+0000] {dag.py:3036} INFO - Sync 3 DAGs
[2026-07-12T10:06:19.399+0000] {logging_mixin.py:188} INFO - [2026-07-12T10:06:19.399+0000] {dag.py:3823} INFO - Setting next_dagrun for example_branch_datetime_operator to 2026-07-11 00:00:00+00:00, run_after=2026-07-12 00:00:00+00:00
[2026-07-12T10:06:19.402+0000] {logging_mixin.py:188} INFO - [2026-07-12T10:06:19.402+0000] {dag.py:3823} INFO - Setting next_dagrun for example_branch_datetime_operator_2 to 2026-07-11 00:00:00+00:00, run_after=2026-07-12 00:00:00+00:00
[2026-07-12T10:06:19.404+0000] {logging_mixin.py:188} INFO - [2026-07-12T10:06:19.404+0000] {dag.py:3823} INFO - Setting next_dagrun for example_branch_datetime_operator_3 to 2026-07-11 00:00:00+00:00, run_after=2026-07-12 00:00:00+00:00
[2026-07-12T10:06:19.415+0000] {processor.py:183} INFO - Processing /home/airflow/.local/lib/python3.8/site-packages/airflow/example_dags/example_branch_datetime_operator.py took 0.066 seconds
[2026-07-12T10:06:49.676+0000] {processor.py:161} INFO - Started process (PID=815) to work on /home/airflow/.local/lib/python3.8/site-packages/airflow/example_dags/example_branch_datetime_operator.py
[2026-07-12T10:06:49.677+0000] {processor.py:830} INFO - Processing file /home/airflow/.local/lib/python3.8/site-packages/airflow/example_dags/example_branch_datetime_operator.py for tasks to queue
[2026-07-12T10:06:49.679+0000] {logging_mixin.py:188} INFO - [2026-07-12T10:06:49.679+0000] {dagbag.py:538} INFO - Filling up the DagBag from /home/airflow/.local/lib/python3.8/site-packages/airflow/example_dags/example_branch_datetime_operator.py
[2026-07-12T10:06:49.689+0000] {processor.py:840} INFO - DAG(s) 'example_branch_datetime_operator_3', 'example_branch_datetime_operator_2', 'example_branch_datetime_operator' retrieved from /home/airflow/.local/lib/python3.8/site-packages/airflow/example_dags/example_branch_datetime_operator.py
[2026-07-12T10:06:49.721+0000] {logging_mixin.py:188} INFO - [2026-07-12T10:06:49.720+0000] {dag.py:3036} INFO - Sync 3 DAGs
[2026-07-12T10:06:49.753+0000] {logging_mixin.py:188} INFO - [2026-07-12T10:06:49.753+0000] {dag.py:3823} INFO - Setting next_dagrun for example_branch_datetime_operator to 2026-07-11 00:00:00+00:00, run_after=2026-07-12 00:00:00+00:00
[2026-07-12T10:06:49.758+0000] {logging_mixin.py:188} INFO - [2026-07-12T10:06:49.758+0000] {dag.py:3823} INFO - Setting next_dagrun for example_branch_datetime_operator_2 to 2026-07-11 00:00:00+00:00, run_after=2026-07-12 00:00:00+00:00
[2026-07-12T10:06:49.761+0000] {logging_mixin.py:188} INFO - [2026-07-12T10:06:49.761+0000] {dag.py:3823} INFO - Setting next_dagrun for example_branch_datetime_operator_3 to 2026-07-11 00:00:00+00:00, run_after=2026-07-12 00:00:00+00:00
[2026-07-12T10:06:49.781+0000] {processor.py:183} INFO - Processing /home/airflow/.local/lib/python3.8/site-packages/airflow/example_dags/example_branch_datetime_operator.py took 0.108 seconds
[2026-07-12T10:07:19.943+0000] {processor.py:161} INFO - Started process (PID=873) to work on /home/airflow/.local/lib/python3.8/site-packages/airflow/example_dags/example_branch_datetime_operator.py
[2026-07-12T10:07:19.944+0000] {processor.py:830} INFO - Processing file /home/airflow/.local/lib/python3.8/site-packages/airflow/example_dags/example_branch_datetime_operator.py for tasks to queue
[2026-07-12T10:07:19.945+0000] {logging_mixin.py:188} INFO - [2026-07-12T10:07:19.945+0000] {dagbag.py:538} INFO - Filling up the DagBag from /home/airflow/.local/lib/python3.8/site-packages/airflow/example_dags/example_branch_datetime_operator.py
[2026-07-12T10:07:19.953+0000] {processor.py:840} INFO - DAG(s) 'example_branch_datetime_operator_2', 'example_branch_datetime_operator_3', 'example_branch_datetime_operator' retrieved from /home/airflow/.local/lib/python3.8/site-packages/airflow/example_dags/example_branch_datetime_operator.py
[2026-07-12T10:07:19.977+0000] {logging_mixin.py:188} INFO - [2026-07-12T10:07:19.977+0000] {dag.py:3036} INFO - Sync 3 DAGs
[2026-07-12T10:07:20.003+0000] {logging_mixin.py:188} INFO - [2026-07-12T10:07:20.003+0000] {dag.py:3823} INFO - Setting next_dagrun for example_branch_datetime_operator to 2026-07-11 00:00:00+00:00, run_after=2026-07-12 00:00:00+00:00
[2026-07-12T10:07:20.008+0000] {logging_mixin.py:188} INFO - [2026-07-12T10:07:20.008+0000] {dag.py:3823} INFO - Setting next_dagrun for example_branch_datetime_operator_2 to 2026-07-11 00:00:00+00:00, run_after=2026-07-12 00:00:00+00:00
[2026-07-12T10:07:20.012+0000] {logging_mixin.py:188} INFO - [2026-07-12T10:07:20.011+0000] {dag.py:3823} INFO - Setting next_dagrun for example_branch_datetime_operator_3 to 2026-07-11 00:00:00+00:00, run_after=2026-07-12 00:00:00+00:00
[2026-07-12T10:07:20.032+0000] {processor.py:183} INFO - Processing /home/airflow/.local/lib/python3.8/site-packages/airflow/example_dags/example_branch_datetime_operator.py took 0.092 seconds
[2026-07-12T10:07:51.066+0000] {processor.py:161} INFO - Started process (PID=929) to work on /home/airflow/.local/lib/python3.8/site-packages/airflow/example_dags/example_branch_datetime_operator.py
[2026-07-12T10:07:51.067+0000] {processor.py:830} INFO - Processing file /home/airflow/.local/lib/python3.8/site-packages/airflow/example_dags/example_branch_datetime_operator.py for tasks to queue
[2026-07-12T10:07:51.068+0000] {logging_mixin.py:188} INFO - [2026-07-12T10:07:51.068+0000] {dagbag.py:538} INFO - Filling up the DagBag from /home/airflow/.local/lib/python3.8/site-packages/airflow/example_dags/example_branch_datetime_operator.py
[2026-07-12T10:07:51.076+0000] {processor.py:840} INFO - DAG(s) 'example_branch_datetime_operator', 'example_branch_datetime_operator_3', 'example_branch_datetime_operator_2' retrieved from /home/airflow/.local/lib/python3.8/site-packages/airflow/example_dags/example_branch_datetime_operator.py
[2026-07-12T10:07:51.099+0000] {logging_mixin.py:188} INFO - [2026-07-12T10:07:51.099+0000] {dag.py:3036} INFO - Sync 3 DAGs
[2026-07-12T10:07:51.116+0000] {logging_mixin.py:188} INFO - [2026-07-12T10:07:51.116+0000] {dag.py:3823} INFO - Setting next_dagrun for example_branch_datetime_operator to 2026-07-11 00:00:00+00:00, run_after=2026-07-12 00:00:00+00:00
[2026-07-12T10:07:51.120+0000] {logging_mixin.py:188} INFO - [2026-07-12T10:07:51.120+0000] {dag.py:3823} INFO - Setting next_dagrun for example_branch_datetime_operator_2 to 2026-07-11 00:00:00+00:00, run_after=2026-07-12 00:00:00+00:00
[2026-07-12T10:07:51.122+0000] {logging_mixin.py:188} INFO - [2026-07-12T10:07:51.122+0000] {dag.py:3823} INFO - Setting next_dagrun for example_branch_datetime_operator_3 to 2026-07-11 00:00:00+00:00, run_after=2026-07-12 00:00:00+00:00
[2026-07-12T10:07:51.135+0000] {processor.py:183} INFO - Processing /home/airflow/.local/lib/python3.8/site-packages/airflow/example_dags/example_branch_datetime_operator.py took 0.072 seconds
[2026-07-12T10:08:52.024+0000] {processor.py:161} INFO - Started process (PID=91) to work on /home/airflow/.local/lib/python3.8/site-packages/airflow/example_dags/example_branch_datetime_operator.py
[2026-07-12T10:08:52.026+0000] {processor.py:830} INFO - Processing file /home/airflow/.local/lib/python3.8/site-packages/airflow/example_dags/example_branch_datetime_operator.py for tasks to queue
[2026-07-12T10:08:52.029+0000] {logging_mixin.py:188} INFO - [2026-07-12T10:08:52.028+0000] {dagbag.py:538} INFO - Filling up the DagBag from /home/airflow/.local/lib/python3.8/site-packages/airflow/example_dags/example_branch_datetime_operator.py
[2026-07-12T10:08:52.044+0000] {processor.py:840} INFO - DAG(s) 'example_branch_datetime_operator_3', 'example_branch_datetime_operator_2', 'example_branch_datetime_operator' retrieved from /home/airflow/.local/lib/python3.8/site-packages/airflow/example_dags/example_branch_datetime_operator.py
[2026-07-12T10:08:52.062+0000] {logging_mixin.py:188} INFO - [2026-07-12T10:08:52.062+0000] {dag.py:3036} INFO - Sync 3 DAGs
[2026-07-12T10:08:52.090+0000] {logging_mixin.py:188} INFO - [2026-07-12T10:08:52.090+0000] {dag.py:3823} INFO - Setting next_dagrun for example_branch_datetime_operator to 2026-07-11 00:00:00+00:00, run_after=2026-07-12 00:00:00+00:00
[2026-07-12T10:08:52.094+0000] {logging_mixin.py:188} INFO - [2026-07-12T10:08:52.094+0000] {dag.py:3823} INFO - Setting next_dagrun for example_branch_datetime_operator_2 to 2026-07-11 00:00:00+00:00, run_after=2026-07-12 00:00:00+00:00
[2026-07-12T10:08:52.097+0000] {logging_mixin.py:188} INFO - [2026-07-12T10:08:52.096+0000] {dag.py:3823} INFO - Setting next_dagrun for example_branch_datetime_operator_3 to 2026-07-11 00:00:00+00:00, run_after=2026-07-12 00:00:00+00:00
[2026-07-12T10:08:52.158+0000] {processor.py:183} INFO - Processing /home/airflow/.local/lib/python3.8/site-packages/airflow/example_dags/example_branch_datetime_operator.py took 0.139 seconds
[2026-07-12T10:09:23.908+0000] {processor.py:161} INFO - Started process (PID=147) to work on /home/airflow/.local/lib/python3.8/site-packages/airflow/example_dags/example_branch_datetime_operator.py
[2026-07-12T10:09:23.910+0000] {processor.py:830} INFO - Processing file /home/airflow/.local/lib/python3.8/site-packages/airflow/example_dags/example_branch_datetime_operator.py for tasks to queue
[2026-07-12T10:09:23.911+0000] {logging_mixin.py:188} INFO - [2026-07-12T10:09:23.911+0000] {dagbag.py:538} INFO - Filling up the DagBag from /home/airflow/.local/lib/python3.8/site-packages/airflow/example_dags/example_branch_datetime_operator.py
[2026-07-12T10:09:23.919+0000] {processor.py:840} INFO - DAG(s) 'example_branch_datetime_operator_3', 'example_branch_datetime_operator_2', 'example_branch_datetime_operator' retrieved from /home/airflow/.local/lib/python3.8/site-packages/airflow/example_dags/example_branch_datetime_operator.py
[2026-07-12T10:09:24.026+0000] {logging_mixin.py:188} INFO - [2026-07-12T10:09:24.026+0000] {dag.py:3036} INFO - Sync 3 DAGs
[2026-07-12T10:09:24.040+0000] {logging_mixin.py:188} INFO - [2026-07-12T10:09:24.040+0000] {dag.py:3823} INFO - Setting next_dagrun for example_branch_datetime_operator to 2026-07-11 00:00:00+00:00, run_after=2026-07-12 00:00:00+00:00
[2026-07-12T10:09:24.043+0000] {logging_mixin.py:188} INFO - [2026-07-12T10:09:24.043+0000] {dag.py:3823} INFO - Setting next_dagrun for example_branch_datetime_operator_2 to 2026-07-11 00:00:00+00:00, run_after=2026-07-12 00:00:00+00:00
[2026-07-12T10:09:24.045+0000] {logging_mixin.py:188} INFO - [2026-07-12T10:09:24.045+0000] {dag.py:3823} INFO - Setting next_dagrun for example_branch_datetime_operator_3 to 2026-07-11 00:00:00+00:00, run_after=2026-07-12 00:00:00+00:00
[2026-07-12T10:09:24.059+0000] {processor.py:183} INFO - Processing /home/airflow/.local/lib/python3.8/site-packages/airflow/example_dags/example_branch_datetime_operator.py took 0.153 seconds
[2026-07-12T10:09:54.174+0000] {processor.py:161} INFO - Started process (PID=203) to work on /home/airflow/.local/lib/python3.8/site-packages/airflow/example_dags/example_branch_datetime_operator.py
[2026-07-12T10:09:54.175+0000] {processor.py:830} INFO - Processing file /home/airflow/.local/lib/python3.8/site-packages/airflow/example_dags/example_branch_datetime_operator.py for tasks to queue
[2026-07-12T10:09:54.176+0000] {logging_mixin.py:188} INFO - [2026-07-12T10:09:54.176+0000] {dagbag.py:538} INFO - Filling up the DagBag from /home/airflow/.local/lib/python3.8/site-packages/airflow/example_dags/example_branch_datetime_operator.py
[2026-07-12T10:09:54.184+0000] {processor.py:840} INFO - DAG(s) 'example_branch_datetime_operator_2', 'example_branch_datetime_operator_3', 'example_branch_datetime_operator' retrieved from /home/airflow/.local/lib/python3.8/site-packages/airflow/example_dags/example_branch_datetime_operator.py
[2026-07-12T10:09:54.205+0000] {logging_mixin.py:188} INFO - [2026-07-12T10:09:54.205+0000] {dag.py:3036} INFO - Sync 3 DAGs
[2026-07-12T10:09:54.221+0000] {logging_mixin.py:188} INFO - [2026-07-12T10:09:54.221+0000] {dag.py:3823} INFO - Setting next_dagrun for example_branch_datetime_operator to 2026-07-11 00:00:00+00:00, run_after=2026-07-12 00:00:00+00:00
[2026-07-12T10:09:54.226+0000] {logging_mixin.py:188} INFO - [2026-07-12T10:09:54.226+0000] {dag.py:3823} INFO - Setting next_dagrun for example_branch_datetime_operator_2 to 2026-07-11 00:00:00+00:00, run_after=2026-07-12 00:00:00+00:00
[2026-07-12T10:09:54.228+0000] {logging_mixin.py:188} INFO - [2026-07-12T10:09:54.228+0000] {dag.py:3823} INFO - Setting next_dagrun for example_branch_datetime_operator_3 to 2026-07-11 00:00:00+00:00, run_after=2026-07-12 00:00:00+00:00
[2026-07-12T10:09:54.240+0000] {processor.py:183} INFO - Processing /home/airflow/.local/lib/python3.8/site-packages/airflow/example_dags/example_branch_datetime_operator.py took 0.069 seconds
[2026-07-12T10:10:25.685+0000] {processor.py:161} INFO - Started process (PID=259) to work on /home/airflow/.local/lib/python3.8/site-packages/airflow/example_dags/example_branch_datetime_operator.py
[2026-07-12T10:10:25.686+0000] {processor.py:830} INFO - Processing file /home/airflow/.local/lib/python3.8/site-packages/airflow/example_dags/example_branch_datetime_operator.py for tasks to queue
[2026-07-12T10:10:25.687+0000] {logging_mixin.py:188} INFO - [2026-07-12T10:10:25.687+0000] {dagbag.py:538} INFO - Filling up the DagBag from /home/airflow/.local/lib/python3.8/site-packages/airflow/example_dags/example_branch_datetime_operator.py
[2026-07-12T10:10:25.695+0000] {processor.py:840} INFO - DAG(s) 'example_branch_datetime_operator_3', 'example_branch_datetime_operator', 'example_branch_datetime_operator_2' retrieved from /home/airflow/.local/lib/python3.8/site-packages/airflow/example_dags/example_branch_datetime_operator.py
[2026-07-12T10:10:25.719+0000] {logging_mixin.py:188} INFO - [2026-07-12T10:10:25.719+0000] {dag.py:3036} INFO - Sync 3 DAGs
[2026-07-12T10:10:25.739+0000] {logging_mixin.py:188} INFO - [2026-07-12T10:10:25.738+0000] {dag.py:3823} INFO - Setting next_dagrun for example_branch_datetime_operator to 2026-07-11 00:00:00+00:00, run_after=2026-07-12 00:00:00+00:00
[2026-07-12T10:10:25.742+0000] {logging_mixin.py:188} INFO - [2026-07-12T10:10:25.742+0000] {dag.py:3823} INFO - Setting next_dagrun for example_branch_datetime_operator_2 to 2026-07-11 00:00:00+00:00, run_after=2026-07-12 00:00:00+00:00
[2026-07-12T10:10:25.744+0000] {logging_mixin.py:188} INFO - [2026-07-12T10:10:25.744+0000] {dag.py:3823} INFO - Setting next_dagrun for example_branch_datetime_operator_3 to 2026-07-11 00:00:00+00:00, run_after=2026-07-12 00:00:00+00:00
[2026-07-12T10:10:25.758+0000] {processor.py:183} INFO - Processing /home/airflow/.local/lib/python3.8/site-packages/airflow/example_dags/example_branch_datetime_operator.py took 0.077 seconds
[2026-07-12T10:10:56.639+0000] {processor.py:161} INFO - Started process (PID=315) to work on /home/airflow/.local/lib/python3.8/site-packages/airflow/example_dags/example_branch_datetime_operator.py
[2026-07-12T10:10:56.644+0000] {processor.py:830} INFO - Processing file /home/airflow/.local/lib/python3.8/site-packages/airflow/example_dags/example_branch_datetime_operator.py for tasks to queue
[2026-07-12T10:10:56.648+0000] {logging_mixin.py:188} INFO - [2026-07-12T10:10:56.647+0000] {dagbag.py:538} INFO - Filling up the DagBag from /home/airflow/.local/lib/python3.8/site-packages/airflow/example_dags/example_branch_datetime_operator.py
[2026-07-12T10:10:56.660+0000] {processor.py:840} INFO - DAG(s) 'example_branch_datetime_operator_2', 'example_branch_datetime_operator', 'example_branch_datetime_operator_3' retrieved from /home/airflow/.local/lib/python3.8/site-packages/airflow/example_dags/example_branch_datetime_operator.py
[2026-07-12T10:10:56.683+0000] {logging_mixin.py:188} INFO - [2026-07-12T10:10:56.683+0000] {dag.py:3036} INFO - Sync 3 DAGs
[2026-07-12T10:10:56.702+0000] {logging_mixin.py:188} INFO - [2026-07-12T10:10:56.702+0000] {dag.py:3823} INFO - Setting next_dagrun for example_branch_datetime_operator to 2026-07-11 00:00:00+00:00, run_after=2026-07-12 00:00:00+00:00
[2026-07-12T10:10:56.706+0000] {logging_mixin.py:188} INFO - [2026-07-12T10:10:56.706+0000] {dag.py:3823} INFO - Setting next_dagrun for example_branch_datetime_operator_2 to 2026-07-11 00:00:00+00:00, run_after=2026-07-12 00:00:00+00:00
[2026-07-12T10:10:56.709+0000] {logging_mixin.py:188} INFO - [2026-07-12T10:10:56.708+0000] {dag.py:3823} INFO - Setting next_dagrun for example_branch_datetime_operator_3 to 2026-07-11 00:00:00+00:00, run_after=2026-07-12 00:00:00+00:00
[2026-07-12T10:10:56.722+0000] {processor.py:183} INFO - Processing /home/airflow/.local/lib/python3.8/site-packages/airflow/example_dags/example_branch_datetime_operator.py took 0.085 seconds
[2026-07-12T10:11:27.099+0000] {processor.py:161} INFO - Started process (PID=371) to work on /home/airflow/.local/lib/python3.8/site-packages/airflow/example_dags/example_branch_datetime_operator.py
[2026-07-12T10:11:27.100+0000] {processor.py:830} INFO - Processing file /home/airflow/.local/lib/python3.8/site-packages/airflow/example_dags/example_branch_datetime_operator.py for tasks to queue
[2026-07-12T10:11:27.103+0000] {logging_mixin.py:188} INFO - [2026-07-12T10:11:27.102+0000] {dagbag.py:538} INFO - Filling up the DagBag from /home/airflow/.local/lib/python3.8/site-packages/airflow/example_dags/example_branch_datetime_operator.py
[2026-07-12T10:11:27.114+0000] {processor.py:840} INFO - DAG(s) 'example_branch_datetime_operator', 'example_branch_datetime_operator_3', 'example_branch_datetime_operator_2' retrieved from /home/airflow/.local/lib/python3.8/site-packages/airflow/example_dags/example_branch_datetime_operator.py
[2026-07-12T10:11:27.145+0000] {logging_mixin.py:188} INFO - [2026-07-12T10:11:27.145+0000] {dag.py:3036} INFO - Sync 3 DAGs
[2026-07-12T10:11:27.165+0000] {logging_mixin.py:188} INFO - [2026-07-12T10:11:27.165+0000] {dag.py:3823} INFO - Setting next_dagrun for example_branch_datetime_operator to 2026-07-11 00:00:00+00:00, run_after=2026-07-12 00:00:00+00:00
[2026-07-12T10:11:27.169+0000] {logging_mixin.py:188} INFO - [2026-07-12T10:11:27.169+0000] {dag.py:3823} INFO - Setting next_dagrun for example_branch_datetime_operator_2 to 2026-07-11 00:00:00+00:00, run_after=2026-07-12 00:00:00+00:00
[2026-07-12T10:11:27.171+0000] {logging_mixin.py:188} INFO - [2026-07-12T10:11:27.171+0000] {dag.py:3823} INFO - Setting next_dagrun for example_branch_datetime_operator_3 to 2026-07-11 00:00:00+00:00, run_after=2026-07-12 00:00:00+00:00
[2026-07-12T10:11:27.185+0000] {processor.py:183} INFO - Processing /home/airflow/.local/lib/python3.8/site-packages/airflow/example_dags/example_branch_datetime_operator.py took 0.091 seconds
[2026-07-12T10:37:11.786+0000] {processor.py:161} INFO - Started process (PID=91) to work on /home/airflow/.local/lib/python3.8/site-packages/airflow/example_dags/example_branch_datetime_operator.py
[2026-07-12T10:37:11.788+0000] {processor.py:830} INFO - Processing file /home/airflow/.local/lib/python3.8/site-packages/airflow/example_dags/example_branch_datetime_operator.py for tasks to queue
[2026-07-12T10:37:11.790+0000] {logging_mixin.py:188} INFO - [2026-07-12T10:37:11.789+0000] {dagbag.py:538} INFO - Filling up the DagBag from /home/airflow/.local/lib/python3.8/site-packages/airflow/example_dags/example_branch_datetime_operator.py
[2026-07-12T10:37:11.799+0000] {processor.py:840} INFO - DAG(s) 'example_branch_datetime_operator_2', 'example_branch_datetime_operator_3', 'example_branch_datetime_operator' retrieved from /home/airflow/.local/lib/python3.8/site-packages/airflow/example_dags/example_branch_datetime_operator.py
[2026-07-12T10:37:11.813+0000] {logging_mixin.py:188} INFO - [2026-07-12T10:37:11.813+0000] {dag.py:3036} INFO - Sync 3 DAGs
[2026-07-12T10:37:11.835+0000] {logging_mixin.py:188} INFO - [2026-07-12T10:37:11.835+0000] {dag.py:3823} INFO - Setting next_dagrun for example_branch_datetime_operator to 2026-07-11 00:00:00+00:00, run_after=2026-07-12 00:00:00+00:00
[2026-07-12T10:37:11.839+0000] {logging_mixin.py:188} INFO - [2026-07-12T10:37:11.839+0000] {dag.py:3823} INFO - Setting next_dagrun for example_branch_datetime_operator_2 to 2026-07-11 00:00:00+00:00, run_after=2026-07-12 00:00:00+00:00
[2026-07-12T10:37:11.841+0000] {logging_mixin.py:188} INFO - [2026-07-12T10:37:11.841+0000] {dag.py:3823} INFO - Setting next_dagrun for example_branch_datetime_operator_3 to 2026-07-11 00:00:00+00:00, run_after=2026-07-12 00:00:00+00:00
[2026-07-12T10:37:11.861+0000] {processor.py:183} INFO - Processing /home/airflow/.local/lib/python3.8/site-packages/airflow/example_dags/example_branch_datetime_operator.py took 0.079 seconds
[2026-07-12T10:37:42.889+0000] {processor.py:161} INFO - Started process (PID=147) to work on /home/airflow/.local/lib/python3.8/site-packages/airflow/example_dags/example_branch_datetime_operator.py
[2026-07-12T10:37:42.890+0000] {processor.py:830} INFO - Processing file /home/airflow/.local/lib/python3.8/site-packages/airflow/example_dags/example_branch_datetime_operator.py for tasks to queue
[2026-07-12T10:37:42.892+0000] {logging_mixin.py:188} INFO - [2026-07-12T10:37:42.892+0000] {dagbag.py:538} INFO - Filling up the DagBag from /home/airflow/.local/lib/python3.8/site-packages/airflow/example_dags/example_branch_datetime_operator.py
[2026-07-12T10:37:42.899+0000] {processor.py:840} INFO - DAG(s) 'example_branch_datetime_operator', 'example_branch_datetime_operator_3', 'example_branch_datetime_operator_2' retrieved from /home/airflow/.local/lib/python3.8/site-packages/airflow/example_dags/example_branch_datetime_operator.py
[2026-07-12T10:37:42.982+0000] {logging_mixin.py:188} INFO - [2026-07-12T10:37:42.982+0000] {dag.py:3036} INFO - Sync 3 DAGs
[2026-07-12T10:37:42.997+0000] {logging_mixin.py:188} INFO - [2026-07-12T10:37:42.997+0000] {dag.py:3823} INFO - Setting next_dagrun for example_branch_datetime_operator to 2026-07-11 00:00:00+00:00, run_after=2026-07-12 00:00:00+00:00
[2026-07-12T10:37:43.000+0000] {logging_mixin.py:188} INFO - [2026-07-12T10:37:42.999+0000] {dag.py:3823} INFO - Setting next_dagrun for example_branch_datetime_operator_2 to 2026-07-11 00:00:00+00:00, run_after=2026-07-12 00:00:00+00:00
[2026-07-12T10:37:43.002+0000] {logging_mixin.py:188} INFO - [2026-07-12T10:37:43.002+0000] {dag.py:3823} INFO - Setting next_dagrun for example_branch_datetime_operator_3 to 2026-07-11 00:00:00+00:00, run_after=2026-07-12 00:00:00+00:00
[2026-07-12T10:37:43.016+0000] {processor.py:183} INFO - Processing /home/airflow/.local/lib/python3.8/site-packages/airflow/example_dags/example_branch_datetime_operator.py took 0.129 seconds
[2026-07-12T10:38:13.326+0000] {processor.py:161} INFO - Started process (PID=203) to work on /home/airflow/.local/lib/python3.8/site-packages/airflow/example_dags/example_branch_datetime_operator.py
[2026-07-12T10:38:13.327+0000] {processor.py:830} INFO - Processing file /home/airflow/.local/lib/python3.8/site-packages/airflow/example_dags/example_branch_datetime_operator.py for tasks to queue
[2026-07-12T10:38:13.328+0000] {logging_mixin.py:188} INFO - [2026-07-12T10:38:13.328+0000] {dagbag.py:538} INFO - Filling up the DagBag from /home/airflow/.local/lib/python3.8/site-packages/airflow/example_dags/example_branch_datetime_operator.py
[2026-07-12T10:38:13.336+0000] {processor.py:840} INFO - DAG(s) 'example_branch_datetime_operator_3', 'example_branch_datetime_operator_2', 'example_branch_datetime_operator' retrieved from /home/airflow/.local/lib/python3.8/site-packages/airflow/example_dags/example_branch_datetime_operator.py
[2026-07-12T10:38:13.358+0000] {logging_mixin.py:188} INFO - [2026-07-12T10:38:13.357+0000] {dag.py:3036} INFO - Sync 3 DAGs
[2026-07-12T10:38:13.375+0000] {logging_mixin.py:188} INFO - [2026-07-12T10:38:13.374+0000] {dag.py:3823} INFO - Setting next_dagrun for example_branch_datetime_operator to 2026-07-11 00:00:00+00:00, run_after=2026-07-12 00:00:00+00:00
[2026-07-12T10:38:13.378+0000] {logging_mixin.py:188} INFO - [2026-07-12T10:38:13.378+0000] {dag.py:3823} INFO - Setting next_dagrun for example_branch_datetime_operator_2 to 2026-07-11 00:00:00+00:00, run_after=2026-07-12 00:00:00+00:00
[2026-07-12T10:38:13.380+0000] {logging_mixin.py:188} INFO - [2026-07-12T10:38:13.380+0000] {dag.py:3823} INFO - Setting next_dagrun for example_branch_datetime_operator_3 to 2026-07-11 00:00:00+00:00, run_after=2026-07-12 00:00:00+00:00
[2026-07-12T10:38:13.393+0000] {processor.py:183} INFO - Processing /home/airflow/.local/lib/python3.8/site-packages/airflow/example_dags/example_branch_datetime_operator.py took 0.070 seconds
[2026-07-12T10:38:44.018+0000] {processor.py:161} INFO - Started process (PID=265) to work on /home/airflow/.local/lib/python3.8/site-packages/airflow/example_dags/example_branch_datetime_operator.py
[2026-07-12T10:38:44.025+0000] {processor.py:830} INFO - Processing file /home/airflow/.local/lib/python3.8/site-packages/airflow/example_dags/example_branch_datetime_operator.py for tasks to queue
[2026-07-12T10:38:44.028+0000] {logging_mixin.py:188} INFO - [2026-07-12T10:38:44.028+0000] {dagbag.py:538} INFO - Filling up the DagBag from /home/airflow/.local/lib/python3.8/site-packages/airflow/example_dags/example_branch_datetime_operator.py
[2026-07-12T10:38:44.045+0000] {processor.py:840} INFO - DAG(s) 'example_branch_datetime_operator', 'example_branch_datetime_operator_3', 'example_branch_datetime_operator_2' retrieved from /home/airflow/.local/lib/python3.8/site-packages/airflow/example_dags/example_branch_datetime_operator.py
[2026-07-12T10:38:44.083+0000] {logging_mixin.py:188} INFO - [2026-07-12T10:38:44.083+0000] {dag.py:3036} INFO - Sync 3 DAGs
[2026-07-12T10:38:44.108+0000] {logging_mixin.py:188} INFO - [2026-07-12T10:38:44.108+0000] {dag.py:3823} INFO - Setting next_dagrun for example_branch_datetime_operator to 2026-07-11 00:00:00+00:00, run_after=2026-07-12 00:00:00+00:00
[2026-07-12T10:38:44.113+0000] {logging_mixin.py:188} INFO - [2026-07-12T10:38:44.113+0000] {dag.py:3823} INFO - Setting next_dagrun for example_branch_datetime_operator_2 to 2026-07-11 00:00:00+00:00, run_after=2026-07-12 00:00:00+00:00
[2026-07-12T10:38:44.117+0000] {logging_mixin.py:188} INFO - [2026-07-12T10:38:44.116+0000] {dag.py:3823} INFO - Setting next_dagrun for example_branch_datetime_operator_3 to 2026-07-11 00:00:00+00:00, run_after=2026-07-12 00:00:00+00:00
[2026-07-12T10:38:44.140+0000] {processor.py:183} INFO - Processing /home/airflow/.local/lib/python3.8/site-packages/airflow/example_dags/example_branch_datetime_operator.py took 0.133 seconds
[2026-07-12T10:39:14.163+0000] {processor.py:161} INFO - Started process (PID=341) to work on /home/airflow/.local/lib/python3.8/site-packages/airflow/example_dags/example_branch_datetime_operator.py
[2026-07-12T10:39:14.164+0000] {processor.py:830} INFO - Processing file /home/airflow/.local/lib/python3.8/site-packages/airflow/example_dags/example_branch_datetime_operator.py for tasks to queue
[2026-07-12T10:39:14.165+0000] {logging_mixin.py:188} INFO - [2026-07-12T10:39:14.165+0000] {dagbag.py:538} INFO - Filling up the DagBag from /home/airflow/.local/lib/python3.8/site-packages/airflow/example_dags/example_branch_datetime_operator.py
[2026-07-12T10:39:14.172+0000] {processor.py:840} INFO - DAG(s) 'example_branch_datetime_operator', 'example_branch_datetime_operator_2', 'example_branch_datetime_operator_3' retrieved from /home/airflow/.local/lib/python3.8/site-packages/airflow/example_dags/example_branch_datetime_operator.py
[2026-07-12T10:39:14.194+0000] {logging_mixin.py:188} INFO - [2026-07-12T10:39:14.194+0000] {dag.py:3036} INFO - Sync 3 DAGs
[2026-07-12T10:39:14.210+0000] {logging_mixin.py:188} INFO - [2026-07-12T10:39:14.210+0000] {dag.py:3823} INFO - Setting next_dagrun for example_branch_datetime_operator to 2026-07-11 00:00:00+00:00, run_after=2026-07-12 00:00:00+00:00
[2026-07-12T10:39:14.214+0000] {logging_mixin.py:188} INFO - [2026-07-12T10:39:14.214+0000] {dag.py:3823} INFO - Setting next_dagrun for example_branch_datetime_operator_2 to 2026-07-11 00:00:00+00:00, run_after=2026-07-12 00:00:00+00:00
[2026-07-12T10:39:14.216+0000] {logging_mixin.py:188} INFO - [2026-07-12T10:39:14.215+0000] {dag.py:3823} INFO - Setting next_dagrun for example_branch_datetime_operator_3 to 2026-07-11 00:00:00+00:00, run_after=2026-07-12 00:00:00+00:00
[2026-07-12T10:39:14.227+0000] {processor.py:183} INFO - Processing /home/airflow/.local/lib/python3.8/site-packages/airflow/example_dags/example_branch_datetime_operator.py took 0.067 seconds
[2026-07-12T10:39:44.403+0000] {processor.py:161} INFO - Started process (PID=396) to work on /home/airflow/.local/lib/python3.8/site-packages/airflow/example_dags/example_branch_datetime_operator.py
[2026-07-12T10:39:44.404+0000] {processor.py:830} INFO - Processing file /home/airflow/.local/lib/python3.8/site-packages/airflow/example_dags/example_branch_datetime_operator.py for tasks to queue
[2026-07-12T10:39:44.406+0000] {logging_mixin.py:188} INFO - [2026-07-12T10:39:44.405+0000] {dagbag.py:538} INFO - Filling up the DagBag from /home/airflow/.local/lib/python3.8/site-packages/airflow/example_dags/example_branch_datetime_operator.py
[2026-07-12T10:39:44.414+0000] {processor.py:840} INFO - DAG(s) 'example_branch_datetime_operator_3', 'example_branch_datetime_operator', 'example_branch_datetime_operator_2' retrieved from /home/airflow/.local/lib/python3.8/site-packages/airflow/example_dags/example_branch_datetime_operator.py
[2026-07-12T10:39:44.445+0000] {logging_mixin.py:188} INFO - [2026-07-12T10:39:44.445+0000] {dag.py:3036} INFO - Sync 3 DAGs
[2026-07-12T10:39:44.464+0000] {logging_mixin.py:188} INFO - [2026-07-12T10:39:44.463+0000] {dag.py:3823} INFO - Setting next_dagrun for example_branch_datetime_operator to 2026-07-11 00:00:00+00:00, run_after=2026-07-12 00:00:00+00:00
[2026-07-12T10:39:44.467+0000] {logging_mixin.py:188} INFO - [2026-07-12T10:39:44.467+0000] {dag.py:3823} INFO - Setting next_dagrun for example_branch_datetime_operator_2 to 2026-07-11 00:00:00+00:00, run_after=2026-07-12 00:00:00+00:00
[2026-07-12T10:39:44.469+0000] {logging_mixin.py:188} INFO - [2026-07-12T10:39:44.469+0000] {dag.py:3823} INFO - Setting next_dagrun for example_branch_datetime_operator_3 to 2026-07-11 00:00:00+00:00, run_after=2026-07-12 00:00:00+00:00
[2026-07-12T10:39:44.515+0000] {processor.py:183} INFO - Processing /home/airflow/.local/lib/python3.8/site-packages/airflow/example_dags/example_branch_datetime_operator.py took 0.115 seconds
[2026-07-12T10:40:14.678+0000] {processor.py:161} INFO - Started process (PID=452) to work on /home/airflow/.local/lib/python3.8/site-packages/airflow/example_dags/example_branch_datetime_operator.py
[2026-07-12T10:40:14.680+0000] {processor.py:830} INFO - Processing file /home/airflow/.local/lib/python3.8/site-packages/airflow/example_dags/example_branch_datetime_operator.py for tasks to queue
[2026-07-12T10:40:14.682+0000] {logging_mixin.py:188} INFO - [2026-07-12T10:40:14.682+0000] {dagbag.py:538} INFO - Filling up the DagBag from /home/airflow/.local/lib/python3.8/site-packages/airflow/example_dags/example_branch_datetime_operator.py
[2026-07-12T10:40:14.689+0000] {processor.py:840} INFO - DAG(s) 'example_branch_datetime_operator_2', 'example_branch_datetime_operator', 'example_branch_datetime_operator_3' retrieved from /home/airflow/.local/lib/python3.8/site-packages/airflow/example_dags/example_branch_datetime_operator.py
[2026-07-12T10:40:14.718+0000] {logging_mixin.py:188} INFO - [2026-07-12T10:40:14.717+0000] {dag.py:3036} INFO - Sync 3 DAGs
[2026-07-12T10:40:14.734+0000] {logging_mixin.py:188} INFO - [2026-07-12T10:40:14.734+0000] {dag.py:3823} INFO - Setting next_dagrun for example_branch_datetime_operator to 2026-07-11 00:00:00+00:00, run_after=2026-07-12 00:00:00+00:00
[2026-07-12T10:40:14.738+0000] {logging_mixin.py:188} INFO - [2026-07-12T10:40:14.738+0000] {dag.py:3823} INFO - Setting next_dagrun for example_branch_datetime_operator_2 to 2026-07-11 00:00:00+00:00, run_after=2026-07-12 00:00:00+00:00
[2026-07-12T10:40:14.739+0000] {logging_mixin.py:188} INFO - [2026-07-12T10:40:14.739+0000] {dag.py:3823} INFO - Setting next_dagrun for example_branch_datetime_operator_3 to 2026-07-11 00:00:00+00:00, run_after=2026-07-12 00:00:00+00:00
[2026-07-12T10:40:14.753+0000] {processor.py:183} INFO - Processing /home/airflow/.local/lib/python3.8/site-packages/airflow/example_dags/example_branch_datetime_operator.py took 0.078 seconds
[2026-07-12T10:40:48.106+0000] {processor.py:161} INFO - Started process (PID=521) to work on /home/airflow/.local/lib/python3.8/site-packages/airflow/example_dags/example_branch_datetime_operator.py
[2026-07-12T10:40:48.108+0000] {processor.py:830} INFO - Processing file /home/airflow/.local/lib/python3.8/site-packages/airflow/example_dags/example_branch_datetime_operator.py for tasks to queue
[2026-07-12T10:40:48.111+0000] {logging_mixin.py:188} INFO - [2026-07-12T10:40:48.110+0000] {dagbag.py:538} INFO - Filling up the DagBag from /home/airflow/.local/lib/python3.8/site-packages/airflow/example_dags/example_branch_datetime_operator.py
[2026-07-12T10:40:48.133+0000] {processor.py:840} INFO - DAG(s) 'example_branch_datetime_operator_2', 'example_branch_datetime_operator_3', 'example_branch_datetime_operator' retrieved from /home/airflow/.local/lib/python3.8/site-packages/airflow/example_dags/example_branch_datetime_operator.py
[2026-07-12T10:40:48.181+0000] {logging_mixin.py:188} INFO - [2026-07-12T10:40:48.180+0000] {dag.py:3036} INFO - Sync 3 DAGs
[2026-07-12T10:40:48.222+0000] {logging_mixin.py:188} INFO - [2026-07-12T10:40:48.221+0000] {dag.py:3823} INFO - Setting next_dagrun for example_branch_datetime_operator to 2026-07-11 00:00:00+00:00, run_after=2026-07-12 00:00:00+00:00
[2026-07-12T10:40:48.230+0000] {logging_mixin.py:188} INFO - [2026-07-12T10:40:48.229+0000] {dag.py:3823} INFO - Setting next_dagrun for example_branch_datetime_operator_2 to 2026-07-11 00:00:00+00:00, run_after=2026-07-12 00:00:00+00:00
[2026-07-12T10:40:48.234+0000] {logging_mixin.py:188} INFO - [2026-07-12T10:40:48.234+0000] {dag.py:3823} INFO - Setting next_dagrun for example_branch_datetime_operator_3 to 2026-07-11 00:00:00+00:00, run_after=2026-07-12 00:00:00+00:00
[2026-07-12T10:40:48.272+0000] {processor.py:183} INFO - Processing /home/airflow/.local/lib/python3.8/site-packages/airflow/example_dags/example_branch_datetime_operator.py took 0.171 seconds
[2026-07-12T10:41:18.387+0000] {processor.py:161} INFO - Started process (PID=577) to work on /home/airflow/.local/lib/python3.8/site-packages/airflow/example_dags/example_branch_datetime_operator.py
[2026-07-12T10:41:18.388+0000] {processor.py:830} INFO - Processing file /home/airflow/.local/lib/python3.8/site-packages/airflow/example_dags/example_branch_datetime_operator.py for tasks to queue
[2026-07-12T10:41:18.389+0000] {logging_mixin.py:188} INFO - [2026-07-12T10:41:18.389+0000] {dagbag.py:538} INFO - Filling up the DagBag from /home/airflow/.local/lib/python3.8/site-packages/airflow/example_dags/example_branch_datetime_operator.py
[2026-07-12T10:41:18.398+0000] {processor.py:840} INFO - DAG(s) 'example_branch_datetime_operator_2', 'example_branch_datetime_operator_3', 'example_branch_datetime_operator' retrieved from /home/airflow/.local/lib/python3.8/site-packages/airflow/example_dags/example_branch_datetime_operator.py
[2026-07-12T10:41:18.419+0000] {logging_mixin.py:188} INFO - [2026-07-12T10:41:18.419+0000] {dag.py:3036} INFO - Sync 3 DAGs
[2026-07-12T10:41:18.439+0000] {logging_mixin.py:188} INFO - [2026-07-12T10:41:18.438+0000] {dag.py:3823} INFO - Setting next_dagrun for example_branch_datetime_operator to 2026-07-11 00:00:00+00:00, run_after=2026-07-12 00:00:00+00:00
[2026-07-12T10:41:18.443+0000] {logging_mixin.py:188} INFO - [2026-07-12T10:41:18.443+0000] {dag.py:3823} INFO - Setting next_dagrun for example_branch_datetime_operator_2 to 2026-07-11 00:00:00+00:00, run_after=2026-07-12 00:00:00+00:00
[2026-07-12T10:41:18.445+0000] {logging_mixin.py:188} INFO - [2026-07-12T10:41:18.445+0000] {dag.py:3823} INFO - Setting next_dagrun for example_branch_datetime_operator_3 to 2026-07-11 00:00:00+00:00, run_after=2026-07-12 00:00:00+00:00
[2026-07-12T10:41:18.459+0000] {processor.py:183} INFO - Processing /home/airflow/.local/lib/python3.8/site-packages/airflow/example_dags/example_branch_datetime_operator.py took 0.076 seconds
[2026-07-12T10:41:49.297+0000] {processor.py:161} INFO - Started process (PID=633) to work on /home/airflow/.local/lib/python3.8/site-packages/airflow/example_dags/example_branch_datetime_operator.py
[2026-07-12T10:41:49.298+0000] {processor.py:830} INFO - Processing file /home/airflow/.local/lib/python3.8/site-packages/airflow/example_dags/example_branch_datetime_operator.py for tasks to queue
[2026-07-12T10:41:49.299+0000] {logging_mixin.py:188} INFO - [2026-07-12T10:41:49.299+0000] {dagbag.py:538} INFO - Filling up the DagBag from /home/airflow/.local/lib/python3.8/site-packages/airflow/example_dags/example_branch_datetime_operator.py
[2026-07-12T10:41:49.308+0000] {processor.py:840} INFO - DAG(s) 'example_branch_datetime_operator_3', 'example_branch_datetime_operator', 'example_branch_datetime_operator_2' retrieved from /home/airflow/.local/lib/python3.8/site-packages/airflow/example_dags/example_branch_datetime_operator.py
[2026-07-12T10:41:49.328+0000] {logging_mixin.py:188} INFO - [2026-07-12T10:41:49.328+0000] {dag.py:3036} INFO - Sync 3 DAGs
[2026-07-12T10:41:49.348+0000] {logging_mixin.py:188} INFO - [2026-07-12T10:41:49.348+0000] {dag.py:3823} INFO - Setting next_dagrun for example_branch_datetime_operator to 2026-07-11 00:00:00+00:00, run_after=2026-07-12 00:00:00+00:00
[2026-07-12T10:41:49.353+0000] {logging_mixin.py:188} INFO - [2026-07-12T10:41:49.353+0000] {dag.py:3823} INFO - Setting next_dagrun for example_branch_datetime_operator_2 to 2026-07-11 00:00:00+00:00, run_after=2026-07-12 00:00:00+00:00
[2026-07-12T10:41:49.355+0000] {logging_mixin.py:188} INFO - [2026-07-12T10:41:49.355+0000] {dag.py:3823} INFO - Setting next_dagrun for example_branch_datetime_operator_3 to 2026-07-11 00:00:00+00:00, run_after=2026-07-12 00:00:00+00:00
[2026-07-12T10:41:49.371+0000] {processor.py:183} INFO - Processing /home/airflow/.local/lib/python3.8/site-packages/airflow/example_dags/example_branch_datetime_operator.py took 0.077 seconds
[2026-07-12T10:42:20.066+0000] {processor.py:161} INFO - Started process (PID=689) to work on /home/airflow/.local/lib/python3.8/site-packages/airflow/example_dags/example_branch_datetime_operator.py
[2026-07-12T10:42:20.068+0000] {processor.py:830} INFO - Processing file /home/airflow/.local/lib/python3.8/site-packages/airflow/example_dags/example_branch_datetime_operator.py for tasks to queue
[2026-07-12T10:42:20.073+0000] {logging_mixin.py:188} INFO - [2026-07-12T10:42:20.072+0000] {dagbag.py:538} INFO - Filling up the DagBag from /home/airflow/.local/lib/python3.8/site-packages/airflow/example_dags/example_branch_datetime_operator.py
[2026-07-12T10:42:20.085+0000] {processor.py:840} INFO - DAG(s) 'example_branch_datetime_operator_3', 'example_branch_datetime_operator', 'example_branch_datetime_operator_2' retrieved from /home/airflow/.local/lib/python3.8/site-packages/airflow/example_dags/example_branch_datetime_operator.py
[2026-07-12T10:42:20.114+0000] {logging_mixin.py:188} INFO - [2026-07-12T10:42:20.114+0000] {dag.py:3036} INFO - Sync 3 DAGs
[2026-07-12T10:42:20.135+0000] {logging_mixin.py:188} INFO - [2026-07-12T10:42:20.135+0000] {dag.py:3823} INFO - Setting next_dagrun for example_branch_datetime_operator to 2026-07-11 00:00:00+00:00, run_after=2026-07-12 00:00:00+00:00
[2026-07-12T10:42:20.143+0000] {logging_mixin.py:188} INFO - [2026-07-12T10:42:20.142+0000] {dag.py:3823} INFO - Setting next_dagrun for example_branch_datetime_operator_2 to 2026-07-11 00:00:00+00:00, run_after=2026-07-12 00:00:00+00:00
[2026-07-12T10:42:20.148+0000] {logging_mixin.py:188} INFO - [2026-07-12T10:42:20.147+0000] {dag.py:3823} INFO - Setting next_dagrun for example_branch_datetime_operator_3 to 2026-07-11 00:00:00+00:00, run_after=2026-07-12 00:00:00+00:00
[2026-07-12T10:42:20.177+0000] {processor.py:183} INFO - Processing /home/airflow/.local/lib/python3.8/site-packages/airflow/example_dags/example_branch_datetime_operator.py took 0.114 seconds
[2026-07-12T10:42:51.169+0000] {processor.py:161} INFO - Started process (PID=745) to work on /home/airflow/.local/lib/python3.8/site-packages/airflow/example_dags/example_branch_datetime_operator.py
[2026-07-12T10:42:51.171+0000] {processor.py:830} INFO - Processing file /home/airflow/.local/lib/python3.8/site-packages/airflow/example_dags/example_branch_datetime_operator.py for tasks to queue
[2026-07-12T10:42:51.173+0000] {logging_mixin.py:188} INFO - [2026-07-12T10:42:51.172+0000] {dagbag.py:538} INFO - Filling up the DagBag from /home/airflow/.local/lib/python3.8/site-packages/airflow/example_dags/example_branch_datetime_operator.py
[2026-07-12T10:42:51.181+0000] {processor.py:840} INFO - DAG(s) 'example_branch_datetime_operator_3', 'example_branch_datetime_operator_2', 'example_branch_datetime_operator' retrieved from /home/airflow/.local/lib/python3.8/site-packages/airflow/example_dags/example_branch_datetime_operator.py
[2026-07-12T10:42:51.203+0000] {logging_mixin.py:188} INFO - [2026-07-12T10:42:51.202+0000] {dag.py:3036} INFO - Sync 3 DAGs
[2026-07-12T10:42:51.220+0000] {logging_mixin.py:188} INFO - [2026-07-12T10:42:51.220+0000] {dag.py:3823} INFO - Setting next_dagrun for example_branch_datetime_operator to 2026-07-11 00:00:00+00:00, run_after=2026-07-12 00:00:00+00:00
[2026-07-12T10:42:51.223+0000] {logging_mixin.py:188} INFO - [2026-07-12T10:42:51.223+0000] {dag.py:3823} INFO - Setting next_dagrun for example_branch_datetime_operator_2 to 2026-07-11 00:00:00+00:00, run_after=2026-07-12 00:00:00+00:00
[2026-07-12T10:42:51.225+0000] {logging_mixin.py:188} INFO - [2026-07-12T10:42:51.225+0000] {dag.py:3823} INFO - Setting next_dagrun for example_branch_datetime_operator_3 to 2026-07-11 00:00:00+00:00, run_after=2026-07-12 00:00:00+00:00
[2026-07-12T10:42:51.238+0000] {processor.py:183} INFO - Processing /home/airflow/.local/lib/python3.8/site-packages/airflow/example_dags/example_branch_datetime_operator.py took 0.072 seconds
[2026-07-12T10:43:21.893+0000] {processor.py:161} INFO - Started process (PID=801) to work on /home/airflow/.local/lib/python3.8/site-packages/airflow/example_dags/example_branch_datetime_operator.py
[2026-07-12T10:43:21.897+0000] {processor.py:830} INFO - Processing file /home/airflow/.local/lib/python3.8/site-packages/airflow/example_dags/example_branch_datetime_operator.py for tasks to queue
[2026-07-12T10:43:21.899+0000] {logging_mixin.py:188} INFO - [2026-07-12T10:43:21.899+0000] {dagbag.py:538} INFO - Filling up the DagBag from /home/airflow/.local/lib/python3.8/site-packages/airflow/example_dags/example_branch_datetime_operator.py
[2026-07-12T10:43:21.908+0000] {processor.py:840} INFO - DAG(s) 'example_branch_datetime_operator_3', 'example_branch_datetime_operator_2', 'example_branch_datetime_operator' retrieved from /home/airflow/.local/lib/python3.8/site-packages/airflow/example_dags/example_branch_datetime_operator.py
[2026-07-12T10:43:21.934+0000] {logging_mixin.py:188} INFO - [2026-07-12T10:43:21.934+0000] {dag.py:3036} INFO - Sync 3 DAGs
[2026-07-12T10:43:21.956+0000] {logging_mixin.py:188} INFO - [2026-07-12T10:43:21.955+0000] {dag.py:3823} INFO - Setting next_dagrun for example_branch_datetime_operator to 2026-07-11 00:00:00+00:00, run_after=2026-07-12 00:00:00+00:00
[2026-07-12T10:43:21.961+0000] {logging_mixin.py:188} INFO - [2026-07-12T10:43:21.960+0000] {dag.py:3823} INFO - Setting next_dagrun for example_branch_datetime_operator_2 to 2026-07-11 00:00:00+00:00, run_after=2026-07-12 00:00:00+00:00
[2026-07-12T10:43:21.963+0000] {logging_mixin.py:188} INFO - [2026-07-12T10:43:21.962+0000] {dag.py:3823} INFO - Setting next_dagrun for example_branch_datetime_operator_3 to 2026-07-11 00:00:00+00:00, run_after=2026-07-12 00:00:00+00:00
[2026-07-12T10:43:21.983+0000] {processor.py:183} INFO - Processing /home/airflow/.local/lib/python3.8/site-packages/airflow/example_dags/example_branch_datetime_operator.py took 0.098 seconds
[2026-07-12T10:43:52.069+0000] {processor.py:161} INFO - Started process (PID=857) to work on /home/airflow/.local/lib/python3.8/site-packages/airflow/example_dags/example_branch_datetime_operator.py
[2026-07-12T10:43:52.072+0000] {processor.py:830} INFO - Processing file /home/airflow/.local/lib/python3.8/site-packages/airflow/example_dags/example_branch_datetime_operator.py for tasks to queue
[2026-07-12T10:43:52.074+0000] {logging_mixin.py:188} INFO - [2026-07-12T10:43:52.074+0000] {dagbag.py:538} INFO - Filling up the DagBag from /home/airflow/.local/lib/python3.8/site-packages/airflow/example_dags/example_branch_datetime_operator.py
[2026-07-12T10:43:52.082+0000] {processor.py:840} INFO - DAG(s) 'example_branch_datetime_operator', 'example_branch_datetime_operator_2', 'example_branch_datetime_operator_3' retrieved from /home/airflow/.local/lib/python3.8/site-packages/airflow/example_dags/example_branch_datetime_operator.py
[2026-07-12T10:43:52.105+0000] {logging_mixin.py:188} INFO - [2026-07-12T10:43:52.105+0000] {dag.py:3036} INFO - Sync 3 DAGs
[2026-07-12T10:43:52.124+0000] {logging_mixin.py:188} INFO - [2026-07-12T10:43:52.124+0000] {dag.py:3823} INFO - Setting next_dagrun for example_branch_datetime_operator to 2026-07-11 00:00:00+00:00, run_after=2026-07-12 00:00:00+00:00
[2026-07-12T10:43:52.128+0000] {logging_mixin.py:188} INFO - [2026-07-12T10:43:52.127+0000] {dag.py:3823} INFO - Setting next_dagrun for example_branch_datetime_operator_2 to 2026-07-11 00:00:00+00:00, run_after=2026-07-12 00:00:00+00:00
[2026-07-12T10:43:52.130+0000] {logging_mixin.py:188} INFO - [2026-07-12T10:43:52.129+0000] {dag.py:3823} INFO - Setting next_dagrun for example_branch_datetime_operator_3 to 2026-07-11 00:00:00+00:00, run_after=2026-07-12 00:00:00+00:00
[2026-07-12T10:43:52.144+0000] {processor.py:183} INFO - Processing /home/airflow/.local/lib/python3.8/site-packages/airflow/example_dags/example_branch_datetime_operator.py took 0.082 seconds
[2026-07-12T10:44:22.443+0000] {processor.py:161} INFO - Started process (PID=913) to work on /home/airflow/.local/lib/python3.8/site-packages/airflow/example_dags/example_branch_datetime_operator.py
[2026-07-12T10:44:22.444+0000] {processor.py:830} INFO - Processing file /home/airflow/.local/lib/python3.8/site-packages/airflow/example_dags/example_branch_datetime_operator.py for tasks to queue
[2026-07-12T10:44:22.445+0000] {logging_mixin.py:188} INFO - [2026-07-12T10:44:22.445+0000] {dagbag.py:538} INFO - Filling up the DagBag from /home/airflow/.local/lib/python3.8/site-packages/airflow/example_dags/example_branch_datetime_operator.py
[2026-07-12T10:44:22.452+0000] {processor.py:840} INFO - DAG(s) 'example_branch_datetime_operator_3', 'example_branch_datetime_operator', 'example_branch_datetime_operator_2' retrieved from /home/airflow/.local/lib/python3.8/site-packages/airflow/example_dags/example_branch_datetime_operator.py
[2026-07-12T10:44:22.477+0000] {logging_mixin.py:188} INFO - [2026-07-12T10:44:22.477+0000] {dag.py:3036} INFO - Sync 3 DAGs
[2026-07-12T10:44:22.497+0000] {logging_mixin.py:188} INFO - [2026-07-12T10:44:22.496+0000] {dag.py:3823} INFO - Setting next_dagrun for example_branch_datetime_operator to 2026-07-11 00:00:00+00:00, run_after=2026-07-12 00:00:00+00:00
[2026-07-12T10:44:22.500+0000] {logging_mixin.py:188} INFO - [2026-07-12T10:44:22.500+0000] {dag.py:3823} INFO - Setting next_dagrun for example_branch_datetime_operator_2 to 2026-07-11 00:00:00+00:00, run_after=2026-07-12 00:00:00+00:00
[2026-07-12T10:44:22.502+0000] {logging_mixin.py:188} INFO - [2026-07-12T10:44:22.502+0000] {dag.py:3823} INFO - Setting next_dagrun for example_branch_datetime_operator_3 to 2026-07-11 00:00:00+00:00, run_after=2026-07-12 00:00:00+00:00
[2026-07-12T10:44:22.517+0000] {processor.py:183} INFO - Processing /home/airflow/.local/lib/python3.8/site-packages/airflow/example_dags/example_branch_datetime_operator.py took 0.077 seconds
[2026-07-12T10:44:52.645+0000] {processor.py:161} INFO - Started process (PID=969) to work on /home/airflow/.local/lib/python3.8/site-packages/airflow/example_dags/example_branch_datetime_operator.py
[2026-07-12T10:44:52.647+0000] {processor.py:830} INFO - Processing file /home/airflow/.local/lib/python3.8/site-packages/airflow/example_dags/example_branch_datetime_operator.py for tasks to queue
[2026-07-12T10:44:52.649+0000] {logging_mixin.py:188} INFO - [2026-07-12T10:44:52.649+0000] {dagbag.py:538} INFO - Filling up the DagBag from /home/airflow/.local/lib/python3.8/site-packages/airflow/example_dags/example_branch_datetime_operator.py
[2026-07-12T10:44:52.660+0000] {processor.py:840} INFO - DAG(s) 'example_branch_datetime_operator_3', 'example_branch_datetime_operator', 'example_branch_datetime_operator_2' retrieved from /home/airflow/.local/lib/python3.8/site-packages/airflow/example_dags/example_branch_datetime_operator.py
[2026-07-12T10:44:52.693+0000] {logging_mixin.py:188} INFO - [2026-07-12T10:44:52.692+0000] {dag.py:3036} INFO - Sync 3 DAGs
[2026-07-12T10:44:52.720+0000] {logging_mixin.py:188} INFO - [2026-07-12T10:44:52.720+0000] {dag.py:3823} INFO - Setting next_dagrun for example_branch_datetime_operator to 2026-07-11 00:00:00+00:00, run_after=2026-07-12 00:00:00+00:00
[2026-07-12T10:44:52.726+0000] {logging_mixin.py:188} INFO - [2026-07-12T10:44:52.726+0000] {dag.py:3823} INFO - Setting next_dagrun for example_branch_datetime_operator_2 to 2026-07-11 00:00:00+00:00, run_after=2026-07-12 00:00:00+00:00
[2026-07-12T10:44:52.728+0000] {logging_mixin.py:188} INFO - [2026-07-12T10:44:52.728+0000] {dag.py:3823} INFO - Setting next_dagrun for example_branch_datetime_operator_3 to 2026-07-11 00:00:00+00:00, run_after=2026-07-12 00:00:00+00:00
[2026-07-12T10:44:52.748+0000] {processor.py:183} INFO - Processing /home/airflow/.local/lib/python3.8/site-packages/airflow/example_dags/example_branch_datetime_operator.py took 0.107 seconds
[2026-07-12T10:45:23.115+0000] {processor.py:161} INFO - Started process (PID=1025) to work on /home/airflow/.local/lib/python3.8/site-packages/airflow/example_dags/example_branch_datetime_operator.py
[2026-07-12T10:45:23.118+0000] {processor.py:830} INFO - Processing file /home/airflow/.local/lib/python3.8/site-packages/airflow/example_dags/example_branch_datetime_operator.py for tasks to queue
[2026-07-12T10:45:23.119+0000] {logging_mixin.py:188} INFO - [2026-07-12T10:45:23.119+0000] {dagbag.py:538} INFO - Filling up the DagBag from /home/airflow/.local/lib/python3.8/site-packages/airflow/example_dags/example_branch_datetime_operator.py
[2026-07-12T10:45:23.128+0000] {processor.py:840} INFO - DAG(s) 'example_branch_datetime_operator_3', 'example_branch_datetime_operator', 'example_branch_datetime_operator_2' retrieved from /home/airflow/.local/lib/python3.8/site-packages/airflow/example_dags/example_branch_datetime_operator.py
[2026-07-12T10:45:23.151+0000] {logging_mixin.py:188} INFO - [2026-07-12T10:45:23.150+0000] {dag.py:3036} INFO - Sync 3 DAGs
[2026-07-12T10:45:23.168+0000] {logging_mixin.py:188} INFO - [2026-07-12T10:45:23.168+0000] {dag.py:3823} INFO - Setting next_dagrun for example_branch_datetime_operator to 2026-07-11 00:00:00+00:00, run_after=2026-07-12 00:00:00+00:00
[2026-07-12T10:45:23.171+0000] {logging_mixin.py:188} INFO - [2026-07-12T10:45:23.171+0000] {dag.py:3823} INFO - Setting next_dagrun for example_branch_datetime_operator_2 to 2026-07-11 00:00:00+00:00, run_after=2026-07-12 00:00:00+00:00
[2026-07-12T10:45:23.173+0000] {logging_mixin.py:188} INFO - [2026-07-12T10:45:23.173+0000] {dag.py:3823} INFO - Setting next_dagrun for example_branch_datetime_operator_3 to 2026-07-11 00:00:00+00:00, run_after=2026-07-12 00:00:00+00:00
[2026-07-12T10:45:23.187+0000] {processor.py:183} INFO - Processing /home/airflow/.local/lib/python3.8/site-packages/airflow/example_dags/example_branch_datetime_operator.py took 0.075 seconds
[2026-07-12T10:45:53.716+0000] {processor.py:161} INFO - Started process (PID=1094) to work on /home/airflow/.local/lib/python3.8/site-packages/airflow/example_dags/example_branch_datetime_operator.py
[2026-07-12T10:45:53.718+0000] {processor.py:830} INFO - Processing file /home/airflow/.local/lib/python3.8/site-packages/airflow/example_dags/example_branch_datetime_operator.py for tasks to queue
[2026-07-12T10:45:53.720+0000] {logging_mixin.py:188} INFO - [2026-07-12T10:45:53.720+0000] {dagbag.py:538} INFO - Filling up the DagBag from /home/airflow/.local/lib/python3.8/site-packages/airflow/example_dags/example_branch_datetime_operator.py
[2026-07-12T10:45:53.728+0000] {processor.py:840} INFO - DAG(s) 'example_branch_datetime_operator', 'example_branch_datetime_operator_3', 'example_branch_datetime_operator_2' retrieved from /home/airflow/.local/lib/python3.8/site-packages/airflow/example_dags/example_branch_datetime_operator.py
[2026-07-12T10:45:53.749+0000] {logging_mixin.py:188} INFO - [2026-07-12T10:45:53.749+0000] {dag.py:3036} INFO - Sync 3 DAGs
[2026-07-12T10:45:53.765+0000] {logging_mixin.py:188} INFO - [2026-07-12T10:45:53.765+0000] {dag.py:3823} INFO - Setting next_dagrun for example_branch_datetime_operator to 2026-07-11 00:00:00+00:00, run_after=2026-07-12 00:00:00+00:00
[2026-07-12T10:45:53.769+0000] {logging_mixin.py:188} INFO - [2026-07-12T10:45:53.768+0000] {dag.py:3823} INFO - Setting next_dagrun for example_branch_datetime_operator_2 to 2026-07-11 00:00:00+00:00, run_after=2026-07-12 00:00:00+00:00
[2026-07-12T10:45:53.770+0000] {logging_mixin.py:188} INFO - [2026-07-12T10:45:53.770+0000] {dag.py:3823} INFO - Setting next_dagrun for example_branch_datetime_operator_3 to 2026-07-11 00:00:00+00:00, run_after=2026-07-12 00:00:00+00:00
[2026-07-12T10:45:53.783+0000] {processor.py:183} INFO - Processing /home/airflow/.local/lib/python3.8/site-packages/airflow/example_dags/example_branch_datetime_operator.py took 0.069 seconds
[2026-07-12T10:46:24.620+0000] {processor.py:161} INFO - Started process (PID=1150) to work on /home/airflow/.local/lib/python3.8/site-packages/airflow/example_dags/example_branch_datetime_operator.py
[2026-07-12T10:46:24.624+0000] {processor.py:830} INFO - Processing file /home/airflow/.local/lib/python3.8/site-packages/airflow/example_dags/example_branch_datetime_operator.py for tasks to queue
[2026-07-12T10:46:24.628+0000] {logging_mixin.py:188} INFO - [2026-07-12T10:46:24.627+0000] {dagbag.py:538} INFO - Filling up the DagBag from /home/airflow/.local/lib/python3.8/site-packages/airflow/example_dags/example_branch_datetime_operator.py
[2026-07-12T10:46:24.650+0000] {processor.py:840} INFO - DAG(s) 'example_branch_datetime_operator', 'example_branch_datetime_operator_3', 'example_branch_datetime_operator_2' retrieved from /home/airflow/.local/lib/python3.8/site-packages/airflow/example_dags/example_branch_datetime_operator.py
[2026-07-12T10:46:24.676+0000] {logging_mixin.py:188} INFO - [2026-07-12T10:46:24.676+0000] {dag.py:3036} INFO - Sync 3 DAGs
[2026-07-12T10:46:24.698+0000] {logging_mixin.py:188} INFO - [2026-07-12T10:46:24.698+0000] {dag.py:3823} INFO - Setting next_dagrun for example_branch_datetime_operator to 2026-07-11 00:00:00+00:00, run_after=2026-07-12 00:00:00+00:00
[2026-07-12T10:46:24.703+0000] {logging_mixin.py:188} INFO - [2026-07-12T10:46:24.703+0000] {dag.py:3823} INFO - Setting next_dagrun for example_branch_datetime_operator_2 to 2026-07-11 00:00:00+00:00, run_after=2026-07-12 00:00:00+00:00
[2026-07-12T10:46:24.705+0000] {logging_mixin.py:188} INFO - [2026-07-12T10:46:24.705+0000] {dag.py:3823} INFO - Setting next_dagrun for example_branch_datetime_operator_3 to 2026-07-11 00:00:00+00:00, run_after=2026-07-12 00:00:00+00:00
[2026-07-12T10:46:24.722+0000] {processor.py:183} INFO - Processing /home/airflow/.local/lib/python3.8/site-packages/airflow/example_dags/example_branch_datetime_operator.py took 0.106 seconds
[2026-07-12T10:46:54.929+0000] {processor.py:161} INFO - Started process (PID=1206) to work on /home/airflow/.local/lib/python3.8/site-packages/airflow/example_dags/example_branch_datetime_operator.py
[2026-07-12T10:46:54.933+0000] {processor.py:830} INFO - Processing file /home/airflow/.local/lib/python3.8/site-packages/airflow/example_dags/example_branch_datetime_operator.py for tasks to queue
[2026-07-12T10:46:54.935+0000] {logging_mixin.py:188} INFO - [2026-07-12T10:46:54.935+0000] {dagbag.py:538} INFO - Filling up the DagBag from /home/airflow/.local/lib/python3.8/site-packages/airflow/example_dags/example_branch_datetime_operator.py
[2026-07-12T10:46:54.943+0000] {processor.py:840} INFO - DAG(s) 'example_branch_datetime_operator_3', 'example_branch_datetime_operator_2', 'example_branch_datetime_operator' retrieved from /home/airflow/.local/lib/python3.8/site-packages/airflow/example_dags/example_branch_datetime_operator.py
[2026-07-12T10:46:54.966+0000] {logging_mixin.py:188} INFO - [2026-07-12T10:46:54.966+0000] {dag.py:3036} INFO - Sync 3 DAGs
[2026-07-12T10:46:54.985+0000] {logging_mixin.py:188} INFO - [2026-07-12T10:46:54.985+0000] {dag.py:3823} INFO - Setting next_dagrun for example_branch_datetime_operator to 2026-07-11 00:00:00+00:00, run_after=2026-07-12 00:00:00+00:00
[2026-07-12T10:46:54.989+0000] {logging_mixin.py:188} INFO - [2026-07-12T10:46:54.989+0000] {dag.py:3823} INFO - Setting next_dagrun for example_branch_datetime_operator_2 to 2026-07-11 00:00:00+00:00, run_after=2026-07-12 00:00:00+00:00
[2026-07-12T10:46:54.991+0000] {logging_mixin.py:188} INFO - [2026-07-12T10:46:54.990+0000] {dag.py:3823} INFO - Setting next_dagrun for example_branch_datetime_operator_3 to 2026-07-11 00:00:00+00:00, run_after=2026-07-12 00:00:00+00:00
[2026-07-12T10:46:55.011+0000] {processor.py:183} INFO - Processing /home/airflow/.local/lib/python3.8/site-packages/airflow/example_dags/example_branch_datetime_operator.py took 0.086 seconds
[2026-07-12T10:47:25.451+0000] {processor.py:161} INFO - Started process (PID=1262) to work on /home/airflow/.local/lib/python3.8/site-packages/airflow/example_dags/example_branch_datetime_operator.py
[2026-07-12T10:47:25.453+0000] {processor.py:830} INFO - Processing file /home/airflow/.local/lib/python3.8/site-packages/airflow/example_dags/example_branch_datetime_operator.py for tasks to queue
[2026-07-12T10:47:25.455+0000] {logging_mixin.py:188} INFO - [2026-07-12T10:47:25.455+0000] {dagbag.py:538} INFO - Filling up the DagBag from /home/airflow/.local/lib/python3.8/site-packages/airflow/example_dags/example_branch_datetime_operator.py
[2026-07-12T10:47:25.464+0000] {processor.py:840} INFO - DAG(s) 'example_branch_datetime_operator_2', 'example_branch_datetime_operator', 'example_branch_datetime_operator_3' retrieved from /home/airflow/.local/lib/python3.8/site-packages/airflow/example_dags/example_branch_datetime_operator.py
[2026-07-12T10:47:25.487+0000] {logging_mixin.py:188} INFO - [2026-07-12T10:47:25.486+0000] {dag.py:3036} INFO - Sync 3 DAGs
[2026-07-12T10:47:25.510+0000] {logging_mixin.py:188} INFO - [2026-07-12T10:47:25.510+0000] {dag.py:3823} INFO - Setting next_dagrun for example_branch_datetime_operator to 2026-07-11 00:00:00+00:00, run_after=2026-07-12 00:00:00+00:00
[2026-07-12T10:47:25.514+0000] {logging_mixin.py:188} INFO - [2026-07-12T10:47:25.514+0000] {dag.py:3823} INFO - Setting next_dagrun for example_branch_datetime_operator_2 to 2026-07-11 00:00:00+00:00, run_after=2026-07-12 00:00:00+00:00
[2026-07-12T10:47:25.516+0000] {logging_mixin.py:188} INFO - [2026-07-12T10:47:25.515+0000] {dag.py:3823} INFO - Setting next_dagrun for example_branch_datetime_operator_3 to 2026-07-11 00:00:00+00:00, run_after=2026-07-12 00:00:00+00:00
[2026-07-12T10:47:25.531+0000] {processor.py:183} INFO - Processing /home/airflow/.local/lib/python3.8/site-packages/airflow/example_dags/example_branch_datetime_operator.py took 0.083 seconds
[2026-07-12T10:47:55.556+0000] {processor.py:161} INFO - Started process (PID=1319) to work on /home/airflow/.local/lib/python3.8/site-packages/airflow/example_dags/example_branch_datetime_operator.py
[2026-07-12T10:47:55.557+0000] {processor.py:830} INFO - Processing file /home/airflow/.local/lib/python3.8/site-packages/airflow/example_dags/example_branch_datetime_operator.py for tasks to queue
[2026-07-12T10:47:55.558+0000] {logging_mixin.py:188} INFO - [2026-07-12T10:47:55.558+0000] {dagbag.py:538} INFO - Filling up the DagBag from /home/airflow/.local/lib/python3.8/site-packages/airflow/example_dags/example_branch_datetime_operator.py
[2026-07-12T10:47:55.566+0000] {processor.py:840} INFO - DAG(s) 'example_branch_datetime_operator_3', 'example_branch_datetime_operator', 'example_branch_datetime_operator_2' retrieved from /home/airflow/.local/lib/python3.8/site-packages/airflow/example_dags/example_branch_datetime_operator.py
[2026-07-12T10:47:55.589+0000] {logging_mixin.py:188} INFO - [2026-07-12T10:47:55.588+0000] {dag.py:3036} INFO - Sync 3 DAGs
[2026-07-12T10:47:55.609+0000] {logging_mixin.py:188} INFO - [2026-07-12T10:47:55.609+0000] {dag.py:3823} INFO - Setting next_dagrun for example_branch_datetime_operator to 2026-07-11 00:00:00+00:00, run_after=2026-07-12 00:00:00+00:00
[2026-07-12T10:47:55.613+0000] {logging_mixin.py:188} INFO - [2026-07-12T10:47:55.613+0000] {dag.py:3823} INFO - Setting next_dagrun for example_branch_datetime_operator_2 to 2026-07-11 00:00:00+00:00, run_after=2026-07-12 00:00:00+00:00
[2026-07-12T10:47:55.615+0000] {logging_mixin.py:188} INFO - [2026-07-12T10:47:55.615+0000] {dag.py:3823} INFO - Setting next_dagrun for example_branch_datetime_operator_3 to 2026-07-11 00:00:00+00:00, run_after=2026-07-12 00:00:00+00:00
[2026-07-12T10:47:55.631+0000] {processor.py:183} INFO - Processing /home/airflow/.local/lib/python3.8/site-packages/airflow/example_dags/example_branch_datetime_operator.py took 0.078 seconds
[2026-07-12T10:48:26.067+0000] {processor.py:161} INFO - Started process (PID=1374) to work on /home/airflow/.local/lib/python3.8/site-packages/airflow/example_dags/example_branch_datetime_operator.py
[2026-07-12T10:48:26.070+0000] {processor.py:830} INFO - Processing file /home/airflow/.local/lib/python3.8/site-packages/airflow/example_dags/example_branch_datetime_operator.py for tasks to queue
[2026-07-12T10:48:26.072+0000] {logging_mixin.py:188} INFO - [2026-07-12T10:48:26.072+0000] {dagbag.py:538} INFO - Filling up the DagBag from /home/airflow/.local/lib/python3.8/site-packages/airflow/example_dags/example_branch_datetime_operator.py
[2026-07-12T10:48:26.081+0000] {processor.py:840} INFO - DAG(s) 'example_branch_datetime_operator_2', 'example_branch_datetime_operator', 'example_branch_datetime_operator_3' retrieved from /home/airflow/.local/lib/python3.8/site-packages/airflow/example_dags/example_branch_datetime_operator.py
[2026-07-12T10:48:26.106+0000] {logging_mixin.py:188} INFO - [2026-07-12T10:48:26.105+0000] {dag.py:3036} INFO - Sync 3 DAGs
[2026-07-12T10:48:26.128+0000] {logging_mixin.py:188} INFO - [2026-07-12T10:48:26.128+0000] {dag.py:3823} INFO - Setting next_dagrun for example_branch_datetime_operator to 2026-07-11 00:00:00+00:00, run_after=2026-07-12 00:00:00+00:00
[2026-07-12T10:48:26.133+0000] {logging_mixin.py:188} INFO - [2026-07-12T10:48:26.132+0000] {dag.py:3823} INFO - Setting next_dagrun for example_branch_datetime_operator_2 to 2026-07-11 00:00:00+00:00, run_after=2026-07-12 00:00:00+00:00
[2026-07-12T10:48:26.134+0000] {logging_mixin.py:188} INFO - [2026-07-12T10:48:26.134+0000] {dag.py:3823} INFO - Setting next_dagrun for example_branch_datetime_operator_3 to 2026-07-11 00:00:00+00:00, run_after=2026-07-12 00:00:00+00:00
[2026-07-12T10:48:26.155+0000] {processor.py:183} INFO - Processing /home/airflow/.local/lib/python3.8/site-packages/airflow/example_dags/example_branch_datetime_operator.py took 0.090 seconds
[2026-07-12T10:48:56.319+0000] {processor.py:161} INFO - Started process (PID=1430) to work on /home/airflow/.local/lib/python3.8/site-packages/airflow/example_dags/example_branch_datetime_operator.py
[2026-07-12T10:48:56.321+0000] {processor.py:830} INFO - Processing file /home/airflow/.local/lib/python3.8/site-packages/airflow/example_dags/example_branch_datetime_operator.py for tasks to queue
[2026-07-12T10:48:56.323+0000] {logging_mixin.py:188} INFO - [2026-07-12T10:48:56.323+0000] {dagbag.py:538} INFO - Filling up the DagBag from /home/airflow/.local/lib/python3.8/site-packages/airflow/example_dags/example_branch_datetime_operator.py
[2026-07-12T10:48:56.331+0000] {processor.py:840} INFO - DAG(s) 'example_branch_datetime_operator_3', 'example_branch_datetime_operator', 'example_branch_datetime_operator_2' retrieved from /home/airflow/.local/lib/python3.8/site-packages/airflow/example_dags/example_branch_datetime_operator.py
[2026-07-12T10:48:56.351+0000] {logging_mixin.py:188} INFO - [2026-07-12T10:48:56.351+0000] {dag.py:3036} INFO - Sync 3 DAGs
[2026-07-12T10:48:56.369+0000] {logging_mixin.py:188} INFO - [2026-07-12T10:48:56.368+0000] {dag.py:3823} INFO - Setting next_dagrun for example_branch_datetime_operator to 2026-07-11 00:00:00+00:00, run_after=2026-07-12 00:00:00+00:00
[2026-07-12T10:48:56.372+0000] {logging_mixin.py:188} INFO - [2026-07-12T10:48:56.372+0000] {dag.py:3823} INFO - Setting next_dagrun for example_branch_datetime_operator_2 to 2026-07-11 00:00:00+00:00, run_after=2026-07-12 00:00:00+00:00
[2026-07-12T10:48:56.374+0000] {logging_mixin.py:188} INFO - [2026-07-12T10:48:56.374+0000] {dag.py:3823} INFO - Setting next_dagrun for example_branch_datetime_operator_3 to 2026-07-11 00:00:00+00:00, run_after=2026-07-12 00:00:00+00:00
[2026-07-12T10:48:56.386+0000] {processor.py:183} INFO - Processing /home/airflow/.local/lib/python3.8/site-packages/airflow/example_dags/example_branch_datetime_operator.py took 0.072 seconds
[2026-07-12T10:49:26.632+0000] {processor.py:161} INFO - Started process (PID=1486) to work on /home/airflow/.local/lib/python3.8/site-packages/airflow/example_dags/example_branch_datetime_operator.py
[2026-07-12T10:49:26.633+0000] {processor.py:830} INFO - Processing file /home/airflow/.local/lib/python3.8/site-packages/airflow/example_dags/example_branch_datetime_operator.py for tasks to queue
[2026-07-12T10:49:26.637+0000] {logging_mixin.py:188} INFO - [2026-07-12T10:49:26.637+0000] {dagbag.py:538} INFO - Filling up the DagBag from /home/airflow/.local/lib/python3.8/site-packages/airflow/example_dags/example_branch_datetime_operator.py
[2026-07-12T10:49:26.646+0000] {processor.py:840} INFO - DAG(s) 'example_branch_datetime_operator_3', 'example_branch_datetime_operator_2', 'example_branch_datetime_operator' retrieved from /home/airflow/.local/lib/python3.8/site-packages/airflow/example_dags/example_branch_datetime_operator.py
[2026-07-12T10:49:26.679+0000] {logging_mixin.py:188} INFO - [2026-07-12T10:49:26.679+0000] {dag.py:3036} INFO - Sync 3 DAGs
[2026-07-12T10:49:26.697+0000] {logging_mixin.py:188} INFO - [2026-07-12T10:49:26.696+0000] {dag.py:3823} INFO - Setting next_dagrun for example_branch_datetime_operator to 2026-07-11 00:00:00+00:00, run_after=2026-07-12 00:00:00+00:00
[2026-07-12T10:49:26.701+0000] {logging_mixin.py:188} INFO - [2026-07-12T10:49:26.701+0000] {dag.py:3823} INFO - Setting next_dagrun for example_branch_datetime_operator_2 to 2026-07-11 00:00:00+00:00, run_after=2026-07-12 00:00:00+00:00
[2026-07-12T10:49:26.703+0000] {logging_mixin.py:188} INFO - [2026-07-12T10:49:26.703+0000] {dag.py:3823} INFO - Setting next_dagrun for example_branch_datetime_operator_3 to 2026-07-11 00:00:00+00:00, run_after=2026-07-12 00:00:00+00:00
[2026-07-12T10:49:26.718+0000] {processor.py:183} INFO - Processing /home/airflow/.local/lib/python3.8/site-packages/airflow/example_dags/example_branch_datetime_operator.py took 0.090 seconds
[2026-07-12T10:49:56.854+0000] {processor.py:161} INFO - Started process (PID=1542) to work on /home/airflow/.local/lib/python3.8/site-packages/airflow/example_dags/example_branch_datetime_operator.py
[2026-07-12T10:49:56.856+0000] {processor.py:830} INFO - Processing file /home/airflow/.local/lib/python3.8/site-packages/airflow/example_dags/example_branch_datetime_operator.py for tasks to queue
[2026-07-12T10:49:56.857+0000] {logging_mixin.py:188} INFO - [2026-07-12T10:49:56.857+0000] {dagbag.py:538} INFO - Filling up the DagBag from /home/airflow/.local/lib/python3.8/site-packages/airflow/example_dags/example_branch_datetime_operator.py
[2026-07-12T10:49:56.866+0000] {processor.py:840} INFO - DAG(s) 'example_branch_datetime_operator_3', 'example_branch_datetime_operator_2', 'example_branch_datetime_operator' retrieved from /home/airflow/.local/lib/python3.8/site-packages/airflow/example_dags/example_branch_datetime_operator.py
[2026-07-12T10:49:56.892+0000] {logging_mixin.py:188} INFO - [2026-07-12T10:49:56.892+0000] {dag.py:3036} INFO - Sync 3 DAGs
[2026-07-12T10:49:56.908+0000] {logging_mixin.py:188} INFO - [2026-07-12T10:49:56.908+0000] {dag.py:3823} INFO - Setting next_dagrun for example_branch_datetime_operator to 2026-07-11 00:00:00+00:00, run_after=2026-07-12 00:00:00+00:00
[2026-07-12T10:49:56.911+0000] {logging_mixin.py:188} INFO - [2026-07-12T10:49:56.911+0000] {dag.py:3823} INFO - Setting next_dagrun for example_branch_datetime_operator_2 to 2026-07-11 00:00:00+00:00, run_after=2026-07-12 00:00:00+00:00
[2026-07-12T10:49:56.913+0000] {logging_mixin.py:188} INFO - [2026-07-12T10:49:56.913+0000] {dag.py:3823} INFO - Setting next_dagrun for example_branch_datetime_operator_3 to 2026-07-11 00:00:00+00:00, run_after=2026-07-12 00:00:00+00:00
[2026-07-12T10:49:56.925+0000] {processor.py:183} INFO - Processing /home/airflow/.local/lib/python3.8/site-packages/airflow/example_dags/example_branch_datetime_operator.py took 0.073 seconds
[2026-07-12T10:50:27.118+0000] {processor.py:161} INFO - Started process (PID=1598) to work on /home/airflow/.local/lib/python3.8/site-packages/airflow/example_dags/example_branch_datetime_operator.py
[2026-07-12T10:50:27.122+0000] {processor.py:830} INFO - Processing file /home/airflow/.local/lib/python3.8/site-packages/airflow/example_dags/example_branch_datetime_operator.py for tasks to queue
[2026-07-12T10:50:27.123+0000] {logging_mixin.py:188} INFO - [2026-07-12T10:50:27.123+0000] {dagbag.py:538} INFO - Filling up the DagBag from /home/airflow/.local/lib/python3.8/site-packages/airflow/example_dags/example_branch_datetime_operator.py
[2026-07-12T10:50:27.132+0000] {processor.py:840} INFO - DAG(s) 'example_branch_datetime_operator', 'example_branch_datetime_operator_2', 'example_branch_datetime_operator_3' retrieved from /home/airflow/.local/lib/python3.8/site-packages/airflow/example_dags/example_branch_datetime_operator.py
[2026-07-12T10:50:27.155+0000] {logging_mixin.py:188} INFO - [2026-07-12T10:50:27.155+0000] {dag.py:3036} INFO - Sync 3 DAGs
[2026-07-12T10:50:27.172+0000] {logging_mixin.py:188} INFO - [2026-07-12T10:50:27.172+0000] {dag.py:3823} INFO - Setting next_dagrun for example_branch_datetime_operator to 2026-07-11 00:00:00+00:00, run_after=2026-07-12 00:00:00+00:00
[2026-07-12T10:50:27.176+0000] {logging_mixin.py:188} INFO - [2026-07-12T10:50:27.176+0000] {dag.py:3823} INFO - Setting next_dagrun for example_branch_datetime_operator_2 to 2026-07-11 00:00:00+00:00, run_after=2026-07-12 00:00:00+00:00
[2026-07-12T10:50:27.178+0000] {logging_mixin.py:188} INFO - [2026-07-12T10:50:27.177+0000] {dag.py:3823} INFO - Setting next_dagrun for example_branch_datetime_operator_3 to 2026-07-11 00:00:00+00:00, run_after=2026-07-12 00:00:00+00:00
[2026-07-12T10:50:27.192+0000] {processor.py:183} INFO - Processing /home/airflow/.local/lib/python3.8/site-packages/airflow/example_dags/example_branch_datetime_operator.py took 0.077 seconds
[2026-07-12T10:50:57.253+0000] {processor.py:161} INFO - Started process (PID=1655) to work on /home/airflow/.local/lib/python3.8/site-packages/airflow/example_dags/example_branch_datetime_operator.py
[2026-07-12T10:50:57.254+0000] {processor.py:830} INFO - Processing file /home/airflow/.local/lib/python3.8/site-packages/airflow/example_dags/example_branch_datetime_operator.py for tasks to queue
[2026-07-12T10:50:57.256+0000] {logging_mixin.py:188} INFO - [2026-07-12T10:50:57.256+0000] {dagbag.py:538} INFO - Filling up the DagBag from /home/airflow/.local/lib/python3.8/site-packages/airflow/example_dags/example_branch_datetime_operator.py
[2026-07-12T10:50:57.265+0000] {processor.py:840} INFO - DAG(s) 'example_branch_datetime_operator_2', 'example_branch_datetime_operator', 'example_branch_datetime_operator_3' retrieved from /home/airflow/.local/lib/python3.8/site-packages/airflow/example_dags/example_branch_datetime_operator.py
[2026-07-12T10:50:57.285+0000] {logging_mixin.py:188} INFO - [2026-07-12T10:50:57.285+0000] {dag.py:3036} INFO - Sync 3 DAGs
[2026-07-12T10:50:57.302+0000] {logging_mixin.py:188} INFO - [2026-07-12T10:50:57.301+0000] {dag.py:3823} INFO - Setting next_dagrun for example_branch_datetime_operator to 2026-07-11 00:00:00+00:00, run_after=2026-07-12 00:00:00+00:00
[2026-07-12T10:50:57.306+0000] {logging_mixin.py:188} INFO - [2026-07-12T10:50:57.305+0000] {dag.py:3823} INFO - Setting next_dagrun for example_branch_datetime_operator_2 to 2026-07-11 00:00:00+00:00, run_after=2026-07-12 00:00:00+00:00
[2026-07-12T10:50:57.307+0000] {logging_mixin.py:188} INFO - [2026-07-12T10:50:57.307+0000] {dag.py:3823} INFO - Setting next_dagrun for example_branch_datetime_operator_3 to 2026-07-11 00:00:00+00:00, run_after=2026-07-12 00:00:00+00:00
[2026-07-12T10:50:57.321+0000] {processor.py:183} INFO - Processing /home/airflow/.local/lib/python3.8/site-packages/airflow/example_dags/example_branch_datetime_operator.py took 0.071 seconds
[2026-07-12T10:51:27.351+0000] {processor.py:161} INFO - Started process (PID=1711) to work on /home/airflow/.local/lib/python3.8/site-packages/airflow/example_dags/example_branch_datetime_operator.py
[2026-07-12T10:51:27.352+0000] {processor.py:830} INFO - Processing file /home/airflow/.local/lib/python3.8/site-packages/airflow/example_dags/example_branch_datetime_operator.py for tasks to queue
[2026-07-12T10:51:27.354+0000] {logging_mixin.py:188} INFO - [2026-07-12T10:51:27.354+0000] {dagbag.py:538} INFO - Filling up the DagBag from /home/airflow/.local/lib/python3.8/site-packages/airflow/example_dags/example_branch_datetime_operator.py
[2026-07-12T10:51:27.363+0000] {processor.py:840} INFO - DAG(s) 'example_branch_datetime_operator_3', 'example_branch_datetime_operator', 'example_branch_datetime_operator_2' retrieved from /home/airflow/.local/lib/python3.8/site-packages/airflow/example_dags/example_branch_datetime_operator.py
[2026-07-12T10:51:27.388+0000] {logging_mixin.py:188} INFO - [2026-07-12T10:51:27.388+0000] {dag.py:3036} INFO - Sync 3 DAGs
[2026-07-12T10:51:27.409+0000] {logging_mixin.py:188} INFO - [2026-07-12T10:51:27.409+0000] {dag.py:3823} INFO - Setting next_dagrun for example_branch_datetime_operator to 2026-07-11 00:00:00+00:00, run_after=2026-07-12 00:00:00+00:00
[2026-07-12T10:51:27.414+0000] {logging_mixin.py:188} INFO - [2026-07-12T10:51:27.414+0000] {dag.py:3823} INFO - Setting next_dagrun for example_branch_datetime_operator_2 to 2026-07-11 00:00:00+00:00, run_after=2026-07-12 00:00:00+00:00
[2026-07-12T10:51:27.417+0000] {logging_mixin.py:188} INFO - [2026-07-12T10:51:27.416+0000] {dag.py:3823} INFO - Setting next_dagrun for example_branch_datetime_operator_3 to 2026-07-11 00:00:00+00:00, run_after=2026-07-12 00:00:00+00:00
[2026-07-12T10:51:27.435+0000] {processor.py:183} INFO - Processing /home/airflow/.local/lib/python3.8/site-packages/airflow/example_dags/example_branch_datetime_operator.py took 0.087 seconds
[2026-07-12T10:51:57.463+0000] {processor.py:161} INFO - Started process (PID=1766) to work on /home/airflow/.local/lib/python3.8/site-packages/airflow/example_dags/example_branch_datetime_operator.py
[2026-07-12T10:51:57.467+0000] {processor.py:830} INFO - Processing file /home/airflow/.local/lib/python3.8/site-packages/airflow/example_dags/example_branch_datetime_operator.py for tasks to queue
[2026-07-12T10:51:57.469+0000] {logging_mixin.py:188} INFO - [2026-07-12T10:51:57.469+0000] {dagbag.py:538} INFO - Filling up the DagBag from /home/airflow/.local/lib/python3.8/site-packages/airflow/example_dags/example_branch_datetime_operator.py
[2026-07-12T10:51:57.477+0000] {processor.py:840} INFO - DAG(s) 'example_branch_datetime_operator_2', 'example_branch_datetime_operator', 'example_branch_datetime_operator_3' retrieved from /home/airflow/.local/lib/python3.8/site-packages/airflow/example_dags/example_branch_datetime_operator.py
[2026-07-12T10:51:57.498+0000] {logging_mixin.py:188} INFO - [2026-07-12T10:51:57.497+0000] {dag.py:3036} INFO - Sync 3 DAGs
[2026-07-12T10:51:57.516+0000] {logging_mixin.py:188} INFO - [2026-07-12T10:51:57.516+0000] {dag.py:3823} INFO - Setting next_dagrun for example_branch_datetime_operator to 2026-07-11 00:00:00+00:00, run_after=2026-07-12 00:00:00+00:00
[2026-07-12T10:51:57.520+0000] {logging_mixin.py:188} INFO - [2026-07-12T10:51:57.520+0000] {dag.py:3823} INFO - Setting next_dagrun for example_branch_datetime_operator_2 to 2026-07-11 00:00:00+00:00, run_after=2026-07-12 00:00:00+00:00
[2026-07-12T10:51:57.522+0000] {logging_mixin.py:188} INFO - [2026-07-12T10:51:57.521+0000] {dag.py:3823} INFO - Setting next_dagrun for example_branch_datetime_operator_3 to 2026-07-11 00:00:00+00:00, run_after=2026-07-12 00:00:00+00:00
[2026-07-12T10:51:57.537+0000] {processor.py:183} INFO - Processing /home/airflow/.local/lib/python3.8/site-packages/airflow/example_dags/example_branch_datetime_operator.py took 0.076 seconds
[2026-07-12T10:52:27.835+0000] {processor.py:161} INFO - Started process (PID=1822) to work on /home/airflow/.local/lib/python3.8/site-packages/airflow/example_dags/example_branch_datetime_operator.py
[2026-07-12T10:52:27.836+0000] {processor.py:830} INFO - Processing file /home/airflow/.local/lib/python3.8/site-packages/airflow/example_dags/example_branch_datetime_operator.py for tasks to queue
[2026-07-12T10:52:27.838+0000] {logging_mixin.py:188} INFO - [2026-07-12T10:52:27.838+0000] {dagbag.py:538} INFO - Filling up the DagBag from /home/airflow/.local/lib/python3.8/site-packages/airflow/example_dags/example_branch_datetime_operator.py
[2026-07-12T10:52:27.846+0000] {processor.py:840} INFO - DAG(s) 'example_branch_datetime_operator_3', 'example_branch_datetime_operator', 'example_branch_datetime_operator_2' retrieved from /home/airflow/.local/lib/python3.8/site-packages/airflow/example_dags/example_branch_datetime_operator.py
[2026-07-12T10:52:27.866+0000] {logging_mixin.py:188} INFO - [2026-07-12T10:52:27.866+0000] {dag.py:3036} INFO - Sync 3 DAGs
[2026-07-12T10:52:27.882+0000] {logging_mixin.py:188} INFO - [2026-07-12T10:52:27.882+0000] {dag.py:3823} INFO - Setting next_dagrun for example_branch_datetime_operator to 2026-07-11 00:00:00+00:00, run_after=2026-07-12 00:00:00+00:00
[2026-07-12T10:52:27.886+0000] {logging_mixin.py:188} INFO - [2026-07-12T10:52:27.886+0000] {dag.py:3823} INFO - Setting next_dagrun for example_branch_datetime_operator_2 to 2026-07-11 00:00:00+00:00, run_after=2026-07-12 00:00:00+00:00
[2026-07-12T10:52:27.888+0000] {logging_mixin.py:188} INFO - [2026-07-12T10:52:27.887+0000] {dag.py:3823} INFO - Setting next_dagrun for example_branch_datetime_operator_3 to 2026-07-11 00:00:00+00:00, run_after=2026-07-12 00:00:00+00:00
[2026-07-12T10:52:27.900+0000] {processor.py:183} INFO - Processing /home/airflow/.local/lib/python3.8/site-packages/airflow/example_dags/example_branch_datetime_operator.py took 0.069 seconds
[2026-07-12T10:52:58.102+0000] {processor.py:161} INFO - Started process (PID=1878) to work on /home/airflow/.local/lib/python3.8/site-packages/airflow/example_dags/example_branch_datetime_operator.py
[2026-07-12T10:52:58.105+0000] {processor.py:830} INFO - Processing file /home/airflow/.local/lib/python3.8/site-packages/airflow/example_dags/example_branch_datetime_operator.py for tasks to queue
[2026-07-12T10:52:58.106+0000] {logging_mixin.py:188} INFO - [2026-07-12T10:52:58.106+0000] {dagbag.py:538} INFO - Filling up the DagBag from /home/airflow/.local/lib/python3.8/site-packages/airflow/example_dags/example_branch_datetime_operator.py
[2026-07-12T10:52:58.114+0000] {processor.py:840} INFO - DAG(s) 'example_branch_datetime_operator', 'example_branch_datetime_operator_3', 'example_branch_datetime_operator_2' retrieved from /home/airflow/.local/lib/python3.8/site-packages/airflow/example_dags/example_branch_datetime_operator.py
[2026-07-12T10:52:58.138+0000] {logging_mixin.py:188} INFO - [2026-07-12T10:52:58.138+0000] {dag.py:3036} INFO - Sync 3 DAGs
[2026-07-12T10:52:58.157+0000] {logging_mixin.py:188} INFO - [2026-07-12T10:52:58.156+0000] {dag.py:3823} INFO - Setting next_dagrun for example_branch_datetime_operator to 2026-07-11 00:00:00+00:00, run_after=2026-07-12 00:00:00+00:00
[2026-07-12T10:52:58.160+0000] {logging_mixin.py:188} INFO - [2026-07-12T10:52:58.160+0000] {dag.py:3823} INFO - Setting next_dagrun for example_branch_datetime_operator_2 to 2026-07-11 00:00:00+00:00, run_after=2026-07-12 00:00:00+00:00
[2026-07-12T10:52:58.162+0000] {logging_mixin.py:188} INFO - [2026-07-12T10:52:58.162+0000] {dag.py:3823} INFO - Setting next_dagrun for example_branch_datetime_operator_3 to 2026-07-11 00:00:00+00:00, run_after=2026-07-12 00:00:00+00:00
[2026-07-12T10:52:58.177+0000] {processor.py:183} INFO - Processing /home/airflow/.local/lib/python3.8/site-packages/airflow/example_dags/example_branch_datetime_operator.py took 0.078 seconds
[2026-07-12T10:53:28.240+0000] {processor.py:161} INFO - Started process (PID=1934) to work on /home/airflow/.local/lib/python3.8/site-packages/airflow/example_dags/example_branch_datetime_operator.py
[2026-07-12T10:53:28.243+0000] {processor.py:830} INFO - Processing file /home/airflow/.local/lib/python3.8/site-packages/airflow/example_dags/example_branch_datetime_operator.py for tasks to queue
[2026-07-12T10:53:28.245+0000] {logging_mixin.py:188} INFO - [2026-07-12T10:53:28.245+0000] {dagbag.py:538} INFO - Filling up the DagBag from /home/airflow/.local/lib/python3.8/site-packages/airflow/example_dags/example_branch_datetime_operator.py
[2026-07-12T10:53:28.254+0000] {processor.py:840} INFO - DAG(s) 'example_branch_datetime_operator', 'example_branch_datetime_operator_2', 'example_branch_datetime_operator_3' retrieved from /home/airflow/.local/lib/python3.8/site-packages/airflow/example_dags/example_branch_datetime_operator.py
[2026-07-12T10:53:28.275+0000] {logging_mixin.py:188} INFO - [2026-07-12T10:53:28.275+0000] {dag.py:3036} INFO - Sync 3 DAGs
[2026-07-12T10:53:28.291+0000] {logging_mixin.py:188} INFO - [2026-07-12T10:53:28.291+0000] {dag.py:3823} INFO - Setting next_dagrun for example_branch_datetime_operator to 2026-07-11 00:00:00+00:00, run_after=2026-07-12 00:00:00+00:00
[2026-07-12T10:53:28.294+0000] {logging_mixin.py:188} INFO - [2026-07-12T10:53:28.294+0000] {dag.py:3823} INFO - Setting next_dagrun for example_branch_datetime_operator_2 to 2026-07-11 00:00:00+00:00, run_after=2026-07-12 00:00:00+00:00
[2026-07-12T10:53:28.296+0000] {logging_mixin.py:188} INFO - [2026-07-12T10:53:28.296+0000] {dag.py:3823} INFO - Setting next_dagrun for example_branch_datetime_operator_3 to 2026-07-11 00:00:00+00:00, run_after=2026-07-12 00:00:00+00:00
[2026-07-12T10:53:28.309+0000] {processor.py:183} INFO - Processing /home/airflow/.local/lib/python3.8/site-packages/airflow/example_dags/example_branch_datetime_operator.py took 0.072 seconds
[2026-07-12T11:23:34.840+0000] {processor.py:161} INFO - Started process (PID=91) to work on /home/airflow/.local/lib/python3.8/site-packages/airflow/example_dags/example_branch_datetime_operator.py
[2026-07-12T11:23:34.845+0000] {processor.py:830} INFO - Processing file /home/airflow/.local/lib/python3.8/site-packages/airflow/example_dags/example_branch_datetime_operator.py for tasks to queue
[2026-07-12T11:23:34.847+0000] {logging_mixin.py:188} INFO - [2026-07-12T11:23:34.846+0000] {dagbag.py:538} INFO - Filling up the DagBag from /home/airflow/.local/lib/python3.8/site-packages/airflow/example_dags/example_branch_datetime_operator.py
[2026-07-12T11:23:34.855+0000] {processor.py:840} INFO - DAG(s) 'example_branch_datetime_operator_3', 'example_branch_datetime_operator_2', 'example_branch_datetime_operator' retrieved from /home/airflow/.local/lib/python3.8/site-packages/airflow/example_dags/example_branch_datetime_operator.py
[2026-07-12T11:23:34.869+0000] {logging_mixin.py:188} INFO - [2026-07-12T11:23:34.869+0000] {dag.py:3036} INFO - Sync 3 DAGs
[2026-07-12T11:23:34.886+0000] {logging_mixin.py:188} INFO - [2026-07-12T11:23:34.886+0000] {dag.py:3823} INFO - Setting next_dagrun for example_branch_datetime_operator to 2026-07-11 00:00:00+00:00, run_after=2026-07-12 00:00:00+00:00
[2026-07-12T11:23:34.890+0000] {logging_mixin.py:188} INFO - [2026-07-12T11:23:34.890+0000] {dag.py:3823} INFO - Setting next_dagrun for example_branch_datetime_operator_2 to 2026-07-11 00:00:00+00:00, run_after=2026-07-12 00:00:00+00:00
[2026-07-12T11:23:34.892+0000] {logging_mixin.py:188} INFO - [2026-07-12T11:23:34.891+0000] {dag.py:3823} INFO - Setting next_dagrun for example_branch_datetime_operator_3 to 2026-07-11 00:00:00+00:00, run_after=2026-07-12 00:00:00+00:00
[2026-07-12T11:23:34.911+0000] {processor.py:183} INFO - Processing /home/airflow/.local/lib/python3.8/site-packages/airflow/example_dags/example_branch_datetime_operator.py took 0.074 seconds
[2026-07-12T11:24:05.931+0000] {processor.py:161} INFO - Started process (PID=147) to work on /home/airflow/.local/lib/python3.8/site-packages/airflow/example_dags/example_branch_datetime_operator.py
[2026-07-12T11:24:05.932+0000] {processor.py:830} INFO - Processing file /home/airflow/.local/lib/python3.8/site-packages/airflow/example_dags/example_branch_datetime_operator.py for tasks to queue
[2026-07-12T11:24:05.934+0000] {logging_mixin.py:188} INFO - [2026-07-12T11:24:05.934+0000] {dagbag.py:538} INFO - Filling up the DagBag from /home/airflow/.local/lib/python3.8/site-packages/airflow/example_dags/example_branch_datetime_operator.py
[2026-07-12T11:24:05.942+0000] {processor.py:840} INFO - DAG(s) 'example_branch_datetime_operator_3', 'example_branch_datetime_operator', 'example_branch_datetime_operator_2' retrieved from /home/airflow/.local/lib/python3.8/site-packages/airflow/example_dags/example_branch_datetime_operator.py
[2026-07-12T11:24:06.027+0000] {logging_mixin.py:188} INFO - [2026-07-12T11:24:06.027+0000] {dag.py:3036} INFO - Sync 3 DAGs
[2026-07-12T11:24:06.042+0000] {logging_mixin.py:188} INFO - [2026-07-12T11:24:06.042+0000] {dag.py:3823} INFO - Setting next_dagrun for example_branch_datetime_operator to 2026-07-11 00:00:00+00:00, run_after=2026-07-12 00:00:00+00:00
[2026-07-12T11:24:06.045+0000] {logging_mixin.py:188} INFO - [2026-07-12T11:24:06.045+0000] {dag.py:3823} INFO - Setting next_dagrun for example_branch_datetime_operator_2 to 2026-07-11 00:00:00+00:00, run_after=2026-07-12 00:00:00+00:00
[2026-07-12T11:24:06.049+0000] {logging_mixin.py:188} INFO - [2026-07-12T11:24:06.049+0000] {dag.py:3823} INFO - Setting next_dagrun for example_branch_datetime_operator_3 to 2026-07-11 00:00:00+00:00, run_after=2026-07-12 00:00:00+00:00
[2026-07-12T11:24:06.065+0000] {processor.py:183} INFO - Processing /home/airflow/.local/lib/python3.8/site-packages/airflow/example_dags/example_branch_datetime_operator.py took 0.137 seconds
[2026-07-12T11:24:37.090+0000] {processor.py:161} INFO - Started process (PID=218) to work on /home/airflow/.local/lib/python3.8/site-packages/airflow/example_dags/example_branch_datetime_operator.py
[2026-07-12T11:24:37.092+0000] {processor.py:830} INFO - Processing file /home/airflow/.local/lib/python3.8/site-packages/airflow/example_dags/example_branch_datetime_operator.py for tasks to queue
[2026-07-12T11:24:37.095+0000] {logging_mixin.py:188} INFO - [2026-07-12T11:24:37.095+0000] {dagbag.py:538} INFO - Filling up the DagBag from /home/airflow/.local/lib/python3.8/site-packages/airflow/example_dags/example_branch_datetime_operator.py
[2026-07-12T11:24:37.117+0000] {processor.py:840} INFO - DAG(s) 'example_branch_datetime_operator_2', 'example_branch_datetime_operator', 'example_branch_datetime_operator_3' retrieved from /home/airflow/.local/lib/python3.8/site-packages/airflow/example_dags/example_branch_datetime_operator.py
[2026-07-12T11:24:37.154+0000] {logging_mixin.py:188} INFO - [2026-07-12T11:24:37.154+0000] {dag.py:3036} INFO - Sync 3 DAGs
[2026-07-12T11:24:37.193+0000] {logging_mixin.py:188} INFO - [2026-07-12T11:24:37.193+0000] {dag.py:3823} INFO - Setting next_dagrun for example_branch_datetime_operator to 2026-07-11 00:00:00+00:00, run_after=2026-07-12 00:00:00+00:00
[2026-07-12T11:24:37.200+0000] {logging_mixin.py:188} INFO - [2026-07-12T11:24:37.200+0000] {dag.py:3823} INFO - Setting next_dagrun for example_branch_datetime_operator_2 to 2026-07-11 00:00:00+00:00, run_after=2026-07-12 00:00:00+00:00
[2026-07-12T11:24:37.204+0000] {logging_mixin.py:188} INFO - [2026-07-12T11:24:37.204+0000] {dag.py:3823} INFO - Setting next_dagrun for example_branch_datetime_operator_3 to 2026-07-11 00:00:00+00:00, run_after=2026-07-12 00:00:00+00:00
[2026-07-12T11:24:37.234+0000] {processor.py:183} INFO - Processing /home/airflow/.local/lib/python3.8/site-packages/airflow/example_dags/example_branch_datetime_operator.py took 0.151 seconds
[2026-07-12T11:25:07.796+0000] {processor.py:161} INFO - Started process (PID=274) to work on /home/airflow/.local/lib/python3.8/site-packages/airflow/example_dags/example_branch_datetime_operator.py
[2026-07-12T11:25:07.798+0000] {processor.py:830} INFO - Processing file /home/airflow/.local/lib/python3.8/site-packages/airflow/example_dags/example_branch_datetime_operator.py for tasks to queue
[2026-07-12T11:25:07.801+0000] {logging_mixin.py:188} INFO - [2026-07-12T11:25:07.801+0000] {dagbag.py:538} INFO - Filling up the DagBag from /home/airflow/.local/lib/python3.8/site-packages/airflow/example_dags/example_branch_datetime_operator.py
[2026-07-12T11:25:07.815+0000] {processor.py:840} INFO - DAG(s) 'example_branch_datetime_operator_3', 'example_branch_datetime_operator_2', 'example_branch_datetime_operator' retrieved from /home/airflow/.local/lib/python3.8/site-packages/airflow/example_dags/example_branch_datetime_operator.py
[2026-07-12T11:25:07.847+0000] {logging_mixin.py:188} INFO - [2026-07-12T11:25:07.846+0000] {dag.py:3036} INFO - Sync 3 DAGs
[2026-07-12T11:25:07.874+0000] {logging_mixin.py:188} INFO - [2026-07-12T11:25:07.874+0000] {dag.py:3823} INFO - Setting next_dagrun for example_branch_datetime_operator to 2026-07-11 00:00:00+00:00, run_after=2026-07-12 00:00:00+00:00
[2026-07-12T11:25:07.879+0000] {logging_mixin.py:188} INFO - [2026-07-12T11:25:07.879+0000] {dag.py:3823} INFO - Setting next_dagrun for example_branch_datetime_operator_2 to 2026-07-11 00:00:00+00:00, run_after=2026-07-12 00:00:00+00:00
[2026-07-12T11:25:07.882+0000] {logging_mixin.py:188} INFO - [2026-07-12T11:25:07.882+0000] {dag.py:3823} INFO - Setting next_dagrun for example_branch_datetime_operator_3 to 2026-07-11 00:00:00+00:00, run_after=2026-07-12 00:00:00+00:00
[2026-07-12T11:25:07.900+0000] {processor.py:183} INFO - Processing /home/airflow/.local/lib/python3.8/site-packages/airflow/example_dags/example_branch_datetime_operator.py took 0.109 seconds
[2026-07-12T11:25:37.979+0000] {processor.py:161} INFO - Started process (PID=330) to work on /home/airflow/.local/lib/python3.8/site-packages/airflow/example_dags/example_branch_datetime_operator.py
[2026-07-12T11:25:37.980+0000] {processor.py:830} INFO - Processing file /home/airflow/.local/lib/python3.8/site-packages/airflow/example_dags/example_branch_datetime_operator.py for tasks to queue
[2026-07-12T11:25:37.982+0000] {logging_mixin.py:188} INFO - [2026-07-12T11:25:37.982+0000] {dagbag.py:538} INFO - Filling up the DagBag from /home/airflow/.local/lib/python3.8/site-packages/airflow/example_dags/example_branch_datetime_operator.py
[2026-07-12T11:25:37.990+0000] {processor.py:840} INFO - DAG(s) 'example_branch_datetime_operator_2', 'example_branch_datetime_operator', 'example_branch_datetime_operator_3' retrieved from /home/airflow/.local/lib/python3.8/site-packages/airflow/example_dags/example_branch_datetime_operator.py
[2026-07-12T11:25:38.013+0000] {logging_mixin.py:188} INFO - [2026-07-12T11:25:38.013+0000] {dag.py:3036} INFO - Sync 3 DAGs
[2026-07-12T11:25:38.032+0000] {logging_mixin.py:188} INFO - [2026-07-12T11:25:38.032+0000] {dag.py:3823} INFO - Setting next_dagrun for example_branch_datetime_operator to 2026-07-11 00:00:00+00:00, run_after=2026-07-12 00:00:00+00:00
[2026-07-12T11:25:38.036+0000] {logging_mixin.py:188} INFO - [2026-07-12T11:25:38.036+0000] {dag.py:3823} INFO - Setting next_dagrun for example_branch_datetime_operator_2 to 2026-07-11 00:00:00+00:00, run_after=2026-07-12 00:00:00+00:00
[2026-07-12T11:25:38.038+0000] {logging_mixin.py:188} INFO - [2026-07-12T11:25:38.038+0000] {dag.py:3823} INFO - Setting next_dagrun for example_branch_datetime_operator_3 to 2026-07-11 00:00:00+00:00, run_after=2026-07-12 00:00:00+00:00
[2026-07-12T11:25:38.053+0000] {processor.py:183} INFO - Processing /home/airflow/.local/lib/python3.8/site-packages/airflow/example_dags/example_branch_datetime_operator.py took 0.077 seconds
[2026-07-12T11:26:09.086+0000] {processor.py:161} INFO - Started process (PID=386) to work on /home/airflow/.local/lib/python3.8/site-packages/airflow/example_dags/example_branch_datetime_operator.py
[2026-07-12T11:26:09.087+0000] {processor.py:830} INFO - Processing file /home/airflow/.local/lib/python3.8/site-packages/airflow/example_dags/example_branch_datetime_operator.py for tasks to queue
[2026-07-12T11:26:09.089+0000] {logging_mixin.py:188} INFO - [2026-07-12T11:26:09.088+0000] {dagbag.py:538} INFO - Filling up the DagBag from /home/airflow/.local/lib/python3.8/site-packages/airflow/example_dags/example_branch_datetime_operator.py
[2026-07-12T11:26:09.096+0000] {processor.py:840} INFO - DAG(s) 'example_branch_datetime_operator', 'example_branch_datetime_operator_3', 'example_branch_datetime_operator_2' retrieved from /home/airflow/.local/lib/python3.8/site-packages/airflow/example_dags/example_branch_datetime_operator.py
[2026-07-12T11:26:09.119+0000] {logging_mixin.py:188} INFO - [2026-07-12T11:26:09.119+0000] {dag.py:3036} INFO - Sync 3 DAGs
[2026-07-12T11:26:09.138+0000] {logging_mixin.py:188} INFO - [2026-07-12T11:26:09.138+0000] {dag.py:3823} INFO - Setting next_dagrun for example_branch_datetime_operator to 2026-07-11 00:00:00+00:00, run_after=2026-07-12 00:00:00+00:00
[2026-07-12T11:26:09.142+0000] {logging_mixin.py:188} INFO - [2026-07-12T11:26:09.142+0000] {dag.py:3823} INFO - Setting next_dagrun for example_branch_datetime_operator_2 to 2026-07-11 00:00:00+00:00, run_after=2026-07-12 00:00:00+00:00
[2026-07-12T11:26:09.145+0000] {logging_mixin.py:188} INFO - [2026-07-12T11:26:09.144+0000] {dag.py:3823} INFO - Setting next_dagrun for example_branch_datetime_operator_3 to 2026-07-11 00:00:00+00:00, run_after=2026-07-12 00:00:00+00:00
[2026-07-12T11:26:09.165+0000] {processor.py:183} INFO - Processing /home/airflow/.local/lib/python3.8/site-packages/airflow/example_dags/example_branch_datetime_operator.py took 0.082 seconds
[2026-07-12T11:26:39.661+0000] {processor.py:161} INFO - Started process (PID=443) to work on /home/airflow/.local/lib/python3.8/site-packages/airflow/example_dags/example_branch_datetime_operator.py
[2026-07-12T11:26:39.663+0000] {processor.py:830} INFO - Processing file /home/airflow/.local/lib/python3.8/site-packages/airflow/example_dags/example_branch_datetime_operator.py for tasks to queue
[2026-07-12T11:26:39.666+0000] {logging_mixin.py:188} INFO - [2026-07-12T11:26:39.665+0000] {dagbag.py:538} INFO - Filling up the DagBag from /home/airflow/.local/lib/python3.8/site-packages/airflow/example_dags/example_branch_datetime_operator.py
[2026-07-12T11:26:39.677+0000] {processor.py:840} INFO - DAG(s) 'example_branch_datetime_operator', 'example_branch_datetime_operator_3', 'example_branch_datetime_operator_2' retrieved from /home/airflow/.local/lib/python3.8/site-packages/airflow/example_dags/example_branch_datetime_operator.py
[2026-07-12T11:26:39.711+0000] {logging_mixin.py:188} INFO - [2026-07-12T11:26:39.710+0000] {dag.py:3036} INFO - Sync 3 DAGs
[2026-07-12T11:26:39.744+0000] {logging_mixin.py:188} INFO - [2026-07-12T11:26:39.744+0000] {dag.py:3823} INFO - Setting next_dagrun for example_branch_datetime_operator to 2026-07-11 00:00:00+00:00, run_after=2026-07-12 00:00:00+00:00
[2026-07-12T11:26:39.750+0000] {logging_mixin.py:188} INFO - [2026-07-12T11:26:39.750+0000] {dag.py:3823} INFO - Setting next_dagrun for example_branch_datetime_operator_2 to 2026-07-11 00:00:00+00:00, run_after=2026-07-12 00:00:00+00:00
[2026-07-12T11:26:39.753+0000] {logging_mixin.py:188} INFO - [2026-07-12T11:26:39.753+0000] {dag.py:3823} INFO - Setting next_dagrun for example_branch_datetime_operator_3 to 2026-07-11 00:00:00+00:00, run_after=2026-07-12 00:00:00+00:00
[2026-07-12T11:26:39.776+0000] {processor.py:183} INFO - Processing /home/airflow/.local/lib/python3.8/site-packages/airflow/example_dags/example_branch_datetime_operator.py took 0.119 seconds
[2026-07-12T11:27:09.930+0000] {processor.py:161} INFO - Started process (PID=499) to work on /home/airflow/.local/lib/python3.8/site-packages/airflow/example_dags/example_branch_datetime_operator.py
[2026-07-12T11:27:09.931+0000] {processor.py:830} INFO - Processing file /home/airflow/.local/lib/python3.8/site-packages/airflow/example_dags/example_branch_datetime_operator.py for tasks to queue
[2026-07-12T11:27:09.932+0000] {logging_mixin.py:188} INFO - [2026-07-12T11:27:09.932+0000] {dagbag.py:538} INFO - Filling up the DagBag from /home/airflow/.local/lib/python3.8/site-packages/airflow/example_dags/example_branch_datetime_operator.py
[2026-07-12T11:27:09.940+0000] {processor.py:840} INFO - DAG(s) 'example_branch_datetime_operator', 'example_branch_datetime_operator_2', 'example_branch_datetime_operator_3' retrieved from /home/airflow/.local/lib/python3.8/site-packages/airflow/example_dags/example_branch_datetime_operator.py
[2026-07-12T11:27:09.962+0000] {logging_mixin.py:188} INFO - [2026-07-12T11:27:09.961+0000] {dag.py:3036} INFO - Sync 3 DAGs
[2026-07-12T11:27:09.981+0000] {logging_mixin.py:188} INFO - [2026-07-12T11:27:09.980+0000] {dag.py:3823} INFO - Setting next_dagrun for example_branch_datetime_operator to 2026-07-11 00:00:00+00:00, run_after=2026-07-12 00:00:00+00:00
[2026-07-12T11:27:09.984+0000] {logging_mixin.py:188} INFO - [2026-07-12T11:27:09.984+0000] {dag.py:3823} INFO - Setting next_dagrun for example_branch_datetime_operator_2 to 2026-07-11 00:00:00+00:00, run_after=2026-07-12 00:00:00+00:00
[2026-07-12T11:27:09.986+0000] {logging_mixin.py:188} INFO - [2026-07-12T11:27:09.986+0000] {dag.py:3823} INFO - Setting next_dagrun for example_branch_datetime_operator_3 to 2026-07-11 00:00:00+00:00, run_after=2026-07-12 00:00:00+00:00
[2026-07-12T11:27:10.000+0000] {processor.py:183} INFO - Processing /home/airflow/.local/lib/python3.8/site-packages/airflow/example_dags/example_branch_datetime_operator.py took 0.073 seconds
[2026-07-12T11:27:40.235+0000] {processor.py:161} INFO - Started process (PID=555) to work on /home/airflow/.local/lib/python3.8/site-packages/airflow/example_dags/example_branch_datetime_operator.py
[2026-07-12T11:27:40.236+0000] {processor.py:830} INFO - Processing file /home/airflow/.local/lib/python3.8/site-packages/airflow/example_dags/example_branch_datetime_operator.py for tasks to queue
[2026-07-12T11:27:40.238+0000] {logging_mixin.py:188} INFO - [2026-07-12T11:27:40.238+0000] {dagbag.py:538} INFO - Filling up the DagBag from /home/airflow/.local/lib/python3.8/site-packages/airflow/example_dags/example_branch_datetime_operator.py
[2026-07-12T11:27:40.247+0000] {processor.py:840} INFO - DAG(s) 'example_branch_datetime_operator_2', 'example_branch_datetime_operator', 'example_branch_datetime_operator_3' retrieved from /home/airflow/.local/lib/python3.8/site-packages/airflow/example_dags/example_branch_datetime_operator.py
[2026-07-12T11:27:40.272+0000] {logging_mixin.py:188} INFO - [2026-07-12T11:27:40.272+0000] {dag.py:3036} INFO - Sync 3 DAGs
[2026-07-12T11:27:40.293+0000] {logging_mixin.py:188} INFO - [2026-07-12T11:27:40.293+0000] {dag.py:3823} INFO - Setting next_dagrun for example_branch_datetime_operator to 2026-07-11 00:00:00+00:00, run_after=2026-07-12 00:00:00+00:00
[2026-07-12T11:27:40.297+0000] {logging_mixin.py:188} INFO - [2026-07-12T11:27:40.297+0000] {dag.py:3823} INFO - Setting next_dagrun for example_branch_datetime_operator_2 to 2026-07-11 00:00:00+00:00, run_after=2026-07-12 00:00:00+00:00
[2026-07-12T11:27:40.299+0000] {logging_mixin.py:188} INFO - [2026-07-12T11:27:40.299+0000] {dag.py:3823} INFO - Setting next_dagrun for example_branch_datetime_operator_3 to 2026-07-11 00:00:00+00:00, run_after=2026-07-12 00:00:00+00:00
[2026-07-12T11:27:40.315+0000] {processor.py:183} INFO - Processing /home/airflow/.local/lib/python3.8/site-packages/airflow/example_dags/example_branch_datetime_operator.py took 0.083 seconds
[2026-07-12T11:28:10.610+0000] {processor.py:161} INFO - Started process (PID=611) to work on /home/airflow/.local/lib/python3.8/site-packages/airflow/example_dags/example_branch_datetime_operator.py
[2026-07-12T11:28:10.611+0000] {processor.py:830} INFO - Processing file /home/airflow/.local/lib/python3.8/site-packages/airflow/example_dags/example_branch_datetime_operator.py for tasks to queue
[2026-07-12T11:28:10.613+0000] {logging_mixin.py:188} INFO - [2026-07-12T11:28:10.613+0000] {dagbag.py:538} INFO - Filling up the DagBag from /home/airflow/.local/lib/python3.8/site-packages/airflow/example_dags/example_branch_datetime_operator.py
[2026-07-12T11:28:10.621+0000] {processor.py:840} INFO - DAG(s) 'example_branch_datetime_operator', 'example_branch_datetime_operator_2', 'example_branch_datetime_operator_3' retrieved from /home/airflow/.local/lib/python3.8/site-packages/airflow/example_dags/example_branch_datetime_operator.py
[2026-07-12T11:28:10.647+0000] {logging_mixin.py:188} INFO - [2026-07-12T11:28:10.646+0000] {dag.py:3036} INFO - Sync 3 DAGs
[2026-07-12T11:28:10.668+0000] {logging_mixin.py:188} INFO - [2026-07-12T11:28:10.668+0000] {dag.py:3823} INFO - Setting next_dagrun for example_branch_datetime_operator to 2026-07-11 00:00:00+00:00, run_after=2026-07-12 00:00:00+00:00
[2026-07-12T11:28:10.672+0000] {logging_mixin.py:188} INFO - [2026-07-12T11:28:10.672+0000] {dag.py:3823} INFO - Setting next_dagrun for example_branch_datetime_operator_2 to 2026-07-11 00:00:00+00:00, run_after=2026-07-12 00:00:00+00:00
[2026-07-12T11:28:10.674+0000] {logging_mixin.py:188} INFO - [2026-07-12T11:28:10.674+0000] {dag.py:3823} INFO - Setting next_dagrun for example_branch_datetime_operator_3 to 2026-07-11 00:00:00+00:00, run_after=2026-07-12 00:00:00+00:00
[2026-07-12T11:28:10.699+0000] {processor.py:183} INFO - Processing /home/airflow/.local/lib/python3.8/site-packages/airflow/example_dags/example_branch_datetime_operator.py took 0.092 seconds
[2026-07-12T11:28:40.917+0000] {processor.py:161} INFO - Started process (PID=667) to work on /home/airflow/.local/lib/python3.8/site-packages/airflow/example_dags/example_branch_datetime_operator.py
[2026-07-12T11:28:40.918+0000] {processor.py:830} INFO - Processing file /home/airflow/.local/lib/python3.8/site-packages/airflow/example_dags/example_branch_datetime_operator.py for tasks to queue
[2026-07-12T11:28:40.920+0000] {logging_mixin.py:188} INFO - [2026-07-12T11:28:40.919+0000] {dagbag.py:538} INFO - Filling up the DagBag from /home/airflow/.local/lib/python3.8/site-packages/airflow/example_dags/example_branch_datetime_operator.py
[2026-07-12T11:28:40.928+0000] {processor.py:840} INFO - DAG(s) 'example_branch_datetime_operator_3', 'example_branch_datetime_operator_2', 'example_branch_datetime_operator' retrieved from /home/airflow/.local/lib/python3.8/site-packages/airflow/example_dags/example_branch_datetime_operator.py
[2026-07-12T11:28:40.950+0000] {logging_mixin.py:188} INFO - [2026-07-12T11:28:40.949+0000] {dag.py:3036} INFO - Sync 3 DAGs
[2026-07-12T11:28:40.969+0000] {logging_mixin.py:188} INFO - [2026-07-12T11:28:40.969+0000] {dag.py:3823} INFO - Setting next_dagrun for example_branch_datetime_operator to 2026-07-11 00:00:00+00:00, run_after=2026-07-12 00:00:00+00:00
[2026-07-12T11:28:40.973+0000] {logging_mixin.py:188} INFO - [2026-07-12T11:28:40.973+0000] {dag.py:3823} INFO - Setting next_dagrun for example_branch_datetime_operator_2 to 2026-07-11 00:00:00+00:00, run_after=2026-07-12 00:00:00+00:00
[2026-07-12T11:28:40.975+0000] {logging_mixin.py:188} INFO - [2026-07-12T11:28:40.975+0000] {dag.py:3823} INFO - Setting next_dagrun for example_branch_datetime_operator_3 to 2026-07-11 00:00:00+00:00, run_after=2026-07-12 00:00:00+00:00
[2026-07-12T11:28:40.990+0000] {processor.py:183} INFO - Processing /home/airflow/.local/lib/python3.8/site-packages/airflow/example_dags/example_branch_datetime_operator.py took 0.076 seconds
[2026-07-12T11:29:11.051+0000] {processor.py:161} INFO - Started process (PID=723) to work on /home/airflow/.local/lib/python3.8/site-packages/airflow/example_dags/example_branch_datetime_operator.py
[2026-07-12T11:29:11.052+0000] {processor.py:830} INFO - Processing file /home/airflow/.local/lib/python3.8/site-packages/airflow/example_dags/example_branch_datetime_operator.py for tasks to queue
[2026-07-12T11:29:11.053+0000] {logging_mixin.py:188} INFO - [2026-07-12T11:29:11.053+0000] {dagbag.py:538} INFO - Filling up the DagBag from /home/airflow/.local/lib/python3.8/site-packages/airflow/example_dags/example_branch_datetime_operator.py
[2026-07-12T11:29:11.061+0000] {processor.py:840} INFO - DAG(s) 'example_branch_datetime_operator_2', 'example_branch_datetime_operator', 'example_branch_datetime_operator_3' retrieved from /home/airflow/.local/lib/python3.8/site-packages/airflow/example_dags/example_branch_datetime_operator.py
[2026-07-12T11:29:11.083+0000] {logging_mixin.py:188} INFO - [2026-07-12T11:29:11.083+0000] {dag.py:3036} INFO - Sync 3 DAGs
[2026-07-12T11:29:11.103+0000] {logging_mixin.py:188} INFO - [2026-07-12T11:29:11.103+0000] {dag.py:3823} INFO - Setting next_dagrun for example_branch_datetime_operator to 2026-07-11 00:00:00+00:00, run_after=2026-07-12 00:00:00+00:00
[2026-07-12T11:29:11.107+0000] {logging_mixin.py:188} INFO - [2026-07-12T11:29:11.107+0000] {dag.py:3823} INFO - Setting next_dagrun for example_branch_datetime_operator_2 to 2026-07-11 00:00:00+00:00, run_after=2026-07-12 00:00:00+00:00
[2026-07-12T11:29:11.109+0000] {logging_mixin.py:188} INFO - [2026-07-12T11:29:11.108+0000] {dag.py:3823} INFO - Setting next_dagrun for example_branch_datetime_operator_3 to 2026-07-11 00:00:00+00:00, run_after=2026-07-12 00:00:00+00:00
[2026-07-12T11:29:11.122+0000] {processor.py:183} INFO - Processing /home/airflow/.local/lib/python3.8/site-packages/airflow/example_dags/example_branch_datetime_operator.py took 0.074 seconds
[2026-07-12T11:29:41.430+0000] {processor.py:161} INFO - Started process (PID=779) to work on /home/airflow/.local/lib/python3.8/site-packages/airflow/example_dags/example_branch_datetime_operator.py
[2026-07-12T11:29:41.431+0000] {processor.py:830} INFO - Processing file /home/airflow/.local/lib/python3.8/site-packages/airflow/example_dags/example_branch_datetime_operator.py for tasks to queue
[2026-07-12T11:29:41.432+0000] {logging_mixin.py:188} INFO - [2026-07-12T11:29:41.432+0000] {dagbag.py:538} INFO - Filling up the DagBag from /home/airflow/.local/lib/python3.8/site-packages/airflow/example_dags/example_branch_datetime_operator.py
[2026-07-12T11:29:41.441+0000] {processor.py:840} INFO - DAG(s) 'example_branch_datetime_operator_3', 'example_branch_datetime_operator_2', 'example_branch_datetime_operator' retrieved from /home/airflow/.local/lib/python3.8/site-packages/airflow/example_dags/example_branch_datetime_operator.py
[2026-07-12T11:29:41.477+0000] {logging_mixin.py:188} INFO - [2026-07-12T11:29:41.477+0000] {dag.py:3036} INFO - Sync 3 DAGs
[2026-07-12T11:29:41.498+0000] {logging_mixin.py:188} INFO - [2026-07-12T11:29:41.498+0000] {dag.py:3823} INFO - Setting next_dagrun for example_branch_datetime_operator to 2026-07-11 00:00:00+00:00, run_after=2026-07-12 00:00:00+00:00
[2026-07-12T11:29:41.502+0000] {logging_mixin.py:188} INFO - [2026-07-12T11:29:41.502+0000] {dag.py:3823} INFO - Setting next_dagrun for example_branch_datetime_operator_2 to 2026-07-11 00:00:00+00:00, run_after=2026-07-12 00:00:00+00:00
[2026-07-12T11:29:41.504+0000] {logging_mixin.py:188} INFO - [2026-07-12T11:29:41.504+0000] {dag.py:3823} INFO - Setting next_dagrun for example_branch_datetime_operator_3 to 2026-07-11 00:00:00+00:00, run_after=2026-07-12 00:00:00+00:00
[2026-07-12T11:29:41.520+0000] {processor.py:183} INFO - Processing /home/airflow/.local/lib/python3.8/site-packages/airflow/example_dags/example_branch_datetime_operator.py took 0.093 seconds
[2026-07-12T11:30:13.646+0000] {processor.py:161} INFO - Started process (PID=842) to work on /home/airflow/.local/lib/python3.8/site-packages/airflow/example_dags/example_branch_datetime_operator.py
[2026-07-12T11:30:13.649+0000] {processor.py:830} INFO - Processing file /home/airflow/.local/lib/python3.8/site-packages/airflow/example_dags/example_branch_datetime_operator.py for tasks to queue
[2026-07-12T11:30:13.653+0000] {logging_mixin.py:188} INFO - [2026-07-12T11:30:13.652+0000] {dagbag.py:538} INFO - Filling up the DagBag from /home/airflow/.local/lib/python3.8/site-packages/airflow/example_dags/example_branch_datetime_operator.py
[2026-07-12T11:30:13.678+0000] {processor.py:840} INFO - DAG(s) 'example_branch_datetime_operator_2', 'example_branch_datetime_operator_3', 'example_branch_datetime_operator' retrieved from /home/airflow/.local/lib/python3.8/site-packages/airflow/example_dags/example_branch_datetime_operator.py
[2026-07-12T11:30:13.774+0000] {logging_mixin.py:188} INFO - [2026-07-12T11:30:13.773+0000] {dag.py:3036} INFO - Sync 3 DAGs
[2026-07-12T11:30:13.846+0000] {logging_mixin.py:188} INFO - [2026-07-12T11:30:13.845+0000] {dag.py:3823} INFO - Setting next_dagrun for example_branch_datetime_operator to 2026-07-11 00:00:00+00:00, run_after=2026-07-12 00:00:00+00:00
[2026-07-12T11:30:13.879+0000] {logging_mixin.py:188} INFO - [2026-07-12T11:30:13.878+0000] {dag.py:3823} INFO - Setting next_dagrun for example_branch_datetime_operator_2 to 2026-07-11 00:00:00+00:00, run_after=2026-07-12 00:00:00+00:00
[2026-07-12T11:30:13.894+0000] {logging_mixin.py:188} INFO - [2026-07-12T11:30:13.894+0000] {dag.py:3823} INFO - Setting next_dagrun for example_branch_datetime_operator_3 to 2026-07-11 00:00:00+00:00, run_after=2026-07-12 00:00:00+00:00
[2026-07-12T11:30:13.957+0000] {processor.py:183} INFO - Processing /home/airflow/.local/lib/python3.8/site-packages/airflow/example_dags/example_branch_datetime_operator.py took 0.318 seconds
[2026-07-12T11:30:44.186+0000] {processor.py:161} INFO - Started process (PID=898) to work on /home/airflow/.local/lib/python3.8/site-packages/airflow/example_dags/example_branch_datetime_operator.py
[2026-07-12T11:30:44.187+0000] {processor.py:830} INFO - Processing file /home/airflow/.local/lib/python3.8/site-packages/airflow/example_dags/example_branch_datetime_operator.py for tasks to queue
[2026-07-12T11:30:44.188+0000] {logging_mixin.py:188} INFO - [2026-07-12T11:30:44.188+0000] {dagbag.py:538} INFO - Filling up the DagBag from /home/airflow/.local/lib/python3.8/site-packages/airflow/example_dags/example_branch_datetime_operator.py
[2026-07-12T11:30:44.196+0000] {processor.py:840} INFO - DAG(s) 'example_branch_datetime_operator_3', 'example_branch_datetime_operator_2', 'example_branch_datetime_operator' retrieved from /home/airflow/.local/lib/python3.8/site-packages/airflow/example_dags/example_branch_datetime_operator.py
[2026-07-12T11:30:44.219+0000] {logging_mixin.py:188} INFO - [2026-07-12T11:30:44.218+0000] {dag.py:3036} INFO - Sync 3 DAGs
[2026-07-12T11:30:44.236+0000] {logging_mixin.py:188} INFO - [2026-07-12T11:30:44.236+0000] {dag.py:3823} INFO - Setting next_dagrun for example_branch_datetime_operator to 2026-07-11 00:00:00+00:00, run_after=2026-07-12 00:00:00+00:00
[2026-07-12T11:30:44.241+0000] {logging_mixin.py:188} INFO - [2026-07-12T11:30:44.241+0000] {dag.py:3823} INFO - Setting next_dagrun for example_branch_datetime_operator_2 to 2026-07-11 00:00:00+00:00, run_after=2026-07-12 00:00:00+00:00
[2026-07-12T11:30:44.243+0000] {logging_mixin.py:188} INFO - [2026-07-12T11:30:44.242+0000] {dag.py:3823} INFO - Setting next_dagrun for example_branch_datetime_operator_3 to 2026-07-11 00:00:00+00:00, run_after=2026-07-12 00:00:00+00:00
[2026-07-12T11:30:44.255+0000] {processor.py:183} INFO - Processing /home/airflow/.local/lib/python3.8/site-packages/airflow/example_dags/example_branch_datetime_operator.py took 0.072 seconds
[2026-07-12T11:31:14.299+0000] {processor.py:161} INFO - Started process (PID=954) to work on /home/airflow/.local/lib/python3.8/site-packages/airflow/example_dags/example_branch_datetime_operator.py
[2026-07-12T11:31:14.300+0000] {processor.py:830} INFO - Processing file /home/airflow/.local/lib/python3.8/site-packages/airflow/example_dags/example_branch_datetime_operator.py for tasks to queue
[2026-07-12T11:31:14.302+0000] {logging_mixin.py:188} INFO - [2026-07-12T11:31:14.302+0000] {dagbag.py:538} INFO - Filling up the DagBag from /home/airflow/.local/lib/python3.8/site-packages/airflow/example_dags/example_branch_datetime_operator.py
[2026-07-12T11:31:14.309+0000] {processor.py:840} INFO - DAG(s) 'example_branch_datetime_operator', 'example_branch_datetime_operator_3', 'example_branch_datetime_operator_2' retrieved from /home/airflow/.local/lib/python3.8/site-packages/airflow/example_dags/example_branch_datetime_operator.py
[2026-07-12T11:31:14.330+0000] {logging_mixin.py:188} INFO - [2026-07-12T11:31:14.330+0000] {dag.py:3036} INFO - Sync 3 DAGs
[2026-07-12T11:31:14.348+0000] {logging_mixin.py:188} INFO - [2026-07-12T11:31:14.347+0000] {dag.py:3823} INFO - Setting next_dagrun for example_branch_datetime_operator to 2026-07-11 00:00:00+00:00, run_after=2026-07-12 00:00:00+00:00
[2026-07-12T11:31:14.351+0000] {logging_mixin.py:188} INFO - [2026-07-12T11:31:14.351+0000] {dag.py:3823} INFO - Setting next_dagrun for example_branch_datetime_operator_2 to 2026-07-11 00:00:00+00:00, run_after=2026-07-12 00:00:00+00:00
[2026-07-12T11:31:14.353+0000] {logging_mixin.py:188} INFO - [2026-07-12T11:31:14.353+0000] {dag.py:3823} INFO - Setting next_dagrun for example_branch_datetime_operator_3 to 2026-07-11 00:00:00+00:00, run_after=2026-07-12 00:00:00+00:00
[2026-07-12T11:31:14.365+0000] {processor.py:183} INFO - Processing /home/airflow/.local/lib/python3.8/site-packages/airflow/example_dags/example_branch_datetime_operator.py took 0.068 seconds
[2026-07-12T11:31:44.518+0000] {processor.py:161} INFO - Started process (PID=1010) to work on /home/airflow/.local/lib/python3.8/site-packages/airflow/example_dags/example_branch_datetime_operator.py
[2026-07-12T11:31:44.519+0000] {processor.py:830} INFO - Processing file /home/airflow/.local/lib/python3.8/site-packages/airflow/example_dags/example_branch_datetime_operator.py for tasks to queue
[2026-07-12T11:31:44.521+0000] {logging_mixin.py:188} INFO - [2026-07-12T11:31:44.521+0000] {dagbag.py:538} INFO - Filling up the DagBag from /home/airflow/.local/lib/python3.8/site-packages/airflow/example_dags/example_branch_datetime_operator.py
[2026-07-12T11:31:44.532+0000] {processor.py:840} INFO - DAG(s) 'example_branch_datetime_operator_3', 'example_branch_datetime_operator', 'example_branch_datetime_operator_2' retrieved from /home/airflow/.local/lib/python3.8/site-packages/airflow/example_dags/example_branch_datetime_operator.py
[2026-07-12T11:31:44.562+0000] {logging_mixin.py:188} INFO - [2026-07-12T11:31:44.561+0000] {dag.py:3036} INFO - Sync 3 DAGs
[2026-07-12T11:31:44.585+0000] {logging_mixin.py:188} INFO - [2026-07-12T11:31:44.585+0000] {dag.py:3823} INFO - Setting next_dagrun for example_branch_datetime_operator to 2026-07-11 00:00:00+00:00, run_after=2026-07-12 00:00:00+00:00
[2026-07-12T11:31:44.590+0000] {logging_mixin.py:188} INFO - [2026-07-12T11:31:44.590+0000] {dag.py:3823} INFO - Setting next_dagrun for example_branch_datetime_operator_2 to 2026-07-11 00:00:00+00:00, run_after=2026-07-12 00:00:00+00:00
[2026-07-12T11:31:44.593+0000] {logging_mixin.py:188} INFO - [2026-07-12T11:31:44.593+0000] {dag.py:3823} INFO - Setting next_dagrun for example_branch_datetime_operator_3 to 2026-07-11 00:00:00+00:00, run_after=2026-07-12 00:00:00+00:00
[2026-07-12T11:31:44.616+0000] {processor.py:183} INFO - Processing /home/airflow/.local/lib/python3.8/site-packages/airflow/example_dags/example_branch_datetime_operator.py took 0.101 seconds
[2026-07-12T11:32:14.635+0000] {processor.py:161} INFO - Started process (PID=1066) to work on /home/airflow/.local/lib/python3.8/site-packages/airflow/example_dags/example_branch_datetime_operator.py
[2026-07-12T11:32:14.637+0000] {processor.py:830} INFO - Processing file /home/airflow/.local/lib/python3.8/site-packages/airflow/example_dags/example_branch_datetime_operator.py for tasks to queue
[2026-07-12T11:32:14.641+0000] {logging_mixin.py:188} INFO - [2026-07-12T11:32:14.640+0000] {dagbag.py:538} INFO - Filling up the DagBag from /home/airflow/.local/lib/python3.8/site-packages/airflow/example_dags/example_branch_datetime_operator.py
[2026-07-12T11:32:14.653+0000] {processor.py:840} INFO - DAG(s) 'example_branch_datetime_operator_2', 'example_branch_datetime_operator', 'example_branch_datetime_operator_3' retrieved from /home/airflow/.local/lib/python3.8/site-packages/airflow/example_dags/example_branch_datetime_operator.py
[2026-07-12T11:32:14.683+0000] {logging_mixin.py:188} INFO - [2026-07-12T11:32:14.683+0000] {dag.py:3036} INFO - Sync 3 DAGs
[2026-07-12T11:32:14.704+0000] {logging_mixin.py:188} INFO - [2026-07-12T11:32:14.704+0000] {dag.py:3823} INFO - Setting next_dagrun for example_branch_datetime_operator to 2026-07-11 00:00:00+00:00, run_after=2026-07-12 00:00:00+00:00
[2026-07-12T11:32:14.711+0000] {logging_mixin.py:188} INFO - [2026-07-12T11:32:14.710+0000] {dag.py:3823} INFO - Setting next_dagrun for example_branch_datetime_operator_2 to 2026-07-11 00:00:00+00:00, run_after=2026-07-12 00:00:00+00:00
[2026-07-12T11:32:14.713+0000] {logging_mixin.py:188} INFO - [2026-07-12T11:32:14.712+0000] {dag.py:3823} INFO - Setting next_dagrun for example_branch_datetime_operator_3 to 2026-07-11 00:00:00+00:00, run_after=2026-07-12 00:00:00+00:00
[2026-07-12T11:32:14.728+0000] {processor.py:183} INFO - Processing /home/airflow/.local/lib/python3.8/site-packages/airflow/example_dags/example_branch_datetime_operator.py took 0.097 seconds
[2026-07-12T11:32:45.021+0000] {processor.py:161} INFO - Started process (PID=1122) to work on /home/airflow/.local/lib/python3.8/site-packages/airflow/example_dags/example_branch_datetime_operator.py
[2026-07-12T11:32:45.024+0000] {processor.py:830} INFO - Processing file /home/airflow/.local/lib/python3.8/site-packages/airflow/example_dags/example_branch_datetime_operator.py for tasks to queue
[2026-07-12T11:32:45.026+0000] {logging_mixin.py:188} INFO - [2026-07-12T11:32:45.026+0000] {dagbag.py:538} INFO - Filling up the DagBag from /home/airflow/.local/lib/python3.8/site-packages/airflow/example_dags/example_branch_datetime_operator.py
[2026-07-12T11:32:45.039+0000] {processor.py:840} INFO - DAG(s) 'example_branch_datetime_operator_2', 'example_branch_datetime_operator', 'example_branch_datetime_operator_3' retrieved from /home/airflow/.local/lib/python3.8/site-packages/airflow/example_dags/example_branch_datetime_operator.py
[2026-07-12T11:32:45.076+0000] {logging_mixin.py:188} INFO - [2026-07-12T11:32:45.075+0000] {dag.py:3036} INFO - Sync 3 DAGs
[2026-07-12T11:32:45.105+0000] {logging_mixin.py:188} INFO - [2026-07-12T11:32:45.105+0000] {dag.py:3823} INFO - Setting next_dagrun for example_branch_datetime_operator to 2026-07-11 00:00:00+00:00, run_after=2026-07-12 00:00:00+00:00
[2026-07-12T11:32:45.112+0000] {logging_mixin.py:188} INFO - [2026-07-12T11:32:45.112+0000] {dag.py:3823} INFO - Setting next_dagrun for example_branch_datetime_operator_2 to 2026-07-11 00:00:00+00:00, run_after=2026-07-12 00:00:00+00:00
[2026-07-12T11:32:45.115+0000] {logging_mixin.py:188} INFO - [2026-07-12T11:32:45.115+0000] {dag.py:3823} INFO - Setting next_dagrun for example_branch_datetime_operator_3 to 2026-07-11 00:00:00+00:00, run_after=2026-07-12 00:00:00+00:00
[2026-07-12T11:32:45.136+0000] {processor.py:183} INFO - Processing /home/airflow/.local/lib/python3.8/site-packages/airflow/example_dags/example_branch_datetime_operator.py took 0.119 seconds
[2026-07-12T11:33:15.576+0000] {processor.py:161} INFO - Started process (PID=1178) to work on /home/airflow/.local/lib/python3.8/site-packages/airflow/example_dags/example_branch_datetime_operator.py
[2026-07-12T11:33:15.577+0000] {processor.py:830} INFO - Processing file /home/airflow/.local/lib/python3.8/site-packages/airflow/example_dags/example_branch_datetime_operator.py for tasks to queue
[2026-07-12T11:33:15.579+0000] {logging_mixin.py:188} INFO - [2026-07-12T11:33:15.578+0000] {dagbag.py:538} INFO - Filling up the DagBag from /home/airflow/.local/lib/python3.8/site-packages/airflow/example_dags/example_branch_datetime_operator.py
[2026-07-12T11:33:15.586+0000] {processor.py:840} INFO - DAG(s) 'example_branch_datetime_operator_2', 'example_branch_datetime_operator', 'example_branch_datetime_operator_3' retrieved from /home/airflow/.local/lib/python3.8/site-packages/airflow/example_dags/example_branch_datetime_operator.py
[2026-07-12T11:33:15.608+0000] {logging_mixin.py:188} INFO - [2026-07-12T11:33:15.608+0000] {dag.py:3036} INFO - Sync 3 DAGs
[2026-07-12T11:33:15.626+0000] {logging_mixin.py:188} INFO - [2026-07-12T11:33:15.626+0000] {dag.py:3823} INFO - Setting next_dagrun for example_branch_datetime_operator to 2026-07-11 00:00:00+00:00, run_after=2026-07-12 00:00:00+00:00
[2026-07-12T11:33:15.630+0000] {logging_mixin.py:188} INFO - [2026-07-12T11:33:15.630+0000] {dag.py:3823} INFO - Setting next_dagrun for example_branch_datetime_operator_2 to 2026-07-11 00:00:00+00:00, run_after=2026-07-12 00:00:00+00:00
[2026-07-12T11:33:15.632+0000] {logging_mixin.py:188} INFO - [2026-07-12T11:33:15.632+0000] {dag.py:3823} INFO - Setting next_dagrun for example_branch_datetime_operator_3 to 2026-07-11 00:00:00+00:00, run_after=2026-07-12 00:00:00+00:00
[2026-07-12T11:33:15.645+0000] {processor.py:183} INFO - Processing /home/airflow/.local/lib/python3.8/site-packages/airflow/example_dags/example_branch_datetime_operator.py took 0.072 seconds
[2026-07-12T11:33:45.838+0000] {processor.py:161} INFO - Started process (PID=1234) to work on /home/airflow/.local/lib/python3.8/site-packages/airflow/example_dags/example_branch_datetime_operator.py
[2026-07-12T11:33:45.839+0000] {processor.py:830} INFO - Processing file /home/airflow/.local/lib/python3.8/site-packages/airflow/example_dags/example_branch_datetime_operator.py for tasks to queue
[2026-07-12T11:33:45.841+0000] {logging_mixin.py:188} INFO - [2026-07-12T11:33:45.840+0000] {dagbag.py:538} INFO - Filling up the DagBag from /home/airflow/.local/lib/python3.8/site-packages/airflow/example_dags/example_branch_datetime_operator.py
[2026-07-12T11:33:45.848+0000] {processor.py:840} INFO - DAG(s) 'example_branch_datetime_operator_3', 'example_branch_datetime_operator', 'example_branch_datetime_operator_2' retrieved from /home/airflow/.local/lib/python3.8/site-packages/airflow/example_dags/example_branch_datetime_operator.py
[2026-07-12T11:33:45.868+0000] {logging_mixin.py:188} INFO - [2026-07-12T11:33:45.868+0000] {dag.py:3036} INFO - Sync 3 DAGs
[2026-07-12T11:33:45.885+0000] {logging_mixin.py:188} INFO - [2026-07-12T11:33:45.885+0000] {dag.py:3823} INFO - Setting next_dagrun for example_branch_datetime_operator to 2026-07-11 00:00:00+00:00, run_after=2026-07-12 00:00:00+00:00
[2026-07-12T11:33:45.888+0000] {logging_mixin.py:188} INFO - [2026-07-12T11:33:45.888+0000] {dag.py:3823} INFO - Setting next_dagrun for example_branch_datetime_operator_2 to 2026-07-11 00:00:00+00:00, run_after=2026-07-12 00:00:00+00:00
[2026-07-12T11:33:45.890+0000] {logging_mixin.py:188} INFO - [2026-07-12T11:33:45.890+0000] {dag.py:3823} INFO - Setting next_dagrun for example_branch_datetime_operator_3 to 2026-07-11 00:00:00+00:00, run_after=2026-07-12 00:00:00+00:00
[2026-07-12T11:33:45.905+0000] {processor.py:183} INFO - Processing /home/airflow/.local/lib/python3.8/site-packages/airflow/example_dags/example_branch_datetime_operator.py took 0.070 seconds
[2026-07-12T11:34:15.972+0000] {processor.py:161} INFO - Started process (PID=1290) to work on /home/airflow/.local/lib/python3.8/site-packages/airflow/example_dags/example_branch_datetime_operator.py
[2026-07-12T11:34:15.973+0000] {processor.py:830} INFO - Processing file /home/airflow/.local/lib/python3.8/site-packages/airflow/example_dags/example_branch_datetime_operator.py for tasks to queue
[2026-07-12T11:34:15.974+0000] {logging_mixin.py:188} INFO - [2026-07-12T11:34:15.974+0000] {dagbag.py:538} INFO - Filling up the DagBag from /home/airflow/.local/lib/python3.8/site-packages/airflow/example_dags/example_branch_datetime_operator.py
[2026-07-12T11:34:15.982+0000] {processor.py:840} INFO - DAG(s) 'example_branch_datetime_operator_3', 'example_branch_datetime_operator', 'example_branch_datetime_operator_2' retrieved from /home/airflow/.local/lib/python3.8/site-packages/airflow/example_dags/example_branch_datetime_operator.py
[2026-07-12T11:34:16.004+0000] {logging_mixin.py:188} INFO - [2026-07-12T11:34:16.004+0000] {dag.py:3036} INFO - Sync 3 DAGs
[2026-07-12T11:34:16.021+0000] {logging_mixin.py:188} INFO - [2026-07-12T11:34:16.020+0000] {dag.py:3823} INFO - Setting next_dagrun for example_branch_datetime_operator to 2026-07-11 00:00:00+00:00, run_after=2026-07-12 00:00:00+00:00
[2026-07-12T11:34:16.024+0000] {logging_mixin.py:188} INFO - [2026-07-12T11:34:16.024+0000] {dag.py:3823} INFO - Setting next_dagrun for example_branch_datetime_operator_2 to 2026-07-11 00:00:00+00:00, run_after=2026-07-12 00:00:00+00:00
[2026-07-12T11:34:16.026+0000] {logging_mixin.py:188} INFO - [2026-07-12T11:34:16.026+0000] {dag.py:3823} INFO - Setting next_dagrun for example_branch_datetime_operator_3 to 2026-07-11 00:00:00+00:00, run_after=2026-07-12 00:00:00+00:00
[2026-07-12T11:34:16.040+0000] {processor.py:183} INFO - Processing /home/airflow/.local/lib/python3.8/site-packages/airflow/example_dags/example_branch_datetime_operator.py took 0.071 seconds
[2026-07-12T11:34:46.230+0000] {processor.py:161} INFO - Started process (PID=1346) to work on /home/airflow/.local/lib/python3.8/site-packages/airflow/example_dags/example_branch_datetime_operator.py
[2026-07-12T11:34:46.231+0000] {processor.py:830} INFO - Processing file /home/airflow/.local/lib/python3.8/site-packages/airflow/example_dags/example_branch_datetime_operator.py for tasks to queue
[2026-07-12T11:34:46.233+0000] {logging_mixin.py:188} INFO - [2026-07-12T11:34:46.232+0000] {dagbag.py:538} INFO - Filling up the DagBag from /home/airflow/.local/lib/python3.8/site-packages/airflow/example_dags/example_branch_datetime_operator.py
[2026-07-12T11:34:46.240+0000] {processor.py:840} INFO - DAG(s) 'example_branch_datetime_operator', 'example_branch_datetime_operator_2', 'example_branch_datetime_operator_3' retrieved from /home/airflow/.local/lib/python3.8/site-packages/airflow/example_dags/example_branch_datetime_operator.py
[2026-07-12T11:34:46.265+0000] {logging_mixin.py:188} INFO - [2026-07-12T11:34:46.264+0000] {dag.py:3036} INFO - Sync 3 DAGs
[2026-07-12T11:34:46.283+0000] {logging_mixin.py:188} INFO - [2026-07-12T11:34:46.283+0000] {dag.py:3823} INFO - Setting next_dagrun for example_branch_datetime_operator to 2026-07-11 00:00:00+00:00, run_after=2026-07-12 00:00:00+00:00
[2026-07-12T11:34:46.287+0000] {logging_mixin.py:188} INFO - [2026-07-12T11:34:46.286+0000] {dag.py:3823} INFO - Setting next_dagrun for example_branch_datetime_operator_2 to 2026-07-11 00:00:00+00:00, run_after=2026-07-12 00:00:00+00:00
[2026-07-12T11:34:46.288+0000] {logging_mixin.py:188} INFO - [2026-07-12T11:34:46.288+0000] {dag.py:3823} INFO - Setting next_dagrun for example_branch_datetime_operator_3 to 2026-07-11 00:00:00+00:00, run_after=2026-07-12 00:00:00+00:00
[2026-07-12T11:34:46.301+0000] {processor.py:183} INFO - Processing /home/airflow/.local/lib/python3.8/site-packages/airflow/example_dags/example_branch_datetime_operator.py took 0.074 seconds
[2026-07-12T11:35:17.168+0000] {processor.py:161} INFO - Started process (PID=1402) to work on /home/airflow/.local/lib/python3.8/site-packages/airflow/example_dags/example_branch_datetime_operator.py
[2026-07-12T11:35:17.170+0000] {processor.py:830} INFO - Processing file /home/airflow/.local/lib/python3.8/site-packages/airflow/example_dags/example_branch_datetime_operator.py for tasks to queue
[2026-07-12T11:35:17.172+0000] {logging_mixin.py:188} INFO - [2026-07-12T11:35:17.171+0000] {dagbag.py:538} INFO - Filling up the DagBag from /home/airflow/.local/lib/python3.8/site-packages/airflow/example_dags/example_branch_datetime_operator.py
[2026-07-12T11:35:17.180+0000] {processor.py:840} INFO - DAG(s) 'example_branch_datetime_operator_2', 'example_branch_datetime_operator_3', 'example_branch_datetime_operator' retrieved from /home/airflow/.local/lib/python3.8/site-packages/airflow/example_dags/example_branch_datetime_operator.py
[2026-07-12T11:35:17.203+0000] {logging_mixin.py:188} INFO - [2026-07-12T11:35:17.203+0000] {dag.py:3036} INFO - Sync 3 DAGs
[2026-07-12T11:35:17.223+0000] {logging_mixin.py:188} INFO - [2026-07-12T11:35:17.223+0000] {dag.py:3823} INFO - Setting next_dagrun for example_branch_datetime_operator to 2026-07-11 00:00:00+00:00, run_after=2026-07-12 00:00:00+00:00
[2026-07-12T11:35:17.229+0000] {logging_mixin.py:188} INFO - [2026-07-12T11:35:17.229+0000] {dag.py:3823} INFO - Setting next_dagrun for example_branch_datetime_operator_2 to 2026-07-11 00:00:00+00:00, run_after=2026-07-12 00:00:00+00:00
[2026-07-12T11:35:17.232+0000] {logging_mixin.py:188} INFO - [2026-07-12T11:35:17.231+0000] {dag.py:3823} INFO - Setting next_dagrun for example_branch_datetime_operator_3 to 2026-07-11 00:00:00+00:00, run_after=2026-07-12 00:00:00+00:00
[2026-07-12T11:35:17.247+0000] {processor.py:183} INFO - Processing /home/airflow/.local/lib/python3.8/site-packages/airflow/example_dags/example_branch_datetime_operator.py took 0.082 seconds
[2026-07-12T11:35:47.599+0000] {processor.py:161} INFO - Started process (PID=1458) to work on /home/airflow/.local/lib/python3.8/site-packages/airflow/example_dags/example_branch_datetime_operator.py
[2026-07-12T11:35:47.600+0000] {processor.py:830} INFO - Processing file /home/airflow/.local/lib/python3.8/site-packages/airflow/example_dags/example_branch_datetime_operator.py for tasks to queue
[2026-07-12T11:35:47.602+0000] {logging_mixin.py:188} INFO - [2026-07-12T11:35:47.602+0000] {dagbag.py:538} INFO - Filling up the DagBag from /home/airflow/.local/lib/python3.8/site-packages/airflow/example_dags/example_branch_datetime_operator.py
[2026-07-12T11:35:47.609+0000] {processor.py:840} INFO - DAG(s) 'example_branch_datetime_operator_2', 'example_branch_datetime_operator_3', 'example_branch_datetime_operator' retrieved from /home/airflow/.local/lib/python3.8/site-packages/airflow/example_dags/example_branch_datetime_operator.py
[2026-07-12T11:35:47.628+0000] {logging_mixin.py:188} INFO - [2026-07-12T11:35:47.628+0000] {dag.py:3036} INFO - Sync 3 DAGs
[2026-07-12T11:35:47.644+0000] {logging_mixin.py:188} INFO - [2026-07-12T11:35:47.644+0000] {dag.py:3823} INFO - Setting next_dagrun for example_branch_datetime_operator to 2026-07-11 00:00:00+00:00, run_after=2026-07-12 00:00:00+00:00
[2026-07-12T11:35:47.649+0000] {logging_mixin.py:188} INFO - [2026-07-12T11:35:47.649+0000] {dag.py:3823} INFO - Setting next_dagrun for example_branch_datetime_operator_2 to 2026-07-11 00:00:00+00:00, run_after=2026-07-12 00:00:00+00:00
[2026-07-12T11:35:47.651+0000] {logging_mixin.py:188} INFO - [2026-07-12T11:35:47.651+0000] {dag.py:3823} INFO - Setting next_dagrun for example_branch_datetime_operator_3 to 2026-07-11 00:00:00+00:00, run_after=2026-07-12 00:00:00+00:00
[2026-07-12T11:35:47.665+0000] {processor.py:183} INFO - Processing /home/airflow/.local/lib/python3.8/site-packages/airflow/example_dags/example_branch_datetime_operator.py took 0.068 seconds
[2026-07-12T11:36:18.234+0000] {processor.py:161} INFO - Started process (PID=1514) to work on /home/airflow/.local/lib/python3.8/site-packages/airflow/example_dags/example_branch_datetime_operator.py
[2026-07-12T11:36:18.235+0000] {processor.py:830} INFO - Processing file /home/airflow/.local/lib/python3.8/site-packages/airflow/example_dags/example_branch_datetime_operator.py for tasks to queue
[2026-07-12T11:36:18.237+0000] {logging_mixin.py:188} INFO - [2026-07-12T11:36:18.236+0000] {dagbag.py:538} INFO - Filling up the DagBag from /home/airflow/.local/lib/python3.8/site-packages/airflow/example_dags/example_branch_datetime_operator.py
[2026-07-12T11:36:18.245+0000] {processor.py:840} INFO - DAG(s) 'example_branch_datetime_operator', 'example_branch_datetime_operator_3', 'example_branch_datetime_operator_2' retrieved from /home/airflow/.local/lib/python3.8/site-packages/airflow/example_dags/example_branch_datetime_operator.py
[2026-07-12T11:36:18.268+0000] {logging_mixin.py:188} INFO - [2026-07-12T11:36:18.268+0000] {dag.py:3036} INFO - Sync 3 DAGs
[2026-07-12T11:36:18.287+0000] {logging_mixin.py:188} INFO - [2026-07-12T11:36:18.287+0000] {dag.py:3823} INFO - Setting next_dagrun for example_branch_datetime_operator to 2026-07-11 00:00:00+00:00, run_after=2026-07-12 00:00:00+00:00
[2026-07-12T11:36:18.290+0000] {logging_mixin.py:188} INFO - [2026-07-12T11:36:18.290+0000] {dag.py:3823} INFO - Setting next_dagrun for example_branch_datetime_operator_2 to 2026-07-11 00:00:00+00:00, run_after=2026-07-12 00:00:00+00:00
[2026-07-12T11:36:18.292+0000] {logging_mixin.py:188} INFO - [2026-07-12T11:36:18.292+0000] {dag.py:3823} INFO - Setting next_dagrun for example_branch_datetime_operator_3 to 2026-07-11 00:00:00+00:00, run_after=2026-07-12 00:00:00+00:00
[2026-07-12T11:36:18.304+0000] {processor.py:183} INFO - Processing /home/airflow/.local/lib/python3.8/site-packages/airflow/example_dags/example_branch_datetime_operator.py took 0.073 seconds
[2026-07-12T11:36:48.428+0000] {processor.py:161} INFO - Started process (PID=1571) to work on /home/airflow/.local/lib/python3.8/site-packages/airflow/example_dags/example_branch_datetime_operator.py
[2026-07-12T11:36:48.429+0000] {processor.py:830} INFO - Processing file /home/airflow/.local/lib/python3.8/site-packages/airflow/example_dags/example_branch_datetime_operator.py for tasks to queue
[2026-07-12T11:36:48.431+0000] {logging_mixin.py:188} INFO - [2026-07-12T11:36:48.430+0000] {dagbag.py:538} INFO - Filling up the DagBag from /home/airflow/.local/lib/python3.8/site-packages/airflow/example_dags/example_branch_datetime_operator.py
[2026-07-12T11:36:48.438+0000] {processor.py:840} INFO - DAG(s) 'example_branch_datetime_operator', 'example_branch_datetime_operator_3', 'example_branch_datetime_operator_2' retrieved from /home/airflow/.local/lib/python3.8/site-packages/airflow/example_dags/example_branch_datetime_operator.py
[2026-07-12T11:36:48.459+0000] {logging_mixin.py:188} INFO - [2026-07-12T11:36:48.459+0000] {dag.py:3036} INFO - Sync 3 DAGs
[2026-07-12T11:36:48.476+0000] {logging_mixin.py:188} INFO - [2026-07-12T11:36:48.476+0000] {dag.py:3823} INFO - Setting next_dagrun for example_branch_datetime_operator to 2026-07-11 00:00:00+00:00, run_after=2026-07-12 00:00:00+00:00
[2026-07-12T11:36:48.480+0000] {logging_mixin.py:188} INFO - [2026-07-12T11:36:48.480+0000] {dag.py:3823} INFO - Setting next_dagrun for example_branch_datetime_operator_2 to 2026-07-11 00:00:00+00:00, run_after=2026-07-12 00:00:00+00:00
[2026-07-12T11:36:48.481+0000] {logging_mixin.py:188} INFO - [2026-07-12T11:36:48.481+0000] {dag.py:3823} INFO - Setting next_dagrun for example_branch_datetime_operator_3 to 2026-07-11 00:00:00+00:00, run_after=2026-07-12 00:00:00+00:00
[2026-07-12T11:36:48.494+0000] {processor.py:183} INFO - Processing /home/airflow/.local/lib/python3.8/site-packages/airflow/example_dags/example_branch_datetime_operator.py took 0.069 seconds
[2026-07-12T11:37:19.052+0000] {processor.py:161} INFO - Started process (PID=1627) to work on /home/airflow/.local/lib/python3.8/site-packages/airflow/example_dags/example_branch_datetime_operator.py
[2026-07-12T11:37:19.055+0000] {processor.py:830} INFO - Processing file /home/airflow/.local/lib/python3.8/site-packages/airflow/example_dags/example_branch_datetime_operator.py for tasks to queue
[2026-07-12T11:37:19.057+0000] {logging_mixin.py:188} INFO - [2026-07-12T11:37:19.057+0000] {dagbag.py:538} INFO - Filling up the DagBag from /home/airflow/.local/lib/python3.8/site-packages/airflow/example_dags/example_branch_datetime_operator.py
[2026-07-12T11:37:19.071+0000] {processor.py:840} INFO - DAG(s) 'example_branch_datetime_operator_3', 'example_branch_datetime_operator_2', 'example_branch_datetime_operator' retrieved from /home/airflow/.local/lib/python3.8/site-packages/airflow/example_dags/example_branch_datetime_operator.py
[2026-07-12T11:37:19.098+0000] {logging_mixin.py:188} INFO - [2026-07-12T11:37:19.098+0000] {dag.py:3036} INFO - Sync 3 DAGs
[2026-07-12T11:37:19.127+0000] {logging_mixin.py:188} INFO - [2026-07-12T11:37:19.127+0000] {dag.py:3823} INFO - Setting next_dagrun for example_branch_datetime_operator to 2026-07-11 00:00:00+00:00, run_after=2026-07-12 00:00:00+00:00
[2026-07-12T11:37:19.132+0000] {logging_mixin.py:188} INFO - [2026-07-12T11:37:19.132+0000] {dag.py:3823} INFO - Setting next_dagrun for example_branch_datetime_operator_2 to 2026-07-11 00:00:00+00:00, run_after=2026-07-12 00:00:00+00:00
[2026-07-12T11:37:19.135+0000] {logging_mixin.py:188} INFO - [2026-07-12T11:37:19.134+0000] {dag.py:3823} INFO - Setting next_dagrun for example_branch_datetime_operator_3 to 2026-07-11 00:00:00+00:00, run_after=2026-07-12 00:00:00+00:00
[2026-07-12T11:37:19.154+0000] {processor.py:183} INFO - Processing /home/airflow/.local/lib/python3.8/site-packages/airflow/example_dags/example_branch_datetime_operator.py took 0.107 seconds
[2026-07-12T11:37:49.333+0000] {processor.py:161} INFO - Started process (PID=1683) to work on /home/airflow/.local/lib/python3.8/site-packages/airflow/example_dags/example_branch_datetime_operator.py
[2026-07-12T11:37:49.334+0000] {processor.py:830} INFO - Processing file /home/airflow/.local/lib/python3.8/site-packages/airflow/example_dags/example_branch_datetime_operator.py for tasks to queue
[2026-07-12T11:37:49.335+0000] {logging_mixin.py:188} INFO - [2026-07-12T11:37:49.335+0000] {dagbag.py:538} INFO - Filling up the DagBag from /home/airflow/.local/lib/python3.8/site-packages/airflow/example_dags/example_branch_datetime_operator.py
[2026-07-12T11:37:49.343+0000] {processor.py:840} INFO - DAG(s) 'example_branch_datetime_operator', 'example_branch_datetime_operator_2', 'example_branch_datetime_operator_3' retrieved from /home/airflow/.local/lib/python3.8/site-packages/airflow/example_dags/example_branch_datetime_operator.py
[2026-07-12T11:37:49.363+0000] {logging_mixin.py:188} INFO - [2026-07-12T11:37:49.363+0000] {dag.py:3036} INFO - Sync 3 DAGs
[2026-07-12T11:37:49.379+0000] {logging_mixin.py:188} INFO - [2026-07-12T11:37:49.379+0000] {dag.py:3823} INFO - Setting next_dagrun for example_branch_datetime_operator to 2026-07-11 00:00:00+00:00, run_after=2026-07-12 00:00:00+00:00
[2026-07-12T11:37:49.383+0000] {logging_mixin.py:188} INFO - [2026-07-12T11:37:49.383+0000] {dag.py:3823} INFO - Setting next_dagrun for example_branch_datetime_operator_2 to 2026-07-11 00:00:00+00:00, run_after=2026-07-12 00:00:00+00:00
[2026-07-12T11:37:49.384+0000] {logging_mixin.py:188} INFO - [2026-07-12T11:37:49.384+0000] {dag.py:3823} INFO - Setting next_dagrun for example_branch_datetime_operator_3 to 2026-07-11 00:00:00+00:00, run_after=2026-07-12 00:00:00+00:00
[2026-07-12T11:37:49.396+0000] {processor.py:183} INFO - Processing /home/airflow/.local/lib/python3.8/site-packages/airflow/example_dags/example_branch_datetime_operator.py took 0.066 seconds
[2026-07-12T11:38:19.717+0000] {processor.py:161} INFO - Started process (PID=1739) to work on /home/airflow/.local/lib/python3.8/site-packages/airflow/example_dags/example_branch_datetime_operator.py
[2026-07-12T11:38:19.718+0000] {processor.py:830} INFO - Processing file /home/airflow/.local/lib/python3.8/site-packages/airflow/example_dags/example_branch_datetime_operator.py for tasks to queue
[2026-07-12T11:38:19.720+0000] {logging_mixin.py:188} INFO - [2026-07-12T11:38:19.720+0000] {dagbag.py:538} INFO - Filling up the DagBag from /home/airflow/.local/lib/python3.8/site-packages/airflow/example_dags/example_branch_datetime_operator.py
[2026-07-12T11:38:19.727+0000] {processor.py:840} INFO - DAG(s) 'example_branch_datetime_operator', 'example_branch_datetime_operator_2', 'example_branch_datetime_operator_3' retrieved from /home/airflow/.local/lib/python3.8/site-packages/airflow/example_dags/example_branch_datetime_operator.py
[2026-07-12T11:38:19.747+0000] {logging_mixin.py:188} INFO - [2026-07-12T11:38:19.747+0000] {dag.py:3036} INFO - Sync 3 DAGs
[2026-07-12T11:38:19.764+0000] {logging_mixin.py:188} INFO - [2026-07-12T11:38:19.764+0000] {dag.py:3823} INFO - Setting next_dagrun for example_branch_datetime_operator to 2026-07-11 00:00:00+00:00, run_after=2026-07-12 00:00:00+00:00
[2026-07-12T11:38:19.767+0000] {logging_mixin.py:188} INFO - [2026-07-12T11:38:19.767+0000] {dag.py:3823} INFO - Setting next_dagrun for example_branch_datetime_operator_2 to 2026-07-11 00:00:00+00:00, run_after=2026-07-12 00:00:00+00:00
[2026-07-12T11:38:19.769+0000] {logging_mixin.py:188} INFO - [2026-07-12T11:38:19.769+0000] {dag.py:3823} INFO - Setting next_dagrun for example_branch_datetime_operator_3 to 2026-07-11 00:00:00+00:00, run_after=2026-07-12 00:00:00+00:00
[2026-07-12T11:38:19.781+0000] {processor.py:183} INFO - Processing /home/airflow/.local/lib/python3.8/site-packages/airflow/example_dags/example_branch_datetime_operator.py took 0.067 seconds
[2026-07-12T11:38:49.832+0000] {processor.py:161} INFO - Started process (PID=1795) to work on /home/airflow/.local/lib/python3.8/site-packages/airflow/example_dags/example_branch_datetime_operator.py
[2026-07-12T11:38:49.834+0000] {processor.py:830} INFO - Processing file /home/airflow/.local/lib/python3.8/site-packages/airflow/example_dags/example_branch_datetime_operator.py for tasks to queue
[2026-07-12T11:38:49.835+0000] {logging_mixin.py:188} INFO - [2026-07-12T11:38:49.835+0000] {dagbag.py:538} INFO - Filling up the DagBag from /home/airflow/.local/lib/python3.8/site-packages/airflow/example_dags/example_branch_datetime_operator.py
[2026-07-12T11:38:49.842+0000] {processor.py:840} INFO - DAG(s) 'example_branch_datetime_operator_3', 'example_branch_datetime_operator', 'example_branch_datetime_operator_2' retrieved from /home/airflow/.local/lib/python3.8/site-packages/airflow/example_dags/example_branch_datetime_operator.py
[2026-07-12T11:38:49.863+0000] {logging_mixin.py:188} INFO - [2026-07-12T11:38:49.863+0000] {dag.py:3036} INFO - Sync 3 DAGs
[2026-07-12T11:38:49.880+0000] {logging_mixin.py:188} INFO - [2026-07-12T11:38:49.880+0000] {dag.py:3823} INFO - Setting next_dagrun for example_branch_datetime_operator to 2026-07-11 00:00:00+00:00, run_after=2026-07-12 00:00:00+00:00
[2026-07-12T11:38:49.884+0000] {logging_mixin.py:188} INFO - [2026-07-12T11:38:49.884+0000] {dag.py:3823} INFO - Setting next_dagrun for example_branch_datetime_operator_2 to 2026-07-11 00:00:00+00:00, run_after=2026-07-12 00:00:00+00:00
[2026-07-12T11:38:49.886+0000] {logging_mixin.py:188} INFO - [2026-07-12T11:38:49.886+0000] {dag.py:3823} INFO - Setting next_dagrun for example_branch_datetime_operator_3 to 2026-07-11 00:00:00+00:00, run_after=2026-07-12 00:00:00+00:00
[2026-07-12T11:38:49.900+0000] {processor.py:183} INFO - Processing /home/airflow/.local/lib/python3.8/site-packages/airflow/example_dags/example_branch_datetime_operator.py took 0.070 seconds
[2026-07-12T11:39:20.402+0000] {processor.py:161} INFO - Started process (PID=1851) to work on /home/airflow/.local/lib/python3.8/site-packages/airflow/example_dags/example_branch_datetime_operator.py
[2026-07-12T11:39:20.403+0000] {processor.py:830} INFO - Processing file /home/airflow/.local/lib/python3.8/site-packages/airflow/example_dags/example_branch_datetime_operator.py for tasks to queue
[2026-07-12T11:39:20.405+0000] {logging_mixin.py:188} INFO - [2026-07-12T11:39:20.404+0000] {dagbag.py:538} INFO - Filling up the DagBag from /home/airflow/.local/lib/python3.8/site-packages/airflow/example_dags/example_branch_datetime_operator.py
[2026-07-12T11:39:20.412+0000] {processor.py:840} INFO - DAG(s) 'example_branch_datetime_operator_2', 'example_branch_datetime_operator', 'example_branch_datetime_operator_3' retrieved from /home/airflow/.local/lib/python3.8/site-packages/airflow/example_dags/example_branch_datetime_operator.py
[2026-07-12T11:39:20.432+0000] {logging_mixin.py:188} INFO - [2026-07-12T11:39:20.432+0000] {dag.py:3036} INFO - Sync 3 DAGs
[2026-07-12T11:39:20.448+0000] {logging_mixin.py:188} INFO - [2026-07-12T11:39:20.448+0000] {dag.py:3823} INFO - Setting next_dagrun for example_branch_datetime_operator to 2026-07-11 00:00:00+00:00, run_after=2026-07-12 00:00:00+00:00
[2026-07-12T11:39:20.452+0000] {logging_mixin.py:188} INFO - [2026-07-12T11:39:20.451+0000] {dag.py:3823} INFO - Setting next_dagrun for example_branch_datetime_operator_2 to 2026-07-11 00:00:00+00:00, run_after=2026-07-12 00:00:00+00:00
[2026-07-12T11:39:20.453+0000] {logging_mixin.py:188} INFO - [2026-07-12T11:39:20.453+0000] {dag.py:3823} INFO - Setting next_dagrun for example_branch_datetime_operator_3 to 2026-07-11 00:00:00+00:00, run_after=2026-07-12 00:00:00+00:00
[2026-07-12T11:39:20.466+0000] {processor.py:183} INFO - Processing /home/airflow/.local/lib/python3.8/site-packages/airflow/example_dags/example_branch_datetime_operator.py took 0.067 seconds
[2026-07-12T11:39:51.060+0000] {processor.py:161} INFO - Started process (PID=1907) to work on /home/airflow/.local/lib/python3.8/site-packages/airflow/example_dags/example_branch_datetime_operator.py
[2026-07-12T11:39:51.061+0000] {processor.py:830} INFO - Processing file /home/airflow/.local/lib/python3.8/site-packages/airflow/example_dags/example_branch_datetime_operator.py for tasks to queue
[2026-07-12T11:39:51.062+0000] {logging_mixin.py:188} INFO - [2026-07-12T11:39:51.062+0000] {dagbag.py:538} INFO - Filling up the DagBag from /home/airflow/.local/lib/python3.8/site-packages/airflow/example_dags/example_branch_datetime_operator.py
[2026-07-12T11:39:51.071+0000] {processor.py:840} INFO - DAG(s) 'example_branch_datetime_operator_2', 'example_branch_datetime_operator_3', 'example_branch_datetime_operator' retrieved from /home/airflow/.local/lib/python3.8/site-packages/airflow/example_dags/example_branch_datetime_operator.py
[2026-07-12T11:39:51.093+0000] {logging_mixin.py:188} INFO - [2026-07-12T11:39:51.092+0000] {dag.py:3036} INFO - Sync 3 DAGs
[2026-07-12T11:39:51.111+0000] {logging_mixin.py:188} INFO - [2026-07-12T11:39:51.110+0000] {dag.py:3823} INFO - Setting next_dagrun for example_branch_datetime_operator to 2026-07-11 00:00:00+00:00, run_after=2026-07-12 00:00:00+00:00
[2026-07-12T11:39:51.114+0000] {logging_mixin.py:188} INFO - [2026-07-12T11:39:51.114+0000] {dag.py:3823} INFO - Setting next_dagrun for example_branch_datetime_operator_2 to 2026-07-11 00:00:00+00:00, run_after=2026-07-12 00:00:00+00:00
[2026-07-12T11:39:51.116+0000] {logging_mixin.py:188} INFO - [2026-07-12T11:39:51.116+0000] {dag.py:3823} INFO - Setting next_dagrun for example_branch_datetime_operator_3 to 2026-07-11 00:00:00+00:00, run_after=2026-07-12 00:00:00+00:00
[2026-07-12T11:39:51.128+0000] {processor.py:183} INFO - Processing /home/airflow/.local/lib/python3.8/site-packages/airflow/example_dags/example_branch_datetime_operator.py took 0.071 seconds
[2026-07-12T11:41:45.277+0000] {processor.py:161} INFO - Started process (PID=91) to work on /home/airflow/.local/lib/python3.8/site-packages/airflow/example_dags/example_branch_datetime_operator.py
[2026-07-12T11:41:45.279+0000] {processor.py:830} INFO - Processing file /home/airflow/.local/lib/python3.8/site-packages/airflow/example_dags/example_branch_datetime_operator.py for tasks to queue
[2026-07-12T11:41:45.282+0000] {logging_mixin.py:188} INFO - [2026-07-12T11:41:45.281+0000] {dagbag.py:538} INFO - Filling up the DagBag from /home/airflow/.local/lib/python3.8/site-packages/airflow/example_dags/example_branch_datetime_operator.py
[2026-07-12T11:41:45.296+0000] {processor.py:840} INFO - DAG(s) 'example_branch_datetime_operator', 'example_branch_datetime_operator_2', 'example_branch_datetime_operator_3' retrieved from /home/airflow/.local/lib/python3.8/site-packages/airflow/example_dags/example_branch_datetime_operator.py
[2026-07-12T11:41:45.331+0000] {logging_mixin.py:188} INFO - [2026-07-12T11:41:45.331+0000] {dag.py:3036} INFO - Sync 3 DAGs
[2026-07-12T11:41:45.360+0000] {logging_mixin.py:188} INFO - [2026-07-12T11:41:45.359+0000] {dag.py:3823} INFO - Setting next_dagrun for example_branch_datetime_operator to 2026-07-11 00:00:00+00:00, run_after=2026-07-12 00:00:00+00:00
[2026-07-12T11:41:45.366+0000] {logging_mixin.py:188} INFO - [2026-07-12T11:41:45.366+0000] {dag.py:3823} INFO - Setting next_dagrun for example_branch_datetime_operator_2 to 2026-07-11 00:00:00+00:00, run_after=2026-07-12 00:00:00+00:00
[2026-07-12T11:41:45.372+0000] {logging_mixin.py:188} INFO - [2026-07-12T11:41:45.371+0000] {dag.py:3823} INFO - Setting next_dagrun for example_branch_datetime_operator_3 to 2026-07-11 00:00:00+00:00, run_after=2026-07-12 00:00:00+00:00
[2026-07-12T11:41:45.404+0000] {processor.py:183} INFO - Processing /home/airflow/.local/lib/python3.8/site-packages/airflow/example_dags/example_branch_datetime_operator.py took 0.133 seconds
[2026-07-12T11:42:15.440+0000] {processor.py:161} INFO - Started process (PID=147) to work on /home/airflow/.local/lib/python3.8/site-packages/airflow/example_dags/example_branch_datetime_operator.py
[2026-07-12T11:42:15.442+0000] {processor.py:830} INFO - Processing file /home/airflow/.local/lib/python3.8/site-packages/airflow/example_dags/example_branch_datetime_operator.py for tasks to queue
[2026-07-12T11:42:15.443+0000] {logging_mixin.py:188} INFO - [2026-07-12T11:42:15.443+0000] {dagbag.py:538} INFO - Filling up the DagBag from /home/airflow/.local/lib/python3.8/site-packages/airflow/example_dags/example_branch_datetime_operator.py
[2026-07-12T11:42:15.451+0000] {processor.py:840} INFO - DAG(s) 'example_branch_datetime_operator', 'example_branch_datetime_operator_2', 'example_branch_datetime_operator_3' retrieved from /home/airflow/.local/lib/python3.8/site-packages/airflow/example_dags/example_branch_datetime_operator.py
[2026-07-12T11:42:15.473+0000] {logging_mixin.py:188} INFO - [2026-07-12T11:42:15.473+0000] {dag.py:3036} INFO - Sync 3 DAGs
[2026-07-12T11:42:15.489+0000] {logging_mixin.py:188} INFO - [2026-07-12T11:42:15.489+0000] {dag.py:3823} INFO - Setting next_dagrun for example_branch_datetime_operator to 2026-07-11 00:00:00+00:00, run_after=2026-07-12 00:00:00+00:00
[2026-07-12T11:42:15.493+0000] {logging_mixin.py:188} INFO - [2026-07-12T11:42:15.492+0000] {dag.py:3823} INFO - Setting next_dagrun for example_branch_datetime_operator_2 to 2026-07-11 00:00:00+00:00, run_after=2026-07-12 00:00:00+00:00
[2026-07-12T11:42:15.494+0000] {logging_mixin.py:188} INFO - [2026-07-12T11:42:15.494+0000] {dag.py:3823} INFO - Setting next_dagrun for example_branch_datetime_operator_3 to 2026-07-11 00:00:00+00:00, run_after=2026-07-12 00:00:00+00:00
[2026-07-12T11:42:15.506+0000] {processor.py:183} INFO - Processing /home/airflow/.local/lib/python3.8/site-packages/airflow/example_dags/example_branch_datetime_operator.py took 0.069 seconds
[2026-07-12T11:42:45.697+0000] {processor.py:161} INFO - Started process (PID=203) to work on /home/airflow/.local/lib/python3.8/site-packages/airflow/example_dags/example_branch_datetime_operator.py
[2026-07-12T11:42:45.698+0000] {processor.py:830} INFO - Processing file /home/airflow/.local/lib/python3.8/site-packages/airflow/example_dags/example_branch_datetime_operator.py for tasks to queue
[2026-07-12T11:42:45.700+0000] {logging_mixin.py:188} INFO - [2026-07-12T11:42:45.700+0000] {dagbag.py:538} INFO - Filling up the DagBag from /home/airflow/.local/lib/python3.8/site-packages/airflow/example_dags/example_branch_datetime_operator.py
[2026-07-12T11:42:45.707+0000] {processor.py:840} INFO - DAG(s) 'example_branch_datetime_operator_2', 'example_branch_datetime_operator', 'example_branch_datetime_operator_3' retrieved from /home/airflow/.local/lib/python3.8/site-packages/airflow/example_dags/example_branch_datetime_operator.py
[2026-07-12T11:42:45.728+0000] {logging_mixin.py:188} INFO - [2026-07-12T11:42:45.728+0000] {dag.py:3036} INFO - Sync 3 DAGs
[2026-07-12T11:42:45.744+0000] {logging_mixin.py:188} INFO - [2026-07-12T11:42:45.744+0000] {dag.py:3823} INFO - Setting next_dagrun for example_branch_datetime_operator to 2026-07-11 00:00:00+00:00, run_after=2026-07-12 00:00:00+00:00
[2026-07-12T11:42:45.747+0000] {logging_mixin.py:188} INFO - [2026-07-12T11:42:45.747+0000] {dag.py:3823} INFO - Setting next_dagrun for example_branch_datetime_operator_2 to 2026-07-11 00:00:00+00:00, run_after=2026-07-12 00:00:00+00:00
[2026-07-12T11:42:45.749+0000] {logging_mixin.py:188} INFO - [2026-07-12T11:42:45.749+0000] {dag.py:3823} INFO - Setting next_dagrun for example_branch_datetime_operator_3 to 2026-07-11 00:00:00+00:00, run_after=2026-07-12 00:00:00+00:00
[2026-07-12T11:42:45.761+0000] {processor.py:183} INFO - Processing /home/airflow/.local/lib/python3.8/site-packages/airflow/example_dags/example_branch_datetime_operator.py took 0.067 seconds
[2026-07-12T11:43:15.875+0000] {processor.py:161} INFO - Started process (PID=259) to work on /home/airflow/.local/lib/python3.8/site-packages/airflow/example_dags/example_branch_datetime_operator.py
[2026-07-12T11:43:15.876+0000] {processor.py:830} INFO - Processing file /home/airflow/.local/lib/python3.8/site-packages/airflow/example_dags/example_branch_datetime_operator.py for tasks to queue
[2026-07-12T11:43:15.878+0000] {logging_mixin.py:188} INFO - [2026-07-12T11:43:15.877+0000] {dagbag.py:538} INFO - Filling up the DagBag from /home/airflow/.local/lib/python3.8/site-packages/airflow/example_dags/example_branch_datetime_operator.py
[2026-07-12T11:43:15.885+0000] {processor.py:840} INFO - DAG(s) 'example_branch_datetime_operator_3', 'example_branch_datetime_operator', 'example_branch_datetime_operator_2' retrieved from /home/airflow/.local/lib/python3.8/site-packages/airflow/example_dags/example_branch_datetime_operator.py
[2026-07-12T11:43:15.907+0000] {logging_mixin.py:188} INFO - [2026-07-12T11:43:15.907+0000] {dag.py:3036} INFO - Sync 3 DAGs
[2026-07-12T11:43:15.923+0000] {logging_mixin.py:188} INFO - [2026-07-12T11:43:15.923+0000] {dag.py:3823} INFO - Setting next_dagrun for example_branch_datetime_operator to 2026-07-11 00:00:00+00:00, run_after=2026-07-12 00:00:00+00:00
[2026-07-12T11:43:15.926+0000] {logging_mixin.py:188} INFO - [2026-07-12T11:43:15.926+0000] {dag.py:3823} INFO - Setting next_dagrun for example_branch_datetime_operator_2 to 2026-07-11 00:00:00+00:00, run_after=2026-07-12 00:00:00+00:00
[2026-07-12T11:43:15.928+0000] {logging_mixin.py:188} INFO - [2026-07-12T11:43:15.928+0000] {dag.py:3823} INFO - Setting next_dagrun for example_branch_datetime_operator_3 to 2026-07-11 00:00:00+00:00, run_after=2026-07-12 00:00:00+00:00
[2026-07-12T11:43:15.940+0000] {processor.py:183} INFO - Processing /home/airflow/.local/lib/python3.8/site-packages/airflow/example_dags/example_branch_datetime_operator.py took 0.068 seconds
[2026-07-12T11:43:46.129+0000] {processor.py:161} INFO - Started process (PID=315) to work on /home/airflow/.local/lib/python3.8/site-packages/airflow/example_dags/example_branch_datetime_operator.py
[2026-07-12T11:43:46.130+0000] {processor.py:830} INFO - Processing file /home/airflow/.local/lib/python3.8/site-packages/airflow/example_dags/example_branch_datetime_operator.py for tasks to queue
[2026-07-12T11:43:46.131+0000] {logging_mixin.py:188} INFO - [2026-07-12T11:43:46.131+0000] {dagbag.py:538} INFO - Filling up the DagBag from /home/airflow/.local/lib/python3.8/site-packages/airflow/example_dags/example_branch_datetime_operator.py
[2026-07-12T11:43:46.139+0000] {processor.py:840} INFO - DAG(s) 'example_branch_datetime_operator_2', 'example_branch_datetime_operator', 'example_branch_datetime_operator_3' retrieved from /home/airflow/.local/lib/python3.8/site-packages/airflow/example_dags/example_branch_datetime_operator.py
[2026-07-12T11:43:46.159+0000] {logging_mixin.py:188} INFO - [2026-07-12T11:43:46.159+0000] {dag.py:3036} INFO - Sync 3 DAGs
[2026-07-12T11:43:46.175+0000] {logging_mixin.py:188} INFO - [2026-07-12T11:43:46.175+0000] {dag.py:3823} INFO - Setting next_dagrun for example_branch_datetime_operator to 2026-07-11 00:00:00+00:00, run_after=2026-07-12 00:00:00+00:00
[2026-07-12T11:43:46.179+0000] {logging_mixin.py:188} INFO - [2026-07-12T11:43:46.179+0000] {dag.py:3823} INFO - Setting next_dagrun for example_branch_datetime_operator_2 to 2026-07-11 00:00:00+00:00, run_after=2026-07-12 00:00:00+00:00
[2026-07-12T11:43:46.181+0000] {logging_mixin.py:188} INFO - [2026-07-12T11:43:46.181+0000] {dag.py:3823} INFO - Setting next_dagrun for example_branch_datetime_operator_3 to 2026-07-11 00:00:00+00:00, run_after=2026-07-12 00:00:00+00:00
[2026-07-12T11:43:46.193+0000] {processor.py:183} INFO - Processing /home/airflow/.local/lib/python3.8/site-packages/airflow/example_dags/example_branch_datetime_operator.py took 0.067 seconds
[2026-07-12T11:44:16.433+0000] {processor.py:161} INFO - Started process (PID=371) to work on /home/airflow/.local/lib/python3.8/site-packages/airflow/example_dags/example_branch_datetime_operator.py
[2026-07-12T11:44:16.434+0000] {processor.py:830} INFO - Processing file /home/airflow/.local/lib/python3.8/site-packages/airflow/example_dags/example_branch_datetime_operator.py for tasks to queue
[2026-07-12T11:44:16.436+0000] {logging_mixin.py:188} INFO - [2026-07-12T11:44:16.436+0000] {dagbag.py:538} INFO - Filling up the DagBag from /home/airflow/.local/lib/python3.8/site-packages/airflow/example_dags/example_branch_datetime_operator.py
[2026-07-12T11:44:16.444+0000] {processor.py:840} INFO - DAG(s) 'example_branch_datetime_operator', 'example_branch_datetime_operator_3', 'example_branch_datetime_operator_2' retrieved from /home/airflow/.local/lib/python3.8/site-packages/airflow/example_dags/example_branch_datetime_operator.py
[2026-07-12T11:44:16.464+0000] {logging_mixin.py:188} INFO - [2026-07-12T11:44:16.464+0000] {dag.py:3036} INFO - Sync 3 DAGs
[2026-07-12T11:44:16.480+0000] {logging_mixin.py:188} INFO - [2026-07-12T11:44:16.479+0000] {dag.py:3823} INFO - Setting next_dagrun for example_branch_datetime_operator to 2026-07-11 00:00:00+00:00, run_after=2026-07-12 00:00:00+00:00
[2026-07-12T11:44:16.483+0000] {logging_mixin.py:188} INFO - [2026-07-12T11:44:16.482+0000] {dag.py:3823} INFO - Setting next_dagrun for example_branch_datetime_operator_2 to 2026-07-11 00:00:00+00:00, run_after=2026-07-12 00:00:00+00:00
[2026-07-12T11:44:16.484+0000] {logging_mixin.py:188} INFO - [2026-07-12T11:44:16.484+0000] {dag.py:3823} INFO - Setting next_dagrun for example_branch_datetime_operator_3 to 2026-07-11 00:00:00+00:00, run_after=2026-07-12 00:00:00+00:00
[2026-07-12T11:44:16.497+0000] {processor.py:183} INFO - Processing /home/airflow/.local/lib/python3.8/site-packages/airflow/example_dags/example_branch_datetime_operator.py took 0.066 seconds
[2026-07-12T11:44:46.716+0000] {processor.py:161} INFO - Started process (PID=427) to work on /home/airflow/.local/lib/python3.8/site-packages/airflow/example_dags/example_branch_datetime_operator.py
[2026-07-12T11:44:46.717+0000] {processor.py:830} INFO - Processing file /home/airflow/.local/lib/python3.8/site-packages/airflow/example_dags/example_branch_datetime_operator.py for tasks to queue
[2026-07-12T11:44:46.718+0000] {logging_mixin.py:188} INFO - [2026-07-12T11:44:46.718+0000] {dagbag.py:538} INFO - Filling up the DagBag from /home/airflow/.local/lib/python3.8/site-packages/airflow/example_dags/example_branch_datetime_operator.py
[2026-07-12T11:44:46.726+0000] {processor.py:840} INFO - DAG(s) 'example_branch_datetime_operator', 'example_branch_datetime_operator_3', 'example_branch_datetime_operator_2' retrieved from /home/airflow/.local/lib/python3.8/site-packages/airflow/example_dags/example_branch_datetime_operator.py
[2026-07-12T11:44:46.746+0000] {logging_mixin.py:188} INFO - [2026-07-12T11:44:46.746+0000] {dag.py:3036} INFO - Sync 3 DAGs
[2026-07-12T11:44:46.761+0000] {logging_mixin.py:188} INFO - [2026-07-12T11:44:46.761+0000] {dag.py:3823} INFO - Setting next_dagrun for example_branch_datetime_operator to 2026-07-11 00:00:00+00:00, run_after=2026-07-12 00:00:00+00:00
[2026-07-12T11:44:46.765+0000] {logging_mixin.py:188} INFO - [2026-07-12T11:44:46.765+0000] {dag.py:3823} INFO - Setting next_dagrun for example_branch_datetime_operator_2 to 2026-07-11 00:00:00+00:00, run_after=2026-07-12 00:00:00+00:00
[2026-07-12T11:44:46.767+0000] {logging_mixin.py:188} INFO - [2026-07-12T11:44:46.766+0000] {dag.py:3823} INFO - Setting next_dagrun for example_branch_datetime_operator_3 to 2026-07-11 00:00:00+00:00, run_after=2026-07-12 00:00:00+00:00
[2026-07-12T11:44:46.778+0000] {processor.py:183} INFO - Processing /home/airflow/.local/lib/python3.8/site-packages/airflow/example_dags/example_branch_datetime_operator.py took 0.065 seconds
[2026-07-12T11:45:16.871+0000] {processor.py:161} INFO - Started process (PID=484) to work on /home/airflow/.local/lib/python3.8/site-packages/airflow/example_dags/example_branch_datetime_operator.py
[2026-07-12T11:45:16.872+0000] {processor.py:830} INFO - Processing file /home/airflow/.local/lib/python3.8/site-packages/airflow/example_dags/example_branch_datetime_operator.py for tasks to queue
[2026-07-12T11:45:16.874+0000] {logging_mixin.py:188} INFO - [2026-07-12T11:45:16.873+0000] {dagbag.py:538} INFO - Filling up the DagBag from /home/airflow/.local/lib/python3.8/site-packages/airflow/example_dags/example_branch_datetime_operator.py
[2026-07-12T11:45:16.890+0000] {processor.py:840} INFO - DAG(s) 'example_branch_datetime_operator_2', 'example_branch_datetime_operator_3', 'example_branch_datetime_operator' retrieved from /home/airflow/.local/lib/python3.8/site-packages/airflow/example_dags/example_branch_datetime_operator.py
[2026-07-12T11:45:16.927+0000] {logging_mixin.py:188} INFO - [2026-07-12T11:45:16.927+0000] {dag.py:3036} INFO - Sync 3 DAGs
[2026-07-12T11:45:16.950+0000] {logging_mixin.py:188} INFO - [2026-07-12T11:45:16.950+0000] {dag.py:3823} INFO - Setting next_dagrun for example_branch_datetime_operator to 2026-07-11 00:00:00+00:00, run_after=2026-07-12 00:00:00+00:00
[2026-07-12T11:45:16.956+0000] {logging_mixin.py:188} INFO - [2026-07-12T11:45:16.956+0000] {dag.py:3823} INFO - Setting next_dagrun for example_branch_datetime_operator_2 to 2026-07-11 00:00:00+00:00, run_after=2026-07-12 00:00:00+00:00
[2026-07-12T11:45:16.959+0000] {logging_mixin.py:188} INFO - [2026-07-12T11:45:16.959+0000] {dag.py:3823} INFO - Setting next_dagrun for example_branch_datetime_operator_3 to 2026-07-11 00:00:00+00:00, run_after=2026-07-12 00:00:00+00:00
[2026-07-12T11:45:16.974+0000] {processor.py:183} INFO - Processing /home/airflow/.local/lib/python3.8/site-packages/airflow/example_dags/example_branch_datetime_operator.py took 0.105 seconds
[2026-07-12T11:45:47.120+0000] {processor.py:161} INFO - Started process (PID=540) to work on /home/airflow/.local/lib/python3.8/site-packages/airflow/example_dags/example_branch_datetime_operator.py
[2026-07-12T11:45:47.121+0000] {processor.py:830} INFO - Processing file /home/airflow/.local/lib/python3.8/site-packages/airflow/example_dags/example_branch_datetime_operator.py for tasks to queue
[2026-07-12T11:45:47.122+0000] {logging_mixin.py:188} INFO - [2026-07-12T11:45:47.122+0000] {dagbag.py:538} INFO - Filling up the DagBag from /home/airflow/.local/lib/python3.8/site-packages/airflow/example_dags/example_branch_datetime_operator.py
[2026-07-12T11:45:47.130+0000] {processor.py:840} INFO - DAG(s) 'example_branch_datetime_operator', 'example_branch_datetime_operator_3', 'example_branch_datetime_operator_2' retrieved from /home/airflow/.local/lib/python3.8/site-packages/airflow/example_dags/example_branch_datetime_operator.py
[2026-07-12T11:45:47.151+0000] {logging_mixin.py:188} INFO - [2026-07-12T11:45:47.150+0000] {dag.py:3036} INFO - Sync 3 DAGs
[2026-07-12T11:45:47.166+0000] {logging_mixin.py:188} INFO - [2026-07-12T11:45:47.166+0000] {dag.py:3823} INFO - Setting next_dagrun for example_branch_datetime_operator to 2026-07-11 00:00:00+00:00, run_after=2026-07-12 00:00:00+00:00
[2026-07-12T11:45:47.170+0000] {logging_mixin.py:188} INFO - [2026-07-12T11:45:47.170+0000] {dag.py:3823} INFO - Setting next_dagrun for example_branch_datetime_operator_2 to 2026-07-11 00:00:00+00:00, run_after=2026-07-12 00:00:00+00:00
[2026-07-12T11:45:47.172+0000] {logging_mixin.py:188} INFO - [2026-07-12T11:45:47.172+0000] {dag.py:3823} INFO - Setting next_dagrun for example_branch_datetime_operator_3 to 2026-07-11 00:00:00+00:00, run_after=2026-07-12 00:00:00+00:00
[2026-07-12T11:45:47.185+0000] {processor.py:183} INFO - Processing /home/airflow/.local/lib/python3.8/site-packages/airflow/example_dags/example_branch_datetime_operator.py took 0.068 seconds
[2026-07-12T11:46:17.575+0000] {processor.py:161} INFO - Started process (PID=595) to work on /home/airflow/.local/lib/python3.8/site-packages/airflow/example_dags/example_branch_datetime_operator.py
[2026-07-12T11:46:17.576+0000] {processor.py:830} INFO - Processing file /home/airflow/.local/lib/python3.8/site-packages/airflow/example_dags/example_branch_datetime_operator.py for tasks to queue
[2026-07-12T11:46:17.578+0000] {logging_mixin.py:188} INFO - [2026-07-12T11:46:17.577+0000] {dagbag.py:538} INFO - Filling up the DagBag from /home/airflow/.local/lib/python3.8/site-packages/airflow/example_dags/example_branch_datetime_operator.py
[2026-07-12T11:46:17.584+0000] {processor.py:840} INFO - DAG(s) 'example_branch_datetime_operator_2', 'example_branch_datetime_operator_3', 'example_branch_datetime_operator' retrieved from /home/airflow/.local/lib/python3.8/site-packages/airflow/example_dags/example_branch_datetime_operator.py
[2026-07-12T11:46:17.604+0000] {logging_mixin.py:188} INFO - [2026-07-12T11:46:17.604+0000] {dag.py:3036} INFO - Sync 3 DAGs
[2026-07-12T11:46:17.622+0000] {logging_mixin.py:188} INFO - [2026-07-12T11:46:17.621+0000] {dag.py:3823} INFO - Setting next_dagrun for example_branch_datetime_operator to 2026-07-11 00:00:00+00:00, run_after=2026-07-12 00:00:00+00:00
[2026-07-12T11:46:17.625+0000] {logging_mixin.py:188} INFO - [2026-07-12T11:46:17.625+0000] {dag.py:3823} INFO - Setting next_dagrun for example_branch_datetime_operator_2 to 2026-07-11 00:00:00+00:00, run_after=2026-07-12 00:00:00+00:00
[2026-07-12T11:46:17.627+0000] {logging_mixin.py:188} INFO - [2026-07-12T11:46:17.627+0000] {dag.py:3823} INFO - Setting next_dagrun for example_branch_datetime_operator_3 to 2026-07-11 00:00:00+00:00, run_after=2026-07-12 00:00:00+00:00
[2026-07-12T11:46:17.639+0000] {processor.py:183} INFO - Processing /home/airflow/.local/lib/python3.8/site-packages/airflow/example_dags/example_branch_datetime_operator.py took 0.066 seconds
