[2026-07-12T09:12:56.685+0000] {processor.py:161} INFO - Started process (PID=1387) to work on /home/airflow/.local/lib/python3.8/site-packages/airflow/example_dags/example_external_task_marker_dag.py
[2026-07-12T09:12:56.686+0000] {processor.py:830} INFO - Processing file /home/airflow/.local/lib/python3.8/site-packages/airflow/example_dags/example_external_task_marker_dag.py for tasks to queue
[2026-07-12T09:12:56.688+0000] {logging_mixin.py:188} INFO - [2026-07-12T09:12:56.688+0000] {dagbag.py:538} INFO - Filling up the DagBag from /home/airflow/.local/lib/python3.8/site-packages/airflow/example_dags/example_external_task_marker_dag.py
[2026-07-12T09:12:56.695+0000] {processor.py:840} INFO - DAG(s) 'example_external_task_marker_parent', 'example_external_task_marker_child' retrieved from /home/airflow/.local/lib/python3.8/site-packages/airflow/example_dags/example_external_task_marker_dag.py
[2026-07-12T09:12:56.909+0000] {logging_mixin.py:188} INFO - [2026-07-12T09:12:56.908+0000] {dag.py:3036} INFO - Sync 2 DAGs
[2026-07-12T09:12:56.915+0000] {logging_mixin.py:188} INFO - [2026-07-12T09:12:56.915+0000] {dag.py:3823} INFO - Setting next_dagrun for example_external_task_marker_child to None, run_after=None
[2026-07-12T09:12:56.917+0000] {logging_mixin.py:188} INFO - [2026-07-12T09:12:56.917+0000] {dag.py:3823} INFO - Setting next_dagrun for example_external_task_marker_parent to None, run_after=None
[2026-07-12T09:12:56.932+0000] {processor.py:183} INFO - Processing /home/airflow/.local/lib/python3.8/site-packages/airflow/example_dags/example_external_task_marker_dag.py took 0.249 seconds
[2026-07-12T09:13:27.386+0000] {processor.py:161} INFO - Started process (PID=1442) to work on /home/airflow/.local/lib/python3.8/site-packages/airflow/example_dags/example_external_task_marker_dag.py
[2026-07-12T09:13:27.387+0000] {processor.py:830} INFO - Processing file /home/airflow/.local/lib/python3.8/site-packages/airflow/example_dags/example_external_task_marker_dag.py for tasks to queue
[2026-07-12T09:13:27.388+0000] {logging_mixin.py:188} INFO - [2026-07-12T09:13:27.388+0000] {dagbag.py:538} INFO - Filling up the DagBag from /home/airflow/.local/lib/python3.8/site-packages/airflow/example_dags/example_external_task_marker_dag.py
[2026-07-12T09:13:27.394+0000] {processor.py:840} INFO - DAG(s) 'example_external_task_marker_child', 'example_external_task_marker_parent' retrieved from /home/airflow/.local/lib/python3.8/site-packages/airflow/example_dags/example_external_task_marker_dag.py
[2026-07-12T09:13:27.413+0000] {logging_mixin.py:188} INFO - [2026-07-12T09:13:27.412+0000] {dag.py:3036} INFO - Sync 2 DAGs
[2026-07-12T09:13:27.421+0000] {logging_mixin.py:188} INFO - [2026-07-12T09:13:27.420+0000] {dag.py:3823} INFO - Setting next_dagrun for example_external_task_marker_child to None, run_after=None
[2026-07-12T09:13:27.423+0000] {logging_mixin.py:188} INFO - [2026-07-12T09:13:27.423+0000] {dag.py:3823} INFO - Setting next_dagrun for example_external_task_marker_parent to None, run_after=None
[2026-07-12T09:13:27.435+0000] {processor.py:183} INFO - Processing /home/airflow/.local/lib/python3.8/site-packages/airflow/example_dags/example_external_task_marker_dag.py took 0.052 seconds
[2026-07-12T09:13:57.778+0000] {processor.py:161} INFO - Started process (PID=1497) to work on /home/airflow/.local/lib/python3.8/site-packages/airflow/example_dags/example_external_task_marker_dag.py
[2026-07-12T09:13:57.779+0000] {processor.py:830} INFO - Processing file /home/airflow/.local/lib/python3.8/site-packages/airflow/example_dags/example_external_task_marker_dag.py for tasks to queue
[2026-07-12T09:13:57.781+0000] {logging_mixin.py:188} INFO - [2026-07-12T09:13:57.780+0000] {dagbag.py:538} INFO - Filling up the DagBag from /home/airflow/.local/lib/python3.8/site-packages/airflow/example_dags/example_external_task_marker_dag.py
[2026-07-12T09:13:57.786+0000] {processor.py:840} INFO - DAG(s) 'example_external_task_marker_child', 'example_external_task_marker_parent' retrieved from /home/airflow/.local/lib/python3.8/site-packages/airflow/example_dags/example_external_task_marker_dag.py
[2026-07-12T09:13:57.805+0000] {logging_mixin.py:188} INFO - [2026-07-12T09:13:57.805+0000] {dag.py:3036} INFO - Sync 2 DAGs
[2026-07-12T09:13:57.813+0000] {logging_mixin.py:188} INFO - [2026-07-12T09:13:57.813+0000] {dag.py:3823} INFO - Setting next_dagrun for example_external_task_marker_child to None, run_after=None
[2026-07-12T09:13:57.816+0000] {logging_mixin.py:188} INFO - [2026-07-12T09:13:57.816+0000] {dag.py:3823} INFO - Setting next_dagrun for example_external_task_marker_parent to None, run_after=None
[2026-07-12T09:13:57.827+0000] {processor.py:183} INFO - Processing /home/airflow/.local/lib/python3.8/site-packages/airflow/example_dags/example_external_task_marker_dag.py took 0.052 seconds
[2026-07-12T09:14:28.617+0000] {processor.py:161} INFO - Started process (PID=1551) to work on /home/airflow/.local/lib/python3.8/site-packages/airflow/example_dags/example_external_task_marker_dag.py
[2026-07-12T09:14:28.618+0000] {processor.py:830} INFO - Processing file /home/airflow/.local/lib/python3.8/site-packages/airflow/example_dags/example_external_task_marker_dag.py for tasks to queue
[2026-07-12T09:14:28.619+0000] {logging_mixin.py:188} INFO - [2026-07-12T09:14:28.619+0000] {dagbag.py:538} INFO - Filling up the DagBag from /home/airflow/.local/lib/python3.8/site-packages/airflow/example_dags/example_external_task_marker_dag.py
[2026-07-12T09:14:28.625+0000] {processor.py:840} INFO - DAG(s) 'example_external_task_marker_parent', 'example_external_task_marker_child' retrieved from /home/airflow/.local/lib/python3.8/site-packages/airflow/example_dags/example_external_task_marker_dag.py
[2026-07-12T09:14:28.645+0000] {logging_mixin.py:188} INFO - [2026-07-12T09:14:28.645+0000] {dag.py:3036} INFO - Sync 2 DAGs
[2026-07-12T09:14:28.654+0000] {logging_mixin.py:188} INFO - [2026-07-12T09:14:28.654+0000] {dag.py:3823} INFO - Setting next_dagrun for example_external_task_marker_child to None, run_after=None
[2026-07-12T09:14:28.656+0000] {logging_mixin.py:188} INFO - [2026-07-12T09:14:28.656+0000] {dag.py:3823} INFO - Setting next_dagrun for example_external_task_marker_parent to None, run_after=None
[2026-07-12T09:14:28.669+0000] {processor.py:183} INFO - Processing /home/airflow/.local/lib/python3.8/site-packages/airflow/example_dags/example_external_task_marker_dag.py took 0.055 seconds
[2026-07-12T09:14:59.279+0000] {processor.py:161} INFO - Started process (PID=1606) to work on /home/airflow/.local/lib/python3.8/site-packages/airflow/example_dags/example_external_task_marker_dag.py
[2026-07-12T09:14:59.282+0000] {processor.py:830} INFO - Processing file /home/airflow/.local/lib/python3.8/site-packages/airflow/example_dags/example_external_task_marker_dag.py for tasks to queue
[2026-07-12T09:14:59.288+0000] {logging_mixin.py:188} INFO - [2026-07-12T09:14:59.287+0000] {dagbag.py:538} INFO - Filling up the DagBag from /home/airflow/.local/lib/python3.8/site-packages/airflow/example_dags/example_external_task_marker_dag.py
[2026-07-12T09:14:59.307+0000] {processor.py:840} INFO - DAG(s) 'example_external_task_marker_child', 'example_external_task_marker_parent' retrieved from /home/airflow/.local/lib/python3.8/site-packages/airflow/example_dags/example_external_task_marker_dag.py
[2026-07-12T09:14:59.361+0000] {logging_mixin.py:188} INFO - [2026-07-12T09:14:59.361+0000] {dag.py:3036} INFO - Sync 2 DAGs
[2026-07-12T09:14:59.503+0000] {logging_mixin.py:188} INFO - [2026-07-12T09:14:59.503+0000] {dag.py:3823} INFO - Setting next_dagrun for example_external_task_marker_child to None, run_after=None
[2026-07-12T09:14:59.508+0000] {logging_mixin.py:188} INFO - [2026-07-12T09:14:59.507+0000] {dag.py:3823} INFO - Setting next_dagrun for example_external_task_marker_parent to None, run_after=None
[2026-07-12T09:14:59.556+0000] {processor.py:183} INFO - Processing /home/airflow/.local/lib/python3.8/site-packages/airflow/example_dags/example_external_task_marker_dag.py took 0.288 seconds
[2026-07-12T09:15:30.463+0000] {processor.py:161} INFO - Started process (PID=1661) to work on /home/airflow/.local/lib/python3.8/site-packages/airflow/example_dags/example_external_task_marker_dag.py
[2026-07-12T09:15:30.464+0000] {processor.py:830} INFO - Processing file /home/airflow/.local/lib/python3.8/site-packages/airflow/example_dags/example_external_task_marker_dag.py for tasks to queue
[2026-07-12T09:15:30.466+0000] {logging_mixin.py:188} INFO - [2026-07-12T09:15:30.466+0000] {dagbag.py:538} INFO - Filling up the DagBag from /home/airflow/.local/lib/python3.8/site-packages/airflow/example_dags/example_external_task_marker_dag.py
[2026-07-12T09:15:30.472+0000] {processor.py:840} INFO - DAG(s) 'example_external_task_marker_child', 'example_external_task_marker_parent' retrieved from /home/airflow/.local/lib/python3.8/site-packages/airflow/example_dags/example_external_task_marker_dag.py
[2026-07-12T09:15:30.497+0000] {logging_mixin.py:188} INFO - [2026-07-12T09:15:30.497+0000] {dag.py:3036} INFO - Sync 2 DAGs
[2026-07-12T09:15:30.509+0000] {logging_mixin.py:188} INFO - [2026-07-12T09:15:30.509+0000] {dag.py:3823} INFO - Setting next_dagrun for example_external_task_marker_child to None, run_after=None
[2026-07-12T09:15:30.513+0000] {logging_mixin.py:188} INFO - [2026-07-12T09:15:30.512+0000] {dag.py:3823} INFO - Setting next_dagrun for example_external_task_marker_parent to None, run_after=None
[2026-07-12T09:15:30.528+0000] {processor.py:183} INFO - Processing /home/airflow/.local/lib/python3.8/site-packages/airflow/example_dags/example_external_task_marker_dag.py took 0.068 seconds
[2026-07-12T09:16:00.748+0000] {processor.py:161} INFO - Started process (PID=1716) to work on /home/airflow/.local/lib/python3.8/site-packages/airflow/example_dags/example_external_task_marker_dag.py
[2026-07-12T09:16:00.750+0000] {processor.py:830} INFO - Processing file /home/airflow/.local/lib/python3.8/site-packages/airflow/example_dags/example_external_task_marker_dag.py for tasks to queue
[2026-07-12T09:16:00.752+0000] {logging_mixin.py:188} INFO - [2026-07-12T09:16:00.752+0000] {dagbag.py:538} INFO - Filling up the DagBag from /home/airflow/.local/lib/python3.8/site-packages/airflow/example_dags/example_external_task_marker_dag.py
[2026-07-12T09:16:00.761+0000] {processor.py:840} INFO - DAG(s) 'example_external_task_marker_child', 'example_external_task_marker_parent' retrieved from /home/airflow/.local/lib/python3.8/site-packages/airflow/example_dags/example_external_task_marker_dag.py
[2026-07-12T09:16:00.794+0000] {logging_mixin.py:188} INFO - [2026-07-12T09:16:00.794+0000] {dag.py:3036} INFO - Sync 2 DAGs
[2026-07-12T09:16:00.810+0000] {logging_mixin.py:188} INFO - [2026-07-12T09:16:00.810+0000] {dag.py:3823} INFO - Setting next_dagrun for example_external_task_marker_child to None, run_after=None
[2026-07-12T09:16:00.815+0000] {logging_mixin.py:188} INFO - [2026-07-12T09:16:00.815+0000] {dag.py:3823} INFO - Setting next_dagrun for example_external_task_marker_parent to None, run_after=None
[2026-07-12T09:16:00.845+0000] {processor.py:183} INFO - Processing /home/airflow/.local/lib/python3.8/site-packages/airflow/example_dags/example_external_task_marker_dag.py took 0.102 seconds
[2026-07-12T09:16:31.327+0000] {processor.py:161} INFO - Started process (PID=1771) to work on /home/airflow/.local/lib/python3.8/site-packages/airflow/example_dags/example_external_task_marker_dag.py
[2026-07-12T09:16:31.328+0000] {processor.py:830} INFO - Processing file /home/airflow/.local/lib/python3.8/site-packages/airflow/example_dags/example_external_task_marker_dag.py for tasks to queue
[2026-07-12T09:16:31.330+0000] {logging_mixin.py:188} INFO - [2026-07-12T09:16:31.329+0000] {dagbag.py:538} INFO - Filling up the DagBag from /home/airflow/.local/lib/python3.8/site-packages/airflow/example_dags/example_external_task_marker_dag.py
[2026-07-12T09:16:31.337+0000] {processor.py:840} INFO - DAG(s) 'example_external_task_marker_child', 'example_external_task_marker_parent' retrieved from /home/airflow/.local/lib/python3.8/site-packages/airflow/example_dags/example_external_task_marker_dag.py
[2026-07-12T09:16:31.359+0000] {logging_mixin.py:188} INFO - [2026-07-12T09:16:31.359+0000] {dag.py:3036} INFO - Sync 2 DAGs
[2026-07-12T09:16:31.368+0000] {logging_mixin.py:188} INFO - [2026-07-12T09:16:31.368+0000] {dag.py:3823} INFO - Setting next_dagrun for example_external_task_marker_child to None, run_after=None
[2026-07-12T09:16:31.371+0000] {logging_mixin.py:188} INFO - [2026-07-12T09:16:31.371+0000] {dag.py:3823} INFO - Setting next_dagrun for example_external_task_marker_parent to None, run_after=None
[2026-07-12T09:16:31.387+0000] {processor.py:183} INFO - Processing /home/airflow/.local/lib/python3.8/site-packages/airflow/example_dags/example_external_task_marker_dag.py took 0.063 seconds
[2026-07-12T09:17:01.782+0000] {processor.py:161} INFO - Started process (PID=1826) to work on /home/airflow/.local/lib/python3.8/site-packages/airflow/example_dags/example_external_task_marker_dag.py
[2026-07-12T09:17:01.784+0000] {processor.py:830} INFO - Processing file /home/airflow/.local/lib/python3.8/site-packages/airflow/example_dags/example_external_task_marker_dag.py for tasks to queue
[2026-07-12T09:17:01.787+0000] {logging_mixin.py:188} INFO - [2026-07-12T09:17:01.787+0000] {dagbag.py:538} INFO - Filling up the DagBag from /home/airflow/.local/lib/python3.8/site-packages/airflow/example_dags/example_external_task_marker_dag.py
[2026-07-12T09:17:01.793+0000] {processor.py:840} INFO - DAG(s) 'example_external_task_marker_child', 'example_external_task_marker_parent' retrieved from /home/airflow/.local/lib/python3.8/site-packages/airflow/example_dags/example_external_task_marker_dag.py
[2026-07-12T09:17:01.812+0000] {logging_mixin.py:188} INFO - [2026-07-12T09:17:01.812+0000] {dag.py:3036} INFO - Sync 2 DAGs
[2026-07-12T09:17:01.821+0000] {logging_mixin.py:188} INFO - [2026-07-12T09:17:01.821+0000] {dag.py:3823} INFO - Setting next_dagrun for example_external_task_marker_child to None, run_after=None
[2026-07-12T09:17:01.823+0000] {logging_mixin.py:188} INFO - [2026-07-12T09:17:01.823+0000] {dag.py:3823} INFO - Setting next_dagrun for example_external_task_marker_parent to None, run_after=None
[2026-07-12T09:17:01.836+0000] {processor.py:183} INFO - Processing /home/airflow/.local/lib/python3.8/site-packages/airflow/example_dags/example_external_task_marker_dag.py took 0.058 seconds
[2026-07-12T09:17:32.002+0000] {processor.py:161} INFO - Started process (PID=1881) to work on /home/airflow/.local/lib/python3.8/site-packages/airflow/example_dags/example_external_task_marker_dag.py
[2026-07-12T09:17:32.003+0000] {processor.py:830} INFO - Processing file /home/airflow/.local/lib/python3.8/site-packages/airflow/example_dags/example_external_task_marker_dag.py for tasks to queue
[2026-07-12T09:17:32.005+0000] {logging_mixin.py:188} INFO - [2026-07-12T09:17:32.004+0000] {dagbag.py:538} INFO - Filling up the DagBag from /home/airflow/.local/lib/python3.8/site-packages/airflow/example_dags/example_external_task_marker_dag.py
[2026-07-12T09:17:32.010+0000] {processor.py:840} INFO - DAG(s) 'example_external_task_marker_child', 'example_external_task_marker_parent' retrieved from /home/airflow/.local/lib/python3.8/site-packages/airflow/example_dags/example_external_task_marker_dag.py
[2026-07-12T09:17:32.029+0000] {logging_mixin.py:188} INFO - [2026-07-12T09:17:32.029+0000] {dag.py:3036} INFO - Sync 2 DAGs
[2026-07-12T09:17:32.037+0000] {logging_mixin.py:188} INFO - [2026-07-12T09:17:32.037+0000] {dag.py:3823} INFO - Setting next_dagrun for example_external_task_marker_child to None, run_after=None
[2026-07-12T09:17:32.040+0000] {logging_mixin.py:188} INFO - [2026-07-12T09:17:32.040+0000] {dag.py:3823} INFO - Setting next_dagrun for example_external_task_marker_parent to None, run_after=None
[2026-07-12T09:17:32.053+0000] {processor.py:183} INFO - Processing /home/airflow/.local/lib/python3.8/site-packages/airflow/example_dags/example_external_task_marker_dag.py took 0.053 seconds
[2026-07-12T09:18:02.359+0000] {processor.py:161} INFO - Started process (PID=1936) to work on /home/airflow/.local/lib/python3.8/site-packages/airflow/example_dags/example_external_task_marker_dag.py
[2026-07-12T09:18:02.361+0000] {processor.py:830} INFO - Processing file /home/airflow/.local/lib/python3.8/site-packages/airflow/example_dags/example_external_task_marker_dag.py for tasks to queue
[2026-07-12T09:18:02.363+0000] {logging_mixin.py:188} INFO - [2026-07-12T09:18:02.363+0000] {dagbag.py:538} INFO - Filling up the DagBag from /home/airflow/.local/lib/python3.8/site-packages/airflow/example_dags/example_external_task_marker_dag.py
[2026-07-12T09:18:02.367+0000] {processor.py:840} INFO - DAG(s) 'example_external_task_marker_child', 'example_external_task_marker_parent' retrieved from /home/airflow/.local/lib/python3.8/site-packages/airflow/example_dags/example_external_task_marker_dag.py
[2026-07-12T09:18:02.386+0000] {logging_mixin.py:188} INFO - [2026-07-12T09:18:02.386+0000] {dag.py:3036} INFO - Sync 2 DAGs
[2026-07-12T09:18:02.395+0000] {logging_mixin.py:188} INFO - [2026-07-12T09:18:02.395+0000] {dag.py:3823} INFO - Setting next_dagrun for example_external_task_marker_child to None, run_after=None
[2026-07-12T09:18:02.397+0000] {logging_mixin.py:188} INFO - [2026-07-12T09:18:02.397+0000] {dag.py:3823} INFO - Setting next_dagrun for example_external_task_marker_parent to None, run_after=None
[2026-07-12T09:18:02.409+0000] {processor.py:183} INFO - Processing /home/airflow/.local/lib/python3.8/site-packages/airflow/example_dags/example_external_task_marker_dag.py took 0.054 seconds
[2026-07-12T09:18:32.438+0000] {processor.py:161} INFO - Started process (PID=1990) to work on /home/airflow/.local/lib/python3.8/site-packages/airflow/example_dags/example_external_task_marker_dag.py
[2026-07-12T09:18:32.441+0000] {processor.py:830} INFO - Processing file /home/airflow/.local/lib/python3.8/site-packages/airflow/example_dags/example_external_task_marker_dag.py for tasks to queue
[2026-07-12T09:18:32.443+0000] {logging_mixin.py:188} INFO - [2026-07-12T09:18:32.442+0000] {dagbag.py:538} INFO - Filling up the DagBag from /home/airflow/.local/lib/python3.8/site-packages/airflow/example_dags/example_external_task_marker_dag.py
[2026-07-12T09:18:32.448+0000] {processor.py:840} INFO - DAG(s) 'example_external_task_marker_child', 'example_external_task_marker_parent' retrieved from /home/airflow/.local/lib/python3.8/site-packages/airflow/example_dags/example_external_task_marker_dag.py
[2026-07-12T09:18:32.469+0000] {logging_mixin.py:188} INFO - [2026-07-12T09:18:32.469+0000] {dag.py:3036} INFO - Sync 2 DAGs
[2026-07-12T09:18:32.479+0000] {logging_mixin.py:188} INFO - [2026-07-12T09:18:32.478+0000] {dag.py:3823} INFO - Setting next_dagrun for example_external_task_marker_child to None, run_after=None
[2026-07-12T09:18:32.481+0000] {logging_mixin.py:188} INFO - [2026-07-12T09:18:32.481+0000] {dag.py:3823} INFO - Setting next_dagrun for example_external_task_marker_parent to None, run_after=None
[2026-07-12T09:18:32.494+0000] {processor.py:183} INFO - Processing /home/airflow/.local/lib/python3.8/site-packages/airflow/example_dags/example_external_task_marker_dag.py took 0.058 seconds
[2026-07-12T09:19:02.839+0000] {processor.py:161} INFO - Started process (PID=2046) to work on /home/airflow/.local/lib/python3.8/site-packages/airflow/example_dags/example_external_task_marker_dag.py
[2026-07-12T09:19:02.841+0000] {processor.py:830} INFO - Processing file /home/airflow/.local/lib/python3.8/site-packages/airflow/example_dags/example_external_task_marker_dag.py for tasks to queue
[2026-07-12T09:19:02.846+0000] {logging_mixin.py:188} INFO - [2026-07-12T09:19:02.845+0000] {dagbag.py:538} INFO - Filling up the DagBag from /home/airflow/.local/lib/python3.8/site-packages/airflow/example_dags/example_external_task_marker_dag.py
[2026-07-12T09:19:02.859+0000] {processor.py:840} INFO - DAG(s) 'example_external_task_marker_parent', 'example_external_task_marker_child' retrieved from /home/airflow/.local/lib/python3.8/site-packages/airflow/example_dags/example_external_task_marker_dag.py
[2026-07-12T09:19:02.904+0000] {logging_mixin.py:188} INFO - [2026-07-12T09:19:02.904+0000] {dag.py:3036} INFO - Sync 2 DAGs
[2026-07-12T09:19:02.919+0000] {logging_mixin.py:188} INFO - [2026-07-12T09:19:02.918+0000] {dag.py:3823} INFO - Setting next_dagrun for example_external_task_marker_child to None, run_after=None
[2026-07-12T09:19:02.923+0000] {logging_mixin.py:188} INFO - [2026-07-12T09:19:02.923+0000] {dag.py:3823} INFO - Setting next_dagrun for example_external_task_marker_parent to None, run_after=None
[2026-07-12T09:19:02.943+0000] {processor.py:183} INFO - Processing /home/airflow/.local/lib/python3.8/site-packages/airflow/example_dags/example_external_task_marker_dag.py took 0.115 seconds
[2026-07-12T09:19:33.355+0000] {processor.py:161} INFO - Started process (PID=2101) to work on /home/airflow/.local/lib/python3.8/site-packages/airflow/example_dags/example_external_task_marker_dag.py
[2026-07-12T09:19:33.356+0000] {processor.py:830} INFO - Processing file /home/airflow/.local/lib/python3.8/site-packages/airflow/example_dags/example_external_task_marker_dag.py for tasks to queue
[2026-07-12T09:19:33.357+0000] {logging_mixin.py:188} INFO - [2026-07-12T09:19:33.357+0000] {dagbag.py:538} INFO - Filling up the DagBag from /home/airflow/.local/lib/python3.8/site-packages/airflow/example_dags/example_external_task_marker_dag.py
[2026-07-12T09:19:33.363+0000] {processor.py:840} INFO - DAG(s) 'example_external_task_marker_parent', 'example_external_task_marker_child' retrieved from /home/airflow/.local/lib/python3.8/site-packages/airflow/example_dags/example_external_task_marker_dag.py
[2026-07-12T09:19:33.384+0000] {logging_mixin.py:188} INFO - [2026-07-12T09:19:33.384+0000] {dag.py:3036} INFO - Sync 2 DAGs
[2026-07-12T09:19:33.393+0000] {logging_mixin.py:188} INFO - [2026-07-12T09:19:33.393+0000] {dag.py:3823} INFO - Setting next_dagrun for example_external_task_marker_child to None, run_after=None
[2026-07-12T09:19:33.396+0000] {logging_mixin.py:188} INFO - [2026-07-12T09:19:33.396+0000] {dag.py:3823} INFO - Setting next_dagrun for example_external_task_marker_parent to None, run_after=None
[2026-07-12T09:19:33.410+0000] {processor.py:183} INFO - Processing /home/airflow/.local/lib/python3.8/site-packages/airflow/example_dags/example_external_task_marker_dag.py took 0.059 seconds
[2026-07-12T09:20:03.615+0000] {processor.py:161} INFO - Started process (PID=2156) to work on /home/airflow/.local/lib/python3.8/site-packages/airflow/example_dags/example_external_task_marker_dag.py
[2026-07-12T09:20:03.616+0000] {processor.py:830} INFO - Processing file /home/airflow/.local/lib/python3.8/site-packages/airflow/example_dags/example_external_task_marker_dag.py for tasks to queue
[2026-07-12T09:20:03.617+0000] {logging_mixin.py:188} INFO - [2026-07-12T09:20:03.617+0000] {dagbag.py:538} INFO - Filling up the DagBag from /home/airflow/.local/lib/python3.8/site-packages/airflow/example_dags/example_external_task_marker_dag.py
[2026-07-12T09:20:03.622+0000] {processor.py:840} INFO - DAG(s) 'example_external_task_marker_child', 'example_external_task_marker_parent' retrieved from /home/airflow/.local/lib/python3.8/site-packages/airflow/example_dags/example_external_task_marker_dag.py
[2026-07-12T09:20:03.652+0000] {logging_mixin.py:188} INFO - [2026-07-12T09:20:03.652+0000] {dag.py:3036} INFO - Sync 2 DAGs
[2026-07-12T09:20:03.664+0000] {logging_mixin.py:188} INFO - [2026-07-12T09:20:03.663+0000] {dag.py:3823} INFO - Setting next_dagrun for example_external_task_marker_child to None, run_after=None
[2026-07-12T09:20:03.667+0000] {logging_mixin.py:188} INFO - [2026-07-12T09:20:03.666+0000] {dag.py:3823} INFO - Setting next_dagrun for example_external_task_marker_parent to None, run_after=None
[2026-07-12T09:20:03.688+0000] {processor.py:183} INFO - Processing /home/airflow/.local/lib/python3.8/site-packages/airflow/example_dags/example_external_task_marker_dag.py took 0.076 seconds
[2026-07-12T09:20:33.904+0000] {processor.py:161} INFO - Started process (PID=2211) to work on /home/airflow/.local/lib/python3.8/site-packages/airflow/example_dags/example_external_task_marker_dag.py
[2026-07-12T09:20:33.905+0000] {processor.py:830} INFO - Processing file /home/airflow/.local/lib/python3.8/site-packages/airflow/example_dags/example_external_task_marker_dag.py for tasks to queue
[2026-07-12T09:20:33.907+0000] {logging_mixin.py:188} INFO - [2026-07-12T09:20:33.907+0000] {dagbag.py:538} INFO - Filling up the DagBag from /home/airflow/.local/lib/python3.8/site-packages/airflow/example_dags/example_external_task_marker_dag.py
[2026-07-12T09:20:33.911+0000] {processor.py:840} INFO - DAG(s) 'example_external_task_marker_child', 'example_external_task_marker_parent' retrieved from /home/airflow/.local/lib/python3.8/site-packages/airflow/example_dags/example_external_task_marker_dag.py
[2026-07-12T09:20:33.930+0000] {logging_mixin.py:188} INFO - [2026-07-12T09:20:33.930+0000] {dag.py:3036} INFO - Sync 2 DAGs
[2026-07-12T09:20:33.938+0000] {logging_mixin.py:188} INFO - [2026-07-12T09:20:33.938+0000] {dag.py:3823} INFO - Setting next_dagrun for example_external_task_marker_child to None, run_after=None
[2026-07-12T09:20:33.941+0000] {logging_mixin.py:188} INFO - [2026-07-12T09:20:33.940+0000] {dag.py:3823} INFO - Setting next_dagrun for example_external_task_marker_parent to None, run_after=None
[2026-07-12T09:20:33.952+0000] {processor.py:183} INFO - Processing /home/airflow/.local/lib/python3.8/site-packages/airflow/example_dags/example_external_task_marker_dag.py took 0.051 seconds
[2026-07-12T09:21:04.055+0000] {processor.py:161} INFO - Started process (PID=2266) to work on /home/airflow/.local/lib/python3.8/site-packages/airflow/example_dags/example_external_task_marker_dag.py
[2026-07-12T09:21:04.057+0000] {processor.py:830} INFO - Processing file /home/airflow/.local/lib/python3.8/site-packages/airflow/example_dags/example_external_task_marker_dag.py for tasks to queue
[2026-07-12T09:21:04.058+0000] {logging_mixin.py:188} INFO - [2026-07-12T09:21:04.058+0000] {dagbag.py:538} INFO - Filling up the DagBag from /home/airflow/.local/lib/python3.8/site-packages/airflow/example_dags/example_external_task_marker_dag.py
[2026-07-12T09:21:04.071+0000] {processor.py:840} INFO - DAG(s) 'example_external_task_marker_child', 'example_external_task_marker_parent' retrieved from /home/airflow/.local/lib/python3.8/site-packages/airflow/example_dags/example_external_task_marker_dag.py
[2026-07-12T09:21:04.102+0000] {logging_mixin.py:188} INFO - [2026-07-12T09:21:04.102+0000] {dag.py:3036} INFO - Sync 2 DAGs
[2026-07-12T09:21:04.118+0000] {logging_mixin.py:188} INFO - [2026-07-12T09:21:04.118+0000] {dag.py:3823} INFO - Setting next_dagrun for example_external_task_marker_child to None, run_after=None
[2026-07-12T09:21:04.123+0000] {logging_mixin.py:188} INFO - [2026-07-12T09:21:04.123+0000] {dag.py:3823} INFO - Setting next_dagrun for example_external_task_marker_parent to None, run_after=None
[2026-07-12T09:21:04.138+0000] {processor.py:183} INFO - Processing /home/airflow/.local/lib/python3.8/site-packages/airflow/example_dags/example_external_task_marker_dag.py took 0.086 seconds
[2026-07-12T09:21:34.282+0000] {processor.py:161} INFO - Started process (PID=2321) to work on /home/airflow/.local/lib/python3.8/site-packages/airflow/example_dags/example_external_task_marker_dag.py
[2026-07-12T09:21:34.283+0000] {processor.py:830} INFO - Processing file /home/airflow/.local/lib/python3.8/site-packages/airflow/example_dags/example_external_task_marker_dag.py for tasks to queue
[2026-07-12T09:21:34.285+0000] {logging_mixin.py:188} INFO - [2026-07-12T09:21:34.285+0000] {dagbag.py:538} INFO - Filling up the DagBag from /home/airflow/.local/lib/python3.8/site-packages/airflow/example_dags/example_external_task_marker_dag.py
[2026-07-12T09:21:34.290+0000] {processor.py:840} INFO - DAG(s) 'example_external_task_marker_parent', 'example_external_task_marker_child' retrieved from /home/airflow/.local/lib/python3.8/site-packages/airflow/example_dags/example_external_task_marker_dag.py
[2026-07-12T09:21:34.311+0000] {logging_mixin.py:188} INFO - [2026-07-12T09:21:34.311+0000] {dag.py:3036} INFO - Sync 2 DAGs
[2026-07-12T09:21:34.321+0000] {logging_mixin.py:188} INFO - [2026-07-12T09:21:34.320+0000] {dag.py:3823} INFO - Setting next_dagrun for example_external_task_marker_child to None, run_after=None
[2026-07-12T09:21:34.324+0000] {logging_mixin.py:188} INFO - [2026-07-12T09:21:34.324+0000] {dag.py:3823} INFO - Setting next_dagrun for example_external_task_marker_parent to None, run_after=None
[2026-07-12T09:21:34.340+0000] {processor.py:183} INFO - Processing /home/airflow/.local/lib/python3.8/site-packages/airflow/example_dags/example_external_task_marker_dag.py took 0.061 seconds
[2026-07-12T09:22:04.606+0000] {processor.py:161} INFO - Started process (PID=2376) to work on /home/airflow/.local/lib/python3.8/site-packages/airflow/example_dags/example_external_task_marker_dag.py
[2026-07-12T09:22:04.609+0000] {processor.py:830} INFO - Processing file /home/airflow/.local/lib/python3.8/site-packages/airflow/example_dags/example_external_task_marker_dag.py for tasks to queue
[2026-07-12T09:22:04.611+0000] {logging_mixin.py:188} INFO - [2026-07-12T09:22:04.611+0000] {dagbag.py:538} INFO - Filling up the DagBag from /home/airflow/.local/lib/python3.8/site-packages/airflow/example_dags/example_external_task_marker_dag.py
[2026-07-12T09:22:04.617+0000] {processor.py:840} INFO - DAG(s) 'example_external_task_marker_parent', 'example_external_task_marker_child' retrieved from /home/airflow/.local/lib/python3.8/site-packages/airflow/example_dags/example_external_task_marker_dag.py
[2026-07-12T09:22:04.640+0000] {logging_mixin.py:188} INFO - [2026-07-12T09:22:04.640+0000] {dag.py:3036} INFO - Sync 2 DAGs
[2026-07-12T09:22:04.651+0000] {logging_mixin.py:188} INFO - [2026-07-12T09:22:04.651+0000] {dag.py:3823} INFO - Setting next_dagrun for example_external_task_marker_child to None, run_after=None
[2026-07-12T09:22:04.654+0000] {logging_mixin.py:188} INFO - [2026-07-12T09:22:04.654+0000] {dag.py:3823} INFO - Setting next_dagrun for example_external_task_marker_parent to None, run_after=None
[2026-07-12T09:22:04.678+0000] {processor.py:183} INFO - Processing /home/airflow/.local/lib/python3.8/site-packages/airflow/example_dags/example_external_task_marker_dag.py took 0.074 seconds
[2026-07-12T09:22:34.793+0000] {processor.py:161} INFO - Started process (PID=2431) to work on /home/airflow/.local/lib/python3.8/site-packages/airflow/example_dags/example_external_task_marker_dag.py
[2026-07-12T09:22:34.794+0000] {processor.py:830} INFO - Processing file /home/airflow/.local/lib/python3.8/site-packages/airflow/example_dags/example_external_task_marker_dag.py for tasks to queue
[2026-07-12T09:22:34.795+0000] {logging_mixin.py:188} INFO - [2026-07-12T09:22:34.795+0000] {dagbag.py:538} INFO - Filling up the DagBag from /home/airflow/.local/lib/python3.8/site-packages/airflow/example_dags/example_external_task_marker_dag.py
[2026-07-12T09:22:34.800+0000] {processor.py:840} INFO - DAG(s) 'example_external_task_marker_parent', 'example_external_task_marker_child' retrieved from /home/airflow/.local/lib/python3.8/site-packages/airflow/example_dags/example_external_task_marker_dag.py
[2026-07-12T09:22:34.824+0000] {logging_mixin.py:188} INFO - [2026-07-12T09:22:34.824+0000] {dag.py:3036} INFO - Sync 2 DAGs
[2026-07-12T09:22:34.833+0000] {logging_mixin.py:188} INFO - [2026-07-12T09:22:34.832+0000] {dag.py:3823} INFO - Setting next_dagrun for example_external_task_marker_child to None, run_after=None
[2026-07-12T09:22:34.835+0000] {logging_mixin.py:188} INFO - [2026-07-12T09:22:34.835+0000] {dag.py:3823} INFO - Setting next_dagrun for example_external_task_marker_parent to None, run_after=None
[2026-07-12T09:22:34.848+0000] {processor.py:183} INFO - Processing /home/airflow/.local/lib/python3.8/site-packages/airflow/example_dags/example_external_task_marker_dag.py took 0.058 seconds
[2026-07-12T09:23:04.988+0000] {processor.py:161} INFO - Started process (PID=2486) to work on /home/airflow/.local/lib/python3.8/site-packages/airflow/example_dags/example_external_task_marker_dag.py
[2026-07-12T09:23:04.989+0000] {processor.py:830} INFO - Processing file /home/airflow/.local/lib/python3.8/site-packages/airflow/example_dags/example_external_task_marker_dag.py for tasks to queue
[2026-07-12T09:23:04.990+0000] {logging_mixin.py:188} INFO - [2026-07-12T09:23:04.990+0000] {dagbag.py:538} INFO - Filling up the DagBag from /home/airflow/.local/lib/python3.8/site-packages/airflow/example_dags/example_external_task_marker_dag.py
[2026-07-12T09:23:05.000+0000] {processor.py:840} INFO - DAG(s) 'example_external_task_marker_child', 'example_external_task_marker_parent' retrieved from /home/airflow/.local/lib/python3.8/site-packages/airflow/example_dags/example_external_task_marker_dag.py
[2026-07-12T09:23:05.035+0000] {logging_mixin.py:188} INFO - [2026-07-12T09:23:05.035+0000] {dag.py:3036} INFO - Sync 2 DAGs
[2026-07-12T09:23:05.046+0000] {logging_mixin.py:188} INFO - [2026-07-12T09:23:05.046+0000] {dag.py:3823} INFO - Setting next_dagrun for example_external_task_marker_child to None, run_after=None
[2026-07-12T09:23:05.049+0000] {logging_mixin.py:188} INFO - [2026-07-12T09:23:05.049+0000] {dag.py:3823} INFO - Setting next_dagrun for example_external_task_marker_parent to None, run_after=None
[2026-07-12T09:23:05.067+0000] {processor.py:183} INFO - Processing /home/airflow/.local/lib/python3.8/site-packages/airflow/example_dags/example_external_task_marker_dag.py took 0.084 seconds
[2026-07-12T09:23:35.352+0000] {processor.py:161} INFO - Started process (PID=2541) to work on /home/airflow/.local/lib/python3.8/site-packages/airflow/example_dags/example_external_task_marker_dag.py
[2026-07-12T09:23:35.353+0000] {processor.py:830} INFO - Processing file /home/airflow/.local/lib/python3.8/site-packages/airflow/example_dags/example_external_task_marker_dag.py for tasks to queue
[2026-07-12T09:23:35.355+0000] {logging_mixin.py:188} INFO - [2026-07-12T09:23:35.354+0000] {dagbag.py:538} INFO - Filling up the DagBag from /home/airflow/.local/lib/python3.8/site-packages/airflow/example_dags/example_external_task_marker_dag.py
[2026-07-12T09:23:35.360+0000] {processor.py:840} INFO - DAG(s) 'example_external_task_marker_parent', 'example_external_task_marker_child' retrieved from /home/airflow/.local/lib/python3.8/site-packages/airflow/example_dags/example_external_task_marker_dag.py
[2026-07-12T09:23:35.379+0000] {logging_mixin.py:188} INFO - [2026-07-12T09:23:35.378+0000] {dag.py:3036} INFO - Sync 2 DAGs
[2026-07-12T09:23:35.388+0000] {logging_mixin.py:188} INFO - [2026-07-12T09:23:35.387+0000] {dag.py:3823} INFO - Setting next_dagrun for example_external_task_marker_child to None, run_after=None
[2026-07-12T09:23:35.390+0000] {logging_mixin.py:188} INFO - [2026-07-12T09:23:35.390+0000] {dag.py:3823} INFO - Setting next_dagrun for example_external_task_marker_parent to None, run_after=None
[2026-07-12T09:23:35.402+0000] {processor.py:183} INFO - Processing /home/airflow/.local/lib/python3.8/site-packages/airflow/example_dags/example_external_task_marker_dag.py took 0.053 seconds
[2026-07-12T09:24:05.995+0000] {processor.py:161} INFO - Started process (PID=2596) to work on /home/airflow/.local/lib/python3.8/site-packages/airflow/example_dags/example_external_task_marker_dag.py
[2026-07-12T09:24:06.001+0000] {processor.py:830} INFO - Processing file /home/airflow/.local/lib/python3.8/site-packages/airflow/example_dags/example_external_task_marker_dag.py for tasks to queue
[2026-07-12T09:24:06.004+0000] {logging_mixin.py:188} INFO - [2026-07-12T09:24:06.003+0000] {dagbag.py:538} INFO - Filling up the DagBag from /home/airflow/.local/lib/python3.8/site-packages/airflow/example_dags/example_external_task_marker_dag.py
[2026-07-12T09:24:06.021+0000] {processor.py:840} INFO - DAG(s) 'example_external_task_marker_child', 'example_external_task_marker_parent' retrieved from /home/airflow/.local/lib/python3.8/site-packages/airflow/example_dags/example_external_task_marker_dag.py
[2026-07-12T09:24:06.084+0000] {logging_mixin.py:188} INFO - [2026-07-12T09:24:06.084+0000] {dag.py:3036} INFO - Sync 2 DAGs
[2026-07-12T09:24:06.102+0000] {logging_mixin.py:188} INFO - [2026-07-12T09:24:06.101+0000] {dag.py:3823} INFO - Setting next_dagrun for example_external_task_marker_child to None, run_after=None
[2026-07-12T09:24:06.105+0000] {logging_mixin.py:188} INFO - [2026-07-12T09:24:06.105+0000] {dag.py:3823} INFO - Setting next_dagrun for example_external_task_marker_parent to None, run_after=None
[2026-07-12T09:24:06.205+0000] {processor.py:183} INFO - Processing /home/airflow/.local/lib/python3.8/site-packages/airflow/example_dags/example_external_task_marker_dag.py took 0.214 seconds
[2026-07-12T09:24:48.498+0000] {processor.py:161} INFO - Started process (PID=2651) to work on /home/airflow/.local/lib/python3.8/site-packages/airflow/example_dags/example_external_task_marker_dag.py
[2026-07-12T09:24:48.504+0000] {processor.py:830} INFO - Processing file /home/airflow/.local/lib/python3.8/site-packages/airflow/example_dags/example_external_task_marker_dag.py for tasks to queue
[2026-07-12T09:24:48.505+0000] {logging_mixin.py:188} INFO - [2026-07-12T09:24:48.505+0000] {dagbag.py:538} INFO - Filling up the DagBag from /home/airflow/.local/lib/python3.8/site-packages/airflow/example_dags/example_external_task_marker_dag.py
[2026-07-12T09:24:48.561+0000] {processor.py:840} INFO - DAG(s) 'example_external_task_marker_parent', 'example_external_task_marker_child' retrieved from /home/airflow/.local/lib/python3.8/site-packages/airflow/example_dags/example_external_task_marker_dag.py
[2026-07-12T09:24:48.599+0000] {logging_mixin.py:188} INFO - [2026-07-12T09:24:48.599+0000] {dag.py:3036} INFO - Sync 2 DAGs
[2026-07-12T09:24:48.608+0000] {logging_mixin.py:188} INFO - [2026-07-12T09:24:48.608+0000] {dag.py:3823} INFO - Setting next_dagrun for example_external_task_marker_child to None, run_after=None
[2026-07-12T09:24:48.611+0000] {logging_mixin.py:188} INFO - [2026-07-12T09:24:48.611+0000] {dag.py:3823} INFO - Setting next_dagrun for example_external_task_marker_parent to None, run_after=None
[2026-07-12T09:24:48.633+0000] {processor.py:183} INFO - Processing /home/airflow/.local/lib/python3.8/site-packages/airflow/example_dags/example_external_task_marker_dag.py took 0.148 seconds
[2026-07-12T09:27:21.293+0000] {processor.py:161} INFO - Started process (PID=2705) to work on /home/airflow/.local/lib/python3.8/site-packages/airflow/example_dags/example_external_task_marker_dag.py
[2026-07-12T09:27:21.296+0000] {processor.py:830} INFO - Processing file /home/airflow/.local/lib/python3.8/site-packages/airflow/example_dags/example_external_task_marker_dag.py for tasks to queue
[2026-07-12T09:27:21.297+0000] {logging_mixin.py:188} INFO - [2026-07-12T09:27:21.296+0000] {dagbag.py:538} INFO - Filling up the DagBag from /home/airflow/.local/lib/python3.8/site-packages/airflow/example_dags/example_external_task_marker_dag.py
[2026-07-12T09:27:21.319+0000] {processor.py:840} INFO - DAG(s) 'example_external_task_marker_child', 'example_external_task_marker_parent' retrieved from /home/airflow/.local/lib/python3.8/site-packages/airflow/example_dags/example_external_task_marker_dag.py
[2026-07-12T09:27:21.347+0000] {logging_mixin.py:188} INFO - [2026-07-12T09:27:21.346+0000] {dag.py:3036} INFO - Sync 2 DAGs
[2026-07-12T09:27:21.356+0000] {logging_mixin.py:188} INFO - [2026-07-12T09:27:21.356+0000] {dag.py:3823} INFO - Setting next_dagrun for example_external_task_marker_child to None, run_after=None
[2026-07-12T09:27:21.358+0000] {logging_mixin.py:188} INFO - [2026-07-12T09:27:21.358+0000] {dag.py:3823} INFO - Setting next_dagrun for example_external_task_marker_parent to None, run_after=None
[2026-07-12T09:27:21.381+0000] {processor.py:183} INFO - Processing /home/airflow/.local/lib/python3.8/site-packages/airflow/example_dags/example_external_task_marker_dag.py took 0.094 seconds
[2026-07-12T09:29:14.466+0000] {processor.py:161} INFO - Started process (PID=76) to work on /home/airflow/.local/lib/python3.8/site-packages/airflow/example_dags/example_external_task_marker_dag.py
[2026-07-12T09:29:14.468+0000] {processor.py:830} INFO - Processing file /home/airflow/.local/lib/python3.8/site-packages/airflow/example_dags/example_external_task_marker_dag.py for tasks to queue
[2026-07-12T09:29:14.470+0000] {logging_mixin.py:188} INFO - [2026-07-12T09:29:14.470+0000] {dagbag.py:538} INFO - Filling up the DagBag from /home/airflow/.local/lib/python3.8/site-packages/airflow/example_dags/example_external_task_marker_dag.py
[2026-07-12T09:29:14.480+0000] {processor.py:840} INFO - DAG(s) 'example_external_task_marker_parent', 'example_external_task_marker_child' retrieved from /home/airflow/.local/lib/python3.8/site-packages/airflow/example_dags/example_external_task_marker_dag.py
[2026-07-12T09:29:14.511+0000] {logging_mixin.py:188} INFO - [2026-07-12T09:29:14.511+0000] {dag.py:3036} INFO - Sync 2 DAGs
[2026-07-12T09:29:14.525+0000] {logging_mixin.py:188} INFO - [2026-07-12T09:29:14.524+0000] {dag.py:3823} INFO - Setting next_dagrun for example_external_task_marker_child to None, run_after=None
[2026-07-12T09:29:14.529+0000] {logging_mixin.py:188} INFO - [2026-07-12T09:29:14.529+0000] {dag.py:3823} INFO - Setting next_dagrun for example_external_task_marker_parent to None, run_after=None
[2026-07-12T09:29:14.554+0000] {processor.py:183} INFO - Processing /home/airflow/.local/lib/python3.8/site-packages/airflow/example_dags/example_external_task_marker_dag.py took 0.093 seconds
[2026-07-12T10:00:14.456+0000] {processor.py:161} INFO - Started process (PID=71) to work on /home/airflow/.local/lib/python3.8/site-packages/airflow/example_dags/example_external_task_marker_dag.py
[2026-07-12T10:00:14.457+0000] {processor.py:830} INFO - Processing file /home/airflow/.local/lib/python3.8/site-packages/airflow/example_dags/example_external_task_marker_dag.py for tasks to queue
[2026-07-12T10:00:14.460+0000] {logging_mixin.py:188} INFO - [2026-07-12T10:00:14.459+0000] {dagbag.py:538} INFO - Filling up the DagBag from /home/airflow/.local/lib/python3.8/site-packages/airflow/example_dags/example_external_task_marker_dag.py
[2026-07-12T10:00:14.470+0000] {processor.py:840} INFO - DAG(s) 'example_external_task_marker_parent', 'example_external_task_marker_child' retrieved from /home/airflow/.local/lib/python3.8/site-packages/airflow/example_dags/example_external_task_marker_dag.py
[2026-07-12T10:00:14.490+0000] {logging_mixin.py:188} INFO - [2026-07-12T10:00:14.490+0000] {dag.py:3036} INFO - Sync 2 DAGs
[2026-07-12T10:00:14.502+0000] {logging_mixin.py:188} INFO - [2026-07-12T10:00:14.501+0000] {dag.py:3823} INFO - Setting next_dagrun for example_external_task_marker_child to None, run_after=None
[2026-07-12T10:00:14.505+0000] {logging_mixin.py:188} INFO - [2026-07-12T10:00:14.505+0000] {dag.py:3823} INFO - Setting next_dagrun for example_external_task_marker_parent to None, run_after=None
[2026-07-12T10:00:14.524+0000] {processor.py:183} INFO - Processing /home/airflow/.local/lib/python3.8/site-packages/airflow/example_dags/example_external_task_marker_dag.py took 0.071 seconds
[2026-07-12T10:00:44.748+0000] {processor.py:161} INFO - Started process (PID=128) to work on /home/airflow/.local/lib/python3.8/site-packages/airflow/example_dags/example_external_task_marker_dag.py
[2026-07-12T10:00:44.749+0000] {processor.py:830} INFO - Processing file /home/airflow/.local/lib/python3.8/site-packages/airflow/example_dags/example_external_task_marker_dag.py for tasks to queue
[2026-07-12T10:00:44.750+0000] {logging_mixin.py:188} INFO - [2026-07-12T10:00:44.750+0000] {dagbag.py:538} INFO - Filling up the DagBag from /home/airflow/.local/lib/python3.8/site-packages/airflow/example_dags/example_external_task_marker_dag.py
[2026-07-12T10:00:44.757+0000] {processor.py:840} INFO - DAG(s) 'example_external_task_marker_parent', 'example_external_task_marker_child' retrieved from /home/airflow/.local/lib/python3.8/site-packages/airflow/example_dags/example_external_task_marker_dag.py
[2026-07-12T10:00:44.836+0000] {logging_mixin.py:188} INFO - [2026-07-12T10:00:44.836+0000] {dag.py:3036} INFO - Sync 2 DAGs
[2026-07-12T10:00:44.843+0000] {logging_mixin.py:188} INFO - [2026-07-12T10:00:44.843+0000] {dag.py:3823} INFO - Setting next_dagrun for example_external_task_marker_child to None, run_after=None
[2026-07-12T10:00:44.845+0000] {logging_mixin.py:188} INFO - [2026-07-12T10:00:44.845+0000] {dag.py:3823} INFO - Setting next_dagrun for example_external_task_marker_parent to None, run_after=None
[2026-07-12T10:00:44.858+0000] {processor.py:183} INFO - Processing /home/airflow/.local/lib/python3.8/site-packages/airflow/example_dags/example_external_task_marker_dag.py took 0.113 seconds
[2026-07-12T10:01:14.928+0000] {processor.py:161} INFO - Started process (PID=184) to work on /home/airflow/.local/lib/python3.8/site-packages/airflow/example_dags/example_external_task_marker_dag.py
[2026-07-12T10:01:14.930+0000] {processor.py:830} INFO - Processing file /home/airflow/.local/lib/python3.8/site-packages/airflow/example_dags/example_external_task_marker_dag.py for tasks to queue
[2026-07-12T10:01:14.933+0000] {logging_mixin.py:188} INFO - [2026-07-12T10:01:14.932+0000] {dagbag.py:538} INFO - Filling up the DagBag from /home/airflow/.local/lib/python3.8/site-packages/airflow/example_dags/example_external_task_marker_dag.py
[2026-07-12T10:01:14.939+0000] {processor.py:840} INFO - DAG(s) 'example_external_task_marker_parent', 'example_external_task_marker_child' retrieved from /home/airflow/.local/lib/python3.8/site-packages/airflow/example_dags/example_external_task_marker_dag.py
[2026-07-12T10:01:14.970+0000] {logging_mixin.py:188} INFO - [2026-07-12T10:01:14.969+0000] {dag.py:3036} INFO - Sync 2 DAGs
[2026-07-12T10:01:14.979+0000] {logging_mixin.py:188} INFO - [2026-07-12T10:01:14.979+0000] {dag.py:3823} INFO - Setting next_dagrun for example_external_task_marker_child to None, run_after=None
[2026-07-12T10:01:14.982+0000] {logging_mixin.py:188} INFO - [2026-07-12T10:01:14.982+0000] {dag.py:3823} INFO - Setting next_dagrun for example_external_task_marker_parent to None, run_after=None
[2026-07-12T10:01:14.997+0000] {processor.py:183} INFO - Processing /home/airflow/.local/lib/python3.8/site-packages/airflow/example_dags/example_external_task_marker_dag.py took 0.073 seconds
[2026-07-12T10:01:45.156+0000] {processor.py:161} INFO - Started process (PID=234) to work on /home/airflow/.local/lib/python3.8/site-packages/airflow/example_dags/example_external_task_marker_dag.py
[2026-07-12T10:01:45.158+0000] {processor.py:830} INFO - Processing file /home/airflow/.local/lib/python3.8/site-packages/airflow/example_dags/example_external_task_marker_dag.py for tasks to queue
[2026-07-12T10:01:45.159+0000] {logging_mixin.py:188} INFO - [2026-07-12T10:01:45.159+0000] {dagbag.py:538} INFO - Filling up the DagBag from /home/airflow/.local/lib/python3.8/site-packages/airflow/example_dags/example_external_task_marker_dag.py
[2026-07-12T10:01:45.166+0000] {processor.py:840} INFO - DAG(s) 'example_external_task_marker_child', 'example_external_task_marker_parent' retrieved from /home/airflow/.local/lib/python3.8/site-packages/airflow/example_dags/example_external_task_marker_dag.py
[2026-07-12T10:01:45.191+0000] {logging_mixin.py:188} INFO - [2026-07-12T10:01:45.191+0000] {dag.py:3036} INFO - Sync 2 DAGs
[2026-07-12T10:01:45.203+0000] {logging_mixin.py:188} INFO - [2026-07-12T10:01:45.203+0000] {dag.py:3823} INFO - Setting next_dagrun for example_external_task_marker_child to None, run_after=None
[2026-07-12T10:01:45.206+0000] {logging_mixin.py:188} INFO - [2026-07-12T10:01:45.206+0000] {dag.py:3823} INFO - Setting next_dagrun for example_external_task_marker_parent to None, run_after=None
[2026-07-12T10:01:45.223+0000] {processor.py:183} INFO - Processing /home/airflow/.local/lib/python3.8/site-packages/airflow/example_dags/example_external_task_marker_dag.py took 0.071 seconds
[2026-07-12T10:02:15.271+0000] {processor.py:161} INFO - Started process (PID=290) to work on /home/airflow/.local/lib/python3.8/site-packages/airflow/example_dags/example_external_task_marker_dag.py
[2026-07-12T10:02:15.272+0000] {processor.py:830} INFO - Processing file /home/airflow/.local/lib/python3.8/site-packages/airflow/example_dags/example_external_task_marker_dag.py for tasks to queue
[2026-07-12T10:02:15.273+0000] {logging_mixin.py:188} INFO - [2026-07-12T10:02:15.273+0000] {dagbag.py:538} INFO - Filling up the DagBag from /home/airflow/.local/lib/python3.8/site-packages/airflow/example_dags/example_external_task_marker_dag.py
[2026-07-12T10:02:15.279+0000] {processor.py:840} INFO - DAG(s) 'example_external_task_marker_parent', 'example_external_task_marker_child' retrieved from /home/airflow/.local/lib/python3.8/site-packages/airflow/example_dags/example_external_task_marker_dag.py
[2026-07-12T10:02:15.296+0000] {logging_mixin.py:188} INFO - [2026-07-12T10:02:15.296+0000] {dag.py:3036} INFO - Sync 2 DAGs
[2026-07-12T10:02:15.306+0000] {logging_mixin.py:188} INFO - [2026-07-12T10:02:15.305+0000] {dag.py:3823} INFO - Setting next_dagrun for example_external_task_marker_child to None, run_after=None
[2026-07-12T10:02:15.308+0000] {logging_mixin.py:188} INFO - [2026-07-12T10:02:15.308+0000] {dag.py:3823} INFO - Setting next_dagrun for example_external_task_marker_parent to None, run_after=None
[2026-07-12T10:02:15.321+0000] {processor.py:183} INFO - Processing /home/airflow/.local/lib/python3.8/site-packages/airflow/example_dags/example_external_task_marker_dag.py took 0.053 seconds
[2026-07-12T10:02:45.537+0000] {processor.py:161} INFO - Started process (PID=346) to work on /home/airflow/.local/lib/python3.8/site-packages/airflow/example_dags/example_external_task_marker_dag.py
[2026-07-12T10:02:45.538+0000] {processor.py:830} INFO - Processing file /home/airflow/.local/lib/python3.8/site-packages/airflow/example_dags/example_external_task_marker_dag.py for tasks to queue
[2026-07-12T10:02:45.540+0000] {logging_mixin.py:188} INFO - [2026-07-12T10:02:45.540+0000] {dagbag.py:538} INFO - Filling up the DagBag from /home/airflow/.local/lib/python3.8/site-packages/airflow/example_dags/example_external_task_marker_dag.py
[2026-07-12T10:02:45.545+0000] {processor.py:840} INFO - DAG(s) 'example_external_task_marker_child', 'example_external_task_marker_parent' retrieved from /home/airflow/.local/lib/python3.8/site-packages/airflow/example_dags/example_external_task_marker_dag.py
[2026-07-12T10:02:45.563+0000] {logging_mixin.py:188} INFO - [2026-07-12T10:02:45.563+0000] {dag.py:3036} INFO - Sync 2 DAGs
[2026-07-12T10:02:45.573+0000] {logging_mixin.py:188} INFO - [2026-07-12T10:02:45.572+0000] {dag.py:3823} INFO - Setting next_dagrun for example_external_task_marker_child to None, run_after=None
[2026-07-12T10:02:45.576+0000] {logging_mixin.py:188} INFO - [2026-07-12T10:02:45.575+0000] {dag.py:3823} INFO - Setting next_dagrun for example_external_task_marker_parent to None, run_after=None
[2026-07-12T10:02:45.589+0000] {processor.py:183} INFO - Processing /home/airflow/.local/lib/python3.8/site-packages/airflow/example_dags/example_external_task_marker_dag.py took 0.054 seconds
[2026-07-12T10:03:15.737+0000] {processor.py:161} INFO - Started process (PID=402) to work on /home/airflow/.local/lib/python3.8/site-packages/airflow/example_dags/example_external_task_marker_dag.py
[2026-07-12T10:03:15.739+0000] {processor.py:830} INFO - Processing file /home/airflow/.local/lib/python3.8/site-packages/airflow/example_dags/example_external_task_marker_dag.py for tasks to queue
[2026-07-12T10:03:15.741+0000] {logging_mixin.py:188} INFO - [2026-07-12T10:03:15.741+0000] {dagbag.py:538} INFO - Filling up the DagBag from /home/airflow/.local/lib/python3.8/site-packages/airflow/example_dags/example_external_task_marker_dag.py
[2026-07-12T10:03:15.747+0000] {processor.py:840} INFO - DAG(s) 'example_external_task_marker_child', 'example_external_task_marker_parent' retrieved from /home/airflow/.local/lib/python3.8/site-packages/airflow/example_dags/example_external_task_marker_dag.py
[2026-07-12T10:03:15.770+0000] {logging_mixin.py:188} INFO - [2026-07-12T10:03:15.770+0000] {dag.py:3036} INFO - Sync 2 DAGs
[2026-07-12T10:03:15.782+0000] {logging_mixin.py:188} INFO - [2026-07-12T10:03:15.782+0000] {dag.py:3823} INFO - Setting next_dagrun for example_external_task_marker_child to None, run_after=None
[2026-07-12T10:03:15.786+0000] {logging_mixin.py:188} INFO - [2026-07-12T10:03:15.785+0000] {dag.py:3823} INFO - Setting next_dagrun for example_external_task_marker_parent to None, run_after=None
[2026-07-12T10:03:15.808+0000] {processor.py:183} INFO - Processing /home/airflow/.local/lib/python3.8/site-packages/airflow/example_dags/example_external_task_marker_dag.py took 0.074 seconds
[2026-07-12T10:03:46.039+0000] {processor.py:161} INFO - Started process (PID=458) to work on /home/airflow/.local/lib/python3.8/site-packages/airflow/example_dags/example_external_task_marker_dag.py
[2026-07-12T10:03:46.040+0000] {processor.py:830} INFO - Processing file /home/airflow/.local/lib/python3.8/site-packages/airflow/example_dags/example_external_task_marker_dag.py for tasks to queue
[2026-07-12T10:03:46.042+0000] {logging_mixin.py:188} INFO - [2026-07-12T10:03:46.041+0000] {dagbag.py:538} INFO - Filling up the DagBag from /home/airflow/.local/lib/python3.8/site-packages/airflow/example_dags/example_external_task_marker_dag.py
[2026-07-12T10:03:46.047+0000] {processor.py:840} INFO - DAG(s) 'example_external_task_marker_parent', 'example_external_task_marker_child' retrieved from /home/airflow/.local/lib/python3.8/site-packages/airflow/example_dags/example_external_task_marker_dag.py
[2026-07-12T10:03:46.067+0000] {logging_mixin.py:188} INFO - [2026-07-12T10:03:46.066+0000] {dag.py:3036} INFO - Sync 2 DAGs
[2026-07-12T10:03:46.076+0000] {logging_mixin.py:188} INFO - [2026-07-12T10:03:46.076+0000] {dag.py:3823} INFO - Setting next_dagrun for example_external_task_marker_child to None, run_after=None
[2026-07-12T10:03:46.079+0000] {logging_mixin.py:188} INFO - [2026-07-12T10:03:46.079+0000] {dag.py:3823} INFO - Setting next_dagrun for example_external_task_marker_parent to None, run_after=None
[2026-07-12T10:03:46.092+0000] {processor.py:183} INFO - Processing /home/airflow/.local/lib/python3.8/site-packages/airflow/example_dags/example_external_task_marker_dag.py took 0.056 seconds
[2026-07-12T10:04:16.574+0000] {processor.py:161} INFO - Started process (PID=514) to work on /home/airflow/.local/lib/python3.8/site-packages/airflow/example_dags/example_external_task_marker_dag.py
[2026-07-12T10:04:16.575+0000] {processor.py:830} INFO - Processing file /home/airflow/.local/lib/python3.8/site-packages/airflow/example_dags/example_external_task_marker_dag.py for tasks to queue
[2026-07-12T10:04:16.578+0000] {logging_mixin.py:188} INFO - [2026-07-12T10:04:16.577+0000] {dagbag.py:538} INFO - Filling up the DagBag from /home/airflow/.local/lib/python3.8/site-packages/airflow/example_dags/example_external_task_marker_dag.py
[2026-07-12T10:04:16.583+0000] {processor.py:840} INFO - DAG(s) 'example_external_task_marker_parent', 'example_external_task_marker_child' retrieved from /home/airflow/.local/lib/python3.8/site-packages/airflow/example_dags/example_external_task_marker_dag.py
[2026-07-12T10:04:16.608+0000] {logging_mixin.py:188} INFO - [2026-07-12T10:04:16.607+0000] {dag.py:3036} INFO - Sync 2 DAGs
[2026-07-12T10:04:16.620+0000] {logging_mixin.py:188} INFO - [2026-07-12T10:04:16.620+0000] {dag.py:3823} INFO - Setting next_dagrun for example_external_task_marker_child to None, run_after=None
[2026-07-12T10:04:16.625+0000] {logging_mixin.py:188} INFO - [2026-07-12T10:04:16.624+0000] {dag.py:3823} INFO - Setting next_dagrun for example_external_task_marker_parent to None, run_after=None
[2026-07-12T10:04:16.644+0000] {processor.py:183} INFO - Processing /home/airflow/.local/lib/python3.8/site-packages/airflow/example_dags/example_external_task_marker_dag.py took 0.074 seconds
[2026-07-12T10:04:46.883+0000] {processor.py:161} INFO - Started process (PID=571) to work on /home/airflow/.local/lib/python3.8/site-packages/airflow/example_dags/example_external_task_marker_dag.py
[2026-07-12T10:04:46.884+0000] {processor.py:830} INFO - Processing file /home/airflow/.local/lib/python3.8/site-packages/airflow/example_dags/example_external_task_marker_dag.py for tasks to queue
[2026-07-12T10:04:46.885+0000] {logging_mixin.py:188} INFO - [2026-07-12T10:04:46.885+0000] {dagbag.py:538} INFO - Filling up the DagBag from /home/airflow/.local/lib/python3.8/site-packages/airflow/example_dags/example_external_task_marker_dag.py
[2026-07-12T10:04:46.890+0000] {processor.py:840} INFO - DAG(s) 'example_external_task_marker_parent', 'example_external_task_marker_child' retrieved from /home/airflow/.local/lib/python3.8/site-packages/airflow/example_dags/example_external_task_marker_dag.py
[2026-07-12T10:04:46.908+0000] {logging_mixin.py:188} INFO - [2026-07-12T10:04:46.908+0000] {dag.py:3036} INFO - Sync 2 DAGs
[2026-07-12T10:04:46.917+0000] {logging_mixin.py:188} INFO - [2026-07-12T10:04:46.917+0000] {dag.py:3823} INFO - Setting next_dagrun for example_external_task_marker_child to None, run_after=None
[2026-07-12T10:04:46.919+0000] {logging_mixin.py:188} INFO - [2026-07-12T10:04:46.919+0000] {dag.py:3823} INFO - Setting next_dagrun for example_external_task_marker_parent to None, run_after=None
[2026-07-12T10:04:46.934+0000] {processor.py:183} INFO - Processing /home/airflow/.local/lib/python3.8/site-packages/airflow/example_dags/example_external_task_marker_dag.py took 0.054 seconds
[2026-07-12T10:05:16.970+0000] {processor.py:161} INFO - Started process (PID=627) to work on /home/airflow/.local/lib/python3.8/site-packages/airflow/example_dags/example_external_task_marker_dag.py
[2026-07-12T10:05:16.971+0000] {processor.py:830} INFO - Processing file /home/airflow/.local/lib/python3.8/site-packages/airflow/example_dags/example_external_task_marker_dag.py for tasks to queue
[2026-07-12T10:05:16.972+0000] {logging_mixin.py:188} INFO - [2026-07-12T10:05:16.972+0000] {dagbag.py:538} INFO - Filling up the DagBag from /home/airflow/.local/lib/python3.8/site-packages/airflow/example_dags/example_external_task_marker_dag.py
[2026-07-12T10:05:16.977+0000] {processor.py:840} INFO - DAG(s) 'example_external_task_marker_child', 'example_external_task_marker_parent' retrieved from /home/airflow/.local/lib/python3.8/site-packages/airflow/example_dags/example_external_task_marker_dag.py
[2026-07-12T10:05:16.995+0000] {logging_mixin.py:188} INFO - [2026-07-12T10:05:16.995+0000] {dag.py:3036} INFO - Sync 2 DAGs
[2026-07-12T10:05:17.003+0000] {logging_mixin.py:188} INFO - [2026-07-12T10:05:17.003+0000] {dag.py:3823} INFO - Setting next_dagrun for example_external_task_marker_child to None, run_after=None
[2026-07-12T10:05:17.006+0000] {logging_mixin.py:188} INFO - [2026-07-12T10:05:17.006+0000] {dag.py:3823} INFO - Setting next_dagrun for example_external_task_marker_parent to None, run_after=None
[2026-07-12T10:05:17.018+0000] {processor.py:183} INFO - Processing /home/airflow/.local/lib/python3.8/site-packages/airflow/example_dags/example_external_task_marker_dag.py took 0.051 seconds
[2026-07-12T10:05:47.372+0000] {processor.py:161} INFO - Started process (PID=683) to work on /home/airflow/.local/lib/python3.8/site-packages/airflow/example_dags/example_external_task_marker_dag.py
[2026-07-12T10:05:47.373+0000] {processor.py:830} INFO - Processing file /home/airflow/.local/lib/python3.8/site-packages/airflow/example_dags/example_external_task_marker_dag.py for tasks to queue
[2026-07-12T10:05:47.375+0000] {logging_mixin.py:188} INFO - [2026-07-12T10:05:47.375+0000] {dagbag.py:538} INFO - Filling up the DagBag from /home/airflow/.local/lib/python3.8/site-packages/airflow/example_dags/example_external_task_marker_dag.py
[2026-07-12T10:05:47.380+0000] {processor.py:840} INFO - DAG(s) 'example_external_task_marker_child', 'example_external_task_marker_parent' retrieved from /home/airflow/.local/lib/python3.8/site-packages/airflow/example_dags/example_external_task_marker_dag.py
[2026-07-12T10:05:47.402+0000] {logging_mixin.py:188} INFO - [2026-07-12T10:05:47.402+0000] {dag.py:3036} INFO - Sync 2 DAGs
[2026-07-12T10:05:47.411+0000] {logging_mixin.py:188} INFO - [2026-07-12T10:05:47.411+0000] {dag.py:3823} INFO - Setting next_dagrun for example_external_task_marker_child to None, run_after=None
[2026-07-12T10:05:47.414+0000] {logging_mixin.py:188} INFO - [2026-07-12T10:05:47.414+0000] {dag.py:3823} INFO - Setting next_dagrun for example_external_task_marker_parent to None, run_after=None
[2026-07-12T10:05:47.432+0000] {processor.py:183} INFO - Processing /home/airflow/.local/lib/python3.8/site-packages/airflow/example_dags/example_external_task_marker_dag.py took 0.062 seconds
[2026-07-12T10:06:17.554+0000] {processor.py:161} INFO - Started process (PID=739) to work on /home/airflow/.local/lib/python3.8/site-packages/airflow/example_dags/example_external_task_marker_dag.py
[2026-07-12T10:06:17.555+0000] {processor.py:830} INFO - Processing file /home/airflow/.local/lib/python3.8/site-packages/airflow/example_dags/example_external_task_marker_dag.py for tasks to queue
[2026-07-12T10:06:17.557+0000] {logging_mixin.py:188} INFO - [2026-07-12T10:06:17.556+0000] {dagbag.py:538} INFO - Filling up the DagBag from /home/airflow/.local/lib/python3.8/site-packages/airflow/example_dags/example_external_task_marker_dag.py
[2026-07-12T10:06:17.561+0000] {processor.py:840} INFO - DAG(s) 'example_external_task_marker_child', 'example_external_task_marker_parent' retrieved from /home/airflow/.local/lib/python3.8/site-packages/airflow/example_dags/example_external_task_marker_dag.py
[2026-07-12T10:06:17.580+0000] {logging_mixin.py:188} INFO - [2026-07-12T10:06:17.580+0000] {dag.py:3036} INFO - Sync 2 DAGs
[2026-07-12T10:06:17.589+0000] {logging_mixin.py:188} INFO - [2026-07-12T10:06:17.589+0000] {dag.py:3823} INFO - Setting next_dagrun for example_external_task_marker_child to None, run_after=None
[2026-07-12T10:06:17.592+0000] {logging_mixin.py:188} INFO - [2026-07-12T10:06:17.592+0000] {dag.py:3823} INFO - Setting next_dagrun for example_external_task_marker_parent to None, run_after=None
[2026-07-12T10:06:17.604+0000] {processor.py:183} INFO - Processing /home/airflow/.local/lib/python3.8/site-packages/airflow/example_dags/example_external_task_marker_dag.py took 0.053 seconds
[2026-07-12T10:06:47.690+0000] {processor.py:161} INFO - Started process (PID=795) to work on /home/airflow/.local/lib/python3.8/site-packages/airflow/example_dags/example_external_task_marker_dag.py
[2026-07-12T10:06:47.691+0000] {processor.py:830} INFO - Processing file /home/airflow/.local/lib/python3.8/site-packages/airflow/example_dags/example_external_task_marker_dag.py for tasks to queue
[2026-07-12T10:06:47.692+0000] {logging_mixin.py:188} INFO - [2026-07-12T10:06:47.692+0000] {dagbag.py:538} INFO - Filling up the DagBag from /home/airflow/.local/lib/python3.8/site-packages/airflow/example_dags/example_external_task_marker_dag.py
[2026-07-12T10:06:47.699+0000] {processor.py:840} INFO - DAG(s) 'example_external_task_marker_parent', 'example_external_task_marker_child' retrieved from /home/airflow/.local/lib/python3.8/site-packages/airflow/example_dags/example_external_task_marker_dag.py
[2026-07-12T10:06:47.725+0000] {logging_mixin.py:188} INFO - [2026-07-12T10:06:47.725+0000] {dag.py:3036} INFO - Sync 2 DAGs
[2026-07-12T10:06:47.734+0000] {logging_mixin.py:188} INFO - [2026-07-12T10:06:47.734+0000] {dag.py:3823} INFO - Setting next_dagrun for example_external_task_marker_child to None, run_after=None
[2026-07-12T10:06:47.737+0000] {logging_mixin.py:188} INFO - [2026-07-12T10:06:47.737+0000] {dag.py:3823} INFO - Setting next_dagrun for example_external_task_marker_parent to None, run_after=None
[2026-07-12T10:06:47.750+0000] {processor.py:183} INFO - Processing /home/airflow/.local/lib/python3.8/site-packages/airflow/example_dags/example_external_task_marker_dag.py took 0.065 seconds
[2026-07-12T10:07:18.052+0000] {processor.py:161} INFO - Started process (PID=853) to work on /home/airflow/.local/lib/python3.8/site-packages/airflow/example_dags/example_external_task_marker_dag.py
[2026-07-12T10:07:18.053+0000] {processor.py:830} INFO - Processing file /home/airflow/.local/lib/python3.8/site-packages/airflow/example_dags/example_external_task_marker_dag.py for tasks to queue
[2026-07-12T10:07:18.054+0000] {logging_mixin.py:188} INFO - [2026-07-12T10:07:18.054+0000] {dagbag.py:538} INFO - Filling up the DagBag from /home/airflow/.local/lib/python3.8/site-packages/airflow/example_dags/example_external_task_marker_dag.py
[2026-07-12T10:07:18.059+0000] {processor.py:840} INFO - DAG(s) 'example_external_task_marker_parent', 'example_external_task_marker_child' retrieved from /home/airflow/.local/lib/python3.8/site-packages/airflow/example_dags/example_external_task_marker_dag.py
[2026-07-12T10:07:18.078+0000] {logging_mixin.py:188} INFO - [2026-07-12T10:07:18.078+0000] {dag.py:3036} INFO - Sync 2 DAGs
[2026-07-12T10:07:18.088+0000] {logging_mixin.py:188} INFO - [2026-07-12T10:07:18.088+0000] {dag.py:3823} INFO - Setting next_dagrun for example_external_task_marker_child to None, run_after=None
[2026-07-12T10:07:18.091+0000] {logging_mixin.py:188} INFO - [2026-07-12T10:07:18.090+0000] {dag.py:3823} INFO - Setting next_dagrun for example_external_task_marker_parent to None, run_after=None
[2026-07-12T10:07:18.103+0000] {processor.py:183} INFO - Processing /home/airflow/.local/lib/python3.8/site-packages/airflow/example_dags/example_external_task_marker_dag.py took 0.054 seconds
[2026-07-12T10:07:49.094+0000] {processor.py:161} INFO - Started process (PID=909) to work on /home/airflow/.local/lib/python3.8/site-packages/airflow/example_dags/example_external_task_marker_dag.py
[2026-07-12T10:07:49.095+0000] {processor.py:830} INFO - Processing file /home/airflow/.local/lib/python3.8/site-packages/airflow/example_dags/example_external_task_marker_dag.py for tasks to queue
[2026-07-12T10:07:49.096+0000] {logging_mixin.py:188} INFO - [2026-07-12T10:07:49.096+0000] {dagbag.py:538} INFO - Filling up the DagBag from /home/airflow/.local/lib/python3.8/site-packages/airflow/example_dags/example_external_task_marker_dag.py
[2026-07-12T10:07:49.101+0000] {processor.py:840} INFO - DAG(s) 'example_external_task_marker_parent', 'example_external_task_marker_child' retrieved from /home/airflow/.local/lib/python3.8/site-packages/airflow/example_dags/example_external_task_marker_dag.py
[2026-07-12T10:07:49.119+0000] {logging_mixin.py:188} INFO - [2026-07-12T10:07:49.119+0000] {dag.py:3036} INFO - Sync 2 DAGs
[2026-07-12T10:07:49.128+0000] {logging_mixin.py:188} INFO - [2026-07-12T10:07:49.128+0000] {dag.py:3823} INFO - Setting next_dagrun for example_external_task_marker_child to None, run_after=None
[2026-07-12T10:07:49.131+0000] {logging_mixin.py:188} INFO - [2026-07-12T10:07:49.131+0000] {dag.py:3823} INFO - Setting next_dagrun for example_external_task_marker_parent to None, run_after=None
[2026-07-12T10:07:49.144+0000] {processor.py:183} INFO - Processing /home/airflow/.local/lib/python3.8/site-packages/airflow/example_dags/example_external_task_marker_dag.py took 0.053 seconds
[2026-07-12T10:08:50.736+0000] {processor.py:161} INFO - Started process (PID=71) to work on /home/airflow/.local/lib/python3.8/site-packages/airflow/example_dags/example_external_task_marker_dag.py
[2026-07-12T10:08:50.739+0000] {processor.py:830} INFO - Processing file /home/airflow/.local/lib/python3.8/site-packages/airflow/example_dags/example_external_task_marker_dag.py for tasks to queue
[2026-07-12T10:08:50.742+0000] {logging_mixin.py:188} INFO - [2026-07-12T10:08:50.742+0000] {dagbag.py:538} INFO - Filling up the DagBag from /home/airflow/.local/lib/python3.8/site-packages/airflow/example_dags/example_external_task_marker_dag.py
[2026-07-12T10:08:50.753+0000] {processor.py:840} INFO - DAG(s) 'example_external_task_marker_parent', 'example_external_task_marker_child' retrieved from /home/airflow/.local/lib/python3.8/site-packages/airflow/example_dags/example_external_task_marker_dag.py
[2026-07-12T10:08:50.770+0000] {logging_mixin.py:188} INFO - [2026-07-12T10:08:50.770+0000] {dag.py:3036} INFO - Sync 2 DAGs
[2026-07-12T10:08:50.786+0000] {logging_mixin.py:188} INFO - [2026-07-12T10:08:50.786+0000] {dag.py:3823} INFO - Setting next_dagrun for example_external_task_marker_child to None, run_after=None
[2026-07-12T10:08:50.790+0000] {logging_mixin.py:188} INFO - [2026-07-12T10:08:50.790+0000] {dag.py:3823} INFO - Setting next_dagrun for example_external_task_marker_parent to None, run_after=None
[2026-07-12T10:08:50.813+0000] {processor.py:183} INFO - Processing /home/airflow/.local/lib/python3.8/site-packages/airflow/example_dags/example_external_task_marker_dag.py took 0.080 seconds
[2026-07-12T10:09:22.323+0000] {processor.py:161} INFO - Started process (PID=127) to work on /home/airflow/.local/lib/python3.8/site-packages/airflow/example_dags/example_external_task_marker_dag.py
[2026-07-12T10:09:22.325+0000] {processor.py:830} INFO - Processing file /home/airflow/.local/lib/python3.8/site-packages/airflow/example_dags/example_external_task_marker_dag.py for tasks to queue
[2026-07-12T10:09:22.327+0000] {logging_mixin.py:188} INFO - [2026-07-12T10:09:22.327+0000] {dagbag.py:538} INFO - Filling up the DagBag from /home/airflow/.local/lib/python3.8/site-packages/airflow/example_dags/example_external_task_marker_dag.py
[2026-07-12T10:09:22.336+0000] {processor.py:840} INFO - DAG(s) 'example_external_task_marker_child', 'example_external_task_marker_parent' retrieved from /home/airflow/.local/lib/python3.8/site-packages/airflow/example_dags/example_external_task_marker_dag.py
[2026-07-12T10:09:22.510+0000] {logging_mixin.py:188} INFO - [2026-07-12T10:09:22.509+0000] {dag.py:3036} INFO - Sync 2 DAGs
[2026-07-12T10:09:22.520+0000] {logging_mixin.py:188} INFO - [2026-07-12T10:09:22.520+0000] {dag.py:3823} INFO - Setting next_dagrun for example_external_task_marker_child to None, run_after=None
[2026-07-12T10:09:22.523+0000] {logging_mixin.py:188} INFO - [2026-07-12T10:09:22.523+0000] {dag.py:3823} INFO - Setting next_dagrun for example_external_task_marker_parent to None, run_after=None
[2026-07-12T10:09:22.543+0000] {processor.py:183} INFO - Processing /home/airflow/.local/lib/python3.8/site-packages/airflow/example_dags/example_external_task_marker_dag.py took 0.226 seconds
[2026-07-12T10:09:53.237+0000] {processor.py:161} INFO - Started process (PID=183) to work on /home/airflow/.local/lib/python3.8/site-packages/airflow/example_dags/example_external_task_marker_dag.py
[2026-07-12T10:09:53.238+0000] {processor.py:830} INFO - Processing file /home/airflow/.local/lib/python3.8/site-packages/airflow/example_dags/example_external_task_marker_dag.py for tasks to queue
[2026-07-12T10:09:53.240+0000] {logging_mixin.py:188} INFO - [2026-07-12T10:09:53.240+0000] {dagbag.py:538} INFO - Filling up the DagBag from /home/airflow/.local/lib/python3.8/site-packages/airflow/example_dags/example_external_task_marker_dag.py
[2026-07-12T10:09:53.246+0000] {processor.py:840} INFO - DAG(s) 'example_external_task_marker_child', 'example_external_task_marker_parent' retrieved from /home/airflow/.local/lib/python3.8/site-packages/airflow/example_dags/example_external_task_marker_dag.py
[2026-07-12T10:09:53.269+0000] {logging_mixin.py:188} INFO - [2026-07-12T10:09:53.269+0000] {dag.py:3036} INFO - Sync 2 DAGs
[2026-07-12T10:09:53.281+0000] {logging_mixin.py:188} INFO - [2026-07-12T10:09:53.281+0000] {dag.py:3823} INFO - Setting next_dagrun for example_external_task_marker_child to None, run_after=None
[2026-07-12T10:09:53.286+0000] {logging_mixin.py:188} INFO - [2026-07-12T10:09:53.286+0000] {dag.py:3823} INFO - Setting next_dagrun for example_external_task_marker_parent to None, run_after=None
[2026-07-12T10:09:53.302+0000] {processor.py:183} INFO - Processing /home/airflow/.local/lib/python3.8/site-packages/airflow/example_dags/example_external_task_marker_dag.py took 0.069 seconds
[2026-07-12T10:10:24.661+0000] {processor.py:161} INFO - Started process (PID=239) to work on /home/airflow/.local/lib/python3.8/site-packages/airflow/example_dags/example_external_task_marker_dag.py
[2026-07-12T10:10:24.662+0000] {processor.py:830} INFO - Processing file /home/airflow/.local/lib/python3.8/site-packages/airflow/example_dags/example_external_task_marker_dag.py for tasks to queue
[2026-07-12T10:10:24.663+0000] {logging_mixin.py:188} INFO - [2026-07-12T10:10:24.663+0000] {dagbag.py:538} INFO - Filling up the DagBag from /home/airflow/.local/lib/python3.8/site-packages/airflow/example_dags/example_external_task_marker_dag.py
[2026-07-12T10:10:24.670+0000] {processor.py:840} INFO - DAG(s) 'example_external_task_marker_parent', 'example_external_task_marker_child' retrieved from /home/airflow/.local/lib/python3.8/site-packages/airflow/example_dags/example_external_task_marker_dag.py
[2026-07-12T10:10:24.692+0000] {logging_mixin.py:188} INFO - [2026-07-12T10:10:24.692+0000] {dag.py:3036} INFO - Sync 2 DAGs
[2026-07-12T10:10:24.702+0000] {logging_mixin.py:188} INFO - [2026-07-12T10:10:24.702+0000] {dag.py:3823} INFO - Setting next_dagrun for example_external_task_marker_child to None, run_after=None
[2026-07-12T10:10:24.705+0000] {logging_mixin.py:188} INFO - [2026-07-12T10:10:24.705+0000] {dag.py:3823} INFO - Setting next_dagrun for example_external_task_marker_parent to None, run_after=None
[2026-07-12T10:10:24.720+0000] {processor.py:183} INFO - Processing /home/airflow/.local/lib/python3.8/site-packages/airflow/example_dags/example_external_task_marker_dag.py took 0.062 seconds
[2026-07-12T10:10:55.687+0000] {processor.py:161} INFO - Started process (PID=295) to work on /home/airflow/.local/lib/python3.8/site-packages/airflow/example_dags/example_external_task_marker_dag.py
[2026-07-12T10:10:55.689+0000] {processor.py:830} INFO - Processing file /home/airflow/.local/lib/python3.8/site-packages/airflow/example_dags/example_external_task_marker_dag.py for tasks to queue
[2026-07-12T10:10:55.691+0000] {logging_mixin.py:188} INFO - [2026-07-12T10:10:55.690+0000] {dagbag.py:538} INFO - Filling up the DagBag from /home/airflow/.local/lib/python3.8/site-packages/airflow/example_dags/example_external_task_marker_dag.py
[2026-07-12T10:10:55.697+0000] {processor.py:840} INFO - DAG(s) 'example_external_task_marker_child', 'example_external_task_marker_parent' retrieved from /home/airflow/.local/lib/python3.8/site-packages/airflow/example_dags/example_external_task_marker_dag.py
[2026-07-12T10:10:55.721+0000] {logging_mixin.py:188} INFO - [2026-07-12T10:10:55.721+0000] {dag.py:3036} INFO - Sync 2 DAGs
[2026-07-12T10:10:55.736+0000] {logging_mixin.py:188} INFO - [2026-07-12T10:10:55.735+0000] {dag.py:3823} INFO - Setting next_dagrun for example_external_task_marker_child to None, run_after=None
[2026-07-12T10:10:55.740+0000] {logging_mixin.py:188} INFO - [2026-07-12T10:10:55.740+0000] {dag.py:3823} INFO - Setting next_dagrun for example_external_task_marker_parent to None, run_after=None
[2026-07-12T10:10:55.758+0000] {processor.py:183} INFO - Processing /home/airflow/.local/lib/python3.8/site-packages/airflow/example_dags/example_external_task_marker_dag.py took 0.074 seconds
[2026-07-12T10:11:26.295+0000] {processor.py:161} INFO - Started process (PID=351) to work on /home/airflow/.local/lib/python3.8/site-packages/airflow/example_dags/example_external_task_marker_dag.py
[2026-07-12T10:11:26.296+0000] {processor.py:830} INFO - Processing file /home/airflow/.local/lib/python3.8/site-packages/airflow/example_dags/example_external_task_marker_dag.py for tasks to queue
[2026-07-12T10:11:26.298+0000] {logging_mixin.py:188} INFO - [2026-07-12T10:11:26.297+0000] {dagbag.py:538} INFO - Filling up the DagBag from /home/airflow/.local/lib/python3.8/site-packages/airflow/example_dags/example_external_task_marker_dag.py
[2026-07-12T10:11:26.302+0000] {processor.py:840} INFO - DAG(s) 'example_external_task_marker_parent', 'example_external_task_marker_child' retrieved from /home/airflow/.local/lib/python3.8/site-packages/airflow/example_dags/example_external_task_marker_dag.py
[2026-07-12T10:11:26.322+0000] {logging_mixin.py:188} INFO - [2026-07-12T10:11:26.322+0000] {dag.py:3036} INFO - Sync 2 DAGs
[2026-07-12T10:11:26.331+0000] {logging_mixin.py:188} INFO - [2026-07-12T10:11:26.331+0000] {dag.py:3823} INFO - Setting next_dagrun for example_external_task_marker_child to None, run_after=None
[2026-07-12T10:11:26.333+0000] {logging_mixin.py:188} INFO - [2026-07-12T10:11:26.333+0000] {dag.py:3823} INFO - Setting next_dagrun for example_external_task_marker_parent to None, run_after=None
[2026-07-12T10:11:26.346+0000] {processor.py:183} INFO - Processing /home/airflow/.local/lib/python3.8/site-packages/airflow/example_dags/example_external_task_marker_dag.py took 0.054 seconds
[2026-07-12T10:11:56.438+0000] {processor.py:161} INFO - Started process (PID=407) to work on /home/airflow/.local/lib/python3.8/site-packages/airflow/example_dags/example_external_task_marker_dag.py
[2026-07-12T10:11:56.448+0000] {processor.py:830} INFO - Processing file /home/airflow/.local/lib/python3.8/site-packages/airflow/example_dags/example_external_task_marker_dag.py for tasks to queue
[2026-07-12T10:11:56.450+0000] {logging_mixin.py:188} INFO - [2026-07-12T10:11:56.450+0000] {dagbag.py:538} INFO - Filling up the DagBag from /home/airflow/.local/lib/python3.8/site-packages/airflow/example_dags/example_external_task_marker_dag.py
[2026-07-12T10:11:56.463+0000] {processor.py:840} INFO - DAG(s) 'example_external_task_marker_parent', 'example_external_task_marker_child' retrieved from /home/airflow/.local/lib/python3.8/site-packages/airflow/example_dags/example_external_task_marker_dag.py
[2026-07-12T10:11:56.493+0000] {logging_mixin.py:188} INFO - [2026-07-12T10:11:56.493+0000] {dag.py:3036} INFO - Sync 2 DAGs
[2026-07-12T10:11:56.503+0000] {logging_mixin.py:188} INFO - [2026-07-12T10:11:56.503+0000] {dag.py:3823} INFO - Setting next_dagrun for example_external_task_marker_child to None, run_after=None
[2026-07-12T10:11:56.506+0000] {logging_mixin.py:188} INFO - [2026-07-12T10:11:56.506+0000] {dag.py:3823} INFO - Setting next_dagrun for example_external_task_marker_parent to None, run_after=None
[2026-07-12T10:11:56.525+0000] {processor.py:183} INFO - Processing /home/airflow/.local/lib/python3.8/site-packages/airflow/example_dags/example_external_task_marker_dag.py took 0.098 seconds
[2026-07-12T10:37:10.297+0000] {processor.py:161} INFO - Started process (PID=71) to work on /home/airflow/.local/lib/python3.8/site-packages/airflow/example_dags/example_external_task_marker_dag.py
[2026-07-12T10:37:10.299+0000] {processor.py:830} INFO - Processing file /home/airflow/.local/lib/python3.8/site-packages/airflow/example_dags/example_external_task_marker_dag.py for tasks to queue
[2026-07-12T10:37:10.301+0000] {logging_mixin.py:188} INFO - [2026-07-12T10:37:10.301+0000] {dagbag.py:538} INFO - Filling up the DagBag from /home/airflow/.local/lib/python3.8/site-packages/airflow/example_dags/example_external_task_marker_dag.py
[2026-07-12T10:37:10.311+0000] {processor.py:840} INFO - DAG(s) 'example_external_task_marker_parent', 'example_external_task_marker_child' retrieved from /home/airflow/.local/lib/python3.8/site-packages/airflow/example_dags/example_external_task_marker_dag.py
[2026-07-12T10:37:10.327+0000] {logging_mixin.py:188} INFO - [2026-07-12T10:37:10.327+0000] {dag.py:3036} INFO - Sync 2 DAGs
[2026-07-12T10:37:10.341+0000] {logging_mixin.py:188} INFO - [2026-07-12T10:37:10.341+0000] {dag.py:3823} INFO - Setting next_dagrun for example_external_task_marker_child to None, run_after=None
[2026-07-12T10:37:10.345+0000] {logging_mixin.py:188} INFO - [2026-07-12T10:37:10.345+0000] {dag.py:3823} INFO - Setting next_dagrun for example_external_task_marker_parent to None, run_after=None
[2026-07-12T10:37:10.371+0000] {processor.py:183} INFO - Processing /home/airflow/.local/lib/python3.8/site-packages/airflow/example_dags/example_external_task_marker_dag.py took 0.077 seconds
[2026-07-12T10:37:41.475+0000] {processor.py:161} INFO - Started process (PID=127) to work on /home/airflow/.local/lib/python3.8/site-packages/airflow/example_dags/example_external_task_marker_dag.py
[2026-07-12T10:37:41.477+0000] {processor.py:830} INFO - Processing file /home/airflow/.local/lib/python3.8/site-packages/airflow/example_dags/example_external_task_marker_dag.py for tasks to queue
[2026-07-12T10:37:41.480+0000] {logging_mixin.py:188} INFO - [2026-07-12T10:37:41.479+0000] {dagbag.py:538} INFO - Filling up the DagBag from /home/airflow/.local/lib/python3.8/site-packages/airflow/example_dags/example_external_task_marker_dag.py
[2026-07-12T10:37:41.489+0000] {processor.py:840} INFO - DAG(s) 'example_external_task_marker_child', 'example_external_task_marker_parent' retrieved from /home/airflow/.local/lib/python3.8/site-packages/airflow/example_dags/example_external_task_marker_dag.py
[2026-07-12T10:37:41.648+0000] {logging_mixin.py:188} INFO - [2026-07-12T10:37:41.647+0000] {dag.py:3036} INFO - Sync 2 DAGs
[2026-07-12T10:37:41.669+0000] {logging_mixin.py:188} INFO - [2026-07-12T10:37:41.668+0000] {dag.py:3823} INFO - Setting next_dagrun for example_external_task_marker_child to None, run_after=None
[2026-07-12T10:37:41.676+0000] {logging_mixin.py:188} INFO - [2026-07-12T10:37:41.675+0000] {dag.py:3823} INFO - Setting next_dagrun for example_external_task_marker_parent to None, run_after=None
[2026-07-12T10:37:41.703+0000] {processor.py:183} INFO - Processing /home/airflow/.local/lib/python3.8/site-packages/airflow/example_dags/example_external_task_marker_dag.py took 0.231 seconds
[2026-07-12T10:38:12.530+0000] {processor.py:161} INFO - Started process (PID=183) to work on /home/airflow/.local/lib/python3.8/site-packages/airflow/example_dags/example_external_task_marker_dag.py
[2026-07-12T10:38:12.531+0000] {processor.py:830} INFO - Processing file /home/airflow/.local/lib/python3.8/site-packages/airflow/example_dags/example_external_task_marker_dag.py for tasks to queue
[2026-07-12T10:38:12.533+0000] {logging_mixin.py:188} INFO - [2026-07-12T10:38:12.533+0000] {dagbag.py:538} INFO - Filling up the DagBag from /home/airflow/.local/lib/python3.8/site-packages/airflow/example_dags/example_external_task_marker_dag.py
[2026-07-12T10:38:12.538+0000] {processor.py:840} INFO - DAG(s) 'example_external_task_marker_parent', 'example_external_task_marker_child' retrieved from /home/airflow/.local/lib/python3.8/site-packages/airflow/example_dags/example_external_task_marker_dag.py
[2026-07-12T10:38:12.555+0000] {logging_mixin.py:188} INFO - [2026-07-12T10:38:12.555+0000] {dag.py:3036} INFO - Sync 2 DAGs
[2026-07-12T10:38:12.564+0000] {logging_mixin.py:188} INFO - [2026-07-12T10:38:12.564+0000] {dag.py:3823} INFO - Setting next_dagrun for example_external_task_marker_child to None, run_after=None
[2026-07-12T10:38:12.567+0000] {logging_mixin.py:188} INFO - [2026-07-12T10:38:12.567+0000] {dag.py:3823} INFO - Setting next_dagrun for example_external_task_marker_parent to None, run_after=None
[2026-07-12T10:38:12.582+0000] {processor.py:183} INFO - Processing /home/airflow/.local/lib/python3.8/site-packages/airflow/example_dags/example_external_task_marker_dag.py took 0.055 seconds
[2026-07-12T10:38:42.861+0000] {processor.py:161} INFO - Started process (PID=239) to work on /home/airflow/.local/lib/python3.8/site-packages/airflow/example_dags/example_external_task_marker_dag.py
[2026-07-12T10:38:42.862+0000] {processor.py:830} INFO - Processing file /home/airflow/.local/lib/python3.8/site-packages/airflow/example_dags/example_external_task_marker_dag.py for tasks to queue
[2026-07-12T10:38:42.864+0000] {logging_mixin.py:188} INFO - [2026-07-12T10:38:42.863+0000] {dagbag.py:538} INFO - Filling up the DagBag from /home/airflow/.local/lib/python3.8/site-packages/airflow/example_dags/example_external_task_marker_dag.py
[2026-07-12T10:38:42.869+0000] {processor.py:840} INFO - DAG(s) 'example_external_task_marker_child', 'example_external_task_marker_parent' retrieved from /home/airflow/.local/lib/python3.8/site-packages/airflow/example_dags/example_external_task_marker_dag.py
[2026-07-12T10:38:42.889+0000] {logging_mixin.py:188} INFO - [2026-07-12T10:38:42.889+0000] {dag.py:3036} INFO - Sync 2 DAGs
[2026-07-12T10:38:42.899+0000] {logging_mixin.py:188} INFO - [2026-07-12T10:38:42.899+0000] {dag.py:3823} INFO - Setting next_dagrun for example_external_task_marker_child to None, run_after=None
[2026-07-12T10:38:42.903+0000] {logging_mixin.py:188} INFO - [2026-07-12T10:38:42.902+0000] {dag.py:3823} INFO - Setting next_dagrun for example_external_task_marker_parent to None, run_after=None
[2026-07-12T10:38:42.916+0000] {processor.py:183} INFO - Processing /home/airflow/.local/lib/python3.8/site-packages/airflow/example_dags/example_external_task_marker_dag.py took 0.058 seconds
[2026-07-12T10:39:13.009+0000] {processor.py:161} INFO - Started process (PID=314) to work on /home/airflow/.local/lib/python3.8/site-packages/airflow/example_dags/example_external_task_marker_dag.py
[2026-07-12T10:39:13.010+0000] {processor.py:830} INFO - Processing file /home/airflow/.local/lib/python3.8/site-packages/airflow/example_dags/example_external_task_marker_dag.py for tasks to queue
[2026-07-12T10:39:13.011+0000] {logging_mixin.py:188} INFO - [2026-07-12T10:39:13.011+0000] {dagbag.py:538} INFO - Filling up the DagBag from /home/airflow/.local/lib/python3.8/site-packages/airflow/example_dags/example_external_task_marker_dag.py
[2026-07-12T10:39:13.018+0000] {processor.py:840} INFO - DAG(s) 'example_external_task_marker_parent', 'example_external_task_marker_child' retrieved from /home/airflow/.local/lib/python3.8/site-packages/airflow/example_dags/example_external_task_marker_dag.py
[2026-07-12T10:39:13.040+0000] {logging_mixin.py:188} INFO - [2026-07-12T10:39:13.040+0000] {dag.py:3036} INFO - Sync 2 DAGs
[2026-07-12T10:39:13.060+0000] {logging_mixin.py:188} INFO - [2026-07-12T10:39:13.059+0000] {dag.py:3823} INFO - Setting next_dagrun for example_external_task_marker_child to None, run_after=None
[2026-07-12T10:39:13.066+0000] {logging_mixin.py:188} INFO - [2026-07-12T10:39:13.065+0000] {dag.py:3823} INFO - Setting next_dagrun for example_external_task_marker_parent to None, run_after=None
[2026-07-12T10:39:13.080+0000] {processor.py:183} INFO - Processing /home/airflow/.local/lib/python3.8/site-packages/airflow/example_dags/example_external_task_marker_dag.py took 0.074 seconds
[2026-07-12T10:39:43.416+0000] {processor.py:161} INFO - Started process (PID=370) to work on /home/airflow/.local/lib/python3.8/site-packages/airflow/example_dags/example_external_task_marker_dag.py
[2026-07-12T10:39:43.417+0000] {processor.py:830} INFO - Processing file /home/airflow/.local/lib/python3.8/site-packages/airflow/example_dags/example_external_task_marker_dag.py for tasks to queue
[2026-07-12T10:39:43.418+0000] {logging_mixin.py:188} INFO - [2026-07-12T10:39:43.418+0000] {dagbag.py:538} INFO - Filling up the DagBag from /home/airflow/.local/lib/python3.8/site-packages/airflow/example_dags/example_external_task_marker_dag.py
[2026-07-12T10:39:43.423+0000] {processor.py:840} INFO - DAG(s) 'example_external_task_marker_parent', 'example_external_task_marker_child' retrieved from /home/airflow/.local/lib/python3.8/site-packages/airflow/example_dags/example_external_task_marker_dag.py
[2026-07-12T10:39:43.440+0000] {logging_mixin.py:188} INFO - [2026-07-12T10:39:43.440+0000] {dag.py:3036} INFO - Sync 2 DAGs
[2026-07-12T10:39:43.450+0000] {logging_mixin.py:188} INFO - [2026-07-12T10:39:43.449+0000] {dag.py:3823} INFO - Setting next_dagrun for example_external_task_marker_child to None, run_after=None
[2026-07-12T10:39:43.453+0000] {logging_mixin.py:188} INFO - [2026-07-12T10:39:43.452+0000] {dag.py:3823} INFO - Setting next_dagrun for example_external_task_marker_parent to None, run_after=None
[2026-07-12T10:39:43.466+0000] {processor.py:183} INFO - Processing /home/airflow/.local/lib/python3.8/site-packages/airflow/example_dags/example_external_task_marker_dag.py took 0.052 seconds
[2026-07-12T10:40:13.678+0000] {processor.py:161} INFO - Started process (PID=426) to work on /home/airflow/.local/lib/python3.8/site-packages/airflow/example_dags/example_external_task_marker_dag.py
[2026-07-12T10:40:13.679+0000] {processor.py:830} INFO - Processing file /home/airflow/.local/lib/python3.8/site-packages/airflow/example_dags/example_external_task_marker_dag.py for tasks to queue
[2026-07-12T10:40:13.682+0000] {logging_mixin.py:188} INFO - [2026-07-12T10:40:13.682+0000] {dagbag.py:538} INFO - Filling up the DagBag from /home/airflow/.local/lib/python3.8/site-packages/airflow/example_dags/example_external_task_marker_dag.py
[2026-07-12T10:40:13.691+0000] {processor.py:840} INFO - DAG(s) 'example_external_task_marker_parent', 'example_external_task_marker_child' retrieved from /home/airflow/.local/lib/python3.8/site-packages/airflow/example_dags/example_external_task_marker_dag.py
[2026-07-12T10:40:13.719+0000] {logging_mixin.py:188} INFO - [2026-07-12T10:40:13.719+0000] {dag.py:3036} INFO - Sync 2 DAGs
[2026-07-12T10:40:13.732+0000] {logging_mixin.py:188} INFO - [2026-07-12T10:40:13.731+0000] {dag.py:3823} INFO - Setting next_dagrun for example_external_task_marker_child to None, run_after=None
[2026-07-12T10:40:13.734+0000] {logging_mixin.py:188} INFO - [2026-07-12T10:40:13.734+0000] {dag.py:3823} INFO - Setting next_dagrun for example_external_task_marker_parent to None, run_after=None
[2026-07-12T10:40:13.747+0000] {processor.py:183} INFO - Processing /home/airflow/.local/lib/python3.8/site-packages/airflow/example_dags/example_external_task_marker_dag.py took 0.072 seconds
[2026-07-12T10:40:44.833+0000] {processor.py:161} INFO - Started process (PID=501) to work on /home/airflow/.local/lib/python3.8/site-packages/airflow/example_dags/example_external_task_marker_dag.py
[2026-07-12T10:40:44.835+0000] {processor.py:830} INFO - Processing file /home/airflow/.local/lib/python3.8/site-packages/airflow/example_dags/example_external_task_marker_dag.py for tasks to queue
[2026-07-12T10:40:44.840+0000] {logging_mixin.py:188} INFO - [2026-07-12T10:40:44.839+0000] {dagbag.py:538} INFO - Filling up the DagBag from /home/airflow/.local/lib/python3.8/site-packages/airflow/example_dags/example_external_task_marker_dag.py
[2026-07-12T10:40:44.852+0000] {processor.py:840} INFO - DAG(s) 'example_external_task_marker_parent', 'example_external_task_marker_child' retrieved from /home/airflow/.local/lib/python3.8/site-packages/airflow/example_dags/example_external_task_marker_dag.py
[2026-07-12T10:40:44.902+0000] {logging_mixin.py:188} INFO - [2026-07-12T10:40:44.902+0000] {dag.py:3036} INFO - Sync 2 DAGs
[2026-07-12T10:40:44.925+0000] {logging_mixin.py:188} INFO - [2026-07-12T10:40:44.924+0000] {dag.py:3823} INFO - Setting next_dagrun for example_external_task_marker_child to None, run_after=None
[2026-07-12T10:40:44.932+0000] {logging_mixin.py:188} INFO - [2026-07-12T10:40:44.931+0000] {dag.py:3823} INFO - Setting next_dagrun for example_external_task_marker_parent to None, run_after=None
[2026-07-12T10:40:44.963+0000] {processor.py:183} INFO - Processing /home/airflow/.local/lib/python3.8/site-packages/airflow/example_dags/example_external_task_marker_dag.py took 0.138 seconds
[2026-07-12T10:41:15.145+0000] {processor.py:161} INFO - Started process (PID=557) to work on /home/airflow/.local/lib/python3.8/site-packages/airflow/example_dags/example_external_task_marker_dag.py
[2026-07-12T10:41:15.146+0000] {processor.py:830} INFO - Processing file /home/airflow/.local/lib/python3.8/site-packages/airflow/example_dags/example_external_task_marker_dag.py for tasks to queue
[2026-07-12T10:41:15.147+0000] {logging_mixin.py:188} INFO - [2026-07-12T10:41:15.147+0000] {dagbag.py:538} INFO - Filling up the DagBag from /home/airflow/.local/lib/python3.8/site-packages/airflow/example_dags/example_external_task_marker_dag.py
[2026-07-12T10:41:15.153+0000] {processor.py:840} INFO - DAG(s) 'example_external_task_marker_child', 'example_external_task_marker_parent' retrieved from /home/airflow/.local/lib/python3.8/site-packages/airflow/example_dags/example_external_task_marker_dag.py
[2026-07-12T10:41:15.171+0000] {logging_mixin.py:188} INFO - [2026-07-12T10:41:15.171+0000] {dag.py:3036} INFO - Sync 2 DAGs
[2026-07-12T10:41:15.181+0000] {logging_mixin.py:188} INFO - [2026-07-12T10:41:15.181+0000] {dag.py:3823} INFO - Setting next_dagrun for example_external_task_marker_child to None, run_after=None
[2026-07-12T10:41:15.184+0000] {logging_mixin.py:188} INFO - [2026-07-12T10:41:15.184+0000] {dag.py:3823} INFO - Setting next_dagrun for example_external_task_marker_parent to None, run_after=None
[2026-07-12T10:41:15.199+0000] {processor.py:183} INFO - Processing /home/airflow/.local/lib/python3.8/site-packages/airflow/example_dags/example_external_task_marker_dag.py took 0.057 seconds
[2026-07-12T10:41:45.290+0000] {processor.py:161} INFO - Started process (PID=613) to work on /home/airflow/.local/lib/python3.8/site-packages/airflow/example_dags/example_external_task_marker_dag.py
[2026-07-12T10:41:45.291+0000] {processor.py:830} INFO - Processing file /home/airflow/.local/lib/python3.8/site-packages/airflow/example_dags/example_external_task_marker_dag.py for tasks to queue
[2026-07-12T10:41:45.293+0000] {logging_mixin.py:188} INFO - [2026-07-12T10:41:45.293+0000] {dagbag.py:538} INFO - Filling up the DagBag from /home/airflow/.local/lib/python3.8/site-packages/airflow/example_dags/example_external_task_marker_dag.py
[2026-07-12T10:41:45.301+0000] {processor.py:840} INFO - DAG(s) 'example_external_task_marker_parent', 'example_external_task_marker_child' retrieved from /home/airflow/.local/lib/python3.8/site-packages/airflow/example_dags/example_external_task_marker_dag.py
[2026-07-12T10:41:45.329+0000] {logging_mixin.py:188} INFO - [2026-07-12T10:41:45.329+0000] {dag.py:3036} INFO - Sync 2 DAGs
[2026-07-12T10:41:45.340+0000] {logging_mixin.py:188} INFO - [2026-07-12T10:41:45.340+0000] {dag.py:3823} INFO - Setting next_dagrun for example_external_task_marker_child to None, run_after=None
[2026-07-12T10:41:45.344+0000] {logging_mixin.py:188} INFO - [2026-07-12T10:41:45.344+0000] {dag.py:3823} INFO - Setting next_dagrun for example_external_task_marker_parent to None, run_after=None
[2026-07-12T10:41:45.360+0000] {processor.py:183} INFO - Processing /home/airflow/.local/lib/python3.8/site-packages/airflow/example_dags/example_external_task_marker_dag.py took 0.073 seconds
[2026-07-12T10:42:15.892+0000] {processor.py:161} INFO - Started process (PID=669) to work on /home/airflow/.local/lib/python3.8/site-packages/airflow/example_dags/example_external_task_marker_dag.py
[2026-07-12T10:42:15.893+0000] {processor.py:830} INFO - Processing file /home/airflow/.local/lib/python3.8/site-packages/airflow/example_dags/example_external_task_marker_dag.py for tasks to queue
[2026-07-12T10:42:15.894+0000] {logging_mixin.py:188} INFO - [2026-07-12T10:42:15.894+0000] {dagbag.py:538} INFO - Filling up the DagBag from /home/airflow/.local/lib/python3.8/site-packages/airflow/example_dags/example_external_task_marker_dag.py
[2026-07-12T10:42:15.899+0000] {processor.py:840} INFO - DAG(s) 'example_external_task_marker_child', 'example_external_task_marker_parent' retrieved from /home/airflow/.local/lib/python3.8/site-packages/airflow/example_dags/example_external_task_marker_dag.py
[2026-07-12T10:42:15.920+0000] {logging_mixin.py:188} INFO - [2026-07-12T10:42:15.919+0000] {dag.py:3036} INFO - Sync 2 DAGs
[2026-07-12T10:42:15.929+0000] {logging_mixin.py:188} INFO - [2026-07-12T10:42:15.928+0000] {dag.py:3823} INFO - Setting next_dagrun for example_external_task_marker_child to None, run_after=None
[2026-07-12T10:42:15.932+0000] {logging_mixin.py:188} INFO - [2026-07-12T10:42:15.932+0000] {dag.py:3823} INFO - Setting next_dagrun for example_external_task_marker_parent to None, run_after=None
[2026-07-12T10:42:15.945+0000] {processor.py:183} INFO - Processing /home/airflow/.local/lib/python3.8/site-packages/airflow/example_dags/example_external_task_marker_dag.py took 0.057 seconds
[2026-07-12T10:42:46.372+0000] {processor.py:161} INFO - Started process (PID=725) to work on /home/airflow/.local/lib/python3.8/site-packages/airflow/example_dags/example_external_task_marker_dag.py
[2026-07-12T10:42:46.373+0000] {processor.py:830} INFO - Processing file /home/airflow/.local/lib/python3.8/site-packages/airflow/example_dags/example_external_task_marker_dag.py for tasks to queue
[2026-07-12T10:42:46.375+0000] {logging_mixin.py:188} INFO - [2026-07-12T10:42:46.374+0000] {dagbag.py:538} INFO - Filling up the DagBag from /home/airflow/.local/lib/python3.8/site-packages/airflow/example_dags/example_external_task_marker_dag.py
[2026-07-12T10:42:46.379+0000] {processor.py:840} INFO - DAG(s) 'example_external_task_marker_parent', 'example_external_task_marker_child' retrieved from /home/airflow/.local/lib/python3.8/site-packages/airflow/example_dags/example_external_task_marker_dag.py
[2026-07-12T10:42:46.398+0000] {logging_mixin.py:188} INFO - [2026-07-12T10:42:46.397+0000] {dag.py:3036} INFO - Sync 2 DAGs
[2026-07-12T10:42:46.407+0000] {logging_mixin.py:188} INFO - [2026-07-12T10:42:46.406+0000] {dag.py:3823} INFO - Setting next_dagrun for example_external_task_marker_child to None, run_after=None
[2026-07-12T10:42:46.409+0000] {logging_mixin.py:188} INFO - [2026-07-12T10:42:46.409+0000] {dag.py:3823} INFO - Setting next_dagrun for example_external_task_marker_parent to None, run_after=None
[2026-07-12T10:42:46.421+0000] {processor.py:183} INFO - Processing /home/airflow/.local/lib/python3.8/site-packages/airflow/example_dags/example_external_task_marker_dag.py took 0.052 seconds
[2026-07-12T10:43:16.918+0000] {processor.py:161} INFO - Started process (PID=781) to work on /home/airflow/.local/lib/python3.8/site-packages/airflow/example_dags/example_external_task_marker_dag.py
[2026-07-12T10:43:16.919+0000] {processor.py:830} INFO - Processing file /home/airflow/.local/lib/python3.8/site-packages/airflow/example_dags/example_external_task_marker_dag.py for tasks to queue
[2026-07-12T10:43:16.921+0000] {logging_mixin.py:188} INFO - [2026-07-12T10:43:16.920+0000] {dagbag.py:538} INFO - Filling up the DagBag from /home/airflow/.local/lib/python3.8/site-packages/airflow/example_dags/example_external_task_marker_dag.py
[2026-07-12T10:43:16.926+0000] {processor.py:840} INFO - DAG(s) 'example_external_task_marker_parent', 'example_external_task_marker_child' retrieved from /home/airflow/.local/lib/python3.8/site-packages/airflow/example_dags/example_external_task_marker_dag.py
[2026-07-12T10:43:16.949+0000] {logging_mixin.py:188} INFO - [2026-07-12T10:43:16.949+0000] {dag.py:3036} INFO - Sync 2 DAGs
[2026-07-12T10:43:16.959+0000] {logging_mixin.py:188} INFO - [2026-07-12T10:43:16.958+0000] {dag.py:3823} INFO - Setting next_dagrun for example_external_task_marker_child to None, run_after=None
[2026-07-12T10:43:16.962+0000] {logging_mixin.py:188} INFO - [2026-07-12T10:43:16.962+0000] {dag.py:3823} INFO - Setting next_dagrun for example_external_task_marker_parent to None, run_after=None
[2026-07-12T10:43:16.976+0000] {processor.py:183} INFO - Processing /home/airflow/.local/lib/python3.8/site-packages/airflow/example_dags/example_external_task_marker_dag.py took 0.062 seconds
[2026-07-12T10:43:47.219+0000] {processor.py:161} INFO - Started process (PID=837) to work on /home/airflow/.local/lib/python3.8/site-packages/airflow/example_dags/example_external_task_marker_dag.py
[2026-07-12T10:43:47.221+0000] {processor.py:830} INFO - Processing file /home/airflow/.local/lib/python3.8/site-packages/airflow/example_dags/example_external_task_marker_dag.py for tasks to queue
[2026-07-12T10:43:47.223+0000] {logging_mixin.py:188} INFO - [2026-07-12T10:43:47.223+0000] {dagbag.py:538} INFO - Filling up the DagBag from /home/airflow/.local/lib/python3.8/site-packages/airflow/example_dags/example_external_task_marker_dag.py
[2026-07-12T10:43:47.232+0000] {processor.py:840} INFO - DAG(s) 'example_external_task_marker_parent', 'example_external_task_marker_child' retrieved from /home/airflow/.local/lib/python3.8/site-packages/airflow/example_dags/example_external_task_marker_dag.py
[2026-07-12T10:43:47.255+0000] {logging_mixin.py:188} INFO - [2026-07-12T10:43:47.255+0000] {dag.py:3036} INFO - Sync 2 DAGs
[2026-07-12T10:43:47.272+0000] {logging_mixin.py:188} INFO - [2026-07-12T10:43:47.272+0000] {dag.py:3823} INFO - Setting next_dagrun for example_external_task_marker_child to None, run_after=None
[2026-07-12T10:43:47.274+0000] {logging_mixin.py:188} INFO - [2026-07-12T10:43:47.274+0000] {dag.py:3823} INFO - Setting next_dagrun for example_external_task_marker_parent to None, run_after=None
[2026-07-12T10:43:47.287+0000] {processor.py:183} INFO - Processing /home/airflow/.local/lib/python3.8/site-packages/airflow/example_dags/example_external_task_marker_dag.py took 0.072 seconds
[2026-07-12T10:44:17.405+0000] {processor.py:161} INFO - Started process (PID=893) to work on /home/airflow/.local/lib/python3.8/site-packages/airflow/example_dags/example_external_task_marker_dag.py
[2026-07-12T10:44:17.407+0000] {processor.py:830} INFO - Processing file /home/airflow/.local/lib/python3.8/site-packages/airflow/example_dags/example_external_task_marker_dag.py for tasks to queue
[2026-07-12T10:44:17.408+0000] {logging_mixin.py:188} INFO - [2026-07-12T10:44:17.408+0000] {dagbag.py:538} INFO - Filling up the DagBag from /home/airflow/.local/lib/python3.8/site-packages/airflow/example_dags/example_external_task_marker_dag.py
[2026-07-12T10:44:17.416+0000] {processor.py:840} INFO - DAG(s) 'example_external_task_marker_parent', 'example_external_task_marker_child' retrieved from /home/airflow/.local/lib/python3.8/site-packages/airflow/example_dags/example_external_task_marker_dag.py
[2026-07-12T10:44:17.454+0000] {logging_mixin.py:188} INFO - [2026-07-12T10:44:17.453+0000] {dag.py:3036} INFO - Sync 2 DAGs
[2026-07-12T10:44:17.471+0000] {logging_mixin.py:188} INFO - [2026-07-12T10:44:17.471+0000] {dag.py:3823} INFO - Setting next_dagrun for example_external_task_marker_child to None, run_after=None
[2026-07-12T10:44:17.475+0000] {logging_mixin.py:188} INFO - [2026-07-12T10:44:17.474+0000] {dag.py:3823} INFO - Setting next_dagrun for example_external_task_marker_parent to None, run_after=None
[2026-07-12T10:44:17.499+0000] {processor.py:183} INFO - Processing /home/airflow/.local/lib/python3.8/site-packages/airflow/example_dags/example_external_task_marker_dag.py took 0.097 seconds
[2026-07-12T10:44:47.734+0000] {processor.py:161} INFO - Started process (PID=949) to work on /home/airflow/.local/lib/python3.8/site-packages/airflow/example_dags/example_external_task_marker_dag.py
[2026-07-12T10:44:47.735+0000] {processor.py:830} INFO - Processing file /home/airflow/.local/lib/python3.8/site-packages/airflow/example_dags/example_external_task_marker_dag.py for tasks to queue
[2026-07-12T10:44:47.737+0000] {logging_mixin.py:188} INFO - [2026-07-12T10:44:47.737+0000] {dagbag.py:538} INFO - Filling up the DagBag from /home/airflow/.local/lib/python3.8/site-packages/airflow/example_dags/example_external_task_marker_dag.py
[2026-07-12T10:44:47.742+0000] {processor.py:840} INFO - DAG(s) 'example_external_task_marker_child', 'example_external_task_marker_parent' retrieved from /home/airflow/.local/lib/python3.8/site-packages/airflow/example_dags/example_external_task_marker_dag.py
[2026-07-12T10:44:47.768+0000] {logging_mixin.py:188} INFO - [2026-07-12T10:44:47.767+0000] {dag.py:3036} INFO - Sync 2 DAGs
[2026-07-12T10:44:47.780+0000] {logging_mixin.py:188} INFO - [2026-07-12T10:44:47.780+0000] {dag.py:3823} INFO - Setting next_dagrun for example_external_task_marker_child to None, run_after=None
[2026-07-12T10:44:47.783+0000] {logging_mixin.py:188} INFO - [2026-07-12T10:44:47.783+0000] {dag.py:3823} INFO - Setting next_dagrun for example_external_task_marker_parent to None, run_after=None
[2026-07-12T10:44:47.796+0000] {processor.py:183} INFO - Processing /home/airflow/.local/lib/python3.8/site-packages/airflow/example_dags/example_external_task_marker_dag.py took 0.064 seconds
[2026-07-12T10:45:18.022+0000] {processor.py:161} INFO - Started process (PID=1005) to work on /home/airflow/.local/lib/python3.8/site-packages/airflow/example_dags/example_external_task_marker_dag.py
[2026-07-12T10:45:18.023+0000] {processor.py:830} INFO - Processing file /home/airflow/.local/lib/python3.8/site-packages/airflow/example_dags/example_external_task_marker_dag.py for tasks to queue
[2026-07-12T10:45:18.025+0000] {logging_mixin.py:188} INFO - [2026-07-12T10:45:18.024+0000] {dagbag.py:538} INFO - Filling up the DagBag from /home/airflow/.local/lib/python3.8/site-packages/airflow/example_dags/example_external_task_marker_dag.py
[2026-07-12T10:45:18.030+0000] {processor.py:840} INFO - DAG(s) 'example_external_task_marker_child', 'example_external_task_marker_parent' retrieved from /home/airflow/.local/lib/python3.8/site-packages/airflow/example_dags/example_external_task_marker_dag.py
[2026-07-12T10:45:18.047+0000] {logging_mixin.py:188} INFO - [2026-07-12T10:45:18.047+0000] {dag.py:3036} INFO - Sync 2 DAGs
[2026-07-12T10:45:18.057+0000] {logging_mixin.py:188} INFO - [2026-07-12T10:45:18.056+0000] {dag.py:3823} INFO - Setting next_dagrun for example_external_task_marker_child to None, run_after=None
[2026-07-12T10:45:18.059+0000] {logging_mixin.py:188} INFO - [2026-07-12T10:45:18.059+0000] {dag.py:3823} INFO - Setting next_dagrun for example_external_task_marker_parent to None, run_after=None
[2026-07-12T10:45:18.071+0000] {processor.py:183} INFO - Processing /home/airflow/.local/lib/python3.8/site-packages/airflow/example_dags/example_external_task_marker_dag.py took 0.051 seconds
[2026-07-12T10:45:48.276+0000] {processor.py:161} INFO - Started process (PID=1061) to work on /home/airflow/.local/lib/python3.8/site-packages/airflow/example_dags/example_external_task_marker_dag.py
[2026-07-12T10:45:48.277+0000] {processor.py:830} INFO - Processing file /home/airflow/.local/lib/python3.8/site-packages/airflow/example_dags/example_external_task_marker_dag.py for tasks to queue
[2026-07-12T10:45:48.279+0000] {logging_mixin.py:188} INFO - [2026-07-12T10:45:48.278+0000] {dagbag.py:538} INFO - Filling up the DagBag from /home/airflow/.local/lib/python3.8/site-packages/airflow/example_dags/example_external_task_marker_dag.py
[2026-07-12T10:45:48.283+0000] {processor.py:840} INFO - DAG(s) 'example_external_task_marker_child', 'example_external_task_marker_parent' retrieved from /home/airflow/.local/lib/python3.8/site-packages/airflow/example_dags/example_external_task_marker_dag.py
[2026-07-12T10:45:48.301+0000] {logging_mixin.py:188} INFO - [2026-07-12T10:45:48.300+0000] {dag.py:3036} INFO - Sync 2 DAGs
[2026-07-12T10:45:48.310+0000] {logging_mixin.py:188} INFO - [2026-07-12T10:45:48.309+0000] {dag.py:3823} INFO - Setting next_dagrun for example_external_task_marker_child to None, run_after=None
[2026-07-12T10:45:48.312+0000] {logging_mixin.py:188} INFO - [2026-07-12T10:45:48.312+0000] {dag.py:3823} INFO - Setting next_dagrun for example_external_task_marker_parent to None, run_after=None
[2026-07-12T10:45:48.326+0000] {processor.py:183} INFO - Processing /home/airflow/.local/lib/python3.8/site-packages/airflow/example_dags/example_external_task_marker_dag.py took 0.053 seconds
[2026-07-12T10:46:18.876+0000] {processor.py:161} INFO - Started process (PID=1130) to work on /home/airflow/.local/lib/python3.8/site-packages/airflow/example_dags/example_external_task_marker_dag.py
[2026-07-12T10:46:18.878+0000] {processor.py:830} INFO - Processing file /home/airflow/.local/lib/python3.8/site-packages/airflow/example_dags/example_external_task_marker_dag.py for tasks to queue
[2026-07-12T10:46:18.879+0000] {logging_mixin.py:188} INFO - [2026-07-12T10:46:18.879+0000] {dagbag.py:538} INFO - Filling up the DagBag from /home/airflow/.local/lib/python3.8/site-packages/airflow/example_dags/example_external_task_marker_dag.py
[2026-07-12T10:46:18.885+0000] {processor.py:840} INFO - DAG(s) 'example_external_task_marker_child', 'example_external_task_marker_parent' retrieved from /home/airflow/.local/lib/python3.8/site-packages/airflow/example_dags/example_external_task_marker_dag.py
[2026-07-12T10:46:18.906+0000] {logging_mixin.py:188} INFO - [2026-07-12T10:46:18.905+0000] {dag.py:3036} INFO - Sync 2 DAGs
[2026-07-12T10:46:18.919+0000] {logging_mixin.py:188} INFO - [2026-07-12T10:46:18.918+0000] {dag.py:3823} INFO - Setting next_dagrun for example_external_task_marker_child to None, run_after=None
[2026-07-12T10:46:18.925+0000] {logging_mixin.py:188} INFO - [2026-07-12T10:46:18.925+0000] {dag.py:3823} INFO - Setting next_dagrun for example_external_task_marker_parent to None, run_after=None
[2026-07-12T10:46:18.941+0000] {processor.py:183} INFO - Processing /home/airflow/.local/lib/python3.8/site-packages/airflow/example_dags/example_external_task_marker_dag.py took 0.068 seconds
[2026-07-12T10:46:49.002+0000] {processor.py:161} INFO - Started process (PID=1186) to work on /home/airflow/.local/lib/python3.8/site-packages/airflow/example_dags/example_external_task_marker_dag.py
[2026-07-12T10:46:49.003+0000] {processor.py:830} INFO - Processing file /home/airflow/.local/lib/python3.8/site-packages/airflow/example_dags/example_external_task_marker_dag.py for tasks to queue
[2026-07-12T10:46:49.005+0000] {logging_mixin.py:188} INFO - [2026-07-12T10:46:49.004+0000] {dagbag.py:538} INFO - Filling up the DagBag from /home/airflow/.local/lib/python3.8/site-packages/airflow/example_dags/example_external_task_marker_dag.py
[2026-07-12T10:46:49.011+0000] {processor.py:840} INFO - DAG(s) 'example_external_task_marker_parent', 'example_external_task_marker_child' retrieved from /home/airflow/.local/lib/python3.8/site-packages/airflow/example_dags/example_external_task_marker_dag.py
[2026-07-12T10:46:49.036+0000] {logging_mixin.py:188} INFO - [2026-07-12T10:46:49.036+0000] {dag.py:3036} INFO - Sync 2 DAGs
[2026-07-12T10:46:49.049+0000] {logging_mixin.py:188} INFO - [2026-07-12T10:46:49.048+0000] {dag.py:3823} INFO - Setting next_dagrun for example_external_task_marker_child to None, run_after=None
[2026-07-12T10:46:49.052+0000] {logging_mixin.py:188} INFO - [2026-07-12T10:46:49.051+0000] {dag.py:3823} INFO - Setting next_dagrun for example_external_task_marker_parent to None, run_after=None
[2026-07-12T10:46:49.068+0000] {processor.py:183} INFO - Processing /home/airflow/.local/lib/python3.8/site-packages/airflow/example_dags/example_external_task_marker_dag.py took 0.069 seconds
[2026-07-12T10:47:19.313+0000] {processor.py:161} INFO - Started process (PID=1242) to work on /home/airflow/.local/lib/python3.8/site-packages/airflow/example_dags/example_external_task_marker_dag.py
[2026-07-12T10:47:19.314+0000] {processor.py:830} INFO - Processing file /home/airflow/.local/lib/python3.8/site-packages/airflow/example_dags/example_external_task_marker_dag.py for tasks to queue
[2026-07-12T10:47:19.316+0000] {logging_mixin.py:188} INFO - [2026-07-12T10:47:19.315+0000] {dagbag.py:538} INFO - Filling up the DagBag from /home/airflow/.local/lib/python3.8/site-packages/airflow/example_dags/example_external_task_marker_dag.py
[2026-07-12T10:47:19.320+0000] {processor.py:840} INFO - DAG(s) 'example_external_task_marker_parent', 'example_external_task_marker_child' retrieved from /home/airflow/.local/lib/python3.8/site-packages/airflow/example_dags/example_external_task_marker_dag.py
[2026-07-12T10:47:19.341+0000] {logging_mixin.py:188} INFO - [2026-07-12T10:47:19.341+0000] {dag.py:3036} INFO - Sync 2 DAGs
[2026-07-12T10:47:19.349+0000] {logging_mixin.py:188} INFO - [2026-07-12T10:47:19.349+0000] {dag.py:3823} INFO - Setting next_dagrun for example_external_task_marker_child to None, run_after=None
[2026-07-12T10:47:19.352+0000] {logging_mixin.py:188} INFO - [2026-07-12T10:47:19.352+0000] {dag.py:3823} INFO - Setting next_dagrun for example_external_task_marker_parent to None, run_after=None
[2026-07-12T10:47:19.365+0000] {processor.py:183} INFO - Processing /home/airflow/.local/lib/python3.8/site-packages/airflow/example_dags/example_external_task_marker_dag.py took 0.055 seconds
[2026-07-12T10:47:49.618+0000] {processor.py:161} INFO - Started process (PID=1298) to work on /home/airflow/.local/lib/python3.8/site-packages/airflow/example_dags/example_external_task_marker_dag.py
[2026-07-12T10:47:49.619+0000] {processor.py:830} INFO - Processing file /home/airflow/.local/lib/python3.8/site-packages/airflow/example_dags/example_external_task_marker_dag.py for tasks to queue
[2026-07-12T10:47:49.621+0000] {logging_mixin.py:188} INFO - [2026-07-12T10:47:49.621+0000] {dagbag.py:538} INFO - Filling up the DagBag from /home/airflow/.local/lib/python3.8/site-packages/airflow/example_dags/example_external_task_marker_dag.py
[2026-07-12T10:47:49.626+0000] {processor.py:840} INFO - DAG(s) 'example_external_task_marker_parent', 'example_external_task_marker_child' retrieved from /home/airflow/.local/lib/python3.8/site-packages/airflow/example_dags/example_external_task_marker_dag.py
[2026-07-12T10:47:49.646+0000] {logging_mixin.py:188} INFO - [2026-07-12T10:47:49.646+0000] {dag.py:3036} INFO - Sync 2 DAGs
[2026-07-12T10:47:49.655+0000] {logging_mixin.py:188} INFO - [2026-07-12T10:47:49.655+0000] {dag.py:3823} INFO - Setting next_dagrun for example_external_task_marker_child to None, run_after=None
[2026-07-12T10:47:49.659+0000] {logging_mixin.py:188} INFO - [2026-07-12T10:47:49.658+0000] {dag.py:3823} INFO - Setting next_dagrun for example_external_task_marker_parent to None, run_after=None
[2026-07-12T10:47:49.673+0000] {processor.py:183} INFO - Processing /home/airflow/.local/lib/python3.8/site-packages/airflow/example_dags/example_external_task_marker_dag.py took 0.057 seconds
[2026-07-12T10:48:20.103+0000] {processor.py:161} INFO - Started process (PID=1354) to work on /home/airflow/.local/lib/python3.8/site-packages/airflow/example_dags/example_external_task_marker_dag.py
[2026-07-12T10:48:20.104+0000] {processor.py:830} INFO - Processing file /home/airflow/.local/lib/python3.8/site-packages/airflow/example_dags/example_external_task_marker_dag.py for tasks to queue
[2026-07-12T10:48:20.106+0000] {logging_mixin.py:188} INFO - [2026-07-12T10:48:20.106+0000] {dagbag.py:538} INFO - Filling up the DagBag from /home/airflow/.local/lib/python3.8/site-packages/airflow/example_dags/example_external_task_marker_dag.py
[2026-07-12T10:48:20.112+0000] {processor.py:840} INFO - DAG(s) 'example_external_task_marker_child', 'example_external_task_marker_parent' retrieved from /home/airflow/.local/lib/python3.8/site-packages/airflow/example_dags/example_external_task_marker_dag.py
[2026-07-12T10:48:20.132+0000] {logging_mixin.py:188} INFO - [2026-07-12T10:48:20.131+0000] {dag.py:3036} INFO - Sync 2 DAGs
[2026-07-12T10:48:20.141+0000] {logging_mixin.py:188} INFO - [2026-07-12T10:48:20.141+0000] {dag.py:3823} INFO - Setting next_dagrun for example_external_task_marker_child to None, run_after=None
[2026-07-12T10:48:20.144+0000] {logging_mixin.py:188} INFO - [2026-07-12T10:48:20.144+0000] {dag.py:3823} INFO - Setting next_dagrun for example_external_task_marker_parent to None, run_after=None
[2026-07-12T10:48:20.158+0000] {processor.py:183} INFO - Processing /home/airflow/.local/lib/python3.8/site-packages/airflow/example_dags/example_external_task_marker_dag.py took 0.058 seconds
[2026-07-12T10:48:50.394+0000] {processor.py:161} INFO - Started process (PID=1410) to work on /home/airflow/.local/lib/python3.8/site-packages/airflow/example_dags/example_external_task_marker_dag.py
[2026-07-12T10:48:50.395+0000] {processor.py:830} INFO - Processing file /home/airflow/.local/lib/python3.8/site-packages/airflow/example_dags/example_external_task_marker_dag.py for tasks to queue
[2026-07-12T10:48:50.397+0000] {logging_mixin.py:188} INFO - [2026-07-12T10:48:50.397+0000] {dagbag.py:538} INFO - Filling up the DagBag from /home/airflow/.local/lib/python3.8/site-packages/airflow/example_dags/example_external_task_marker_dag.py
[2026-07-12T10:48:50.401+0000] {processor.py:840} INFO - DAG(s) 'example_external_task_marker_parent', 'example_external_task_marker_child' retrieved from /home/airflow/.local/lib/python3.8/site-packages/airflow/example_dags/example_external_task_marker_dag.py
[2026-07-12T10:48:50.423+0000] {logging_mixin.py:188} INFO - [2026-07-12T10:48:50.422+0000] {dag.py:3036} INFO - Sync 2 DAGs
[2026-07-12T10:48:50.434+0000] {logging_mixin.py:188} INFO - [2026-07-12T10:48:50.434+0000] {dag.py:3823} INFO - Setting next_dagrun for example_external_task_marker_child to None, run_after=None
[2026-07-12T10:48:50.437+0000] {logging_mixin.py:188} INFO - [2026-07-12T10:48:50.437+0000] {dag.py:3823} INFO - Setting next_dagrun for example_external_task_marker_parent to None, run_after=None
[2026-07-12T10:48:50.453+0000] {processor.py:183} INFO - Processing /home/airflow/.local/lib/python3.8/site-packages/airflow/example_dags/example_external_task_marker_dag.py took 0.063 seconds
[2026-07-12T10:49:21.481+0000] {processor.py:161} INFO - Started process (PID=1466) to work on /home/airflow/.local/lib/python3.8/site-packages/airflow/example_dags/example_external_task_marker_dag.py
[2026-07-12T10:49:21.483+0000] {processor.py:830} INFO - Processing file /home/airflow/.local/lib/python3.8/site-packages/airflow/example_dags/example_external_task_marker_dag.py for tasks to queue
[2026-07-12T10:49:21.486+0000] {logging_mixin.py:188} INFO - [2026-07-12T10:49:21.485+0000] {dagbag.py:538} INFO - Filling up the DagBag from /home/airflow/.local/lib/python3.8/site-packages/airflow/example_dags/example_external_task_marker_dag.py
[2026-07-12T10:49:21.492+0000] {processor.py:840} INFO - DAG(s) 'example_external_task_marker_parent', 'example_external_task_marker_child' retrieved from /home/airflow/.local/lib/python3.8/site-packages/airflow/example_dags/example_external_task_marker_dag.py
[2026-07-12T10:49:21.514+0000] {logging_mixin.py:188} INFO - [2026-07-12T10:49:21.514+0000] {dag.py:3036} INFO - Sync 2 DAGs
[2026-07-12T10:49:21.525+0000] {logging_mixin.py:188} INFO - [2026-07-12T10:49:21.525+0000] {dag.py:3823} INFO - Setting next_dagrun for example_external_task_marker_child to None, run_after=None
[2026-07-12T10:49:21.527+0000] {logging_mixin.py:188} INFO - [2026-07-12T10:49:21.527+0000] {dag.py:3823} INFO - Setting next_dagrun for example_external_task_marker_parent to None, run_after=None
[2026-07-12T10:49:21.548+0000] {processor.py:183} INFO - Processing /home/airflow/.local/lib/python3.8/site-packages/airflow/example_dags/example_external_task_marker_dag.py took 0.071 seconds
[2026-07-12T10:49:51.918+0000] {processor.py:161} INFO - Started process (PID=1522) to work on /home/airflow/.local/lib/python3.8/site-packages/airflow/example_dags/example_external_task_marker_dag.py
[2026-07-12T10:49:51.919+0000] {processor.py:830} INFO - Processing file /home/airflow/.local/lib/python3.8/site-packages/airflow/example_dags/example_external_task_marker_dag.py for tasks to queue
[2026-07-12T10:49:51.921+0000] {logging_mixin.py:188} INFO - [2026-07-12T10:49:51.921+0000] {dagbag.py:538} INFO - Filling up the DagBag from /home/airflow/.local/lib/python3.8/site-packages/airflow/example_dags/example_external_task_marker_dag.py
[2026-07-12T10:49:51.927+0000] {processor.py:840} INFO - DAG(s) 'example_external_task_marker_parent', 'example_external_task_marker_child' retrieved from /home/airflow/.local/lib/python3.8/site-packages/airflow/example_dags/example_external_task_marker_dag.py
[2026-07-12T10:49:51.958+0000] {logging_mixin.py:188} INFO - [2026-07-12T10:49:51.958+0000] {dag.py:3036} INFO - Sync 2 DAGs
[2026-07-12T10:49:51.976+0000] {logging_mixin.py:188} INFO - [2026-07-12T10:49:51.975+0000] {dag.py:3823} INFO - Setting next_dagrun for example_external_task_marker_child to None, run_after=None
[2026-07-12T10:49:51.981+0000] {logging_mixin.py:188} INFO - [2026-07-12T10:49:51.981+0000] {dag.py:3823} INFO - Setting next_dagrun for example_external_task_marker_parent to None, run_after=None
[2026-07-12T10:49:52.008+0000] {processor.py:183} INFO - Processing /home/airflow/.local/lib/python3.8/site-packages/airflow/example_dags/example_external_task_marker_dag.py took 0.094 seconds
[2026-07-12T10:50:22.087+0000] {processor.py:161} INFO - Started process (PID=1578) to work on /home/airflow/.local/lib/python3.8/site-packages/airflow/example_dags/example_external_task_marker_dag.py
[2026-07-12T10:50:22.088+0000] {processor.py:830} INFO - Processing file /home/airflow/.local/lib/python3.8/site-packages/airflow/example_dags/example_external_task_marker_dag.py for tasks to queue
[2026-07-12T10:50:22.090+0000] {logging_mixin.py:188} INFO - [2026-07-12T10:50:22.090+0000] {dagbag.py:538} INFO - Filling up the DagBag from /home/airflow/.local/lib/python3.8/site-packages/airflow/example_dags/example_external_task_marker_dag.py
[2026-07-12T10:50:22.097+0000] {processor.py:840} INFO - DAG(s) 'example_external_task_marker_child', 'example_external_task_marker_parent' retrieved from /home/airflow/.local/lib/python3.8/site-packages/airflow/example_dags/example_external_task_marker_dag.py
[2026-07-12T10:50:22.126+0000] {logging_mixin.py:188} INFO - [2026-07-12T10:50:22.126+0000] {dag.py:3036} INFO - Sync 2 DAGs
[2026-07-12T10:50:22.140+0000] {logging_mixin.py:188} INFO - [2026-07-12T10:50:22.140+0000] {dag.py:3823} INFO - Setting next_dagrun for example_external_task_marker_child to None, run_after=None
[2026-07-12T10:50:22.144+0000] {logging_mixin.py:188} INFO - [2026-07-12T10:50:22.144+0000] {dag.py:3823} INFO - Setting next_dagrun for example_external_task_marker_parent to None, run_after=None
[2026-07-12T10:50:22.169+0000] {processor.py:183} INFO - Processing /home/airflow/.local/lib/python3.8/site-packages/airflow/example_dags/example_external_task_marker_dag.py took 0.085 seconds
[2026-07-12T10:50:52.257+0000] {processor.py:161} INFO - Started process (PID=1634) to work on /home/airflow/.local/lib/python3.8/site-packages/airflow/example_dags/example_external_task_marker_dag.py
[2026-07-12T10:50:52.258+0000] {processor.py:830} INFO - Processing file /home/airflow/.local/lib/python3.8/site-packages/airflow/example_dags/example_external_task_marker_dag.py for tasks to queue
[2026-07-12T10:50:52.260+0000] {logging_mixin.py:188} INFO - [2026-07-12T10:50:52.259+0000] {dagbag.py:538} INFO - Filling up the DagBag from /home/airflow/.local/lib/python3.8/site-packages/airflow/example_dags/example_external_task_marker_dag.py
[2026-07-12T10:50:52.265+0000] {processor.py:840} INFO - DAG(s) 'example_external_task_marker_parent', 'example_external_task_marker_child' retrieved from /home/airflow/.local/lib/python3.8/site-packages/airflow/example_dags/example_external_task_marker_dag.py
[2026-07-12T10:50:52.286+0000] {logging_mixin.py:188} INFO - [2026-07-12T10:50:52.285+0000] {dag.py:3036} INFO - Sync 2 DAGs
[2026-07-12T10:50:52.294+0000] {logging_mixin.py:188} INFO - [2026-07-12T10:50:52.294+0000] {dag.py:3823} INFO - Setting next_dagrun for example_external_task_marker_child to None, run_after=None
[2026-07-12T10:50:52.297+0000] {logging_mixin.py:188} INFO - [2026-07-12T10:50:52.297+0000] {dag.py:3823} INFO - Setting next_dagrun for example_external_task_marker_parent to None, run_after=None
[2026-07-12T10:50:52.309+0000] {processor.py:183} INFO - Processing /home/airflow/.local/lib/python3.8/site-packages/airflow/example_dags/example_external_task_marker_dag.py took 0.055 seconds
[2026-07-12T10:51:22.375+0000] {processor.py:161} INFO - Started process (PID=1690) to work on /home/airflow/.local/lib/python3.8/site-packages/airflow/example_dags/example_external_task_marker_dag.py
[2026-07-12T10:51:22.376+0000] {processor.py:830} INFO - Processing file /home/airflow/.local/lib/python3.8/site-packages/airflow/example_dags/example_external_task_marker_dag.py for tasks to queue
[2026-07-12T10:51:22.378+0000] {logging_mixin.py:188} INFO - [2026-07-12T10:51:22.377+0000] {dagbag.py:538} INFO - Filling up the DagBag from /home/airflow/.local/lib/python3.8/site-packages/airflow/example_dags/example_external_task_marker_dag.py
[2026-07-12T10:51:22.382+0000] {processor.py:840} INFO - DAG(s) 'example_external_task_marker_child', 'example_external_task_marker_parent' retrieved from /home/airflow/.local/lib/python3.8/site-packages/airflow/example_dags/example_external_task_marker_dag.py
[2026-07-12T10:51:22.400+0000] {logging_mixin.py:188} INFO - [2026-07-12T10:51:22.400+0000] {dag.py:3036} INFO - Sync 2 DAGs
[2026-07-12T10:51:22.409+0000] {logging_mixin.py:188} INFO - [2026-07-12T10:51:22.409+0000] {dag.py:3823} INFO - Setting next_dagrun for example_external_task_marker_child to None, run_after=None
[2026-07-12T10:51:22.412+0000] {logging_mixin.py:188} INFO - [2026-07-12T10:51:22.411+0000] {dag.py:3823} INFO - Setting next_dagrun for example_external_task_marker_parent to None, run_after=None
[2026-07-12T10:51:22.423+0000] {processor.py:183} INFO - Processing /home/airflow/.local/lib/python3.8/site-packages/airflow/example_dags/example_external_task_marker_dag.py took 0.050 seconds
[2026-07-12T10:51:52.490+0000] {processor.py:161} INFO - Started process (PID=1746) to work on /home/airflow/.local/lib/python3.8/site-packages/airflow/example_dags/example_external_task_marker_dag.py
[2026-07-12T10:51:52.491+0000] {processor.py:830} INFO - Processing file /home/airflow/.local/lib/python3.8/site-packages/airflow/example_dags/example_external_task_marker_dag.py for tasks to queue
[2026-07-12T10:51:52.492+0000] {logging_mixin.py:188} INFO - [2026-07-12T10:51:52.492+0000] {dagbag.py:538} INFO - Filling up the DagBag from /home/airflow/.local/lib/python3.8/site-packages/airflow/example_dags/example_external_task_marker_dag.py
[2026-07-12T10:51:52.497+0000] {processor.py:840} INFO - DAG(s) 'example_external_task_marker_child', 'example_external_task_marker_parent' retrieved from /home/airflow/.local/lib/python3.8/site-packages/airflow/example_dags/example_external_task_marker_dag.py
[2026-07-12T10:51:52.514+0000] {logging_mixin.py:188} INFO - [2026-07-12T10:51:52.514+0000] {dag.py:3036} INFO - Sync 2 DAGs
[2026-07-12T10:51:52.523+0000] {logging_mixin.py:188} INFO - [2026-07-12T10:51:52.523+0000] {dag.py:3823} INFO - Setting next_dagrun for example_external_task_marker_child to None, run_after=None
[2026-07-12T10:51:52.526+0000] {logging_mixin.py:188} INFO - [2026-07-12T10:51:52.526+0000] {dag.py:3823} INFO - Setting next_dagrun for example_external_task_marker_parent to None, run_after=None
[2026-07-12T10:51:52.539+0000] {processor.py:183} INFO - Processing /home/airflow/.local/lib/python3.8/site-packages/airflow/example_dags/example_external_task_marker_dag.py took 0.051 seconds
[2026-07-12T10:52:22.648+0000] {processor.py:161} INFO - Started process (PID=1802) to work on /home/airflow/.local/lib/python3.8/site-packages/airflow/example_dags/example_external_task_marker_dag.py
[2026-07-12T10:52:22.649+0000] {processor.py:830} INFO - Processing file /home/airflow/.local/lib/python3.8/site-packages/airflow/example_dags/example_external_task_marker_dag.py for tasks to queue
[2026-07-12T10:52:22.651+0000] {logging_mixin.py:188} INFO - [2026-07-12T10:52:22.651+0000] {dagbag.py:538} INFO - Filling up the DagBag from /home/airflow/.local/lib/python3.8/site-packages/airflow/example_dags/example_external_task_marker_dag.py
[2026-07-12T10:52:22.656+0000] {processor.py:840} INFO - DAG(s) 'example_external_task_marker_child', 'example_external_task_marker_parent' retrieved from /home/airflow/.local/lib/python3.8/site-packages/airflow/example_dags/example_external_task_marker_dag.py
[2026-07-12T10:52:22.674+0000] {logging_mixin.py:188} INFO - [2026-07-12T10:52:22.674+0000] {dag.py:3036} INFO - Sync 2 DAGs
[2026-07-12T10:52:22.683+0000] {logging_mixin.py:188} INFO - [2026-07-12T10:52:22.682+0000] {dag.py:3823} INFO - Setting next_dagrun for example_external_task_marker_child to None, run_after=None
[2026-07-12T10:52:22.685+0000] {logging_mixin.py:188} INFO - [2026-07-12T10:52:22.685+0000] {dag.py:3823} INFO - Setting next_dagrun for example_external_task_marker_parent to None, run_after=None
[2026-07-12T10:52:22.697+0000] {processor.py:183} INFO - Processing /home/airflow/.local/lib/python3.8/site-packages/airflow/example_dags/example_external_task_marker_dag.py took 0.051 seconds
[2026-07-12T10:52:53.220+0000] {processor.py:161} INFO - Started process (PID=1858) to work on /home/airflow/.local/lib/python3.8/site-packages/airflow/example_dags/example_external_task_marker_dag.py
[2026-07-12T10:52:53.221+0000] {processor.py:830} INFO - Processing file /home/airflow/.local/lib/python3.8/site-packages/airflow/example_dags/example_external_task_marker_dag.py for tasks to queue
[2026-07-12T10:52:53.222+0000] {logging_mixin.py:188} INFO - [2026-07-12T10:52:53.222+0000] {dagbag.py:538} INFO - Filling up the DagBag from /home/airflow/.local/lib/python3.8/site-packages/airflow/example_dags/example_external_task_marker_dag.py
[2026-07-12T10:52:53.227+0000] {processor.py:840} INFO - DAG(s) 'example_external_task_marker_child', 'example_external_task_marker_parent' retrieved from /home/airflow/.local/lib/python3.8/site-packages/airflow/example_dags/example_external_task_marker_dag.py
[2026-07-12T10:52:53.246+0000] {logging_mixin.py:188} INFO - [2026-07-12T10:52:53.246+0000] {dag.py:3036} INFO - Sync 2 DAGs
[2026-07-12T10:52:53.256+0000] {logging_mixin.py:188} INFO - [2026-07-12T10:52:53.255+0000] {dag.py:3823} INFO - Setting next_dagrun for example_external_task_marker_child to None, run_after=None
[2026-07-12T10:52:53.258+0000] {logging_mixin.py:188} INFO - [2026-07-12T10:52:53.258+0000] {dag.py:3823} INFO - Setting next_dagrun for example_external_task_marker_parent to None, run_after=None
[2026-07-12T10:52:53.270+0000] {processor.py:183} INFO - Processing /home/airflow/.local/lib/python3.8/site-packages/airflow/example_dags/example_external_task_marker_dag.py took 0.053 seconds
[2026-07-12T10:53:24.198+0000] {processor.py:161} INFO - Started process (PID=1914) to work on /home/airflow/.local/lib/python3.8/site-packages/airflow/example_dags/example_external_task_marker_dag.py
[2026-07-12T10:53:24.199+0000] {processor.py:830} INFO - Processing file /home/airflow/.local/lib/python3.8/site-packages/airflow/example_dags/example_external_task_marker_dag.py for tasks to queue
[2026-07-12T10:53:24.200+0000] {logging_mixin.py:188} INFO - [2026-07-12T10:53:24.200+0000] {dagbag.py:538} INFO - Filling up the DagBag from /home/airflow/.local/lib/python3.8/site-packages/airflow/example_dags/example_external_task_marker_dag.py
[2026-07-12T10:53:24.205+0000] {processor.py:840} INFO - DAG(s) 'example_external_task_marker_child', 'example_external_task_marker_parent' retrieved from /home/airflow/.local/lib/python3.8/site-packages/airflow/example_dags/example_external_task_marker_dag.py
[2026-07-12T10:53:24.222+0000] {logging_mixin.py:188} INFO - [2026-07-12T10:53:24.222+0000] {dag.py:3036} INFO - Sync 2 DAGs
[2026-07-12T10:53:24.231+0000] {logging_mixin.py:188} INFO - [2026-07-12T10:53:24.231+0000] {dag.py:3823} INFO - Setting next_dagrun for example_external_task_marker_child to None, run_after=None
[2026-07-12T10:53:24.234+0000] {logging_mixin.py:188} INFO - [2026-07-12T10:53:24.234+0000] {dag.py:3823} INFO - Setting next_dagrun for example_external_task_marker_parent to None, run_after=None
[2026-07-12T10:53:24.248+0000] {processor.py:183} INFO - Processing /home/airflow/.local/lib/python3.8/site-packages/airflow/example_dags/example_external_task_marker_dag.py took 0.053 seconds
[2026-07-12T11:23:33.592+0000] {processor.py:161} INFO - Started process (PID=71) to work on /home/airflow/.local/lib/python3.8/site-packages/airflow/example_dags/example_external_task_marker_dag.py
[2026-07-12T11:23:33.594+0000] {processor.py:830} INFO - Processing file /home/airflow/.local/lib/python3.8/site-packages/airflow/example_dags/example_external_task_marker_dag.py for tasks to queue
[2026-07-12T11:23:33.596+0000] {logging_mixin.py:188} INFO - [2026-07-12T11:23:33.596+0000] {dagbag.py:538} INFO - Filling up the DagBag from /home/airflow/.local/lib/python3.8/site-packages/airflow/example_dags/example_external_task_marker_dag.py
[2026-07-12T11:23:33.605+0000] {processor.py:840} INFO - DAG(s) 'example_external_task_marker_child', 'example_external_task_marker_parent' retrieved from /home/airflow/.local/lib/python3.8/site-packages/airflow/example_dags/example_external_task_marker_dag.py
[2026-07-12T11:23:33.623+0000] {logging_mixin.py:188} INFO - [2026-07-12T11:23:33.622+0000] {dag.py:3036} INFO - Sync 2 DAGs
[2026-07-12T11:23:33.641+0000] {logging_mixin.py:188} INFO - [2026-07-12T11:23:33.641+0000] {dag.py:3823} INFO - Setting next_dagrun for example_external_task_marker_child to None, run_after=None
[2026-07-12T11:23:33.645+0000] {logging_mixin.py:188} INFO - [2026-07-12T11:23:33.645+0000] {dag.py:3823} INFO - Setting next_dagrun for example_external_task_marker_parent to None, run_after=None
[2026-07-12T11:23:33.677+0000] {processor.py:183} INFO - Processing /home/airflow/.local/lib/python3.8/site-packages/airflow/example_dags/example_external_task_marker_dag.py took 0.090 seconds
[2026-07-12T11:24:04.457+0000] {processor.py:161} INFO - Started process (PID=127) to work on /home/airflow/.local/lib/python3.8/site-packages/airflow/example_dags/example_external_task_marker_dag.py
[2026-07-12T11:24:04.458+0000] {processor.py:830} INFO - Processing file /home/airflow/.local/lib/python3.8/site-packages/airflow/example_dags/example_external_task_marker_dag.py for tasks to queue
[2026-07-12T11:24:04.460+0000] {logging_mixin.py:188} INFO - [2026-07-12T11:24:04.460+0000] {dagbag.py:538} INFO - Filling up the DagBag from /home/airflow/.local/lib/python3.8/site-packages/airflow/example_dags/example_external_task_marker_dag.py
[2026-07-12T11:24:04.466+0000] {processor.py:840} INFO - DAG(s) 'example_external_task_marker_parent', 'example_external_task_marker_child' retrieved from /home/airflow/.local/lib/python3.8/site-packages/airflow/example_dags/example_external_task_marker_dag.py
[2026-07-12T11:24:04.545+0000] {logging_mixin.py:188} INFO - [2026-07-12T11:24:04.545+0000] {dag.py:3036} INFO - Sync 2 DAGs
[2026-07-12T11:24:04.552+0000] {logging_mixin.py:188} INFO - [2026-07-12T11:24:04.552+0000] {dag.py:3823} INFO - Setting next_dagrun for example_external_task_marker_child to None, run_after=None
[2026-07-12T11:24:04.554+0000] {logging_mixin.py:188} INFO - [2026-07-12T11:24:04.554+0000] {dag.py:3823} INFO - Setting next_dagrun for example_external_task_marker_parent to None, run_after=None
[2026-07-12T11:24:04.572+0000] {processor.py:183} INFO - Processing /home/airflow/.local/lib/python3.8/site-packages/airflow/example_dags/example_external_task_marker_dag.py took 0.118 seconds
[2026-07-12T11:24:35.112+0000] {processor.py:161} INFO - Started process (PID=192) to work on /home/airflow/.local/lib/python3.8/site-packages/airflow/example_dags/example_external_task_marker_dag.py
[2026-07-12T11:24:35.114+0000] {processor.py:830} INFO - Processing file /home/airflow/.local/lib/python3.8/site-packages/airflow/example_dags/example_external_task_marker_dag.py for tasks to queue
[2026-07-12T11:24:35.117+0000] {logging_mixin.py:188} INFO - [2026-07-12T11:24:35.116+0000] {dagbag.py:538} INFO - Filling up the DagBag from /home/airflow/.local/lib/python3.8/site-packages/airflow/example_dags/example_external_task_marker_dag.py
[2026-07-12T11:24:35.125+0000] {processor.py:840} INFO - DAG(s) 'example_external_task_marker_parent', 'example_external_task_marker_child' retrieved from /home/airflow/.local/lib/python3.8/site-packages/airflow/example_dags/example_external_task_marker_dag.py
[2026-07-12T11:24:35.162+0000] {logging_mixin.py:188} INFO - [2026-07-12T11:24:35.162+0000] {dag.py:3036} INFO - Sync 2 DAGs
[2026-07-12T11:24:35.180+0000] {logging_mixin.py:188} INFO - [2026-07-12T11:24:35.179+0000] {dag.py:3823} INFO - Setting next_dagrun for example_external_task_marker_child to None, run_after=None
[2026-07-12T11:24:35.184+0000] {logging_mixin.py:188} INFO - [2026-07-12T11:24:35.183+0000] {dag.py:3823} INFO - Setting next_dagrun for example_external_task_marker_parent to None, run_after=None
[2026-07-12T11:24:35.226+0000] {processor.py:183} INFO - Processing /home/airflow/.local/lib/python3.8/site-packages/airflow/example_dags/example_external_task_marker_dag.py took 0.122 seconds
[2026-07-12T11:25:06.378+0000] {processor.py:161} INFO - Started process (PID=248) to work on /home/airflow/.local/lib/python3.8/site-packages/airflow/example_dags/example_external_task_marker_dag.py
[2026-07-12T11:25:06.379+0000] {processor.py:830} INFO - Processing file /home/airflow/.local/lib/python3.8/site-packages/airflow/example_dags/example_external_task_marker_dag.py for tasks to queue
[2026-07-12T11:25:06.381+0000] {logging_mixin.py:188} INFO - [2026-07-12T11:25:06.381+0000] {dagbag.py:538} INFO - Filling up the DagBag from /home/airflow/.local/lib/python3.8/site-packages/airflow/example_dags/example_external_task_marker_dag.py
[2026-07-12T11:25:06.387+0000] {processor.py:840} INFO - DAG(s) 'example_external_task_marker_parent', 'example_external_task_marker_child' retrieved from /home/airflow/.local/lib/python3.8/site-packages/airflow/example_dags/example_external_task_marker_dag.py
[2026-07-12T11:25:06.415+0000] {logging_mixin.py:188} INFO - [2026-07-12T11:25:06.415+0000] {dag.py:3036} INFO - Sync 2 DAGs
[2026-07-12T11:25:06.427+0000] {logging_mixin.py:188} INFO - [2026-07-12T11:25:06.427+0000] {dag.py:3823} INFO - Setting next_dagrun for example_external_task_marker_child to None, run_after=None
[2026-07-12T11:25:06.432+0000] {logging_mixin.py:188} INFO - [2026-07-12T11:25:06.432+0000] {dag.py:3823} INFO - Setting next_dagrun for example_external_task_marker_parent to None, run_after=None
[2026-07-12T11:25:06.451+0000] {processor.py:183} INFO - Processing /home/airflow/.local/lib/python3.8/site-packages/airflow/example_dags/example_external_task_marker_dag.py took 0.076 seconds
[2026-07-12T11:25:36.866+0000] {processor.py:161} INFO - Started process (PID=310) to work on /home/airflow/.local/lib/python3.8/site-packages/airflow/example_dags/example_external_task_marker_dag.py
[2026-07-12T11:25:36.867+0000] {processor.py:830} INFO - Processing file /home/airflow/.local/lib/python3.8/site-packages/airflow/example_dags/example_external_task_marker_dag.py for tasks to queue
[2026-07-12T11:25:36.869+0000] {logging_mixin.py:188} INFO - [2026-07-12T11:25:36.868+0000] {dagbag.py:538} INFO - Filling up the DagBag from /home/airflow/.local/lib/python3.8/site-packages/airflow/example_dags/example_external_task_marker_dag.py
[2026-07-12T11:25:36.879+0000] {processor.py:840} INFO - DAG(s) 'example_external_task_marker_parent', 'example_external_task_marker_child' retrieved from /home/airflow/.local/lib/python3.8/site-packages/airflow/example_dags/example_external_task_marker_dag.py
[2026-07-12T11:25:36.918+0000] {logging_mixin.py:188} INFO - [2026-07-12T11:25:36.917+0000] {dag.py:3036} INFO - Sync 2 DAGs
[2026-07-12T11:25:36.940+0000] {logging_mixin.py:188} INFO - [2026-07-12T11:25:36.939+0000] {dag.py:3823} INFO - Setting next_dagrun for example_external_task_marker_child to None, run_after=None
[2026-07-12T11:25:36.944+0000] {logging_mixin.py:188} INFO - [2026-07-12T11:25:36.944+0000] {dag.py:3823} INFO - Setting next_dagrun for example_external_task_marker_parent to None, run_after=None
[2026-07-12T11:25:36.969+0000] {processor.py:183} INFO - Processing /home/airflow/.local/lib/python3.8/site-packages/airflow/example_dags/example_external_task_marker_dag.py took 0.106 seconds
[2026-07-12T11:26:07.028+0000] {processor.py:161} INFO - Started process (PID=366) to work on /home/airflow/.local/lib/python3.8/site-packages/airflow/example_dags/example_external_task_marker_dag.py
[2026-07-12T11:26:07.029+0000] {processor.py:830} INFO - Processing file /home/airflow/.local/lib/python3.8/site-packages/airflow/example_dags/example_external_task_marker_dag.py for tasks to queue
[2026-07-12T11:26:07.030+0000] {logging_mixin.py:188} INFO - [2026-07-12T11:26:07.030+0000] {dagbag.py:538} INFO - Filling up the DagBag from /home/airflow/.local/lib/python3.8/site-packages/airflow/example_dags/example_external_task_marker_dag.py
[2026-07-12T11:26:07.036+0000] {processor.py:840} INFO - DAG(s) 'example_external_task_marker_child', 'example_external_task_marker_parent' retrieved from /home/airflow/.local/lib/python3.8/site-packages/airflow/example_dags/example_external_task_marker_dag.py
[2026-07-12T11:26:07.059+0000] {logging_mixin.py:188} INFO - [2026-07-12T11:26:07.059+0000] {dag.py:3036} INFO - Sync 2 DAGs
[2026-07-12T11:26:07.070+0000] {logging_mixin.py:188} INFO - [2026-07-12T11:26:07.070+0000] {dag.py:3823} INFO - Setting next_dagrun for example_external_task_marker_child to None, run_after=None
[2026-07-12T11:26:07.073+0000] {logging_mixin.py:188} INFO - [2026-07-12T11:26:07.073+0000] {dag.py:3823} INFO - Setting next_dagrun for example_external_task_marker_parent to None, run_after=None
[2026-07-12T11:26:07.090+0000] {processor.py:183} INFO - Processing /home/airflow/.local/lib/python3.8/site-packages/airflow/example_dags/example_external_task_marker_dag.py took 0.065 seconds
[2026-07-12T11:26:37.445+0000] {processor.py:161} INFO - Started process (PID=423) to work on /home/airflow/.local/lib/python3.8/site-packages/airflow/example_dags/example_external_task_marker_dag.py
[2026-07-12T11:26:37.447+0000] {processor.py:830} INFO - Processing file /home/airflow/.local/lib/python3.8/site-packages/airflow/example_dags/example_external_task_marker_dag.py for tasks to queue
[2026-07-12T11:26:37.451+0000] {logging_mixin.py:188} INFO - [2026-07-12T11:26:37.450+0000] {dagbag.py:538} INFO - Filling up the DagBag from /home/airflow/.local/lib/python3.8/site-packages/airflow/example_dags/example_external_task_marker_dag.py
[2026-07-12T11:26:37.459+0000] {processor.py:840} INFO - DAG(s) 'example_external_task_marker_parent', 'example_external_task_marker_child' retrieved from /home/airflow/.local/lib/python3.8/site-packages/airflow/example_dags/example_external_task_marker_dag.py
[2026-07-12T11:26:37.489+0000] {logging_mixin.py:188} INFO - [2026-07-12T11:26:37.489+0000] {dag.py:3036} INFO - Sync 2 DAGs
[2026-07-12T11:26:37.505+0000] {logging_mixin.py:188} INFO - [2026-07-12T11:26:37.505+0000] {dag.py:3823} INFO - Setting next_dagrun for example_external_task_marker_child to None, run_after=None
[2026-07-12T11:26:37.510+0000] {logging_mixin.py:188} INFO - [2026-07-12T11:26:37.510+0000] {dag.py:3823} INFO - Setting next_dagrun for example_external_task_marker_parent to None, run_after=None
[2026-07-12T11:26:37.538+0000] {processor.py:183} INFO - Processing /home/airflow/.local/lib/python3.8/site-packages/airflow/example_dags/example_external_task_marker_dag.py took 0.097 seconds
[2026-07-12T11:27:08.075+0000] {processor.py:161} INFO - Started process (PID=479) to work on /home/airflow/.local/lib/python3.8/site-packages/airflow/example_dags/example_external_task_marker_dag.py
[2026-07-12T11:27:08.076+0000] {processor.py:830} INFO - Processing file /home/airflow/.local/lib/python3.8/site-packages/airflow/example_dags/example_external_task_marker_dag.py for tasks to queue
[2026-07-12T11:27:08.078+0000] {logging_mixin.py:188} INFO - [2026-07-12T11:27:08.077+0000] {dagbag.py:538} INFO - Filling up the DagBag from /home/airflow/.local/lib/python3.8/site-packages/airflow/example_dags/example_external_task_marker_dag.py
[2026-07-12T11:27:08.083+0000] {processor.py:840} INFO - DAG(s) 'example_external_task_marker_child', 'example_external_task_marker_parent' retrieved from /home/airflow/.local/lib/python3.8/site-packages/airflow/example_dags/example_external_task_marker_dag.py
[2026-07-12T11:27:08.106+0000] {logging_mixin.py:188} INFO - [2026-07-12T11:27:08.105+0000] {dag.py:3036} INFO - Sync 2 DAGs
[2026-07-12T11:27:08.118+0000] {logging_mixin.py:188} INFO - [2026-07-12T11:27:08.118+0000] {dag.py:3823} INFO - Setting next_dagrun for example_external_task_marker_child to None, run_after=None
[2026-07-12T11:27:08.122+0000] {logging_mixin.py:188} INFO - [2026-07-12T11:27:08.121+0000] {dag.py:3823} INFO - Setting next_dagrun for example_external_task_marker_parent to None, run_after=None
[2026-07-12T11:27:08.136+0000] {processor.py:183} INFO - Processing /home/airflow/.local/lib/python3.8/site-packages/airflow/example_dags/example_external_task_marker_dag.py took 0.065 seconds
[2026-07-12T11:27:38.197+0000] {processor.py:161} INFO - Started process (PID=535) to work on /home/airflow/.local/lib/python3.8/site-packages/airflow/example_dags/example_external_task_marker_dag.py
[2026-07-12T11:27:38.198+0000] {processor.py:830} INFO - Processing file /home/airflow/.local/lib/python3.8/site-packages/airflow/example_dags/example_external_task_marker_dag.py for tasks to queue
[2026-07-12T11:27:38.199+0000] {logging_mixin.py:188} INFO - [2026-07-12T11:27:38.199+0000] {dagbag.py:538} INFO - Filling up the DagBag from /home/airflow/.local/lib/python3.8/site-packages/airflow/example_dags/example_external_task_marker_dag.py
[2026-07-12T11:27:38.204+0000] {processor.py:840} INFO - DAG(s) 'example_external_task_marker_child', 'example_external_task_marker_parent' retrieved from /home/airflow/.local/lib/python3.8/site-packages/airflow/example_dags/example_external_task_marker_dag.py
[2026-07-12T11:27:38.224+0000] {logging_mixin.py:188} INFO - [2026-07-12T11:27:38.224+0000] {dag.py:3036} INFO - Sync 2 DAGs
[2026-07-12T11:27:38.235+0000] {logging_mixin.py:188} INFO - [2026-07-12T11:27:38.235+0000] {dag.py:3823} INFO - Setting next_dagrun for example_external_task_marker_child to None, run_after=None
[2026-07-12T11:27:38.238+0000] {logging_mixin.py:188} INFO - [2026-07-12T11:27:38.238+0000] {dag.py:3823} INFO - Setting next_dagrun for example_external_task_marker_parent to None, run_after=None
[2026-07-12T11:27:38.253+0000] {processor.py:183} INFO - Processing /home/airflow/.local/lib/python3.8/site-packages/airflow/example_dags/example_external_task_marker_dag.py took 0.060 seconds
[2026-07-12T11:28:08.524+0000] {processor.py:161} INFO - Started process (PID=591) to work on /home/airflow/.local/lib/python3.8/site-packages/airflow/example_dags/example_external_task_marker_dag.py
[2026-07-12T11:28:08.526+0000] {processor.py:830} INFO - Processing file /home/airflow/.local/lib/python3.8/site-packages/airflow/example_dags/example_external_task_marker_dag.py for tasks to queue
[2026-07-12T11:28:08.528+0000] {logging_mixin.py:188} INFO - [2026-07-12T11:28:08.528+0000] {dagbag.py:538} INFO - Filling up the DagBag from /home/airflow/.local/lib/python3.8/site-packages/airflow/example_dags/example_external_task_marker_dag.py
[2026-07-12T11:28:08.534+0000] {processor.py:840} INFO - DAG(s) 'example_external_task_marker_child', 'example_external_task_marker_parent' retrieved from /home/airflow/.local/lib/python3.8/site-packages/airflow/example_dags/example_external_task_marker_dag.py
[2026-07-12T11:28:08.554+0000] {logging_mixin.py:188} INFO - [2026-07-12T11:28:08.554+0000] {dag.py:3036} INFO - Sync 2 DAGs
[2026-07-12T11:28:08.571+0000] {logging_mixin.py:188} INFO - [2026-07-12T11:28:08.570+0000] {dag.py:3823} INFO - Setting next_dagrun for example_external_task_marker_child to None, run_after=None
[2026-07-12T11:28:08.576+0000] {logging_mixin.py:188} INFO - [2026-07-12T11:28:08.576+0000] {dag.py:3823} INFO - Setting next_dagrun for example_external_task_marker_parent to None, run_after=None
[2026-07-12T11:28:08.606+0000] {processor.py:183} INFO - Processing /home/airflow/.local/lib/python3.8/site-packages/airflow/example_dags/example_external_task_marker_dag.py took 0.084 seconds
[2026-07-12T11:28:38.912+0000] {processor.py:161} INFO - Started process (PID=647) to work on /home/airflow/.local/lib/python3.8/site-packages/airflow/example_dags/example_external_task_marker_dag.py
[2026-07-12T11:28:38.913+0000] {processor.py:830} INFO - Processing file /home/airflow/.local/lib/python3.8/site-packages/airflow/example_dags/example_external_task_marker_dag.py for tasks to queue
[2026-07-12T11:28:38.914+0000] {logging_mixin.py:188} INFO - [2026-07-12T11:28:38.914+0000] {dagbag.py:538} INFO - Filling up the DagBag from /home/airflow/.local/lib/python3.8/site-packages/airflow/example_dags/example_external_task_marker_dag.py
[2026-07-12T11:28:38.920+0000] {processor.py:840} INFO - DAG(s) 'example_external_task_marker_child', 'example_external_task_marker_parent' retrieved from /home/airflow/.local/lib/python3.8/site-packages/airflow/example_dags/example_external_task_marker_dag.py
[2026-07-12T11:28:38.939+0000] {logging_mixin.py:188} INFO - [2026-07-12T11:28:38.939+0000] {dag.py:3036} INFO - Sync 2 DAGs
[2026-07-12T11:28:38.950+0000] {logging_mixin.py:188} INFO - [2026-07-12T11:28:38.950+0000] {dag.py:3823} INFO - Setting next_dagrun for example_external_task_marker_child to None, run_after=None
[2026-07-12T11:28:38.953+0000] {logging_mixin.py:188} INFO - [2026-07-12T11:28:38.953+0000] {dag.py:3823} INFO - Setting next_dagrun for example_external_task_marker_parent to None, run_after=None
[2026-07-12T11:28:38.968+0000] {processor.py:183} INFO - Processing /home/airflow/.local/lib/python3.8/site-packages/airflow/example_dags/example_external_task_marker_dag.py took 0.059 seconds
[2026-07-12T11:29:09.088+0000] {processor.py:161} INFO - Started process (PID=703) to work on /home/airflow/.local/lib/python3.8/site-packages/airflow/example_dags/example_external_task_marker_dag.py
[2026-07-12T11:29:09.090+0000] {processor.py:830} INFO - Processing file /home/airflow/.local/lib/python3.8/site-packages/airflow/example_dags/example_external_task_marker_dag.py for tasks to queue
[2026-07-12T11:29:09.093+0000] {logging_mixin.py:188} INFO - [2026-07-12T11:29:09.092+0000] {dagbag.py:538} INFO - Filling up the DagBag from /home/airflow/.local/lib/python3.8/site-packages/airflow/example_dags/example_external_task_marker_dag.py
[2026-07-12T11:29:09.098+0000] {processor.py:840} INFO - DAG(s) 'example_external_task_marker_child', 'example_external_task_marker_parent' retrieved from /home/airflow/.local/lib/python3.8/site-packages/airflow/example_dags/example_external_task_marker_dag.py
[2026-07-12T11:29:09.119+0000] {logging_mixin.py:188} INFO - [2026-07-12T11:29:09.118+0000] {dag.py:3036} INFO - Sync 2 DAGs
[2026-07-12T11:29:09.129+0000] {logging_mixin.py:188} INFO - [2026-07-12T11:29:09.128+0000] {dag.py:3823} INFO - Setting next_dagrun for example_external_task_marker_child to None, run_after=None
[2026-07-12T11:29:09.131+0000] {logging_mixin.py:188} INFO - [2026-07-12T11:29:09.131+0000] {dag.py:3823} INFO - Setting next_dagrun for example_external_task_marker_parent to None, run_after=None
[2026-07-12T11:29:09.145+0000] {processor.py:183} INFO - Processing /home/airflow/.local/lib/python3.8/site-packages/airflow/example_dags/example_external_task_marker_dag.py took 0.060 seconds
[2026-07-12T11:29:39.457+0000] {processor.py:161} INFO - Started process (PID=759) to work on /home/airflow/.local/lib/python3.8/site-packages/airflow/example_dags/example_external_task_marker_dag.py
[2026-07-12T11:29:39.458+0000] {processor.py:830} INFO - Processing file /home/airflow/.local/lib/python3.8/site-packages/airflow/example_dags/example_external_task_marker_dag.py for tasks to queue
[2026-07-12T11:29:39.460+0000] {logging_mixin.py:188} INFO - [2026-07-12T11:29:39.459+0000] {dagbag.py:538} INFO - Filling up the DagBag from /home/airflow/.local/lib/python3.8/site-packages/airflow/example_dags/example_external_task_marker_dag.py
[2026-07-12T11:29:39.465+0000] {processor.py:840} INFO - DAG(s) 'example_external_task_marker_parent', 'example_external_task_marker_child' retrieved from /home/airflow/.local/lib/python3.8/site-packages/airflow/example_dags/example_external_task_marker_dag.py
[2026-07-12T11:29:39.485+0000] {logging_mixin.py:188} INFO - [2026-07-12T11:29:39.485+0000] {dag.py:3036} INFO - Sync 2 DAGs
[2026-07-12T11:29:39.496+0000] {logging_mixin.py:188} INFO - [2026-07-12T11:29:39.495+0000] {dag.py:3823} INFO - Setting next_dagrun for example_external_task_marker_child to None, run_after=None
[2026-07-12T11:29:39.499+0000] {logging_mixin.py:188} INFO - [2026-07-12T11:29:39.498+0000] {dag.py:3823} INFO - Setting next_dagrun for example_external_task_marker_parent to None, run_after=None
[2026-07-12T11:29:39.513+0000] {processor.py:183} INFO - Processing /home/airflow/.local/lib/python3.8/site-packages/airflow/example_dags/example_external_task_marker_dag.py took 0.059 seconds
[2026-07-12T11:30:10.831+0000] {processor.py:161} INFO - Started process (PID=822) to work on /home/airflow/.local/lib/python3.8/site-packages/airflow/example_dags/example_external_task_marker_dag.py
[2026-07-12T11:30:10.833+0000] {processor.py:830} INFO - Processing file /home/airflow/.local/lib/python3.8/site-packages/airflow/example_dags/example_external_task_marker_dag.py for tasks to queue
[2026-07-12T11:30:10.835+0000] {logging_mixin.py:188} INFO - [2026-07-12T11:30:10.835+0000] {dagbag.py:538} INFO - Filling up the DagBag from /home/airflow/.local/lib/python3.8/site-packages/airflow/example_dags/example_external_task_marker_dag.py
[2026-07-12T11:30:10.846+0000] {processor.py:840} INFO - DAG(s) 'example_external_task_marker_parent', 'example_external_task_marker_child' retrieved from /home/airflow/.local/lib/python3.8/site-packages/airflow/example_dags/example_external_task_marker_dag.py
[2026-07-12T11:30:10.894+0000] {logging_mixin.py:188} INFO - [2026-07-12T11:30:10.894+0000] {dag.py:3036} INFO - Sync 2 DAGs
[2026-07-12T11:30:10.921+0000] {logging_mixin.py:188} INFO - [2026-07-12T11:30:10.920+0000] {dag.py:3823} INFO - Setting next_dagrun for example_external_task_marker_child to None, run_after=None
[2026-07-12T11:30:10.932+0000] {logging_mixin.py:188} INFO - [2026-07-12T11:30:10.931+0000] {dag.py:3823} INFO - Setting next_dagrun for example_external_task_marker_parent to None, run_after=None
[2026-07-12T11:30:10.984+0000] {processor.py:183} INFO - Processing /home/airflow/.local/lib/python3.8/site-packages/airflow/example_dags/example_external_task_marker_dag.py took 0.159 seconds
[2026-07-12T11:30:41.235+0000] {processor.py:161} INFO - Started process (PID=878) to work on /home/airflow/.local/lib/python3.8/site-packages/airflow/example_dags/example_external_task_marker_dag.py
[2026-07-12T11:30:41.237+0000] {processor.py:830} INFO - Processing file /home/airflow/.local/lib/python3.8/site-packages/airflow/example_dags/example_external_task_marker_dag.py for tasks to queue
[2026-07-12T11:30:41.238+0000] {logging_mixin.py:188} INFO - [2026-07-12T11:30:41.238+0000] {dagbag.py:538} INFO - Filling up the DagBag from /home/airflow/.local/lib/python3.8/site-packages/airflow/example_dags/example_external_task_marker_dag.py
[2026-07-12T11:30:41.244+0000] {processor.py:840} INFO - DAG(s) 'example_external_task_marker_child', 'example_external_task_marker_parent' retrieved from /home/airflow/.local/lib/python3.8/site-packages/airflow/example_dags/example_external_task_marker_dag.py
[2026-07-12T11:30:41.266+0000] {logging_mixin.py:188} INFO - [2026-07-12T11:30:41.265+0000] {dag.py:3036} INFO - Sync 2 DAGs
[2026-07-12T11:30:41.276+0000] {logging_mixin.py:188} INFO - [2026-07-12T11:30:41.276+0000] {dag.py:3823} INFO - Setting next_dagrun for example_external_task_marker_child to None, run_after=None
[2026-07-12T11:30:41.281+0000] {logging_mixin.py:188} INFO - [2026-07-12T11:30:41.280+0000] {dag.py:3823} INFO - Setting next_dagrun for example_external_task_marker_parent to None, run_after=None
[2026-07-12T11:30:41.297+0000] {processor.py:183} INFO - Processing /home/airflow/.local/lib/python3.8/site-packages/airflow/example_dags/example_external_task_marker_dag.py took 0.064 seconds
[2026-07-12T11:31:11.330+0000] {processor.py:161} INFO - Started process (PID=934) to work on /home/airflow/.local/lib/python3.8/site-packages/airflow/example_dags/example_external_task_marker_dag.py
[2026-07-12T11:31:11.331+0000] {processor.py:830} INFO - Processing file /home/airflow/.local/lib/python3.8/site-packages/airflow/example_dags/example_external_task_marker_dag.py for tasks to queue
[2026-07-12T11:31:11.332+0000] {logging_mixin.py:188} INFO - [2026-07-12T11:31:11.332+0000] {dagbag.py:538} INFO - Filling up the DagBag from /home/airflow/.local/lib/python3.8/site-packages/airflow/example_dags/example_external_task_marker_dag.py
[2026-07-12T11:31:11.337+0000] {processor.py:840} INFO - DAG(s) 'example_external_task_marker_child', 'example_external_task_marker_parent' retrieved from /home/airflow/.local/lib/python3.8/site-packages/airflow/example_dags/example_external_task_marker_dag.py
[2026-07-12T11:31:11.354+0000] {logging_mixin.py:188} INFO - [2026-07-12T11:31:11.354+0000] {dag.py:3036} INFO - Sync 2 DAGs
[2026-07-12T11:31:11.363+0000] {logging_mixin.py:188} INFO - [2026-07-12T11:31:11.363+0000] {dag.py:3823} INFO - Setting next_dagrun for example_external_task_marker_child to None, run_after=None
[2026-07-12T11:31:11.366+0000] {logging_mixin.py:188} INFO - [2026-07-12T11:31:11.366+0000] {dag.py:3823} INFO - Setting next_dagrun for example_external_task_marker_parent to None, run_after=None
[2026-07-12T11:31:11.379+0000] {processor.py:183} INFO - Processing /home/airflow/.local/lib/python3.8/site-packages/airflow/example_dags/example_external_task_marker_dag.py took 0.052 seconds
[2026-07-12T11:31:41.533+0000] {processor.py:161} INFO - Started process (PID=990) to work on /home/airflow/.local/lib/python3.8/site-packages/airflow/example_dags/example_external_task_marker_dag.py
[2026-07-12T11:31:41.534+0000] {processor.py:830} INFO - Processing file /home/airflow/.local/lib/python3.8/site-packages/airflow/example_dags/example_external_task_marker_dag.py for tasks to queue
[2026-07-12T11:31:41.535+0000] {logging_mixin.py:188} INFO - [2026-07-12T11:31:41.535+0000] {dagbag.py:538} INFO - Filling up the DagBag from /home/airflow/.local/lib/python3.8/site-packages/airflow/example_dags/example_external_task_marker_dag.py
[2026-07-12T11:31:41.540+0000] {processor.py:840} INFO - DAG(s) 'example_external_task_marker_parent', 'example_external_task_marker_child' retrieved from /home/airflow/.local/lib/python3.8/site-packages/airflow/example_dags/example_external_task_marker_dag.py
[2026-07-12T11:31:41.557+0000] {logging_mixin.py:188} INFO - [2026-07-12T11:31:41.557+0000] {dag.py:3036} INFO - Sync 2 DAGs
[2026-07-12T11:31:41.566+0000] {logging_mixin.py:188} INFO - [2026-07-12T11:31:41.566+0000] {dag.py:3823} INFO - Setting next_dagrun for example_external_task_marker_child to None, run_after=None
[2026-07-12T11:31:41.569+0000] {logging_mixin.py:188} INFO - [2026-07-12T11:31:41.569+0000] {dag.py:3823} INFO - Setting next_dagrun for example_external_task_marker_parent to None, run_after=None
[2026-07-12T11:31:41.582+0000] {processor.py:183} INFO - Processing /home/airflow/.local/lib/python3.8/site-packages/airflow/example_dags/example_external_task_marker_dag.py took 0.052 seconds
[2026-07-12T11:32:11.781+0000] {processor.py:161} INFO - Started process (PID=1046) to work on /home/airflow/.local/lib/python3.8/site-packages/airflow/example_dags/example_external_task_marker_dag.py
[2026-07-12T11:32:11.782+0000] {processor.py:830} INFO - Processing file /home/airflow/.local/lib/python3.8/site-packages/airflow/example_dags/example_external_task_marker_dag.py for tasks to queue
[2026-07-12T11:32:11.783+0000] {logging_mixin.py:188} INFO - [2026-07-12T11:32:11.783+0000] {dagbag.py:538} INFO - Filling up the DagBag from /home/airflow/.local/lib/python3.8/site-packages/airflow/example_dags/example_external_task_marker_dag.py
[2026-07-12T11:32:11.789+0000] {processor.py:840} INFO - DAG(s) 'example_external_task_marker_child', 'example_external_task_marker_parent' retrieved from /home/airflow/.local/lib/python3.8/site-packages/airflow/example_dags/example_external_task_marker_dag.py
[2026-07-12T11:32:11.809+0000] {logging_mixin.py:188} INFO - [2026-07-12T11:32:11.808+0000] {dag.py:3036} INFO - Sync 2 DAGs
[2026-07-12T11:32:11.820+0000] {logging_mixin.py:188} INFO - [2026-07-12T11:32:11.820+0000] {dag.py:3823} INFO - Setting next_dagrun for example_external_task_marker_child to None, run_after=None
[2026-07-12T11:32:11.823+0000] {logging_mixin.py:188} INFO - [2026-07-12T11:32:11.823+0000] {dag.py:3823} INFO - Setting next_dagrun for example_external_task_marker_parent to None, run_after=None
[2026-07-12T11:32:11.845+0000] {processor.py:183} INFO - Processing /home/airflow/.local/lib/python3.8/site-packages/airflow/example_dags/example_external_task_marker_dag.py took 0.067 seconds
[2026-07-12T11:32:41.919+0000] {processor.py:161} INFO - Started process (PID=1102) to work on /home/airflow/.local/lib/python3.8/site-packages/airflow/example_dags/example_external_task_marker_dag.py
[2026-07-12T11:32:41.920+0000] {processor.py:830} INFO - Processing file /home/airflow/.local/lib/python3.8/site-packages/airflow/example_dags/example_external_task_marker_dag.py for tasks to queue
[2026-07-12T11:32:41.921+0000] {logging_mixin.py:188} INFO - [2026-07-12T11:32:41.921+0000] {dagbag.py:538} INFO - Filling up the DagBag from /home/airflow/.local/lib/python3.8/site-packages/airflow/example_dags/example_external_task_marker_dag.py
[2026-07-12T11:32:41.926+0000] {processor.py:840} INFO - DAG(s) 'example_external_task_marker_child', 'example_external_task_marker_parent' retrieved from /home/airflow/.local/lib/python3.8/site-packages/airflow/example_dags/example_external_task_marker_dag.py
[2026-07-12T11:32:41.944+0000] {logging_mixin.py:188} INFO - [2026-07-12T11:32:41.943+0000] {dag.py:3036} INFO - Sync 2 DAGs
[2026-07-12T11:32:41.952+0000] {logging_mixin.py:188} INFO - [2026-07-12T11:32:41.952+0000] {dag.py:3823} INFO - Setting next_dagrun for example_external_task_marker_child to None, run_after=None
[2026-07-12T11:32:41.955+0000] {logging_mixin.py:188} INFO - [2026-07-12T11:32:41.955+0000] {dag.py:3823} INFO - Setting next_dagrun for example_external_task_marker_parent to None, run_after=None
[2026-07-12T11:32:41.972+0000] {processor.py:183} INFO - Processing /home/airflow/.local/lib/python3.8/site-packages/airflow/example_dags/example_external_task_marker_dag.py took 0.056 seconds
[2026-07-12T11:33:12.520+0000] {processor.py:161} INFO - Started process (PID=1158) to work on /home/airflow/.local/lib/python3.8/site-packages/airflow/example_dags/example_external_task_marker_dag.py
[2026-07-12T11:33:12.521+0000] {processor.py:830} INFO - Processing file /home/airflow/.local/lib/python3.8/site-packages/airflow/example_dags/example_external_task_marker_dag.py for tasks to queue
[2026-07-12T11:33:12.522+0000] {logging_mixin.py:188} INFO - [2026-07-12T11:33:12.522+0000] {dagbag.py:538} INFO - Filling up the DagBag from /home/airflow/.local/lib/python3.8/site-packages/airflow/example_dags/example_external_task_marker_dag.py
[2026-07-12T11:33:12.527+0000] {processor.py:840} INFO - DAG(s) 'example_external_task_marker_child', 'example_external_task_marker_parent' retrieved from /home/airflow/.local/lib/python3.8/site-packages/airflow/example_dags/example_external_task_marker_dag.py
[2026-07-12T11:33:12.546+0000] {logging_mixin.py:188} INFO - [2026-07-12T11:33:12.545+0000] {dag.py:3036} INFO - Sync 2 DAGs
[2026-07-12T11:33:12.556+0000] {logging_mixin.py:188} INFO - [2026-07-12T11:33:12.556+0000] {dag.py:3823} INFO - Setting next_dagrun for example_external_task_marker_child to None, run_after=None
[2026-07-12T11:33:12.559+0000] {logging_mixin.py:188} INFO - [2026-07-12T11:33:12.559+0000] {dag.py:3823} INFO - Setting next_dagrun for example_external_task_marker_parent to None, run_after=None
[2026-07-12T11:33:12.572+0000] {processor.py:183} INFO - Processing /home/airflow/.local/lib/python3.8/site-packages/airflow/example_dags/example_external_task_marker_dag.py took 0.055 seconds
[2026-07-12T11:33:42.966+0000] {processor.py:161} INFO - Started process (PID=1214) to work on /home/airflow/.local/lib/python3.8/site-packages/airflow/example_dags/example_external_task_marker_dag.py
[2026-07-12T11:33:42.967+0000] {processor.py:830} INFO - Processing file /home/airflow/.local/lib/python3.8/site-packages/airflow/example_dags/example_external_task_marker_dag.py for tasks to queue
[2026-07-12T11:33:42.969+0000] {logging_mixin.py:188} INFO - [2026-07-12T11:33:42.968+0000] {dagbag.py:538} INFO - Filling up the DagBag from /home/airflow/.local/lib/python3.8/site-packages/airflow/example_dags/example_external_task_marker_dag.py
[2026-07-12T11:33:42.975+0000] {processor.py:840} INFO - DAG(s) 'example_external_task_marker_parent', 'example_external_task_marker_child' retrieved from /home/airflow/.local/lib/python3.8/site-packages/airflow/example_dags/example_external_task_marker_dag.py
[2026-07-12T11:33:42.993+0000] {logging_mixin.py:188} INFO - [2026-07-12T11:33:42.993+0000] {dag.py:3036} INFO - Sync 2 DAGs
[2026-07-12T11:33:43.003+0000] {logging_mixin.py:188} INFO - [2026-07-12T11:33:43.003+0000] {dag.py:3823} INFO - Setting next_dagrun for example_external_task_marker_child to None, run_after=None
[2026-07-12T11:33:43.006+0000] {logging_mixin.py:188} INFO - [2026-07-12T11:33:43.005+0000] {dag.py:3823} INFO - Setting next_dagrun for example_external_task_marker_parent to None, run_after=None
[2026-07-12T11:33:43.018+0000] {processor.py:183} INFO - Processing /home/airflow/.local/lib/python3.8/site-packages/airflow/example_dags/example_external_task_marker_dag.py took 0.056 seconds
[2026-07-12T11:34:13.141+0000] {processor.py:161} INFO - Started process (PID=1270) to work on /home/airflow/.local/lib/python3.8/site-packages/airflow/example_dags/example_external_task_marker_dag.py
[2026-07-12T11:34:13.142+0000] {processor.py:830} INFO - Processing file /home/airflow/.local/lib/python3.8/site-packages/airflow/example_dags/example_external_task_marker_dag.py for tasks to queue
[2026-07-12T11:34:13.144+0000] {logging_mixin.py:188} INFO - [2026-07-12T11:34:13.143+0000] {dagbag.py:538} INFO - Filling up the DagBag from /home/airflow/.local/lib/python3.8/site-packages/airflow/example_dags/example_external_task_marker_dag.py
[2026-07-12T11:34:13.149+0000] {processor.py:840} INFO - DAG(s) 'example_external_task_marker_child', 'example_external_task_marker_parent' retrieved from /home/airflow/.local/lib/python3.8/site-packages/airflow/example_dags/example_external_task_marker_dag.py
[2026-07-12T11:34:13.169+0000] {logging_mixin.py:188} INFO - [2026-07-12T11:34:13.169+0000] {dag.py:3036} INFO - Sync 2 DAGs
[2026-07-12T11:34:13.178+0000] {logging_mixin.py:188} INFO - [2026-07-12T11:34:13.178+0000] {dag.py:3823} INFO - Setting next_dagrun for example_external_task_marker_child to None, run_after=None
[2026-07-12T11:34:13.180+0000] {logging_mixin.py:188} INFO - [2026-07-12T11:34:13.180+0000] {dag.py:3823} INFO - Setting next_dagrun for example_external_task_marker_parent to None, run_after=None
[2026-07-12T11:34:13.193+0000] {processor.py:183} INFO - Processing /home/airflow/.local/lib/python3.8/site-packages/airflow/example_dags/example_external_task_marker_dag.py took 0.054 seconds
[2026-07-12T11:34:43.361+0000] {processor.py:161} INFO - Started process (PID=1326) to work on /home/airflow/.local/lib/python3.8/site-packages/airflow/example_dags/example_external_task_marker_dag.py
[2026-07-12T11:34:43.362+0000] {processor.py:830} INFO - Processing file /home/airflow/.local/lib/python3.8/site-packages/airflow/example_dags/example_external_task_marker_dag.py for tasks to queue
[2026-07-12T11:34:43.364+0000] {logging_mixin.py:188} INFO - [2026-07-12T11:34:43.364+0000] {dagbag.py:538} INFO - Filling up the DagBag from /home/airflow/.local/lib/python3.8/site-packages/airflow/example_dags/example_external_task_marker_dag.py
[2026-07-12T11:34:43.370+0000] {processor.py:840} INFO - DAG(s) 'example_external_task_marker_child', 'example_external_task_marker_parent' retrieved from /home/airflow/.local/lib/python3.8/site-packages/airflow/example_dags/example_external_task_marker_dag.py
[2026-07-12T11:34:43.392+0000] {logging_mixin.py:188} INFO - [2026-07-12T11:34:43.392+0000] {dag.py:3036} INFO - Sync 2 DAGs
[2026-07-12T11:34:43.403+0000] {logging_mixin.py:188} INFO - [2026-07-12T11:34:43.403+0000] {dag.py:3823} INFO - Setting next_dagrun for example_external_task_marker_child to None, run_after=None
[2026-07-12T11:34:43.407+0000] {logging_mixin.py:188} INFO - [2026-07-12T11:34:43.406+0000] {dag.py:3823} INFO - Setting next_dagrun for example_external_task_marker_parent to None, run_after=None
[2026-07-12T11:34:43.423+0000] {processor.py:183} INFO - Processing /home/airflow/.local/lib/python3.8/site-packages/airflow/example_dags/example_external_task_marker_dag.py took 0.064 seconds
[2026-07-12T11:35:14.357+0000] {processor.py:161} INFO - Started process (PID=1382) to work on /home/airflow/.local/lib/python3.8/site-packages/airflow/example_dags/example_external_task_marker_dag.py
[2026-07-12T11:35:14.358+0000] {processor.py:830} INFO - Processing file /home/airflow/.local/lib/python3.8/site-packages/airflow/example_dags/example_external_task_marker_dag.py for tasks to queue
[2026-07-12T11:35:14.359+0000] {logging_mixin.py:188} INFO - [2026-07-12T11:35:14.359+0000] {dagbag.py:538} INFO - Filling up the DagBag from /home/airflow/.local/lib/python3.8/site-packages/airflow/example_dags/example_external_task_marker_dag.py
[2026-07-12T11:35:14.364+0000] {processor.py:840} INFO - DAG(s) 'example_external_task_marker_child', 'example_external_task_marker_parent' retrieved from /home/airflow/.local/lib/python3.8/site-packages/airflow/example_dags/example_external_task_marker_dag.py
[2026-07-12T11:35:14.382+0000] {logging_mixin.py:188} INFO - [2026-07-12T11:35:14.382+0000] {dag.py:3036} INFO - Sync 2 DAGs
[2026-07-12T11:35:14.391+0000] {logging_mixin.py:188} INFO - [2026-07-12T11:35:14.391+0000] {dag.py:3823} INFO - Setting next_dagrun for example_external_task_marker_child to None, run_after=None
[2026-07-12T11:35:14.393+0000] {logging_mixin.py:188} INFO - [2026-07-12T11:35:14.393+0000] {dag.py:3823} INFO - Setting next_dagrun for example_external_task_marker_parent to None, run_after=None
[2026-07-12T11:35:14.405+0000] {processor.py:183} INFO - Processing /home/airflow/.local/lib/python3.8/site-packages/airflow/example_dags/example_external_task_marker_dag.py took 0.051 seconds
[2026-07-12T11:35:44.755+0000] {processor.py:161} INFO - Started process (PID=1438) to work on /home/airflow/.local/lib/python3.8/site-packages/airflow/example_dags/example_external_task_marker_dag.py
[2026-07-12T11:35:44.780+0000] {processor.py:830} INFO - Processing file /home/airflow/.local/lib/python3.8/site-packages/airflow/example_dags/example_external_task_marker_dag.py for tasks to queue
[2026-07-12T11:35:44.782+0000] {logging_mixin.py:188} INFO - [2026-07-12T11:35:44.781+0000] {dagbag.py:538} INFO - Filling up the DagBag from /home/airflow/.local/lib/python3.8/site-packages/airflow/example_dags/example_external_task_marker_dag.py
[2026-07-12T11:35:44.786+0000] {processor.py:840} INFO - DAG(s) 'example_external_task_marker_child', 'example_external_task_marker_parent' retrieved from /home/airflow/.local/lib/python3.8/site-packages/airflow/example_dags/example_external_task_marker_dag.py
[2026-07-12T11:35:44.805+0000] {logging_mixin.py:188} INFO - [2026-07-12T11:35:44.805+0000] {dag.py:3036} INFO - Sync 2 DAGs
[2026-07-12T11:35:44.814+0000] {logging_mixin.py:188} INFO - [2026-07-12T11:35:44.814+0000] {dag.py:3823} INFO - Setting next_dagrun for example_external_task_marker_child to None, run_after=None
[2026-07-12T11:35:44.817+0000] {logging_mixin.py:188} INFO - [2026-07-12T11:35:44.817+0000] {dag.py:3823} INFO - Setting next_dagrun for example_external_task_marker_parent to None, run_after=None
[2026-07-12T11:35:44.830+0000] {processor.py:183} INFO - Processing /home/airflow/.local/lib/python3.8/site-packages/airflow/example_dags/example_external_task_marker_dag.py took 0.078 seconds
[2026-07-12T11:36:15.280+0000] {processor.py:161} INFO - Started process (PID=1494) to work on /home/airflow/.local/lib/python3.8/site-packages/airflow/example_dags/example_external_task_marker_dag.py
[2026-07-12T11:36:15.282+0000] {processor.py:830} INFO - Processing file /home/airflow/.local/lib/python3.8/site-packages/airflow/example_dags/example_external_task_marker_dag.py for tasks to queue
[2026-07-12T11:36:15.284+0000] {logging_mixin.py:188} INFO - [2026-07-12T11:36:15.284+0000] {dagbag.py:538} INFO - Filling up the DagBag from /home/airflow/.local/lib/python3.8/site-packages/airflow/example_dags/example_external_task_marker_dag.py
[2026-07-12T11:36:15.289+0000] {processor.py:840} INFO - DAG(s) 'example_external_task_marker_child', 'example_external_task_marker_parent' retrieved from /home/airflow/.local/lib/python3.8/site-packages/airflow/example_dags/example_external_task_marker_dag.py
[2026-07-12T11:36:15.309+0000] {logging_mixin.py:188} INFO - [2026-07-12T11:36:15.309+0000] {dag.py:3036} INFO - Sync 2 DAGs
[2026-07-12T11:36:15.318+0000] {logging_mixin.py:188} INFO - [2026-07-12T11:36:15.318+0000] {dag.py:3823} INFO - Setting next_dagrun for example_external_task_marker_child to None, run_after=None
[2026-07-12T11:36:15.321+0000] {logging_mixin.py:188} INFO - [2026-07-12T11:36:15.320+0000] {dag.py:3823} INFO - Setting next_dagrun for example_external_task_marker_parent to None, run_after=None
[2026-07-12T11:36:15.332+0000] {processor.py:183} INFO - Processing /home/airflow/.local/lib/python3.8/site-packages/airflow/example_dags/example_external_task_marker_dag.py took 0.055 seconds
[2026-07-12T11:36:45.438+0000] {processor.py:161} INFO - Started process (PID=1551) to work on /home/airflow/.local/lib/python3.8/site-packages/airflow/example_dags/example_external_task_marker_dag.py
[2026-07-12T11:36:45.439+0000] {processor.py:830} INFO - Processing file /home/airflow/.local/lib/python3.8/site-packages/airflow/example_dags/example_external_task_marker_dag.py for tasks to queue
[2026-07-12T11:36:45.441+0000] {logging_mixin.py:188} INFO - [2026-07-12T11:36:45.441+0000] {dagbag.py:538} INFO - Filling up the DagBag from /home/airflow/.local/lib/python3.8/site-packages/airflow/example_dags/example_external_task_marker_dag.py
[2026-07-12T11:36:45.445+0000] {processor.py:840} INFO - DAG(s) 'example_external_task_marker_child', 'example_external_task_marker_parent' retrieved from /home/airflow/.local/lib/python3.8/site-packages/airflow/example_dags/example_external_task_marker_dag.py
[2026-07-12T11:36:45.463+0000] {logging_mixin.py:188} INFO - [2026-07-12T11:36:45.462+0000] {dag.py:3036} INFO - Sync 2 DAGs
[2026-07-12T11:36:45.472+0000] {logging_mixin.py:188} INFO - [2026-07-12T11:36:45.472+0000] {dag.py:3823} INFO - Setting next_dagrun for example_external_task_marker_child to None, run_after=None
[2026-07-12T11:36:45.475+0000] {logging_mixin.py:188} INFO - [2026-07-12T11:36:45.474+0000] {dag.py:3823} INFO - Setting next_dagrun for example_external_task_marker_parent to None, run_after=None
[2026-07-12T11:36:45.487+0000] {processor.py:183} INFO - Processing /home/airflow/.local/lib/python3.8/site-packages/airflow/example_dags/example_external_task_marker_dag.py took 0.052 seconds
[2026-07-12T11:37:15.716+0000] {processor.py:161} INFO - Started process (PID=1607) to work on /home/airflow/.local/lib/python3.8/site-packages/airflow/example_dags/example_external_task_marker_dag.py
[2026-07-12T11:37:15.717+0000] {processor.py:830} INFO - Processing file /home/airflow/.local/lib/python3.8/site-packages/airflow/example_dags/example_external_task_marker_dag.py for tasks to queue
[2026-07-12T11:37:15.719+0000] {logging_mixin.py:188} INFO - [2026-07-12T11:37:15.719+0000] {dagbag.py:538} INFO - Filling up the DagBag from /home/airflow/.local/lib/python3.8/site-packages/airflow/example_dags/example_external_task_marker_dag.py
[2026-07-12T11:37:15.726+0000] {processor.py:840} INFO - DAG(s) 'example_external_task_marker_parent', 'example_external_task_marker_child' retrieved from /home/airflow/.local/lib/python3.8/site-packages/airflow/example_dags/example_external_task_marker_dag.py
[2026-07-12T11:37:15.748+0000] {logging_mixin.py:188} INFO - [2026-07-12T11:37:15.748+0000] {dag.py:3036} INFO - Sync 2 DAGs
[2026-07-12T11:37:15.760+0000] {logging_mixin.py:188} INFO - [2026-07-12T11:37:15.760+0000] {dag.py:3823} INFO - Setting next_dagrun for example_external_task_marker_child to None, run_after=None
[2026-07-12T11:37:15.763+0000] {logging_mixin.py:188} INFO - [2026-07-12T11:37:15.763+0000] {dag.py:3823} INFO - Setting next_dagrun for example_external_task_marker_parent to None, run_after=None
[2026-07-12T11:37:15.779+0000] {processor.py:183} INFO - Processing /home/airflow/.local/lib/python3.8/site-packages/airflow/example_dags/example_external_task_marker_dag.py took 0.066 seconds
[2026-07-12T11:37:45.858+0000] {processor.py:161} INFO - Started process (PID=1663) to work on /home/airflow/.local/lib/python3.8/site-packages/airflow/example_dags/example_external_task_marker_dag.py
[2026-07-12T11:37:45.859+0000] {processor.py:830} INFO - Processing file /home/airflow/.local/lib/python3.8/site-packages/airflow/example_dags/example_external_task_marker_dag.py for tasks to queue
[2026-07-12T11:37:45.861+0000] {logging_mixin.py:188} INFO - [2026-07-12T11:37:45.861+0000] {dagbag.py:538} INFO - Filling up the DagBag from /home/airflow/.local/lib/python3.8/site-packages/airflow/example_dags/example_external_task_marker_dag.py
[2026-07-12T11:37:45.866+0000] {processor.py:840} INFO - DAG(s) 'example_external_task_marker_parent', 'example_external_task_marker_child' retrieved from /home/airflow/.local/lib/python3.8/site-packages/airflow/example_dags/example_external_task_marker_dag.py
[2026-07-12T11:37:45.886+0000] {logging_mixin.py:188} INFO - [2026-07-12T11:37:45.886+0000] {dag.py:3036} INFO - Sync 2 DAGs
[2026-07-12T11:37:45.896+0000] {logging_mixin.py:188} INFO - [2026-07-12T11:37:45.896+0000] {dag.py:3823} INFO - Setting next_dagrun for example_external_task_marker_child to None, run_after=None
[2026-07-12T11:37:45.899+0000] {logging_mixin.py:188} INFO - [2026-07-12T11:37:45.899+0000] {dag.py:3823} INFO - Setting next_dagrun for example_external_task_marker_parent to None, run_after=None
[2026-07-12T11:37:45.912+0000] {processor.py:183} INFO - Processing /home/airflow/.local/lib/python3.8/site-packages/airflow/example_dags/example_external_task_marker_dag.py took 0.057 seconds
[2026-07-12T11:38:16.631+0000] {processor.py:161} INFO - Started process (PID=1719) to work on /home/airflow/.local/lib/python3.8/site-packages/airflow/example_dags/example_external_task_marker_dag.py
[2026-07-12T11:38:16.632+0000] {processor.py:830} INFO - Processing file /home/airflow/.local/lib/python3.8/site-packages/airflow/example_dags/example_external_task_marker_dag.py for tasks to queue
[2026-07-12T11:38:16.634+0000] {logging_mixin.py:188} INFO - [2026-07-12T11:38:16.634+0000] {dagbag.py:538} INFO - Filling up the DagBag from /home/airflow/.local/lib/python3.8/site-packages/airflow/example_dags/example_external_task_marker_dag.py
[2026-07-12T11:38:16.640+0000] {processor.py:840} INFO - DAG(s) 'example_external_task_marker_parent', 'example_external_task_marker_child' retrieved from /home/airflow/.local/lib/python3.8/site-packages/airflow/example_dags/example_external_task_marker_dag.py
[2026-07-12T11:38:16.661+0000] {logging_mixin.py:188} INFO - [2026-07-12T11:38:16.660+0000] {dag.py:3036} INFO - Sync 2 DAGs
[2026-07-12T11:38:16.671+0000] {logging_mixin.py:188} INFO - [2026-07-12T11:38:16.671+0000] {dag.py:3823} INFO - Setting next_dagrun for example_external_task_marker_child to None, run_after=None
[2026-07-12T11:38:16.674+0000] {logging_mixin.py:188} INFO - [2026-07-12T11:38:16.674+0000] {dag.py:3823} INFO - Setting next_dagrun for example_external_task_marker_parent to None, run_after=None
[2026-07-12T11:38:16.692+0000] {processor.py:183} INFO - Processing /home/airflow/.local/lib/python3.8/site-packages/airflow/example_dags/example_external_task_marker_dag.py took 0.064 seconds
[2026-07-12T11:38:47.035+0000] {processor.py:161} INFO - Started process (PID=1775) to work on /home/airflow/.local/lib/python3.8/site-packages/airflow/example_dags/example_external_task_marker_dag.py
[2026-07-12T11:38:47.036+0000] {processor.py:830} INFO - Processing file /home/airflow/.local/lib/python3.8/site-packages/airflow/example_dags/example_external_task_marker_dag.py for tasks to queue
[2026-07-12T11:38:47.037+0000] {logging_mixin.py:188} INFO - [2026-07-12T11:38:47.037+0000] {dagbag.py:538} INFO - Filling up the DagBag from /home/airflow/.local/lib/python3.8/site-packages/airflow/example_dags/example_external_task_marker_dag.py
[2026-07-12T11:38:47.042+0000] {processor.py:840} INFO - DAG(s) 'example_external_task_marker_child', 'example_external_task_marker_parent' retrieved from /home/airflow/.local/lib/python3.8/site-packages/airflow/example_dags/example_external_task_marker_dag.py
[2026-07-12T11:38:47.060+0000] {logging_mixin.py:188} INFO - [2026-07-12T11:38:47.059+0000] {dag.py:3036} INFO - Sync 2 DAGs
[2026-07-12T11:38:47.069+0000] {logging_mixin.py:188} INFO - [2026-07-12T11:38:47.069+0000] {dag.py:3823} INFO - Setting next_dagrun for example_external_task_marker_child to None, run_after=None
[2026-07-12T11:38:47.071+0000] {logging_mixin.py:188} INFO - [2026-07-12T11:38:47.071+0000] {dag.py:3823} INFO - Setting next_dagrun for example_external_task_marker_parent to None, run_after=None
[2026-07-12T11:38:47.084+0000] {processor.py:183} INFO - Processing /home/airflow/.local/lib/python3.8/site-packages/airflow/example_dags/example_external_task_marker_dag.py took 0.052 seconds
[2026-07-12T11:39:17.472+0000] {processor.py:161} INFO - Started process (PID=1831) to work on /home/airflow/.local/lib/python3.8/site-packages/airflow/example_dags/example_external_task_marker_dag.py
[2026-07-12T11:39:17.473+0000] {processor.py:830} INFO - Processing file /home/airflow/.local/lib/python3.8/site-packages/airflow/example_dags/example_external_task_marker_dag.py for tasks to queue
[2026-07-12T11:39:17.475+0000] {logging_mixin.py:188} INFO - [2026-07-12T11:39:17.474+0000] {dagbag.py:538} INFO - Filling up the DagBag from /home/airflow/.local/lib/python3.8/site-packages/airflow/example_dags/example_external_task_marker_dag.py
[2026-07-12T11:39:17.479+0000] {processor.py:840} INFO - DAG(s) 'example_external_task_marker_parent', 'example_external_task_marker_child' retrieved from /home/airflow/.local/lib/python3.8/site-packages/airflow/example_dags/example_external_task_marker_dag.py
[2026-07-12T11:39:17.497+0000] {logging_mixin.py:188} INFO - [2026-07-12T11:39:17.497+0000] {dag.py:3036} INFO - Sync 2 DAGs
[2026-07-12T11:39:17.506+0000] {logging_mixin.py:188} INFO - [2026-07-12T11:39:17.506+0000] {dag.py:3823} INFO - Setting next_dagrun for example_external_task_marker_child to None, run_after=None
[2026-07-12T11:39:17.509+0000] {logging_mixin.py:188} INFO - [2026-07-12T11:39:17.509+0000] {dag.py:3823} INFO - Setting next_dagrun for example_external_task_marker_parent to None, run_after=None
[2026-07-12T11:39:17.521+0000] {processor.py:183} INFO - Processing /home/airflow/.local/lib/python3.8/site-packages/airflow/example_dags/example_external_task_marker_dag.py took 0.052 seconds
[2026-07-12T11:39:47.787+0000] {processor.py:161} INFO - Started process (PID=1887) to work on /home/airflow/.local/lib/python3.8/site-packages/airflow/example_dags/example_external_task_marker_dag.py
[2026-07-12T11:39:47.788+0000] {processor.py:830} INFO - Processing file /home/airflow/.local/lib/python3.8/site-packages/airflow/example_dags/example_external_task_marker_dag.py for tasks to queue
[2026-07-12T11:39:47.789+0000] {logging_mixin.py:188} INFO - [2026-07-12T11:39:47.789+0000] {dagbag.py:538} INFO - Filling up the DagBag from /home/airflow/.local/lib/python3.8/site-packages/airflow/example_dags/example_external_task_marker_dag.py
[2026-07-12T11:39:47.794+0000] {processor.py:840} INFO - DAG(s) 'example_external_task_marker_parent', 'example_external_task_marker_child' retrieved from /home/airflow/.local/lib/python3.8/site-packages/airflow/example_dags/example_external_task_marker_dag.py
[2026-07-12T11:39:47.812+0000] {logging_mixin.py:188} INFO - [2026-07-12T11:39:47.812+0000] {dag.py:3036} INFO - Sync 2 DAGs
[2026-07-12T11:39:47.822+0000] {logging_mixin.py:188} INFO - [2026-07-12T11:39:47.821+0000] {dag.py:3823} INFO - Setting next_dagrun for example_external_task_marker_child to None, run_after=None
[2026-07-12T11:39:47.825+0000] {logging_mixin.py:188} INFO - [2026-07-12T11:39:47.825+0000] {dag.py:3823} INFO - Setting next_dagrun for example_external_task_marker_parent to None, run_after=None
[2026-07-12T11:39:47.838+0000] {processor.py:183} INFO - Processing /home/airflow/.local/lib/python3.8/site-packages/airflow/example_dags/example_external_task_marker_dag.py took 0.054 seconds
[2026-07-12T11:41:43.980+0000] {processor.py:161} INFO - Started process (PID=71) to work on /home/airflow/.local/lib/python3.8/site-packages/airflow/example_dags/example_external_task_marker_dag.py
[2026-07-12T11:41:43.981+0000] {processor.py:830} INFO - Processing file /home/airflow/.local/lib/python3.8/site-packages/airflow/example_dags/example_external_task_marker_dag.py for tasks to queue
[2026-07-12T11:41:43.983+0000] {logging_mixin.py:188} INFO - [2026-07-12T11:41:43.983+0000] {dagbag.py:538} INFO - Filling up the DagBag from /home/airflow/.local/lib/python3.8/site-packages/airflow/example_dags/example_external_task_marker_dag.py
[2026-07-12T11:41:43.991+0000] {processor.py:840} INFO - DAG(s) 'example_external_task_marker_child', 'example_external_task_marker_parent' retrieved from /home/airflow/.local/lib/python3.8/site-packages/airflow/example_dags/example_external_task_marker_dag.py
[2026-07-12T11:41:44.012+0000] {logging_mixin.py:188} INFO - [2026-07-12T11:41:44.012+0000] {dag.py:3036} INFO - Sync 2 DAGs
[2026-07-12T11:41:44.022+0000] {logging_mixin.py:188} INFO - [2026-07-12T11:41:44.022+0000] {dag.py:3823} INFO - Setting next_dagrun for example_external_task_marker_child to None, run_after=None
[2026-07-12T11:41:44.025+0000] {logging_mixin.py:188} INFO - [2026-07-12T11:41:44.025+0000] {dag.py:3823} INFO - Setting next_dagrun for example_external_task_marker_parent to None, run_after=None
[2026-07-12T11:41:44.039+0000] {processor.py:183} INFO - Processing /home/airflow/.local/lib/python3.8/site-packages/airflow/example_dags/example_external_task_marker_dag.py took 0.062 seconds
[2026-07-12T11:42:14.236+0000] {processor.py:161} INFO - Started process (PID=127) to work on /home/airflow/.local/lib/python3.8/site-packages/airflow/example_dags/example_external_task_marker_dag.py
[2026-07-12T11:42:14.237+0000] {processor.py:830} INFO - Processing file /home/airflow/.local/lib/python3.8/site-packages/airflow/example_dags/example_external_task_marker_dag.py for tasks to queue
[2026-07-12T11:42:14.239+0000] {logging_mixin.py:188} INFO - [2026-07-12T11:42:14.239+0000] {dagbag.py:538} INFO - Filling up the DagBag from /home/airflow/.local/lib/python3.8/site-packages/airflow/example_dags/example_external_task_marker_dag.py
[2026-07-12T11:42:14.244+0000] {processor.py:840} INFO - DAG(s) 'example_external_task_marker_child', 'example_external_task_marker_parent' retrieved from /home/airflow/.local/lib/python3.8/site-packages/airflow/example_dags/example_external_task_marker_dag.py
[2026-07-12T11:42:14.262+0000] {logging_mixin.py:188} INFO - [2026-07-12T11:42:14.262+0000] {dag.py:3036} INFO - Sync 2 DAGs
[2026-07-12T11:42:14.271+0000] {logging_mixin.py:188} INFO - [2026-07-12T11:42:14.271+0000] {dag.py:3823} INFO - Setting next_dagrun for example_external_task_marker_child to None, run_after=None
[2026-07-12T11:42:14.274+0000] {logging_mixin.py:188} INFO - [2026-07-12T11:42:14.274+0000] {dag.py:3823} INFO - Setting next_dagrun for example_external_task_marker_parent to None, run_after=None
[2026-07-12T11:42:14.286+0000] {processor.py:183} INFO - Processing /home/airflow/.local/lib/python3.8/site-packages/airflow/example_dags/example_external_task_marker_dag.py took 0.053 seconds
[2026-07-12T11:42:44.737+0000] {processor.py:161} INFO - Started process (PID=183) to work on /home/airflow/.local/lib/python3.8/site-packages/airflow/example_dags/example_external_task_marker_dag.py
[2026-07-12T11:42:44.738+0000] {processor.py:830} INFO - Processing file /home/airflow/.local/lib/python3.8/site-packages/airflow/example_dags/example_external_task_marker_dag.py for tasks to queue
[2026-07-12T11:42:44.740+0000] {logging_mixin.py:188} INFO - [2026-07-12T11:42:44.740+0000] {dagbag.py:538} INFO - Filling up the DagBag from /home/airflow/.local/lib/python3.8/site-packages/airflow/example_dags/example_external_task_marker_dag.py
[2026-07-12T11:42:44.745+0000] {processor.py:840} INFO - DAG(s) 'example_external_task_marker_child', 'example_external_task_marker_parent' retrieved from /home/airflow/.local/lib/python3.8/site-packages/airflow/example_dags/example_external_task_marker_dag.py
[2026-07-12T11:42:44.775+0000] {logging_mixin.py:188} INFO - [2026-07-12T11:42:44.775+0000] {dag.py:3036} INFO - Sync 2 DAGs
[2026-07-12T11:42:44.788+0000] {logging_mixin.py:188} INFO - [2026-07-12T11:42:44.788+0000] {dag.py:3823} INFO - Setting next_dagrun for example_external_task_marker_child to None, run_after=None
[2026-07-12T11:42:44.792+0000] {logging_mixin.py:188} INFO - [2026-07-12T11:42:44.792+0000] {dag.py:3823} INFO - Setting next_dagrun for example_external_task_marker_parent to None, run_after=None
[2026-07-12T11:42:44.810+0000] {processor.py:183} INFO - Processing /home/airflow/.local/lib/python3.8/site-packages/airflow/example_dags/example_external_task_marker_dag.py took 0.075 seconds
[2026-07-12T11:43:15.034+0000] {processor.py:161} INFO - Started process (PID=239) to work on /home/airflow/.local/lib/python3.8/site-packages/airflow/example_dags/example_external_task_marker_dag.py
[2026-07-12T11:43:15.035+0000] {processor.py:830} INFO - Processing file /home/airflow/.local/lib/python3.8/site-packages/airflow/example_dags/example_external_task_marker_dag.py for tasks to queue
[2026-07-12T11:43:15.037+0000] {logging_mixin.py:188} INFO - [2026-07-12T11:43:15.037+0000] {dagbag.py:538} INFO - Filling up the DagBag from /home/airflow/.local/lib/python3.8/site-packages/airflow/example_dags/example_external_task_marker_dag.py
[2026-07-12T11:43:15.044+0000] {processor.py:840} INFO - DAG(s) 'example_external_task_marker_child', 'example_external_task_marker_parent' retrieved from /home/airflow/.local/lib/python3.8/site-packages/airflow/example_dags/example_external_task_marker_dag.py
[2026-07-12T11:43:15.075+0000] {logging_mixin.py:188} INFO - [2026-07-12T11:43:15.075+0000] {dag.py:3036} INFO - Sync 2 DAGs
[2026-07-12T11:43:15.088+0000] {logging_mixin.py:188} INFO - [2026-07-12T11:43:15.087+0000] {dag.py:3823} INFO - Setting next_dagrun for example_external_task_marker_child to None, run_after=None
[2026-07-12T11:43:15.092+0000] {logging_mixin.py:188} INFO - [2026-07-12T11:43:15.091+0000] {dag.py:3823} INFO - Setting next_dagrun for example_external_task_marker_parent to None, run_after=None
[2026-07-12T11:43:15.111+0000] {processor.py:183} INFO - Processing /home/airflow/.local/lib/python3.8/site-packages/airflow/example_dags/example_external_task_marker_dag.py took 0.081 seconds
[2026-07-12T11:43:45.296+0000] {processor.py:161} INFO - Started process (PID=295) to work on /home/airflow/.local/lib/python3.8/site-packages/airflow/example_dags/example_external_task_marker_dag.py
[2026-07-12T11:43:45.297+0000] {processor.py:830} INFO - Processing file /home/airflow/.local/lib/python3.8/site-packages/airflow/example_dags/example_external_task_marker_dag.py for tasks to queue
[2026-07-12T11:43:45.299+0000] {logging_mixin.py:188} INFO - [2026-07-12T11:43:45.299+0000] {dagbag.py:538} INFO - Filling up the DagBag from /home/airflow/.local/lib/python3.8/site-packages/airflow/example_dags/example_external_task_marker_dag.py
[2026-07-12T11:43:45.304+0000] {processor.py:840} INFO - DAG(s) 'example_external_task_marker_parent', 'example_external_task_marker_child' retrieved from /home/airflow/.local/lib/python3.8/site-packages/airflow/example_dags/example_external_task_marker_dag.py
[2026-07-12T11:43:45.325+0000] {logging_mixin.py:188} INFO - [2026-07-12T11:43:45.325+0000] {dag.py:3036} INFO - Sync 2 DAGs
[2026-07-12T11:43:45.350+0000] {logging_mixin.py:188} INFO - [2026-07-12T11:43:45.350+0000] {dag.py:3823} INFO - Setting next_dagrun for example_external_task_marker_child to None, run_after=None
[2026-07-12T11:43:45.356+0000] {logging_mixin.py:188} INFO - [2026-07-12T11:43:45.356+0000] {dag.py:3823} INFO - Setting next_dagrun for example_external_task_marker_parent to None, run_after=None
[2026-07-12T11:43:45.382+0000] {processor.py:183} INFO - Processing /home/airflow/.local/lib/python3.8/site-packages/airflow/example_dags/example_external_task_marker_dag.py took 0.088 seconds
[2026-07-12T11:44:15.494+0000] {processor.py:161} INFO - Started process (PID=351) to work on /home/airflow/.local/lib/python3.8/site-packages/airflow/example_dags/example_external_task_marker_dag.py
[2026-07-12T11:44:15.495+0000] {processor.py:830} INFO - Processing file /home/airflow/.local/lib/python3.8/site-packages/airflow/example_dags/example_external_task_marker_dag.py for tasks to queue
[2026-07-12T11:44:15.497+0000] {logging_mixin.py:188} INFO - [2026-07-12T11:44:15.496+0000] {dagbag.py:538} INFO - Filling up the DagBag from /home/airflow/.local/lib/python3.8/site-packages/airflow/example_dags/example_external_task_marker_dag.py
[2026-07-12T11:44:15.501+0000] {processor.py:840} INFO - DAG(s) 'example_external_task_marker_child', 'example_external_task_marker_parent' retrieved from /home/airflow/.local/lib/python3.8/site-packages/airflow/example_dags/example_external_task_marker_dag.py
[2026-07-12T11:44:15.519+0000] {logging_mixin.py:188} INFO - [2026-07-12T11:44:15.519+0000] {dag.py:3036} INFO - Sync 2 DAGs
[2026-07-12T11:44:15.528+0000] {logging_mixin.py:188} INFO - [2026-07-12T11:44:15.527+0000] {dag.py:3823} INFO - Setting next_dagrun for example_external_task_marker_child to None, run_after=None
[2026-07-12T11:44:15.530+0000] {logging_mixin.py:188} INFO - [2026-07-12T11:44:15.530+0000] {dag.py:3823} INFO - Setting next_dagrun for example_external_task_marker_parent to None, run_after=None
[2026-07-12T11:44:15.543+0000] {processor.py:183} INFO - Processing /home/airflow/.local/lib/python3.8/site-packages/airflow/example_dags/example_external_task_marker_dag.py took 0.051 seconds
[2026-07-12T11:44:45.834+0000] {processor.py:161} INFO - Started process (PID=407) to work on /home/airflow/.local/lib/python3.8/site-packages/airflow/example_dags/example_external_task_marker_dag.py
[2026-07-12T11:44:45.835+0000] {processor.py:830} INFO - Processing file /home/airflow/.local/lib/python3.8/site-packages/airflow/example_dags/example_external_task_marker_dag.py for tasks to queue
[2026-07-12T11:44:45.836+0000] {logging_mixin.py:188} INFO - [2026-07-12T11:44:45.836+0000] {dagbag.py:538} INFO - Filling up the DagBag from /home/airflow/.local/lib/python3.8/site-packages/airflow/example_dags/example_external_task_marker_dag.py
[2026-07-12T11:44:45.841+0000] {processor.py:840} INFO - DAG(s) 'example_external_task_marker_child', 'example_external_task_marker_parent' retrieved from /home/airflow/.local/lib/python3.8/site-packages/airflow/example_dags/example_external_task_marker_dag.py
[2026-07-12T11:44:45.860+0000] {logging_mixin.py:188} INFO - [2026-07-12T11:44:45.859+0000] {dag.py:3036} INFO - Sync 2 DAGs
[2026-07-12T11:44:45.868+0000] {logging_mixin.py:188} INFO - [2026-07-12T11:44:45.868+0000] {dag.py:3823} INFO - Setting next_dagrun for example_external_task_marker_child to None, run_after=None
[2026-07-12T11:44:45.871+0000] {logging_mixin.py:188} INFO - [2026-07-12T11:44:45.870+0000] {dag.py:3823} INFO - Setting next_dagrun for example_external_task_marker_parent to None, run_after=None
[2026-07-12T11:44:45.884+0000] {processor.py:183} INFO - Processing /home/airflow/.local/lib/python3.8/site-packages/airflow/example_dags/example_external_task_marker_dag.py took 0.053 seconds
[2026-07-12T11:45:16.040+0000] {processor.py:161} INFO - Started process (PID=464) to work on /home/airflow/.local/lib/python3.8/site-packages/airflow/example_dags/example_external_task_marker_dag.py
[2026-07-12T11:45:16.041+0000] {processor.py:830} INFO - Processing file /home/airflow/.local/lib/python3.8/site-packages/airflow/example_dags/example_external_task_marker_dag.py for tasks to queue
[2026-07-12T11:45:16.042+0000] {logging_mixin.py:188} INFO - [2026-07-12T11:45:16.042+0000] {dagbag.py:538} INFO - Filling up the DagBag from /home/airflow/.local/lib/python3.8/site-packages/airflow/example_dags/example_external_task_marker_dag.py
[2026-07-12T11:45:16.047+0000] {processor.py:840} INFO - DAG(s) 'example_external_task_marker_parent', 'example_external_task_marker_child' retrieved from /home/airflow/.local/lib/python3.8/site-packages/airflow/example_dags/example_external_task_marker_dag.py
[2026-07-12T11:45:16.064+0000] {logging_mixin.py:188} INFO - [2026-07-12T11:45:16.064+0000] {dag.py:3036} INFO - Sync 2 DAGs
[2026-07-12T11:45:16.073+0000] {logging_mixin.py:188} INFO - [2026-07-12T11:45:16.073+0000] {dag.py:3823} INFO - Setting next_dagrun for example_external_task_marker_child to None, run_after=None
[2026-07-12T11:45:16.076+0000] {logging_mixin.py:188} INFO - [2026-07-12T11:45:16.075+0000] {dag.py:3823} INFO - Setting next_dagrun for example_external_task_marker_parent to None, run_after=None
[2026-07-12T11:45:16.087+0000] {processor.py:183} INFO - Processing /home/airflow/.local/lib/python3.8/site-packages/airflow/example_dags/example_external_task_marker_dag.py took 0.050 seconds
[2026-07-12T11:45:46.316+0000] {processor.py:161} INFO - Started process (PID=520) to work on /home/airflow/.local/lib/python3.8/site-packages/airflow/example_dags/example_external_task_marker_dag.py
[2026-07-12T11:45:46.317+0000] {processor.py:830} INFO - Processing file /home/airflow/.local/lib/python3.8/site-packages/airflow/example_dags/example_external_task_marker_dag.py for tasks to queue
[2026-07-12T11:45:46.319+0000] {logging_mixin.py:188} INFO - [2026-07-12T11:45:46.318+0000] {dagbag.py:538} INFO - Filling up the DagBag from /home/airflow/.local/lib/python3.8/site-packages/airflow/example_dags/example_external_task_marker_dag.py
[2026-07-12T11:45:46.323+0000] {processor.py:840} INFO - DAG(s) 'example_external_task_marker_parent', 'example_external_task_marker_child' retrieved from /home/airflow/.local/lib/python3.8/site-packages/airflow/example_dags/example_external_task_marker_dag.py
[2026-07-12T11:45:46.341+0000] {logging_mixin.py:188} INFO - [2026-07-12T11:45:46.341+0000] {dag.py:3036} INFO - Sync 2 DAGs
[2026-07-12T11:45:46.349+0000] {logging_mixin.py:188} INFO - [2026-07-12T11:45:46.349+0000] {dag.py:3823} INFO - Setting next_dagrun for example_external_task_marker_child to None, run_after=None
[2026-07-12T11:45:46.352+0000] {logging_mixin.py:188} INFO - [2026-07-12T11:45:46.352+0000] {dag.py:3823} INFO - Setting next_dagrun for example_external_task_marker_parent to None, run_after=None
[2026-07-12T11:45:46.365+0000] {processor.py:183} INFO - Processing /home/airflow/.local/lib/python3.8/site-packages/airflow/example_dags/example_external_task_marker_dag.py took 0.052 seconds
[2026-07-12T11:46:16.575+0000] {processor.py:161} INFO - Started process (PID=575) to work on /home/airflow/.local/lib/python3.8/site-packages/airflow/example_dags/example_external_task_marker_dag.py
[2026-07-12T11:46:16.578+0000] {processor.py:830} INFO - Processing file /home/airflow/.local/lib/python3.8/site-packages/airflow/example_dags/example_external_task_marker_dag.py for tasks to queue
[2026-07-12T11:46:16.581+0000] {logging_mixin.py:188} INFO - [2026-07-12T11:46:16.580+0000] {dagbag.py:538} INFO - Filling up the DagBag from /home/airflow/.local/lib/python3.8/site-packages/airflow/example_dags/example_external_task_marker_dag.py
[2026-07-12T11:46:16.588+0000] {processor.py:840} INFO - DAG(s) 'example_external_task_marker_parent', 'example_external_task_marker_child' retrieved from /home/airflow/.local/lib/python3.8/site-packages/airflow/example_dags/example_external_task_marker_dag.py
[2026-07-12T11:46:16.616+0000] {logging_mixin.py:188} INFO - [2026-07-12T11:46:16.616+0000] {dag.py:3036} INFO - Sync 2 DAGs
[2026-07-12T11:46:16.627+0000] {logging_mixin.py:188} INFO - [2026-07-12T11:46:16.626+0000] {dag.py:3823} INFO - Setting next_dagrun for example_external_task_marker_child to None, run_after=None
[2026-07-12T11:46:16.630+0000] {logging_mixin.py:188} INFO - [2026-07-12T11:46:16.629+0000] {dag.py:3823} INFO - Setting next_dagrun for example_external_task_marker_parent to None, run_after=None
[2026-07-12T11:46:16.648+0000] {processor.py:183} INFO - Processing /home/airflow/.local/lib/python3.8/site-packages/airflow/example_dags/example_external_task_marker_dag.py took 0.079 seconds
