[2026-07-12T09:12:52.826+0000] {processor.py:161} INFO - Started process (PID=1368) to work on /home/airflow/.local/lib/python3.8/site-packages/airflow/example_dags/example_sensor_decorator.py
[2026-07-12T09:12:52.828+0000] {processor.py:830} INFO - Processing file /home/airflow/.local/lib/python3.8/site-packages/airflow/example_dags/example_sensor_decorator.py for tasks to queue
[2026-07-12T09:12:52.832+0000] {logging_mixin.py:188} INFO - [2026-07-12T09:12:52.831+0000] {dagbag.py:538} INFO - Filling up the DagBag from /home/airflow/.local/lib/python3.8/site-packages/airflow/example_dags/example_sensor_decorator.py
[2026-07-12T09:12:52.861+0000] {processor.py:840} INFO - DAG(s) 'example_sensor_decorator' retrieved from /home/airflow/.local/lib/python3.8/site-packages/airflow/example_dags/example_sensor_decorator.py
[2026-07-12T09:12:53.101+0000] {logging_mixin.py:188} INFO - [2026-07-12T09:12:53.100+0000] {dag.py:3036} INFO - Sync 1 DAGs
[2026-07-12T09:12:53.109+0000] {logging_mixin.py:188} INFO - [2026-07-12T09:12:53.108+0000] {dag.py:3823} INFO - Setting next_dagrun for example_sensor_decorator to None, run_after=None
[2026-07-12T09:12:53.467+0000] {processor.py:183} INFO - Processing /home/airflow/.local/lib/python3.8/site-packages/airflow/example_dags/example_sensor_decorator.py took 0.644 seconds
[2026-07-12T09:13:23.631+0000] {processor.py:161} INFO - Started process (PID=1423) to work on /home/airflow/.local/lib/python3.8/site-packages/airflow/example_dags/example_sensor_decorator.py
[2026-07-12T09:13:23.633+0000] {processor.py:830} INFO - Processing file /home/airflow/.local/lib/python3.8/site-packages/airflow/example_dags/example_sensor_decorator.py for tasks to queue
[2026-07-12T09:13:23.634+0000] {logging_mixin.py:188} INFO - [2026-07-12T09:13:23.634+0000] {dagbag.py:538} INFO - Filling up the DagBag from /home/airflow/.local/lib/python3.8/site-packages/airflow/example_dags/example_sensor_decorator.py
[2026-07-12T09:13:23.640+0000] {processor.py:840} INFO - DAG(s) 'example_sensor_decorator' retrieved from /home/airflow/.local/lib/python3.8/site-packages/airflow/example_dags/example_sensor_decorator.py
[2026-07-12T09:13:23.656+0000] {logging_mixin.py:188} INFO - [2026-07-12T09:13:23.656+0000] {dag.py:3036} INFO - Sync 1 DAGs
[2026-07-12T09:13:23.665+0000] {logging_mixin.py:188} INFO - [2026-07-12T09:13:23.664+0000] {dag.py:3823} INFO - Setting next_dagrun for example_sensor_decorator to None, run_after=None
[2026-07-12T09:13:23.692+0000] {processor.py:183} INFO - Processing /home/airflow/.local/lib/python3.8/site-packages/airflow/example_dags/example_sensor_decorator.py took 0.065 seconds
[2026-07-12T09:13:53.821+0000] {processor.py:161} INFO - Started process (PID=1478) to work on /home/airflow/.local/lib/python3.8/site-packages/airflow/example_dags/example_sensor_decorator.py
[2026-07-12T09:13:53.822+0000] {processor.py:830} INFO - Processing file /home/airflow/.local/lib/python3.8/site-packages/airflow/example_dags/example_sensor_decorator.py for tasks to queue
[2026-07-12T09:13:53.824+0000] {logging_mixin.py:188} INFO - [2026-07-12T09:13:53.824+0000] {dagbag.py:538} INFO - Filling up the DagBag from /home/airflow/.local/lib/python3.8/site-packages/airflow/example_dags/example_sensor_decorator.py
[2026-07-12T09:13:53.830+0000] {processor.py:840} INFO - DAG(s) 'example_sensor_decorator' retrieved from /home/airflow/.local/lib/python3.8/site-packages/airflow/example_dags/example_sensor_decorator.py
[2026-07-12T09:13:53.850+0000] {logging_mixin.py:188} INFO - [2026-07-12T09:13:53.850+0000] {dag.py:3036} INFO - Sync 1 DAGs
[2026-07-12T09:13:53.975+0000] {logging_mixin.py:188} INFO - [2026-07-12T09:13:53.974+0000] {dag.py:3823} INFO - Setting next_dagrun for example_sensor_decorator to None, run_after=None
[2026-07-12T09:13:53.992+0000] {processor.py:183} INFO - Processing /home/airflow/.local/lib/python3.8/site-packages/airflow/example_dags/example_sensor_decorator.py took 0.175 seconds
[2026-07-12T09:14:24.181+0000] {processor.py:161} INFO - Started process (PID=1532) to work on /home/airflow/.local/lib/python3.8/site-packages/airflow/example_dags/example_sensor_decorator.py
[2026-07-12T09:14:24.185+0000] {processor.py:830} INFO - Processing file /home/airflow/.local/lib/python3.8/site-packages/airflow/example_dags/example_sensor_decorator.py for tasks to queue
[2026-07-12T09:14:24.187+0000] {logging_mixin.py:188} INFO - [2026-07-12T09:14:24.187+0000] {dagbag.py:538} INFO - Filling up the DagBag from /home/airflow/.local/lib/python3.8/site-packages/airflow/example_dags/example_sensor_decorator.py
[2026-07-12T09:14:24.194+0000] {processor.py:840} INFO - DAG(s) 'example_sensor_decorator' retrieved from /home/airflow/.local/lib/python3.8/site-packages/airflow/example_dags/example_sensor_decorator.py
[2026-07-12T09:14:24.217+0000] {logging_mixin.py:188} INFO - [2026-07-12T09:14:24.217+0000] {dag.py:3036} INFO - Sync 1 DAGs
[2026-07-12T09:14:24.234+0000] {logging_mixin.py:188} INFO - [2026-07-12T09:14:24.233+0000] {dag.py:3823} INFO - Setting next_dagrun for example_sensor_decorator to None, run_after=None
[2026-07-12T09:14:24.407+0000] {processor.py:183} INFO - Processing /home/airflow/.local/lib/python3.8/site-packages/airflow/example_dags/example_sensor_decorator.py took 0.238 seconds
[2026-07-12T09:14:54.607+0000] {processor.py:161} INFO - Started process (PID=1587) to work on /home/airflow/.local/lib/python3.8/site-packages/airflow/example_dags/example_sensor_decorator.py
[2026-07-12T09:14:54.611+0000] {processor.py:830} INFO - Processing file /home/airflow/.local/lib/python3.8/site-packages/airflow/example_dags/example_sensor_decorator.py for tasks to queue
[2026-07-12T09:14:54.612+0000] {logging_mixin.py:188} INFO - [2026-07-12T09:14:54.612+0000] {dagbag.py:538} INFO - Filling up the DagBag from /home/airflow/.local/lib/python3.8/site-packages/airflow/example_dags/example_sensor_decorator.py
[2026-07-12T09:14:54.619+0000] {processor.py:840} INFO - DAG(s) 'example_sensor_decorator' retrieved from /home/airflow/.local/lib/python3.8/site-packages/airflow/example_dags/example_sensor_decorator.py
[2026-07-12T09:14:54.640+0000] {logging_mixin.py:188} INFO - [2026-07-12T09:14:54.640+0000] {dag.py:3036} INFO - Sync 1 DAGs
[2026-07-12T09:14:54.650+0000] {logging_mixin.py:188} INFO - [2026-07-12T09:14:54.650+0000] {dag.py:3823} INFO - Setting next_dagrun for example_sensor_decorator to None, run_after=None
[2026-07-12T09:14:54.668+0000] {processor.py:183} INFO - Processing /home/airflow/.local/lib/python3.8/site-packages/airflow/example_dags/example_sensor_decorator.py took 0.066 seconds
[2026-07-12T09:15:24.756+0000] {processor.py:161} INFO - Started process (PID=1642) to work on /home/airflow/.local/lib/python3.8/site-packages/airflow/example_dags/example_sensor_decorator.py
[2026-07-12T09:15:24.759+0000] {processor.py:830} INFO - Processing file /home/airflow/.local/lib/python3.8/site-packages/airflow/example_dags/example_sensor_decorator.py for tasks to queue
[2026-07-12T09:15:24.761+0000] {logging_mixin.py:188} INFO - [2026-07-12T09:15:24.761+0000] {dagbag.py:538} INFO - Filling up the DagBag from /home/airflow/.local/lib/python3.8/site-packages/airflow/example_dags/example_sensor_decorator.py
[2026-07-12T09:15:24.767+0000] {processor.py:840} INFO - DAG(s) 'example_sensor_decorator' retrieved from /home/airflow/.local/lib/python3.8/site-packages/airflow/example_dags/example_sensor_decorator.py
[2026-07-12T09:15:24.787+0000] {logging_mixin.py:188} INFO - [2026-07-12T09:15:24.786+0000] {dag.py:3036} INFO - Sync 1 DAGs
[2026-07-12T09:15:24.795+0000] {logging_mixin.py:188} INFO - [2026-07-12T09:15:24.795+0000] {dag.py:3823} INFO - Setting next_dagrun for example_sensor_decorator to None, run_after=None
[2026-07-12T09:15:24.823+0000] {processor.py:183} INFO - Processing /home/airflow/.local/lib/python3.8/site-packages/airflow/example_dags/example_sensor_decorator.py took 0.070 seconds
[2026-07-12T09:15:54.988+0000] {processor.py:161} INFO - Started process (PID=1697) to work on /home/airflow/.local/lib/python3.8/site-packages/airflow/example_dags/example_sensor_decorator.py
[2026-07-12T09:15:54.991+0000] {processor.py:830} INFO - Processing file /home/airflow/.local/lib/python3.8/site-packages/airflow/example_dags/example_sensor_decorator.py for tasks to queue
[2026-07-12T09:15:54.992+0000] {logging_mixin.py:188} INFO - [2026-07-12T09:15:54.992+0000] {dagbag.py:538} INFO - Filling up the DagBag from /home/airflow/.local/lib/python3.8/site-packages/airflow/example_dags/example_sensor_decorator.py
[2026-07-12T09:15:54.998+0000] {processor.py:840} INFO - DAG(s) 'example_sensor_decorator' retrieved from /home/airflow/.local/lib/python3.8/site-packages/airflow/example_dags/example_sensor_decorator.py
[2026-07-12T09:15:55.015+0000] {logging_mixin.py:188} INFO - [2026-07-12T09:15:55.015+0000] {dag.py:3036} INFO - Sync 1 DAGs
[2026-07-12T09:15:55.023+0000] {logging_mixin.py:188} INFO - [2026-07-12T09:15:55.023+0000] {dag.py:3823} INFO - Setting next_dagrun for example_sensor_decorator to None, run_after=None
[2026-07-12T09:15:55.036+0000] {processor.py:183} INFO - Processing /home/airflow/.local/lib/python3.8/site-packages/airflow/example_dags/example_sensor_decorator.py took 0.051 seconds
[2026-07-12T09:16:25.303+0000] {processor.py:161} INFO - Started process (PID=1752) to work on /home/airflow/.local/lib/python3.8/site-packages/airflow/example_dags/example_sensor_decorator.py
[2026-07-12T09:16:25.312+0000] {processor.py:830} INFO - Processing file /home/airflow/.local/lib/python3.8/site-packages/airflow/example_dags/example_sensor_decorator.py for tasks to queue
[2026-07-12T09:16:25.313+0000] {logging_mixin.py:188} INFO - [2026-07-12T09:16:25.313+0000] {dagbag.py:538} INFO - Filling up the DagBag from /home/airflow/.local/lib/python3.8/site-packages/airflow/example_dags/example_sensor_decorator.py
[2026-07-12T09:16:25.319+0000] {processor.py:840} INFO - DAG(s) 'example_sensor_decorator' retrieved from /home/airflow/.local/lib/python3.8/site-packages/airflow/example_dags/example_sensor_decorator.py
[2026-07-12T09:16:25.373+0000] {logging_mixin.py:188} INFO - [2026-07-12T09:16:25.373+0000] {dag.py:3036} INFO - Sync 1 DAGs
[2026-07-12T09:16:25.382+0000] {logging_mixin.py:188} INFO - [2026-07-12T09:16:25.382+0000] {dag.py:3823} INFO - Setting next_dagrun for example_sensor_decorator to None, run_after=None
[2026-07-12T09:16:25.396+0000] {processor.py:183} INFO - Processing /home/airflow/.local/lib/python3.8/site-packages/airflow/example_dags/example_sensor_decorator.py took 0.090 seconds
[2026-07-12T09:16:55.943+0000] {processor.py:161} INFO - Started process (PID=1807) to work on /home/airflow/.local/lib/python3.8/site-packages/airflow/example_dags/example_sensor_decorator.py
[2026-07-12T09:16:55.944+0000] {processor.py:830} INFO - Processing file /home/airflow/.local/lib/python3.8/site-packages/airflow/example_dags/example_sensor_decorator.py for tasks to queue
[2026-07-12T09:16:55.945+0000] {logging_mixin.py:188} INFO - [2026-07-12T09:16:55.945+0000] {dagbag.py:538} INFO - Filling up the DagBag from /home/airflow/.local/lib/python3.8/site-packages/airflow/example_dags/example_sensor_decorator.py
[2026-07-12T09:16:55.950+0000] {processor.py:840} INFO - DAG(s) 'example_sensor_decorator' retrieved from /home/airflow/.local/lib/python3.8/site-packages/airflow/example_dags/example_sensor_decorator.py
[2026-07-12T09:16:55.987+0000] {logging_mixin.py:188} INFO - [2026-07-12T09:16:55.986+0000] {dag.py:3036} INFO - Sync 1 DAGs
[2026-07-12T09:16:55.996+0000] {logging_mixin.py:188} INFO - [2026-07-12T09:16:55.996+0000] {dag.py:3823} INFO - Setting next_dagrun for example_sensor_decorator to None, run_after=None
[2026-07-12T09:16:56.009+0000] {processor.py:183} INFO - Processing /home/airflow/.local/lib/python3.8/site-packages/airflow/example_dags/example_sensor_decorator.py took 0.070 seconds
[2026-07-12T09:17:26.246+0000] {processor.py:161} INFO - Started process (PID=1862) to work on /home/airflow/.local/lib/python3.8/site-packages/airflow/example_dags/example_sensor_decorator.py
[2026-07-12T09:17:26.248+0000] {processor.py:830} INFO - Processing file /home/airflow/.local/lib/python3.8/site-packages/airflow/example_dags/example_sensor_decorator.py for tasks to queue
[2026-07-12T09:17:26.250+0000] {logging_mixin.py:188} INFO - [2026-07-12T09:17:26.250+0000] {dagbag.py:538} INFO - Filling up the DagBag from /home/airflow/.local/lib/python3.8/site-packages/airflow/example_dags/example_sensor_decorator.py
[2026-07-12T09:17:26.258+0000] {processor.py:840} INFO - DAG(s) 'example_sensor_decorator' retrieved from /home/airflow/.local/lib/python3.8/site-packages/airflow/example_dags/example_sensor_decorator.py
[2026-07-12T09:17:26.311+0000] {logging_mixin.py:188} INFO - [2026-07-12T09:17:26.311+0000] {dag.py:3036} INFO - Sync 1 DAGs
[2026-07-12T09:17:26.321+0000] {logging_mixin.py:188} INFO - [2026-07-12T09:17:26.321+0000] {dag.py:3823} INFO - Setting next_dagrun for example_sensor_decorator to None, run_after=None
[2026-07-12T09:17:26.336+0000] {processor.py:183} INFO - Processing /home/airflow/.local/lib/python3.8/site-packages/airflow/example_dags/example_sensor_decorator.py took 0.093 seconds
[2026-07-12T09:17:56.455+0000] {processor.py:161} INFO - Started process (PID=1917) to work on /home/airflow/.local/lib/python3.8/site-packages/airflow/example_dags/example_sensor_decorator.py
[2026-07-12T09:17:56.457+0000] {processor.py:830} INFO - Processing file /home/airflow/.local/lib/python3.8/site-packages/airflow/example_dags/example_sensor_decorator.py for tasks to queue
[2026-07-12T09:17:56.461+0000] {logging_mixin.py:188} INFO - [2026-07-12T09:17:56.461+0000] {dagbag.py:538} INFO - Filling up the DagBag from /home/airflow/.local/lib/python3.8/site-packages/airflow/example_dags/example_sensor_decorator.py
[2026-07-12T09:17:56.471+0000] {processor.py:840} INFO - DAG(s) 'example_sensor_decorator' retrieved from /home/airflow/.local/lib/python3.8/site-packages/airflow/example_dags/example_sensor_decorator.py
[2026-07-12T09:17:56.512+0000] {logging_mixin.py:188} INFO - [2026-07-12T09:17:56.512+0000] {dag.py:3036} INFO - Sync 1 DAGs
[2026-07-12T09:17:56.524+0000] {logging_mixin.py:188} INFO - [2026-07-12T09:17:56.523+0000] {dag.py:3823} INFO - Setting next_dagrun for example_sensor_decorator to None, run_after=None
[2026-07-12T09:17:56.545+0000] {processor.py:183} INFO - Processing /home/airflow/.local/lib/python3.8/site-packages/airflow/example_dags/example_sensor_decorator.py took 0.093 seconds
[2026-07-12T09:18:26.634+0000] {processor.py:161} INFO - Started process (PID=1972) to work on /home/airflow/.local/lib/python3.8/site-packages/airflow/example_dags/example_sensor_decorator.py
[2026-07-12T09:18:26.635+0000] {processor.py:830} INFO - Processing file /home/airflow/.local/lib/python3.8/site-packages/airflow/example_dags/example_sensor_decorator.py for tasks to queue
[2026-07-12T09:18:26.636+0000] {logging_mixin.py:188} INFO - [2026-07-12T09:18:26.636+0000] {dagbag.py:538} INFO - Filling up the DagBag from /home/airflow/.local/lib/python3.8/site-packages/airflow/example_dags/example_sensor_decorator.py
[2026-07-12T09:18:26.641+0000] {processor.py:840} INFO - DAG(s) 'example_sensor_decorator' retrieved from /home/airflow/.local/lib/python3.8/site-packages/airflow/example_dags/example_sensor_decorator.py
[2026-07-12T09:18:26.658+0000] {logging_mixin.py:188} INFO - [2026-07-12T09:18:26.657+0000] {dag.py:3036} INFO - Sync 1 DAGs
[2026-07-12T09:18:26.667+0000] {logging_mixin.py:188} INFO - [2026-07-12T09:18:26.667+0000] {dag.py:3823} INFO - Setting next_dagrun for example_sensor_decorator to None, run_after=None
[2026-07-12T09:18:26.680+0000] {processor.py:183} INFO - Processing /home/airflow/.local/lib/python3.8/site-packages/airflow/example_dags/example_sensor_decorator.py took 0.050 seconds
[2026-07-12T09:18:57.014+0000] {processor.py:161} INFO - Started process (PID=2027) to work on /home/airflow/.local/lib/python3.8/site-packages/airflow/example_dags/example_sensor_decorator.py
[2026-07-12T09:18:57.017+0000] {processor.py:830} INFO - Processing file /home/airflow/.local/lib/python3.8/site-packages/airflow/example_dags/example_sensor_decorator.py for tasks to queue
[2026-07-12T09:18:57.018+0000] {logging_mixin.py:188} INFO - [2026-07-12T09:18:57.018+0000] {dagbag.py:538} INFO - Filling up the DagBag from /home/airflow/.local/lib/python3.8/site-packages/airflow/example_dags/example_sensor_decorator.py
[2026-07-12T09:18:57.023+0000] {processor.py:840} INFO - DAG(s) 'example_sensor_decorator' retrieved from /home/airflow/.local/lib/python3.8/site-packages/airflow/example_dags/example_sensor_decorator.py
[2026-07-12T09:18:57.039+0000] {logging_mixin.py:188} INFO - [2026-07-12T09:18:57.039+0000] {dag.py:3036} INFO - Sync 1 DAGs
[2026-07-12T09:18:57.048+0000] {logging_mixin.py:188} INFO - [2026-07-12T09:18:57.048+0000] {dag.py:3823} INFO - Setting next_dagrun for example_sensor_decorator to None, run_after=None
[2026-07-12T09:18:57.061+0000] {processor.py:183} INFO - Processing /home/airflow/.local/lib/python3.8/site-packages/airflow/example_dags/example_sensor_decorator.py took 0.050 seconds
[2026-07-12T09:19:27.516+0000] {processor.py:161} INFO - Started process (PID=2082) to work on /home/airflow/.local/lib/python3.8/site-packages/airflow/example_dags/example_sensor_decorator.py
[2026-07-12T09:19:27.518+0000] {processor.py:830} INFO - Processing file /home/airflow/.local/lib/python3.8/site-packages/airflow/example_dags/example_sensor_decorator.py for tasks to queue
[2026-07-12T09:19:27.520+0000] {logging_mixin.py:188} INFO - [2026-07-12T09:19:27.519+0000] {dagbag.py:538} INFO - Filling up the DagBag from /home/airflow/.local/lib/python3.8/site-packages/airflow/example_dags/example_sensor_decorator.py
[2026-07-12T09:19:27.525+0000] {processor.py:840} INFO - DAG(s) 'example_sensor_decorator' retrieved from /home/airflow/.local/lib/python3.8/site-packages/airflow/example_dags/example_sensor_decorator.py
[2026-07-12T09:19:27.544+0000] {logging_mixin.py:188} INFO - [2026-07-12T09:19:27.544+0000] {dag.py:3036} INFO - Sync 1 DAGs
[2026-07-12T09:19:27.553+0000] {logging_mixin.py:188} INFO - [2026-07-12T09:19:27.552+0000] {dag.py:3823} INFO - Setting next_dagrun for example_sensor_decorator to None, run_after=None
[2026-07-12T09:19:27.570+0000] {processor.py:183} INFO - Processing /home/airflow/.local/lib/python3.8/site-packages/airflow/example_dags/example_sensor_decorator.py took 0.057 seconds
[2026-07-12T09:19:57.760+0000] {processor.py:161} INFO - Started process (PID=2137) to work on /home/airflow/.local/lib/python3.8/site-packages/airflow/example_dags/example_sensor_decorator.py
[2026-07-12T09:19:57.763+0000] {processor.py:830} INFO - Processing file /home/airflow/.local/lib/python3.8/site-packages/airflow/example_dags/example_sensor_decorator.py for tasks to queue
[2026-07-12T09:19:57.765+0000] {logging_mixin.py:188} INFO - [2026-07-12T09:19:57.764+0000] {dagbag.py:538} INFO - Filling up the DagBag from /home/airflow/.local/lib/python3.8/site-packages/airflow/example_dags/example_sensor_decorator.py
[2026-07-12T09:19:57.769+0000] {processor.py:840} INFO - DAG(s) 'example_sensor_decorator' retrieved from /home/airflow/.local/lib/python3.8/site-packages/airflow/example_dags/example_sensor_decorator.py
[2026-07-12T09:19:57.785+0000] {logging_mixin.py:188} INFO - [2026-07-12T09:19:57.785+0000] {dag.py:3036} INFO - Sync 1 DAGs
[2026-07-12T09:19:57.793+0000] {logging_mixin.py:188} INFO - [2026-07-12T09:19:57.793+0000] {dag.py:3823} INFO - Setting next_dagrun for example_sensor_decorator to None, run_after=None
[2026-07-12T09:19:57.807+0000] {processor.py:183} INFO - Processing /home/airflow/.local/lib/python3.8/site-packages/airflow/example_dags/example_sensor_decorator.py took 0.049 seconds
[2026-07-12T09:20:28.129+0000] {processor.py:161} INFO - Started process (PID=2192) to work on /home/airflow/.local/lib/python3.8/site-packages/airflow/example_dags/example_sensor_decorator.py
[2026-07-12T09:20:28.130+0000] {processor.py:830} INFO - Processing file /home/airflow/.local/lib/python3.8/site-packages/airflow/example_dags/example_sensor_decorator.py for tasks to queue
[2026-07-12T09:20:28.132+0000] {logging_mixin.py:188} INFO - [2026-07-12T09:20:28.132+0000] {dagbag.py:538} INFO - Filling up the DagBag from /home/airflow/.local/lib/python3.8/site-packages/airflow/example_dags/example_sensor_decorator.py
[2026-07-12T09:20:28.138+0000] {processor.py:840} INFO - DAG(s) 'example_sensor_decorator' retrieved from /home/airflow/.local/lib/python3.8/site-packages/airflow/example_dags/example_sensor_decorator.py
[2026-07-12T09:20:28.155+0000] {logging_mixin.py:188} INFO - [2026-07-12T09:20:28.155+0000] {dag.py:3036} INFO - Sync 1 DAGs
[2026-07-12T09:20:28.164+0000] {logging_mixin.py:188} INFO - [2026-07-12T09:20:28.164+0000] {dag.py:3823} INFO - Setting next_dagrun for example_sensor_decorator to None, run_after=None
[2026-07-12T09:20:28.179+0000] {processor.py:183} INFO - Processing /home/airflow/.local/lib/python3.8/site-packages/airflow/example_dags/example_sensor_decorator.py took 0.053 seconds
[2026-07-12T09:20:58.329+0000] {processor.py:161} INFO - Started process (PID=2247) to work on /home/airflow/.local/lib/python3.8/site-packages/airflow/example_dags/example_sensor_decorator.py
[2026-07-12T09:20:58.332+0000] {processor.py:830} INFO - Processing file /home/airflow/.local/lib/python3.8/site-packages/airflow/example_dags/example_sensor_decorator.py for tasks to queue
[2026-07-12T09:20:58.334+0000] {logging_mixin.py:188} INFO - [2026-07-12T09:20:58.334+0000] {dagbag.py:538} INFO - Filling up the DagBag from /home/airflow/.local/lib/python3.8/site-packages/airflow/example_dags/example_sensor_decorator.py
[2026-07-12T09:20:58.339+0000] {processor.py:840} INFO - DAG(s) 'example_sensor_decorator' retrieved from /home/airflow/.local/lib/python3.8/site-packages/airflow/example_dags/example_sensor_decorator.py
[2026-07-12T09:20:58.355+0000] {logging_mixin.py:188} INFO - [2026-07-12T09:20:58.355+0000] {dag.py:3036} INFO - Sync 1 DAGs
[2026-07-12T09:20:58.363+0000] {logging_mixin.py:188} INFO - [2026-07-12T09:20:58.363+0000] {dag.py:3823} INFO - Setting next_dagrun for example_sensor_decorator to None, run_after=None
[2026-07-12T09:20:58.378+0000] {processor.py:183} INFO - Processing /home/airflow/.local/lib/python3.8/site-packages/airflow/example_dags/example_sensor_decorator.py took 0.052 seconds
[2026-07-12T09:21:28.604+0000] {processor.py:161} INFO - Started process (PID=2302) to work on /home/airflow/.local/lib/python3.8/site-packages/airflow/example_dags/example_sensor_decorator.py
[2026-07-12T09:21:28.605+0000] {processor.py:830} INFO - Processing file /home/airflow/.local/lib/python3.8/site-packages/airflow/example_dags/example_sensor_decorator.py for tasks to queue
[2026-07-12T09:21:28.607+0000] {logging_mixin.py:188} INFO - [2026-07-12T09:21:28.606+0000] {dagbag.py:538} INFO - Filling up the DagBag from /home/airflow/.local/lib/python3.8/site-packages/airflow/example_dags/example_sensor_decorator.py
[2026-07-12T09:21:28.611+0000] {processor.py:840} INFO - DAG(s) 'example_sensor_decorator' retrieved from /home/airflow/.local/lib/python3.8/site-packages/airflow/example_dags/example_sensor_decorator.py
[2026-07-12T09:21:28.628+0000] {logging_mixin.py:188} INFO - [2026-07-12T09:21:28.628+0000] {dag.py:3036} INFO - Sync 1 DAGs
[2026-07-12T09:21:28.637+0000] {logging_mixin.py:188} INFO - [2026-07-12T09:21:28.637+0000] {dag.py:3823} INFO - Setting next_dagrun for example_sensor_decorator to None, run_after=None
[2026-07-12T09:21:28.651+0000] {processor.py:183} INFO - Processing /home/airflow/.local/lib/python3.8/site-packages/airflow/example_dags/example_sensor_decorator.py took 0.050 seconds
[2026-07-12T09:21:58.845+0000] {processor.py:161} INFO - Started process (PID=2357) to work on /home/airflow/.local/lib/python3.8/site-packages/airflow/example_dags/example_sensor_decorator.py
[2026-07-12T09:21:58.847+0000] {processor.py:830} INFO - Processing file /home/airflow/.local/lib/python3.8/site-packages/airflow/example_dags/example_sensor_decorator.py for tasks to queue
[2026-07-12T09:21:58.850+0000] {logging_mixin.py:188} INFO - [2026-07-12T09:21:58.849+0000] {dagbag.py:538} INFO - Filling up the DagBag from /home/airflow/.local/lib/python3.8/site-packages/airflow/example_dags/example_sensor_decorator.py
[2026-07-12T09:21:58.856+0000] {processor.py:840} INFO - DAG(s) 'example_sensor_decorator' retrieved from /home/airflow/.local/lib/python3.8/site-packages/airflow/example_dags/example_sensor_decorator.py
[2026-07-12T09:21:58.873+0000] {logging_mixin.py:188} INFO - [2026-07-12T09:21:58.873+0000] {dag.py:3036} INFO - Sync 1 DAGs
[2026-07-12T09:21:58.883+0000] {logging_mixin.py:188} INFO - [2026-07-12T09:21:58.882+0000] {dag.py:3823} INFO - Setting next_dagrun for example_sensor_decorator to None, run_after=None
[2026-07-12T09:21:58.896+0000] {processor.py:183} INFO - Processing /home/airflow/.local/lib/python3.8/site-packages/airflow/example_dags/example_sensor_decorator.py took 0.055 seconds
[2026-07-12T09:22:29.000+0000] {processor.py:161} INFO - Started process (PID=2412) to work on /home/airflow/.local/lib/python3.8/site-packages/airflow/example_dags/example_sensor_decorator.py
[2026-07-12T09:22:29.003+0000] {processor.py:830} INFO - Processing file /home/airflow/.local/lib/python3.8/site-packages/airflow/example_dags/example_sensor_decorator.py for tasks to queue
[2026-07-12T09:22:29.005+0000] {logging_mixin.py:188} INFO - [2026-07-12T09:22:29.005+0000] {dagbag.py:538} INFO - Filling up the DagBag from /home/airflow/.local/lib/python3.8/site-packages/airflow/example_dags/example_sensor_decorator.py
[2026-07-12T09:22:29.010+0000] {processor.py:840} INFO - DAG(s) 'example_sensor_decorator' retrieved from /home/airflow/.local/lib/python3.8/site-packages/airflow/example_dags/example_sensor_decorator.py
[2026-07-12T09:22:29.026+0000] {logging_mixin.py:188} INFO - [2026-07-12T09:22:29.026+0000] {dag.py:3036} INFO - Sync 1 DAGs
[2026-07-12T09:22:29.035+0000] {logging_mixin.py:188} INFO - [2026-07-12T09:22:29.035+0000] {dag.py:3823} INFO - Setting next_dagrun for example_sensor_decorator to None, run_after=None
[2026-07-12T09:22:29.051+0000] {processor.py:183} INFO - Processing /home/airflow/.local/lib/python3.8/site-packages/airflow/example_dags/example_sensor_decorator.py took 0.053 seconds
[2026-07-12T09:22:59.159+0000] {processor.py:161} INFO - Started process (PID=2467) to work on /home/airflow/.local/lib/python3.8/site-packages/airflow/example_dags/example_sensor_decorator.py
[2026-07-12T09:22:59.161+0000] {processor.py:830} INFO - Processing file /home/airflow/.local/lib/python3.8/site-packages/airflow/example_dags/example_sensor_decorator.py for tasks to queue
[2026-07-12T09:22:59.163+0000] {logging_mixin.py:188} INFO - [2026-07-12T09:22:59.163+0000] {dagbag.py:538} INFO - Filling up the DagBag from /home/airflow/.local/lib/python3.8/site-packages/airflow/example_dags/example_sensor_decorator.py
[2026-07-12T09:22:59.168+0000] {processor.py:840} INFO - DAG(s) 'example_sensor_decorator' retrieved from /home/airflow/.local/lib/python3.8/site-packages/airflow/example_dags/example_sensor_decorator.py
[2026-07-12T09:22:59.193+0000] {logging_mixin.py:188} INFO - [2026-07-12T09:22:59.193+0000] {dag.py:3036} INFO - Sync 1 DAGs
[2026-07-12T09:22:59.203+0000] {logging_mixin.py:188} INFO - [2026-07-12T09:22:59.203+0000] {dag.py:3823} INFO - Setting next_dagrun for example_sensor_decorator to None, run_after=None
[2026-07-12T09:22:59.219+0000] {processor.py:183} INFO - Processing /home/airflow/.local/lib/python3.8/site-packages/airflow/example_dags/example_sensor_decorator.py took 0.062 seconds
[2026-07-12T09:23:29.642+0000] {processor.py:161} INFO - Started process (PID=2522) to work on /home/airflow/.local/lib/python3.8/site-packages/airflow/example_dags/example_sensor_decorator.py
[2026-07-12T09:23:29.645+0000] {processor.py:830} INFO - Processing file /home/airflow/.local/lib/python3.8/site-packages/airflow/example_dags/example_sensor_decorator.py for tasks to queue
[2026-07-12T09:23:29.647+0000] {logging_mixin.py:188} INFO - [2026-07-12T09:23:29.647+0000] {dagbag.py:538} INFO - Filling up the DagBag from /home/airflow/.local/lib/python3.8/site-packages/airflow/example_dags/example_sensor_decorator.py
[2026-07-12T09:23:29.653+0000] {processor.py:840} INFO - DAG(s) 'example_sensor_decorator' retrieved from /home/airflow/.local/lib/python3.8/site-packages/airflow/example_dags/example_sensor_decorator.py
[2026-07-12T09:23:29.671+0000] {logging_mixin.py:188} INFO - [2026-07-12T09:23:29.671+0000] {dag.py:3036} INFO - Sync 1 DAGs
[2026-07-12T09:23:29.680+0000] {logging_mixin.py:188} INFO - [2026-07-12T09:23:29.680+0000] {dag.py:3823} INFO - Setting next_dagrun for example_sensor_decorator to None, run_after=None
[2026-07-12T09:23:29.695+0000] {processor.py:183} INFO - Processing /home/airflow/.local/lib/python3.8/site-packages/airflow/example_dags/example_sensor_decorator.py took 0.059 seconds
[2026-07-12T09:23:59.942+0000] {processor.py:161} INFO - Started process (PID=2577) to work on /home/airflow/.local/lib/python3.8/site-packages/airflow/example_dags/example_sensor_decorator.py
[2026-07-12T09:23:59.945+0000] {processor.py:830} INFO - Processing file /home/airflow/.local/lib/python3.8/site-packages/airflow/example_dags/example_sensor_decorator.py for tasks to queue
[2026-07-12T09:23:59.950+0000] {logging_mixin.py:188} INFO - [2026-07-12T09:23:59.948+0000] {dagbag.py:538} INFO - Filling up the DagBag from /home/airflow/.local/lib/python3.8/site-packages/airflow/example_dags/example_sensor_decorator.py
[2026-07-12T09:23:59.967+0000] {processor.py:840} INFO - DAG(s) 'example_sensor_decorator' retrieved from /home/airflow/.local/lib/python3.8/site-packages/airflow/example_dags/example_sensor_decorator.py
[2026-07-12T09:24:00.021+0000] {logging_mixin.py:188} INFO - [2026-07-12T09:24:00.021+0000] {dag.py:3036} INFO - Sync 1 DAGs
[2026-07-12T09:24:00.051+0000] {logging_mixin.py:188} INFO - [2026-07-12T09:24:00.051+0000] {dag.py:3823} INFO - Setting next_dagrun for example_sensor_decorator to None, run_after=None
[2026-07-12T09:24:00.088+0000] {processor.py:183} INFO - Processing /home/airflow/.local/lib/python3.8/site-packages/airflow/example_dags/example_sensor_decorator.py took 0.156 seconds
[2026-07-12T09:24:30.833+0000] {processor.py:161} INFO - Started process (PID=2632) to work on /home/airflow/.local/lib/python3.8/site-packages/airflow/example_dags/example_sensor_decorator.py
[2026-07-12T09:24:30.840+0000] {processor.py:830} INFO - Processing file /home/airflow/.local/lib/python3.8/site-packages/airflow/example_dags/example_sensor_decorator.py for tasks to queue
[2026-07-12T09:24:30.845+0000] {logging_mixin.py:188} INFO - [2026-07-12T09:24:30.844+0000] {dagbag.py:538} INFO - Filling up the DagBag from /home/airflow/.local/lib/python3.8/site-packages/airflow/example_dags/example_sensor_decorator.py
[2026-07-12T09:24:30.969+0000] {processor.py:840} INFO - DAG(s) 'example_sensor_decorator' retrieved from /home/airflow/.local/lib/python3.8/site-packages/airflow/example_dags/example_sensor_decorator.py
[2026-07-12T09:24:45.914+0000] {logging_mixin.py:188} INFO - [2026-07-12T09:24:45.900+0000] {dag.py:3036} INFO - Sync 1 DAGs
[2026-07-12T09:24:45.935+0000] {logging_mixin.py:188} INFO - [2026-07-12T09:24:45.934+0000] {dag.py:3823} INFO - Setting next_dagrun for example_sensor_decorator to None, run_after=None
[2026-07-12T09:24:46.094+0000] {processor.py:183} INFO - Processing /home/airflow/.local/lib/python3.8/site-packages/airflow/example_dags/example_sensor_decorator.py took 15.272 seconds
[2026-07-12T09:25:25.758+0000] {processor.py:161} INFO - Started process (PID=2686) to work on /home/airflow/.local/lib/python3.8/site-packages/airflow/example_dags/example_sensor_decorator.py
[2026-07-12T09:25:29.356+0000] {processor.py:830} INFO - Processing file /home/airflow/.local/lib/python3.8/site-packages/airflow/example_dags/example_sensor_decorator.py for tasks to queue
[2026-07-12T09:25:55.834+0000] {logging_mixin.py:188} INFO - [2026-07-12T09:25:39.847+0000] {dagbag.py:538} INFO - Filling up the DagBag from /home/airflow/.local/lib/python3.8/site-packages/airflow/example_dags/example_sensor_decorator.py
[2026-07-12T09:29:11.886+0000] {processor.py:161} INFO - Started process (PID=57) to work on /home/airflow/.local/lib/python3.8/site-packages/airflow/example_dags/example_sensor_decorator.py
[2026-07-12T09:29:11.888+0000] {processor.py:830} INFO - Processing file /home/airflow/.local/lib/python3.8/site-packages/airflow/example_dags/example_sensor_decorator.py for tasks to queue
[2026-07-12T09:29:11.890+0000] {logging_mixin.py:188} INFO - [2026-07-12T09:29:11.890+0000] {dagbag.py:538} INFO - Filling up the DagBag from /home/airflow/.local/lib/python3.8/site-packages/airflow/example_dags/example_sensor_decorator.py
[2026-07-12T09:29:11.904+0000] {processor.py:840} INFO - DAG(s) 'example_sensor_decorator' retrieved from /home/airflow/.local/lib/python3.8/site-packages/airflow/example_dags/example_sensor_decorator.py
[2026-07-12T09:29:12.118+0000] {logging_mixin.py:188} INFO - [2026-07-12T09:29:12.118+0000] {dag.py:3036} INFO - Sync 1 DAGs
[2026-07-12T09:29:12.134+0000] {logging_mixin.py:188} INFO - [2026-07-12T09:29:12.133+0000] {dag.py:3823} INFO - Setting next_dagrun for example_sensor_decorator to None, run_after=None
[2026-07-12T09:29:12.168+0000] {processor.py:183} INFO - Processing /home/airflow/.local/lib/python3.8/site-packages/airflow/example_dags/example_sensor_decorator.py took 0.287 seconds
[2026-07-12T10:00:12.854+0000] {processor.py:161} INFO - Started process (PID=46) to work on /home/airflow/.local/lib/python3.8/site-packages/airflow/example_dags/example_sensor_decorator.py
[2026-07-12T10:00:12.856+0000] {processor.py:830} INFO - Processing file /home/airflow/.local/lib/python3.8/site-packages/airflow/example_dags/example_sensor_decorator.py for tasks to queue
[2026-07-12T10:00:12.858+0000] {logging_mixin.py:188} INFO - [2026-07-12T10:00:12.858+0000] {dagbag.py:538} INFO - Filling up the DagBag from /home/airflow/.local/lib/python3.8/site-packages/airflow/example_dags/example_sensor_decorator.py
[2026-07-12T10:00:12.871+0000] {processor.py:840} INFO - DAG(s) 'example_sensor_decorator' retrieved from /home/airflow/.local/lib/python3.8/site-packages/airflow/example_dags/example_sensor_decorator.py
[2026-07-12T10:00:12.910+0000] {logging_mixin.py:188} INFO - [2026-07-12T10:00:12.909+0000] {dag.py:3036} INFO - Sync 1 DAGs
[2026-07-12T10:00:12.921+0000] {logging_mixin.py:188} INFO - [2026-07-12T10:00:12.920+0000] {dag.py:3823} INFO - Setting next_dagrun for example_sensor_decorator to None, run_after=None
[2026-07-12T10:00:12.937+0000] {processor.py:183} INFO - Processing /home/airflow/.local/lib/python3.8/site-packages/airflow/example_dags/example_sensor_decorator.py took 0.086 seconds
[2026-07-12T10:00:43.466+0000] {processor.py:161} INFO - Started process (PID=102) to work on /home/airflow/.local/lib/python3.8/site-packages/airflow/example_dags/example_sensor_decorator.py
[2026-07-12T10:00:43.469+0000] {processor.py:830} INFO - Processing file /home/airflow/.local/lib/python3.8/site-packages/airflow/example_dags/example_sensor_decorator.py for tasks to queue
[2026-07-12T10:00:43.472+0000] {logging_mixin.py:188} INFO - [2026-07-12T10:00:43.472+0000] {dagbag.py:538} INFO - Filling up the DagBag from /home/airflow/.local/lib/python3.8/site-packages/airflow/example_dags/example_sensor_decorator.py
[2026-07-12T10:00:43.487+0000] {processor.py:840} INFO - DAG(s) 'example_sensor_decorator' retrieved from /home/airflow/.local/lib/python3.8/site-packages/airflow/example_dags/example_sensor_decorator.py
[2026-07-12T10:00:43.609+0000] {logging_mixin.py:188} INFO - [2026-07-12T10:00:43.608+0000] {dag.py:3036} INFO - Sync 1 DAGs
[2026-07-12T10:00:43.617+0000] {logging_mixin.py:188} INFO - [2026-07-12T10:00:43.617+0000] {dag.py:3823} INFO - Setting next_dagrun for example_sensor_decorator to None, run_after=None
[2026-07-12T10:00:43.632+0000] {processor.py:183} INFO - Processing /home/airflow/.local/lib/python3.8/site-packages/airflow/example_dags/example_sensor_decorator.py took 0.175 seconds
[2026-07-12T10:01:13.760+0000] {processor.py:161} INFO - Started process (PID=159) to work on /home/airflow/.local/lib/python3.8/site-packages/airflow/example_dags/example_sensor_decorator.py
[2026-07-12T10:01:13.761+0000] {processor.py:830} INFO - Processing file /home/airflow/.local/lib/python3.8/site-packages/airflow/example_dags/example_sensor_decorator.py for tasks to queue
[2026-07-12T10:01:13.764+0000] {logging_mixin.py:188} INFO - [2026-07-12T10:01:13.764+0000] {dagbag.py:538} INFO - Filling up the DagBag from /home/airflow/.local/lib/python3.8/site-packages/airflow/example_dags/example_sensor_decorator.py
[2026-07-12T10:01:13.772+0000] {processor.py:840} INFO - DAG(s) 'example_sensor_decorator' retrieved from /home/airflow/.local/lib/python3.8/site-packages/airflow/example_dags/example_sensor_decorator.py
[2026-07-12T10:01:13.793+0000] {logging_mixin.py:188} INFO - [2026-07-12T10:01:13.793+0000] {dag.py:3036} INFO - Sync 1 DAGs
[2026-07-12T10:01:13.804+0000] {logging_mixin.py:188} INFO - [2026-07-12T10:01:13.804+0000] {dag.py:3823} INFO - Setting next_dagrun for example_sensor_decorator to None, run_after=None
[2026-07-12T10:01:13.823+0000] {processor.py:183} INFO - Processing /home/airflow/.local/lib/python3.8/site-packages/airflow/example_dags/example_sensor_decorator.py took 0.068 seconds
[2026-07-12T10:01:44.259+0000] {processor.py:161} INFO - Started process (PID=215) to work on /home/airflow/.local/lib/python3.8/site-packages/airflow/example_dags/example_sensor_decorator.py
[2026-07-12T10:01:44.260+0000] {processor.py:830} INFO - Processing file /home/airflow/.local/lib/python3.8/site-packages/airflow/example_dags/example_sensor_decorator.py for tasks to queue
[2026-07-12T10:01:44.261+0000] {logging_mixin.py:188} INFO - [2026-07-12T10:01:44.261+0000] {dagbag.py:538} INFO - Filling up the DagBag from /home/airflow/.local/lib/python3.8/site-packages/airflow/example_dags/example_sensor_decorator.py
[2026-07-12T10:01:44.267+0000] {processor.py:840} INFO - DAG(s) 'example_sensor_decorator' retrieved from /home/airflow/.local/lib/python3.8/site-packages/airflow/example_dags/example_sensor_decorator.py
[2026-07-12T10:01:44.283+0000] {logging_mixin.py:188} INFO - [2026-07-12T10:01:44.283+0000] {dag.py:3036} INFO - Sync 1 DAGs
[2026-07-12T10:01:44.292+0000] {logging_mixin.py:188} INFO - [2026-07-12T10:01:44.292+0000] {dag.py:3823} INFO - Setting next_dagrun for example_sensor_decorator to None, run_after=None
[2026-07-12T10:01:44.307+0000] {processor.py:183} INFO - Processing /home/airflow/.local/lib/python3.8/site-packages/airflow/example_dags/example_sensor_decorator.py took 0.051 seconds
[2026-07-12T10:02:14.554+0000] {processor.py:161} INFO - Started process (PID=271) to work on /home/airflow/.local/lib/python3.8/site-packages/airflow/example_dags/example_sensor_decorator.py
[2026-07-12T10:02:14.555+0000] {processor.py:830} INFO - Processing file /home/airflow/.local/lib/python3.8/site-packages/airflow/example_dags/example_sensor_decorator.py for tasks to queue
[2026-07-12T10:02:14.556+0000] {logging_mixin.py:188} INFO - [2026-07-12T10:02:14.556+0000] {dagbag.py:538} INFO - Filling up the DagBag from /home/airflow/.local/lib/python3.8/site-packages/airflow/example_dags/example_sensor_decorator.py
[2026-07-12T10:02:14.561+0000] {processor.py:840} INFO - DAG(s) 'example_sensor_decorator' retrieved from /home/airflow/.local/lib/python3.8/site-packages/airflow/example_dags/example_sensor_decorator.py
[2026-07-12T10:02:14.577+0000] {logging_mixin.py:188} INFO - [2026-07-12T10:02:14.577+0000] {dag.py:3036} INFO - Sync 1 DAGs
[2026-07-12T10:02:14.587+0000] {logging_mixin.py:188} INFO - [2026-07-12T10:02:14.587+0000] {dag.py:3823} INFO - Setting next_dagrun for example_sensor_decorator to None, run_after=None
[2026-07-12T10:02:14.603+0000] {processor.py:183} INFO - Processing /home/airflow/.local/lib/python3.8/site-packages/airflow/example_dags/example_sensor_decorator.py took 0.052 seconds
[2026-07-12T10:02:44.744+0000] {processor.py:161} INFO - Started process (PID=327) to work on /home/airflow/.local/lib/python3.8/site-packages/airflow/example_dags/example_sensor_decorator.py
[2026-07-12T10:02:44.745+0000] {processor.py:830} INFO - Processing file /home/airflow/.local/lib/python3.8/site-packages/airflow/example_dags/example_sensor_decorator.py for tasks to queue
[2026-07-12T10:02:44.747+0000] {logging_mixin.py:188} INFO - [2026-07-12T10:02:44.746+0000] {dagbag.py:538} INFO - Filling up the DagBag from /home/airflow/.local/lib/python3.8/site-packages/airflow/example_dags/example_sensor_decorator.py
[2026-07-12T10:02:44.752+0000] {processor.py:840} INFO - DAG(s) 'example_sensor_decorator' retrieved from /home/airflow/.local/lib/python3.8/site-packages/airflow/example_dags/example_sensor_decorator.py
[2026-07-12T10:02:44.768+0000] {logging_mixin.py:188} INFO - [2026-07-12T10:02:44.768+0000] {dag.py:3036} INFO - Sync 1 DAGs
[2026-07-12T10:02:44.777+0000] {logging_mixin.py:188} INFO - [2026-07-12T10:02:44.777+0000] {dag.py:3823} INFO - Setting next_dagrun for example_sensor_decorator to None, run_after=None
[2026-07-12T10:02:44.794+0000] {processor.py:183} INFO - Processing /home/airflow/.local/lib/python3.8/site-packages/airflow/example_dags/example_sensor_decorator.py took 0.053 seconds
[2026-07-12T10:03:14.816+0000] {processor.py:161} INFO - Started process (PID=382) to work on /home/airflow/.local/lib/python3.8/site-packages/airflow/example_dags/example_sensor_decorator.py
[2026-07-12T10:03:14.817+0000] {processor.py:830} INFO - Processing file /home/airflow/.local/lib/python3.8/site-packages/airflow/example_dags/example_sensor_decorator.py for tasks to queue
[2026-07-12T10:03:14.819+0000] {logging_mixin.py:188} INFO - [2026-07-12T10:03:14.818+0000] {dagbag.py:538} INFO - Filling up the DagBag from /home/airflow/.local/lib/python3.8/site-packages/airflow/example_dags/example_sensor_decorator.py
[2026-07-12T10:03:14.823+0000] {processor.py:840} INFO - DAG(s) 'example_sensor_decorator' retrieved from /home/airflow/.local/lib/python3.8/site-packages/airflow/example_dags/example_sensor_decorator.py
[2026-07-12T10:03:14.852+0000] {logging_mixin.py:188} INFO - [2026-07-12T10:03:14.852+0000] {dag.py:3036} INFO - Sync 1 DAGs
[2026-07-12T10:03:14.875+0000] {logging_mixin.py:188} INFO - [2026-07-12T10:03:14.875+0000] {dag.py:3823} INFO - Setting next_dagrun for example_sensor_decorator to None, run_after=None
[2026-07-12T10:03:14.897+0000] {processor.py:183} INFO - Processing /home/airflow/.local/lib/python3.8/site-packages/airflow/example_dags/example_sensor_decorator.py took 0.085 seconds
[2026-07-12T10:03:44.994+0000] {processor.py:161} INFO - Started process (PID=438) to work on /home/airflow/.local/lib/python3.8/site-packages/airflow/example_dags/example_sensor_decorator.py
[2026-07-12T10:03:44.996+0000] {processor.py:830} INFO - Processing file /home/airflow/.local/lib/python3.8/site-packages/airflow/example_dags/example_sensor_decorator.py for tasks to queue
[2026-07-12T10:03:44.998+0000] {logging_mixin.py:188} INFO - [2026-07-12T10:03:44.998+0000] {dagbag.py:538} INFO - Filling up the DagBag from /home/airflow/.local/lib/python3.8/site-packages/airflow/example_dags/example_sensor_decorator.py
[2026-07-12T10:03:45.003+0000] {processor.py:840} INFO - DAG(s) 'example_sensor_decorator' retrieved from /home/airflow/.local/lib/python3.8/site-packages/airflow/example_dags/example_sensor_decorator.py
[2026-07-12T10:03:45.019+0000] {logging_mixin.py:188} INFO - [2026-07-12T10:03:45.019+0000] {dag.py:3036} INFO - Sync 1 DAGs
[2026-07-12T10:03:45.029+0000] {logging_mixin.py:188} INFO - [2026-07-12T10:03:45.029+0000] {dag.py:3823} INFO - Setting next_dagrun for example_sensor_decorator to None, run_after=None
[2026-07-12T10:03:45.044+0000] {processor.py:183} INFO - Processing /home/airflow/.local/lib/python3.8/site-packages/airflow/example_dags/example_sensor_decorator.py took 0.053 seconds
[2026-07-12T10:04:15.624+0000] {processor.py:161} INFO - Started process (PID=495) to work on /home/airflow/.local/lib/python3.8/site-packages/airflow/example_dags/example_sensor_decorator.py
[2026-07-12T10:04:15.625+0000] {processor.py:830} INFO - Processing file /home/airflow/.local/lib/python3.8/site-packages/airflow/example_dags/example_sensor_decorator.py for tasks to queue
[2026-07-12T10:04:15.626+0000] {logging_mixin.py:188} INFO - [2026-07-12T10:04:15.626+0000] {dagbag.py:538} INFO - Filling up the DagBag from /home/airflow/.local/lib/python3.8/site-packages/airflow/example_dags/example_sensor_decorator.py
[2026-07-12T10:04:15.633+0000] {processor.py:840} INFO - DAG(s) 'example_sensor_decorator' retrieved from /home/airflow/.local/lib/python3.8/site-packages/airflow/example_dags/example_sensor_decorator.py
[2026-07-12T10:04:15.653+0000] {logging_mixin.py:188} INFO - [2026-07-12T10:04:15.653+0000] {dag.py:3036} INFO - Sync 1 DAGs
[2026-07-12T10:04:15.666+0000] {logging_mixin.py:188} INFO - [2026-07-12T10:04:15.666+0000] {dag.py:3823} INFO - Setting next_dagrun for example_sensor_decorator to None, run_after=None
[2026-07-12T10:04:15.685+0000] {processor.py:183} INFO - Processing /home/airflow/.local/lib/python3.8/site-packages/airflow/example_dags/example_sensor_decorator.py took 0.067 seconds
[2026-07-12T10:04:45.887+0000] {processor.py:161} INFO - Started process (PID=552) to work on /home/airflow/.local/lib/python3.8/site-packages/airflow/example_dags/example_sensor_decorator.py
[2026-07-12T10:04:45.888+0000] {processor.py:830} INFO - Processing file /home/airflow/.local/lib/python3.8/site-packages/airflow/example_dags/example_sensor_decorator.py for tasks to queue
[2026-07-12T10:04:45.890+0000] {logging_mixin.py:188} INFO - [2026-07-12T10:04:45.890+0000] {dagbag.py:538} INFO - Filling up the DagBag from /home/airflow/.local/lib/python3.8/site-packages/airflow/example_dags/example_sensor_decorator.py
[2026-07-12T10:04:45.900+0000] {processor.py:840} INFO - DAG(s) 'example_sensor_decorator' retrieved from /home/airflow/.local/lib/python3.8/site-packages/airflow/example_dags/example_sensor_decorator.py
[2026-07-12T10:04:45.920+0000] {logging_mixin.py:188} INFO - [2026-07-12T10:04:45.919+0000] {dag.py:3036} INFO - Sync 1 DAGs
[2026-07-12T10:04:45.932+0000] {logging_mixin.py:188} INFO - [2026-07-12T10:04:45.931+0000] {dag.py:3823} INFO - Setting next_dagrun for example_sensor_decorator to None, run_after=None
[2026-07-12T10:04:45.950+0000] {processor.py:183} INFO - Processing /home/airflow/.local/lib/python3.8/site-packages/airflow/example_dags/example_sensor_decorator.py took 0.067 seconds
[2026-07-12T10:05:16.130+0000] {processor.py:161} INFO - Started process (PID=608) to work on /home/airflow/.local/lib/python3.8/site-packages/airflow/example_dags/example_sensor_decorator.py
[2026-07-12T10:05:16.131+0000] {processor.py:830} INFO - Processing file /home/airflow/.local/lib/python3.8/site-packages/airflow/example_dags/example_sensor_decorator.py for tasks to queue
[2026-07-12T10:05:16.132+0000] {logging_mixin.py:188} INFO - [2026-07-12T10:05:16.132+0000] {dagbag.py:538} INFO - Filling up the DagBag from /home/airflow/.local/lib/python3.8/site-packages/airflow/example_dags/example_sensor_decorator.py
[2026-07-12T10:05:16.137+0000] {processor.py:840} INFO - DAG(s) 'example_sensor_decorator' retrieved from /home/airflow/.local/lib/python3.8/site-packages/airflow/example_dags/example_sensor_decorator.py
[2026-07-12T10:05:16.154+0000] {logging_mixin.py:188} INFO - [2026-07-12T10:05:16.154+0000] {dag.py:3036} INFO - Sync 1 DAGs
[2026-07-12T10:05:16.163+0000] {logging_mixin.py:188} INFO - [2026-07-12T10:05:16.163+0000] {dag.py:3823} INFO - Setting next_dagrun for example_sensor_decorator to None, run_after=None
[2026-07-12T10:05:16.178+0000] {processor.py:183} INFO - Processing /home/airflow/.local/lib/python3.8/site-packages/airflow/example_dags/example_sensor_decorator.py took 0.050 seconds
[2026-07-12T10:05:46.501+0000] {processor.py:161} INFO - Started process (PID=664) to work on /home/airflow/.local/lib/python3.8/site-packages/airflow/example_dags/example_sensor_decorator.py
[2026-07-12T10:05:46.502+0000] {processor.py:830} INFO - Processing file /home/airflow/.local/lib/python3.8/site-packages/airflow/example_dags/example_sensor_decorator.py for tasks to queue
[2026-07-12T10:05:46.504+0000] {logging_mixin.py:188} INFO - [2026-07-12T10:05:46.503+0000] {dagbag.py:538} INFO - Filling up the DagBag from /home/airflow/.local/lib/python3.8/site-packages/airflow/example_dags/example_sensor_decorator.py
[2026-07-12T10:05:46.508+0000] {processor.py:840} INFO - DAG(s) 'example_sensor_decorator' retrieved from /home/airflow/.local/lib/python3.8/site-packages/airflow/example_dags/example_sensor_decorator.py
[2026-07-12T10:05:46.523+0000] {logging_mixin.py:188} INFO - [2026-07-12T10:05:46.523+0000] {dag.py:3036} INFO - Sync 1 DAGs
[2026-07-12T10:05:46.532+0000] {logging_mixin.py:188} INFO - [2026-07-12T10:05:46.532+0000] {dag.py:3823} INFO - Setting next_dagrun for example_sensor_decorator to None, run_after=None
[2026-07-12T10:05:46.549+0000] {processor.py:183} INFO - Processing /home/airflow/.local/lib/python3.8/site-packages/airflow/example_dags/example_sensor_decorator.py took 0.051 seconds
[2026-07-12T10:06:16.607+0000] {processor.py:161} INFO - Started process (PID=720) to work on /home/airflow/.local/lib/python3.8/site-packages/airflow/example_dags/example_sensor_decorator.py
[2026-07-12T10:06:16.609+0000] {processor.py:830} INFO - Processing file /home/airflow/.local/lib/python3.8/site-packages/airflow/example_dags/example_sensor_decorator.py for tasks to queue
[2026-07-12T10:06:16.611+0000] {logging_mixin.py:188} INFO - [2026-07-12T10:06:16.611+0000] {dagbag.py:538} INFO - Filling up the DagBag from /home/airflow/.local/lib/python3.8/site-packages/airflow/example_dags/example_sensor_decorator.py
[2026-07-12T10:06:16.618+0000] {processor.py:840} INFO - DAG(s) 'example_sensor_decorator' retrieved from /home/airflow/.local/lib/python3.8/site-packages/airflow/example_dags/example_sensor_decorator.py
[2026-07-12T10:06:16.635+0000] {logging_mixin.py:188} INFO - [2026-07-12T10:06:16.635+0000] {dag.py:3036} INFO - Sync 1 DAGs
[2026-07-12T10:06:16.644+0000] {logging_mixin.py:188} INFO - [2026-07-12T10:06:16.644+0000] {dag.py:3823} INFO - Setting next_dagrun for example_sensor_decorator to None, run_after=None
[2026-07-12T10:06:16.661+0000] {processor.py:183} INFO - Processing /home/airflow/.local/lib/python3.8/site-packages/airflow/example_dags/example_sensor_decorator.py took 0.058 seconds
[2026-07-12T10:06:46.862+0000] {processor.py:161} INFO - Started process (PID=776) to work on /home/airflow/.local/lib/python3.8/site-packages/airflow/example_dags/example_sensor_decorator.py
[2026-07-12T10:06:46.865+0000] {processor.py:830} INFO - Processing file /home/airflow/.local/lib/python3.8/site-packages/airflow/example_dags/example_sensor_decorator.py for tasks to queue
[2026-07-12T10:06:46.866+0000] {logging_mixin.py:188} INFO - [2026-07-12T10:06:46.866+0000] {dagbag.py:538} INFO - Filling up the DagBag from /home/airflow/.local/lib/python3.8/site-packages/airflow/example_dags/example_sensor_decorator.py
[2026-07-12T10:06:46.871+0000] {processor.py:840} INFO - DAG(s) 'example_sensor_decorator' retrieved from /home/airflow/.local/lib/python3.8/site-packages/airflow/example_dags/example_sensor_decorator.py
[2026-07-12T10:06:46.889+0000] {logging_mixin.py:188} INFO - [2026-07-12T10:06:46.889+0000] {dag.py:3036} INFO - Sync 1 DAGs
[2026-07-12T10:06:46.898+0000] {logging_mixin.py:188} INFO - [2026-07-12T10:06:46.897+0000] {dag.py:3823} INFO - Setting next_dagrun for example_sensor_decorator to None, run_after=None
[2026-07-12T10:06:46.911+0000] {processor.py:183} INFO - Processing /home/airflow/.local/lib/python3.8/site-packages/airflow/example_dags/example_sensor_decorator.py took 0.054 seconds
[2026-07-12T10:07:17.344+0000] {processor.py:161} INFO - Started process (PID=834) to work on /home/airflow/.local/lib/python3.8/site-packages/airflow/example_dags/example_sensor_decorator.py
[2026-07-12T10:07:17.347+0000] {processor.py:830} INFO - Processing file /home/airflow/.local/lib/python3.8/site-packages/airflow/example_dags/example_sensor_decorator.py for tasks to queue
[2026-07-12T10:07:17.348+0000] {logging_mixin.py:188} INFO - [2026-07-12T10:07:17.348+0000] {dagbag.py:538} INFO - Filling up the DagBag from /home/airflow/.local/lib/python3.8/site-packages/airflow/example_dags/example_sensor_decorator.py
[2026-07-12T10:07:17.353+0000] {processor.py:840} INFO - DAG(s) 'example_sensor_decorator' retrieved from /home/airflow/.local/lib/python3.8/site-packages/airflow/example_dags/example_sensor_decorator.py
[2026-07-12T10:07:17.370+0000] {logging_mixin.py:188} INFO - [2026-07-12T10:07:17.369+0000] {dag.py:3036} INFO - Sync 1 DAGs
[2026-07-12T10:07:17.379+0000] {logging_mixin.py:188} INFO - [2026-07-12T10:07:17.378+0000] {dag.py:3823} INFO - Setting next_dagrun for example_sensor_decorator to None, run_after=None
[2026-07-12T10:07:17.392+0000] {processor.py:183} INFO - Processing /home/airflow/.local/lib/python3.8/site-packages/airflow/example_dags/example_sensor_decorator.py took 0.051 seconds
[2026-07-12T10:07:48.418+0000] {processor.py:161} INFO - Started process (PID=890) to work on /home/airflow/.local/lib/python3.8/site-packages/airflow/example_dags/example_sensor_decorator.py
[2026-07-12T10:07:48.420+0000] {processor.py:830} INFO - Processing file /home/airflow/.local/lib/python3.8/site-packages/airflow/example_dags/example_sensor_decorator.py for tasks to queue
[2026-07-12T10:07:48.422+0000] {logging_mixin.py:188} INFO - [2026-07-12T10:07:48.422+0000] {dagbag.py:538} INFO - Filling up the DagBag from /home/airflow/.local/lib/python3.8/site-packages/airflow/example_dags/example_sensor_decorator.py
[2026-07-12T10:07:48.427+0000] {processor.py:840} INFO - DAG(s) 'example_sensor_decorator' retrieved from /home/airflow/.local/lib/python3.8/site-packages/airflow/example_dags/example_sensor_decorator.py
[2026-07-12T10:07:48.443+0000] {logging_mixin.py:188} INFO - [2026-07-12T10:07:48.443+0000] {dag.py:3036} INFO - Sync 1 DAGs
[2026-07-12T10:07:48.451+0000] {logging_mixin.py:188} INFO - [2026-07-12T10:07:48.451+0000] {dag.py:3823} INFO - Setting next_dagrun for example_sensor_decorator to None, run_after=None
[2026-07-12T10:07:48.465+0000] {processor.py:183} INFO - Processing /home/airflow/.local/lib/python3.8/site-packages/airflow/example_dags/example_sensor_decorator.py took 0.053 seconds
[2026-07-12T10:08:47.858+0000] {processor.py:161} INFO - Started process (PID=52) to work on /home/airflow/.local/lib/python3.8/site-packages/airflow/example_dags/example_sensor_decorator.py
[2026-07-12T10:08:47.859+0000] {processor.py:830} INFO - Processing file /home/airflow/.local/lib/python3.8/site-packages/airflow/example_dags/example_sensor_decorator.py for tasks to queue
[2026-07-12T10:08:47.862+0000] {logging_mixin.py:188} INFO - [2026-07-12T10:08:47.862+0000] {dagbag.py:538} INFO - Filling up the DagBag from /home/airflow/.local/lib/python3.8/site-packages/airflow/example_dags/example_sensor_decorator.py
[2026-07-12T10:08:47.871+0000] {processor.py:840} INFO - DAG(s) 'example_sensor_decorator' retrieved from /home/airflow/.local/lib/python3.8/site-packages/airflow/example_dags/example_sensor_decorator.py
[2026-07-12T10:08:47.903+0000] {logging_mixin.py:188} INFO - [2026-07-12T10:08:47.902+0000] {dag.py:3036} INFO - Sync 1 DAGs
[2026-07-12T10:08:47.915+0000] {logging_mixin.py:188} INFO - [2026-07-12T10:08:47.915+0000] {dag.py:3823} INFO - Setting next_dagrun for example_sensor_decorator to None, run_after=None
[2026-07-12T10:08:47.943+0000] {processor.py:183} INFO - Processing /home/airflow/.local/lib/python3.8/site-packages/airflow/example_dags/example_sensor_decorator.py took 0.088 seconds
[2026-07-12T10:09:18.756+0000] {processor.py:161} INFO - Started process (PID=108) to work on /home/airflow/.local/lib/python3.8/site-packages/airflow/example_dags/example_sensor_decorator.py
[2026-07-12T10:09:18.758+0000] {processor.py:830} INFO - Processing file /home/airflow/.local/lib/python3.8/site-packages/airflow/example_dags/example_sensor_decorator.py for tasks to queue
[2026-07-12T10:09:18.760+0000] {logging_mixin.py:188} INFO - [2026-07-12T10:09:18.759+0000] {dagbag.py:538} INFO - Filling up the DagBag from /home/airflow/.local/lib/python3.8/site-packages/airflow/example_dags/example_sensor_decorator.py
[2026-07-12T10:09:18.768+0000] {processor.py:840} INFO - DAG(s) 'example_sensor_decorator' retrieved from /home/airflow/.local/lib/python3.8/site-packages/airflow/example_dags/example_sensor_decorator.py
[2026-07-12T10:09:18.945+0000] {logging_mixin.py:188} INFO - [2026-07-12T10:09:18.945+0000] {dag.py:3036} INFO - Sync 1 DAGs
[2026-07-12T10:09:18.957+0000] {logging_mixin.py:188} INFO - [2026-07-12T10:09:18.957+0000] {dag.py:3823} INFO - Setting next_dagrun for example_sensor_decorator to None, run_after=None
[2026-07-12T10:09:18.987+0000] {processor.py:183} INFO - Processing /home/airflow/.local/lib/python3.8/site-packages/airflow/example_dags/example_sensor_decorator.py took 0.234 seconds
[2026-07-12T10:09:49.052+0000] {processor.py:161} INFO - Started process (PID=164) to work on /home/airflow/.local/lib/python3.8/site-packages/airflow/example_dags/example_sensor_decorator.py
[2026-07-12T10:09:49.053+0000] {processor.py:830} INFO - Processing file /home/airflow/.local/lib/python3.8/site-packages/airflow/example_dags/example_sensor_decorator.py for tasks to queue
[2026-07-12T10:09:49.054+0000] {logging_mixin.py:188} INFO - [2026-07-12T10:09:49.054+0000] {dagbag.py:538} INFO - Filling up the DagBag from /home/airflow/.local/lib/python3.8/site-packages/airflow/example_dags/example_sensor_decorator.py
[2026-07-12T10:09:49.060+0000] {processor.py:840} INFO - DAG(s) 'example_sensor_decorator' retrieved from /home/airflow/.local/lib/python3.8/site-packages/airflow/example_dags/example_sensor_decorator.py
[2026-07-12T10:09:49.078+0000] {logging_mixin.py:188} INFO - [2026-07-12T10:09:49.077+0000] {dag.py:3036} INFO - Sync 1 DAGs
[2026-07-12T10:09:49.087+0000] {logging_mixin.py:188} INFO - [2026-07-12T10:09:49.087+0000] {dag.py:3823} INFO - Setting next_dagrun for example_sensor_decorator to None, run_after=None
[2026-07-12T10:09:49.101+0000] {processor.py:183} INFO - Processing /home/airflow/.local/lib/python3.8/site-packages/airflow/example_dags/example_sensor_decorator.py took 0.052 seconds
[2026-07-12T10:10:19.588+0000] {processor.py:161} INFO - Started process (PID=220) to work on /home/airflow/.local/lib/python3.8/site-packages/airflow/example_dags/example_sensor_decorator.py
[2026-07-12T10:10:19.589+0000] {processor.py:830} INFO - Processing file /home/airflow/.local/lib/python3.8/site-packages/airflow/example_dags/example_sensor_decorator.py for tasks to queue
[2026-07-12T10:10:19.590+0000] {logging_mixin.py:188} INFO - [2026-07-12T10:10:19.590+0000] {dagbag.py:538} INFO - Filling up the DagBag from /home/airflow/.local/lib/python3.8/site-packages/airflow/example_dags/example_sensor_decorator.py
[2026-07-12T10:10:19.601+0000] {processor.py:840} INFO - DAG(s) 'example_sensor_decorator' retrieved from /home/airflow/.local/lib/python3.8/site-packages/airflow/example_dags/example_sensor_decorator.py
[2026-07-12T10:10:19.621+0000] {logging_mixin.py:188} INFO - [2026-07-12T10:10:19.621+0000] {dag.py:3036} INFO - Sync 1 DAGs
[2026-07-12T10:10:19.630+0000] {logging_mixin.py:188} INFO - [2026-07-12T10:10:19.630+0000] {dag.py:3823} INFO - Setting next_dagrun for example_sensor_decorator to None, run_after=None
[2026-07-12T10:10:19.644+0000] {processor.py:183} INFO - Processing /home/airflow/.local/lib/python3.8/site-packages/airflow/example_dags/example_sensor_decorator.py took 0.062 seconds
[2026-07-12T10:10:50.139+0000] {processor.py:161} INFO - Started process (PID=276) to work on /home/airflow/.local/lib/python3.8/site-packages/airflow/example_dags/example_sensor_decorator.py
[2026-07-12T10:10:50.141+0000] {processor.py:830} INFO - Processing file /home/airflow/.local/lib/python3.8/site-packages/airflow/example_dags/example_sensor_decorator.py for tasks to queue
[2026-07-12T10:10:50.143+0000] {logging_mixin.py:188} INFO - [2026-07-12T10:10:50.143+0000] {dagbag.py:538} INFO - Filling up the DagBag from /home/airflow/.local/lib/python3.8/site-packages/airflow/example_dags/example_sensor_decorator.py
[2026-07-12T10:10:50.153+0000] {processor.py:840} INFO - DAG(s) 'example_sensor_decorator' retrieved from /home/airflow/.local/lib/python3.8/site-packages/airflow/example_dags/example_sensor_decorator.py
[2026-07-12T10:10:50.175+0000] {logging_mixin.py:188} INFO - [2026-07-12T10:10:50.175+0000] {dag.py:3036} INFO - Sync 1 DAGs
[2026-07-12T10:10:50.184+0000] {logging_mixin.py:188} INFO - [2026-07-12T10:10:50.184+0000] {dag.py:3823} INFO - Setting next_dagrun for example_sensor_decorator to None, run_after=None
[2026-07-12T10:10:50.214+0000] {processor.py:183} INFO - Processing /home/airflow/.local/lib/python3.8/site-packages/airflow/example_dags/example_sensor_decorator.py took 0.084 seconds
[2026-07-12T10:11:20.473+0000] {processor.py:161} INFO - Started process (PID=332) to work on /home/airflow/.local/lib/python3.8/site-packages/airflow/example_dags/example_sensor_decorator.py
[2026-07-12T10:11:20.474+0000] {processor.py:830} INFO - Processing file /home/airflow/.local/lib/python3.8/site-packages/airflow/example_dags/example_sensor_decorator.py for tasks to queue
[2026-07-12T10:11:20.476+0000] {logging_mixin.py:188} INFO - [2026-07-12T10:11:20.475+0000] {dagbag.py:538} INFO - Filling up the DagBag from /home/airflow/.local/lib/python3.8/site-packages/airflow/example_dags/example_sensor_decorator.py
[2026-07-12T10:11:20.480+0000] {processor.py:840} INFO - DAG(s) 'example_sensor_decorator' retrieved from /home/airflow/.local/lib/python3.8/site-packages/airflow/example_dags/example_sensor_decorator.py
[2026-07-12T10:11:20.496+0000] {logging_mixin.py:188} INFO - [2026-07-12T10:11:20.495+0000] {dag.py:3036} INFO - Sync 1 DAGs
[2026-07-12T10:11:20.504+0000] {logging_mixin.py:188} INFO - [2026-07-12T10:11:20.504+0000] {dag.py:3823} INFO - Setting next_dagrun for example_sensor_decorator to None, run_after=None
[2026-07-12T10:11:20.519+0000] {processor.py:183} INFO - Processing /home/airflow/.local/lib/python3.8/site-packages/airflow/example_dags/example_sensor_decorator.py took 0.049 seconds
[2026-07-12T10:11:50.559+0000] {processor.py:161} INFO - Started process (PID=388) to work on /home/airflow/.local/lib/python3.8/site-packages/airflow/example_dags/example_sensor_decorator.py
[2026-07-12T10:11:50.560+0000] {processor.py:830} INFO - Processing file /home/airflow/.local/lib/python3.8/site-packages/airflow/example_dags/example_sensor_decorator.py for tasks to queue
[2026-07-12T10:11:50.561+0000] {logging_mixin.py:188} INFO - [2026-07-12T10:11:50.561+0000] {dagbag.py:538} INFO - Filling up the DagBag from /home/airflow/.local/lib/python3.8/site-packages/airflow/example_dags/example_sensor_decorator.py
[2026-07-12T10:11:50.566+0000] {processor.py:840} INFO - DAG(s) 'example_sensor_decorator' retrieved from /home/airflow/.local/lib/python3.8/site-packages/airflow/example_dags/example_sensor_decorator.py
[2026-07-12T10:11:50.582+0000] {logging_mixin.py:188} INFO - [2026-07-12T10:11:50.581+0000] {dag.py:3036} INFO - Sync 1 DAGs
[2026-07-12T10:11:50.591+0000] {logging_mixin.py:188} INFO - [2026-07-12T10:11:50.591+0000] {dag.py:3823} INFO - Setting next_dagrun for example_sensor_decorator to None, run_after=None
[2026-07-12T10:11:50.606+0000] {processor.py:183} INFO - Processing /home/airflow/.local/lib/python3.8/site-packages/airflow/example_dags/example_sensor_decorator.py took 0.049 seconds
[2026-07-12T10:37:09.330+0000] {processor.py:161} INFO - Started process (PID=52) to work on /home/airflow/.local/lib/python3.8/site-packages/airflow/example_dags/example_sensor_decorator.py
[2026-07-12T10:37:09.332+0000] {processor.py:830} INFO - Processing file /home/airflow/.local/lib/python3.8/site-packages/airflow/example_dags/example_sensor_decorator.py for tasks to queue
[2026-07-12T10:37:09.334+0000] {logging_mixin.py:188} INFO - [2026-07-12T10:37:09.334+0000] {dagbag.py:538} INFO - Filling up the DagBag from /home/airflow/.local/lib/python3.8/site-packages/airflow/example_dags/example_sensor_decorator.py
[2026-07-12T10:37:09.343+0000] {processor.py:840} INFO - DAG(s) 'example_sensor_decorator' retrieved from /home/airflow/.local/lib/python3.8/site-packages/airflow/example_dags/example_sensor_decorator.py
[2026-07-12T10:37:09.368+0000] {logging_mixin.py:188} INFO - [2026-07-12T10:37:09.368+0000] {dag.py:3036} INFO - Sync 1 DAGs
[2026-07-12T10:37:09.378+0000] {logging_mixin.py:188} INFO - [2026-07-12T10:37:09.378+0000] {dag.py:3823} INFO - Setting next_dagrun for example_sensor_decorator to None, run_after=None
[2026-07-12T10:37:09.399+0000] {processor.py:183} INFO - Processing /home/airflow/.local/lib/python3.8/site-packages/airflow/example_dags/example_sensor_decorator.py took 0.073 seconds
[2026-07-12T10:37:40.115+0000] {processor.py:161} INFO - Started process (PID=108) to work on /home/airflow/.local/lib/python3.8/site-packages/airflow/example_dags/example_sensor_decorator.py
[2026-07-12T10:37:40.116+0000] {processor.py:830} INFO - Processing file /home/airflow/.local/lib/python3.8/site-packages/airflow/example_dags/example_sensor_decorator.py for tasks to queue
[2026-07-12T10:37:40.119+0000] {logging_mixin.py:188} INFO - [2026-07-12T10:37:40.119+0000] {dagbag.py:538} INFO - Filling up the DagBag from /home/airflow/.local/lib/python3.8/site-packages/airflow/example_dags/example_sensor_decorator.py
[2026-07-12T10:37:40.128+0000] {processor.py:840} INFO - DAG(s) 'example_sensor_decorator' retrieved from /home/airflow/.local/lib/python3.8/site-packages/airflow/example_dags/example_sensor_decorator.py
[2026-07-12T10:37:40.252+0000] {logging_mixin.py:188} INFO - [2026-07-12T10:37:40.252+0000] {dag.py:3036} INFO - Sync 1 DAGs
[2026-07-12T10:37:40.261+0000] {logging_mixin.py:188} INFO - [2026-07-12T10:37:40.260+0000] {dag.py:3823} INFO - Setting next_dagrun for example_sensor_decorator to None, run_after=None
[2026-07-12T10:37:40.278+0000] {processor.py:183} INFO - Processing /home/airflow/.local/lib/python3.8/site-packages/airflow/example_dags/example_sensor_decorator.py took 0.174 seconds
[2026-07-12T10:38:10.524+0000] {processor.py:161} INFO - Started process (PID=164) to work on /home/airflow/.local/lib/python3.8/site-packages/airflow/example_dags/example_sensor_decorator.py
[2026-07-12T10:38:10.525+0000] {processor.py:830} INFO - Processing file /home/airflow/.local/lib/python3.8/site-packages/airflow/example_dags/example_sensor_decorator.py for tasks to queue
[2026-07-12T10:38:10.527+0000] {logging_mixin.py:188} INFO - [2026-07-12T10:38:10.527+0000] {dagbag.py:538} INFO - Filling up the DagBag from /home/airflow/.local/lib/python3.8/site-packages/airflow/example_dags/example_sensor_decorator.py
[2026-07-12T10:38:10.533+0000] {processor.py:840} INFO - DAG(s) 'example_sensor_decorator' retrieved from /home/airflow/.local/lib/python3.8/site-packages/airflow/example_dags/example_sensor_decorator.py
[2026-07-12T10:38:10.549+0000] {logging_mixin.py:188} INFO - [2026-07-12T10:38:10.549+0000] {dag.py:3036} INFO - Sync 1 DAGs
[2026-07-12T10:38:10.557+0000] {logging_mixin.py:188} INFO - [2026-07-12T10:38:10.557+0000] {dag.py:3823} INFO - Setting next_dagrun for example_sensor_decorator to None, run_after=None
[2026-07-12T10:38:10.573+0000] {processor.py:183} INFO - Processing /home/airflow/.local/lib/python3.8/site-packages/airflow/example_dags/example_sensor_decorator.py took 0.052 seconds
[2026-07-12T10:38:40.679+0000] {processor.py:161} INFO - Started process (PID=220) to work on /home/airflow/.local/lib/python3.8/site-packages/airflow/example_dags/example_sensor_decorator.py
[2026-07-12T10:38:40.687+0000] {processor.py:830} INFO - Processing file /home/airflow/.local/lib/python3.8/site-packages/airflow/example_dags/example_sensor_decorator.py for tasks to queue
[2026-07-12T10:38:40.689+0000] {logging_mixin.py:188} INFO - [2026-07-12T10:38:40.689+0000] {dagbag.py:538} INFO - Filling up the DagBag from /home/airflow/.local/lib/python3.8/site-packages/airflow/example_dags/example_sensor_decorator.py
[2026-07-12T10:38:40.694+0000] {processor.py:840} INFO - DAG(s) 'example_sensor_decorator' retrieved from /home/airflow/.local/lib/python3.8/site-packages/airflow/example_dags/example_sensor_decorator.py
[2026-07-12T10:38:40.711+0000] {logging_mixin.py:188} INFO - [2026-07-12T10:38:40.710+0000] {dag.py:3036} INFO - Sync 1 DAGs
[2026-07-12T10:38:40.720+0000] {logging_mixin.py:188} INFO - [2026-07-12T10:38:40.720+0000] {dag.py:3823} INFO - Setting next_dagrun for example_sensor_decorator to None, run_after=None
[2026-07-12T10:38:40.735+0000] {processor.py:183} INFO - Processing /home/airflow/.local/lib/python3.8/site-packages/airflow/example_dags/example_sensor_decorator.py took 0.059 seconds
[2026-07-12T10:39:10.876+0000] {processor.py:161} INFO - Started process (PID=295) to work on /home/airflow/.local/lib/python3.8/site-packages/airflow/example_dags/example_sensor_decorator.py
[2026-07-12T10:39:10.877+0000] {processor.py:830} INFO - Processing file /home/airflow/.local/lib/python3.8/site-packages/airflow/example_dags/example_sensor_decorator.py for tasks to queue
[2026-07-12T10:39:10.879+0000] {logging_mixin.py:188} INFO - [2026-07-12T10:39:10.878+0000] {dagbag.py:538} INFO - Filling up the DagBag from /home/airflow/.local/lib/python3.8/site-packages/airflow/example_dags/example_sensor_decorator.py
[2026-07-12T10:39:10.883+0000] {processor.py:840} INFO - DAG(s) 'example_sensor_decorator' retrieved from /home/airflow/.local/lib/python3.8/site-packages/airflow/example_dags/example_sensor_decorator.py
[2026-07-12T10:39:10.899+0000] {logging_mixin.py:188} INFO - [2026-07-12T10:39:10.899+0000] {dag.py:3036} INFO - Sync 1 DAGs
[2026-07-12T10:39:10.911+0000] {logging_mixin.py:188} INFO - [2026-07-12T10:39:10.910+0000] {dag.py:3823} INFO - Setting next_dagrun for example_sensor_decorator to None, run_after=None
[2026-07-12T10:39:10.928+0000] {processor.py:183} INFO - Processing /home/airflow/.local/lib/python3.8/site-packages/airflow/example_dags/example_sensor_decorator.py took 0.054 seconds
[2026-07-12T10:39:41.559+0000] {processor.py:161} INFO - Started process (PID=351) to work on /home/airflow/.local/lib/python3.8/site-packages/airflow/example_dags/example_sensor_decorator.py
[2026-07-12T10:39:41.562+0000] {processor.py:830} INFO - Processing file /home/airflow/.local/lib/python3.8/site-packages/airflow/example_dags/example_sensor_decorator.py for tasks to queue
[2026-07-12T10:39:41.564+0000] {logging_mixin.py:188} INFO - [2026-07-12T10:39:41.564+0000] {dagbag.py:538} INFO - Filling up the DagBag from /home/airflow/.local/lib/python3.8/site-packages/airflow/example_dags/example_sensor_decorator.py
[2026-07-12T10:39:41.572+0000] {processor.py:840} INFO - DAG(s) 'example_sensor_decorator' retrieved from /home/airflow/.local/lib/python3.8/site-packages/airflow/example_dags/example_sensor_decorator.py
[2026-07-12T10:39:41.605+0000] {logging_mixin.py:188} INFO - [2026-07-12T10:39:41.605+0000] {dag.py:3036} INFO - Sync 1 DAGs
[2026-07-12T10:39:41.626+0000] {logging_mixin.py:188} INFO - [2026-07-12T10:39:41.625+0000] {dag.py:3823} INFO - Setting next_dagrun for example_sensor_decorator to None, run_after=None
[2026-07-12T10:39:41.656+0000] {processor.py:183} INFO - Processing /home/airflow/.local/lib/python3.8/site-packages/airflow/example_dags/example_sensor_decorator.py took 0.101 seconds
[2026-07-12T10:40:11.838+0000] {processor.py:161} INFO - Started process (PID=407) to work on /home/airflow/.local/lib/python3.8/site-packages/airflow/example_dags/example_sensor_decorator.py
[2026-07-12T10:40:11.839+0000] {processor.py:830} INFO - Processing file /home/airflow/.local/lib/python3.8/site-packages/airflow/example_dags/example_sensor_decorator.py for tasks to queue
[2026-07-12T10:40:11.841+0000] {logging_mixin.py:188} INFO - [2026-07-12T10:40:11.841+0000] {dagbag.py:538} INFO - Filling up the DagBag from /home/airflow/.local/lib/python3.8/site-packages/airflow/example_dags/example_sensor_decorator.py
[2026-07-12T10:40:11.847+0000] {processor.py:840} INFO - DAG(s) 'example_sensor_decorator' retrieved from /home/airflow/.local/lib/python3.8/site-packages/airflow/example_dags/example_sensor_decorator.py
[2026-07-12T10:40:11.868+0000] {logging_mixin.py:188} INFO - [2026-07-12T10:40:11.868+0000] {dag.py:3036} INFO - Sync 1 DAGs
[2026-07-12T10:40:11.878+0000] {logging_mixin.py:188} INFO - [2026-07-12T10:40:11.878+0000] {dag.py:3823} INFO - Setting next_dagrun for example_sensor_decorator to None, run_after=None
[2026-07-12T10:40:11.893+0000] {processor.py:183} INFO - Processing /home/airflow/.local/lib/python3.8/site-packages/airflow/example_dags/example_sensor_decorator.py took 0.058 seconds
[2026-07-12T10:40:42.112+0000] {processor.py:161} INFO - Started process (PID=463) to work on /home/airflow/.local/lib/python3.8/site-packages/airflow/example_dags/example_sensor_decorator.py
[2026-07-12T10:40:42.114+0000] {processor.py:830} INFO - Processing file /home/airflow/.local/lib/python3.8/site-packages/airflow/example_dags/example_sensor_decorator.py for tasks to queue
[2026-07-12T10:40:42.118+0000] {logging_mixin.py:188} INFO - [2026-07-12T10:40:42.118+0000] {dagbag.py:538} INFO - Filling up the DagBag from /home/airflow/.local/lib/python3.8/site-packages/airflow/example_dags/example_sensor_decorator.py
[2026-07-12T10:40:42.130+0000] {processor.py:840} INFO - DAG(s) 'example_sensor_decorator' retrieved from /home/airflow/.local/lib/python3.8/site-packages/airflow/example_dags/example_sensor_decorator.py
[2026-07-12T10:40:42.157+0000] {logging_mixin.py:188} INFO - [2026-07-12T10:40:42.157+0000] {dag.py:3036} INFO - Sync 1 DAGs
[2026-07-12T10:40:42.167+0000] {logging_mixin.py:188} INFO - [2026-07-12T10:40:42.166+0000] {dag.py:3823} INFO - Setting next_dagrun for example_sensor_decorator to None, run_after=None
[2026-07-12T10:40:42.183+0000] {processor.py:183} INFO - Processing /home/airflow/.local/lib/python3.8/site-packages/airflow/example_dags/example_sensor_decorator.py took 0.077 seconds
[2026-07-12T10:41:12.250+0000] {processor.py:161} INFO - Started process (PID=532) to work on /home/airflow/.local/lib/python3.8/site-packages/airflow/example_dags/example_sensor_decorator.py
[2026-07-12T10:41:12.251+0000] {processor.py:830} INFO - Processing file /home/airflow/.local/lib/python3.8/site-packages/airflow/example_dags/example_sensor_decorator.py for tasks to queue
[2026-07-12T10:41:12.253+0000] {logging_mixin.py:188} INFO - [2026-07-12T10:41:12.253+0000] {dagbag.py:538} INFO - Filling up the DagBag from /home/airflow/.local/lib/python3.8/site-packages/airflow/example_dags/example_sensor_decorator.py
[2026-07-12T10:41:12.259+0000] {processor.py:840} INFO - DAG(s) 'example_sensor_decorator' retrieved from /home/airflow/.local/lib/python3.8/site-packages/airflow/example_dags/example_sensor_decorator.py
[2026-07-12T10:41:12.275+0000] {logging_mixin.py:188} INFO - [2026-07-12T10:41:12.275+0000] {dag.py:3036} INFO - Sync 1 DAGs
[2026-07-12T10:41:12.285+0000] {logging_mixin.py:188} INFO - [2026-07-12T10:41:12.285+0000] {dag.py:3823} INFO - Setting next_dagrun for example_sensor_decorator to None, run_after=None
[2026-07-12T10:41:12.301+0000] {processor.py:183} INFO - Processing /home/airflow/.local/lib/python3.8/site-packages/airflow/example_dags/example_sensor_decorator.py took 0.053 seconds
[2026-07-12T10:41:42.857+0000] {processor.py:161} INFO - Started process (PID=588) to work on /home/airflow/.local/lib/python3.8/site-packages/airflow/example_dags/example_sensor_decorator.py
[2026-07-12T10:41:42.858+0000] {processor.py:830} INFO - Processing file /home/airflow/.local/lib/python3.8/site-packages/airflow/example_dags/example_sensor_decorator.py for tasks to queue
[2026-07-12T10:41:42.860+0000] {logging_mixin.py:188} INFO - [2026-07-12T10:41:42.860+0000] {dagbag.py:538} INFO - Filling up the DagBag from /home/airflow/.local/lib/python3.8/site-packages/airflow/example_dags/example_sensor_decorator.py
[2026-07-12T10:41:42.866+0000] {processor.py:840} INFO - DAG(s) 'example_sensor_decorator' retrieved from /home/airflow/.local/lib/python3.8/site-packages/airflow/example_dags/example_sensor_decorator.py
[2026-07-12T10:41:42.891+0000] {logging_mixin.py:188} INFO - [2026-07-12T10:41:42.890+0000] {dag.py:3036} INFO - Sync 1 DAGs
[2026-07-12T10:41:42.902+0000] {logging_mixin.py:188} INFO - [2026-07-12T10:41:42.902+0000] {dag.py:3823} INFO - Setting next_dagrun for example_sensor_decorator to None, run_after=None
[2026-07-12T10:41:42.924+0000] {processor.py:183} INFO - Processing /home/airflow/.local/lib/python3.8/site-packages/airflow/example_dags/example_sensor_decorator.py took 0.071 seconds
[2026-07-12T10:42:13.162+0000] {processor.py:161} INFO - Started process (PID=644) to work on /home/airflow/.local/lib/python3.8/site-packages/airflow/example_dags/example_sensor_decorator.py
[2026-07-12T10:42:13.163+0000] {processor.py:830} INFO - Processing file /home/airflow/.local/lib/python3.8/site-packages/airflow/example_dags/example_sensor_decorator.py for tasks to queue
[2026-07-12T10:42:13.165+0000] {logging_mixin.py:188} INFO - [2026-07-12T10:42:13.164+0000] {dagbag.py:538} INFO - Filling up the DagBag from /home/airflow/.local/lib/python3.8/site-packages/airflow/example_dags/example_sensor_decorator.py
[2026-07-12T10:42:13.170+0000] {processor.py:840} INFO - DAG(s) 'example_sensor_decorator' retrieved from /home/airflow/.local/lib/python3.8/site-packages/airflow/example_dags/example_sensor_decorator.py
[2026-07-12T10:42:13.186+0000] {logging_mixin.py:188} INFO - [2026-07-12T10:42:13.186+0000] {dag.py:3036} INFO - Sync 1 DAGs
[2026-07-12T10:42:13.195+0000] {logging_mixin.py:188} INFO - [2026-07-12T10:42:13.195+0000] {dag.py:3823} INFO - Setting next_dagrun for example_sensor_decorator to None, run_after=None
[2026-07-12T10:42:13.214+0000] {processor.py:183} INFO - Processing /home/airflow/.local/lib/python3.8/site-packages/airflow/example_dags/example_sensor_decorator.py took 0.055 seconds
[2026-07-12T10:42:43.692+0000] {processor.py:161} INFO - Started process (PID=700) to work on /home/airflow/.local/lib/python3.8/site-packages/airflow/example_dags/example_sensor_decorator.py
[2026-07-12T10:42:43.693+0000] {processor.py:830} INFO - Processing file /home/airflow/.local/lib/python3.8/site-packages/airflow/example_dags/example_sensor_decorator.py for tasks to queue
[2026-07-12T10:42:43.694+0000] {logging_mixin.py:188} INFO - [2026-07-12T10:42:43.694+0000] {dagbag.py:538} INFO - Filling up the DagBag from /home/airflow/.local/lib/python3.8/site-packages/airflow/example_dags/example_sensor_decorator.py
[2026-07-12T10:42:43.699+0000] {processor.py:840} INFO - DAG(s) 'example_sensor_decorator' retrieved from /home/airflow/.local/lib/python3.8/site-packages/airflow/example_dags/example_sensor_decorator.py
[2026-07-12T10:42:43.715+0000] {logging_mixin.py:188} INFO - [2026-07-12T10:42:43.715+0000] {dag.py:3036} INFO - Sync 1 DAGs
[2026-07-12T10:42:43.725+0000] {logging_mixin.py:188} INFO - [2026-07-12T10:42:43.725+0000] {dag.py:3823} INFO - Setting next_dagrun for example_sensor_decorator to None, run_after=None
[2026-07-12T10:42:43.740+0000] {processor.py:183} INFO - Processing /home/airflow/.local/lib/python3.8/site-packages/airflow/example_dags/example_sensor_decorator.py took 0.051 seconds
[2026-07-12T10:43:13.964+0000] {processor.py:161} INFO - Started process (PID=756) to work on /home/airflow/.local/lib/python3.8/site-packages/airflow/example_dags/example_sensor_decorator.py
[2026-07-12T10:43:13.966+0000] {processor.py:830} INFO - Processing file /home/airflow/.local/lib/python3.8/site-packages/airflow/example_dags/example_sensor_decorator.py for tasks to queue
[2026-07-12T10:43:13.970+0000] {logging_mixin.py:188} INFO - [2026-07-12T10:43:13.969+0000] {dagbag.py:538} INFO - Filling up the DagBag from /home/airflow/.local/lib/python3.8/site-packages/airflow/example_dags/example_sensor_decorator.py
[2026-07-12T10:43:13.982+0000] {processor.py:840} INFO - DAG(s) 'example_sensor_decorator' retrieved from /home/airflow/.local/lib/python3.8/site-packages/airflow/example_dags/example_sensor_decorator.py
[2026-07-12T10:43:14.015+0000] {logging_mixin.py:188} INFO - [2026-07-12T10:43:14.015+0000] {dag.py:3036} INFO - Sync 1 DAGs
[2026-07-12T10:43:14.033+0000] {logging_mixin.py:188} INFO - [2026-07-12T10:43:14.033+0000] {dag.py:3823} INFO - Setting next_dagrun for example_sensor_decorator to None, run_after=None
[2026-07-12T10:43:14.057+0000] {processor.py:183} INFO - Processing /home/airflow/.local/lib/python3.8/site-packages/airflow/example_dags/example_sensor_decorator.py took 0.102 seconds
[2026-07-12T10:43:44.304+0000] {processor.py:161} INFO - Started process (PID=818) to work on /home/airflow/.local/lib/python3.8/site-packages/airflow/example_dags/example_sensor_decorator.py
[2026-07-12T10:43:44.305+0000] {processor.py:830} INFO - Processing file /home/airflow/.local/lib/python3.8/site-packages/airflow/example_dags/example_sensor_decorator.py for tasks to queue
[2026-07-12T10:43:44.306+0000] {logging_mixin.py:188} INFO - [2026-07-12T10:43:44.306+0000] {dagbag.py:538} INFO - Filling up the DagBag from /home/airflow/.local/lib/python3.8/site-packages/airflow/example_dags/example_sensor_decorator.py
[2026-07-12T10:43:44.311+0000] {processor.py:840} INFO - DAG(s) 'example_sensor_decorator' retrieved from /home/airflow/.local/lib/python3.8/site-packages/airflow/example_dags/example_sensor_decorator.py
[2026-07-12T10:43:44.328+0000] {logging_mixin.py:188} INFO - [2026-07-12T10:43:44.327+0000] {dag.py:3036} INFO - Sync 1 DAGs
[2026-07-12T10:43:44.337+0000] {logging_mixin.py:188} INFO - [2026-07-12T10:43:44.337+0000] {dag.py:3823} INFO - Setting next_dagrun for example_sensor_decorator to None, run_after=None
[2026-07-12T10:43:44.352+0000] {processor.py:183} INFO - Processing /home/airflow/.local/lib/python3.8/site-packages/airflow/example_dags/example_sensor_decorator.py took 0.051 seconds
[2026-07-12T10:44:14.485+0000] {processor.py:161} INFO - Started process (PID=874) to work on /home/airflow/.local/lib/python3.8/site-packages/airflow/example_dags/example_sensor_decorator.py
[2026-07-12T10:44:14.488+0000] {processor.py:830} INFO - Processing file /home/airflow/.local/lib/python3.8/site-packages/airflow/example_dags/example_sensor_decorator.py for tasks to queue
[2026-07-12T10:44:14.490+0000] {logging_mixin.py:188} INFO - [2026-07-12T10:44:14.489+0000] {dagbag.py:538} INFO - Filling up the DagBag from /home/airflow/.local/lib/python3.8/site-packages/airflow/example_dags/example_sensor_decorator.py
[2026-07-12T10:44:14.498+0000] {processor.py:840} INFO - DAG(s) 'example_sensor_decorator' retrieved from /home/airflow/.local/lib/python3.8/site-packages/airflow/example_dags/example_sensor_decorator.py
[2026-07-12T10:44:14.519+0000] {logging_mixin.py:188} INFO - [2026-07-12T10:44:14.519+0000] {dag.py:3036} INFO - Sync 1 DAGs
[2026-07-12T10:44:14.529+0000] {logging_mixin.py:188} INFO - [2026-07-12T10:44:14.529+0000] {dag.py:3823} INFO - Setting next_dagrun for example_sensor_decorator to None, run_after=None
[2026-07-12T10:44:14.544+0000] {processor.py:183} INFO - Processing /home/airflow/.local/lib/python3.8/site-packages/airflow/example_dags/example_sensor_decorator.py took 0.064 seconds
[2026-07-12T10:44:44.871+0000] {processor.py:161} INFO - Started process (PID=930) to work on /home/airflow/.local/lib/python3.8/site-packages/airflow/example_dags/example_sensor_decorator.py
[2026-07-12T10:44:44.872+0000] {processor.py:830} INFO - Processing file /home/airflow/.local/lib/python3.8/site-packages/airflow/example_dags/example_sensor_decorator.py for tasks to queue
[2026-07-12T10:44:44.873+0000] {logging_mixin.py:188} INFO - [2026-07-12T10:44:44.873+0000] {dagbag.py:538} INFO - Filling up the DagBag from /home/airflow/.local/lib/python3.8/site-packages/airflow/example_dags/example_sensor_decorator.py
[2026-07-12T10:44:44.882+0000] {processor.py:840} INFO - DAG(s) 'example_sensor_decorator' retrieved from /home/airflow/.local/lib/python3.8/site-packages/airflow/example_dags/example_sensor_decorator.py
[2026-07-12T10:44:44.910+0000] {logging_mixin.py:188} INFO - [2026-07-12T10:44:44.910+0000] {dag.py:3036} INFO - Sync 1 DAGs
[2026-07-12T10:44:44.920+0000] {logging_mixin.py:188} INFO - [2026-07-12T10:44:44.920+0000] {dag.py:3823} INFO - Setting next_dagrun for example_sensor_decorator to None, run_after=None
[2026-07-12T10:44:44.941+0000] {processor.py:183} INFO - Processing /home/airflow/.local/lib/python3.8/site-packages/airflow/example_dags/example_sensor_decorator.py took 0.073 seconds
[2026-07-12T10:45:15.125+0000] {processor.py:161} INFO - Started process (PID=986) to work on /home/airflow/.local/lib/python3.8/site-packages/airflow/example_dags/example_sensor_decorator.py
[2026-07-12T10:45:15.126+0000] {processor.py:830} INFO - Processing file /home/airflow/.local/lib/python3.8/site-packages/airflow/example_dags/example_sensor_decorator.py for tasks to queue
[2026-07-12T10:45:15.128+0000] {logging_mixin.py:188} INFO - [2026-07-12T10:45:15.128+0000] {dagbag.py:538} INFO - Filling up the DagBag from /home/airflow/.local/lib/python3.8/site-packages/airflow/example_dags/example_sensor_decorator.py
[2026-07-12T10:45:15.133+0000] {processor.py:840} INFO - DAG(s) 'example_sensor_decorator' retrieved from /home/airflow/.local/lib/python3.8/site-packages/airflow/example_dags/example_sensor_decorator.py
[2026-07-12T10:45:15.148+0000] {logging_mixin.py:188} INFO - [2026-07-12T10:45:15.147+0000] {dag.py:3036} INFO - Sync 1 DAGs
[2026-07-12T10:45:15.156+0000] {logging_mixin.py:188} INFO - [2026-07-12T10:45:15.156+0000] {dag.py:3823} INFO - Setting next_dagrun for example_sensor_decorator to None, run_after=None
[2026-07-12T10:45:15.170+0000] {processor.py:183} INFO - Processing /home/airflow/.local/lib/python3.8/site-packages/airflow/example_dags/example_sensor_decorator.py took 0.052 seconds
[2026-07-12T10:45:45.523+0000] {processor.py:161} INFO - Started process (PID=1042) to work on /home/airflow/.local/lib/python3.8/site-packages/airflow/example_dags/example_sensor_decorator.py
[2026-07-12T10:45:45.524+0000] {processor.py:830} INFO - Processing file /home/airflow/.local/lib/python3.8/site-packages/airflow/example_dags/example_sensor_decorator.py for tasks to queue
[2026-07-12T10:45:45.526+0000] {logging_mixin.py:188} INFO - [2026-07-12T10:45:45.526+0000] {dagbag.py:538} INFO - Filling up the DagBag from /home/airflow/.local/lib/python3.8/site-packages/airflow/example_dags/example_sensor_decorator.py
[2026-07-12T10:45:45.531+0000] {processor.py:840} INFO - DAG(s) 'example_sensor_decorator' retrieved from /home/airflow/.local/lib/python3.8/site-packages/airflow/example_dags/example_sensor_decorator.py
[2026-07-12T10:45:45.551+0000] {logging_mixin.py:188} INFO - [2026-07-12T10:45:45.550+0000] {dag.py:3036} INFO - Sync 1 DAGs
[2026-07-12T10:45:45.561+0000] {logging_mixin.py:188} INFO - [2026-07-12T10:45:45.561+0000] {dag.py:3823} INFO - Setting next_dagrun for example_sensor_decorator to None, run_after=None
[2026-07-12T10:45:45.577+0000] {processor.py:183} INFO - Processing /home/airflow/.local/lib/python3.8/site-packages/airflow/example_dags/example_sensor_decorator.py took 0.056 seconds
[2026-07-12T10:46:16.111+0000] {processor.py:161} INFO - Started process (PID=1111) to work on /home/airflow/.local/lib/python3.8/site-packages/airflow/example_dags/example_sensor_decorator.py
[2026-07-12T10:46:16.112+0000] {processor.py:830} INFO - Processing file /home/airflow/.local/lib/python3.8/site-packages/airflow/example_dags/example_sensor_decorator.py for tasks to queue
[2026-07-12T10:46:16.114+0000] {logging_mixin.py:188} INFO - [2026-07-12T10:46:16.113+0000] {dagbag.py:538} INFO - Filling up the DagBag from /home/airflow/.local/lib/python3.8/site-packages/airflow/example_dags/example_sensor_decorator.py
[2026-07-12T10:46:16.119+0000] {processor.py:840} INFO - DAG(s) 'example_sensor_decorator' retrieved from /home/airflow/.local/lib/python3.8/site-packages/airflow/example_dags/example_sensor_decorator.py
[2026-07-12T10:46:16.134+0000] {logging_mixin.py:188} INFO - [2026-07-12T10:46:16.134+0000] {dag.py:3036} INFO - Sync 1 DAGs
[2026-07-12T10:46:16.143+0000] {logging_mixin.py:188} INFO - [2026-07-12T10:46:16.142+0000] {dag.py:3823} INFO - Setting next_dagrun for example_sensor_decorator to None, run_after=None
[2026-07-12T10:46:16.157+0000] {processor.py:183} INFO - Processing /home/airflow/.local/lib/python3.8/site-packages/airflow/example_dags/example_sensor_decorator.py took 0.049 seconds
[2026-07-12T10:46:46.242+0000] {processor.py:161} INFO - Started process (PID=1167) to work on /home/airflow/.local/lib/python3.8/site-packages/airflow/example_dags/example_sensor_decorator.py
[2026-07-12T10:46:46.243+0000] {processor.py:830} INFO - Processing file /home/airflow/.local/lib/python3.8/site-packages/airflow/example_dags/example_sensor_decorator.py for tasks to queue
[2026-07-12T10:46:46.245+0000] {logging_mixin.py:188} INFO - [2026-07-12T10:46:46.244+0000] {dagbag.py:538} INFO - Filling up the DagBag from /home/airflow/.local/lib/python3.8/site-packages/airflow/example_dags/example_sensor_decorator.py
[2026-07-12T10:46:46.251+0000] {processor.py:840} INFO - DAG(s) 'example_sensor_decorator' retrieved from /home/airflow/.local/lib/python3.8/site-packages/airflow/example_dags/example_sensor_decorator.py
[2026-07-12T10:46:46.267+0000] {logging_mixin.py:188} INFO - [2026-07-12T10:46:46.267+0000] {dag.py:3036} INFO - Sync 1 DAGs
[2026-07-12T10:46:46.277+0000] {logging_mixin.py:188} INFO - [2026-07-12T10:46:46.276+0000] {dag.py:3823} INFO - Setting next_dagrun for example_sensor_decorator to None, run_after=None
[2026-07-12T10:46:46.291+0000] {processor.py:183} INFO - Processing /home/airflow/.local/lib/python3.8/site-packages/airflow/example_dags/example_sensor_decorator.py took 0.051 seconds
[2026-07-12T10:47:16.422+0000] {processor.py:161} INFO - Started process (PID=1223) to work on /home/airflow/.local/lib/python3.8/site-packages/airflow/example_dags/example_sensor_decorator.py
[2026-07-12T10:47:16.423+0000] {processor.py:830} INFO - Processing file /home/airflow/.local/lib/python3.8/site-packages/airflow/example_dags/example_sensor_decorator.py for tasks to queue
[2026-07-12T10:47:16.425+0000] {logging_mixin.py:188} INFO - [2026-07-12T10:47:16.424+0000] {dagbag.py:538} INFO - Filling up the DagBag from /home/airflow/.local/lib/python3.8/site-packages/airflow/example_dags/example_sensor_decorator.py
[2026-07-12T10:47:16.429+0000] {processor.py:840} INFO - DAG(s) 'example_sensor_decorator' retrieved from /home/airflow/.local/lib/python3.8/site-packages/airflow/example_dags/example_sensor_decorator.py
[2026-07-12T10:47:16.446+0000] {logging_mixin.py:188} INFO - [2026-07-12T10:47:16.445+0000] {dag.py:3036} INFO - Sync 1 DAGs
[2026-07-12T10:47:16.456+0000] {logging_mixin.py:188} INFO - [2026-07-12T10:47:16.456+0000] {dag.py:3823} INFO - Setting next_dagrun for example_sensor_decorator to None, run_after=None
[2026-07-12T10:47:16.471+0000] {processor.py:183} INFO - Processing /home/airflow/.local/lib/python3.8/site-packages/airflow/example_dags/example_sensor_decorator.py took 0.051 seconds
[2026-07-12T10:47:46.847+0000] {processor.py:161} INFO - Started process (PID=1279) to work on /home/airflow/.local/lib/python3.8/site-packages/airflow/example_dags/example_sensor_decorator.py
[2026-07-12T10:47:46.848+0000] {processor.py:830} INFO - Processing file /home/airflow/.local/lib/python3.8/site-packages/airflow/example_dags/example_sensor_decorator.py for tasks to queue
[2026-07-12T10:47:46.851+0000] {logging_mixin.py:188} INFO - [2026-07-12T10:47:46.850+0000] {dagbag.py:538} INFO - Filling up the DagBag from /home/airflow/.local/lib/python3.8/site-packages/airflow/example_dags/example_sensor_decorator.py
[2026-07-12T10:47:46.858+0000] {processor.py:840} INFO - DAG(s) 'example_sensor_decorator' retrieved from /home/airflow/.local/lib/python3.8/site-packages/airflow/example_dags/example_sensor_decorator.py
[2026-07-12T10:47:46.880+0000] {logging_mixin.py:188} INFO - [2026-07-12T10:47:46.879+0000] {dag.py:3036} INFO - Sync 1 DAGs
[2026-07-12T10:47:46.890+0000] {logging_mixin.py:188} INFO - [2026-07-12T10:47:46.889+0000] {dag.py:3823} INFO - Setting next_dagrun for example_sensor_decorator to None, run_after=None
[2026-07-12T10:47:46.911+0000] {processor.py:183} INFO - Processing /home/airflow/.local/lib/python3.8/site-packages/airflow/example_dags/example_sensor_decorator.py took 0.067 seconds
[2026-07-12T10:48:17.331+0000] {processor.py:161} INFO - Started process (PID=1335) to work on /home/airflow/.local/lib/python3.8/site-packages/airflow/example_dags/example_sensor_decorator.py
[2026-07-12T10:48:17.333+0000] {processor.py:830} INFO - Processing file /home/airflow/.local/lib/python3.8/site-packages/airflow/example_dags/example_sensor_decorator.py for tasks to queue
[2026-07-12T10:48:17.335+0000] {logging_mixin.py:188} INFO - [2026-07-12T10:48:17.334+0000] {dagbag.py:538} INFO - Filling up the DagBag from /home/airflow/.local/lib/python3.8/site-packages/airflow/example_dags/example_sensor_decorator.py
[2026-07-12T10:48:17.342+0000] {processor.py:840} INFO - DAG(s) 'example_sensor_decorator' retrieved from /home/airflow/.local/lib/python3.8/site-packages/airflow/example_dags/example_sensor_decorator.py
[2026-07-12T10:48:17.368+0000] {logging_mixin.py:188} INFO - [2026-07-12T10:48:17.368+0000] {dag.py:3036} INFO - Sync 1 DAGs
[2026-07-12T10:48:17.379+0000] {logging_mixin.py:188} INFO - [2026-07-12T10:48:17.379+0000] {dag.py:3823} INFO - Setting next_dagrun for example_sensor_decorator to None, run_after=None
[2026-07-12T10:48:17.396+0000] {processor.py:183} INFO - Processing /home/airflow/.local/lib/python3.8/site-packages/airflow/example_dags/example_sensor_decorator.py took 0.067 seconds
[2026-07-12T10:48:47.438+0000] {processor.py:161} INFO - Started process (PID=1391) to work on /home/airflow/.local/lib/python3.8/site-packages/airflow/example_dags/example_sensor_decorator.py
[2026-07-12T10:48:47.439+0000] {processor.py:830} INFO - Processing file /home/airflow/.local/lib/python3.8/site-packages/airflow/example_dags/example_sensor_decorator.py for tasks to queue
[2026-07-12T10:48:47.441+0000] {logging_mixin.py:188} INFO - [2026-07-12T10:48:47.441+0000] {dagbag.py:538} INFO - Filling up the DagBag from /home/airflow/.local/lib/python3.8/site-packages/airflow/example_dags/example_sensor_decorator.py
[2026-07-12T10:48:47.447+0000] {processor.py:840} INFO - DAG(s) 'example_sensor_decorator' retrieved from /home/airflow/.local/lib/python3.8/site-packages/airflow/example_dags/example_sensor_decorator.py
[2026-07-12T10:48:47.467+0000] {logging_mixin.py:188} INFO - [2026-07-12T10:48:47.467+0000] {dag.py:3036} INFO - Sync 1 DAGs
[2026-07-12T10:48:47.478+0000] {logging_mixin.py:188} INFO - [2026-07-12T10:48:47.477+0000] {dag.py:3823} INFO - Setting next_dagrun for example_sensor_decorator to None, run_after=None
[2026-07-12T10:48:47.496+0000] {processor.py:183} INFO - Processing /home/airflow/.local/lib/python3.8/site-packages/airflow/example_dags/example_sensor_decorator.py took 0.060 seconds
[2026-07-12T10:49:17.729+0000] {processor.py:161} INFO - Started process (PID=1447) to work on /home/airflow/.local/lib/python3.8/site-packages/airflow/example_dags/example_sensor_decorator.py
[2026-07-12T10:49:17.730+0000] {processor.py:830} INFO - Processing file /home/airflow/.local/lib/python3.8/site-packages/airflow/example_dags/example_sensor_decorator.py for tasks to queue
[2026-07-12T10:49:17.733+0000] {logging_mixin.py:188} INFO - [2026-07-12T10:49:17.732+0000] {dagbag.py:538} INFO - Filling up the DagBag from /home/airflow/.local/lib/python3.8/site-packages/airflow/example_dags/example_sensor_decorator.py
[2026-07-12T10:49:17.740+0000] {processor.py:840} INFO - DAG(s) 'example_sensor_decorator' retrieved from /home/airflow/.local/lib/python3.8/site-packages/airflow/example_dags/example_sensor_decorator.py
[2026-07-12T10:49:17.758+0000] {logging_mixin.py:188} INFO - [2026-07-12T10:49:17.758+0000] {dag.py:3036} INFO - Sync 1 DAGs
[2026-07-12T10:49:17.769+0000] {logging_mixin.py:188} INFO - [2026-07-12T10:49:17.769+0000] {dag.py:3823} INFO - Setting next_dagrun for example_sensor_decorator to None, run_after=None
[2026-07-12T10:49:17.787+0000] {processor.py:183} INFO - Processing /home/airflow/.local/lib/python3.8/site-packages/airflow/example_dags/example_sensor_decorator.py took 0.060 seconds
[2026-07-12T10:49:48.117+0000] {processor.py:161} INFO - Started process (PID=1503) to work on /home/airflow/.local/lib/python3.8/site-packages/airflow/example_dags/example_sensor_decorator.py
[2026-07-12T10:49:48.119+0000] {processor.py:830} INFO - Processing file /home/airflow/.local/lib/python3.8/site-packages/airflow/example_dags/example_sensor_decorator.py for tasks to queue
[2026-07-12T10:49:48.120+0000] {logging_mixin.py:188} INFO - [2026-07-12T10:49:48.120+0000] {dagbag.py:538} INFO - Filling up the DagBag from /home/airflow/.local/lib/python3.8/site-packages/airflow/example_dags/example_sensor_decorator.py
[2026-07-12T10:49:48.127+0000] {processor.py:840} INFO - DAG(s) 'example_sensor_decorator' retrieved from /home/airflow/.local/lib/python3.8/site-packages/airflow/example_dags/example_sensor_decorator.py
[2026-07-12T10:49:48.144+0000] {logging_mixin.py:188} INFO - [2026-07-12T10:49:48.144+0000] {dag.py:3036} INFO - Sync 1 DAGs
[2026-07-12T10:49:48.153+0000] {logging_mixin.py:188} INFO - [2026-07-12T10:49:48.153+0000] {dag.py:3823} INFO - Setting next_dagrun for example_sensor_decorator to None, run_after=None
[2026-07-12T10:49:48.169+0000] {processor.py:183} INFO - Processing /home/airflow/.local/lib/python3.8/site-packages/airflow/example_dags/example_sensor_decorator.py took 0.054 seconds
[2026-07-12T10:50:18.218+0000] {processor.py:161} INFO - Started process (PID=1559) to work on /home/airflow/.local/lib/python3.8/site-packages/airflow/example_dags/example_sensor_decorator.py
[2026-07-12T10:50:18.219+0000] {processor.py:830} INFO - Processing file /home/airflow/.local/lib/python3.8/site-packages/airflow/example_dags/example_sensor_decorator.py for tasks to queue
[2026-07-12T10:50:18.221+0000] {logging_mixin.py:188} INFO - [2026-07-12T10:50:18.221+0000] {dagbag.py:538} INFO - Filling up the DagBag from /home/airflow/.local/lib/python3.8/site-packages/airflow/example_dags/example_sensor_decorator.py
[2026-07-12T10:50:18.227+0000] {processor.py:840} INFO - DAG(s) 'example_sensor_decorator' retrieved from /home/airflow/.local/lib/python3.8/site-packages/airflow/example_dags/example_sensor_decorator.py
[2026-07-12T10:50:18.245+0000] {logging_mixin.py:188} INFO - [2026-07-12T10:50:18.244+0000] {dag.py:3036} INFO - Sync 1 DAGs
[2026-07-12T10:50:18.254+0000] {logging_mixin.py:188} INFO - [2026-07-12T10:50:18.254+0000] {dag.py:3823} INFO - Setting next_dagrun for example_sensor_decorator to None, run_after=None
[2026-07-12T10:50:18.272+0000] {processor.py:183} INFO - Processing /home/airflow/.local/lib/python3.8/site-packages/airflow/example_dags/example_sensor_decorator.py took 0.057 seconds
[2026-07-12T10:50:48.468+0000] {processor.py:161} INFO - Started process (PID=1615) to work on /home/airflow/.local/lib/python3.8/site-packages/airflow/example_dags/example_sensor_decorator.py
[2026-07-12T10:50:48.469+0000] {processor.py:830} INFO - Processing file /home/airflow/.local/lib/python3.8/site-packages/airflow/example_dags/example_sensor_decorator.py for tasks to queue
[2026-07-12T10:50:48.470+0000] {logging_mixin.py:188} INFO - [2026-07-12T10:50:48.470+0000] {dagbag.py:538} INFO - Filling up the DagBag from /home/airflow/.local/lib/python3.8/site-packages/airflow/example_dags/example_sensor_decorator.py
[2026-07-12T10:50:48.475+0000] {processor.py:840} INFO - DAG(s) 'example_sensor_decorator' retrieved from /home/airflow/.local/lib/python3.8/site-packages/airflow/example_dags/example_sensor_decorator.py
[2026-07-12T10:50:48.491+0000] {logging_mixin.py:188} INFO - [2026-07-12T10:50:48.491+0000] {dag.py:3036} INFO - Sync 1 DAGs
[2026-07-12T10:50:48.501+0000] {logging_mixin.py:188} INFO - [2026-07-12T10:50:48.501+0000] {dag.py:3823} INFO - Setting next_dagrun for example_sensor_decorator to None, run_after=None
[2026-07-12T10:50:48.517+0000] {processor.py:183} INFO - Processing /home/airflow/.local/lib/python3.8/site-packages/airflow/example_dags/example_sensor_decorator.py took 0.051 seconds
[2026-07-12T10:51:18.589+0000] {processor.py:161} INFO - Started process (PID=1671) to work on /home/airflow/.local/lib/python3.8/site-packages/airflow/example_dags/example_sensor_decorator.py
[2026-07-12T10:51:18.590+0000] {processor.py:830} INFO - Processing file /home/airflow/.local/lib/python3.8/site-packages/airflow/example_dags/example_sensor_decorator.py for tasks to queue
[2026-07-12T10:51:18.591+0000] {logging_mixin.py:188} INFO - [2026-07-12T10:51:18.591+0000] {dagbag.py:538} INFO - Filling up the DagBag from /home/airflow/.local/lib/python3.8/site-packages/airflow/example_dags/example_sensor_decorator.py
[2026-07-12T10:51:18.596+0000] {processor.py:840} INFO - DAG(s) 'example_sensor_decorator' retrieved from /home/airflow/.local/lib/python3.8/site-packages/airflow/example_dags/example_sensor_decorator.py
[2026-07-12T10:51:18.611+0000] {logging_mixin.py:188} INFO - [2026-07-12T10:51:18.611+0000] {dag.py:3036} INFO - Sync 1 DAGs
[2026-07-12T10:51:18.619+0000] {logging_mixin.py:188} INFO - [2026-07-12T10:51:18.619+0000] {dag.py:3823} INFO - Setting next_dagrun for example_sensor_decorator to None, run_after=None
[2026-07-12T10:51:18.634+0000] {processor.py:183} INFO - Processing /home/airflow/.local/lib/python3.8/site-packages/airflow/example_dags/example_sensor_decorator.py took 0.048 seconds
[2026-07-12T10:51:48.739+0000] {processor.py:161} INFO - Started process (PID=1727) to work on /home/airflow/.local/lib/python3.8/site-packages/airflow/example_dags/example_sensor_decorator.py
[2026-07-12T10:51:48.740+0000] {processor.py:830} INFO - Processing file /home/airflow/.local/lib/python3.8/site-packages/airflow/example_dags/example_sensor_decorator.py for tasks to queue
[2026-07-12T10:51:48.741+0000] {logging_mixin.py:188} INFO - [2026-07-12T10:51:48.741+0000] {dagbag.py:538} INFO - Filling up the DagBag from /home/airflow/.local/lib/python3.8/site-packages/airflow/example_dags/example_sensor_decorator.py
[2026-07-12T10:51:48.748+0000] {processor.py:840} INFO - DAG(s) 'example_sensor_decorator' retrieved from /home/airflow/.local/lib/python3.8/site-packages/airflow/example_dags/example_sensor_decorator.py
[2026-07-12T10:51:48.764+0000] {logging_mixin.py:188} INFO - [2026-07-12T10:51:48.764+0000] {dag.py:3036} INFO - Sync 1 DAGs
[2026-07-12T10:51:48.774+0000] {logging_mixin.py:188} INFO - [2026-07-12T10:51:48.774+0000] {dag.py:3823} INFO - Setting next_dagrun for example_sensor_decorator to None, run_after=None
[2026-07-12T10:51:48.790+0000] {processor.py:183} INFO - Processing /home/airflow/.local/lib/python3.8/site-packages/airflow/example_dags/example_sensor_decorator.py took 0.054 seconds
[2026-07-12T10:52:18.882+0000] {processor.py:161} INFO - Started process (PID=1783) to work on /home/airflow/.local/lib/python3.8/site-packages/airflow/example_dags/example_sensor_decorator.py
[2026-07-12T10:52:18.884+0000] {processor.py:830} INFO - Processing file /home/airflow/.local/lib/python3.8/site-packages/airflow/example_dags/example_sensor_decorator.py for tasks to queue
[2026-07-12T10:52:18.885+0000] {logging_mixin.py:188} INFO - [2026-07-12T10:52:18.885+0000] {dagbag.py:538} INFO - Filling up the DagBag from /home/airflow/.local/lib/python3.8/site-packages/airflow/example_dags/example_sensor_decorator.py
[2026-07-12T10:52:18.890+0000] {processor.py:840} INFO - DAG(s) 'example_sensor_decorator' retrieved from /home/airflow/.local/lib/python3.8/site-packages/airflow/example_dags/example_sensor_decorator.py
[2026-07-12T10:52:18.908+0000] {logging_mixin.py:188} INFO - [2026-07-12T10:52:18.908+0000] {dag.py:3036} INFO - Sync 1 DAGs
[2026-07-12T10:52:18.918+0000] {logging_mixin.py:188} INFO - [2026-07-12T10:52:18.918+0000] {dag.py:3823} INFO - Setting next_dagrun for example_sensor_decorator to None, run_after=None
[2026-07-12T10:52:18.935+0000] {processor.py:183} INFO - Processing /home/airflow/.local/lib/python3.8/site-packages/airflow/example_dags/example_sensor_decorator.py took 0.056 seconds
[2026-07-12T10:52:49.184+0000] {processor.py:161} INFO - Started process (PID=1839) to work on /home/airflow/.local/lib/python3.8/site-packages/airflow/example_dags/example_sensor_decorator.py
[2026-07-12T10:52:49.187+0000] {processor.py:830} INFO - Processing file /home/airflow/.local/lib/python3.8/site-packages/airflow/example_dags/example_sensor_decorator.py for tasks to queue
[2026-07-12T10:52:49.194+0000] {logging_mixin.py:188} INFO - [2026-07-12T10:52:49.193+0000] {dagbag.py:538} INFO - Filling up the DagBag from /home/airflow/.local/lib/python3.8/site-packages/airflow/example_dags/example_sensor_decorator.py
[2026-07-12T10:52:49.216+0000] {processor.py:840} INFO - DAG(s) 'example_sensor_decorator' retrieved from /home/airflow/.local/lib/python3.8/site-packages/airflow/example_dags/example_sensor_decorator.py
[2026-07-12T10:52:49.265+0000] {logging_mixin.py:188} INFO - [2026-07-12T10:52:49.264+0000] {dag.py:3036} INFO - Sync 1 DAGs
[2026-07-12T10:52:49.281+0000] {logging_mixin.py:188} INFO - [2026-07-12T10:52:49.280+0000] {dag.py:3823} INFO - Setting next_dagrun for example_sensor_decorator to None, run_after=None
[2026-07-12T10:52:49.310+0000] {processor.py:183} INFO - Processing /home/airflow/.local/lib/python3.8/site-packages/airflow/example_dags/example_sensor_decorator.py took 0.134 seconds
[2026-07-12T10:53:19.445+0000] {processor.py:161} INFO - Started process (PID=1895) to work on /home/airflow/.local/lib/python3.8/site-packages/airflow/example_dags/example_sensor_decorator.py
[2026-07-12T10:53:19.446+0000] {processor.py:830} INFO - Processing file /home/airflow/.local/lib/python3.8/site-packages/airflow/example_dags/example_sensor_decorator.py for tasks to queue
[2026-07-12T10:53:19.452+0000] {logging_mixin.py:188} INFO - [2026-07-12T10:53:19.451+0000] {dagbag.py:538} INFO - Filling up the DagBag from /home/airflow/.local/lib/python3.8/site-packages/airflow/example_dags/example_sensor_decorator.py
[2026-07-12T10:53:19.458+0000] {processor.py:840} INFO - DAG(s) 'example_sensor_decorator' retrieved from /home/airflow/.local/lib/python3.8/site-packages/airflow/example_dags/example_sensor_decorator.py
[2026-07-12T10:53:19.480+0000] {logging_mixin.py:188} INFO - [2026-07-12T10:53:19.480+0000] {dag.py:3036} INFO - Sync 1 DAGs
[2026-07-12T10:53:19.490+0000] {logging_mixin.py:188} INFO - [2026-07-12T10:53:19.489+0000] {dag.py:3823} INFO - Setting next_dagrun for example_sensor_decorator to None, run_after=None
[2026-07-12T10:53:19.504+0000] {processor.py:183} INFO - Processing /home/airflow/.local/lib/python3.8/site-packages/airflow/example_dags/example_sensor_decorator.py took 0.065 seconds
[2026-07-12T11:23:32.317+0000] {processor.py:161} INFO - Started process (PID=52) to work on /home/airflow/.local/lib/python3.8/site-packages/airflow/example_dags/example_sensor_decorator.py
[2026-07-12T11:23:32.319+0000] {processor.py:830} INFO - Processing file /home/airflow/.local/lib/python3.8/site-packages/airflow/example_dags/example_sensor_decorator.py for tasks to queue
[2026-07-12T11:23:32.321+0000] {logging_mixin.py:188} INFO - [2026-07-12T11:23:32.321+0000] {dagbag.py:538} INFO - Filling up the DagBag from /home/airflow/.local/lib/python3.8/site-packages/airflow/example_dags/example_sensor_decorator.py
[2026-07-12T11:23:32.334+0000] {processor.py:840} INFO - DAG(s) 'example_sensor_decorator' retrieved from /home/airflow/.local/lib/python3.8/site-packages/airflow/example_dags/example_sensor_decorator.py
[2026-07-12T11:23:32.381+0000] {logging_mixin.py:188} INFO - [2026-07-12T11:23:32.380+0000] {dag.py:3036} INFO - Sync 1 DAGs
[2026-07-12T11:23:32.398+0000] {logging_mixin.py:188} INFO - [2026-07-12T11:23:32.398+0000] {dag.py:3823} INFO - Setting next_dagrun for example_sensor_decorator to None, run_after=None
[2026-07-12T11:23:32.431+0000] {processor.py:183} INFO - Processing /home/airflow/.local/lib/python3.8/site-packages/airflow/example_dags/example_sensor_decorator.py took 0.117 seconds
[2026-07-12T11:24:03.251+0000] {processor.py:161} INFO - Started process (PID=108) to work on /home/airflow/.local/lib/python3.8/site-packages/airflow/example_dags/example_sensor_decorator.py
[2026-07-12T11:24:03.252+0000] {processor.py:830} INFO - Processing file /home/airflow/.local/lib/python3.8/site-packages/airflow/example_dags/example_sensor_decorator.py for tasks to queue
[2026-07-12T11:24:03.254+0000] {logging_mixin.py:188} INFO - [2026-07-12T11:24:03.254+0000] {dagbag.py:538} INFO - Filling up the DagBag from /home/airflow/.local/lib/python3.8/site-packages/airflow/example_dags/example_sensor_decorator.py
[2026-07-12T11:24:03.259+0000] {processor.py:840} INFO - DAG(s) 'example_sensor_decorator' retrieved from /home/airflow/.local/lib/python3.8/site-packages/airflow/example_dags/example_sensor_decorator.py
[2026-07-12T11:24:03.367+0000] {logging_mixin.py:188} INFO - [2026-07-12T11:24:03.366+0000] {dag.py:3036} INFO - Sync 1 DAGs
[2026-07-12T11:24:03.373+0000] {logging_mixin.py:188} INFO - [2026-07-12T11:24:03.373+0000] {dag.py:3823} INFO - Setting next_dagrun for example_sensor_decorator to None, run_after=None
[2026-07-12T11:24:03.392+0000] {processor.py:183} INFO - Processing /home/airflow/.local/lib/python3.8/site-packages/airflow/example_dags/example_sensor_decorator.py took 0.145 seconds
[2026-07-12T11:24:33.499+0000] {processor.py:161} INFO - Started process (PID=164) to work on /home/airflow/.local/lib/python3.8/site-packages/airflow/example_dags/example_sensor_decorator.py
[2026-07-12T11:24:33.500+0000] {processor.py:830} INFO - Processing file /home/airflow/.local/lib/python3.8/site-packages/airflow/example_dags/example_sensor_decorator.py for tasks to queue
[2026-07-12T11:24:33.501+0000] {logging_mixin.py:188} INFO - [2026-07-12T11:24:33.501+0000] {dagbag.py:538} INFO - Filling up the DagBag from /home/airflow/.local/lib/python3.8/site-packages/airflow/example_dags/example_sensor_decorator.py
[2026-07-12T11:24:33.506+0000] {processor.py:840} INFO - DAG(s) 'example_sensor_decorator' retrieved from /home/airflow/.local/lib/python3.8/site-packages/airflow/example_dags/example_sensor_decorator.py
[2026-07-12T11:24:33.529+0000] {logging_mixin.py:188} INFO - [2026-07-12T11:24:33.529+0000] {dag.py:3036} INFO - Sync 1 DAGs
[2026-07-12T11:24:33.540+0000] {logging_mixin.py:188} INFO - [2026-07-12T11:24:33.540+0000] {dag.py:3823} INFO - Setting next_dagrun for example_sensor_decorator to None, run_after=None
[2026-07-12T11:24:33.560+0000] {processor.py:183} INFO - Processing /home/airflow/.local/lib/python3.8/site-packages/airflow/example_dags/example_sensor_decorator.py took 0.064 seconds
[2026-07-12T11:25:03.810+0000] {processor.py:161} INFO - Started process (PID=229) to work on /home/airflow/.local/lib/python3.8/site-packages/airflow/example_dags/example_sensor_decorator.py
[2026-07-12T11:25:03.812+0000] {processor.py:830} INFO - Processing file /home/airflow/.local/lib/python3.8/site-packages/airflow/example_dags/example_sensor_decorator.py for tasks to queue
[2026-07-12T11:25:03.817+0000] {logging_mixin.py:188} INFO - [2026-07-12T11:25:03.816+0000] {dagbag.py:538} INFO - Filling up the DagBag from /home/airflow/.local/lib/python3.8/site-packages/airflow/example_dags/example_sensor_decorator.py
[2026-07-12T11:25:03.889+0000] {processor.py:840} INFO - DAG(s) 'example_sensor_decorator' retrieved from /home/airflow/.local/lib/python3.8/site-packages/airflow/example_dags/example_sensor_decorator.py
[2026-07-12T11:25:04.209+0000] {logging_mixin.py:188} INFO - [2026-07-12T11:25:04.208+0000] {dag.py:3036} INFO - Sync 1 DAGs
[2026-07-12T11:25:04.578+0000] {logging_mixin.py:188} INFO - [2026-07-12T11:25:04.578+0000] {dag.py:3823} INFO - Setting next_dagrun for example_sensor_decorator to None, run_after=None
[2026-07-12T11:25:04.821+0000] {processor.py:183} INFO - Processing /home/airflow/.local/lib/python3.8/site-packages/airflow/example_dags/example_sensor_decorator.py took 1.117 seconds
[2026-07-12T11:25:35.492+0000] {processor.py:161} INFO - Started process (PID=285) to work on /home/airflow/.local/lib/python3.8/site-packages/airflow/example_dags/example_sensor_decorator.py
[2026-07-12T11:25:35.493+0000] {processor.py:830} INFO - Processing file /home/airflow/.local/lib/python3.8/site-packages/airflow/example_dags/example_sensor_decorator.py for tasks to queue
[2026-07-12T11:25:35.497+0000] {logging_mixin.py:188} INFO - [2026-07-12T11:25:35.496+0000] {dagbag.py:538} INFO - Filling up the DagBag from /home/airflow/.local/lib/python3.8/site-packages/airflow/example_dags/example_sensor_decorator.py
[2026-07-12T11:25:35.505+0000] {processor.py:840} INFO - DAG(s) 'example_sensor_decorator' retrieved from /home/airflow/.local/lib/python3.8/site-packages/airflow/example_dags/example_sensor_decorator.py
[2026-07-12T11:25:35.531+0000] {logging_mixin.py:188} INFO - [2026-07-12T11:25:35.530+0000] {dag.py:3036} INFO - Sync 1 DAGs
[2026-07-12T11:25:35.544+0000] {logging_mixin.py:188} INFO - [2026-07-12T11:25:35.544+0000] {dag.py:3823} INFO - Setting next_dagrun for example_sensor_decorator to None, run_after=None
[2026-07-12T11:25:35.566+0000] {processor.py:183} INFO - Processing /home/airflow/.local/lib/python3.8/site-packages/airflow/example_dags/example_sensor_decorator.py took 0.079 seconds
[2026-07-12T11:26:05.800+0000] {processor.py:161} INFO - Started process (PID=341) to work on /home/airflow/.local/lib/python3.8/site-packages/airflow/example_dags/example_sensor_decorator.py
[2026-07-12T11:26:05.802+0000] {processor.py:830} INFO - Processing file /home/airflow/.local/lib/python3.8/site-packages/airflow/example_dags/example_sensor_decorator.py for tasks to queue
[2026-07-12T11:26:05.804+0000] {logging_mixin.py:188} INFO - [2026-07-12T11:26:05.804+0000] {dagbag.py:538} INFO - Filling up the DagBag from /home/airflow/.local/lib/python3.8/site-packages/airflow/example_dags/example_sensor_decorator.py
[2026-07-12T11:26:05.811+0000] {processor.py:840} INFO - DAG(s) 'example_sensor_decorator' retrieved from /home/airflow/.local/lib/python3.8/site-packages/airflow/example_dags/example_sensor_decorator.py
[2026-07-12T11:26:05.829+0000] {logging_mixin.py:188} INFO - [2026-07-12T11:26:05.829+0000] {dag.py:3036} INFO - Sync 1 DAGs
[2026-07-12T11:26:05.842+0000] {logging_mixin.py:188} INFO - [2026-07-12T11:26:05.842+0000] {dag.py:3823} INFO - Setting next_dagrun for example_sensor_decorator to None, run_after=None
[2026-07-12T11:26:05.859+0000] {processor.py:183} INFO - Processing /home/airflow/.local/lib/python3.8/site-packages/airflow/example_dags/example_sensor_decorator.py took 0.064 seconds
[2026-07-12T11:26:35.969+0000] {processor.py:161} INFO - Started process (PID=397) to work on /home/airflow/.local/lib/python3.8/site-packages/airflow/example_dags/example_sensor_decorator.py
[2026-07-12T11:26:35.971+0000] {processor.py:830} INFO - Processing file /home/airflow/.local/lib/python3.8/site-packages/airflow/example_dags/example_sensor_decorator.py for tasks to queue
[2026-07-12T11:26:35.973+0000] {logging_mixin.py:188} INFO - [2026-07-12T11:26:35.973+0000] {dagbag.py:538} INFO - Filling up the DagBag from /home/airflow/.local/lib/python3.8/site-packages/airflow/example_dags/example_sensor_decorator.py
[2026-07-12T11:26:35.983+0000] {processor.py:840} INFO - DAG(s) 'example_sensor_decorator' retrieved from /home/airflow/.local/lib/python3.8/site-packages/airflow/example_dags/example_sensor_decorator.py
[2026-07-12T11:26:36.020+0000] {logging_mixin.py:188} INFO - [2026-07-12T11:26:36.020+0000] {dag.py:3036} INFO - Sync 1 DAGs
[2026-07-12T11:26:36.041+0000] {logging_mixin.py:188} INFO - [2026-07-12T11:26:36.041+0000] {dag.py:3823} INFO - Setting next_dagrun for example_sensor_decorator to None, run_after=None
[2026-07-12T11:26:36.081+0000] {processor.py:183} INFO - Processing /home/airflow/.local/lib/python3.8/site-packages/airflow/example_dags/example_sensor_decorator.py took 0.115 seconds
[2026-07-12T11:27:06.277+0000] {processor.py:161} INFO - Started process (PID=454) to work on /home/airflow/.local/lib/python3.8/site-packages/airflow/example_dags/example_sensor_decorator.py
[2026-07-12T11:27:06.279+0000] {processor.py:830} INFO - Processing file /home/airflow/.local/lib/python3.8/site-packages/airflow/example_dags/example_sensor_decorator.py for tasks to queue
[2026-07-12T11:27:06.280+0000] {logging_mixin.py:188} INFO - [2026-07-12T11:27:06.280+0000] {dagbag.py:538} INFO - Filling up the DagBag from /home/airflow/.local/lib/python3.8/site-packages/airflow/example_dags/example_sensor_decorator.py
[2026-07-12T11:27:06.285+0000] {processor.py:840} INFO - DAG(s) 'example_sensor_decorator' retrieved from /home/airflow/.local/lib/python3.8/site-packages/airflow/example_dags/example_sensor_decorator.py
[2026-07-12T11:27:06.300+0000] {logging_mixin.py:188} INFO - [2026-07-12T11:27:06.300+0000] {dag.py:3036} INFO - Sync 1 DAGs
[2026-07-12T11:27:06.311+0000] {logging_mixin.py:188} INFO - [2026-07-12T11:27:06.311+0000] {dag.py:3823} INFO - Setting next_dagrun for example_sensor_decorator to None, run_after=None
[2026-07-12T11:27:06.328+0000] {processor.py:183} INFO - Processing /home/airflow/.local/lib/python3.8/site-packages/airflow/example_dags/example_sensor_decorator.py took 0.055 seconds
[2026-07-12T11:27:36.374+0000] {processor.py:161} INFO - Started process (PID=510) to work on /home/airflow/.local/lib/python3.8/site-packages/airflow/example_dags/example_sensor_decorator.py
[2026-07-12T11:27:36.375+0000] {processor.py:830} INFO - Processing file /home/airflow/.local/lib/python3.8/site-packages/airflow/example_dags/example_sensor_decorator.py for tasks to queue
[2026-07-12T11:27:36.377+0000] {logging_mixin.py:188} INFO - [2026-07-12T11:27:36.377+0000] {dagbag.py:538} INFO - Filling up the DagBag from /home/airflow/.local/lib/python3.8/site-packages/airflow/example_dags/example_sensor_decorator.py
[2026-07-12T11:27:36.383+0000] {processor.py:840} INFO - DAG(s) 'example_sensor_decorator' retrieved from /home/airflow/.local/lib/python3.8/site-packages/airflow/example_dags/example_sensor_decorator.py
[2026-07-12T11:27:36.404+0000] {logging_mixin.py:188} INFO - [2026-07-12T11:27:36.403+0000] {dag.py:3036} INFO - Sync 1 DAGs
[2026-07-12T11:27:36.415+0000] {logging_mixin.py:188} INFO - [2026-07-12T11:27:36.415+0000] {dag.py:3823} INFO - Setting next_dagrun for example_sensor_decorator to None, run_after=None
[2026-07-12T11:27:36.435+0000] {processor.py:183} INFO - Processing /home/airflow/.local/lib/python3.8/site-packages/airflow/example_dags/example_sensor_decorator.py took 0.067 seconds
[2026-07-12T11:28:06.652+0000] {processor.py:161} INFO - Started process (PID=566) to work on /home/airflow/.local/lib/python3.8/site-packages/airflow/example_dags/example_sensor_decorator.py
[2026-07-12T11:28:06.654+0000] {processor.py:830} INFO - Processing file /home/airflow/.local/lib/python3.8/site-packages/airflow/example_dags/example_sensor_decorator.py for tasks to queue
[2026-07-12T11:28:06.659+0000] {logging_mixin.py:188} INFO - [2026-07-12T11:28:06.658+0000] {dagbag.py:538} INFO - Filling up the DagBag from /home/airflow/.local/lib/python3.8/site-packages/airflow/example_dags/example_sensor_decorator.py
[2026-07-12T11:28:06.676+0000] {processor.py:840} INFO - DAG(s) 'example_sensor_decorator' retrieved from /home/airflow/.local/lib/python3.8/site-packages/airflow/example_dags/example_sensor_decorator.py
[2026-07-12T11:28:06.704+0000] {logging_mixin.py:188} INFO - [2026-07-12T11:28:06.704+0000] {dag.py:3036} INFO - Sync 1 DAGs
[2026-07-12T11:28:06.715+0000] {logging_mixin.py:188} INFO - [2026-07-12T11:28:06.715+0000] {dag.py:3823} INFO - Setting next_dagrun for example_sensor_decorator to None, run_after=None
[2026-07-12T11:28:06.737+0000] {processor.py:183} INFO - Processing /home/airflow/.local/lib/python3.8/site-packages/airflow/example_dags/example_sensor_decorator.py took 0.094 seconds
[2026-07-12T11:28:37.162+0000] {processor.py:161} INFO - Started process (PID=628) to work on /home/airflow/.local/lib/python3.8/site-packages/airflow/example_dags/example_sensor_decorator.py
[2026-07-12T11:28:37.163+0000] {processor.py:830} INFO - Processing file /home/airflow/.local/lib/python3.8/site-packages/airflow/example_dags/example_sensor_decorator.py for tasks to queue
[2026-07-12T11:28:37.165+0000] {logging_mixin.py:188} INFO - [2026-07-12T11:28:37.164+0000] {dagbag.py:538} INFO - Filling up the DagBag from /home/airflow/.local/lib/python3.8/site-packages/airflow/example_dags/example_sensor_decorator.py
[2026-07-12T11:28:37.171+0000] {processor.py:840} INFO - DAG(s) 'example_sensor_decorator' retrieved from /home/airflow/.local/lib/python3.8/site-packages/airflow/example_dags/example_sensor_decorator.py
[2026-07-12T11:28:37.186+0000] {logging_mixin.py:188} INFO - [2026-07-12T11:28:37.186+0000] {dag.py:3036} INFO - Sync 1 DAGs
[2026-07-12T11:28:37.196+0000] {logging_mixin.py:188} INFO - [2026-07-12T11:28:37.195+0000] {dag.py:3823} INFO - Setting next_dagrun for example_sensor_decorator to None, run_after=None
[2026-07-12T11:28:37.214+0000] {processor.py:183} INFO - Processing /home/airflow/.local/lib/python3.8/site-packages/airflow/example_dags/example_sensor_decorator.py took 0.056 seconds
[2026-07-12T11:29:07.339+0000] {processor.py:161} INFO - Started process (PID=684) to work on /home/airflow/.local/lib/python3.8/site-packages/airflow/example_dags/example_sensor_decorator.py
[2026-07-12T11:29:07.340+0000] {processor.py:830} INFO - Processing file /home/airflow/.local/lib/python3.8/site-packages/airflow/example_dags/example_sensor_decorator.py for tasks to queue
[2026-07-12T11:29:07.341+0000] {logging_mixin.py:188} INFO - [2026-07-12T11:29:07.341+0000] {dagbag.py:538} INFO - Filling up the DagBag from /home/airflow/.local/lib/python3.8/site-packages/airflow/example_dags/example_sensor_decorator.py
[2026-07-12T11:29:07.347+0000] {processor.py:840} INFO - DAG(s) 'example_sensor_decorator' retrieved from /home/airflow/.local/lib/python3.8/site-packages/airflow/example_dags/example_sensor_decorator.py
[2026-07-12T11:29:07.364+0000] {logging_mixin.py:188} INFO - [2026-07-12T11:29:07.363+0000] {dag.py:3036} INFO - Sync 1 DAGs
[2026-07-12T11:29:07.374+0000] {logging_mixin.py:188} INFO - [2026-07-12T11:29:07.374+0000] {dag.py:3823} INFO - Setting next_dagrun for example_sensor_decorator to None, run_after=None
[2026-07-12T11:29:07.391+0000] {processor.py:183} INFO - Processing /home/airflow/.local/lib/python3.8/site-packages/airflow/example_dags/example_sensor_decorator.py took 0.055 seconds
[2026-07-12T11:29:37.665+0000] {processor.py:161} INFO - Started process (PID=740) to work on /home/airflow/.local/lib/python3.8/site-packages/airflow/example_dags/example_sensor_decorator.py
[2026-07-12T11:29:37.666+0000] {processor.py:830} INFO - Processing file /home/airflow/.local/lib/python3.8/site-packages/airflow/example_dags/example_sensor_decorator.py for tasks to queue
[2026-07-12T11:29:37.669+0000] {logging_mixin.py:188} INFO - [2026-07-12T11:29:37.668+0000] {dagbag.py:538} INFO - Filling up the DagBag from /home/airflow/.local/lib/python3.8/site-packages/airflow/example_dags/example_sensor_decorator.py
[2026-07-12T11:29:37.676+0000] {processor.py:840} INFO - DAG(s) 'example_sensor_decorator' retrieved from /home/airflow/.local/lib/python3.8/site-packages/airflow/example_dags/example_sensor_decorator.py
[2026-07-12T11:29:37.709+0000] {logging_mixin.py:188} INFO - [2026-07-12T11:29:37.709+0000] {dag.py:3036} INFO - Sync 1 DAGs
[2026-07-12T11:29:37.735+0000] {logging_mixin.py:188} INFO - [2026-07-12T11:29:37.734+0000] {dag.py:3823} INFO - Setting next_dagrun for example_sensor_decorator to None, run_after=None
[2026-07-12T11:29:37.763+0000] {processor.py:183} INFO - Processing /home/airflow/.local/lib/python3.8/site-packages/airflow/example_dags/example_sensor_decorator.py took 0.105 seconds
[2026-07-12T11:30:07.937+0000] {processor.py:161} INFO - Started process (PID=803) to work on /home/airflow/.local/lib/python3.8/site-packages/airflow/example_dags/example_sensor_decorator.py
[2026-07-12T11:30:07.939+0000] {processor.py:830} INFO - Processing file /home/airflow/.local/lib/python3.8/site-packages/airflow/example_dags/example_sensor_decorator.py for tasks to queue
[2026-07-12T11:30:07.941+0000] {logging_mixin.py:188} INFO - [2026-07-12T11:30:07.941+0000] {dagbag.py:538} INFO - Filling up the DagBag from /home/airflow/.local/lib/python3.8/site-packages/airflow/example_dags/example_sensor_decorator.py
[2026-07-12T11:30:07.951+0000] {processor.py:840} INFO - DAG(s) 'example_sensor_decorator' retrieved from /home/airflow/.local/lib/python3.8/site-packages/airflow/example_dags/example_sensor_decorator.py
[2026-07-12T11:30:07.989+0000] {logging_mixin.py:188} INFO - [2026-07-12T11:30:07.988+0000] {dag.py:3036} INFO - Sync 1 DAGs
[2026-07-12T11:30:08.018+0000] {logging_mixin.py:188} INFO - [2026-07-12T11:30:08.018+0000] {dag.py:3823} INFO - Setting next_dagrun for example_sensor_decorator to None, run_after=None
[2026-07-12T11:30:08.060+0000] {processor.py:183} INFO - Processing /home/airflow/.local/lib/python3.8/site-packages/airflow/example_dags/example_sensor_decorator.py took 0.126 seconds
[2026-07-12T11:30:38.332+0000] {processor.py:161} INFO - Started process (PID=859) to work on /home/airflow/.local/lib/python3.8/site-packages/airflow/example_dags/example_sensor_decorator.py
[2026-07-12T11:30:38.333+0000] {processor.py:830} INFO - Processing file /home/airflow/.local/lib/python3.8/site-packages/airflow/example_dags/example_sensor_decorator.py for tasks to queue
[2026-07-12T11:30:38.335+0000] {logging_mixin.py:188} INFO - [2026-07-12T11:30:38.335+0000] {dagbag.py:538} INFO - Filling up the DagBag from /home/airflow/.local/lib/python3.8/site-packages/airflow/example_dags/example_sensor_decorator.py
[2026-07-12T11:30:38.341+0000] {processor.py:840} INFO - DAG(s) 'example_sensor_decorator' retrieved from /home/airflow/.local/lib/python3.8/site-packages/airflow/example_dags/example_sensor_decorator.py
[2026-07-12T11:30:38.362+0000] {logging_mixin.py:188} INFO - [2026-07-12T11:30:38.361+0000] {dag.py:3036} INFO - Sync 1 DAGs
[2026-07-12T11:30:38.374+0000] {logging_mixin.py:188} INFO - [2026-07-12T11:30:38.374+0000] {dag.py:3823} INFO - Setting next_dagrun for example_sensor_decorator to None, run_after=None
[2026-07-12T11:30:38.393+0000] {processor.py:183} INFO - Processing /home/airflow/.local/lib/python3.8/site-packages/airflow/example_dags/example_sensor_decorator.py took 0.066 seconds
[2026-07-12T11:31:08.562+0000] {processor.py:161} INFO - Started process (PID=915) to work on /home/airflow/.local/lib/python3.8/site-packages/airflow/example_dags/example_sensor_decorator.py
[2026-07-12T11:31:08.564+0000] {processor.py:830} INFO - Processing file /home/airflow/.local/lib/python3.8/site-packages/airflow/example_dags/example_sensor_decorator.py for tasks to queue
[2026-07-12T11:31:08.567+0000] {logging_mixin.py:188} INFO - [2026-07-12T11:31:08.567+0000] {dagbag.py:538} INFO - Filling up the DagBag from /home/airflow/.local/lib/python3.8/site-packages/airflow/example_dags/example_sensor_decorator.py
[2026-07-12T11:31:08.577+0000] {processor.py:840} INFO - DAG(s) 'example_sensor_decorator' retrieved from /home/airflow/.local/lib/python3.8/site-packages/airflow/example_dags/example_sensor_decorator.py
[2026-07-12T11:31:08.598+0000] {logging_mixin.py:188} INFO - [2026-07-12T11:31:08.597+0000] {dag.py:3036} INFO - Sync 1 DAGs
[2026-07-12T11:31:08.609+0000] {logging_mixin.py:188} INFO - [2026-07-12T11:31:08.608+0000] {dag.py:3823} INFO - Setting next_dagrun for example_sensor_decorator to None, run_after=None
[2026-07-12T11:31:08.627+0000] {processor.py:183} INFO - Processing /home/airflow/.local/lib/python3.8/site-packages/airflow/example_dags/example_sensor_decorator.py took 0.072 seconds
[2026-07-12T11:31:38.781+0000] {processor.py:161} INFO - Started process (PID=971) to work on /home/airflow/.local/lib/python3.8/site-packages/airflow/example_dags/example_sensor_decorator.py
[2026-07-12T11:31:38.793+0000] {processor.py:830} INFO - Processing file /home/airflow/.local/lib/python3.8/site-packages/airflow/example_dags/example_sensor_decorator.py for tasks to queue
[2026-07-12T11:31:38.794+0000] {logging_mixin.py:188} INFO - [2026-07-12T11:31:38.794+0000] {dagbag.py:538} INFO - Filling up the DagBag from /home/airflow/.local/lib/python3.8/site-packages/airflow/example_dags/example_sensor_decorator.py
[2026-07-12T11:31:38.799+0000] {processor.py:840} INFO - DAG(s) 'example_sensor_decorator' retrieved from /home/airflow/.local/lib/python3.8/site-packages/airflow/example_dags/example_sensor_decorator.py
[2026-07-12T11:31:38.816+0000] {logging_mixin.py:188} INFO - [2026-07-12T11:31:38.816+0000] {dag.py:3036} INFO - Sync 1 DAGs
[2026-07-12T11:31:38.825+0000] {logging_mixin.py:188} INFO - [2026-07-12T11:31:38.825+0000] {dag.py:3823} INFO - Setting next_dagrun for example_sensor_decorator to None, run_after=None
[2026-07-12T11:31:38.840+0000] {processor.py:183} INFO - Processing /home/airflow/.local/lib/python3.8/site-packages/airflow/example_dags/example_sensor_decorator.py took 0.063 seconds
[2026-07-12T11:32:08.988+0000] {processor.py:161} INFO - Started process (PID=1027) to work on /home/airflow/.local/lib/python3.8/site-packages/airflow/example_dags/example_sensor_decorator.py
[2026-07-12T11:32:08.990+0000] {processor.py:830} INFO - Processing file /home/airflow/.local/lib/python3.8/site-packages/airflow/example_dags/example_sensor_decorator.py for tasks to queue
[2026-07-12T11:32:08.991+0000] {logging_mixin.py:188} INFO - [2026-07-12T11:32:08.991+0000] {dagbag.py:538} INFO - Filling up the DagBag from /home/airflow/.local/lib/python3.8/site-packages/airflow/example_dags/example_sensor_decorator.py
[2026-07-12T11:32:08.996+0000] {processor.py:840} INFO - DAG(s) 'example_sensor_decorator' retrieved from /home/airflow/.local/lib/python3.8/site-packages/airflow/example_dags/example_sensor_decorator.py
[2026-07-12T11:32:09.013+0000] {logging_mixin.py:188} INFO - [2026-07-12T11:32:09.013+0000] {dag.py:3036} INFO - Sync 1 DAGs
[2026-07-12T11:32:09.023+0000] {logging_mixin.py:188} INFO - [2026-07-12T11:32:09.023+0000] {dag.py:3823} INFO - Setting next_dagrun for example_sensor_decorator to None, run_after=None
[2026-07-12T11:32:09.039+0000] {processor.py:183} INFO - Processing /home/airflow/.local/lib/python3.8/site-packages/airflow/example_dags/example_sensor_decorator.py took 0.053 seconds
[2026-07-12T11:32:39.125+0000] {processor.py:161} INFO - Started process (PID=1083) to work on /home/airflow/.local/lib/python3.8/site-packages/airflow/example_dags/example_sensor_decorator.py
[2026-07-12T11:32:39.126+0000] {processor.py:830} INFO - Processing file /home/airflow/.local/lib/python3.8/site-packages/airflow/example_dags/example_sensor_decorator.py for tasks to queue
[2026-07-12T11:32:39.129+0000] {logging_mixin.py:188} INFO - [2026-07-12T11:32:39.128+0000] {dagbag.py:538} INFO - Filling up the DagBag from /home/airflow/.local/lib/python3.8/site-packages/airflow/example_dags/example_sensor_decorator.py
[2026-07-12T11:32:39.135+0000] {processor.py:840} INFO - DAG(s) 'example_sensor_decorator' retrieved from /home/airflow/.local/lib/python3.8/site-packages/airflow/example_dags/example_sensor_decorator.py
[2026-07-12T11:32:39.153+0000] {logging_mixin.py:188} INFO - [2026-07-12T11:32:39.153+0000] {dag.py:3036} INFO - Sync 1 DAGs
[2026-07-12T11:32:39.163+0000] {logging_mixin.py:188} INFO - [2026-07-12T11:32:39.163+0000] {dag.py:3823} INFO - Setting next_dagrun for example_sensor_decorator to None, run_after=None
[2026-07-12T11:32:39.180+0000] {processor.py:183} INFO - Processing /home/airflow/.local/lib/python3.8/site-packages/airflow/example_dags/example_sensor_decorator.py took 0.059 seconds
[2026-07-12T11:33:09.704+0000] {processor.py:161} INFO - Started process (PID=1139) to work on /home/airflow/.local/lib/python3.8/site-packages/airflow/example_dags/example_sensor_decorator.py
[2026-07-12T11:33:09.705+0000] {processor.py:830} INFO - Processing file /home/airflow/.local/lib/python3.8/site-packages/airflow/example_dags/example_sensor_decorator.py for tasks to queue
[2026-07-12T11:33:09.706+0000] {logging_mixin.py:188} INFO - [2026-07-12T11:33:09.706+0000] {dagbag.py:538} INFO - Filling up the DagBag from /home/airflow/.local/lib/python3.8/site-packages/airflow/example_dags/example_sensor_decorator.py
[2026-07-12T11:33:09.712+0000] {processor.py:840} INFO - DAG(s) 'example_sensor_decorator' retrieved from /home/airflow/.local/lib/python3.8/site-packages/airflow/example_dags/example_sensor_decorator.py
[2026-07-12T11:33:09.726+0000] {logging_mixin.py:188} INFO - [2026-07-12T11:33:09.726+0000] {dag.py:3036} INFO - Sync 1 DAGs
[2026-07-12T11:33:09.735+0000] {logging_mixin.py:188} INFO - [2026-07-12T11:33:09.735+0000] {dag.py:3823} INFO - Setting next_dagrun for example_sensor_decorator to None, run_after=None
[2026-07-12T11:33:09.752+0000] {processor.py:183} INFO - Processing /home/airflow/.local/lib/python3.8/site-packages/airflow/example_dags/example_sensor_decorator.py took 0.051 seconds
[2026-07-12T11:33:40.100+0000] {processor.py:161} INFO - Started process (PID=1195) to work on /home/airflow/.local/lib/python3.8/site-packages/airflow/example_dags/example_sensor_decorator.py
[2026-07-12T11:33:40.101+0000] {processor.py:830} INFO - Processing file /home/airflow/.local/lib/python3.8/site-packages/airflow/example_dags/example_sensor_decorator.py for tasks to queue
[2026-07-12T11:33:40.103+0000] {logging_mixin.py:188} INFO - [2026-07-12T11:33:40.102+0000] {dagbag.py:538} INFO - Filling up the DagBag from /home/airflow/.local/lib/python3.8/site-packages/airflow/example_dags/example_sensor_decorator.py
[2026-07-12T11:33:40.109+0000] {processor.py:840} INFO - DAG(s) 'example_sensor_decorator' retrieved from /home/airflow/.local/lib/python3.8/site-packages/airflow/example_dags/example_sensor_decorator.py
[2026-07-12T11:33:40.130+0000] {logging_mixin.py:188} INFO - [2026-07-12T11:33:40.130+0000] {dag.py:3036} INFO - Sync 1 DAGs
[2026-07-12T11:33:40.141+0000] {logging_mixin.py:188} INFO - [2026-07-12T11:33:40.141+0000] {dag.py:3823} INFO - Setting next_dagrun for example_sensor_decorator to None, run_after=None
[2026-07-12T11:33:40.159+0000] {processor.py:183} INFO - Processing /home/airflow/.local/lib/python3.8/site-packages/airflow/example_dags/example_sensor_decorator.py took 0.063 seconds
[2026-07-12T11:34:10.215+0000] {processor.py:161} INFO - Started process (PID=1251) to work on /home/airflow/.local/lib/python3.8/site-packages/airflow/example_dags/example_sensor_decorator.py
[2026-07-12T11:34:10.216+0000] {processor.py:830} INFO - Processing file /home/airflow/.local/lib/python3.8/site-packages/airflow/example_dags/example_sensor_decorator.py for tasks to queue
[2026-07-12T11:34:10.218+0000] {logging_mixin.py:188} INFO - [2026-07-12T11:34:10.218+0000] {dagbag.py:538} INFO - Filling up the DagBag from /home/airflow/.local/lib/python3.8/site-packages/airflow/example_dags/example_sensor_decorator.py
[2026-07-12T11:34:10.222+0000] {processor.py:840} INFO - DAG(s) 'example_sensor_decorator' retrieved from /home/airflow/.local/lib/python3.8/site-packages/airflow/example_dags/example_sensor_decorator.py
[2026-07-12T11:34:10.237+0000] {logging_mixin.py:188} INFO - [2026-07-12T11:34:10.237+0000] {dag.py:3036} INFO - Sync 1 DAGs
[2026-07-12T11:34:10.246+0000] {logging_mixin.py:188} INFO - [2026-07-12T11:34:10.246+0000] {dag.py:3823} INFO - Setting next_dagrun for example_sensor_decorator to None, run_after=None
[2026-07-12T11:34:10.260+0000] {processor.py:183} INFO - Processing /home/airflow/.local/lib/python3.8/site-packages/airflow/example_dags/example_sensor_decorator.py took 0.047 seconds
[2026-07-12T11:34:40.340+0000] {processor.py:161} INFO - Started process (PID=1307) to work on /home/airflow/.local/lib/python3.8/site-packages/airflow/example_dags/example_sensor_decorator.py
[2026-07-12T11:34:40.341+0000] {processor.py:830} INFO - Processing file /home/airflow/.local/lib/python3.8/site-packages/airflow/example_dags/example_sensor_decorator.py for tasks to queue
[2026-07-12T11:34:40.343+0000] {logging_mixin.py:188} INFO - [2026-07-12T11:34:40.343+0000] {dagbag.py:538} INFO - Filling up the DagBag from /home/airflow/.local/lib/python3.8/site-packages/airflow/example_dags/example_sensor_decorator.py
[2026-07-12T11:34:40.351+0000] {processor.py:840} INFO - DAG(s) 'example_sensor_decorator' retrieved from /home/airflow/.local/lib/python3.8/site-packages/airflow/example_dags/example_sensor_decorator.py
[2026-07-12T11:34:40.370+0000] {logging_mixin.py:188} INFO - [2026-07-12T11:34:40.370+0000] {dag.py:3036} INFO - Sync 1 DAGs
[2026-07-12T11:34:40.382+0000] {logging_mixin.py:188} INFO - [2026-07-12T11:34:40.382+0000] {dag.py:3823} INFO - Setting next_dagrun for example_sensor_decorator to None, run_after=None
[2026-07-12T11:34:40.402+0000] {processor.py:183} INFO - Processing /home/airflow/.local/lib/python3.8/site-packages/airflow/example_dags/example_sensor_decorator.py took 0.066 seconds
[2026-07-12T11:35:10.635+0000] {processor.py:161} INFO - Started process (PID=1363) to work on /home/airflow/.local/lib/python3.8/site-packages/airflow/example_dags/example_sensor_decorator.py
[2026-07-12T11:35:10.636+0000] {processor.py:830} INFO - Processing file /home/airflow/.local/lib/python3.8/site-packages/airflow/example_dags/example_sensor_decorator.py for tasks to queue
[2026-07-12T11:35:10.638+0000] {logging_mixin.py:188} INFO - [2026-07-12T11:35:10.637+0000] {dagbag.py:538} INFO - Filling up the DagBag from /home/airflow/.local/lib/python3.8/site-packages/airflow/example_dags/example_sensor_decorator.py
[2026-07-12T11:35:10.644+0000] {processor.py:840} INFO - DAG(s) 'example_sensor_decorator' retrieved from /home/airflow/.local/lib/python3.8/site-packages/airflow/example_dags/example_sensor_decorator.py
[2026-07-12T11:35:10.661+0000] {logging_mixin.py:188} INFO - [2026-07-12T11:35:10.661+0000] {dag.py:3036} INFO - Sync 1 DAGs
[2026-07-12T11:35:10.672+0000] {logging_mixin.py:188} INFO - [2026-07-12T11:35:10.672+0000] {dag.py:3823} INFO - Setting next_dagrun for example_sensor_decorator to None, run_after=None
[2026-07-12T11:35:10.689+0000] {processor.py:183} INFO - Processing /home/airflow/.local/lib/python3.8/site-packages/airflow/example_dags/example_sensor_decorator.py took 0.056 seconds
[2026-07-12T11:35:40.939+0000] {processor.py:161} INFO - Started process (PID=1419) to work on /home/airflow/.local/lib/python3.8/site-packages/airflow/example_dags/example_sensor_decorator.py
[2026-07-12T11:35:40.941+0000] {processor.py:830} INFO - Processing file /home/airflow/.local/lib/python3.8/site-packages/airflow/example_dags/example_sensor_decorator.py for tasks to queue
[2026-07-12T11:35:40.942+0000] {logging_mixin.py:188} INFO - [2026-07-12T11:35:40.942+0000] {dagbag.py:538} INFO - Filling up the DagBag from /home/airflow/.local/lib/python3.8/site-packages/airflow/example_dags/example_sensor_decorator.py
[2026-07-12T11:35:40.948+0000] {processor.py:840} INFO - DAG(s) 'example_sensor_decorator' retrieved from /home/airflow/.local/lib/python3.8/site-packages/airflow/example_dags/example_sensor_decorator.py
[2026-07-12T11:35:40.966+0000] {logging_mixin.py:188} INFO - [2026-07-12T11:35:40.966+0000] {dag.py:3036} INFO - Sync 1 DAGs
[2026-07-12T11:35:40.976+0000] {logging_mixin.py:188} INFO - [2026-07-12T11:35:40.976+0000] {dag.py:3823} INFO - Setting next_dagrun for example_sensor_decorator to None, run_after=None
[2026-07-12T11:35:40.992+0000] {processor.py:183} INFO - Processing /home/airflow/.local/lib/python3.8/site-packages/airflow/example_dags/example_sensor_decorator.py took 0.056 seconds
[2026-07-12T11:36:11.328+0000] {processor.py:161} INFO - Started process (PID=1475) to work on /home/airflow/.local/lib/python3.8/site-packages/airflow/example_dags/example_sensor_decorator.py
[2026-07-12T11:36:11.329+0000] {processor.py:830} INFO - Processing file /home/airflow/.local/lib/python3.8/site-packages/airflow/example_dags/example_sensor_decorator.py for tasks to queue
[2026-07-12T11:36:11.330+0000] {logging_mixin.py:188} INFO - [2026-07-12T11:36:11.330+0000] {dagbag.py:538} INFO - Filling up the DagBag from /home/airflow/.local/lib/python3.8/site-packages/airflow/example_dags/example_sensor_decorator.py
[2026-07-12T11:36:11.335+0000] {processor.py:840} INFO - DAG(s) 'example_sensor_decorator' retrieved from /home/airflow/.local/lib/python3.8/site-packages/airflow/example_dags/example_sensor_decorator.py
[2026-07-12T11:36:11.350+0000] {logging_mixin.py:188} INFO - [2026-07-12T11:36:11.350+0000] {dag.py:3036} INFO - Sync 1 DAGs
[2026-07-12T11:36:11.360+0000] {logging_mixin.py:188} INFO - [2026-07-12T11:36:11.360+0000] {dag.py:3823} INFO - Setting next_dagrun for example_sensor_decorator to None, run_after=None
[2026-07-12T11:36:11.374+0000] {processor.py:183} INFO - Processing /home/airflow/.local/lib/python3.8/site-packages/airflow/example_dags/example_sensor_decorator.py took 0.049 seconds
[2026-07-12T11:36:41.642+0000] {processor.py:161} INFO - Started process (PID=1532) to work on /home/airflow/.local/lib/python3.8/site-packages/airflow/example_dags/example_sensor_decorator.py
[2026-07-12T11:36:41.643+0000] {processor.py:830} INFO - Processing file /home/airflow/.local/lib/python3.8/site-packages/airflow/example_dags/example_sensor_decorator.py for tasks to queue
[2026-07-12T11:36:41.644+0000] {logging_mixin.py:188} INFO - [2026-07-12T11:36:41.644+0000] {dagbag.py:538} INFO - Filling up the DagBag from /home/airflow/.local/lib/python3.8/site-packages/airflow/example_dags/example_sensor_decorator.py
[2026-07-12T11:36:41.649+0000] {processor.py:840} INFO - DAG(s) 'example_sensor_decorator' retrieved from /home/airflow/.local/lib/python3.8/site-packages/airflow/example_dags/example_sensor_decorator.py
[2026-07-12T11:36:41.664+0000] {logging_mixin.py:188} INFO - [2026-07-12T11:36:41.664+0000] {dag.py:3036} INFO - Sync 1 DAGs
[2026-07-12T11:36:41.673+0000] {logging_mixin.py:188} INFO - [2026-07-12T11:36:41.673+0000] {dag.py:3823} INFO - Setting next_dagrun for example_sensor_decorator to None, run_after=None
[2026-07-12T11:36:41.693+0000] {processor.py:183} INFO - Processing /home/airflow/.local/lib/python3.8/site-packages/airflow/example_dags/example_sensor_decorator.py took 0.054 seconds
[2026-07-12T11:37:11.827+0000] {processor.py:161} INFO - Started process (PID=1588) to work on /home/airflow/.local/lib/python3.8/site-packages/airflow/example_dags/example_sensor_decorator.py
[2026-07-12T11:37:11.828+0000] {processor.py:830} INFO - Processing file /home/airflow/.local/lib/python3.8/site-packages/airflow/example_dags/example_sensor_decorator.py for tasks to queue
[2026-07-12T11:37:11.829+0000] {logging_mixin.py:188} INFO - [2026-07-12T11:37:11.829+0000] {dagbag.py:538} INFO - Filling up the DagBag from /home/airflow/.local/lib/python3.8/site-packages/airflow/example_dags/example_sensor_decorator.py
[2026-07-12T11:37:11.834+0000] {processor.py:840} INFO - DAG(s) 'example_sensor_decorator' retrieved from /home/airflow/.local/lib/python3.8/site-packages/airflow/example_dags/example_sensor_decorator.py
[2026-07-12T11:37:11.849+0000] {logging_mixin.py:188} INFO - [2026-07-12T11:37:11.848+0000] {dag.py:3036} INFO - Sync 1 DAGs
[2026-07-12T11:37:11.857+0000] {logging_mixin.py:188} INFO - [2026-07-12T11:37:11.857+0000] {dag.py:3823} INFO - Setting next_dagrun for example_sensor_decorator to None, run_after=None
[2026-07-12T11:37:11.871+0000] {processor.py:183} INFO - Processing /home/airflow/.local/lib/python3.8/site-packages/airflow/example_dags/example_sensor_decorator.py took 0.047 seconds
[2026-07-12T11:37:41.987+0000] {processor.py:161} INFO - Started process (PID=1644) to work on /home/airflow/.local/lib/python3.8/site-packages/airflow/example_dags/example_sensor_decorator.py
[2026-07-12T11:37:41.988+0000] {processor.py:830} INFO - Processing file /home/airflow/.local/lib/python3.8/site-packages/airflow/example_dags/example_sensor_decorator.py for tasks to queue
[2026-07-12T11:37:41.990+0000] {logging_mixin.py:188} INFO - [2026-07-12T11:37:41.990+0000] {dagbag.py:538} INFO - Filling up the DagBag from /home/airflow/.local/lib/python3.8/site-packages/airflow/example_dags/example_sensor_decorator.py
[2026-07-12T11:37:41.997+0000] {processor.py:840} INFO - DAG(s) 'example_sensor_decorator' retrieved from /home/airflow/.local/lib/python3.8/site-packages/airflow/example_dags/example_sensor_decorator.py
[2026-07-12T11:37:42.019+0000] {logging_mixin.py:188} INFO - [2026-07-12T11:37:42.018+0000] {dag.py:3036} INFO - Sync 1 DAGs
[2026-07-12T11:37:42.029+0000] {logging_mixin.py:188} INFO - [2026-07-12T11:37:42.028+0000] {dag.py:3823} INFO - Setting next_dagrun for example_sensor_decorator to None, run_after=None
[2026-07-12T11:37:42.046+0000] {processor.py:183} INFO - Processing /home/airflow/.local/lib/python3.8/site-packages/airflow/example_dags/example_sensor_decorator.py took 0.063 seconds
[2026-07-12T11:38:12.714+0000] {processor.py:161} INFO - Started process (PID=1700) to work on /home/airflow/.local/lib/python3.8/site-packages/airflow/example_dags/example_sensor_decorator.py
[2026-07-12T11:38:12.715+0000] {processor.py:830} INFO - Processing file /home/airflow/.local/lib/python3.8/site-packages/airflow/example_dags/example_sensor_decorator.py for tasks to queue
[2026-07-12T11:38:12.717+0000] {logging_mixin.py:188} INFO - [2026-07-12T11:38:12.716+0000] {dagbag.py:538} INFO - Filling up the DagBag from /home/airflow/.local/lib/python3.8/site-packages/airflow/example_dags/example_sensor_decorator.py
[2026-07-12T11:38:12.723+0000] {processor.py:840} INFO - DAG(s) 'example_sensor_decorator' retrieved from /home/airflow/.local/lib/python3.8/site-packages/airflow/example_dags/example_sensor_decorator.py
[2026-07-12T11:38:12.747+0000] {logging_mixin.py:188} INFO - [2026-07-12T11:38:12.746+0000] {dag.py:3036} INFO - Sync 1 DAGs
[2026-07-12T11:38:12.758+0000] {logging_mixin.py:188} INFO - [2026-07-12T11:38:12.758+0000] {dag.py:3823} INFO - Setting next_dagrun for example_sensor_decorator to None, run_after=None
[2026-07-12T11:38:12.778+0000] {processor.py:183} INFO - Processing /home/airflow/.local/lib/python3.8/site-packages/airflow/example_dags/example_sensor_decorator.py took 0.067 seconds
[2026-07-12T11:38:43.164+0000] {processor.py:161} INFO - Started process (PID=1756) to work on /home/airflow/.local/lib/python3.8/site-packages/airflow/example_dags/example_sensor_decorator.py
[2026-07-12T11:38:43.165+0000] {processor.py:830} INFO - Processing file /home/airflow/.local/lib/python3.8/site-packages/airflow/example_dags/example_sensor_decorator.py for tasks to queue
[2026-07-12T11:38:43.167+0000] {logging_mixin.py:188} INFO - [2026-07-12T11:38:43.167+0000] {dagbag.py:538} INFO - Filling up the DagBag from /home/airflow/.local/lib/python3.8/site-packages/airflow/example_dags/example_sensor_decorator.py
[2026-07-12T11:38:43.172+0000] {processor.py:840} INFO - DAG(s) 'example_sensor_decorator' retrieved from /home/airflow/.local/lib/python3.8/site-packages/airflow/example_dags/example_sensor_decorator.py
[2026-07-12T11:38:43.187+0000] {logging_mixin.py:188} INFO - [2026-07-12T11:38:43.187+0000] {dag.py:3036} INFO - Sync 1 DAGs
[2026-07-12T11:38:43.197+0000] {logging_mixin.py:188} INFO - [2026-07-12T11:38:43.197+0000] {dag.py:3823} INFO - Setting next_dagrun for example_sensor_decorator to None, run_after=None
[2026-07-12T11:38:43.213+0000] {processor.py:183} INFO - Processing /home/airflow/.local/lib/python3.8/site-packages/airflow/example_dags/example_sensor_decorator.py took 0.052 seconds
[2026-07-12T11:39:13.672+0000] {processor.py:161} INFO - Started process (PID=1812) to work on /home/airflow/.local/lib/python3.8/site-packages/airflow/example_dags/example_sensor_decorator.py
[2026-07-12T11:39:13.674+0000] {processor.py:830} INFO - Processing file /home/airflow/.local/lib/python3.8/site-packages/airflow/example_dags/example_sensor_decorator.py for tasks to queue
[2026-07-12T11:39:13.677+0000] {logging_mixin.py:188} INFO - [2026-07-12T11:39:13.676+0000] {dagbag.py:538} INFO - Filling up the DagBag from /home/airflow/.local/lib/python3.8/site-packages/airflow/example_dags/example_sensor_decorator.py
[2026-07-12T11:39:13.689+0000] {processor.py:840} INFO - DAG(s) 'example_sensor_decorator' retrieved from /home/airflow/.local/lib/python3.8/site-packages/airflow/example_dags/example_sensor_decorator.py
[2026-07-12T11:39:13.715+0000] {logging_mixin.py:188} INFO - [2026-07-12T11:39:13.714+0000] {dag.py:3036} INFO - Sync 1 DAGs
[2026-07-12T11:39:13.728+0000] {logging_mixin.py:188} INFO - [2026-07-12T11:39:13.728+0000] {dag.py:3823} INFO - Setting next_dagrun for example_sensor_decorator to None, run_after=None
[2026-07-12T11:39:13.750+0000] {processor.py:183} INFO - Processing /home/airflow/.local/lib/python3.8/site-packages/airflow/example_dags/example_sensor_decorator.py took 0.084 seconds
[2026-07-12T11:39:43.815+0000] {processor.py:161} INFO - Started process (PID=1868) to work on /home/airflow/.local/lib/python3.8/site-packages/airflow/example_dags/example_sensor_decorator.py
[2026-07-12T11:39:43.816+0000] {processor.py:830} INFO - Processing file /home/airflow/.local/lib/python3.8/site-packages/airflow/example_dags/example_sensor_decorator.py for tasks to queue
[2026-07-12T11:39:43.819+0000] {logging_mixin.py:188} INFO - [2026-07-12T11:39:43.818+0000] {dagbag.py:538} INFO - Filling up the DagBag from /home/airflow/.local/lib/python3.8/site-packages/airflow/example_dags/example_sensor_decorator.py
[2026-07-12T11:39:43.826+0000] {processor.py:840} INFO - DAG(s) 'example_sensor_decorator' retrieved from /home/airflow/.local/lib/python3.8/site-packages/airflow/example_dags/example_sensor_decorator.py
[2026-07-12T11:39:43.852+0000] {logging_mixin.py:188} INFO - [2026-07-12T11:39:43.852+0000] {dag.py:3036} INFO - Sync 1 DAGs
[2026-07-12T11:39:43.869+0000] {logging_mixin.py:188} INFO - [2026-07-12T11:39:43.869+0000] {dag.py:3823} INFO - Setting next_dagrun for example_sensor_decorator to None, run_after=None
[2026-07-12T11:39:43.900+0000] {processor.py:183} INFO - Processing /home/airflow/.local/lib/python3.8/site-packages/airflow/example_dags/example_sensor_decorator.py took 0.089 seconds
[2026-07-12T11:40:52.825+0000] {processor.py:161} INFO - Started process (PID=1926) to work on /home/airflow/.local/lib/python3.8/site-packages/airflow/example_dags/example_sensor_decorator.py
[2026-07-12T11:40:52.831+0000] {processor.py:830} INFO - Processing file /home/airflow/.local/lib/python3.8/site-packages/airflow/example_dags/example_sensor_decorator.py for tasks to queue
[2026-07-12T11:40:52.836+0000] {logging_mixin.py:188} INFO - [2026-07-12T11:40:52.834+0000] {dagbag.py:538} INFO - Filling up the DagBag from /home/airflow/.local/lib/python3.8/site-packages/airflow/example_dags/example_sensor_decorator.py
[2026-07-12T11:40:52.871+0000] {processor.py:840} INFO - DAG(s) 'example_sensor_decorator' retrieved from /home/airflow/.local/lib/python3.8/site-packages/airflow/example_dags/example_sensor_decorator.py
[2026-07-12T11:40:53.140+0000] {logging_mixin.py:188} INFO - [2026-07-12T11:40:53.139+0000] {dag.py:3036} INFO - Sync 1 DAGs
[2026-07-12T11:40:53.172+0000] {logging_mixin.py:188} INFO - [2026-07-12T11:40:53.172+0000] {dag.py:3823} INFO - Setting next_dagrun for example_sensor_decorator to None, run_after=None
[2026-07-12T11:40:53.296+0000] {processor.py:183} INFO - Processing /home/airflow/.local/lib/python3.8/site-packages/airflow/example_dags/example_sensor_decorator.py took 0.502 seconds
[2026-07-12T11:41:42.872+0000] {processor.py:161} INFO - Started process (PID=45) to work on /home/airflow/.local/lib/python3.8/site-packages/airflow/example_dags/example_sensor_decorator.py
[2026-07-12T11:41:42.873+0000] {processor.py:830} INFO - Processing file /home/airflow/.local/lib/python3.8/site-packages/airflow/example_dags/example_sensor_decorator.py for tasks to queue
[2026-07-12T11:41:42.875+0000] {logging_mixin.py:188} INFO - [2026-07-12T11:41:42.874+0000] {dagbag.py:538} INFO - Filling up the DagBag from /home/airflow/.local/lib/python3.8/site-packages/airflow/example_dags/example_sensor_decorator.py
[2026-07-12T11:41:42.883+0000] {processor.py:840} INFO - DAG(s) 'example_sensor_decorator' retrieved from /home/airflow/.local/lib/python3.8/site-packages/airflow/example_dags/example_sensor_decorator.py
[2026-07-12T11:41:42.912+0000] {logging_mixin.py:188} INFO - [2026-07-12T11:41:42.912+0000] {dag.py:3036} INFO - Sync 1 DAGs
[2026-07-12T11:41:42.921+0000] {logging_mixin.py:188} INFO - [2026-07-12T11:41:42.920+0000] {dag.py:3823} INFO - Setting next_dagrun for example_sensor_decorator to None, run_after=None
[2026-07-12T11:41:42.933+0000] {processor.py:183} INFO - Processing /home/airflow/.local/lib/python3.8/site-packages/airflow/example_dags/example_sensor_decorator.py took 0.064 seconds
[2026-07-12T11:42:13.489+0000] {processor.py:161} INFO - Started process (PID=102) to work on /home/airflow/.local/lib/python3.8/site-packages/airflow/example_dags/example_sensor_decorator.py
[2026-07-12T11:42:13.490+0000] {processor.py:830} INFO - Processing file /home/airflow/.local/lib/python3.8/site-packages/airflow/example_dags/example_sensor_decorator.py for tasks to queue
[2026-07-12T11:42:13.491+0000] {logging_mixin.py:188} INFO - [2026-07-12T11:42:13.491+0000] {dagbag.py:538} INFO - Filling up the DagBag from /home/airflow/.local/lib/python3.8/site-packages/airflow/example_dags/example_sensor_decorator.py
[2026-07-12T11:42:13.496+0000] {processor.py:840} INFO - DAG(s) 'example_sensor_decorator' retrieved from /home/airflow/.local/lib/python3.8/site-packages/airflow/example_dags/example_sensor_decorator.py
[2026-07-12T11:42:13.511+0000] {logging_mixin.py:188} INFO - [2026-07-12T11:42:13.511+0000] {dag.py:3036} INFO - Sync 1 DAGs
[2026-07-12T11:42:13.520+0000] {logging_mixin.py:188} INFO - [2026-07-12T11:42:13.519+0000] {dag.py:3823} INFO - Setting next_dagrun for example_sensor_decorator to None, run_after=None
[2026-07-12T11:42:13.534+0000] {processor.py:183} INFO - Processing /home/airflow/.local/lib/python3.8/site-packages/airflow/example_dags/example_sensor_decorator.py took 0.048 seconds
[2026-07-12T11:42:43.989+0000] {processor.py:161} INFO - Started process (PID=164) to work on /home/airflow/.local/lib/python3.8/site-packages/airflow/example_dags/example_sensor_decorator.py
[2026-07-12T11:42:43.990+0000] {processor.py:830} INFO - Processing file /home/airflow/.local/lib/python3.8/site-packages/airflow/example_dags/example_sensor_decorator.py for tasks to queue
[2026-07-12T11:42:43.992+0000] {logging_mixin.py:188} INFO - [2026-07-12T11:42:43.991+0000] {dagbag.py:538} INFO - Filling up the DagBag from /home/airflow/.local/lib/python3.8/site-packages/airflow/example_dags/example_sensor_decorator.py
[2026-07-12T11:42:43.996+0000] {processor.py:840} INFO - DAG(s) 'example_sensor_decorator' retrieved from /home/airflow/.local/lib/python3.8/site-packages/airflow/example_dags/example_sensor_decorator.py
[2026-07-12T11:42:44.011+0000] {logging_mixin.py:188} INFO - [2026-07-12T11:42:44.011+0000] {dag.py:3036} INFO - Sync 1 DAGs
[2026-07-12T11:42:44.019+0000] {logging_mixin.py:188} INFO - [2026-07-12T11:42:44.019+0000] {dag.py:3823} INFO - Setting next_dagrun for example_sensor_decorator to None, run_after=None
[2026-07-12T11:42:44.033+0000] {processor.py:183} INFO - Processing /home/airflow/.local/lib/python3.8/site-packages/airflow/example_dags/example_sensor_decorator.py took 0.046 seconds
[2026-07-12T11:43:14.122+0000] {processor.py:161} INFO - Started process (PID=220) to work on /home/airflow/.local/lib/python3.8/site-packages/airflow/example_dags/example_sensor_decorator.py
[2026-07-12T11:43:14.123+0000] {processor.py:830} INFO - Processing file /home/airflow/.local/lib/python3.8/site-packages/airflow/example_dags/example_sensor_decorator.py for tasks to queue
[2026-07-12T11:43:14.124+0000] {logging_mixin.py:188} INFO - [2026-07-12T11:43:14.124+0000] {dagbag.py:538} INFO - Filling up the DagBag from /home/airflow/.local/lib/python3.8/site-packages/airflow/example_dags/example_sensor_decorator.py
[2026-07-12T11:43:14.129+0000] {processor.py:840} INFO - DAG(s) 'example_sensor_decorator' retrieved from /home/airflow/.local/lib/python3.8/site-packages/airflow/example_dags/example_sensor_decorator.py
[2026-07-12T11:43:14.147+0000] {logging_mixin.py:188} INFO - [2026-07-12T11:43:14.146+0000] {dag.py:3036} INFO - Sync 1 DAGs
[2026-07-12T11:43:14.163+0000] {logging_mixin.py:188} INFO - [2026-07-12T11:43:14.162+0000] {dag.py:3823} INFO - Setting next_dagrun for example_sensor_decorator to None, run_after=None
[2026-07-12T11:43:14.186+0000] {processor.py:183} INFO - Processing /home/airflow/.local/lib/python3.8/site-packages/airflow/example_dags/example_sensor_decorator.py took 0.067 seconds
[2026-07-12T11:43:44.366+0000] {processor.py:161} INFO - Started process (PID=276) to work on /home/airflow/.local/lib/python3.8/site-packages/airflow/example_dags/example_sensor_decorator.py
[2026-07-12T11:43:44.367+0000] {processor.py:830} INFO - Processing file /home/airflow/.local/lib/python3.8/site-packages/airflow/example_dags/example_sensor_decorator.py for tasks to queue
[2026-07-12T11:43:44.368+0000] {logging_mixin.py:188} INFO - [2026-07-12T11:43:44.368+0000] {dagbag.py:538} INFO - Filling up the DagBag from /home/airflow/.local/lib/python3.8/site-packages/airflow/example_dags/example_sensor_decorator.py
[2026-07-12T11:43:44.373+0000] {processor.py:840} INFO - DAG(s) 'example_sensor_decorator' retrieved from /home/airflow/.local/lib/python3.8/site-packages/airflow/example_dags/example_sensor_decorator.py
[2026-07-12T11:43:44.388+0000] {logging_mixin.py:188} INFO - [2026-07-12T11:43:44.388+0000] {dag.py:3036} INFO - Sync 1 DAGs
[2026-07-12T11:43:44.396+0000] {logging_mixin.py:188} INFO - [2026-07-12T11:43:44.396+0000] {dag.py:3823} INFO - Setting next_dagrun for example_sensor_decorator to None, run_after=None
[2026-07-12T11:43:44.409+0000] {processor.py:183} INFO - Processing /home/airflow/.local/lib/python3.8/site-packages/airflow/example_dags/example_sensor_decorator.py took 0.046 seconds
[2026-07-12T11:44:14.577+0000] {processor.py:161} INFO - Started process (PID=332) to work on /home/airflow/.local/lib/python3.8/site-packages/airflow/example_dags/example_sensor_decorator.py
[2026-07-12T11:44:14.579+0000] {processor.py:830} INFO - Processing file /home/airflow/.local/lib/python3.8/site-packages/airflow/example_dags/example_sensor_decorator.py for tasks to queue
[2026-07-12T11:44:14.580+0000] {logging_mixin.py:188} INFO - [2026-07-12T11:44:14.580+0000] {dagbag.py:538} INFO - Filling up the DagBag from /home/airflow/.local/lib/python3.8/site-packages/airflow/example_dags/example_sensor_decorator.py
[2026-07-12T11:44:14.585+0000] {processor.py:840} INFO - DAG(s) 'example_sensor_decorator' retrieved from /home/airflow/.local/lib/python3.8/site-packages/airflow/example_dags/example_sensor_decorator.py
[2026-07-12T11:44:14.601+0000] {logging_mixin.py:188} INFO - [2026-07-12T11:44:14.600+0000] {dag.py:3036} INFO - Sync 1 DAGs
[2026-07-12T11:44:14.609+0000] {logging_mixin.py:188} INFO - [2026-07-12T11:44:14.609+0000] {dag.py:3823} INFO - Setting next_dagrun for example_sensor_decorator to None, run_after=None
[2026-07-12T11:44:14.624+0000] {processor.py:183} INFO - Processing /home/airflow/.local/lib/python3.8/site-packages/airflow/example_dags/example_sensor_decorator.py took 0.052 seconds
[2026-07-12T11:44:44.939+0000] {processor.py:161} INFO - Started process (PID=388) to work on /home/airflow/.local/lib/python3.8/site-packages/airflow/example_dags/example_sensor_decorator.py
[2026-07-12T11:44:44.942+0000] {processor.py:830} INFO - Processing file /home/airflow/.local/lib/python3.8/site-packages/airflow/example_dags/example_sensor_decorator.py for tasks to queue
[2026-07-12T11:44:44.944+0000] {logging_mixin.py:188} INFO - [2026-07-12T11:44:44.944+0000] {dagbag.py:538} INFO - Filling up the DagBag from /home/airflow/.local/lib/python3.8/site-packages/airflow/example_dags/example_sensor_decorator.py
[2026-07-12T11:44:44.956+0000] {processor.py:840} INFO - DAG(s) 'example_sensor_decorator' retrieved from /home/airflow/.local/lib/python3.8/site-packages/airflow/example_dags/example_sensor_decorator.py
[2026-07-12T11:44:44.982+0000] {logging_mixin.py:188} INFO - [2026-07-12T11:44:44.981+0000] {dag.py:3036} INFO - Sync 1 DAGs
[2026-07-12T11:44:44.995+0000] {logging_mixin.py:188} INFO - [2026-07-12T11:44:44.995+0000] {dag.py:3823} INFO - Setting next_dagrun for example_sensor_decorator to None, run_after=None
[2026-07-12T11:44:45.022+0000] {processor.py:183} INFO - Processing /home/airflow/.local/lib/python3.8/site-packages/airflow/example_dags/example_sensor_decorator.py took 0.088 seconds
[2026-07-12T11:45:15.182+0000] {processor.py:161} INFO - Started process (PID=445) to work on /home/airflow/.local/lib/python3.8/site-packages/airflow/example_dags/example_sensor_decorator.py
[2026-07-12T11:45:15.183+0000] {processor.py:830} INFO - Processing file /home/airflow/.local/lib/python3.8/site-packages/airflow/example_dags/example_sensor_decorator.py for tasks to queue
[2026-07-12T11:45:15.185+0000] {logging_mixin.py:188} INFO - [2026-07-12T11:45:15.185+0000] {dagbag.py:538} INFO - Filling up the DagBag from /home/airflow/.local/lib/python3.8/site-packages/airflow/example_dags/example_sensor_decorator.py
[2026-07-12T11:45:15.190+0000] {processor.py:840} INFO - DAG(s) 'example_sensor_decorator' retrieved from /home/airflow/.local/lib/python3.8/site-packages/airflow/example_dags/example_sensor_decorator.py
[2026-07-12T11:45:15.213+0000] {logging_mixin.py:188} INFO - [2026-07-12T11:45:15.213+0000] {dag.py:3036} INFO - Sync 1 DAGs
[2026-07-12T11:45:15.224+0000] {logging_mixin.py:188} INFO - [2026-07-12T11:45:15.224+0000] {dag.py:3823} INFO - Setting next_dagrun for example_sensor_decorator to None, run_after=None
[2026-07-12T11:45:15.244+0000] {processor.py:183} INFO - Processing /home/airflow/.local/lib/python3.8/site-packages/airflow/example_dags/example_sensor_decorator.py took 0.066 seconds
[2026-07-12T11:45:45.454+0000] {processor.py:161} INFO - Started process (PID=501) to work on /home/airflow/.local/lib/python3.8/site-packages/airflow/example_dags/example_sensor_decorator.py
[2026-07-12T11:45:45.456+0000] {processor.py:830} INFO - Processing file /home/airflow/.local/lib/python3.8/site-packages/airflow/example_dags/example_sensor_decorator.py for tasks to queue
[2026-07-12T11:45:45.459+0000] {logging_mixin.py:188} INFO - [2026-07-12T11:45:45.458+0000] {dagbag.py:538} INFO - Filling up the DagBag from /home/airflow/.local/lib/python3.8/site-packages/airflow/example_dags/example_sensor_decorator.py
[2026-07-12T11:45:45.468+0000] {processor.py:840} INFO - DAG(s) 'example_sensor_decorator' retrieved from /home/airflow/.local/lib/python3.8/site-packages/airflow/example_dags/example_sensor_decorator.py
[2026-07-12T11:45:45.495+0000] {logging_mixin.py:188} INFO - [2026-07-12T11:45:45.495+0000] {dag.py:3036} INFO - Sync 1 DAGs
[2026-07-12T11:45:45.507+0000] {logging_mixin.py:188} INFO - [2026-07-12T11:45:45.507+0000] {dag.py:3823} INFO - Setting next_dagrun for example_sensor_decorator to None, run_after=None
[2026-07-12T11:45:45.521+0000] {processor.py:183} INFO - Processing /home/airflow/.local/lib/python3.8/site-packages/airflow/example_dags/example_sensor_decorator.py took 0.074 seconds
[2026-07-12T11:46:15.860+0000] {processor.py:161} INFO - Started process (PID=556) to work on /home/airflow/.local/lib/python3.8/site-packages/airflow/example_dags/example_sensor_decorator.py
[2026-07-12T11:46:15.862+0000] {processor.py:830} INFO - Processing file /home/airflow/.local/lib/python3.8/site-packages/airflow/example_dags/example_sensor_decorator.py for tasks to queue
[2026-07-12T11:46:15.865+0000] {logging_mixin.py:188} INFO - [2026-07-12T11:46:15.864+0000] {dagbag.py:538} INFO - Filling up the DagBag from /home/airflow/.local/lib/python3.8/site-packages/airflow/example_dags/example_sensor_decorator.py
[2026-07-12T11:46:15.870+0000] {processor.py:840} INFO - DAG(s) 'example_sensor_decorator' retrieved from /home/airflow/.local/lib/python3.8/site-packages/airflow/example_dags/example_sensor_decorator.py
[2026-07-12T11:46:15.886+0000] {logging_mixin.py:188} INFO - [2026-07-12T11:46:15.886+0000] {dag.py:3036} INFO - Sync 1 DAGs
[2026-07-12T11:46:15.894+0000] {logging_mixin.py:188} INFO - [2026-07-12T11:46:15.894+0000] {dag.py:3823} INFO - Setting next_dagrun for example_sensor_decorator to None, run_after=None
[2026-07-12T11:46:15.909+0000] {processor.py:183} INFO - Processing /home/airflow/.local/lib/python3.8/site-packages/airflow/example_dags/example_sensor_decorator.py took 0.051 seconds
[2026-07-12T11:46:47.180+0000] {processor.py:161} INFO - Started process (PID=614) to work on /home/airflow/.local/lib/python3.8/site-packages/airflow/example_dags/example_sensor_decorator.py
[2026-07-12T11:46:47.266+0000] {processor.py:830} INFO - Processing file /home/airflow/.local/lib/python3.8/site-packages/airflow/example_dags/example_sensor_decorator.py for tasks to queue
[2026-07-12T11:46:47.441+0000] {logging_mixin.py:188} INFO - [2026-07-12T11:46:47.282+0000] {dagbag.py:538} INFO - Filling up the DagBag from /home/airflow/.local/lib/python3.8/site-packages/airflow/example_dags/example_sensor_decorator.py
[2026-07-12T11:46:52.174+0000] {processor.py:840} INFO - DAG(s) 'example_sensor_decorator' retrieved from /home/airflow/.local/lib/python3.8/site-packages/airflow/example_dags/example_sensor_decorator.py
[2026-07-12T11:47:34.172+0000] {processor.py:186} ERROR - Got an exception! Propagating...
Traceback (most recent call last):
  File "/home/airflow/.local/lib/python3.8/site-packages/sqlalchemy/engine/base.py", line 3371, in _wrap_pool_connect
    return fn()
  File "/home/airflow/.local/lib/python3.8/site-packages/sqlalchemy/pool/base.py", line 327, in connect
    return _ConnectionFairy._checkout(self)
  File "/home/airflow/.local/lib/python3.8/site-packages/sqlalchemy/pool/base.py", line 894, in _checkout
    fairy = _ConnectionRecord.checkout(pool)
  File "/home/airflow/.local/lib/python3.8/site-packages/sqlalchemy/pool/base.py", line 493, in checkout
    rec = pool._do_get()
  File "/home/airflow/.local/lib/python3.8/site-packages/sqlalchemy/pool/impl.py", line 146, in _do_get
    self._dec_overflow()
  File "/home/airflow/.local/lib/python3.8/site-packages/sqlalchemy/util/langhelpers.py", line 70, in __exit__
    compat.raise_(
  File "/home/airflow/.local/lib/python3.8/site-packages/sqlalchemy/util/compat.py", line 211, in raise_
    raise exception
  File "/home/airflow/.local/lib/python3.8/site-packages/sqlalchemy/pool/impl.py", line 143, in _do_get
    return self._create_connection()
  File "/home/airflow/.local/lib/python3.8/site-packages/sqlalchemy/pool/base.py", line 273, in _create_connection
    return _ConnectionRecord(self)
  File "/home/airflow/.local/lib/python3.8/site-packages/sqlalchemy/pool/base.py", line 388, in __init__
    self.__connect()
  File "/home/airflow/.local/lib/python3.8/site-packages/sqlalchemy/pool/base.py", line 691, in __connect
    pool.logger.debug("Error on connect(): %s", e)
  File "/home/airflow/.local/lib/python3.8/site-packages/sqlalchemy/util/langhelpers.py", line 70, in __exit__
    compat.raise_(
  File "/home/airflow/.local/lib/python3.8/site-packages/sqlalchemy/util/compat.py", line 211, in raise_
    raise exception
  File "/home/airflow/.local/lib/python3.8/site-packages/sqlalchemy/pool/base.py", line 686, in __connect
    self.dbapi_connection = connection = pool._invoke_creator(self)
  File "/home/airflow/.local/lib/python3.8/site-packages/sqlalchemy/engine/create.py", line 574, in connect
    return dialect.connect(*cargs, **cparams)
  File "/home/airflow/.local/lib/python3.8/site-packages/sqlalchemy/engine/default.py", line 598, in connect
    return self.dbapi.connect(*cargs, **cparams)
  File "/home/airflow/.local/lib/python3.8/site-packages/psycopg2/__init__.py", line 122, in connect
    conn = _connect(dsn, connection_factory=connection_factory, **kwasync)
psycopg2.OperationalError: could not translate host name "postgres" to address: Temporary failure in name resolution


The above exception was the direct cause of the following exception:

Traceback (most recent call last):
  File "/home/airflow/.local/lib/python3.8/site-packages/airflow/dag_processing/processor.py", line 182, in _run_file_processor
    _handle_dag_file_processing()
  File "/home/airflow/.local/lib/python3.8/site-packages/airflow/dag_processing/processor.py", line 163, in _handle_dag_file_processing
    result: tuple[int, int] = dag_file_processor.process_file(
  File "/home/airflow/.local/lib/python3.8/site-packages/airflow/utils/session.py", line 79, in wrapper
    return func(*args, session=session, **kwargs)
  File "/home/airflow/.local/lib/python3.8/site-packages/airflow/dag_processing/processor.py", line 859, in process_file
    serialize_errors = DagFileProcessor.save_dag_to_db(
  File "/home/airflow/.local/lib/python3.8/site-packages/airflow/api_internal/internal_api_call.py", line 114, in wrapper
    return func(*args, **kwargs)
  File "/home/airflow/.local/lib/python3.8/site-packages/airflow/utils/session.py", line 79, in wrapper
    return func(*args, session=session, **kwargs)
  File "/home/airflow/.local/lib/python3.8/site-packages/airflow/dag_processing/processor.py", line 895, in save_dag_to_db
    import_errors = DagBag._sync_to_db(dags=dags, processor_subdir=dag_directory, session=session)
  File "/home/airflow/.local/lib/python3.8/site-packages/airflow/utils/session.py", line 76, in wrapper
    return func(*args, **kwargs)
  File "/home/airflow/.local/lib/python3.8/site-packages/airflow/models/dagbag.py", line 657, in _sync_to_db
    for attempt in run_with_db_retries(logger=log):
  File "/home/airflow/.local/lib/python3.8/site-packages/tenacity/__init__.py", line 347, in __iter__
    do = self.iter(retry_state=retry_state)
  File "/home/airflow/.local/lib/python3.8/site-packages/tenacity/__init__.py", line 325, in iter
    raise retry_exc.reraise()
  File "/home/airflow/.local/lib/python3.8/site-packages/tenacity/__init__.py", line 158, in reraise
    raise self.last_attempt.result()
  File "/usr/local/lib/python3.8/concurrent/futures/_base.py", line 437, in result
    return self.__get_result()
  File "/usr/local/lib/python3.8/concurrent/futures/_base.py", line 389, in __get_result
    raise self._exception
  File "/home/airflow/.local/lib/python3.8/site-packages/airflow/models/dagbag.py", line 670, in _sync_to_db
    _serialize_dag_capturing_errors(dag, session, processor_subdir)
  File "/home/airflow/.local/lib/python3.8/site-packages/airflow/models/dagbag.py", line 635, in _serialize_dag_capturing_errors
    dag_was_updated = SerializedDagModel.write_dag(
  File "/home/airflow/.local/lib/python3.8/site-packages/airflow/utils/session.py", line 76, in wrapper
    return func(*args, **kwargs)
  File "/home/airflow/.local/lib/python3.8/site-packages/airflow/models/serialized_dag.py", line 157, in write_dag
    if session.scalar(
  File "/home/airflow/.local/lib/python3.8/site-packages/sqlalchemy/orm/session.py", line 1747, in scalar
    return self.execute(
  File "/home/airflow/.local/lib/python3.8/site-packages/sqlalchemy/orm/session.py", line 1716, in execute
    conn = self._connection_for_bind(bind)
  File "/home/airflow/.local/lib/python3.8/site-packages/sqlalchemy/orm/session.py", line 1555, in _connection_for_bind
    return self._transaction._connection_for_bind(
  File "/home/airflow/.local/lib/python3.8/site-packages/sqlalchemy/orm/session.py", line 750, in _connection_for_bind
    conn = bind.connect()
  File "/home/airflow/.local/lib/python3.8/site-packages/sqlalchemy/future/engine.py", line 412, in connect
    return super(Engine, self).connect()
  File "/home/airflow/.local/lib/python3.8/site-packages/sqlalchemy/engine/base.py", line 3325, in connect
    return self._connection_cls(self, close_with_result=close_with_result)
  File "/home/airflow/.local/lib/python3.8/site-packages/sqlalchemy/engine/base.py", line 96, in __init__
    else engine.raw_connection()
  File "/home/airflow/.local/lib/python3.8/site-packages/sqlalchemy/engine/base.py", line 3404, in raw_connection
    return self._wrap_pool_connect(self.pool.connect, _connection)
  File "/home/airflow/.local/lib/python3.8/site-packages/sqlalchemy/engine/base.py", line 3374, in _wrap_pool_connect
    Connection._handle_dbapi_exception_noconnection(
  File "/home/airflow/.local/lib/python3.8/site-packages/sqlalchemy/engine/base.py", line 2208, in _handle_dbapi_exception_noconnection
    util.raise_(
  File "/home/airflow/.local/lib/python3.8/site-packages/sqlalchemy/util/compat.py", line 211, in raise_
    raise exception
  File "/home/airflow/.local/lib/python3.8/site-packages/sqlalchemy/engine/base.py", line 3371, in _wrap_pool_connect
    return fn()
  File "/home/airflow/.local/lib/python3.8/site-packages/sqlalchemy/pool/base.py", line 327, in connect
    return _ConnectionFairy._checkout(self)
  File "/home/airflow/.local/lib/python3.8/site-packages/sqlalchemy/pool/base.py", line 894, in _checkout
    fairy = _ConnectionRecord.checkout(pool)
  File "/home/airflow/.local/lib/python3.8/site-packages/sqlalchemy/pool/base.py", line 493, in checkout
    rec = pool._do_get()
  File "/home/airflow/.local/lib/python3.8/site-packages/sqlalchemy/pool/impl.py", line 146, in _do_get
    self._dec_overflow()
  File "/home/airflow/.local/lib/python3.8/site-packages/sqlalchemy/util/langhelpers.py", line 70, in __exit__
    compat.raise_(
  File "/home/airflow/.local/lib/python3.8/site-packages/sqlalchemy/util/compat.py", line 211, in raise_
    raise exception
  File "/home/airflow/.local/lib/python3.8/site-packages/sqlalchemy/pool/impl.py", line 143, in _do_get
    return self._create_connection()
  File "/home/airflow/.local/lib/python3.8/site-packages/sqlalchemy/pool/base.py", line 273, in _create_connection
    return _ConnectionRecord(self)
  File "/home/airflow/.local/lib/python3.8/site-packages/sqlalchemy/pool/base.py", line 388, in __init__
    self.__connect()
  File "/home/airflow/.local/lib/python3.8/site-packages/sqlalchemy/pool/base.py", line 691, in __connect
    pool.logger.debug("Error on connect(): %s", e)
  File "/home/airflow/.local/lib/python3.8/site-packages/sqlalchemy/util/langhelpers.py", line 70, in __exit__
    compat.raise_(
  File "/home/airflow/.local/lib/python3.8/site-packages/sqlalchemy/util/compat.py", line 211, in raise_
    raise exception
  File "/home/airflow/.local/lib/python3.8/site-packages/sqlalchemy/pool/base.py", line 686, in __connect
    self.dbapi_connection = connection = pool._invoke_creator(self)
  File "/home/airflow/.local/lib/python3.8/site-packages/sqlalchemy/engine/create.py", line 574, in connect
    return dialect.connect(*cargs, **cparams)
  File "/home/airflow/.local/lib/python3.8/site-packages/sqlalchemy/engine/default.py", line 598, in connect
    return self.dbapi.connect(*cargs, **cparams)
  File "/home/airflow/.local/lib/python3.8/site-packages/psycopg2/__init__.py", line 122, in connect
    conn = _connect(dsn, connection_factory=connection_factory, **kwasync)
sqlalchemy.exc.OperationalError: (psycopg2.OperationalError) could not translate host name "postgres" to address: Temporary failure in name resolution

(Background on this error at: https://sqlalche.me/e/14/e3q8)
