[2026-07-12T09:12:53.793+0000] {processor.py:161} INFO - Started process (PID=1371) to work on /home/airflow/.local/lib/python3.8/site-packages/airflow/example_dags/tutorial_objectstorage.py
[2026-07-12T09:12:53.794+0000] {processor.py:830} INFO - Processing file /home/airflow/.local/lib/python3.8/site-packages/airflow/example_dags/tutorial_objectstorage.py for tasks to queue
[2026-07-12T09:12:53.795+0000] {logging_mixin.py:188} INFO - [2026-07-12T09:12:53.795+0000] {dagbag.py:538} INFO - Filling up the DagBag from /home/airflow/.local/lib/python3.8/site-packages/airflow/example_dags/tutorial_objectstorage.py
[2026-07-12T09:12:53.802+0000] {processor.py:840} INFO - DAG(s) 'tutorial_objectstorage' retrieved from /home/airflow/.local/lib/python3.8/site-packages/airflow/example_dags/tutorial_objectstorage.py
[2026-07-12T09:12:53.990+0000] {logging_mixin.py:188} INFO - [2026-07-12T09:12:53.990+0000] {dag.py:3036} INFO - Sync 1 DAGs
[2026-07-12T09:12:53.996+0000] {logging_mixin.py:188} INFO - [2026-07-12T09:12:53.996+0000] {dag.py:3823} INFO - Setting next_dagrun for tutorial_objectstorage to None, run_after=None
[2026-07-12T09:12:54.012+0000] {processor.py:183} INFO - Processing /home/airflow/.local/lib/python3.8/site-packages/airflow/example_dags/tutorial_objectstorage.py took 0.222 seconds
[2026-07-12T09:13:24.740+0000] {processor.py:161} INFO - Started process (PID=1426) to work on /home/airflow/.local/lib/python3.8/site-packages/airflow/example_dags/tutorial_objectstorage.py
[2026-07-12T09:13:24.741+0000] {processor.py:830} INFO - Processing file /home/airflow/.local/lib/python3.8/site-packages/airflow/example_dags/tutorial_objectstorage.py for tasks to queue
[2026-07-12T09:13:24.742+0000] {logging_mixin.py:188} INFO - [2026-07-12T09:13:24.742+0000] {dagbag.py:538} INFO - Filling up the DagBag from /home/airflow/.local/lib/python3.8/site-packages/airflow/example_dags/tutorial_objectstorage.py
[2026-07-12T09:13:24.749+0000] {processor.py:840} INFO - DAG(s) 'tutorial_objectstorage' retrieved from /home/airflow/.local/lib/python3.8/site-packages/airflow/example_dags/tutorial_objectstorage.py
[2026-07-12T09:13:24.765+0000] {logging_mixin.py:188} INFO - [2026-07-12T09:13:24.765+0000] {dag.py:3036} INFO - Sync 1 DAGs
[2026-07-12T09:13:24.773+0000] {logging_mixin.py:188} INFO - [2026-07-12T09:13:24.773+0000] {dag.py:3823} INFO - Setting next_dagrun for tutorial_objectstorage to None, run_after=None
[2026-07-12T09:13:24.788+0000] {processor.py:183} INFO - Processing /home/airflow/.local/lib/python3.8/site-packages/airflow/example_dags/tutorial_objectstorage.py took 0.053 seconds
[2026-07-12T09:13:55.036+0000] {processor.py:161} INFO - Started process (PID=1481) to work on /home/airflow/.local/lib/python3.8/site-packages/airflow/example_dags/tutorial_objectstorage.py
[2026-07-12T09:13:55.037+0000] {processor.py:830} INFO - Processing file /home/airflow/.local/lib/python3.8/site-packages/airflow/example_dags/tutorial_objectstorage.py for tasks to queue
[2026-07-12T09:13:55.039+0000] {logging_mixin.py:188} INFO - [2026-07-12T09:13:55.039+0000] {dagbag.py:538} INFO - Filling up the DagBag from /home/airflow/.local/lib/python3.8/site-packages/airflow/example_dags/tutorial_objectstorage.py
[2026-07-12T09:13:55.045+0000] {processor.py:840} INFO - DAG(s) 'tutorial_objectstorage' retrieved from /home/airflow/.local/lib/python3.8/site-packages/airflow/example_dags/tutorial_objectstorage.py
[2026-07-12T09:13:55.066+0000] {logging_mixin.py:188} INFO - [2026-07-12T09:13:55.066+0000] {dag.py:3036} INFO - Sync 1 DAGs
[2026-07-12T09:13:55.078+0000] {logging_mixin.py:188} INFO - [2026-07-12T09:13:55.078+0000] {dag.py:3823} INFO - Setting next_dagrun for tutorial_objectstorage to None, run_after=None
[2026-07-12T09:13:55.105+0000] {processor.py:183} INFO - Processing /home/airflow/.local/lib/python3.8/site-packages/airflow/example_dags/tutorial_objectstorage.py took 0.068 seconds
[2026-07-12T09:14:25.483+0000] {processor.py:161} INFO - Started process (PID=1535) to work on /home/airflow/.local/lib/python3.8/site-packages/airflow/example_dags/tutorial_objectstorage.py
[2026-07-12T09:14:25.486+0000] {processor.py:830} INFO - Processing file /home/airflow/.local/lib/python3.8/site-packages/airflow/example_dags/tutorial_objectstorage.py for tasks to queue
[2026-07-12T09:14:25.488+0000] {logging_mixin.py:188} INFO - [2026-07-12T09:14:25.488+0000] {dagbag.py:538} INFO - Filling up the DagBag from /home/airflow/.local/lib/python3.8/site-packages/airflow/example_dags/tutorial_objectstorage.py
[2026-07-12T09:14:25.499+0000] {processor.py:840} INFO - DAG(s) 'tutorial_objectstorage' retrieved from /home/airflow/.local/lib/python3.8/site-packages/airflow/example_dags/tutorial_objectstorage.py
[2026-07-12T09:14:25.523+0000] {logging_mixin.py:188} INFO - [2026-07-12T09:14:25.523+0000] {dag.py:3036} INFO - Sync 1 DAGs
[2026-07-12T09:14:25.672+0000] {logging_mixin.py:188} INFO - [2026-07-12T09:14:25.672+0000] {dag.py:3823} INFO - Setting next_dagrun for tutorial_objectstorage to None, run_after=None
[2026-07-12T09:14:25.691+0000] {processor.py:183} INFO - Processing /home/airflow/.local/lib/python3.8/site-packages/airflow/example_dags/tutorial_objectstorage.py took 0.219 seconds
[2026-07-12T09:14:55.753+0000] {processor.py:161} INFO - Started process (PID=1590) to work on /home/airflow/.local/lib/python3.8/site-packages/airflow/example_dags/tutorial_objectstorage.py
[2026-07-12T09:14:55.755+0000] {processor.py:830} INFO - Processing file /home/airflow/.local/lib/python3.8/site-packages/airflow/example_dags/tutorial_objectstorage.py for tasks to queue
[2026-07-12T09:14:55.756+0000] {logging_mixin.py:188} INFO - [2026-07-12T09:14:55.756+0000] {dagbag.py:538} INFO - Filling up the DagBag from /home/airflow/.local/lib/python3.8/site-packages/airflow/example_dags/tutorial_objectstorage.py
[2026-07-12T09:14:55.763+0000] {processor.py:840} INFO - DAG(s) 'tutorial_objectstorage' retrieved from /home/airflow/.local/lib/python3.8/site-packages/airflow/example_dags/tutorial_objectstorage.py
[2026-07-12T09:14:55.779+0000] {logging_mixin.py:188} INFO - [2026-07-12T09:14:55.779+0000] {dag.py:3036} INFO - Sync 1 DAGs
[2026-07-12T09:14:55.787+0000] {logging_mixin.py:188} INFO - [2026-07-12T09:14:55.787+0000] {dag.py:3823} INFO - Setting next_dagrun for tutorial_objectstorage to None, run_after=None
[2026-07-12T09:14:55.801+0000] {processor.py:183} INFO - Processing /home/airflow/.local/lib/python3.8/site-packages/airflow/example_dags/tutorial_objectstorage.py took 0.053 seconds
[2026-07-12T09:15:25.863+0000] {processor.py:161} INFO - Started process (PID=1645) to work on /home/airflow/.local/lib/python3.8/site-packages/airflow/example_dags/tutorial_objectstorage.py
[2026-07-12T09:15:25.864+0000] {processor.py:830} INFO - Processing file /home/airflow/.local/lib/python3.8/site-packages/airflow/example_dags/tutorial_objectstorage.py for tasks to queue
[2026-07-12T09:15:25.866+0000] {logging_mixin.py:188} INFO - [2026-07-12T09:15:25.866+0000] {dagbag.py:538} INFO - Filling up the DagBag from /home/airflow/.local/lib/python3.8/site-packages/airflow/example_dags/tutorial_objectstorage.py
[2026-07-12T09:15:25.873+0000] {processor.py:840} INFO - DAG(s) 'tutorial_objectstorage' retrieved from /home/airflow/.local/lib/python3.8/site-packages/airflow/example_dags/tutorial_objectstorage.py
[2026-07-12T09:15:25.893+0000] {logging_mixin.py:188} INFO - [2026-07-12T09:15:25.892+0000] {dag.py:3036} INFO - Sync 1 DAGs
[2026-07-12T09:15:25.904+0000] {logging_mixin.py:188} INFO - [2026-07-12T09:15:25.904+0000] {dag.py:3823} INFO - Setting next_dagrun for tutorial_objectstorage to None, run_after=None
[2026-07-12T09:15:25.920+0000] {processor.py:183} INFO - Processing /home/airflow/.local/lib/python3.8/site-packages/airflow/example_dags/tutorial_objectstorage.py took 0.060 seconds
[2026-07-12T09:15:56.097+0000] {processor.py:161} INFO - Started process (PID=1700) to work on /home/airflow/.local/lib/python3.8/site-packages/airflow/example_dags/tutorial_objectstorage.py
[2026-07-12T09:15:56.098+0000] {processor.py:830} INFO - Processing file /home/airflow/.local/lib/python3.8/site-packages/airflow/example_dags/tutorial_objectstorage.py for tasks to queue
[2026-07-12T09:15:56.100+0000] {logging_mixin.py:188} INFO - [2026-07-12T09:15:56.100+0000] {dagbag.py:538} INFO - Filling up the DagBag from /home/airflow/.local/lib/python3.8/site-packages/airflow/example_dags/tutorial_objectstorage.py
[2026-07-12T09:15:56.109+0000] {processor.py:840} INFO - DAG(s) 'tutorial_objectstorage' retrieved from /home/airflow/.local/lib/python3.8/site-packages/airflow/example_dags/tutorial_objectstorage.py
[2026-07-12T09:15:56.129+0000] {logging_mixin.py:188} INFO - [2026-07-12T09:15:56.128+0000] {dag.py:3036} INFO - Sync 1 DAGs
[2026-07-12T09:15:56.137+0000] {logging_mixin.py:188} INFO - [2026-07-12T09:15:56.136+0000] {dag.py:3823} INFO - Setting next_dagrun for tutorial_objectstorage to None, run_after=None
[2026-07-12T09:15:56.155+0000] {processor.py:183} INFO - Processing /home/airflow/.local/lib/python3.8/site-packages/airflow/example_dags/tutorial_objectstorage.py took 0.064 seconds
[2026-07-12T09:16:26.432+0000] {processor.py:161} INFO - Started process (PID=1755) to work on /home/airflow/.local/lib/python3.8/site-packages/airflow/example_dags/tutorial_objectstorage.py
[2026-07-12T09:16:26.435+0000] {processor.py:830} INFO - Processing file /home/airflow/.local/lib/python3.8/site-packages/airflow/example_dags/tutorial_objectstorage.py for tasks to queue
[2026-07-12T09:16:26.436+0000] {logging_mixin.py:188} INFO - [2026-07-12T09:16:26.436+0000] {dagbag.py:538} INFO - Filling up the DagBag from /home/airflow/.local/lib/python3.8/site-packages/airflow/example_dags/tutorial_objectstorage.py
[2026-07-12T09:16:26.442+0000] {processor.py:840} INFO - DAG(s) 'tutorial_objectstorage' retrieved from /home/airflow/.local/lib/python3.8/site-packages/airflow/example_dags/tutorial_objectstorage.py
[2026-07-12T09:16:26.459+0000] {logging_mixin.py:188} INFO - [2026-07-12T09:16:26.459+0000] {dag.py:3036} INFO - Sync 1 DAGs
[2026-07-12T09:16:26.468+0000] {logging_mixin.py:188} INFO - [2026-07-12T09:16:26.467+0000] {dag.py:3823} INFO - Setting next_dagrun for tutorial_objectstorage to None, run_after=None
[2026-07-12T09:16:26.484+0000] {processor.py:183} INFO - Processing /home/airflow/.local/lib/python3.8/site-packages/airflow/example_dags/tutorial_objectstorage.py took 0.054 seconds
[2026-07-12T09:16:57.054+0000] {processor.py:161} INFO - Started process (PID=1810) to work on /home/airflow/.local/lib/python3.8/site-packages/airflow/example_dags/tutorial_objectstorage.py
[2026-07-12T09:16:57.056+0000] {processor.py:830} INFO - Processing file /home/airflow/.local/lib/python3.8/site-packages/airflow/example_dags/tutorial_objectstorage.py for tasks to queue
[2026-07-12T09:16:57.058+0000] {logging_mixin.py:188} INFO - [2026-07-12T09:16:57.058+0000] {dagbag.py:538} INFO - Filling up the DagBag from /home/airflow/.local/lib/python3.8/site-packages/airflow/example_dags/tutorial_objectstorage.py
[2026-07-12T09:16:57.064+0000] {processor.py:840} INFO - DAG(s) 'tutorial_objectstorage' retrieved from /home/airflow/.local/lib/python3.8/site-packages/airflow/example_dags/tutorial_objectstorage.py
[2026-07-12T09:16:57.081+0000] {logging_mixin.py:188} INFO - [2026-07-12T09:16:57.080+0000] {dag.py:3036} INFO - Sync 1 DAGs
[2026-07-12T09:16:57.090+0000] {logging_mixin.py:188} INFO - [2026-07-12T09:16:57.090+0000] {dag.py:3823} INFO - Setting next_dagrun for tutorial_objectstorage to None, run_after=None
[2026-07-12T09:16:57.105+0000] {processor.py:183} INFO - Processing /home/airflow/.local/lib/python3.8/site-packages/airflow/example_dags/tutorial_objectstorage.py took 0.056 seconds
[2026-07-12T09:17:27.384+0000] {processor.py:161} INFO - Started process (PID=1865) to work on /home/airflow/.local/lib/python3.8/site-packages/airflow/example_dags/tutorial_objectstorage.py
[2026-07-12T09:17:27.386+0000] {processor.py:830} INFO - Processing file /home/airflow/.local/lib/python3.8/site-packages/airflow/example_dags/tutorial_objectstorage.py for tasks to queue
[2026-07-12T09:17:27.388+0000] {logging_mixin.py:188} INFO - [2026-07-12T09:17:27.388+0000] {dagbag.py:538} INFO - Filling up the DagBag from /home/airflow/.local/lib/python3.8/site-packages/airflow/example_dags/tutorial_objectstorage.py
[2026-07-12T09:17:27.395+0000] {processor.py:840} INFO - DAG(s) 'tutorial_objectstorage' retrieved from /home/airflow/.local/lib/python3.8/site-packages/airflow/example_dags/tutorial_objectstorage.py
[2026-07-12T09:17:27.411+0000] {logging_mixin.py:188} INFO - [2026-07-12T09:17:27.411+0000] {dag.py:3036} INFO - Sync 1 DAGs
[2026-07-12T09:17:27.419+0000] {logging_mixin.py:188} INFO - [2026-07-12T09:17:27.419+0000] {dag.py:3823} INFO - Setting next_dagrun for tutorial_objectstorage to None, run_after=None
[2026-07-12T09:17:27.435+0000] {processor.py:183} INFO - Processing /home/airflow/.local/lib/python3.8/site-packages/airflow/example_dags/tutorial_objectstorage.py took 0.055 seconds
[2026-07-12T09:17:57.617+0000] {processor.py:161} INFO - Started process (PID=1920) to work on /home/airflow/.local/lib/python3.8/site-packages/airflow/example_dags/tutorial_objectstorage.py
[2026-07-12T09:17:57.620+0000] {processor.py:830} INFO - Processing file /home/airflow/.local/lib/python3.8/site-packages/airflow/example_dags/tutorial_objectstorage.py for tasks to queue
[2026-07-12T09:17:57.622+0000] {logging_mixin.py:188} INFO - [2026-07-12T09:17:57.622+0000] {dagbag.py:538} INFO - Filling up the DagBag from /home/airflow/.local/lib/python3.8/site-packages/airflow/example_dags/tutorial_objectstorage.py
[2026-07-12T09:17:57.629+0000] {processor.py:840} INFO - DAG(s) 'tutorial_objectstorage' retrieved from /home/airflow/.local/lib/python3.8/site-packages/airflow/example_dags/tutorial_objectstorage.py
[2026-07-12T09:17:57.659+0000] {logging_mixin.py:188} INFO - [2026-07-12T09:17:57.658+0000] {dag.py:3036} INFO - Sync 1 DAGs
[2026-07-12T09:17:57.678+0000] {logging_mixin.py:188} INFO - [2026-07-12T09:17:57.678+0000] {dag.py:3823} INFO - Setting next_dagrun for tutorial_objectstorage to None, run_after=None
[2026-07-12T09:17:57.711+0000] {processor.py:183} INFO - Processing /home/airflow/.local/lib/python3.8/site-packages/airflow/example_dags/tutorial_objectstorage.py took 0.103 seconds
[2026-07-12T09:18:27.767+0000] {processor.py:161} INFO - Started process (PID=1975) to work on /home/airflow/.local/lib/python3.8/site-packages/airflow/example_dags/tutorial_objectstorage.py
[2026-07-12T09:18:27.768+0000] {processor.py:830} INFO - Processing file /home/airflow/.local/lib/python3.8/site-packages/airflow/example_dags/tutorial_objectstorage.py for tasks to queue
[2026-07-12T09:18:27.769+0000] {logging_mixin.py:188} INFO - [2026-07-12T09:18:27.769+0000] {dagbag.py:538} INFO - Filling up the DagBag from /home/airflow/.local/lib/python3.8/site-packages/airflow/example_dags/tutorial_objectstorage.py
[2026-07-12T09:18:27.775+0000] {processor.py:840} INFO - DAG(s) 'tutorial_objectstorage' retrieved from /home/airflow/.local/lib/python3.8/site-packages/airflow/example_dags/tutorial_objectstorage.py
[2026-07-12T09:18:27.792+0000] {logging_mixin.py:188} INFO - [2026-07-12T09:18:27.791+0000] {dag.py:3036} INFO - Sync 1 DAGs
[2026-07-12T09:18:27.800+0000] {logging_mixin.py:188} INFO - [2026-07-12T09:18:27.799+0000] {dag.py:3823} INFO - Setting next_dagrun for tutorial_objectstorage to None, run_after=None
[2026-07-12T09:18:27.814+0000] {processor.py:183} INFO - Processing /home/airflow/.local/lib/python3.8/site-packages/airflow/example_dags/tutorial_objectstorage.py took 0.050 seconds
[2026-07-12T09:18:58.107+0000] {processor.py:161} INFO - Started process (PID=2030) to work on /home/airflow/.local/lib/python3.8/site-packages/airflow/example_dags/tutorial_objectstorage.py
[2026-07-12T09:18:58.108+0000] {processor.py:830} INFO - Processing file /home/airflow/.local/lib/python3.8/site-packages/airflow/example_dags/tutorial_objectstorage.py for tasks to queue
[2026-07-12T09:18:58.110+0000] {logging_mixin.py:188} INFO - [2026-07-12T09:18:58.110+0000] {dagbag.py:538} INFO - Filling up the DagBag from /home/airflow/.local/lib/python3.8/site-packages/airflow/example_dags/tutorial_objectstorage.py
[2026-07-12T09:18:58.116+0000] {processor.py:840} INFO - DAG(s) 'tutorial_objectstorage' retrieved from /home/airflow/.local/lib/python3.8/site-packages/airflow/example_dags/tutorial_objectstorage.py
[2026-07-12T09:18:58.132+0000] {logging_mixin.py:188} INFO - [2026-07-12T09:18:58.131+0000] {dag.py:3036} INFO - Sync 1 DAGs
[2026-07-12T09:18:58.140+0000] {logging_mixin.py:188} INFO - [2026-07-12T09:18:58.140+0000] {dag.py:3823} INFO - Setting next_dagrun for tutorial_objectstorage to None, run_after=None
[2026-07-12T09:18:58.154+0000] {processor.py:183} INFO - Processing /home/airflow/.local/lib/python3.8/site-packages/airflow/example_dags/tutorial_objectstorage.py took 0.050 seconds
[2026-07-12T09:19:28.620+0000] {processor.py:161} INFO - Started process (PID=2085) to work on /home/airflow/.local/lib/python3.8/site-packages/airflow/example_dags/tutorial_objectstorage.py
[2026-07-12T09:19:28.623+0000] {processor.py:830} INFO - Processing file /home/airflow/.local/lib/python3.8/site-packages/airflow/example_dags/tutorial_objectstorage.py for tasks to queue
[2026-07-12T09:19:28.624+0000] {logging_mixin.py:188} INFO - [2026-07-12T09:19:28.624+0000] {dagbag.py:538} INFO - Filling up the DagBag from /home/airflow/.local/lib/python3.8/site-packages/airflow/example_dags/tutorial_objectstorage.py
[2026-07-12T09:19:28.630+0000] {processor.py:840} INFO - DAG(s) 'tutorial_objectstorage' retrieved from /home/airflow/.local/lib/python3.8/site-packages/airflow/example_dags/tutorial_objectstorage.py
[2026-07-12T09:19:28.645+0000] {logging_mixin.py:188} INFO - [2026-07-12T09:19:28.645+0000] {dag.py:3036} INFO - Sync 1 DAGs
[2026-07-12T09:19:28.654+0000] {logging_mixin.py:188} INFO - [2026-07-12T09:19:28.654+0000] {dag.py:3823} INFO - Setting next_dagrun for tutorial_objectstorage to None, run_after=None
[2026-07-12T09:19:28.668+0000] {processor.py:183} INFO - Processing /home/airflow/.local/lib/python3.8/site-packages/airflow/example_dags/tutorial_objectstorage.py took 0.051 seconds
[2026-07-12T09:19:58.854+0000] {processor.py:161} INFO - Started process (PID=2140) to work on /home/airflow/.local/lib/python3.8/site-packages/airflow/example_dags/tutorial_objectstorage.py
[2026-07-12T09:19:58.857+0000] {processor.py:830} INFO - Processing file /home/airflow/.local/lib/python3.8/site-packages/airflow/example_dags/tutorial_objectstorage.py for tasks to queue
[2026-07-12T09:19:58.858+0000] {logging_mixin.py:188} INFO - [2026-07-12T09:19:58.858+0000] {dagbag.py:538} INFO - Filling up the DagBag from /home/airflow/.local/lib/python3.8/site-packages/airflow/example_dags/tutorial_objectstorage.py
[2026-07-12T09:19:58.865+0000] {processor.py:840} INFO - DAG(s) 'tutorial_objectstorage' retrieved from /home/airflow/.local/lib/python3.8/site-packages/airflow/example_dags/tutorial_objectstorage.py
[2026-07-12T09:19:58.884+0000] {logging_mixin.py:188} INFO - [2026-07-12T09:19:58.884+0000] {dag.py:3036} INFO - Sync 1 DAGs
[2026-07-12T09:19:58.893+0000] {logging_mixin.py:188} INFO - [2026-07-12T09:19:58.893+0000] {dag.py:3823} INFO - Setting next_dagrun for tutorial_objectstorage to None, run_after=None
[2026-07-12T09:19:58.911+0000] {processor.py:183} INFO - Processing /home/airflow/.local/lib/python3.8/site-packages/airflow/example_dags/tutorial_objectstorage.py took 0.062 seconds
[2026-07-12T09:20:29.230+0000] {processor.py:161} INFO - Started process (PID=2195) to work on /home/airflow/.local/lib/python3.8/site-packages/airflow/example_dags/tutorial_objectstorage.py
[2026-07-12T09:20:29.231+0000] {processor.py:830} INFO - Processing file /home/airflow/.local/lib/python3.8/site-packages/airflow/example_dags/tutorial_objectstorage.py for tasks to queue
[2026-07-12T09:20:29.232+0000] {logging_mixin.py:188} INFO - [2026-07-12T09:20:29.232+0000] {dagbag.py:538} INFO - Filling up the DagBag from /home/airflow/.local/lib/python3.8/site-packages/airflow/example_dags/tutorial_objectstorage.py
[2026-07-12T09:20:29.238+0000] {processor.py:840} INFO - DAG(s) 'tutorial_objectstorage' retrieved from /home/airflow/.local/lib/python3.8/site-packages/airflow/example_dags/tutorial_objectstorage.py
[2026-07-12T09:20:29.255+0000] {logging_mixin.py:188} INFO - [2026-07-12T09:20:29.255+0000] {dag.py:3036} INFO - Sync 1 DAGs
[2026-07-12T09:20:29.266+0000] {logging_mixin.py:188} INFO - [2026-07-12T09:20:29.266+0000] {dag.py:3823} INFO - Setting next_dagrun for tutorial_objectstorage to None, run_after=None
[2026-07-12T09:20:29.279+0000] {processor.py:183} INFO - Processing /home/airflow/.local/lib/python3.8/site-packages/airflow/example_dags/tutorial_objectstorage.py took 0.053 seconds
[2026-07-12T09:20:59.428+0000] {processor.py:161} INFO - Started process (PID=2250) to work on /home/airflow/.local/lib/python3.8/site-packages/airflow/example_dags/tutorial_objectstorage.py
[2026-07-12T09:20:59.432+0000] {processor.py:830} INFO - Processing file /home/airflow/.local/lib/python3.8/site-packages/airflow/example_dags/tutorial_objectstorage.py for tasks to queue
[2026-07-12T09:20:59.434+0000] {logging_mixin.py:188} INFO - [2026-07-12T09:20:59.433+0000] {dagbag.py:538} INFO - Filling up the DagBag from /home/airflow/.local/lib/python3.8/site-packages/airflow/example_dags/tutorial_objectstorage.py
[2026-07-12T09:20:59.441+0000] {processor.py:840} INFO - DAG(s) 'tutorial_objectstorage' retrieved from /home/airflow/.local/lib/python3.8/site-packages/airflow/example_dags/tutorial_objectstorage.py
[2026-07-12T09:20:59.458+0000] {logging_mixin.py:188} INFO - [2026-07-12T09:20:59.457+0000] {dag.py:3036} INFO - Sync 1 DAGs
[2026-07-12T09:20:59.467+0000] {logging_mixin.py:188} INFO - [2026-07-12T09:20:59.466+0000] {dag.py:3823} INFO - Setting next_dagrun for tutorial_objectstorage to None, run_after=None
[2026-07-12T09:20:59.483+0000] {processor.py:183} INFO - Processing /home/airflow/.local/lib/python3.8/site-packages/airflow/example_dags/tutorial_objectstorage.py took 0.060 seconds
[2026-07-12T09:21:29.702+0000] {processor.py:161} INFO - Started process (PID=2305) to work on /home/airflow/.local/lib/python3.8/site-packages/airflow/example_dags/tutorial_objectstorage.py
[2026-07-12T09:21:29.705+0000] {processor.py:830} INFO - Processing file /home/airflow/.local/lib/python3.8/site-packages/airflow/example_dags/tutorial_objectstorage.py for tasks to queue
[2026-07-12T09:21:29.707+0000] {logging_mixin.py:188} INFO - [2026-07-12T09:21:29.707+0000] {dagbag.py:538} INFO - Filling up the DagBag from /home/airflow/.local/lib/python3.8/site-packages/airflow/example_dags/tutorial_objectstorage.py
[2026-07-12T09:21:29.713+0000] {processor.py:840} INFO - DAG(s) 'tutorial_objectstorage' retrieved from /home/airflow/.local/lib/python3.8/site-packages/airflow/example_dags/tutorial_objectstorage.py
[2026-07-12T09:21:29.731+0000] {logging_mixin.py:188} INFO - [2026-07-12T09:21:29.731+0000] {dag.py:3036} INFO - Sync 1 DAGs
[2026-07-12T09:21:29.740+0000] {logging_mixin.py:188} INFO - [2026-07-12T09:21:29.740+0000] {dag.py:3823} INFO - Setting next_dagrun for tutorial_objectstorage to None, run_after=None
[2026-07-12T09:21:29.753+0000] {processor.py:183} INFO - Processing /home/airflow/.local/lib/python3.8/site-packages/airflow/example_dags/tutorial_objectstorage.py took 0.057 seconds
[2026-07-12T09:21:59.937+0000] {processor.py:161} INFO - Started process (PID=2360) to work on /home/airflow/.local/lib/python3.8/site-packages/airflow/example_dags/tutorial_objectstorage.py
[2026-07-12T09:21:59.939+0000] {processor.py:830} INFO - Processing file /home/airflow/.local/lib/python3.8/site-packages/airflow/example_dags/tutorial_objectstorage.py for tasks to queue
[2026-07-12T09:21:59.941+0000] {logging_mixin.py:188} INFO - [2026-07-12T09:21:59.940+0000] {dagbag.py:538} INFO - Filling up the DagBag from /home/airflow/.local/lib/python3.8/site-packages/airflow/example_dags/tutorial_objectstorage.py
[2026-07-12T09:21:59.947+0000] {processor.py:840} INFO - DAG(s) 'tutorial_objectstorage' retrieved from /home/airflow/.local/lib/python3.8/site-packages/airflow/example_dags/tutorial_objectstorage.py
[2026-07-12T09:21:59.963+0000] {logging_mixin.py:188} INFO - [2026-07-12T09:21:59.963+0000] {dag.py:3036} INFO - Sync 1 DAGs
[2026-07-12T09:21:59.972+0000] {logging_mixin.py:188} INFO - [2026-07-12T09:21:59.972+0000] {dag.py:3823} INFO - Setting next_dagrun for tutorial_objectstorage to None, run_after=None
[2026-07-12T09:21:59.987+0000] {processor.py:183} INFO - Processing /home/airflow/.local/lib/python3.8/site-packages/airflow/example_dags/tutorial_objectstorage.py took 0.054 seconds
[2026-07-12T09:22:30.103+0000] {processor.py:161} INFO - Started process (PID=2415) to work on /home/airflow/.local/lib/python3.8/site-packages/airflow/example_dags/tutorial_objectstorage.py
[2026-07-12T09:22:30.106+0000] {processor.py:830} INFO - Processing file /home/airflow/.local/lib/python3.8/site-packages/airflow/example_dags/tutorial_objectstorage.py for tasks to queue
[2026-07-12T09:22:30.109+0000] {logging_mixin.py:188} INFO - [2026-07-12T09:22:30.108+0000] {dagbag.py:538} INFO - Filling up the DagBag from /home/airflow/.local/lib/python3.8/site-packages/airflow/example_dags/tutorial_objectstorage.py
[2026-07-12T09:22:30.120+0000] {processor.py:840} INFO - DAG(s) 'tutorial_objectstorage' retrieved from /home/airflow/.local/lib/python3.8/site-packages/airflow/example_dags/tutorial_objectstorage.py
[2026-07-12T09:22:30.136+0000] {logging_mixin.py:188} INFO - [2026-07-12T09:22:30.136+0000] {dag.py:3036} INFO - Sync 1 DAGs
[2026-07-12T09:22:30.144+0000] {logging_mixin.py:188} INFO - [2026-07-12T09:22:30.144+0000] {dag.py:3823} INFO - Setting next_dagrun for tutorial_objectstorage to None, run_after=None
[2026-07-12T09:22:30.159+0000] {processor.py:183} INFO - Processing /home/airflow/.local/lib/python3.8/site-packages/airflow/example_dags/tutorial_objectstorage.py took 0.060 seconds
[2026-07-12T09:23:00.295+0000] {processor.py:161} INFO - Started process (PID=2470) to work on /home/airflow/.local/lib/python3.8/site-packages/airflow/example_dags/tutorial_objectstorage.py
[2026-07-12T09:23:00.298+0000] {processor.py:830} INFO - Processing file /home/airflow/.local/lib/python3.8/site-packages/airflow/example_dags/tutorial_objectstorage.py for tasks to queue
[2026-07-12T09:23:00.304+0000] {logging_mixin.py:188} INFO - [2026-07-12T09:23:00.301+0000] {dagbag.py:538} INFO - Filling up the DagBag from /home/airflow/.local/lib/python3.8/site-packages/airflow/example_dags/tutorial_objectstorage.py
[2026-07-12T09:23:00.313+0000] {processor.py:840} INFO - DAG(s) 'tutorial_objectstorage' retrieved from /home/airflow/.local/lib/python3.8/site-packages/airflow/example_dags/tutorial_objectstorage.py
[2026-07-12T09:23:00.339+0000] {logging_mixin.py:188} INFO - [2026-07-12T09:23:00.338+0000] {dag.py:3036} INFO - Sync 1 DAGs
[2026-07-12T09:23:00.351+0000] {logging_mixin.py:188} INFO - [2026-07-12T09:23:00.351+0000] {dag.py:3823} INFO - Setting next_dagrun for tutorial_objectstorage to None, run_after=None
[2026-07-12T09:23:00.373+0000] {processor.py:183} INFO - Processing /home/airflow/.local/lib/python3.8/site-packages/airflow/example_dags/tutorial_objectstorage.py took 0.083 seconds
[2026-07-12T09:23:30.736+0000] {processor.py:161} INFO - Started process (PID=2525) to work on /home/airflow/.local/lib/python3.8/site-packages/airflow/example_dags/tutorial_objectstorage.py
[2026-07-12T09:23:30.737+0000] {processor.py:830} INFO - Processing file /home/airflow/.local/lib/python3.8/site-packages/airflow/example_dags/tutorial_objectstorage.py for tasks to queue
[2026-07-12T09:23:30.739+0000] {logging_mixin.py:188} INFO - [2026-07-12T09:23:30.739+0000] {dagbag.py:538} INFO - Filling up the DagBag from /home/airflow/.local/lib/python3.8/site-packages/airflow/example_dags/tutorial_objectstorage.py
[2026-07-12T09:23:30.745+0000] {processor.py:840} INFO - DAG(s) 'tutorial_objectstorage' retrieved from /home/airflow/.local/lib/python3.8/site-packages/airflow/example_dags/tutorial_objectstorage.py
[2026-07-12T09:23:30.761+0000] {logging_mixin.py:188} INFO - [2026-07-12T09:23:30.761+0000] {dag.py:3036} INFO - Sync 1 DAGs
[2026-07-12T09:23:30.770+0000] {logging_mixin.py:188} INFO - [2026-07-12T09:23:30.770+0000] {dag.py:3823} INFO - Setting next_dagrun for tutorial_objectstorage to None, run_after=None
[2026-07-12T09:23:30.787+0000] {processor.py:183} INFO - Processing /home/airflow/.local/lib/python3.8/site-packages/airflow/example_dags/tutorial_objectstorage.py took 0.053 seconds
[2026-07-12T09:24:01.143+0000] {processor.py:161} INFO - Started process (PID=2580) to work on /home/airflow/.local/lib/python3.8/site-packages/airflow/example_dags/tutorial_objectstorage.py
[2026-07-12T09:24:01.144+0000] {processor.py:830} INFO - Processing file /home/airflow/.local/lib/python3.8/site-packages/airflow/example_dags/tutorial_objectstorage.py for tasks to queue
[2026-07-12T09:24:01.146+0000] {logging_mixin.py:188} INFO - [2026-07-12T09:24:01.146+0000] {dagbag.py:538} INFO - Filling up the DagBag from /home/airflow/.local/lib/python3.8/site-packages/airflow/example_dags/tutorial_objectstorage.py
[2026-07-12T09:24:01.153+0000] {processor.py:840} INFO - DAG(s) 'tutorial_objectstorage' retrieved from /home/airflow/.local/lib/python3.8/site-packages/airflow/example_dags/tutorial_objectstorage.py
[2026-07-12T09:24:01.179+0000] {logging_mixin.py:188} INFO - [2026-07-12T09:24:01.179+0000] {dag.py:3036} INFO - Sync 1 DAGs
[2026-07-12T09:24:01.191+0000] {logging_mixin.py:188} INFO - [2026-07-12T09:24:01.191+0000] {dag.py:3823} INFO - Setting next_dagrun for tutorial_objectstorage to None, run_after=None
[2026-07-12T09:24:01.215+0000] {processor.py:183} INFO - Processing /home/airflow/.local/lib/python3.8/site-packages/airflow/example_dags/tutorial_objectstorage.py took 0.077 seconds
[2026-07-12T09:24:46.514+0000] {processor.py:161} INFO - Started process (PID=2635) to work on /home/airflow/.local/lib/python3.8/site-packages/airflow/example_dags/tutorial_objectstorage.py
[2026-07-12T09:24:46.547+0000] {processor.py:830} INFO - Processing file /home/airflow/.local/lib/python3.8/site-packages/airflow/example_dags/tutorial_objectstorage.py for tasks to queue
[2026-07-12T09:24:46.550+0000] {logging_mixin.py:188} INFO - [2026-07-12T09:24:46.550+0000] {dagbag.py:538} INFO - Filling up the DagBag from /home/airflow/.local/lib/python3.8/site-packages/airflow/example_dags/tutorial_objectstorage.py
[2026-07-12T09:24:46.568+0000] {processor.py:840} INFO - DAG(s) 'tutorial_objectstorage' retrieved from /home/airflow/.local/lib/python3.8/site-packages/airflow/example_dags/tutorial_objectstorage.py
[2026-07-12T09:24:46.815+0000] {logging_mixin.py:188} INFO - [2026-07-12T09:24:46.808+0000] {dag.py:3036} INFO - Sync 1 DAGs
[2026-07-12T09:24:46.826+0000] {logging_mixin.py:188} INFO - [2026-07-12T09:24:46.826+0000] {dag.py:3823} INFO - Setting next_dagrun for tutorial_objectstorage to None, run_after=None
[2026-07-12T09:24:46.873+0000] {processor.py:183} INFO - Processing /home/airflow/.local/lib/python3.8/site-packages/airflow/example_dags/tutorial_objectstorage.py took 0.362 seconds
[2026-07-12T09:27:20.195+0000] {processor.py:161} INFO - Started process (PID=2689) to work on /home/airflow/.local/lib/python3.8/site-packages/airflow/example_dags/tutorial_objectstorage.py
[2026-07-12T09:27:20.200+0000] {processor.py:830} INFO - Processing file /home/airflow/.local/lib/python3.8/site-packages/airflow/example_dags/tutorial_objectstorage.py for tasks to queue
[2026-07-12T09:27:20.201+0000] {logging_mixin.py:188} INFO - [2026-07-12T09:27:20.200+0000] {dagbag.py:538} INFO - Filling up the DagBag from /home/airflow/.local/lib/python3.8/site-packages/airflow/example_dags/tutorial_objectstorage.py
[2026-07-12T09:27:20.212+0000] {processor.py:840} INFO - DAG(s) 'tutorial_objectstorage' retrieved from /home/airflow/.local/lib/python3.8/site-packages/airflow/example_dags/tutorial_objectstorage.py
[2026-07-12T09:27:20.234+0000] {logging_mixin.py:188} INFO - [2026-07-12T09:27:20.234+0000] {dag.py:3036} INFO - Sync 1 DAGs
[2026-07-12T09:27:20.248+0000] {logging_mixin.py:188} INFO - [2026-07-12T09:27:20.247+0000] {dag.py:3823} INFO - Setting next_dagrun for tutorial_objectstorage to None, run_after=None
[2026-07-12T09:27:20.274+0000] {processor.py:183} INFO - Processing /home/airflow/.local/lib/python3.8/site-packages/airflow/example_dags/tutorial_objectstorage.py took 0.083 seconds
[2026-07-12T09:29:12.444+0000] {processor.py:161} INFO - Started process (PID=60) to work on /home/airflow/.local/lib/python3.8/site-packages/airflow/example_dags/tutorial_objectstorage.py
[2026-07-12T09:29:12.445+0000] {processor.py:830} INFO - Processing file /home/airflow/.local/lib/python3.8/site-packages/airflow/example_dags/tutorial_objectstorage.py for tasks to queue
[2026-07-12T09:29:12.449+0000] {logging_mixin.py:188} INFO - [2026-07-12T09:29:12.448+0000] {dagbag.py:538} INFO - Filling up the DagBag from /home/airflow/.local/lib/python3.8/site-packages/airflow/example_dags/tutorial_objectstorage.py
[2026-07-12T09:29:12.461+0000] {processor.py:840} INFO - DAG(s) 'tutorial_objectstorage' retrieved from /home/airflow/.local/lib/python3.8/site-packages/airflow/example_dags/tutorial_objectstorage.py
[2026-07-12T09:29:12.510+0000] {logging_mixin.py:188} INFO - [2026-07-12T09:29:12.510+0000] {dag.py:3036} INFO - Sync 1 DAGs
[2026-07-12T09:29:12.530+0000] {logging_mixin.py:188} INFO - [2026-07-12T09:29:12.529+0000] {dag.py:3823} INFO - Setting next_dagrun for tutorial_objectstorage to None, run_after=None
[2026-07-12T09:29:12.561+0000] {processor.py:183} INFO - Processing /home/airflow/.local/lib/python3.8/site-packages/airflow/example_dags/tutorial_objectstorage.py took 0.122 seconds
[2026-07-12T10:00:13.152+0000] {processor.py:161} INFO - Started process (PID=55) to work on /home/airflow/.local/lib/python3.8/site-packages/airflow/example_dags/tutorial_objectstorage.py
[2026-07-12T10:00:13.153+0000] {processor.py:830} INFO - Processing file /home/airflow/.local/lib/python3.8/site-packages/airflow/example_dags/tutorial_objectstorage.py for tasks to queue
[2026-07-12T10:00:13.155+0000] {logging_mixin.py:188} INFO - [2026-07-12T10:00:13.155+0000] {dagbag.py:538} INFO - Filling up the DagBag from /home/airflow/.local/lib/python3.8/site-packages/airflow/example_dags/tutorial_objectstorage.py
[2026-07-12T10:00:13.163+0000] {processor.py:840} INFO - DAG(s) 'tutorial_objectstorage' retrieved from /home/airflow/.local/lib/python3.8/site-packages/airflow/example_dags/tutorial_objectstorage.py
[2026-07-12T10:00:13.175+0000] {logging_mixin.py:188} INFO - [2026-07-12T10:00:13.174+0000] {dag.py:3036} INFO - Sync 1 DAGs
[2026-07-12T10:00:13.185+0000] {logging_mixin.py:188} INFO - [2026-07-12T10:00:13.185+0000] {dag.py:3823} INFO - Setting next_dagrun for tutorial_objectstorage to None, run_after=None
[2026-07-12T10:00:13.202+0000] {processor.py:183} INFO - Processing /home/airflow/.local/lib/python3.8/site-packages/airflow/example_dags/tutorial_objectstorage.py took 0.053 seconds
[2026-07-12T10:00:43.708+0000] {processor.py:161} INFO - Started process (PID=105) to work on /home/airflow/.local/lib/python3.8/site-packages/airflow/example_dags/tutorial_objectstorage.py
[2026-07-12T10:00:43.709+0000] {processor.py:830} INFO - Processing file /home/airflow/.local/lib/python3.8/site-packages/airflow/example_dags/tutorial_objectstorage.py for tasks to queue
[2026-07-12T10:00:43.711+0000] {logging_mixin.py:188} INFO - [2026-07-12T10:00:43.711+0000] {dagbag.py:538} INFO - Filling up the DagBag from /home/airflow/.local/lib/python3.8/site-packages/airflow/example_dags/tutorial_objectstorage.py
[2026-07-12T10:00:43.717+0000] {processor.py:840} INFO - DAG(s) 'tutorial_objectstorage' retrieved from /home/airflow/.local/lib/python3.8/site-packages/airflow/example_dags/tutorial_objectstorage.py
[2026-07-12T10:00:43.786+0000] {logging_mixin.py:188} INFO - [2026-07-12T10:00:43.786+0000] {dag.py:3036} INFO - Sync 1 DAGs
[2026-07-12T10:00:43.793+0000] {logging_mixin.py:188} INFO - [2026-07-12T10:00:43.793+0000] {dag.py:3823} INFO - Setting next_dagrun for tutorial_objectstorage to None, run_after=None
[2026-07-12T10:00:43.807+0000] {processor.py:183} INFO - Processing /home/airflow/.local/lib/python3.8/site-packages/airflow/example_dags/tutorial_objectstorage.py took 0.104 seconds
[2026-07-12T10:01:13.933+0000] {processor.py:161} INFO - Started process (PID=162) to work on /home/airflow/.local/lib/python3.8/site-packages/airflow/example_dags/tutorial_objectstorage.py
[2026-07-12T10:01:13.935+0000] {processor.py:830} INFO - Processing file /home/airflow/.local/lib/python3.8/site-packages/airflow/example_dags/tutorial_objectstorage.py for tasks to queue
[2026-07-12T10:01:13.938+0000] {logging_mixin.py:188} INFO - [2026-07-12T10:01:13.937+0000] {dagbag.py:538} INFO - Filling up the DagBag from /home/airflow/.local/lib/python3.8/site-packages/airflow/example_dags/tutorial_objectstorage.py
[2026-07-12T10:01:13.945+0000] {processor.py:840} INFO - DAG(s) 'tutorial_objectstorage' retrieved from /home/airflow/.local/lib/python3.8/site-packages/airflow/example_dags/tutorial_objectstorage.py
[2026-07-12T10:01:13.963+0000] {logging_mixin.py:188} INFO - [2026-07-12T10:01:13.963+0000] {dag.py:3036} INFO - Sync 1 DAGs
[2026-07-12T10:01:13.973+0000] {logging_mixin.py:188} INFO - [2026-07-12T10:01:13.973+0000] {dag.py:3823} INFO - Setting next_dagrun for tutorial_objectstorage to None, run_after=None
[2026-07-12T10:01:13.992+0000] {processor.py:183} INFO - Processing /home/airflow/.local/lib/python3.8/site-packages/airflow/example_dags/tutorial_objectstorage.py took 0.061 seconds
[2026-07-12T10:01:44.399+0000] {processor.py:161} INFO - Started process (PID=218) to work on /home/airflow/.local/lib/python3.8/site-packages/airflow/example_dags/tutorial_objectstorage.py
[2026-07-12T10:01:44.400+0000] {processor.py:830} INFO - Processing file /home/airflow/.local/lib/python3.8/site-packages/airflow/example_dags/tutorial_objectstorage.py for tasks to queue
[2026-07-12T10:01:44.401+0000] {logging_mixin.py:188} INFO - [2026-07-12T10:01:44.401+0000] {dagbag.py:538} INFO - Filling up the DagBag from /home/airflow/.local/lib/python3.8/site-packages/airflow/example_dags/tutorial_objectstorage.py
[2026-07-12T10:01:44.406+0000] {processor.py:840} INFO - DAG(s) 'tutorial_objectstorage' retrieved from /home/airflow/.local/lib/python3.8/site-packages/airflow/example_dags/tutorial_objectstorage.py
[2026-07-12T10:01:44.421+0000] {logging_mixin.py:188} INFO - [2026-07-12T10:01:44.420+0000] {dag.py:3036} INFO - Sync 1 DAGs
[2026-07-12T10:01:44.430+0000] {logging_mixin.py:188} INFO - [2026-07-12T10:01:44.430+0000] {dag.py:3823} INFO - Setting next_dagrun for tutorial_objectstorage to None, run_after=None
[2026-07-12T10:01:44.446+0000] {processor.py:183} INFO - Processing /home/airflow/.local/lib/python3.8/site-packages/airflow/example_dags/tutorial_objectstorage.py took 0.049 seconds
[2026-07-12T10:02:14.692+0000] {processor.py:161} INFO - Started process (PID=274) to work on /home/airflow/.local/lib/python3.8/site-packages/airflow/example_dags/tutorial_objectstorage.py
[2026-07-12T10:02:14.694+0000] {processor.py:830} INFO - Processing file /home/airflow/.local/lib/python3.8/site-packages/airflow/example_dags/tutorial_objectstorage.py for tasks to queue
[2026-07-12T10:02:14.696+0000] {logging_mixin.py:188} INFO - [2026-07-12T10:02:14.695+0000] {dagbag.py:538} INFO - Filling up the DagBag from /home/airflow/.local/lib/python3.8/site-packages/airflow/example_dags/tutorial_objectstorage.py
[2026-07-12T10:02:14.702+0000] {processor.py:840} INFO - DAG(s) 'tutorial_objectstorage' retrieved from /home/airflow/.local/lib/python3.8/site-packages/airflow/example_dags/tutorial_objectstorage.py
[2026-07-12T10:02:14.716+0000] {logging_mixin.py:188} INFO - [2026-07-12T10:02:14.716+0000] {dag.py:3036} INFO - Sync 1 DAGs
[2026-07-12T10:02:14.725+0000] {logging_mixin.py:188} INFO - [2026-07-12T10:02:14.725+0000] {dag.py:3823} INFO - Setting next_dagrun for tutorial_objectstorage to None, run_after=None
[2026-07-12T10:02:14.738+0000] {processor.py:183} INFO - Processing /home/airflow/.local/lib/python3.8/site-packages/airflow/example_dags/tutorial_objectstorage.py took 0.048 seconds
[2026-07-12T10:02:44.888+0000] {processor.py:161} INFO - Started process (PID=330) to work on /home/airflow/.local/lib/python3.8/site-packages/airflow/example_dags/tutorial_objectstorage.py
[2026-07-12T10:02:44.889+0000] {processor.py:830} INFO - Processing file /home/airflow/.local/lib/python3.8/site-packages/airflow/example_dags/tutorial_objectstorage.py for tasks to queue
[2026-07-12T10:02:44.890+0000] {logging_mixin.py:188} INFO - [2026-07-12T10:02:44.890+0000] {dagbag.py:538} INFO - Filling up the DagBag from /home/airflow/.local/lib/python3.8/site-packages/airflow/example_dags/tutorial_objectstorage.py
[2026-07-12T10:02:44.895+0000] {processor.py:840} INFO - DAG(s) 'tutorial_objectstorage' retrieved from /home/airflow/.local/lib/python3.8/site-packages/airflow/example_dags/tutorial_objectstorage.py
[2026-07-12T10:02:44.911+0000] {logging_mixin.py:188} INFO - [2026-07-12T10:02:44.911+0000] {dag.py:3036} INFO - Sync 1 DAGs
[2026-07-12T10:02:44.920+0000] {logging_mixin.py:188} INFO - [2026-07-12T10:02:44.920+0000] {dag.py:3823} INFO - Setting next_dagrun for tutorial_objectstorage to None, run_after=None
[2026-07-12T10:02:44.936+0000] {processor.py:183} INFO - Processing /home/airflow/.local/lib/python3.8/site-packages/airflow/example_dags/tutorial_objectstorage.py took 0.051 seconds
[2026-07-12T10:03:15.079+0000] {processor.py:161} INFO - Started process (PID=386) to work on /home/airflow/.local/lib/python3.8/site-packages/airflow/example_dags/tutorial_objectstorage.py
[2026-07-12T10:03:15.081+0000] {processor.py:830} INFO - Processing file /home/airflow/.local/lib/python3.8/site-packages/airflow/example_dags/tutorial_objectstorage.py for tasks to queue
[2026-07-12T10:03:15.082+0000] {logging_mixin.py:188} INFO - [2026-07-12T10:03:15.082+0000] {dagbag.py:538} INFO - Filling up the DagBag from /home/airflow/.local/lib/python3.8/site-packages/airflow/example_dags/tutorial_objectstorage.py
[2026-07-12T10:03:15.088+0000] {processor.py:840} INFO - DAG(s) 'tutorial_objectstorage' retrieved from /home/airflow/.local/lib/python3.8/site-packages/airflow/example_dags/tutorial_objectstorage.py
[2026-07-12T10:03:15.104+0000] {logging_mixin.py:188} INFO - [2026-07-12T10:03:15.104+0000] {dag.py:3036} INFO - Sync 1 DAGs
[2026-07-12T10:03:15.115+0000] {logging_mixin.py:188} INFO - [2026-07-12T10:03:15.115+0000] {dag.py:3823} INFO - Setting next_dagrun for tutorial_objectstorage to None, run_after=None
[2026-07-12T10:03:15.133+0000] {processor.py:183} INFO - Processing /home/airflow/.local/lib/python3.8/site-packages/airflow/example_dags/tutorial_objectstorage.py took 0.056 seconds
[2026-07-12T10:03:45.212+0000] {processor.py:161} INFO - Started process (PID=442) to work on /home/airflow/.local/lib/python3.8/site-packages/airflow/example_dags/tutorial_objectstorage.py
[2026-07-12T10:03:45.213+0000] {processor.py:830} INFO - Processing file /home/airflow/.local/lib/python3.8/site-packages/airflow/example_dags/tutorial_objectstorage.py for tasks to queue
[2026-07-12T10:03:45.215+0000] {logging_mixin.py:188} INFO - [2026-07-12T10:03:45.214+0000] {dagbag.py:538} INFO - Filling up the DagBag from /home/airflow/.local/lib/python3.8/site-packages/airflow/example_dags/tutorial_objectstorage.py
[2026-07-12T10:03:45.220+0000] {processor.py:840} INFO - DAG(s) 'tutorial_objectstorage' retrieved from /home/airflow/.local/lib/python3.8/site-packages/airflow/example_dags/tutorial_objectstorage.py
[2026-07-12T10:03:45.237+0000] {logging_mixin.py:188} INFO - [2026-07-12T10:03:45.237+0000] {dag.py:3036} INFO - Sync 1 DAGs
[2026-07-12T10:03:45.248+0000] {logging_mixin.py:188} INFO - [2026-07-12T10:03:45.248+0000] {dag.py:3823} INFO - Setting next_dagrun for tutorial_objectstorage to None, run_after=None
[2026-07-12T10:03:45.266+0000] {processor.py:183} INFO - Processing /home/airflow/.local/lib/python3.8/site-packages/airflow/example_dags/tutorial_objectstorage.py took 0.057 seconds
[2026-07-12T10:04:15.787+0000] {processor.py:161} INFO - Started process (PID=498) to work on /home/airflow/.local/lib/python3.8/site-packages/airflow/example_dags/tutorial_objectstorage.py
[2026-07-12T10:04:15.788+0000] {processor.py:830} INFO - Processing file /home/airflow/.local/lib/python3.8/site-packages/airflow/example_dags/tutorial_objectstorage.py for tasks to queue
[2026-07-12T10:04:15.790+0000] {logging_mixin.py:188} INFO - [2026-07-12T10:04:15.789+0000] {dagbag.py:538} INFO - Filling up the DagBag from /home/airflow/.local/lib/python3.8/site-packages/airflow/example_dags/tutorial_objectstorage.py
[2026-07-12T10:04:15.795+0000] {processor.py:840} INFO - DAG(s) 'tutorial_objectstorage' retrieved from /home/airflow/.local/lib/python3.8/site-packages/airflow/example_dags/tutorial_objectstorage.py
[2026-07-12T10:04:15.809+0000] {logging_mixin.py:188} INFO - [2026-07-12T10:04:15.809+0000] {dag.py:3036} INFO - Sync 1 DAGs
[2026-07-12T10:04:15.817+0000] {logging_mixin.py:188} INFO - [2026-07-12T10:04:15.817+0000] {dag.py:3823} INFO - Setting next_dagrun for tutorial_objectstorage to None, run_after=None
[2026-07-12T10:04:15.831+0000] {processor.py:183} INFO - Processing /home/airflow/.local/lib/python3.8/site-packages/airflow/example_dags/tutorial_objectstorage.py took 0.046 seconds
[2026-07-12T10:04:46.061+0000] {processor.py:161} INFO - Started process (PID=555) to work on /home/airflow/.local/lib/python3.8/site-packages/airflow/example_dags/tutorial_objectstorage.py
[2026-07-12T10:04:46.063+0000] {processor.py:830} INFO - Processing file /home/airflow/.local/lib/python3.8/site-packages/airflow/example_dags/tutorial_objectstorage.py for tasks to queue
[2026-07-12T10:04:46.064+0000] {logging_mixin.py:188} INFO - [2026-07-12T10:04:46.064+0000] {dagbag.py:538} INFO - Filling up the DagBag from /home/airflow/.local/lib/python3.8/site-packages/airflow/example_dags/tutorial_objectstorage.py
[2026-07-12T10:04:46.070+0000] {processor.py:840} INFO - DAG(s) 'tutorial_objectstorage' retrieved from /home/airflow/.local/lib/python3.8/site-packages/airflow/example_dags/tutorial_objectstorage.py
[2026-07-12T10:04:46.085+0000] {logging_mixin.py:188} INFO - [2026-07-12T10:04:46.085+0000] {dag.py:3036} INFO - Sync 1 DAGs
[2026-07-12T10:04:46.095+0000] {logging_mixin.py:188} INFO - [2026-07-12T10:04:46.095+0000] {dag.py:3823} INFO - Setting next_dagrun for tutorial_objectstorage to None, run_after=None
[2026-07-12T10:04:46.111+0000] {processor.py:183} INFO - Processing /home/airflow/.local/lib/python3.8/site-packages/airflow/example_dags/tutorial_objectstorage.py took 0.052 seconds
[2026-07-12T10:05:16.339+0000] {processor.py:161} INFO - Started process (PID=611) to work on /home/airflow/.local/lib/python3.8/site-packages/airflow/example_dags/tutorial_objectstorage.py
[2026-07-12T10:05:16.340+0000] {processor.py:830} INFO - Processing file /home/airflow/.local/lib/python3.8/site-packages/airflow/example_dags/tutorial_objectstorage.py for tasks to queue
[2026-07-12T10:05:16.342+0000] {logging_mixin.py:188} INFO - [2026-07-12T10:05:16.342+0000] {dagbag.py:538} INFO - Filling up the DagBag from /home/airflow/.local/lib/python3.8/site-packages/airflow/example_dags/tutorial_objectstorage.py
[2026-07-12T10:05:16.347+0000] {processor.py:840} INFO - DAG(s) 'tutorial_objectstorage' retrieved from /home/airflow/.local/lib/python3.8/site-packages/airflow/example_dags/tutorial_objectstorage.py
[2026-07-12T10:05:16.364+0000] {logging_mixin.py:188} INFO - [2026-07-12T10:05:16.364+0000] {dag.py:3036} INFO - Sync 1 DAGs
[2026-07-12T10:05:16.372+0000] {logging_mixin.py:188} INFO - [2026-07-12T10:05:16.372+0000] {dag.py:3823} INFO - Setting next_dagrun for tutorial_objectstorage to None, run_after=None
[2026-07-12T10:05:16.386+0000] {processor.py:183} INFO - Processing /home/airflow/.local/lib/python3.8/site-packages/airflow/example_dags/tutorial_objectstorage.py took 0.050 seconds
[2026-07-12T10:05:46.663+0000] {processor.py:161} INFO - Started process (PID=667) to work on /home/airflow/.local/lib/python3.8/site-packages/airflow/example_dags/tutorial_objectstorage.py
[2026-07-12T10:05:46.664+0000] {processor.py:830} INFO - Processing file /home/airflow/.local/lib/python3.8/site-packages/airflow/example_dags/tutorial_objectstorage.py for tasks to queue
[2026-07-12T10:05:46.666+0000] {logging_mixin.py:188} INFO - [2026-07-12T10:05:46.666+0000] {dagbag.py:538} INFO - Filling up the DagBag from /home/airflow/.local/lib/python3.8/site-packages/airflow/example_dags/tutorial_objectstorage.py
[2026-07-12T10:05:46.673+0000] {processor.py:840} INFO - DAG(s) 'tutorial_objectstorage' retrieved from /home/airflow/.local/lib/python3.8/site-packages/airflow/example_dags/tutorial_objectstorage.py
[2026-07-12T10:05:46.693+0000] {logging_mixin.py:188} INFO - [2026-07-12T10:05:46.693+0000] {dag.py:3036} INFO - Sync 1 DAGs
[2026-07-12T10:05:46.703+0000] {logging_mixin.py:188} INFO - [2026-07-12T10:05:46.703+0000] {dag.py:3823} INFO - Setting next_dagrun for tutorial_objectstorage to None, run_after=None
[2026-07-12T10:05:46.718+0000] {processor.py:183} INFO - Processing /home/airflow/.local/lib/python3.8/site-packages/airflow/example_dags/tutorial_objectstorage.py took 0.059 seconds
[2026-07-12T10:06:16.758+0000] {processor.py:161} INFO - Started process (PID=723) to work on /home/airflow/.local/lib/python3.8/site-packages/airflow/example_dags/tutorial_objectstorage.py
[2026-07-12T10:06:16.759+0000] {processor.py:830} INFO - Processing file /home/airflow/.local/lib/python3.8/site-packages/airflow/example_dags/tutorial_objectstorage.py for tasks to queue
[2026-07-12T10:06:16.760+0000] {logging_mixin.py:188} INFO - [2026-07-12T10:06:16.760+0000] {dagbag.py:538} INFO - Filling up the DagBag from /home/airflow/.local/lib/python3.8/site-packages/airflow/example_dags/tutorial_objectstorage.py
[2026-07-12T10:06:16.766+0000] {processor.py:840} INFO - DAG(s) 'tutorial_objectstorage' retrieved from /home/airflow/.local/lib/python3.8/site-packages/airflow/example_dags/tutorial_objectstorage.py
[2026-07-12T10:06:16.782+0000] {logging_mixin.py:188} INFO - [2026-07-12T10:06:16.781+0000] {dag.py:3036} INFO - Sync 1 DAGs
[2026-07-12T10:06:16.790+0000] {logging_mixin.py:188} INFO - [2026-07-12T10:06:16.790+0000] {dag.py:3823} INFO - Setting next_dagrun for tutorial_objectstorage to None, run_after=None
[2026-07-12T10:06:16.807+0000] {processor.py:183} INFO - Processing /home/airflow/.local/lib/python3.8/site-packages/airflow/example_dags/tutorial_objectstorage.py took 0.051 seconds
[2026-07-12T10:06:46.944+0000] {processor.py:161} INFO - Started process (PID=779) to work on /home/airflow/.local/lib/python3.8/site-packages/airflow/example_dags/tutorial_objectstorage.py
[2026-07-12T10:06:46.945+0000] {processor.py:830} INFO - Processing file /home/airflow/.local/lib/python3.8/site-packages/airflow/example_dags/tutorial_objectstorage.py for tasks to queue
[2026-07-12T10:06:46.947+0000] {logging_mixin.py:188} INFO - [2026-07-12T10:06:46.947+0000] {dagbag.py:538} INFO - Filling up the DagBag from /home/airflow/.local/lib/python3.8/site-packages/airflow/example_dags/tutorial_objectstorage.py
[2026-07-12T10:06:46.952+0000] {processor.py:840} INFO - DAG(s) 'tutorial_objectstorage' retrieved from /home/airflow/.local/lib/python3.8/site-packages/airflow/example_dags/tutorial_objectstorage.py
[2026-07-12T10:06:46.967+0000] {logging_mixin.py:188} INFO - [2026-07-12T10:06:46.967+0000] {dag.py:3036} INFO - Sync 1 DAGs
[2026-07-12T10:06:46.975+0000] {logging_mixin.py:188} INFO - [2026-07-12T10:06:46.975+0000] {dag.py:3823} INFO - Setting next_dagrun for tutorial_objectstorage to None, run_after=None
[2026-07-12T10:06:46.990+0000] {processor.py:183} INFO - Processing /home/airflow/.local/lib/python3.8/site-packages/airflow/example_dags/tutorial_objectstorage.py took 0.049 seconds
[2026-07-12T10:07:17.429+0000] {processor.py:161} INFO - Started process (PID=837) to work on /home/airflow/.local/lib/python3.8/site-packages/airflow/example_dags/tutorial_objectstorage.py
[2026-07-12T10:07:17.430+0000] {processor.py:830} INFO - Processing file /home/airflow/.local/lib/python3.8/site-packages/airflow/example_dags/tutorial_objectstorage.py for tasks to queue
[2026-07-12T10:07:17.431+0000] {logging_mixin.py:188} INFO - [2026-07-12T10:07:17.431+0000] {dagbag.py:538} INFO - Filling up the DagBag from /home/airflow/.local/lib/python3.8/site-packages/airflow/example_dags/tutorial_objectstorage.py
[2026-07-12T10:07:17.437+0000] {processor.py:840} INFO - DAG(s) 'tutorial_objectstorage' retrieved from /home/airflow/.local/lib/python3.8/site-packages/airflow/example_dags/tutorial_objectstorage.py
[2026-07-12T10:07:17.453+0000] {logging_mixin.py:188} INFO - [2026-07-12T10:07:17.453+0000] {dag.py:3036} INFO - Sync 1 DAGs
[2026-07-12T10:07:17.462+0000] {logging_mixin.py:188} INFO - [2026-07-12T10:07:17.462+0000] {dag.py:3823} INFO - Setting next_dagrun for tutorial_objectstorage to None, run_after=None
[2026-07-12T10:07:17.481+0000] {processor.py:183} INFO - Processing /home/airflow/.local/lib/python3.8/site-packages/airflow/example_dags/tutorial_objectstorage.py took 0.056 seconds
[2026-07-12T10:07:48.498+0000] {processor.py:161} INFO - Started process (PID=893) to work on /home/airflow/.local/lib/python3.8/site-packages/airflow/example_dags/tutorial_objectstorage.py
[2026-07-12T10:07:48.499+0000] {processor.py:830} INFO - Processing file /home/airflow/.local/lib/python3.8/site-packages/airflow/example_dags/tutorial_objectstorage.py for tasks to queue
[2026-07-12T10:07:48.500+0000] {logging_mixin.py:188} INFO - [2026-07-12T10:07:48.500+0000] {dagbag.py:538} INFO - Filling up the DagBag from /home/airflow/.local/lib/python3.8/site-packages/airflow/example_dags/tutorial_objectstorage.py
[2026-07-12T10:07:48.506+0000] {processor.py:840} INFO - DAG(s) 'tutorial_objectstorage' retrieved from /home/airflow/.local/lib/python3.8/site-packages/airflow/example_dags/tutorial_objectstorage.py
[2026-07-12T10:07:48.522+0000] {logging_mixin.py:188} INFO - [2026-07-12T10:07:48.521+0000] {dag.py:3036} INFO - Sync 1 DAGs
[2026-07-12T10:07:48.530+0000] {logging_mixin.py:188} INFO - [2026-07-12T10:07:48.530+0000] {dag.py:3823} INFO - Setting next_dagrun for tutorial_objectstorage to None, run_after=None
[2026-07-12T10:07:48.548+0000] {processor.py:183} INFO - Processing /home/airflow/.local/lib/python3.8/site-packages/airflow/example_dags/tutorial_objectstorage.py took 0.053 seconds
[2026-07-12T10:08:48.225+0000] {processor.py:161} INFO - Started process (PID=55) to work on /home/airflow/.local/lib/python3.8/site-packages/airflow/example_dags/tutorial_objectstorage.py
[2026-07-12T10:08:48.227+0000] {processor.py:830} INFO - Processing file /home/airflow/.local/lib/python3.8/site-packages/airflow/example_dags/tutorial_objectstorage.py for tasks to queue
[2026-07-12T10:08:48.230+0000] {logging_mixin.py:188} INFO - [2026-07-12T10:08:48.230+0000] {dagbag.py:538} INFO - Filling up the DagBag from /home/airflow/.local/lib/python3.8/site-packages/airflow/example_dags/tutorial_objectstorage.py
[2026-07-12T10:08:48.249+0000] {processor.py:840} INFO - DAG(s) 'tutorial_objectstorage' retrieved from /home/airflow/.local/lib/python3.8/site-packages/airflow/example_dags/tutorial_objectstorage.py
[2026-07-12T10:08:48.267+0000] {logging_mixin.py:188} INFO - [2026-07-12T10:08:48.267+0000] {dag.py:3036} INFO - Sync 1 DAGs
[2026-07-12T10:08:48.287+0000] {logging_mixin.py:188} INFO - [2026-07-12T10:08:48.287+0000] {dag.py:3823} INFO - Setting next_dagrun for tutorial_objectstorage to None, run_after=None
[2026-07-12T10:08:48.322+0000] {processor.py:183} INFO - Processing /home/airflow/.local/lib/python3.8/site-packages/airflow/example_dags/tutorial_objectstorage.py took 0.101 seconds
[2026-07-12T10:09:19.063+0000] {processor.py:161} INFO - Started process (PID=111) to work on /home/airflow/.local/lib/python3.8/site-packages/airflow/example_dags/tutorial_objectstorage.py
[2026-07-12T10:09:19.065+0000] {processor.py:830} INFO - Processing file /home/airflow/.local/lib/python3.8/site-packages/airflow/example_dags/tutorial_objectstorage.py for tasks to queue
[2026-07-12T10:09:19.066+0000] {logging_mixin.py:188} INFO - [2026-07-12T10:09:19.066+0000] {dagbag.py:538} INFO - Filling up the DagBag from /home/airflow/.local/lib/python3.8/site-packages/airflow/example_dags/tutorial_objectstorage.py
[2026-07-12T10:09:19.074+0000] {processor.py:840} INFO - DAG(s) 'tutorial_objectstorage' retrieved from /home/airflow/.local/lib/python3.8/site-packages/airflow/example_dags/tutorial_objectstorage.py
[2026-07-12T10:09:19.143+0000] {logging_mixin.py:188} INFO - [2026-07-12T10:09:19.143+0000] {dag.py:3036} INFO - Sync 1 DAGs
[2026-07-12T10:09:19.150+0000] {logging_mixin.py:188} INFO - [2026-07-12T10:09:19.150+0000] {dag.py:3823} INFO - Setting next_dagrun for tutorial_objectstorage to None, run_after=None
[2026-07-12T10:09:19.164+0000] {processor.py:183} INFO - Processing /home/airflow/.local/lib/python3.8/site-packages/airflow/example_dags/tutorial_objectstorage.py took 0.105 seconds
[2026-07-12T10:09:49.196+0000] {processor.py:161} INFO - Started process (PID=167) to work on /home/airflow/.local/lib/python3.8/site-packages/airflow/example_dags/tutorial_objectstorage.py
[2026-07-12T10:09:49.197+0000] {processor.py:830} INFO - Processing file /home/airflow/.local/lib/python3.8/site-packages/airflow/example_dags/tutorial_objectstorage.py for tasks to queue
[2026-07-12T10:09:49.198+0000] {logging_mixin.py:188} INFO - [2026-07-12T10:09:49.198+0000] {dagbag.py:538} INFO - Filling up the DagBag from /home/airflow/.local/lib/python3.8/site-packages/airflow/example_dags/tutorial_objectstorage.py
[2026-07-12T10:09:49.204+0000] {processor.py:840} INFO - DAG(s) 'tutorial_objectstorage' retrieved from /home/airflow/.local/lib/python3.8/site-packages/airflow/example_dags/tutorial_objectstorage.py
[2026-07-12T10:09:49.219+0000] {logging_mixin.py:188} INFO - [2026-07-12T10:09:49.219+0000] {dag.py:3036} INFO - Sync 1 DAGs
[2026-07-12T10:09:49.228+0000] {logging_mixin.py:188} INFO - [2026-07-12T10:09:49.228+0000] {dag.py:3823} INFO - Setting next_dagrun for tutorial_objectstorage to None, run_after=None
[2026-07-12T10:09:49.242+0000] {processor.py:183} INFO - Processing /home/airflow/.local/lib/python3.8/site-packages/airflow/example_dags/tutorial_objectstorage.py took 0.050 seconds
[2026-07-12T10:10:19.734+0000] {processor.py:161} INFO - Started process (PID=223) to work on /home/airflow/.local/lib/python3.8/site-packages/airflow/example_dags/tutorial_objectstorage.py
[2026-07-12T10:10:19.735+0000] {processor.py:830} INFO - Processing file /home/airflow/.local/lib/python3.8/site-packages/airflow/example_dags/tutorial_objectstorage.py for tasks to queue
[2026-07-12T10:10:19.736+0000] {logging_mixin.py:188} INFO - [2026-07-12T10:10:19.736+0000] {dagbag.py:538} INFO - Filling up the DagBag from /home/airflow/.local/lib/python3.8/site-packages/airflow/example_dags/tutorial_objectstorage.py
[2026-07-12T10:10:19.742+0000] {processor.py:840} INFO - DAG(s) 'tutorial_objectstorage' retrieved from /home/airflow/.local/lib/python3.8/site-packages/airflow/example_dags/tutorial_objectstorage.py
[2026-07-12T10:10:19.758+0000] {logging_mixin.py:188} INFO - [2026-07-12T10:10:19.757+0000] {dag.py:3036} INFO - Sync 1 DAGs
[2026-07-12T10:10:19.766+0000] {logging_mixin.py:188} INFO - [2026-07-12T10:10:19.766+0000] {dag.py:3823} INFO - Setting next_dagrun for tutorial_objectstorage to None, run_after=None
[2026-07-12T10:10:19.780+0000] {processor.py:183} INFO - Processing /home/airflow/.local/lib/python3.8/site-packages/airflow/example_dags/tutorial_objectstorage.py took 0.049 seconds
[2026-07-12T10:10:50.383+0000] {processor.py:161} INFO - Started process (PID=279) to work on /home/airflow/.local/lib/python3.8/site-packages/airflow/example_dags/tutorial_objectstorage.py
[2026-07-12T10:10:50.384+0000] {processor.py:830} INFO - Processing file /home/airflow/.local/lib/python3.8/site-packages/airflow/example_dags/tutorial_objectstorage.py for tasks to queue
[2026-07-12T10:10:50.386+0000] {logging_mixin.py:188} INFO - [2026-07-12T10:10:50.386+0000] {dagbag.py:538} INFO - Filling up the DagBag from /home/airflow/.local/lib/python3.8/site-packages/airflow/example_dags/tutorial_objectstorage.py
[2026-07-12T10:10:50.392+0000] {processor.py:840} INFO - DAG(s) 'tutorial_objectstorage' retrieved from /home/airflow/.local/lib/python3.8/site-packages/airflow/example_dags/tutorial_objectstorage.py
[2026-07-12T10:10:50.409+0000] {logging_mixin.py:188} INFO - [2026-07-12T10:10:50.408+0000] {dag.py:3036} INFO - Sync 1 DAGs
[2026-07-12T10:10:50.418+0000] {logging_mixin.py:188} INFO - [2026-07-12T10:10:50.417+0000] {dag.py:3823} INFO - Setting next_dagrun for tutorial_objectstorage to None, run_after=None
[2026-07-12T10:10:50.432+0000] {processor.py:183} INFO - Processing /home/airflow/.local/lib/python3.8/site-packages/airflow/example_dags/tutorial_objectstorage.py took 0.052 seconds
[2026-07-12T10:11:20.615+0000] {processor.py:161} INFO - Started process (PID=335) to work on /home/airflow/.local/lib/python3.8/site-packages/airflow/example_dags/tutorial_objectstorage.py
[2026-07-12T10:11:20.616+0000] {processor.py:830} INFO - Processing file /home/airflow/.local/lib/python3.8/site-packages/airflow/example_dags/tutorial_objectstorage.py for tasks to queue
[2026-07-12T10:11:20.617+0000] {logging_mixin.py:188} INFO - [2026-07-12T10:11:20.617+0000] {dagbag.py:538} INFO - Filling up the DagBag from /home/airflow/.local/lib/python3.8/site-packages/airflow/example_dags/tutorial_objectstorage.py
[2026-07-12T10:11:20.622+0000] {processor.py:840} INFO - DAG(s) 'tutorial_objectstorage' retrieved from /home/airflow/.local/lib/python3.8/site-packages/airflow/example_dags/tutorial_objectstorage.py
[2026-07-12T10:11:20.637+0000] {logging_mixin.py:188} INFO - [2026-07-12T10:11:20.637+0000] {dag.py:3036} INFO - Sync 1 DAGs
[2026-07-12T10:11:20.646+0000] {logging_mixin.py:188} INFO - [2026-07-12T10:11:20.645+0000] {dag.py:3823} INFO - Setting next_dagrun for tutorial_objectstorage to None, run_after=None
[2026-07-12T10:11:20.659+0000] {processor.py:183} INFO - Processing /home/airflow/.local/lib/python3.8/site-packages/airflow/example_dags/tutorial_objectstorage.py took 0.047 seconds
[2026-07-12T10:11:50.772+0000] {processor.py:161} INFO - Started process (PID=391) to work on /home/airflow/.local/lib/python3.8/site-packages/airflow/example_dags/tutorial_objectstorage.py
[2026-07-12T10:11:50.773+0000] {processor.py:830} INFO - Processing file /home/airflow/.local/lib/python3.8/site-packages/airflow/example_dags/tutorial_objectstorage.py for tasks to queue
[2026-07-12T10:11:50.775+0000] {logging_mixin.py:188} INFO - [2026-07-12T10:11:50.774+0000] {dagbag.py:538} INFO - Filling up the DagBag from /home/airflow/.local/lib/python3.8/site-packages/airflow/example_dags/tutorial_objectstorage.py
[2026-07-12T10:11:50.787+0000] {processor.py:840} INFO - DAG(s) 'tutorial_objectstorage' retrieved from /home/airflow/.local/lib/python3.8/site-packages/airflow/example_dags/tutorial_objectstorage.py
[2026-07-12T10:11:50.810+0000] {logging_mixin.py:188} INFO - [2026-07-12T10:11:50.810+0000] {dag.py:3036} INFO - Sync 1 DAGs
[2026-07-12T10:11:50.822+0000] {logging_mixin.py:188} INFO - [2026-07-12T10:11:50.822+0000] {dag.py:3823} INFO - Setting next_dagrun for tutorial_objectstorage to None, run_after=None
[2026-07-12T10:11:50.841+0000] {processor.py:183} INFO - Processing /home/airflow/.local/lib/python3.8/site-packages/airflow/example_dags/tutorial_objectstorage.py took 0.072 seconds
[2026-07-12T10:37:09.601+0000] {processor.py:161} INFO - Started process (PID=55) to work on /home/airflow/.local/lib/python3.8/site-packages/airflow/example_dags/tutorial_objectstorage.py
[2026-07-12T10:37:09.602+0000] {processor.py:830} INFO - Processing file /home/airflow/.local/lib/python3.8/site-packages/airflow/example_dags/tutorial_objectstorage.py for tasks to queue
[2026-07-12T10:37:09.604+0000] {logging_mixin.py:188} INFO - [2026-07-12T10:37:09.604+0000] {dagbag.py:538} INFO - Filling up the DagBag from /home/airflow/.local/lib/python3.8/site-packages/airflow/example_dags/tutorial_objectstorage.py
[2026-07-12T10:37:09.614+0000] {processor.py:840} INFO - DAG(s) 'tutorial_objectstorage' retrieved from /home/airflow/.local/lib/python3.8/site-packages/airflow/example_dags/tutorial_objectstorage.py
[2026-07-12T10:37:09.626+0000] {logging_mixin.py:188} INFO - [2026-07-12T10:37:09.626+0000] {dag.py:3036} INFO - Sync 1 DAGs
[2026-07-12T10:37:09.638+0000] {logging_mixin.py:188} INFO - [2026-07-12T10:37:09.637+0000] {dag.py:3823} INFO - Setting next_dagrun for tutorial_objectstorage to None, run_after=None
[2026-07-12T10:37:09.654+0000] {processor.py:183} INFO - Processing /home/airflow/.local/lib/python3.8/site-packages/airflow/example_dags/tutorial_objectstorage.py took 0.056 seconds
[2026-07-12T10:37:40.352+0000] {processor.py:161} INFO - Started process (PID=111) to work on /home/airflow/.local/lib/python3.8/site-packages/airflow/example_dags/tutorial_objectstorage.py
[2026-07-12T10:37:40.353+0000] {processor.py:830} INFO - Processing file /home/airflow/.local/lib/python3.8/site-packages/airflow/example_dags/tutorial_objectstorage.py for tasks to queue
[2026-07-12T10:37:40.355+0000] {logging_mixin.py:188} INFO - [2026-07-12T10:37:40.354+0000] {dagbag.py:538} INFO - Filling up the DagBag from /home/airflow/.local/lib/python3.8/site-packages/airflow/example_dags/tutorial_objectstorage.py
[2026-07-12T10:37:40.360+0000] {processor.py:840} INFO - DAG(s) 'tutorial_objectstorage' retrieved from /home/airflow/.local/lib/python3.8/site-packages/airflow/example_dags/tutorial_objectstorage.py
[2026-07-12T10:37:40.432+0000] {logging_mixin.py:188} INFO - [2026-07-12T10:37:40.432+0000] {dag.py:3036} INFO - Sync 1 DAGs
[2026-07-12T10:37:40.439+0000] {logging_mixin.py:188} INFO - [2026-07-12T10:37:40.439+0000] {dag.py:3823} INFO - Setting next_dagrun for tutorial_objectstorage to None, run_after=None
[2026-07-12T10:37:40.452+0000] {processor.py:183} INFO - Processing /home/airflow/.local/lib/python3.8/site-packages/airflow/example_dags/tutorial_objectstorage.py took 0.103 seconds
[2026-07-12T10:38:10.668+0000] {processor.py:161} INFO - Started process (PID=167) to work on /home/airflow/.local/lib/python3.8/site-packages/airflow/example_dags/tutorial_objectstorage.py
[2026-07-12T10:38:10.669+0000] {processor.py:830} INFO - Processing file /home/airflow/.local/lib/python3.8/site-packages/airflow/example_dags/tutorial_objectstorage.py for tasks to queue
[2026-07-12T10:38:10.670+0000] {logging_mixin.py:188} INFO - [2026-07-12T10:38:10.670+0000] {dagbag.py:538} INFO - Filling up the DagBag from /home/airflow/.local/lib/python3.8/site-packages/airflow/example_dags/tutorial_objectstorage.py
[2026-07-12T10:38:10.676+0000] {processor.py:840} INFO - DAG(s) 'tutorial_objectstorage' retrieved from /home/airflow/.local/lib/python3.8/site-packages/airflow/example_dags/tutorial_objectstorage.py
[2026-07-12T10:38:10.691+0000] {logging_mixin.py:188} INFO - [2026-07-12T10:38:10.691+0000] {dag.py:3036} INFO - Sync 1 DAGs
[2026-07-12T10:38:10.701+0000] {logging_mixin.py:188} INFO - [2026-07-12T10:38:10.701+0000] {dag.py:3823} INFO - Setting next_dagrun for tutorial_objectstorage to None, run_after=None
[2026-07-12T10:38:10.715+0000] {processor.py:183} INFO - Processing /home/airflow/.local/lib/python3.8/site-packages/airflow/example_dags/tutorial_objectstorage.py took 0.050 seconds
[2026-07-12T10:38:40.841+0000] {processor.py:161} INFO - Started process (PID=223) to work on /home/airflow/.local/lib/python3.8/site-packages/airflow/example_dags/tutorial_objectstorage.py
[2026-07-12T10:38:40.842+0000] {processor.py:830} INFO - Processing file /home/airflow/.local/lib/python3.8/site-packages/airflow/example_dags/tutorial_objectstorage.py for tasks to queue
[2026-07-12T10:38:40.844+0000] {logging_mixin.py:188} INFO - [2026-07-12T10:38:40.844+0000] {dagbag.py:538} INFO - Filling up the DagBag from /home/airflow/.local/lib/python3.8/site-packages/airflow/example_dags/tutorial_objectstorage.py
[2026-07-12T10:38:40.851+0000] {processor.py:840} INFO - DAG(s) 'tutorial_objectstorage' retrieved from /home/airflow/.local/lib/python3.8/site-packages/airflow/example_dags/tutorial_objectstorage.py
[2026-07-12T10:38:40.867+0000] {logging_mixin.py:188} INFO - [2026-07-12T10:38:40.867+0000] {dag.py:3036} INFO - Sync 1 DAGs
[2026-07-12T10:38:40.877+0000] {logging_mixin.py:188} INFO - [2026-07-12T10:38:40.877+0000] {dag.py:3823} INFO - Setting next_dagrun for tutorial_objectstorage to None, run_after=None
[2026-07-12T10:38:40.892+0000] {processor.py:183} INFO - Processing /home/airflow/.local/lib/python3.8/site-packages/airflow/example_dags/tutorial_objectstorage.py took 0.054 seconds
[2026-07-12T10:39:11.034+0000] {processor.py:161} INFO - Started process (PID=298) to work on /home/airflow/.local/lib/python3.8/site-packages/airflow/example_dags/tutorial_objectstorage.py
[2026-07-12T10:39:11.035+0000] {processor.py:830} INFO - Processing file /home/airflow/.local/lib/python3.8/site-packages/airflow/example_dags/tutorial_objectstorage.py for tasks to queue
[2026-07-12T10:39:11.037+0000] {logging_mixin.py:188} INFO - [2026-07-12T10:39:11.037+0000] {dagbag.py:538} INFO - Filling up the DagBag from /home/airflow/.local/lib/python3.8/site-packages/airflow/example_dags/tutorial_objectstorage.py
[2026-07-12T10:39:11.042+0000] {processor.py:840} INFO - DAG(s) 'tutorial_objectstorage' retrieved from /home/airflow/.local/lib/python3.8/site-packages/airflow/example_dags/tutorial_objectstorage.py
[2026-07-12T10:39:11.058+0000] {logging_mixin.py:188} INFO - [2026-07-12T10:39:11.058+0000] {dag.py:3036} INFO - Sync 1 DAGs
[2026-07-12T10:39:11.068+0000] {logging_mixin.py:188} INFO - [2026-07-12T10:39:11.068+0000] {dag.py:3823} INFO - Setting next_dagrun for tutorial_objectstorage to None, run_after=None
[2026-07-12T10:39:11.083+0000] {processor.py:183} INFO - Processing /home/airflow/.local/lib/python3.8/site-packages/airflow/example_dags/tutorial_objectstorage.py took 0.052 seconds
[2026-07-12T10:39:41.803+0000] {processor.py:161} INFO - Started process (PID=354) to work on /home/airflow/.local/lib/python3.8/site-packages/airflow/example_dags/tutorial_objectstorage.py
[2026-07-12T10:39:41.804+0000] {processor.py:830} INFO - Processing file /home/airflow/.local/lib/python3.8/site-packages/airflow/example_dags/tutorial_objectstorage.py for tasks to queue
[2026-07-12T10:39:41.806+0000] {logging_mixin.py:188} INFO - [2026-07-12T10:39:41.806+0000] {dagbag.py:538} INFO - Filling up the DagBag from /home/airflow/.local/lib/python3.8/site-packages/airflow/example_dags/tutorial_objectstorage.py
[2026-07-12T10:39:41.812+0000] {processor.py:840} INFO - DAG(s) 'tutorial_objectstorage' retrieved from /home/airflow/.local/lib/python3.8/site-packages/airflow/example_dags/tutorial_objectstorage.py
[2026-07-12T10:39:41.828+0000] {logging_mixin.py:188} INFO - [2026-07-12T10:39:41.828+0000] {dag.py:3036} INFO - Sync 1 DAGs
[2026-07-12T10:39:41.837+0000] {logging_mixin.py:188} INFO - [2026-07-12T10:39:41.836+0000] {dag.py:3823} INFO - Setting next_dagrun for tutorial_objectstorage to None, run_after=None
[2026-07-12T10:39:41.850+0000] {processor.py:183} INFO - Processing /home/airflow/.local/lib/python3.8/site-packages/airflow/example_dags/tutorial_objectstorage.py took 0.050 seconds
[2026-07-12T10:40:11.982+0000] {processor.py:161} INFO - Started process (PID=410) to work on /home/airflow/.local/lib/python3.8/site-packages/airflow/example_dags/tutorial_objectstorage.py
[2026-07-12T10:40:11.983+0000] {processor.py:830} INFO - Processing file /home/airflow/.local/lib/python3.8/site-packages/airflow/example_dags/tutorial_objectstorage.py for tasks to queue
[2026-07-12T10:40:11.985+0000] {logging_mixin.py:188} INFO - [2026-07-12T10:40:11.984+0000] {dagbag.py:538} INFO - Filling up the DagBag from /home/airflow/.local/lib/python3.8/site-packages/airflow/example_dags/tutorial_objectstorage.py
[2026-07-12T10:40:11.990+0000] {processor.py:840} INFO - DAG(s) 'tutorial_objectstorage' retrieved from /home/airflow/.local/lib/python3.8/site-packages/airflow/example_dags/tutorial_objectstorage.py
[2026-07-12T10:40:12.004+0000] {logging_mixin.py:188} INFO - [2026-07-12T10:40:12.004+0000] {dag.py:3036} INFO - Sync 1 DAGs
[2026-07-12T10:40:12.013+0000] {logging_mixin.py:188} INFO - [2026-07-12T10:40:12.013+0000] {dag.py:3823} INFO - Setting next_dagrun for tutorial_objectstorage to None, run_after=None
[2026-07-12T10:40:12.027+0000] {processor.py:183} INFO - Processing /home/airflow/.local/lib/python3.8/site-packages/airflow/example_dags/tutorial_objectstorage.py took 0.048 seconds
[2026-07-12T10:40:42.298+0000] {processor.py:161} INFO - Started process (PID=466) to work on /home/airflow/.local/lib/python3.8/site-packages/airflow/example_dags/tutorial_objectstorage.py
[2026-07-12T10:40:42.300+0000] {processor.py:830} INFO - Processing file /home/airflow/.local/lib/python3.8/site-packages/airflow/example_dags/tutorial_objectstorage.py for tasks to queue
[2026-07-12T10:40:42.303+0000] {logging_mixin.py:188} INFO - [2026-07-12T10:40:42.302+0000] {dagbag.py:538} INFO - Filling up the DagBag from /home/airflow/.local/lib/python3.8/site-packages/airflow/example_dags/tutorial_objectstorage.py
[2026-07-12T10:40:42.315+0000] {processor.py:840} INFO - DAG(s) 'tutorial_objectstorage' retrieved from /home/airflow/.local/lib/python3.8/site-packages/airflow/example_dags/tutorial_objectstorage.py
[2026-07-12T10:40:42.349+0000] {logging_mixin.py:188} INFO - [2026-07-12T10:40:42.349+0000] {dag.py:3036} INFO - Sync 1 DAGs
[2026-07-12T10:40:42.371+0000] {logging_mixin.py:188} INFO - [2026-07-12T10:40:42.371+0000] {dag.py:3823} INFO - Setting next_dagrun for tutorial_objectstorage to None, run_after=None
[2026-07-12T10:40:42.404+0000] {processor.py:183} INFO - Processing /home/airflow/.local/lib/python3.8/site-packages/airflow/example_dags/tutorial_objectstorage.py took 0.112 seconds
[2026-07-12T10:41:13.351+0000] {processor.py:161} INFO - Started process (PID=535) to work on /home/airflow/.local/lib/python3.8/site-packages/airflow/example_dags/tutorial_objectstorage.py
[2026-07-12T10:41:13.352+0000] {processor.py:830} INFO - Processing file /home/airflow/.local/lib/python3.8/site-packages/airflow/example_dags/tutorial_objectstorage.py for tasks to queue
[2026-07-12T10:41:13.354+0000] {logging_mixin.py:188} INFO - [2026-07-12T10:41:13.354+0000] {dagbag.py:538} INFO - Filling up the DagBag from /home/airflow/.local/lib/python3.8/site-packages/airflow/example_dags/tutorial_objectstorage.py
[2026-07-12T10:41:13.362+0000] {processor.py:840} INFO - DAG(s) 'tutorial_objectstorage' retrieved from /home/airflow/.local/lib/python3.8/site-packages/airflow/example_dags/tutorial_objectstorage.py
[2026-07-12T10:41:13.378+0000] {logging_mixin.py:188} INFO - [2026-07-12T10:41:13.378+0000] {dag.py:3036} INFO - Sync 1 DAGs
[2026-07-12T10:41:13.388+0000] {logging_mixin.py:188} INFO - [2026-07-12T10:41:13.388+0000] {dag.py:3823} INFO - Setting next_dagrun for tutorial_objectstorage to None, run_after=None
[2026-07-12T10:41:13.404+0000] {processor.py:183} INFO - Processing /home/airflow/.local/lib/python3.8/site-packages/airflow/example_dags/tutorial_objectstorage.py took 0.058 seconds
[2026-07-12T10:41:44.059+0000] {processor.py:161} INFO - Started process (PID=597) to work on /home/airflow/.local/lib/python3.8/site-packages/airflow/example_dags/tutorial_objectstorage.py
[2026-07-12T10:41:44.063+0000] {processor.py:830} INFO - Processing file /home/airflow/.local/lib/python3.8/site-packages/airflow/example_dags/tutorial_objectstorage.py for tasks to queue
[2026-07-12T10:41:44.067+0000] {logging_mixin.py:188} INFO - [2026-07-12T10:41:44.066+0000] {dagbag.py:538} INFO - Filling up the DagBag from /home/airflow/.local/lib/python3.8/site-packages/airflow/example_dags/tutorial_objectstorage.py
[2026-07-12T10:41:44.082+0000] {processor.py:840} INFO - DAG(s) 'tutorial_objectstorage' retrieved from /home/airflow/.local/lib/python3.8/site-packages/airflow/example_dags/tutorial_objectstorage.py
[2026-07-12T10:41:44.124+0000] {logging_mixin.py:188} INFO - [2026-07-12T10:41:44.124+0000] {dag.py:3036} INFO - Sync 1 DAGs
[2026-07-12T10:41:44.142+0000] {logging_mixin.py:188} INFO - [2026-07-12T10:41:44.141+0000] {dag.py:3823} INFO - Setting next_dagrun for tutorial_objectstorage to None, run_after=None
[2026-07-12T10:41:44.176+0000] {processor.py:183} INFO - Processing /home/airflow/.local/lib/python3.8/site-packages/airflow/example_dags/tutorial_objectstorage.py took 0.128 seconds
[2026-07-12T10:42:14.323+0000] {processor.py:161} INFO - Started process (PID=653) to work on /home/airflow/.local/lib/python3.8/site-packages/airflow/example_dags/tutorial_objectstorage.py
[2026-07-12T10:42:14.325+0000] {processor.py:830} INFO - Processing file /home/airflow/.local/lib/python3.8/site-packages/airflow/example_dags/tutorial_objectstorage.py for tasks to queue
[2026-07-12T10:42:14.328+0000] {logging_mixin.py:188} INFO - [2026-07-12T10:42:14.328+0000] {dagbag.py:538} INFO - Filling up the DagBag from /home/airflow/.local/lib/python3.8/site-packages/airflow/example_dags/tutorial_objectstorage.py
[2026-07-12T10:42:14.337+0000] {processor.py:840} INFO - DAG(s) 'tutorial_objectstorage' retrieved from /home/airflow/.local/lib/python3.8/site-packages/airflow/example_dags/tutorial_objectstorage.py
[2026-07-12T10:42:14.356+0000] {logging_mixin.py:188} INFO - [2026-07-12T10:42:14.356+0000] {dag.py:3036} INFO - Sync 1 DAGs
[2026-07-12T10:42:14.366+0000] {logging_mixin.py:188} INFO - [2026-07-12T10:42:14.366+0000] {dag.py:3823} INFO - Setting next_dagrun for tutorial_objectstorage to None, run_after=None
[2026-07-12T10:42:14.382+0000] {processor.py:183} INFO - Processing /home/airflow/.local/lib/python3.8/site-packages/airflow/example_dags/tutorial_objectstorage.py took 0.062 seconds
[2026-07-12T10:42:44.859+0000] {processor.py:161} INFO - Started process (PID=709) to work on /home/airflow/.local/lib/python3.8/site-packages/airflow/example_dags/tutorial_objectstorage.py
[2026-07-12T10:42:44.861+0000] {processor.py:830} INFO - Processing file /home/airflow/.local/lib/python3.8/site-packages/airflow/example_dags/tutorial_objectstorage.py for tasks to queue
[2026-07-12T10:42:44.862+0000] {logging_mixin.py:188} INFO - [2026-07-12T10:42:44.862+0000] {dagbag.py:538} INFO - Filling up the DagBag from /home/airflow/.local/lib/python3.8/site-packages/airflow/example_dags/tutorial_objectstorage.py
[2026-07-12T10:42:44.867+0000] {processor.py:840} INFO - DAG(s) 'tutorial_objectstorage' retrieved from /home/airflow/.local/lib/python3.8/site-packages/airflow/example_dags/tutorial_objectstorage.py
[2026-07-12T10:42:44.883+0000] {logging_mixin.py:188} INFO - [2026-07-12T10:42:44.883+0000] {dag.py:3036} INFO - Sync 1 DAGs
[2026-07-12T10:42:44.892+0000] {logging_mixin.py:188} INFO - [2026-07-12T10:42:44.892+0000] {dag.py:3823} INFO - Setting next_dagrun for tutorial_objectstorage to None, run_after=None
[2026-07-12T10:42:44.906+0000] {processor.py:183} INFO - Processing /home/airflow/.local/lib/python3.8/site-packages/airflow/example_dags/tutorial_objectstorage.py took 0.050 seconds
[2026-07-12T10:43:15.216+0000] {processor.py:161} INFO - Started process (PID=765) to work on /home/airflow/.local/lib/python3.8/site-packages/airflow/example_dags/tutorial_objectstorage.py
[2026-07-12T10:43:15.219+0000] {processor.py:830} INFO - Processing file /home/airflow/.local/lib/python3.8/site-packages/airflow/example_dags/tutorial_objectstorage.py for tasks to queue
[2026-07-12T10:43:15.222+0000] {logging_mixin.py:188} INFO - [2026-07-12T10:43:15.221+0000] {dagbag.py:538} INFO - Filling up the DagBag from /home/airflow/.local/lib/python3.8/site-packages/airflow/example_dags/tutorial_objectstorage.py
[2026-07-12T10:43:15.237+0000] {processor.py:840} INFO - DAG(s) 'tutorial_objectstorage' retrieved from /home/airflow/.local/lib/python3.8/site-packages/airflow/example_dags/tutorial_objectstorage.py
[2026-07-12T10:43:15.258+0000] {logging_mixin.py:188} INFO - [2026-07-12T10:43:15.257+0000] {dag.py:3036} INFO - Sync 1 DAGs
[2026-07-12T10:43:15.268+0000] {logging_mixin.py:188} INFO - [2026-07-12T10:43:15.268+0000] {dag.py:3823} INFO - Setting next_dagrun for tutorial_objectstorage to None, run_after=None
[2026-07-12T10:43:15.286+0000] {processor.py:183} INFO - Processing /home/airflow/.local/lib/python3.8/site-packages/airflow/example_dags/tutorial_objectstorage.py took 0.076 seconds
[2026-07-12T10:43:45.468+0000] {processor.py:161} INFO - Started process (PID=821) to work on /home/airflow/.local/lib/python3.8/site-packages/airflow/example_dags/tutorial_objectstorage.py
[2026-07-12T10:43:45.470+0000] {processor.py:830} INFO - Processing file /home/airflow/.local/lib/python3.8/site-packages/airflow/example_dags/tutorial_objectstorage.py for tasks to queue
[2026-07-12T10:43:45.473+0000] {logging_mixin.py:188} INFO - [2026-07-12T10:43:45.472+0000] {dagbag.py:538} INFO - Filling up the DagBag from /home/airflow/.local/lib/python3.8/site-packages/airflow/example_dags/tutorial_objectstorage.py
[2026-07-12T10:43:45.481+0000] {processor.py:840} INFO - DAG(s) 'tutorial_objectstorage' retrieved from /home/airflow/.local/lib/python3.8/site-packages/airflow/example_dags/tutorial_objectstorage.py
[2026-07-12T10:43:45.508+0000] {logging_mixin.py:188} INFO - [2026-07-12T10:43:45.507+0000] {dag.py:3036} INFO - Sync 1 DAGs
[2026-07-12T10:43:45.520+0000] {logging_mixin.py:188} INFO - [2026-07-12T10:43:45.520+0000] {dag.py:3823} INFO - Setting next_dagrun for tutorial_objectstorage to None, run_after=None
[2026-07-12T10:43:45.544+0000] {processor.py:183} INFO - Processing /home/airflow/.local/lib/python3.8/site-packages/airflow/example_dags/tutorial_objectstorage.py took 0.080 seconds
[2026-07-12T10:44:15.662+0000] {processor.py:161} INFO - Started process (PID=877) to work on /home/airflow/.local/lib/python3.8/site-packages/airflow/example_dags/tutorial_objectstorage.py
[2026-07-12T10:44:15.665+0000] {processor.py:830} INFO - Processing file /home/airflow/.local/lib/python3.8/site-packages/airflow/example_dags/tutorial_objectstorage.py for tasks to queue
[2026-07-12T10:44:15.666+0000] {logging_mixin.py:188} INFO - [2026-07-12T10:44:15.666+0000] {dagbag.py:538} INFO - Filling up the DagBag from /home/airflow/.local/lib/python3.8/site-packages/airflow/example_dags/tutorial_objectstorage.py
[2026-07-12T10:44:15.672+0000] {processor.py:840} INFO - DAG(s) 'tutorial_objectstorage' retrieved from /home/airflow/.local/lib/python3.8/site-packages/airflow/example_dags/tutorial_objectstorage.py
[2026-07-12T10:44:15.689+0000] {logging_mixin.py:188} INFO - [2026-07-12T10:44:15.689+0000] {dag.py:3036} INFO - Sync 1 DAGs
[2026-07-12T10:44:15.698+0000] {logging_mixin.py:188} INFO - [2026-07-12T10:44:15.697+0000] {dag.py:3823} INFO - Setting next_dagrun for tutorial_objectstorage to None, run_after=None
[2026-07-12T10:44:15.713+0000] {processor.py:183} INFO - Processing /home/airflow/.local/lib/python3.8/site-packages/airflow/example_dags/tutorial_objectstorage.py took 0.054 seconds
[2026-07-12T10:44:46.084+0000] {processor.py:161} INFO - Started process (PID=933) to work on /home/airflow/.local/lib/python3.8/site-packages/airflow/example_dags/tutorial_objectstorage.py
[2026-07-12T10:44:46.086+0000] {processor.py:830} INFO - Processing file /home/airflow/.local/lib/python3.8/site-packages/airflow/example_dags/tutorial_objectstorage.py for tasks to queue
[2026-07-12T10:44:46.088+0000] {logging_mixin.py:188} INFO - [2026-07-12T10:44:46.088+0000] {dagbag.py:538} INFO - Filling up the DagBag from /home/airflow/.local/lib/python3.8/site-packages/airflow/example_dags/tutorial_objectstorage.py
[2026-07-12T10:44:46.094+0000] {processor.py:840} INFO - DAG(s) 'tutorial_objectstorage' retrieved from /home/airflow/.local/lib/python3.8/site-packages/airflow/example_dags/tutorial_objectstorage.py
[2026-07-12T10:44:46.110+0000] {logging_mixin.py:188} INFO - [2026-07-12T10:44:46.110+0000] {dag.py:3036} INFO - Sync 1 DAGs
[2026-07-12T10:44:46.121+0000] {logging_mixin.py:188} INFO - [2026-07-12T10:44:46.121+0000] {dag.py:3823} INFO - Setting next_dagrun for tutorial_objectstorage to None, run_after=None
[2026-07-12T10:44:46.137+0000] {processor.py:183} INFO - Processing /home/airflow/.local/lib/python3.8/site-packages/airflow/example_dags/tutorial_objectstorage.py took 0.056 seconds
[2026-07-12T10:45:16.210+0000] {processor.py:161} INFO - Started process (PID=989) to work on /home/airflow/.local/lib/python3.8/site-packages/airflow/example_dags/tutorial_objectstorage.py
[2026-07-12T10:45:16.211+0000] {processor.py:830} INFO - Processing file /home/airflow/.local/lib/python3.8/site-packages/airflow/example_dags/tutorial_objectstorage.py for tasks to queue
[2026-07-12T10:45:16.213+0000] {logging_mixin.py:188} INFO - [2026-07-12T10:45:16.213+0000] {dagbag.py:538} INFO - Filling up the DagBag from /home/airflow/.local/lib/python3.8/site-packages/airflow/example_dags/tutorial_objectstorage.py
[2026-07-12T10:45:16.220+0000] {processor.py:840} INFO - DAG(s) 'tutorial_objectstorage' retrieved from /home/airflow/.local/lib/python3.8/site-packages/airflow/example_dags/tutorial_objectstorage.py
[2026-07-12T10:45:16.237+0000] {logging_mixin.py:188} INFO - [2026-07-12T10:45:16.237+0000] {dag.py:3036} INFO - Sync 1 DAGs
[2026-07-12T10:45:16.245+0000] {logging_mixin.py:188} INFO - [2026-07-12T10:45:16.245+0000] {dag.py:3823} INFO - Setting next_dagrun for tutorial_objectstorage to None, run_after=None
[2026-07-12T10:45:16.262+0000] {processor.py:183} INFO - Processing /home/airflow/.local/lib/python3.8/site-packages/airflow/example_dags/tutorial_objectstorage.py took 0.055 seconds
[2026-07-12T10:45:46.678+0000] {processor.py:161} INFO - Started process (PID=1045) to work on /home/airflow/.local/lib/python3.8/site-packages/airflow/example_dags/tutorial_objectstorage.py
[2026-07-12T10:45:46.681+0000] {processor.py:830} INFO - Processing file /home/airflow/.local/lib/python3.8/site-packages/airflow/example_dags/tutorial_objectstorage.py for tasks to queue
[2026-07-12T10:45:46.683+0000] {logging_mixin.py:188} INFO - [2026-07-12T10:45:46.682+0000] {dagbag.py:538} INFO - Filling up the DagBag from /home/airflow/.local/lib/python3.8/site-packages/airflow/example_dags/tutorial_objectstorage.py
[2026-07-12T10:45:46.690+0000] {processor.py:840} INFO - DAG(s) 'tutorial_objectstorage' retrieved from /home/airflow/.local/lib/python3.8/site-packages/airflow/example_dags/tutorial_objectstorage.py
[2026-07-12T10:45:46.708+0000] {logging_mixin.py:188} INFO - [2026-07-12T10:45:46.708+0000] {dag.py:3036} INFO - Sync 1 DAGs
[2026-07-12T10:45:46.719+0000] {logging_mixin.py:188} INFO - [2026-07-12T10:45:46.718+0000] {dag.py:3823} INFO - Setting next_dagrun for tutorial_objectstorage to None, run_after=None
[2026-07-12T10:45:46.734+0000] {processor.py:183} INFO - Processing /home/airflow/.local/lib/python3.8/site-packages/airflow/example_dags/tutorial_objectstorage.py took 0.060 seconds
[2026-07-12T10:46:17.255+0000] {processor.py:161} INFO - Started process (PID=1114) to work on /home/airflow/.local/lib/python3.8/site-packages/airflow/example_dags/tutorial_objectstorage.py
[2026-07-12T10:46:17.257+0000] {processor.py:830} INFO - Processing file /home/airflow/.local/lib/python3.8/site-packages/airflow/example_dags/tutorial_objectstorage.py for tasks to queue
[2026-07-12T10:46:17.260+0000] {logging_mixin.py:188} INFO - [2026-07-12T10:46:17.259+0000] {dagbag.py:538} INFO - Filling up the DagBag from /home/airflow/.local/lib/python3.8/site-packages/airflow/example_dags/tutorial_objectstorage.py
[2026-07-12T10:46:17.266+0000] {processor.py:840} INFO - DAG(s) 'tutorial_objectstorage' retrieved from /home/airflow/.local/lib/python3.8/site-packages/airflow/example_dags/tutorial_objectstorage.py
[2026-07-12T10:46:17.281+0000] {logging_mixin.py:188} INFO - [2026-07-12T10:46:17.281+0000] {dag.py:3036} INFO - Sync 1 DAGs
[2026-07-12T10:46:17.290+0000] {logging_mixin.py:188} INFO - [2026-07-12T10:46:17.290+0000] {dag.py:3823} INFO - Setting next_dagrun for tutorial_objectstorage to None, run_after=None
[2026-07-12T10:46:17.304+0000] {processor.py:183} INFO - Processing /home/airflow/.local/lib/python3.8/site-packages/airflow/example_dags/tutorial_objectstorage.py took 0.053 seconds
[2026-07-12T10:46:47.404+0000] {processor.py:161} INFO - Started process (PID=1170) to work on /home/airflow/.local/lib/python3.8/site-packages/airflow/example_dags/tutorial_objectstorage.py
[2026-07-12T10:46:47.406+0000] {processor.py:830} INFO - Processing file /home/airflow/.local/lib/python3.8/site-packages/airflow/example_dags/tutorial_objectstorage.py for tasks to queue
[2026-07-12T10:46:47.408+0000] {logging_mixin.py:188} INFO - [2026-07-12T10:46:47.408+0000] {dagbag.py:538} INFO - Filling up the DagBag from /home/airflow/.local/lib/python3.8/site-packages/airflow/example_dags/tutorial_objectstorage.py
[2026-07-12T10:46:47.414+0000] {processor.py:840} INFO - DAG(s) 'tutorial_objectstorage' retrieved from /home/airflow/.local/lib/python3.8/site-packages/airflow/example_dags/tutorial_objectstorage.py
[2026-07-12T10:46:47.431+0000] {logging_mixin.py:188} INFO - [2026-07-12T10:46:47.430+0000] {dag.py:3036} INFO - Sync 1 DAGs
[2026-07-12T10:46:47.441+0000] {logging_mixin.py:188} INFO - [2026-07-12T10:46:47.441+0000] {dag.py:3823} INFO - Setting next_dagrun for tutorial_objectstorage to None, run_after=None
[2026-07-12T10:46:47.458+0000] {processor.py:183} INFO - Processing /home/airflow/.local/lib/python3.8/site-packages/airflow/example_dags/tutorial_objectstorage.py took 0.058 seconds
[2026-07-12T10:47:17.578+0000] {processor.py:161} INFO - Started process (PID=1226) to work on /home/airflow/.local/lib/python3.8/site-packages/airflow/example_dags/tutorial_objectstorage.py
[2026-07-12T10:47:17.581+0000] {processor.py:830} INFO - Processing file /home/airflow/.local/lib/python3.8/site-packages/airflow/example_dags/tutorial_objectstorage.py for tasks to queue
[2026-07-12T10:47:17.582+0000] {logging_mixin.py:188} INFO - [2026-07-12T10:47:17.582+0000] {dagbag.py:538} INFO - Filling up the DagBag from /home/airflow/.local/lib/python3.8/site-packages/airflow/example_dags/tutorial_objectstorage.py
[2026-07-12T10:47:17.588+0000] {processor.py:840} INFO - DAG(s) 'tutorial_objectstorage' retrieved from /home/airflow/.local/lib/python3.8/site-packages/airflow/example_dags/tutorial_objectstorage.py
[2026-07-12T10:47:17.604+0000] {logging_mixin.py:188} INFO - [2026-07-12T10:47:17.603+0000] {dag.py:3036} INFO - Sync 1 DAGs
[2026-07-12T10:47:17.614+0000] {logging_mixin.py:188} INFO - [2026-07-12T10:47:17.614+0000] {dag.py:3823} INFO - Setting next_dagrun for tutorial_objectstorage to None, run_after=None
[2026-07-12T10:47:17.634+0000] {processor.py:183} INFO - Processing /home/airflow/.local/lib/python3.8/site-packages/airflow/example_dags/tutorial_objectstorage.py took 0.059 seconds
[2026-07-12T10:47:48.035+0000] {processor.py:161} INFO - Started process (PID=1282) to work on /home/airflow/.local/lib/python3.8/site-packages/airflow/example_dags/tutorial_objectstorage.py
[2026-07-12T10:47:48.038+0000] {processor.py:830} INFO - Processing file /home/airflow/.local/lib/python3.8/site-packages/airflow/example_dags/tutorial_objectstorage.py for tasks to queue
[2026-07-12T10:47:48.041+0000] {logging_mixin.py:188} INFO - [2026-07-12T10:47:48.040+0000] {dagbag.py:538} INFO - Filling up the DagBag from /home/airflow/.local/lib/python3.8/site-packages/airflow/example_dags/tutorial_objectstorage.py
[2026-07-12T10:47:48.047+0000] {processor.py:840} INFO - DAG(s) 'tutorial_objectstorage' retrieved from /home/airflow/.local/lib/python3.8/site-packages/airflow/example_dags/tutorial_objectstorage.py
[2026-07-12T10:47:48.064+0000] {logging_mixin.py:188} INFO - [2026-07-12T10:47:48.064+0000] {dag.py:3036} INFO - Sync 1 DAGs
[2026-07-12T10:47:48.074+0000] {logging_mixin.py:188} INFO - [2026-07-12T10:47:48.074+0000] {dag.py:3823} INFO - Setting next_dagrun for tutorial_objectstorage to None, run_after=None
[2026-07-12T10:47:48.090+0000] {processor.py:183} INFO - Processing /home/airflow/.local/lib/python3.8/site-packages/airflow/example_dags/tutorial_objectstorage.py took 0.058 seconds
[2026-07-12T10:48:18.502+0000] {processor.py:161} INFO - Started process (PID=1338) to work on /home/airflow/.local/lib/python3.8/site-packages/airflow/example_dags/tutorial_objectstorage.py
[2026-07-12T10:48:18.504+0000] {processor.py:830} INFO - Processing file /home/airflow/.local/lib/python3.8/site-packages/airflow/example_dags/tutorial_objectstorage.py for tasks to queue
[2026-07-12T10:48:18.506+0000] {logging_mixin.py:188} INFO - [2026-07-12T10:48:18.506+0000] {dagbag.py:538} INFO - Filling up the DagBag from /home/airflow/.local/lib/python3.8/site-packages/airflow/example_dags/tutorial_objectstorage.py
[2026-07-12T10:48:18.519+0000] {processor.py:840} INFO - DAG(s) 'tutorial_objectstorage' retrieved from /home/airflow/.local/lib/python3.8/site-packages/airflow/example_dags/tutorial_objectstorage.py
[2026-07-12T10:48:18.543+0000] {logging_mixin.py:188} INFO - [2026-07-12T10:48:18.542+0000] {dag.py:3036} INFO - Sync 1 DAGs
[2026-07-12T10:48:18.554+0000] {logging_mixin.py:188} INFO - [2026-07-12T10:48:18.554+0000] {dag.py:3823} INFO - Setting next_dagrun for tutorial_objectstorage to None, run_after=None
[2026-07-12T10:48:18.572+0000] {processor.py:183} INFO - Processing /home/airflow/.local/lib/python3.8/site-packages/airflow/example_dags/tutorial_objectstorage.py took 0.073 seconds
[2026-07-12T10:48:48.609+0000] {processor.py:161} INFO - Started process (PID=1394) to work on /home/airflow/.local/lib/python3.8/site-packages/airflow/example_dags/tutorial_objectstorage.py
[2026-07-12T10:48:48.611+0000] {processor.py:830} INFO - Processing file /home/airflow/.local/lib/python3.8/site-packages/airflow/example_dags/tutorial_objectstorage.py for tasks to queue
[2026-07-12T10:48:48.613+0000] {logging_mixin.py:188} INFO - [2026-07-12T10:48:48.613+0000] {dagbag.py:538} INFO - Filling up the DagBag from /home/airflow/.local/lib/python3.8/site-packages/airflow/example_dags/tutorial_objectstorage.py
[2026-07-12T10:48:48.619+0000] {processor.py:840} INFO - DAG(s) 'tutorial_objectstorage' retrieved from /home/airflow/.local/lib/python3.8/site-packages/airflow/example_dags/tutorial_objectstorage.py
[2026-07-12T10:48:48.635+0000] {logging_mixin.py:188} INFO - [2026-07-12T10:48:48.635+0000] {dag.py:3036} INFO - Sync 1 DAGs
[2026-07-12T10:48:48.645+0000] {logging_mixin.py:188} INFO - [2026-07-12T10:48:48.645+0000] {dag.py:3823} INFO - Setting next_dagrun for tutorial_objectstorage to None, run_after=None
[2026-07-12T10:48:48.664+0000] {processor.py:183} INFO - Processing /home/airflow/.local/lib/python3.8/site-packages/airflow/example_dags/tutorial_objectstorage.py took 0.058 seconds
[2026-07-12T10:49:18.899+0000] {processor.py:161} INFO - Started process (PID=1450) to work on /home/airflow/.local/lib/python3.8/site-packages/airflow/example_dags/tutorial_objectstorage.py
[2026-07-12T10:49:18.902+0000] {processor.py:830} INFO - Processing file /home/airflow/.local/lib/python3.8/site-packages/airflow/example_dags/tutorial_objectstorage.py for tasks to queue
[2026-07-12T10:49:18.903+0000] {logging_mixin.py:188} INFO - [2026-07-12T10:49:18.903+0000] {dagbag.py:538} INFO - Filling up the DagBag from /home/airflow/.local/lib/python3.8/site-packages/airflow/example_dags/tutorial_objectstorage.py
[2026-07-12T10:49:18.910+0000] {processor.py:840} INFO - DAG(s) 'tutorial_objectstorage' retrieved from /home/airflow/.local/lib/python3.8/site-packages/airflow/example_dags/tutorial_objectstorage.py
[2026-07-12T10:49:18.927+0000] {logging_mixin.py:188} INFO - [2026-07-12T10:49:18.927+0000] {dag.py:3036} INFO - Sync 1 DAGs
[2026-07-12T10:49:18.937+0000] {logging_mixin.py:188} INFO - [2026-07-12T10:49:18.937+0000] {dag.py:3823} INFO - Setting next_dagrun for tutorial_objectstorage to None, run_after=None
[2026-07-12T10:49:18.953+0000] {processor.py:183} INFO - Processing /home/airflow/.local/lib/python3.8/site-packages/airflow/example_dags/tutorial_objectstorage.py took 0.057 seconds
[2026-07-12T10:49:49.270+0000] {processor.py:161} INFO - Started process (PID=1506) to work on /home/airflow/.local/lib/python3.8/site-packages/airflow/example_dags/tutorial_objectstorage.py
[2026-07-12T10:49:49.276+0000] {processor.py:830} INFO - Processing file /home/airflow/.local/lib/python3.8/site-packages/airflow/example_dags/tutorial_objectstorage.py for tasks to queue
[2026-07-12T10:49:49.281+0000] {logging_mixin.py:188} INFO - [2026-07-12T10:49:49.280+0000] {dagbag.py:538} INFO - Filling up the DagBag from /home/airflow/.local/lib/python3.8/site-packages/airflow/example_dags/tutorial_objectstorage.py
[2026-07-12T10:49:49.296+0000] {processor.py:840} INFO - DAG(s) 'tutorial_objectstorage' retrieved from /home/airflow/.local/lib/python3.8/site-packages/airflow/example_dags/tutorial_objectstorage.py
[2026-07-12T10:49:49.316+0000] {logging_mixin.py:188} INFO - [2026-07-12T10:49:49.316+0000] {dag.py:3036} INFO - Sync 1 DAGs
[2026-07-12T10:49:49.325+0000] {logging_mixin.py:188} INFO - [2026-07-12T10:49:49.325+0000] {dag.py:3823} INFO - Setting next_dagrun for tutorial_objectstorage to None, run_after=None
[2026-07-12T10:49:49.341+0000] {processor.py:183} INFO - Processing /home/airflow/.local/lib/python3.8/site-packages/airflow/example_dags/tutorial_objectstorage.py took 0.080 seconds
[2026-07-12T10:50:19.370+0000] {processor.py:161} INFO - Started process (PID=1562) to work on /home/airflow/.local/lib/python3.8/site-packages/airflow/example_dags/tutorial_objectstorage.py
[2026-07-12T10:50:19.373+0000] {processor.py:830} INFO - Processing file /home/airflow/.local/lib/python3.8/site-packages/airflow/example_dags/tutorial_objectstorage.py for tasks to queue
[2026-07-12T10:50:19.374+0000] {logging_mixin.py:188} INFO - [2026-07-12T10:50:19.374+0000] {dagbag.py:538} INFO - Filling up the DagBag from /home/airflow/.local/lib/python3.8/site-packages/airflow/example_dags/tutorial_objectstorage.py
[2026-07-12T10:50:19.379+0000] {processor.py:840} INFO - DAG(s) 'tutorial_objectstorage' retrieved from /home/airflow/.local/lib/python3.8/site-packages/airflow/example_dags/tutorial_objectstorage.py
[2026-07-12T10:50:19.401+0000] {logging_mixin.py:188} INFO - [2026-07-12T10:50:19.401+0000] {dag.py:3036} INFO - Sync 1 DAGs
[2026-07-12T10:50:19.411+0000] {logging_mixin.py:188} INFO - [2026-07-12T10:50:19.411+0000] {dag.py:3823} INFO - Setting next_dagrun for tutorial_objectstorage to None, run_after=None
[2026-07-12T10:50:19.426+0000] {processor.py:183} INFO - Processing /home/airflow/.local/lib/python3.8/site-packages/airflow/example_dags/tutorial_objectstorage.py took 0.060 seconds
[2026-07-12T10:50:49.628+0000] {processor.py:161} INFO - Started process (PID=1618) to work on /home/airflow/.local/lib/python3.8/site-packages/airflow/example_dags/tutorial_objectstorage.py
[2026-07-12T10:50:49.630+0000] {processor.py:830} INFO - Processing file /home/airflow/.local/lib/python3.8/site-packages/airflow/example_dags/tutorial_objectstorage.py for tasks to queue
[2026-07-12T10:50:49.632+0000] {logging_mixin.py:188} INFO - [2026-07-12T10:50:49.632+0000] {dagbag.py:538} INFO - Filling up the DagBag from /home/airflow/.local/lib/python3.8/site-packages/airflow/example_dags/tutorial_objectstorage.py
[2026-07-12T10:50:49.638+0000] {processor.py:840} INFO - DAG(s) 'tutorial_objectstorage' retrieved from /home/airflow/.local/lib/python3.8/site-packages/airflow/example_dags/tutorial_objectstorage.py
[2026-07-12T10:50:49.653+0000] {logging_mixin.py:188} INFO - [2026-07-12T10:50:49.653+0000] {dag.py:3036} INFO - Sync 1 DAGs
[2026-07-12T10:50:49.662+0000] {logging_mixin.py:188} INFO - [2026-07-12T10:50:49.662+0000] {dag.py:3823} INFO - Setting next_dagrun for tutorial_objectstorage to None, run_after=None
[2026-07-12T10:50:49.678+0000] {processor.py:183} INFO - Processing /home/airflow/.local/lib/python3.8/site-packages/airflow/example_dags/tutorial_objectstorage.py took 0.053 seconds
[2026-07-12T10:51:19.733+0000] {processor.py:161} INFO - Started process (PID=1674) to work on /home/airflow/.local/lib/python3.8/site-packages/airflow/example_dags/tutorial_objectstorage.py
[2026-07-12T10:51:19.735+0000] {processor.py:830} INFO - Processing file /home/airflow/.local/lib/python3.8/site-packages/airflow/example_dags/tutorial_objectstorage.py for tasks to queue
[2026-07-12T10:51:19.737+0000] {logging_mixin.py:188} INFO - [2026-07-12T10:51:19.737+0000] {dagbag.py:538} INFO - Filling up the DagBag from /home/airflow/.local/lib/python3.8/site-packages/airflow/example_dags/tutorial_objectstorage.py
[2026-07-12T10:51:19.743+0000] {processor.py:840} INFO - DAG(s) 'tutorial_objectstorage' retrieved from /home/airflow/.local/lib/python3.8/site-packages/airflow/example_dags/tutorial_objectstorage.py
[2026-07-12T10:51:19.759+0000] {logging_mixin.py:188} INFO - [2026-07-12T10:51:19.758+0000] {dag.py:3036} INFO - Sync 1 DAGs
[2026-07-12T10:51:19.767+0000] {logging_mixin.py:188} INFO - [2026-07-12T10:51:19.767+0000] {dag.py:3823} INFO - Setting next_dagrun for tutorial_objectstorage to None, run_after=None
[2026-07-12T10:51:19.781+0000] {processor.py:183} INFO - Processing /home/airflow/.local/lib/python3.8/site-packages/airflow/example_dags/tutorial_objectstorage.py took 0.052 seconds
[2026-07-12T10:51:49.906+0000] {processor.py:161} INFO - Started process (PID=1730) to work on /home/airflow/.local/lib/python3.8/site-packages/airflow/example_dags/tutorial_objectstorage.py
[2026-07-12T10:51:49.909+0000] {processor.py:830} INFO - Processing file /home/airflow/.local/lib/python3.8/site-packages/airflow/example_dags/tutorial_objectstorage.py for tasks to queue
[2026-07-12T10:51:49.911+0000] {logging_mixin.py:188} INFO - [2026-07-12T10:51:49.910+0000] {dagbag.py:538} INFO - Filling up the DagBag from /home/airflow/.local/lib/python3.8/site-packages/airflow/example_dags/tutorial_objectstorage.py
[2026-07-12T10:51:49.916+0000] {processor.py:840} INFO - DAG(s) 'tutorial_objectstorage' retrieved from /home/airflow/.local/lib/python3.8/site-packages/airflow/example_dags/tutorial_objectstorage.py
[2026-07-12T10:51:49.931+0000] {logging_mixin.py:188} INFO - [2026-07-12T10:51:49.931+0000] {dag.py:3036} INFO - Sync 1 DAGs
[2026-07-12T10:51:49.941+0000] {logging_mixin.py:188} INFO - [2026-07-12T10:51:49.940+0000] {dag.py:3823} INFO - Setting next_dagrun for tutorial_objectstorage to None, run_after=None
[2026-07-12T10:51:49.957+0000] {processor.py:183} INFO - Processing /home/airflow/.local/lib/python3.8/site-packages/airflow/example_dags/tutorial_objectstorage.py took 0.057 seconds
[2026-07-12T10:52:20.035+0000] {processor.py:161} INFO - Started process (PID=1786) to work on /home/airflow/.local/lib/python3.8/site-packages/airflow/example_dags/tutorial_objectstorage.py
[2026-07-12T10:52:20.039+0000] {processor.py:830} INFO - Processing file /home/airflow/.local/lib/python3.8/site-packages/airflow/example_dags/tutorial_objectstorage.py for tasks to queue
[2026-07-12T10:52:20.040+0000] {logging_mixin.py:188} INFO - [2026-07-12T10:52:20.040+0000] {dagbag.py:538} INFO - Filling up the DagBag from /home/airflow/.local/lib/python3.8/site-packages/airflow/example_dags/tutorial_objectstorage.py
[2026-07-12T10:52:20.048+0000] {processor.py:840} INFO - DAG(s) 'tutorial_objectstorage' retrieved from /home/airflow/.local/lib/python3.8/site-packages/airflow/example_dags/tutorial_objectstorage.py
[2026-07-12T10:52:20.066+0000] {logging_mixin.py:188} INFO - [2026-07-12T10:52:20.066+0000] {dag.py:3036} INFO - Sync 1 DAGs
[2026-07-12T10:52:20.076+0000] {logging_mixin.py:188} INFO - [2026-07-12T10:52:20.075+0000] {dag.py:3823} INFO - Setting next_dagrun for tutorial_objectstorage to None, run_after=None
[2026-07-12T10:52:20.093+0000] {processor.py:183} INFO - Processing /home/airflow/.local/lib/python3.8/site-packages/airflow/example_dags/tutorial_objectstorage.py took 0.063 seconds
[2026-07-12T10:52:50.475+0000] {processor.py:161} INFO - Started process (PID=1842) to work on /home/airflow/.local/lib/python3.8/site-packages/airflow/example_dags/tutorial_objectstorage.py
[2026-07-12T10:52:50.478+0000] {processor.py:830} INFO - Processing file /home/airflow/.local/lib/python3.8/site-packages/airflow/example_dags/tutorial_objectstorage.py for tasks to queue
[2026-07-12T10:52:50.481+0000] {logging_mixin.py:188} INFO - [2026-07-12T10:52:50.480+0000] {dagbag.py:538} INFO - Filling up the DagBag from /home/airflow/.local/lib/python3.8/site-packages/airflow/example_dags/tutorial_objectstorage.py
[2026-07-12T10:52:50.492+0000] {processor.py:840} INFO - DAG(s) 'tutorial_objectstorage' retrieved from /home/airflow/.local/lib/python3.8/site-packages/airflow/example_dags/tutorial_objectstorage.py
[2026-07-12T10:52:50.515+0000] {logging_mixin.py:188} INFO - [2026-07-12T10:52:50.515+0000] {dag.py:3036} INFO - Sync 1 DAGs
[2026-07-12T10:52:50.525+0000] {logging_mixin.py:188} INFO - [2026-07-12T10:52:50.525+0000] {dag.py:3823} INFO - Setting next_dagrun for tutorial_objectstorage to None, run_after=None
[2026-07-12T10:52:50.542+0000] {processor.py:183} INFO - Processing /home/airflow/.local/lib/python3.8/site-packages/airflow/example_dags/tutorial_objectstorage.py took 0.070 seconds
[2026-07-12T10:53:20.609+0000] {processor.py:161} INFO - Started process (PID=1898) to work on /home/airflow/.local/lib/python3.8/site-packages/airflow/example_dags/tutorial_objectstorage.py
[2026-07-12T10:53:20.612+0000] {processor.py:830} INFO - Processing file /home/airflow/.local/lib/python3.8/site-packages/airflow/example_dags/tutorial_objectstorage.py for tasks to queue
[2026-07-12T10:53:20.614+0000] {logging_mixin.py:188} INFO - [2026-07-12T10:53:20.614+0000] {dagbag.py:538} INFO - Filling up the DagBag from /home/airflow/.local/lib/python3.8/site-packages/airflow/example_dags/tutorial_objectstorage.py
[2026-07-12T10:53:20.620+0000] {processor.py:840} INFO - DAG(s) 'tutorial_objectstorage' retrieved from /home/airflow/.local/lib/python3.8/site-packages/airflow/example_dags/tutorial_objectstorage.py
[2026-07-12T10:53:20.637+0000] {logging_mixin.py:188} INFO - [2026-07-12T10:53:20.637+0000] {dag.py:3036} INFO - Sync 1 DAGs
[2026-07-12T10:53:20.647+0000] {logging_mixin.py:188} INFO - [2026-07-12T10:53:20.647+0000] {dag.py:3823} INFO - Setting next_dagrun for tutorial_objectstorage to None, run_after=None
[2026-07-12T10:53:20.662+0000] {processor.py:183} INFO - Processing /home/airflow/.local/lib/python3.8/site-packages/airflow/example_dags/tutorial_objectstorage.py took 0.056 seconds
[2026-07-12T11:23:32.683+0000] {processor.py:161} INFO - Started process (PID=55) to work on /home/airflow/.local/lib/python3.8/site-packages/airflow/example_dags/tutorial_objectstorage.py
[2026-07-12T11:23:32.685+0000] {processor.py:830} INFO - Processing file /home/airflow/.local/lib/python3.8/site-packages/airflow/example_dags/tutorial_objectstorage.py for tasks to queue
[2026-07-12T11:23:32.687+0000] {logging_mixin.py:188} INFO - [2026-07-12T11:23:32.686+0000] {dagbag.py:538} INFO - Filling up the DagBag from /home/airflow/.local/lib/python3.8/site-packages/airflow/example_dags/tutorial_objectstorage.py
[2026-07-12T11:23:32.698+0000] {processor.py:840} INFO - DAG(s) 'tutorial_objectstorage' retrieved from /home/airflow/.local/lib/python3.8/site-packages/airflow/example_dags/tutorial_objectstorage.py
[2026-07-12T11:23:32.712+0000] {logging_mixin.py:188} INFO - [2026-07-12T11:23:32.712+0000] {dag.py:3036} INFO - Sync 1 DAGs
[2026-07-12T11:23:32.726+0000] {logging_mixin.py:188} INFO - [2026-07-12T11:23:32.725+0000] {dag.py:3823} INFO - Setting next_dagrun for tutorial_objectstorage to None, run_after=None
[2026-07-12T11:23:32.746+0000] {processor.py:183} INFO - Processing /home/airflow/.local/lib/python3.8/site-packages/airflow/example_dags/tutorial_objectstorage.py took 0.066 seconds
[2026-07-12T11:24:03.479+0000] {processor.py:161} INFO - Started process (PID=111) to work on /home/airflow/.local/lib/python3.8/site-packages/airflow/example_dags/tutorial_objectstorage.py
[2026-07-12T11:24:03.480+0000] {processor.py:830} INFO - Processing file /home/airflow/.local/lib/python3.8/site-packages/airflow/example_dags/tutorial_objectstorage.py for tasks to queue
[2026-07-12T11:24:03.482+0000] {logging_mixin.py:188} INFO - [2026-07-12T11:24:03.481+0000] {dagbag.py:538} INFO - Filling up the DagBag from /home/airflow/.local/lib/python3.8/site-packages/airflow/example_dags/tutorial_objectstorage.py
[2026-07-12T11:24:03.488+0000] {processor.py:840} INFO - DAG(s) 'tutorial_objectstorage' retrieved from /home/airflow/.local/lib/python3.8/site-packages/airflow/example_dags/tutorial_objectstorage.py
[2026-07-12T11:24:03.488+0000] {logging_mixin.py:188} INFO - [2026-07-12T11:24:03.487+0000] {dag.py:3036} INFO - Sync 1 DAGs
[2026-07-12T11:24:03.495+0000] {logging_mixin.py:188} INFO - [2026-07-12T11:24:03.494+0000] {dag.py:3823} INFO - Setting next_dagrun for tutorial_objectstorage to None, run_after=None
[2026-07-12T11:24:03.513+0000] {processor.py:183} INFO - Processing /home/airflow/.local/lib/python3.8/site-packages/airflow/example_dags/tutorial_objectstorage.py took 0.109 seconds
[2026-07-12T11:24:33.658+0000] {processor.py:161} INFO - Started process (PID=167) to work on /home/airflow/.local/lib/python3.8/site-packages/airflow/example_dags/tutorial_objectstorage.py
[2026-07-12T11:24:33.659+0000] {processor.py:830} INFO - Processing file /home/airflow/.local/lib/python3.8/site-packages/airflow/example_dags/tutorial_objectstorage.py for tasks to queue
[2026-07-12T11:24:33.660+0000] {logging_mixin.py:188} INFO - [2026-07-12T11:24:33.660+0000] {dagbag.py:538} INFO - Filling up the DagBag from /home/airflow/.local/lib/python3.8/site-packages/airflow/example_dags/tutorial_objectstorage.py
[2026-07-12T11:24:33.666+0000] {processor.py:840} INFO - DAG(s) 'tutorial_objectstorage' retrieved from /home/airflow/.local/lib/python3.8/site-packages/airflow/example_dags/tutorial_objectstorage.py
[2026-07-12T11:24:33.681+0000] {logging_mixin.py:188} INFO - [2026-07-12T11:24:33.681+0000] {dag.py:3036} INFO - Sync 1 DAGs
[2026-07-12T11:24:33.690+0000] {logging_mixin.py:188} INFO - [2026-07-12T11:24:33.690+0000] {dag.py:3823} INFO - Setting next_dagrun for tutorial_objectstorage to None, run_after=None
[2026-07-12T11:24:33.705+0000] {processor.py:183} INFO - Processing /home/airflow/.local/lib/python3.8/site-packages/airflow/example_dags/tutorial_objectstorage.py took 0.051 seconds
[2026-07-12T11:25:05.157+0000] {processor.py:161} INFO - Started process (PID=232) to work on /home/airflow/.local/lib/python3.8/site-packages/airflow/example_dags/tutorial_objectstorage.py
[2026-07-12T11:25:05.160+0000] {processor.py:830} INFO - Processing file /home/airflow/.local/lib/python3.8/site-packages/airflow/example_dags/tutorial_objectstorage.py for tasks to queue
[2026-07-12T11:25:05.165+0000] {logging_mixin.py:188} INFO - [2026-07-12T11:25:05.164+0000] {dagbag.py:538} INFO - Filling up the DagBag from /home/airflow/.local/lib/python3.8/site-packages/airflow/example_dags/tutorial_objectstorage.py
[2026-07-12T11:25:05.191+0000] {processor.py:840} INFO - DAG(s) 'tutorial_objectstorage' retrieved from /home/airflow/.local/lib/python3.8/site-packages/airflow/example_dags/tutorial_objectstorage.py
[2026-07-12T11:25:05.233+0000] {logging_mixin.py:188} INFO - [2026-07-12T11:25:05.233+0000] {dag.py:3036} INFO - Sync 1 DAGs
[2026-07-12T11:25:05.255+0000] {logging_mixin.py:188} INFO - [2026-07-12T11:25:05.254+0000] {dag.py:3823} INFO - Setting next_dagrun for tutorial_objectstorage to None, run_after=None
[2026-07-12T11:25:05.309+0000] {processor.py:183} INFO - Processing /home/airflow/.local/lib/python3.8/site-packages/airflow/example_dags/tutorial_objectstorage.py took 0.159 seconds
[2026-07-12T11:25:35.734+0000] {processor.py:161} INFO - Started process (PID=288) to work on /home/airflow/.local/lib/python3.8/site-packages/airflow/example_dags/tutorial_objectstorage.py
[2026-07-12T11:25:35.737+0000] {processor.py:830} INFO - Processing file /home/airflow/.local/lib/python3.8/site-packages/airflow/example_dags/tutorial_objectstorage.py for tasks to queue
[2026-07-12T11:25:35.741+0000] {logging_mixin.py:188} INFO - [2026-07-12T11:25:35.740+0000] {dagbag.py:538} INFO - Filling up the DagBag from /home/airflow/.local/lib/python3.8/site-packages/airflow/example_dags/tutorial_objectstorage.py
[2026-07-12T11:25:35.750+0000] {processor.py:840} INFO - DAG(s) 'tutorial_objectstorage' retrieved from /home/airflow/.local/lib/python3.8/site-packages/airflow/example_dags/tutorial_objectstorage.py
[2026-07-12T11:25:35.774+0000] {logging_mixin.py:188} INFO - [2026-07-12T11:25:35.773+0000] {dag.py:3036} INFO - Sync 1 DAGs
[2026-07-12T11:25:35.789+0000] {logging_mixin.py:188} INFO - [2026-07-12T11:25:35.789+0000] {dag.py:3823} INFO - Setting next_dagrun for tutorial_objectstorage to None, run_after=None
[2026-07-12T11:25:35.820+0000] {processor.py:183} INFO - Processing /home/airflow/.local/lib/python3.8/site-packages/airflow/example_dags/tutorial_objectstorage.py took 0.092 seconds
[2026-07-12T11:26:05.993+0000] {processor.py:161} INFO - Started process (PID=344) to work on /home/airflow/.local/lib/python3.8/site-packages/airflow/example_dags/tutorial_objectstorage.py
[2026-07-12T11:26:05.995+0000] {processor.py:830} INFO - Processing file /home/airflow/.local/lib/python3.8/site-packages/airflow/example_dags/tutorial_objectstorage.py for tasks to queue
[2026-07-12T11:26:05.997+0000] {logging_mixin.py:188} INFO - [2026-07-12T11:26:05.996+0000] {dagbag.py:538} INFO - Filling up the DagBag from /home/airflow/.local/lib/python3.8/site-packages/airflow/example_dags/tutorial_objectstorage.py
[2026-07-12T11:26:06.003+0000] {processor.py:840} INFO - DAG(s) 'tutorial_objectstorage' retrieved from /home/airflow/.local/lib/python3.8/site-packages/airflow/example_dags/tutorial_objectstorage.py
[2026-07-12T11:26:06.022+0000] {logging_mixin.py:188} INFO - [2026-07-12T11:26:06.022+0000] {dag.py:3036} INFO - Sync 1 DAGs
[2026-07-12T11:26:06.034+0000] {logging_mixin.py:188} INFO - [2026-07-12T11:26:06.034+0000] {dag.py:3823} INFO - Setting next_dagrun for tutorial_objectstorage to None, run_after=None
[2026-07-12T11:26:06.052+0000] {processor.py:183} INFO - Processing /home/airflow/.local/lib/python3.8/site-packages/airflow/example_dags/tutorial_objectstorage.py took 0.064 seconds
[2026-07-12T11:26:36.281+0000] {processor.py:161} INFO - Started process (PID=400) to work on /home/airflow/.local/lib/python3.8/site-packages/airflow/example_dags/tutorial_objectstorage.py
[2026-07-12T11:26:36.284+0000] {processor.py:830} INFO - Processing file /home/airflow/.local/lib/python3.8/site-packages/airflow/example_dags/tutorial_objectstorage.py for tasks to queue
[2026-07-12T11:26:36.286+0000] {logging_mixin.py:188} INFO - [2026-07-12T11:26:36.285+0000] {dagbag.py:538} INFO - Filling up the DagBag from /home/airflow/.local/lib/python3.8/site-packages/airflow/example_dags/tutorial_objectstorage.py
[2026-07-12T11:26:36.301+0000] {processor.py:840} INFO - DAG(s) 'tutorial_objectstorage' retrieved from /home/airflow/.local/lib/python3.8/site-packages/airflow/example_dags/tutorial_objectstorage.py
[2026-07-12T11:26:36.333+0000] {logging_mixin.py:188} INFO - [2026-07-12T11:26:36.333+0000] {dag.py:3036} INFO - Sync 1 DAGs
[2026-07-12T11:26:36.357+0000] {logging_mixin.py:188} INFO - [2026-07-12T11:26:36.356+0000] {dag.py:3823} INFO - Setting next_dagrun for tutorial_objectstorage to None, run_after=None
[2026-07-12T11:26:36.394+0000] {processor.py:183} INFO - Processing /home/airflow/.local/lib/python3.8/site-packages/airflow/example_dags/tutorial_objectstorage.py took 0.118 seconds
[2026-07-12T11:27:06.429+0000] {processor.py:161} INFO - Started process (PID=457) to work on /home/airflow/.local/lib/python3.8/site-packages/airflow/example_dags/tutorial_objectstorage.py
[2026-07-12T11:27:06.430+0000] {processor.py:830} INFO - Processing file /home/airflow/.local/lib/python3.8/site-packages/airflow/example_dags/tutorial_objectstorage.py for tasks to queue
[2026-07-12T11:27:06.432+0000] {logging_mixin.py:188} INFO - [2026-07-12T11:27:06.432+0000] {dagbag.py:538} INFO - Filling up the DagBag from /home/airflow/.local/lib/python3.8/site-packages/airflow/example_dags/tutorial_objectstorage.py
[2026-07-12T11:27:06.438+0000] {processor.py:840} INFO - DAG(s) 'tutorial_objectstorage' retrieved from /home/airflow/.local/lib/python3.8/site-packages/airflow/example_dags/tutorial_objectstorage.py
[2026-07-12T11:27:06.455+0000] {logging_mixin.py:188} INFO - [2026-07-12T11:27:06.454+0000] {dag.py:3036} INFO - Sync 1 DAGs
[2026-07-12T11:27:06.463+0000] {logging_mixin.py:188} INFO - [2026-07-12T11:27:06.463+0000] {dag.py:3823} INFO - Setting next_dagrun for tutorial_objectstorage to None, run_after=None
[2026-07-12T11:27:06.479+0000] {processor.py:183} INFO - Processing /home/airflow/.local/lib/python3.8/site-packages/airflow/example_dags/tutorial_objectstorage.py took 0.052 seconds
[2026-07-12T11:27:36.557+0000] {processor.py:161} INFO - Started process (PID=513) to work on /home/airflow/.local/lib/python3.8/site-packages/airflow/example_dags/tutorial_objectstorage.py
[2026-07-12T11:27:36.558+0000] {processor.py:830} INFO - Processing file /home/airflow/.local/lib/python3.8/site-packages/airflow/example_dags/tutorial_objectstorage.py for tasks to queue
[2026-07-12T11:27:36.560+0000] {logging_mixin.py:188} INFO - [2026-07-12T11:27:36.560+0000] {dagbag.py:538} INFO - Filling up the DagBag from /home/airflow/.local/lib/python3.8/site-packages/airflow/example_dags/tutorial_objectstorage.py
[2026-07-12T11:27:36.567+0000] {processor.py:840} INFO - DAG(s) 'tutorial_objectstorage' retrieved from /home/airflow/.local/lib/python3.8/site-packages/airflow/example_dags/tutorial_objectstorage.py
[2026-07-12T11:27:36.591+0000] {logging_mixin.py:188} INFO - [2026-07-12T11:27:36.590+0000] {dag.py:3036} INFO - Sync 1 DAGs
[2026-07-12T11:27:36.629+0000] {logging_mixin.py:188} INFO - [2026-07-12T11:27:36.629+0000] {dag.py:3823} INFO - Setting next_dagrun for tutorial_objectstorage to None, run_after=None
[2026-07-12T11:27:36.663+0000] {processor.py:183} INFO - Processing /home/airflow/.local/lib/python3.8/site-packages/airflow/example_dags/tutorial_objectstorage.py took 0.109 seconds
[2026-07-12T11:28:06.834+0000] {processor.py:161} INFO - Started process (PID=575) to work on /home/airflow/.local/lib/python3.8/site-packages/airflow/example_dags/tutorial_objectstorage.py
[2026-07-12T11:28:06.836+0000] {processor.py:830} INFO - Processing file /home/airflow/.local/lib/python3.8/site-packages/airflow/example_dags/tutorial_objectstorage.py for tasks to queue
[2026-07-12T11:28:06.837+0000] {logging_mixin.py:188} INFO - [2026-07-12T11:28:06.837+0000] {dagbag.py:538} INFO - Filling up the DagBag from /home/airflow/.local/lib/python3.8/site-packages/airflow/example_dags/tutorial_objectstorage.py
[2026-07-12T11:28:06.843+0000] {processor.py:840} INFO - DAG(s) 'tutorial_objectstorage' retrieved from /home/airflow/.local/lib/python3.8/site-packages/airflow/example_dags/tutorial_objectstorage.py
[2026-07-12T11:28:06.860+0000] {logging_mixin.py:188} INFO - [2026-07-12T11:28:06.859+0000] {dag.py:3036} INFO - Sync 1 DAGs
[2026-07-12T11:28:06.870+0000] {logging_mixin.py:188} INFO - [2026-07-12T11:28:06.869+0000] {dag.py:3823} INFO - Setting next_dagrun for tutorial_objectstorage to None, run_after=None
[2026-07-12T11:28:06.888+0000] {processor.py:183} INFO - Processing /home/airflow/.local/lib/python3.8/site-packages/airflow/example_dags/tutorial_objectstorage.py took 0.056 seconds
[2026-07-12T11:28:37.314+0000] {processor.py:161} INFO - Started process (PID=631) to work on /home/airflow/.local/lib/python3.8/site-packages/airflow/example_dags/tutorial_objectstorage.py
[2026-07-12T11:28:37.315+0000] {processor.py:830} INFO - Processing file /home/airflow/.local/lib/python3.8/site-packages/airflow/example_dags/tutorial_objectstorage.py for tasks to queue
[2026-07-12T11:28:37.316+0000] {logging_mixin.py:188} INFO - [2026-07-12T11:28:37.316+0000] {dagbag.py:538} INFO - Filling up the DagBag from /home/airflow/.local/lib/python3.8/site-packages/airflow/example_dags/tutorial_objectstorage.py
[2026-07-12T11:28:37.322+0000] {processor.py:840} INFO - DAG(s) 'tutorial_objectstorage' retrieved from /home/airflow/.local/lib/python3.8/site-packages/airflow/example_dags/tutorial_objectstorage.py
[2026-07-12T11:28:37.338+0000] {logging_mixin.py:188} INFO - [2026-07-12T11:28:37.337+0000] {dag.py:3036} INFO - Sync 1 DAGs
[2026-07-12T11:28:37.347+0000] {logging_mixin.py:188} INFO - [2026-07-12T11:28:37.347+0000] {dag.py:3823} INFO - Setting next_dagrun for tutorial_objectstorage to None, run_after=None
[2026-07-12T11:28:37.363+0000] {processor.py:183} INFO - Processing /home/airflow/.local/lib/python3.8/site-packages/airflow/example_dags/tutorial_objectstorage.py took 0.051 seconds
[2026-07-12T11:29:07.491+0000] {processor.py:161} INFO - Started process (PID=687) to work on /home/airflow/.local/lib/python3.8/site-packages/airflow/example_dags/tutorial_objectstorage.py
[2026-07-12T11:29:07.492+0000] {processor.py:830} INFO - Processing file /home/airflow/.local/lib/python3.8/site-packages/airflow/example_dags/tutorial_objectstorage.py for tasks to queue
[2026-07-12T11:29:07.494+0000] {logging_mixin.py:188} INFO - [2026-07-12T11:29:07.494+0000] {dagbag.py:538} INFO - Filling up the DagBag from /home/airflow/.local/lib/python3.8/site-packages/airflow/example_dags/tutorial_objectstorage.py
[2026-07-12T11:29:07.500+0000] {processor.py:840} INFO - DAG(s) 'tutorial_objectstorage' retrieved from /home/airflow/.local/lib/python3.8/site-packages/airflow/example_dags/tutorial_objectstorage.py
[2026-07-12T11:29:07.518+0000] {logging_mixin.py:188} INFO - [2026-07-12T11:29:07.518+0000] {dag.py:3036} INFO - Sync 1 DAGs
[2026-07-12T11:29:07.527+0000] {logging_mixin.py:188} INFO - [2026-07-12T11:29:07.527+0000] {dag.py:3823} INFO - Setting next_dagrun for tutorial_objectstorage to None, run_after=None
[2026-07-12T11:29:07.543+0000] {processor.py:183} INFO - Processing /home/airflow/.local/lib/python3.8/site-packages/airflow/example_dags/tutorial_objectstorage.py took 0.055 seconds
[2026-07-12T11:29:37.860+0000] {processor.py:161} INFO - Started process (PID=743) to work on /home/airflow/.local/lib/python3.8/site-packages/airflow/example_dags/tutorial_objectstorage.py
[2026-07-12T11:29:37.862+0000] {processor.py:830} INFO - Processing file /home/airflow/.local/lib/python3.8/site-packages/airflow/example_dags/tutorial_objectstorage.py for tasks to queue
[2026-07-12T11:29:37.863+0000] {logging_mixin.py:188} INFO - [2026-07-12T11:29:37.863+0000] {dagbag.py:538} INFO - Filling up the DagBag from /home/airflow/.local/lib/python3.8/site-packages/airflow/example_dags/tutorial_objectstorage.py
[2026-07-12T11:29:37.869+0000] {processor.py:840} INFO - DAG(s) 'tutorial_objectstorage' retrieved from /home/airflow/.local/lib/python3.8/site-packages/airflow/example_dags/tutorial_objectstorage.py
[2026-07-12T11:29:37.885+0000] {logging_mixin.py:188} INFO - [2026-07-12T11:29:37.885+0000] {dag.py:3036} INFO - Sync 1 DAGs
[2026-07-12T11:29:37.894+0000] {logging_mixin.py:188} INFO - [2026-07-12T11:29:37.894+0000] {dag.py:3823} INFO - Setting next_dagrun for tutorial_objectstorage to None, run_after=None
[2026-07-12T11:29:37.910+0000] {processor.py:183} INFO - Processing /home/airflow/.local/lib/python3.8/site-packages/airflow/example_dags/tutorial_objectstorage.py took 0.052 seconds
[2026-07-12T11:30:08.287+0000] {processor.py:161} INFO - Started process (PID=806) to work on /home/airflow/.local/lib/python3.8/site-packages/airflow/example_dags/tutorial_objectstorage.py
[2026-07-12T11:30:08.289+0000] {processor.py:830} INFO - Processing file /home/airflow/.local/lib/python3.8/site-packages/airflow/example_dags/tutorial_objectstorage.py for tasks to queue
[2026-07-12T11:30:08.293+0000] {logging_mixin.py:188} INFO - [2026-07-12T11:30:08.292+0000] {dagbag.py:538} INFO - Filling up the DagBag from /home/airflow/.local/lib/python3.8/site-packages/airflow/example_dags/tutorial_objectstorage.py
[2026-07-12T11:30:08.306+0000] {processor.py:840} INFO - DAG(s) 'tutorial_objectstorage' retrieved from /home/airflow/.local/lib/python3.8/site-packages/airflow/example_dags/tutorial_objectstorage.py
[2026-07-12T11:30:08.347+0000] {logging_mixin.py:188} INFO - [2026-07-12T11:30:08.346+0000] {dag.py:3036} INFO - Sync 1 DAGs
[2026-07-12T11:30:08.373+0000] {logging_mixin.py:188} INFO - [2026-07-12T11:30:08.372+0000] {dag.py:3823} INFO - Setting next_dagrun for tutorial_objectstorage to None, run_after=None
[2026-07-12T11:30:08.416+0000] {processor.py:183} INFO - Processing /home/airflow/.local/lib/python3.8/site-packages/airflow/example_dags/tutorial_objectstorage.py took 0.134 seconds
[2026-07-12T11:30:38.516+0000] {processor.py:161} INFO - Started process (PID=862) to work on /home/airflow/.local/lib/python3.8/site-packages/airflow/example_dags/tutorial_objectstorage.py
[2026-07-12T11:30:38.517+0000] {processor.py:830} INFO - Processing file /home/airflow/.local/lib/python3.8/site-packages/airflow/example_dags/tutorial_objectstorage.py for tasks to queue
[2026-07-12T11:30:38.519+0000] {logging_mixin.py:188} INFO - [2026-07-12T11:30:38.519+0000] {dagbag.py:538} INFO - Filling up the DagBag from /home/airflow/.local/lib/python3.8/site-packages/airflow/example_dags/tutorial_objectstorage.py
[2026-07-12T11:30:38.526+0000] {processor.py:840} INFO - DAG(s) 'tutorial_objectstorage' retrieved from /home/airflow/.local/lib/python3.8/site-packages/airflow/example_dags/tutorial_objectstorage.py
[2026-07-12T11:30:38.544+0000] {logging_mixin.py:188} INFO - [2026-07-12T11:30:38.543+0000] {dag.py:3036} INFO - Sync 1 DAGs
[2026-07-12T11:30:38.561+0000] {logging_mixin.py:188} INFO - [2026-07-12T11:30:38.560+0000] {dag.py:3823} INFO - Setting next_dagrun for tutorial_objectstorage to None, run_after=None
[2026-07-12T11:30:38.587+0000] {processor.py:183} INFO - Processing /home/airflow/.local/lib/python3.8/site-packages/airflow/example_dags/tutorial_objectstorage.py took 0.075 seconds
[2026-07-12T11:31:08.735+0000] {processor.py:161} INFO - Started process (PID=918) to work on /home/airflow/.local/lib/python3.8/site-packages/airflow/example_dags/tutorial_objectstorage.py
[2026-07-12T11:31:08.736+0000] {processor.py:830} INFO - Processing file /home/airflow/.local/lib/python3.8/site-packages/airflow/example_dags/tutorial_objectstorage.py for tasks to queue
[2026-07-12T11:31:08.738+0000] {logging_mixin.py:188} INFO - [2026-07-12T11:31:08.738+0000] {dagbag.py:538} INFO - Filling up the DagBag from /home/airflow/.local/lib/python3.8/site-packages/airflow/example_dags/tutorial_objectstorage.py
[2026-07-12T11:31:08.743+0000] {processor.py:840} INFO - DAG(s) 'tutorial_objectstorage' retrieved from /home/airflow/.local/lib/python3.8/site-packages/airflow/example_dags/tutorial_objectstorage.py
[2026-07-12T11:31:08.762+0000] {logging_mixin.py:188} INFO - [2026-07-12T11:31:08.761+0000] {dag.py:3036} INFO - Sync 1 DAGs
[2026-07-12T11:31:08.772+0000] {logging_mixin.py:188} INFO - [2026-07-12T11:31:08.771+0000] {dag.py:3823} INFO - Setting next_dagrun for tutorial_objectstorage to None, run_after=None
[2026-07-12T11:31:08.787+0000] {processor.py:183} INFO - Processing /home/airflow/.local/lib/python3.8/site-packages/airflow/example_dags/tutorial_objectstorage.py took 0.055 seconds
[2026-07-12T11:31:38.990+0000] {processor.py:161} INFO - Started process (PID=974) to work on /home/airflow/.local/lib/python3.8/site-packages/airflow/example_dags/tutorial_objectstorage.py
[2026-07-12T11:31:38.991+0000] {processor.py:830} INFO - Processing file /home/airflow/.local/lib/python3.8/site-packages/airflow/example_dags/tutorial_objectstorage.py for tasks to queue
[2026-07-12T11:31:38.993+0000] {logging_mixin.py:188} INFO - [2026-07-12T11:31:38.993+0000] {dagbag.py:538} INFO - Filling up the DagBag from /home/airflow/.local/lib/python3.8/site-packages/airflow/example_dags/tutorial_objectstorage.py
[2026-07-12T11:31:38.998+0000] {processor.py:840} INFO - DAG(s) 'tutorial_objectstorage' retrieved from /home/airflow/.local/lib/python3.8/site-packages/airflow/example_dags/tutorial_objectstorage.py
[2026-07-12T11:31:39.013+0000] {logging_mixin.py:188} INFO - [2026-07-12T11:31:39.013+0000] {dag.py:3036} INFO - Sync 1 DAGs
[2026-07-12T11:31:39.022+0000] {logging_mixin.py:188} INFO - [2026-07-12T11:31:39.021+0000] {dag.py:3823} INFO - Setting next_dagrun for tutorial_objectstorage to None, run_after=None
[2026-07-12T11:31:39.037+0000] {processor.py:183} INFO - Processing /home/airflow/.local/lib/python3.8/site-packages/airflow/example_dags/tutorial_objectstorage.py took 0.050 seconds
[2026-07-12T11:32:09.136+0000] {processor.py:161} INFO - Started process (PID=1030) to work on /home/airflow/.local/lib/python3.8/site-packages/airflow/example_dags/tutorial_objectstorage.py
[2026-07-12T11:32:09.137+0000] {processor.py:830} INFO - Processing file /home/airflow/.local/lib/python3.8/site-packages/airflow/example_dags/tutorial_objectstorage.py for tasks to queue
[2026-07-12T11:32:09.139+0000] {logging_mixin.py:188} INFO - [2026-07-12T11:32:09.139+0000] {dagbag.py:538} INFO - Filling up the DagBag from /home/airflow/.local/lib/python3.8/site-packages/airflow/example_dags/tutorial_objectstorage.py
[2026-07-12T11:32:09.145+0000] {processor.py:840} INFO - DAG(s) 'tutorial_objectstorage' retrieved from /home/airflow/.local/lib/python3.8/site-packages/airflow/example_dags/tutorial_objectstorage.py
[2026-07-12T11:32:09.163+0000] {logging_mixin.py:188} INFO - [2026-07-12T11:32:09.162+0000] {dag.py:3036} INFO - Sync 1 DAGs
[2026-07-12T11:32:09.172+0000] {logging_mixin.py:188} INFO - [2026-07-12T11:32:09.171+0000] {dag.py:3823} INFO - Setting next_dagrun for tutorial_objectstorage to None, run_after=None
[2026-07-12T11:32:09.187+0000] {processor.py:183} INFO - Processing /home/airflow/.local/lib/python3.8/site-packages/airflow/example_dags/tutorial_objectstorage.py took 0.054 seconds
[2026-07-12T11:32:39.281+0000] {processor.py:161} INFO - Started process (PID=1086) to work on /home/airflow/.local/lib/python3.8/site-packages/airflow/example_dags/tutorial_objectstorage.py
[2026-07-12T11:32:39.283+0000] {processor.py:830} INFO - Processing file /home/airflow/.local/lib/python3.8/site-packages/airflow/example_dags/tutorial_objectstorage.py for tasks to queue
[2026-07-12T11:32:39.284+0000] {logging_mixin.py:188} INFO - [2026-07-12T11:32:39.284+0000] {dagbag.py:538} INFO - Filling up the DagBag from /home/airflow/.local/lib/python3.8/site-packages/airflow/example_dags/tutorial_objectstorage.py
[2026-07-12T11:32:39.290+0000] {processor.py:840} INFO - DAG(s) 'tutorial_objectstorage' retrieved from /home/airflow/.local/lib/python3.8/site-packages/airflow/example_dags/tutorial_objectstorage.py
[2026-07-12T11:32:39.306+0000] {logging_mixin.py:188} INFO - [2026-07-12T11:32:39.306+0000] {dag.py:3036} INFO - Sync 1 DAGs
[2026-07-12T11:32:39.316+0000] {logging_mixin.py:188} INFO - [2026-07-12T11:32:39.316+0000] {dag.py:3823} INFO - Setting next_dagrun for tutorial_objectstorage to None, run_after=None
[2026-07-12T11:32:39.333+0000] {processor.py:183} INFO - Processing /home/airflow/.local/lib/python3.8/site-packages/airflow/example_dags/tutorial_objectstorage.py took 0.054 seconds
[2026-07-12T11:33:09.852+0000] {processor.py:161} INFO - Started process (PID=1142) to work on /home/airflow/.local/lib/python3.8/site-packages/airflow/example_dags/tutorial_objectstorage.py
[2026-07-12T11:33:09.853+0000] {processor.py:830} INFO - Processing file /home/airflow/.local/lib/python3.8/site-packages/airflow/example_dags/tutorial_objectstorage.py for tasks to queue
[2026-07-12T11:33:09.856+0000] {logging_mixin.py:188} INFO - [2026-07-12T11:33:09.856+0000] {dagbag.py:538} INFO - Filling up the DagBag from /home/airflow/.local/lib/python3.8/site-packages/airflow/example_dags/tutorial_objectstorage.py
[2026-07-12T11:33:09.862+0000] {processor.py:840} INFO - DAG(s) 'tutorial_objectstorage' retrieved from /home/airflow/.local/lib/python3.8/site-packages/airflow/example_dags/tutorial_objectstorage.py
[2026-07-12T11:33:09.877+0000] {logging_mixin.py:188} INFO - [2026-07-12T11:33:09.877+0000] {dag.py:3036} INFO - Sync 1 DAGs
[2026-07-12T11:33:09.887+0000] {logging_mixin.py:188} INFO - [2026-07-12T11:33:09.887+0000] {dag.py:3823} INFO - Setting next_dagrun for tutorial_objectstorage to None, run_after=None
[2026-07-12T11:33:09.904+0000] {processor.py:183} INFO - Processing /home/airflow/.local/lib/python3.8/site-packages/airflow/example_dags/tutorial_objectstorage.py took 0.055 seconds
[2026-07-12T11:33:40.300+0000] {processor.py:161} INFO - Started process (PID=1198) to work on /home/airflow/.local/lib/python3.8/site-packages/airflow/example_dags/tutorial_objectstorage.py
[2026-07-12T11:33:40.301+0000] {processor.py:830} INFO - Processing file /home/airflow/.local/lib/python3.8/site-packages/airflow/example_dags/tutorial_objectstorage.py for tasks to queue
[2026-07-12T11:33:40.302+0000] {logging_mixin.py:188} INFO - [2026-07-12T11:33:40.302+0000] {dagbag.py:538} INFO - Filling up the DagBag from /home/airflow/.local/lib/python3.8/site-packages/airflow/example_dags/tutorial_objectstorage.py
[2026-07-12T11:33:40.307+0000] {processor.py:840} INFO - DAG(s) 'tutorial_objectstorage' retrieved from /home/airflow/.local/lib/python3.8/site-packages/airflow/example_dags/tutorial_objectstorage.py
[2026-07-12T11:33:40.322+0000] {logging_mixin.py:188} INFO - [2026-07-12T11:33:40.322+0000] {dag.py:3036} INFO - Sync 1 DAGs
[2026-07-12T11:33:40.331+0000] {logging_mixin.py:188} INFO - [2026-07-12T11:33:40.331+0000] {dag.py:3823} INFO - Setting next_dagrun for tutorial_objectstorage to None, run_after=None
[2026-07-12T11:33:40.345+0000] {processor.py:183} INFO - Processing /home/airflow/.local/lib/python3.8/site-packages/airflow/example_dags/tutorial_objectstorage.py took 0.048 seconds
[2026-07-12T11:34:11.354+0000] {processor.py:161} INFO - Started process (PID=1254) to work on /home/airflow/.local/lib/python3.8/site-packages/airflow/example_dags/tutorial_objectstorage.py
[2026-07-12T11:34:11.356+0000] {processor.py:830} INFO - Processing file /home/airflow/.local/lib/python3.8/site-packages/airflow/example_dags/tutorial_objectstorage.py for tasks to queue
[2026-07-12T11:34:11.357+0000] {logging_mixin.py:188} INFO - [2026-07-12T11:34:11.357+0000] {dagbag.py:538} INFO - Filling up the DagBag from /home/airflow/.local/lib/python3.8/site-packages/airflow/example_dags/tutorial_objectstorage.py
[2026-07-12T11:34:11.362+0000] {processor.py:840} INFO - DAG(s) 'tutorial_objectstorage' retrieved from /home/airflow/.local/lib/python3.8/site-packages/airflow/example_dags/tutorial_objectstorage.py
[2026-07-12T11:34:11.377+0000] {logging_mixin.py:188} INFO - [2026-07-12T11:34:11.377+0000] {dag.py:3036} INFO - Sync 1 DAGs
[2026-07-12T11:34:11.386+0000] {logging_mixin.py:188} INFO - [2026-07-12T11:34:11.385+0000] {dag.py:3823} INFO - Setting next_dagrun for tutorial_objectstorage to None, run_after=None
[2026-07-12T11:34:11.400+0000] {processor.py:183} INFO - Processing /home/airflow/.local/lib/python3.8/site-packages/airflow/example_dags/tutorial_objectstorage.py took 0.048 seconds
[2026-07-12T11:34:41.508+0000] {processor.py:161} INFO - Started process (PID=1310) to work on /home/airflow/.local/lib/python3.8/site-packages/airflow/example_dags/tutorial_objectstorage.py
[2026-07-12T11:34:41.509+0000] {processor.py:830} INFO - Processing file /home/airflow/.local/lib/python3.8/site-packages/airflow/example_dags/tutorial_objectstorage.py for tasks to queue
[2026-07-12T11:34:41.511+0000] {logging_mixin.py:188} INFO - [2026-07-12T11:34:41.511+0000] {dagbag.py:538} INFO - Filling up the DagBag from /home/airflow/.local/lib/python3.8/site-packages/airflow/example_dags/tutorial_objectstorage.py
[2026-07-12T11:34:41.516+0000] {processor.py:840} INFO - DAG(s) 'tutorial_objectstorage' retrieved from /home/airflow/.local/lib/python3.8/site-packages/airflow/example_dags/tutorial_objectstorage.py
[2026-07-12T11:34:41.532+0000] {logging_mixin.py:188} INFO - [2026-07-12T11:34:41.532+0000] {dag.py:3036} INFO - Sync 1 DAGs
[2026-07-12T11:34:41.541+0000] {logging_mixin.py:188} INFO - [2026-07-12T11:34:41.541+0000] {dag.py:3823} INFO - Setting next_dagrun for tutorial_objectstorage to None, run_after=None
[2026-07-12T11:34:41.559+0000] {processor.py:183} INFO - Processing /home/airflow/.local/lib/python3.8/site-packages/airflow/example_dags/tutorial_objectstorage.py took 0.053 seconds
[2026-07-12T11:35:11.724+0000] {processor.py:161} INFO - Started process (PID=1366) to work on /home/airflow/.local/lib/python3.8/site-packages/airflow/example_dags/tutorial_objectstorage.py
[2026-07-12T11:35:11.725+0000] {processor.py:830} INFO - Processing file /home/airflow/.local/lib/python3.8/site-packages/airflow/example_dags/tutorial_objectstorage.py for tasks to queue
[2026-07-12T11:35:11.726+0000] {logging_mixin.py:188} INFO - [2026-07-12T11:35:11.726+0000] {dagbag.py:538} INFO - Filling up the DagBag from /home/airflow/.local/lib/python3.8/site-packages/airflow/example_dags/tutorial_objectstorage.py
[2026-07-12T11:35:11.732+0000] {processor.py:840} INFO - DAG(s) 'tutorial_objectstorage' retrieved from /home/airflow/.local/lib/python3.8/site-packages/airflow/example_dags/tutorial_objectstorage.py
[2026-07-12T11:35:11.748+0000] {logging_mixin.py:188} INFO - [2026-07-12T11:35:11.747+0000] {dag.py:3036} INFO - Sync 1 DAGs
[2026-07-12T11:35:11.758+0000] {logging_mixin.py:188} INFO - [2026-07-12T11:35:11.758+0000] {dag.py:3823} INFO - Setting next_dagrun for tutorial_objectstorage to None, run_after=None
[2026-07-12T11:35:11.773+0000] {processor.py:183} INFO - Processing /home/airflow/.local/lib/python3.8/site-packages/airflow/example_dags/tutorial_objectstorage.py took 0.052 seconds
[2026-07-12T11:35:42.034+0000] {processor.py:161} INFO - Started process (PID=1422) to work on /home/airflow/.local/lib/python3.8/site-packages/airflow/example_dags/tutorial_objectstorage.py
[2026-07-12T11:35:42.035+0000] {processor.py:830} INFO - Processing file /home/airflow/.local/lib/python3.8/site-packages/airflow/example_dags/tutorial_objectstorage.py for tasks to queue
[2026-07-12T11:35:42.036+0000] {logging_mixin.py:188} INFO - [2026-07-12T11:35:42.036+0000] {dagbag.py:538} INFO - Filling up the DagBag from /home/airflow/.local/lib/python3.8/site-packages/airflow/example_dags/tutorial_objectstorage.py
[2026-07-12T11:35:42.042+0000] {processor.py:840} INFO - DAG(s) 'tutorial_objectstorage' retrieved from /home/airflow/.local/lib/python3.8/site-packages/airflow/example_dags/tutorial_objectstorage.py
[2026-07-12T11:35:42.059+0000] {logging_mixin.py:188} INFO - [2026-07-12T11:35:42.059+0000] {dag.py:3036} INFO - Sync 1 DAGs
[2026-07-12T11:35:42.069+0000] {logging_mixin.py:188} INFO - [2026-07-12T11:35:42.068+0000] {dag.py:3823} INFO - Setting next_dagrun for tutorial_objectstorage to None, run_after=None
[2026-07-12T11:35:42.082+0000] {processor.py:183} INFO - Processing /home/airflow/.local/lib/python3.8/site-packages/airflow/example_dags/tutorial_objectstorage.py took 0.051 seconds
[2026-07-12T11:36:12.466+0000] {processor.py:161} INFO - Started process (PID=1478) to work on /home/airflow/.local/lib/python3.8/site-packages/airflow/example_dags/tutorial_objectstorage.py
[2026-07-12T11:36:12.467+0000] {processor.py:830} INFO - Processing file /home/airflow/.local/lib/python3.8/site-packages/airflow/example_dags/tutorial_objectstorage.py for tasks to queue
[2026-07-12T11:36:12.468+0000] {logging_mixin.py:188} INFO - [2026-07-12T11:36:12.468+0000] {dagbag.py:538} INFO - Filling up the DagBag from /home/airflow/.local/lib/python3.8/site-packages/airflow/example_dags/tutorial_objectstorage.py
[2026-07-12T11:36:12.473+0000] {processor.py:840} INFO - DAG(s) 'tutorial_objectstorage' retrieved from /home/airflow/.local/lib/python3.8/site-packages/airflow/example_dags/tutorial_objectstorage.py
[2026-07-12T11:36:12.488+0000] {logging_mixin.py:188} INFO - [2026-07-12T11:36:12.488+0000] {dag.py:3036} INFO - Sync 1 DAGs
[2026-07-12T11:36:12.498+0000] {logging_mixin.py:188} INFO - [2026-07-12T11:36:12.497+0000] {dag.py:3823} INFO - Setting next_dagrun for tutorial_objectstorage to None, run_after=None
[2026-07-12T11:36:12.512+0000] {processor.py:183} INFO - Processing /home/airflow/.local/lib/python3.8/site-packages/airflow/example_dags/tutorial_objectstorage.py took 0.049 seconds
[2026-07-12T11:36:42.789+0000] {processor.py:161} INFO - Started process (PID=1535) to work on /home/airflow/.local/lib/python3.8/site-packages/airflow/example_dags/tutorial_objectstorage.py
[2026-07-12T11:36:42.790+0000] {processor.py:830} INFO - Processing file /home/airflow/.local/lib/python3.8/site-packages/airflow/example_dags/tutorial_objectstorage.py for tasks to queue
[2026-07-12T11:36:42.792+0000] {logging_mixin.py:188} INFO - [2026-07-12T11:36:42.792+0000] {dagbag.py:538} INFO - Filling up the DagBag from /home/airflow/.local/lib/python3.8/site-packages/airflow/example_dags/tutorial_objectstorage.py
[2026-07-12T11:36:42.797+0000] {processor.py:840} INFO - DAG(s) 'tutorial_objectstorage' retrieved from /home/airflow/.local/lib/python3.8/site-packages/airflow/example_dags/tutorial_objectstorage.py
[2026-07-12T11:36:42.813+0000] {logging_mixin.py:188} INFO - [2026-07-12T11:36:42.813+0000] {dag.py:3036} INFO - Sync 1 DAGs
[2026-07-12T11:36:42.822+0000] {logging_mixin.py:188} INFO - [2026-07-12T11:36:42.822+0000] {dag.py:3823} INFO - Setting next_dagrun for tutorial_objectstorage to None, run_after=None
[2026-07-12T11:36:42.837+0000] {processor.py:183} INFO - Processing /home/airflow/.local/lib/python3.8/site-packages/airflow/example_dags/tutorial_objectstorage.py took 0.050 seconds
[2026-07-12T11:37:12.975+0000] {processor.py:161} INFO - Started process (PID=1591) to work on /home/airflow/.local/lib/python3.8/site-packages/airflow/example_dags/tutorial_objectstorage.py
[2026-07-12T11:37:12.976+0000] {processor.py:830} INFO - Processing file /home/airflow/.local/lib/python3.8/site-packages/airflow/example_dags/tutorial_objectstorage.py for tasks to queue
[2026-07-12T11:37:12.977+0000] {logging_mixin.py:188} INFO - [2026-07-12T11:37:12.977+0000] {dagbag.py:538} INFO - Filling up the DagBag from /home/airflow/.local/lib/python3.8/site-packages/airflow/example_dags/tutorial_objectstorage.py
[2026-07-12T11:37:12.983+0000] {processor.py:840} INFO - DAG(s) 'tutorial_objectstorage' retrieved from /home/airflow/.local/lib/python3.8/site-packages/airflow/example_dags/tutorial_objectstorage.py
[2026-07-12T11:37:13.000+0000] {logging_mixin.py:188} INFO - [2026-07-12T11:37:13.000+0000] {dag.py:3036} INFO - Sync 1 DAGs
[2026-07-12T11:37:13.011+0000] {logging_mixin.py:188} INFO - [2026-07-12T11:37:13.011+0000] {dag.py:3823} INFO - Setting next_dagrun for tutorial_objectstorage to None, run_after=None
[2026-07-12T11:37:13.027+0000] {processor.py:183} INFO - Processing /home/airflow/.local/lib/python3.8/site-packages/airflow/example_dags/tutorial_objectstorage.py took 0.055 seconds
[2026-07-12T11:37:43.151+0000] {processor.py:161} INFO - Started process (PID=1647) to work on /home/airflow/.local/lib/python3.8/site-packages/airflow/example_dags/tutorial_objectstorage.py
[2026-07-12T11:37:43.152+0000] {processor.py:830} INFO - Processing file /home/airflow/.local/lib/python3.8/site-packages/airflow/example_dags/tutorial_objectstorage.py for tasks to queue
[2026-07-12T11:37:43.153+0000] {logging_mixin.py:188} INFO - [2026-07-12T11:37:43.153+0000] {dagbag.py:538} INFO - Filling up the DagBag from /home/airflow/.local/lib/python3.8/site-packages/airflow/example_dags/tutorial_objectstorage.py
[2026-07-12T11:37:43.159+0000] {processor.py:840} INFO - DAG(s) 'tutorial_objectstorage' retrieved from /home/airflow/.local/lib/python3.8/site-packages/airflow/example_dags/tutorial_objectstorage.py
[2026-07-12T11:37:43.174+0000] {logging_mixin.py:188} INFO - [2026-07-12T11:37:43.174+0000] {dag.py:3036} INFO - Sync 1 DAGs
[2026-07-12T11:37:43.183+0000] {logging_mixin.py:188} INFO - [2026-07-12T11:37:43.183+0000] {dag.py:3823} INFO - Setting next_dagrun for tutorial_objectstorage to None, run_after=None
[2026-07-12T11:37:43.198+0000] {processor.py:183} INFO - Processing /home/airflow/.local/lib/python3.8/site-packages/airflow/example_dags/tutorial_objectstorage.py took 0.050 seconds
[2026-07-12T11:38:13.880+0000] {processor.py:161} INFO - Started process (PID=1703) to work on /home/airflow/.local/lib/python3.8/site-packages/airflow/example_dags/tutorial_objectstorage.py
[2026-07-12T11:38:13.882+0000] {processor.py:830} INFO - Processing file /home/airflow/.local/lib/python3.8/site-packages/airflow/example_dags/tutorial_objectstorage.py for tasks to queue
[2026-07-12T11:38:13.885+0000] {logging_mixin.py:188} INFO - [2026-07-12T11:38:13.884+0000] {dagbag.py:538} INFO - Filling up the DagBag from /home/airflow/.local/lib/python3.8/site-packages/airflow/example_dags/tutorial_objectstorage.py
[2026-07-12T11:38:13.897+0000] {processor.py:840} INFO - DAG(s) 'tutorial_objectstorage' retrieved from /home/airflow/.local/lib/python3.8/site-packages/airflow/example_dags/tutorial_objectstorage.py
[2026-07-12T11:38:13.928+0000] {logging_mixin.py:188} INFO - [2026-07-12T11:38:13.928+0000] {dag.py:3036} INFO - Sync 1 DAGs
[2026-07-12T11:38:13.943+0000] {logging_mixin.py:188} INFO - [2026-07-12T11:38:13.943+0000] {dag.py:3823} INFO - Setting next_dagrun for tutorial_objectstorage to None, run_after=None
[2026-07-12T11:38:13.972+0000] {processor.py:183} INFO - Processing /home/airflow/.local/lib/python3.8/site-packages/airflow/example_dags/tutorial_objectstorage.py took 0.100 seconds
[2026-07-12T11:38:44.314+0000] {processor.py:161} INFO - Started process (PID=1759) to work on /home/airflow/.local/lib/python3.8/site-packages/airflow/example_dags/tutorial_objectstorage.py
[2026-07-12T11:38:44.315+0000] {processor.py:830} INFO - Processing file /home/airflow/.local/lib/python3.8/site-packages/airflow/example_dags/tutorial_objectstorage.py for tasks to queue
[2026-07-12T11:38:44.316+0000] {logging_mixin.py:188} INFO - [2026-07-12T11:38:44.316+0000] {dagbag.py:538} INFO - Filling up the DagBag from /home/airflow/.local/lib/python3.8/site-packages/airflow/example_dags/tutorial_objectstorage.py
[2026-07-12T11:38:44.322+0000] {processor.py:840} INFO - DAG(s) 'tutorial_objectstorage' retrieved from /home/airflow/.local/lib/python3.8/site-packages/airflow/example_dags/tutorial_objectstorage.py
[2026-07-12T11:38:44.337+0000] {logging_mixin.py:188} INFO - [2026-07-12T11:38:44.337+0000] {dag.py:3036} INFO - Sync 1 DAGs
[2026-07-12T11:38:44.345+0000] {logging_mixin.py:188} INFO - [2026-07-12T11:38:44.345+0000] {dag.py:3823} INFO - Setting next_dagrun for tutorial_objectstorage to None, run_after=None
[2026-07-12T11:38:44.361+0000] {processor.py:183} INFO - Processing /home/airflow/.local/lib/python3.8/site-packages/airflow/example_dags/tutorial_objectstorage.py took 0.050 seconds
[2026-07-12T11:39:14.864+0000] {processor.py:161} INFO - Started process (PID=1815) to work on /home/airflow/.local/lib/python3.8/site-packages/airflow/example_dags/tutorial_objectstorage.py
[2026-07-12T11:39:14.865+0000] {processor.py:830} INFO - Processing file /home/airflow/.local/lib/python3.8/site-packages/airflow/example_dags/tutorial_objectstorage.py for tasks to queue
[2026-07-12T11:39:14.867+0000] {logging_mixin.py:188} INFO - [2026-07-12T11:39:14.866+0000] {dagbag.py:538} INFO - Filling up the DagBag from /home/airflow/.local/lib/python3.8/site-packages/airflow/example_dags/tutorial_objectstorage.py
[2026-07-12T11:39:14.876+0000] {processor.py:840} INFO - DAG(s) 'tutorial_objectstorage' retrieved from /home/airflow/.local/lib/python3.8/site-packages/airflow/example_dags/tutorial_objectstorage.py
[2026-07-12T11:39:14.892+0000] {logging_mixin.py:188} INFO - [2026-07-12T11:39:14.892+0000] {dag.py:3036} INFO - Sync 1 DAGs
[2026-07-12T11:39:14.901+0000] {logging_mixin.py:188} INFO - [2026-07-12T11:39:14.901+0000] {dag.py:3823} INFO - Setting next_dagrun for tutorial_objectstorage to None, run_after=None
[2026-07-12T11:39:14.915+0000] {processor.py:183} INFO - Processing /home/airflow/.local/lib/python3.8/site-packages/airflow/example_dags/tutorial_objectstorage.py took 0.053 seconds
[2026-07-12T11:39:45.003+0000] {processor.py:161} INFO - Started process (PID=1871) to work on /home/airflow/.local/lib/python3.8/site-packages/airflow/example_dags/tutorial_objectstorage.py
[2026-07-12T11:39:45.004+0000] {processor.py:830} INFO - Processing file /home/airflow/.local/lib/python3.8/site-packages/airflow/example_dags/tutorial_objectstorage.py for tasks to queue
[2026-07-12T11:39:45.005+0000] {logging_mixin.py:188} INFO - [2026-07-12T11:39:45.005+0000] {dagbag.py:538} INFO - Filling up the DagBag from /home/airflow/.local/lib/python3.8/site-packages/airflow/example_dags/tutorial_objectstorage.py
[2026-07-12T11:39:45.011+0000] {processor.py:840} INFO - DAG(s) 'tutorial_objectstorage' retrieved from /home/airflow/.local/lib/python3.8/site-packages/airflow/example_dags/tutorial_objectstorage.py
[2026-07-12T11:39:45.027+0000] {logging_mixin.py:188} INFO - [2026-07-12T11:39:45.027+0000] {dag.py:3036} INFO - Sync 1 DAGs
[2026-07-12T11:39:45.037+0000] {logging_mixin.py:188} INFO - [2026-07-12T11:39:45.037+0000] {dag.py:3823} INFO - Setting next_dagrun for tutorial_objectstorage to None, run_after=None
[2026-07-12T11:39:45.053+0000] {processor.py:183} INFO - Processing /home/airflow/.local/lib/python3.8/site-packages/airflow/example_dags/tutorial_objectstorage.py took 0.053 seconds
[2026-07-12T11:40:53.672+0000] {processor.py:161} INFO - Started process (PID=1929) to work on /home/airflow/.local/lib/python3.8/site-packages/airflow/example_dags/tutorial_objectstorage.py
[2026-07-12T11:40:53.675+0000] {processor.py:830} INFO - Processing file /home/airflow/.local/lib/python3.8/site-packages/airflow/example_dags/tutorial_objectstorage.py for tasks to queue
[2026-07-12T11:40:53.678+0000] {logging_mixin.py:188} INFO - [2026-07-12T11:40:53.677+0000] {dagbag.py:538} INFO - Filling up the DagBag from /home/airflow/.local/lib/python3.8/site-packages/airflow/example_dags/tutorial_objectstorage.py
[2026-07-12T11:40:53.707+0000] {processor.py:840} INFO - DAG(s) 'tutorial_objectstorage' retrieved from /home/airflow/.local/lib/python3.8/site-packages/airflow/example_dags/tutorial_objectstorage.py
[2026-07-12T11:40:53.792+0000] {logging_mixin.py:188} INFO - [2026-07-12T11:40:53.790+0000] {dag.py:3036} INFO - Sync 1 DAGs
[2026-07-12T11:40:53.816+0000] {logging_mixin.py:188} INFO - [2026-07-12T11:40:53.816+0000] {dag.py:3823} INFO - Setting next_dagrun for tutorial_objectstorage to None, run_after=None
[2026-07-12T11:40:53.862+0000] {processor.py:183} INFO - Processing /home/airflow/.local/lib/python3.8/site-packages/airflow/example_dags/tutorial_objectstorage.py took 0.193 seconds
[2026-07-12T11:41:43.071+0000] {processor.py:161} INFO - Started process (PID=48) to work on /home/airflow/.local/lib/python3.8/site-packages/airflow/example_dags/tutorial_objectstorage.py
[2026-07-12T11:41:43.072+0000] {processor.py:830} INFO - Processing file /home/airflow/.local/lib/python3.8/site-packages/airflow/example_dags/tutorial_objectstorage.py for tasks to queue
[2026-07-12T11:41:43.074+0000] {logging_mixin.py:188} INFO - [2026-07-12T11:41:43.074+0000] {dagbag.py:538} INFO - Filling up the DagBag from /home/airflow/.local/lib/python3.8/site-packages/airflow/example_dags/tutorial_objectstorage.py
[2026-07-12T11:41:43.081+0000] {processor.py:840} INFO - DAG(s) 'tutorial_objectstorage' retrieved from /home/airflow/.local/lib/python3.8/site-packages/airflow/example_dags/tutorial_objectstorage.py
[2026-07-12T11:41:43.102+0000] {logging_mixin.py:188} INFO - [2026-07-12T11:41:43.102+0000] {dag.py:3036} INFO - Sync 1 DAGs
[2026-07-12T11:41:43.111+0000] {logging_mixin.py:188} INFO - [2026-07-12T11:41:43.111+0000] {dag.py:3823} INFO - Setting next_dagrun for tutorial_objectstorage to None, run_after=None
[2026-07-12T11:41:43.125+0000] {processor.py:183} INFO - Processing /home/airflow/.local/lib/python3.8/site-packages/airflow/example_dags/tutorial_objectstorage.py took 0.057 seconds
[2026-07-12T11:42:13.624+0000] {processor.py:161} INFO - Started process (PID=105) to work on /home/airflow/.local/lib/python3.8/site-packages/airflow/example_dags/tutorial_objectstorage.py
[2026-07-12T11:42:13.625+0000] {processor.py:830} INFO - Processing file /home/airflow/.local/lib/python3.8/site-packages/airflow/example_dags/tutorial_objectstorage.py for tasks to queue
[2026-07-12T11:42:13.626+0000] {logging_mixin.py:188} INFO - [2026-07-12T11:42:13.626+0000] {dagbag.py:538} INFO - Filling up the DagBag from /home/airflow/.local/lib/python3.8/site-packages/airflow/example_dags/tutorial_objectstorage.py
[2026-07-12T11:42:13.631+0000] {processor.py:840} INFO - DAG(s) 'tutorial_objectstorage' retrieved from /home/airflow/.local/lib/python3.8/site-packages/airflow/example_dags/tutorial_objectstorage.py
[2026-07-12T11:42:13.647+0000] {logging_mixin.py:188} INFO - [2026-07-12T11:42:13.647+0000] {dag.py:3036} INFO - Sync 1 DAGs
[2026-07-12T11:42:13.657+0000] {logging_mixin.py:188} INFO - [2026-07-12T11:42:13.657+0000] {dag.py:3823} INFO - Setting next_dagrun for tutorial_objectstorage to None, run_after=None
[2026-07-12T11:42:13.672+0000] {processor.py:183} INFO - Processing /home/airflow/.local/lib/python3.8/site-packages/airflow/example_dags/tutorial_objectstorage.py took 0.050 seconds
[2026-07-12T11:42:44.122+0000] {processor.py:161} INFO - Started process (PID=167) to work on /home/airflow/.local/lib/python3.8/site-packages/airflow/example_dags/tutorial_objectstorage.py
[2026-07-12T11:42:44.123+0000] {processor.py:830} INFO - Processing file /home/airflow/.local/lib/python3.8/site-packages/airflow/example_dags/tutorial_objectstorage.py for tasks to queue
[2026-07-12T11:42:44.124+0000] {logging_mixin.py:188} INFO - [2026-07-12T11:42:44.124+0000] {dagbag.py:538} INFO - Filling up the DagBag from /home/airflow/.local/lib/python3.8/site-packages/airflow/example_dags/tutorial_objectstorage.py
[2026-07-12T11:42:44.129+0000] {processor.py:840} INFO - DAG(s) 'tutorial_objectstorage' retrieved from /home/airflow/.local/lib/python3.8/site-packages/airflow/example_dags/tutorial_objectstorage.py
[2026-07-12T11:42:44.144+0000] {logging_mixin.py:188} INFO - [2026-07-12T11:42:44.144+0000] {dag.py:3036} INFO - Sync 1 DAGs
[2026-07-12T11:42:44.152+0000] {logging_mixin.py:188} INFO - [2026-07-12T11:42:44.152+0000] {dag.py:3823} INFO - Setting next_dagrun for tutorial_objectstorage to None, run_after=None
[2026-07-12T11:42:44.166+0000] {processor.py:183} INFO - Processing /home/airflow/.local/lib/python3.8/site-packages/airflow/example_dags/tutorial_objectstorage.py took 0.047 seconds
[2026-07-12T11:43:14.289+0000] {processor.py:161} INFO - Started process (PID=223) to work on /home/airflow/.local/lib/python3.8/site-packages/airflow/example_dags/tutorial_objectstorage.py
[2026-07-12T11:43:14.290+0000] {processor.py:830} INFO - Processing file /home/airflow/.local/lib/python3.8/site-packages/airflow/example_dags/tutorial_objectstorage.py for tasks to queue
[2026-07-12T11:43:14.291+0000] {logging_mixin.py:188} INFO - [2026-07-12T11:43:14.291+0000] {dagbag.py:538} INFO - Filling up the DagBag from /home/airflow/.local/lib/python3.8/site-packages/airflow/example_dags/tutorial_objectstorage.py
[2026-07-12T11:43:14.297+0000] {processor.py:840} INFO - DAG(s) 'tutorial_objectstorage' retrieved from /home/airflow/.local/lib/python3.8/site-packages/airflow/example_dags/tutorial_objectstorage.py
[2026-07-12T11:43:14.312+0000] {logging_mixin.py:188} INFO - [2026-07-12T11:43:14.311+0000] {dag.py:3036} INFO - Sync 1 DAGs
[2026-07-12T11:43:14.321+0000] {logging_mixin.py:188} INFO - [2026-07-12T11:43:14.320+0000] {dag.py:3823} INFO - Setting next_dagrun for tutorial_objectstorage to None, run_after=None
[2026-07-12T11:43:14.337+0000] {processor.py:183} INFO - Processing /home/airflow/.local/lib/python3.8/site-packages/airflow/example_dags/tutorial_objectstorage.py took 0.051 seconds
[2026-07-12T11:43:44.500+0000] {processor.py:161} INFO - Started process (PID=279) to work on /home/airflow/.local/lib/python3.8/site-packages/airflow/example_dags/tutorial_objectstorage.py
[2026-07-12T11:43:44.501+0000] {processor.py:830} INFO - Processing file /home/airflow/.local/lib/python3.8/site-packages/airflow/example_dags/tutorial_objectstorage.py for tasks to queue
[2026-07-12T11:43:44.503+0000] {logging_mixin.py:188} INFO - [2026-07-12T11:43:44.502+0000] {dagbag.py:538} INFO - Filling up the DagBag from /home/airflow/.local/lib/python3.8/site-packages/airflow/example_dags/tutorial_objectstorage.py
[2026-07-12T11:43:44.508+0000] {processor.py:840} INFO - DAG(s) 'tutorial_objectstorage' retrieved from /home/airflow/.local/lib/python3.8/site-packages/airflow/example_dags/tutorial_objectstorage.py
[2026-07-12T11:43:44.523+0000] {logging_mixin.py:188} INFO - [2026-07-12T11:43:44.523+0000] {dag.py:3036} INFO - Sync 1 DAGs
[2026-07-12T11:43:44.532+0000] {logging_mixin.py:188} INFO - [2026-07-12T11:43:44.532+0000] {dag.py:3823} INFO - Setting next_dagrun for tutorial_objectstorage to None, run_after=None
[2026-07-12T11:43:44.545+0000] {processor.py:183} INFO - Processing /home/airflow/.local/lib/python3.8/site-packages/airflow/example_dags/tutorial_objectstorage.py took 0.048 seconds
[2026-07-12T11:44:14.734+0000] {processor.py:161} INFO - Started process (PID=335) to work on /home/airflow/.local/lib/python3.8/site-packages/airflow/example_dags/tutorial_objectstorage.py
[2026-07-12T11:44:14.735+0000] {processor.py:830} INFO - Processing file /home/airflow/.local/lib/python3.8/site-packages/airflow/example_dags/tutorial_objectstorage.py for tasks to queue
[2026-07-12T11:44:14.737+0000] {logging_mixin.py:188} INFO - [2026-07-12T11:44:14.737+0000] {dagbag.py:538} INFO - Filling up the DagBag from /home/airflow/.local/lib/python3.8/site-packages/airflow/example_dags/tutorial_objectstorage.py
[2026-07-12T11:44:14.744+0000] {processor.py:840} INFO - DAG(s) 'tutorial_objectstorage' retrieved from /home/airflow/.local/lib/python3.8/site-packages/airflow/example_dags/tutorial_objectstorage.py
[2026-07-12T11:44:14.766+0000] {logging_mixin.py:188} INFO - [2026-07-12T11:44:14.766+0000] {dag.py:3036} INFO - Sync 1 DAGs
[2026-07-12T11:44:14.778+0000] {logging_mixin.py:188} INFO - [2026-07-12T11:44:14.778+0000] {dag.py:3823} INFO - Setting next_dagrun for tutorial_objectstorage to None, run_after=None
[2026-07-12T11:44:14.800+0000] {processor.py:183} INFO - Processing /home/airflow/.local/lib/python3.8/site-packages/airflow/example_dags/tutorial_objectstorage.py took 0.070 seconds
[2026-07-12T11:44:45.158+0000] {processor.py:161} INFO - Started process (PID=391) to work on /home/airflow/.local/lib/python3.8/site-packages/airflow/example_dags/tutorial_objectstorage.py
[2026-07-12T11:44:45.160+0000] {processor.py:830} INFO - Processing file /home/airflow/.local/lib/python3.8/site-packages/airflow/example_dags/tutorial_objectstorage.py for tasks to queue
[2026-07-12T11:44:45.162+0000] {logging_mixin.py:188} INFO - [2026-07-12T11:44:45.161+0000] {dagbag.py:538} INFO - Filling up the DagBag from /home/airflow/.local/lib/python3.8/site-packages/airflow/example_dags/tutorial_objectstorage.py
[2026-07-12T11:44:45.171+0000] {processor.py:840} INFO - DAG(s) 'tutorial_objectstorage' retrieved from /home/airflow/.local/lib/python3.8/site-packages/airflow/example_dags/tutorial_objectstorage.py
[2026-07-12T11:44:45.195+0000] {logging_mixin.py:188} INFO - [2026-07-12T11:44:45.195+0000] {dag.py:3036} INFO - Sync 1 DAGs
[2026-07-12T11:44:45.213+0000] {logging_mixin.py:188} INFO - [2026-07-12T11:44:45.213+0000] {dag.py:3823} INFO - Setting next_dagrun for tutorial_objectstorage to None, run_after=None
[2026-07-12T11:44:45.235+0000] {processor.py:183} INFO - Processing /home/airflow/.local/lib/python3.8/site-packages/airflow/example_dags/tutorial_objectstorage.py took 0.080 seconds
[2026-07-12T11:45:15.336+0000] {processor.py:161} INFO - Started process (PID=448) to work on /home/airflow/.local/lib/python3.8/site-packages/airflow/example_dags/tutorial_objectstorage.py
[2026-07-12T11:45:15.337+0000] {processor.py:830} INFO - Processing file /home/airflow/.local/lib/python3.8/site-packages/airflow/example_dags/tutorial_objectstorage.py for tasks to queue
[2026-07-12T11:45:15.338+0000] {logging_mixin.py:188} INFO - [2026-07-12T11:45:15.338+0000] {dagbag.py:538} INFO - Filling up the DagBag from /home/airflow/.local/lib/python3.8/site-packages/airflow/example_dags/tutorial_objectstorage.py
[2026-07-12T11:45:15.343+0000] {processor.py:840} INFO - DAG(s) 'tutorial_objectstorage' retrieved from /home/airflow/.local/lib/python3.8/site-packages/airflow/example_dags/tutorial_objectstorage.py
[2026-07-12T11:45:15.358+0000] {logging_mixin.py:188} INFO - [2026-07-12T11:45:15.357+0000] {dag.py:3036} INFO - Sync 1 DAGs
[2026-07-12T11:45:15.366+0000] {logging_mixin.py:188} INFO - [2026-07-12T11:45:15.365+0000] {dag.py:3823} INFO - Setting next_dagrun for tutorial_objectstorage to None, run_after=None
[2026-07-12T11:45:15.379+0000] {processor.py:183} INFO - Processing /home/airflow/.local/lib/python3.8/site-packages/airflow/example_dags/tutorial_objectstorage.py took 0.046 seconds
[2026-07-12T11:45:45.608+0000] {processor.py:161} INFO - Started process (PID=504) to work on /home/airflow/.local/lib/python3.8/site-packages/airflow/example_dags/tutorial_objectstorage.py
[2026-07-12T11:45:45.609+0000] {processor.py:830} INFO - Processing file /home/airflow/.local/lib/python3.8/site-packages/airflow/example_dags/tutorial_objectstorage.py for tasks to queue
[2026-07-12T11:45:45.610+0000] {logging_mixin.py:188} INFO - [2026-07-12T11:45:45.610+0000] {dagbag.py:538} INFO - Filling up the DagBag from /home/airflow/.local/lib/python3.8/site-packages/airflow/example_dags/tutorial_objectstorage.py
[2026-07-12T11:45:45.615+0000] {processor.py:840} INFO - DAG(s) 'tutorial_objectstorage' retrieved from /home/airflow/.local/lib/python3.8/site-packages/airflow/example_dags/tutorial_objectstorage.py
[2026-07-12T11:45:45.630+0000] {logging_mixin.py:188} INFO - [2026-07-12T11:45:45.629+0000] {dag.py:3036} INFO - Sync 1 DAGs
[2026-07-12T11:45:45.638+0000] {logging_mixin.py:188} INFO - [2026-07-12T11:45:45.637+0000] {dag.py:3823} INFO - Setting next_dagrun for tutorial_objectstorage to None, run_after=None
[2026-07-12T11:45:45.651+0000] {processor.py:183} INFO - Processing /home/airflow/.local/lib/python3.8/site-packages/airflow/example_dags/tutorial_objectstorage.py took 0.046 seconds
[2026-07-12T11:46:15.999+0000] {processor.py:161} INFO - Started process (PID=559) to work on /home/airflow/.local/lib/python3.8/site-packages/airflow/example_dags/tutorial_objectstorage.py
[2026-07-12T11:46:16.000+0000] {processor.py:830} INFO - Processing file /home/airflow/.local/lib/python3.8/site-packages/airflow/example_dags/tutorial_objectstorage.py for tasks to queue
[2026-07-12T11:46:16.001+0000] {logging_mixin.py:188} INFO - [2026-07-12T11:46:16.001+0000] {dagbag.py:538} INFO - Filling up the DagBag from /home/airflow/.local/lib/python3.8/site-packages/airflow/example_dags/tutorial_objectstorage.py
[2026-07-12T11:46:16.006+0000] {processor.py:840} INFO - DAG(s) 'tutorial_objectstorage' retrieved from /home/airflow/.local/lib/python3.8/site-packages/airflow/example_dags/tutorial_objectstorage.py
[2026-07-12T11:46:16.020+0000] {logging_mixin.py:188} INFO - [2026-07-12T11:46:16.020+0000] {dag.py:3036} INFO - Sync 1 DAGs
[2026-07-12T11:46:16.028+0000] {logging_mixin.py:188} INFO - [2026-07-12T11:46:16.028+0000] {dag.py:3823} INFO - Setting next_dagrun for tutorial_objectstorage to None, run_after=None
[2026-07-12T11:46:16.042+0000] {processor.py:183} INFO - Processing /home/airflow/.local/lib/python3.8/site-packages/airflow/example_dags/tutorial_objectstorage.py took 0.045 seconds
[2026-07-12T11:48:40.902+0000] {processor.py:161} INFO - Started process (PID=617) to work on /home/airflow/.local/lib/python3.8/site-packages/airflow/example_dags/tutorial_objectstorage.py
[2026-07-12T11:48:41.208+0000] {processor.py:830} INFO - Processing file /home/airflow/.local/lib/python3.8/site-packages/airflow/example_dags/tutorial_objectstorage.py for tasks to queue
[2026-07-12T11:48:41.373+0000] {logging_mixin.py:188} INFO - [2026-07-12T11:48:41.209+0000] {dagbag.py:538} INFO - Filling up the DagBag from /home/airflow/.local/lib/python3.8/site-packages/airflow/example_dags/tutorial_objectstorage.py
[2026-07-12T11:48:45.039+0000] {processor.py:840} INFO - DAG(s) 'tutorial_objectstorage' retrieved from /home/airflow/.local/lib/python3.8/site-packages/airflow/example_dags/tutorial_objectstorage.py
[2026-07-12T11:50:36.040+0000] {processor.py:186} ERROR - Got an exception! Propagating...
Traceback (most recent call last):
  File "/home/airflow/.local/lib/python3.8/site-packages/sqlalchemy/engine/base.py", line 3371, in _wrap_pool_connect
    return fn()
  File "/home/airflow/.local/lib/python3.8/site-packages/sqlalchemy/pool/base.py", line 327, in connect
    return _ConnectionFairy._checkout(self)
  File "/home/airflow/.local/lib/python3.8/site-packages/sqlalchemy/pool/base.py", line 894, in _checkout
    fairy = _ConnectionRecord.checkout(pool)
  File "/home/airflow/.local/lib/python3.8/site-packages/sqlalchemy/pool/base.py", line 493, in checkout
    rec = pool._do_get()
  File "/home/airflow/.local/lib/python3.8/site-packages/sqlalchemy/pool/impl.py", line 146, in _do_get
    self._dec_overflow()
  File "/home/airflow/.local/lib/python3.8/site-packages/sqlalchemy/util/langhelpers.py", line 70, in __exit__
    compat.raise_(
  File "/home/airflow/.local/lib/python3.8/site-packages/sqlalchemy/util/compat.py", line 211, in raise_
    raise exception
  File "/home/airflow/.local/lib/python3.8/site-packages/sqlalchemy/pool/impl.py", line 143, in _do_get
    return self._create_connection()
  File "/home/airflow/.local/lib/python3.8/site-packages/sqlalchemy/pool/base.py", line 273, in _create_connection
    return _ConnectionRecord(self)
  File "/home/airflow/.local/lib/python3.8/site-packages/sqlalchemy/pool/base.py", line 388, in __init__
    self.__connect()
  File "/home/airflow/.local/lib/python3.8/site-packages/sqlalchemy/pool/base.py", line 691, in __connect
    pool.logger.debug("Error on connect(): %s", e)
  File "/home/airflow/.local/lib/python3.8/site-packages/sqlalchemy/util/langhelpers.py", line 70, in __exit__
    compat.raise_(
  File "/home/airflow/.local/lib/python3.8/site-packages/sqlalchemy/util/compat.py", line 211, in raise_
    raise exception
  File "/home/airflow/.local/lib/python3.8/site-packages/sqlalchemy/pool/base.py", line 686, in __connect
    self.dbapi_connection = connection = pool._invoke_creator(self)
  File "/home/airflow/.local/lib/python3.8/site-packages/sqlalchemy/engine/create.py", line 574, in connect
    return dialect.connect(*cargs, **cparams)
  File "/home/airflow/.local/lib/python3.8/site-packages/sqlalchemy/engine/default.py", line 598, in connect
    return self.dbapi.connect(*cargs, **cparams)
  File "/home/airflow/.local/lib/python3.8/site-packages/psycopg2/__init__.py", line 122, in connect
    conn = _connect(dsn, connection_factory=connection_factory, **kwasync)
psycopg2.OperationalError: could not translate host name "postgres" to address: Temporary failure in name resolution


The above exception was the direct cause of the following exception:

Traceback (most recent call last):
  File "/home/airflow/.local/lib/python3.8/site-packages/airflow/dag_processing/processor.py", line 182, in _run_file_processor
    _handle_dag_file_processing()
  File "/home/airflow/.local/lib/python3.8/site-packages/airflow/dag_processing/processor.py", line 163, in _handle_dag_file_processing
    result: tuple[int, int] = dag_file_processor.process_file(
  File "/home/airflow/.local/lib/python3.8/site-packages/airflow/utils/session.py", line 79, in wrapper
    return func(*args, session=session, **kwargs)
  File "/home/airflow/.local/lib/python3.8/site-packages/airflow/dag_processing/processor.py", line 859, in process_file
    serialize_errors = DagFileProcessor.save_dag_to_db(
  File "/home/airflow/.local/lib/python3.8/site-packages/airflow/api_internal/internal_api_call.py", line 114, in wrapper
    return func(*args, **kwargs)
  File "/home/airflow/.local/lib/python3.8/site-packages/airflow/utils/session.py", line 79, in wrapper
    return func(*args, session=session, **kwargs)
  File "/home/airflow/.local/lib/python3.8/site-packages/airflow/dag_processing/processor.py", line 895, in save_dag_to_db
    import_errors = DagBag._sync_to_db(dags=dags, processor_subdir=dag_directory, session=session)
  File "/home/airflow/.local/lib/python3.8/site-packages/airflow/utils/session.py", line 76, in wrapper
    return func(*args, **kwargs)
  File "/home/airflow/.local/lib/python3.8/site-packages/airflow/models/dagbag.py", line 657, in _sync_to_db
    for attempt in run_with_db_retries(logger=log):
  File "/home/airflow/.local/lib/python3.8/site-packages/tenacity/__init__.py", line 347, in __iter__
    do = self.iter(retry_state=retry_state)
  File "/home/airflow/.local/lib/python3.8/site-packages/tenacity/__init__.py", line 325, in iter
    raise retry_exc.reraise()
  File "/home/airflow/.local/lib/python3.8/site-packages/tenacity/__init__.py", line 158, in reraise
    raise self.last_attempt.result()
  File "/usr/local/lib/python3.8/concurrent/futures/_base.py", line 437, in result
    return self.__get_result()
  File "/usr/local/lib/python3.8/concurrent/futures/_base.py", line 389, in __get_result
    raise self._exception
  File "/home/airflow/.local/lib/python3.8/site-packages/airflow/models/dagbag.py", line 670, in _sync_to_db
    _serialize_dag_capturing_errors(dag, session, processor_subdir)
  File "/home/airflow/.local/lib/python3.8/site-packages/airflow/models/dagbag.py", line 635, in _serialize_dag_capturing_errors
    dag_was_updated = SerializedDagModel.write_dag(
  File "/home/airflow/.local/lib/python3.8/site-packages/airflow/utils/session.py", line 76, in wrapper
    return func(*args, **kwargs)
  File "/home/airflow/.local/lib/python3.8/site-packages/airflow/models/serialized_dag.py", line 157, in write_dag
    if session.scalar(
  File "/home/airflow/.local/lib/python3.8/site-packages/sqlalchemy/orm/session.py", line 1747, in scalar
    return self.execute(
  File "/home/airflow/.local/lib/python3.8/site-packages/sqlalchemy/orm/session.py", line 1716, in execute
    conn = self._connection_for_bind(bind)
  File "/home/airflow/.local/lib/python3.8/site-packages/sqlalchemy/orm/session.py", line 1555, in _connection_for_bind
    return self._transaction._connection_for_bind(
  File "/home/airflow/.local/lib/python3.8/site-packages/sqlalchemy/orm/session.py", line 750, in _connection_for_bind
    conn = bind.connect()
  File "/home/airflow/.local/lib/python3.8/site-packages/sqlalchemy/future/engine.py", line 412, in connect
    return super(Engine, self).connect()
  File "/home/airflow/.local/lib/python3.8/site-packages/sqlalchemy/engine/base.py", line 3325, in connect
    return self._connection_cls(self, close_with_result=close_with_result)
  File "/home/airflow/.local/lib/python3.8/site-packages/sqlalchemy/engine/base.py", line 96, in __init__
    else engine.raw_connection()
  File "/home/airflow/.local/lib/python3.8/site-packages/sqlalchemy/engine/base.py", line 3404, in raw_connection
    return self._wrap_pool_connect(self.pool.connect, _connection)
  File "/home/airflow/.local/lib/python3.8/site-packages/sqlalchemy/engine/base.py", line 3374, in _wrap_pool_connect
    Connection._handle_dbapi_exception_noconnection(
  File "/home/airflow/.local/lib/python3.8/site-packages/sqlalchemy/engine/base.py", line 2208, in _handle_dbapi_exception_noconnection
    util.raise_(
  File "/home/airflow/.local/lib/python3.8/site-packages/sqlalchemy/util/compat.py", line 211, in raise_
    raise exception
  File "/home/airflow/.local/lib/python3.8/site-packages/sqlalchemy/engine/base.py", line 3371, in _wrap_pool_connect
    return fn()
  File "/home/airflow/.local/lib/python3.8/site-packages/sqlalchemy/pool/base.py", line 327, in connect
    return _ConnectionFairy._checkout(self)
  File "/home/airflow/.local/lib/python3.8/site-packages/sqlalchemy/pool/base.py", line 894, in _checkout
    fairy = _ConnectionRecord.checkout(pool)
  File "/home/airflow/.local/lib/python3.8/site-packages/sqlalchemy/pool/base.py", line 493, in checkout
    rec = pool._do_get()
  File "/home/airflow/.local/lib/python3.8/site-packages/sqlalchemy/pool/impl.py", line 146, in _do_get
    self._dec_overflow()
  File "/home/airflow/.local/lib/python3.8/site-packages/sqlalchemy/util/langhelpers.py", line 70, in __exit__
    compat.raise_(
  File "/home/airflow/.local/lib/python3.8/site-packages/sqlalchemy/util/compat.py", line 211, in raise_
    raise exception
  File "/home/airflow/.local/lib/python3.8/site-packages/sqlalchemy/pool/impl.py", line 143, in _do_get
    return self._create_connection()
  File "/home/airflow/.local/lib/python3.8/site-packages/sqlalchemy/pool/base.py", line 273, in _create_connection
    return _ConnectionRecord(self)
  File "/home/airflow/.local/lib/python3.8/site-packages/sqlalchemy/pool/base.py", line 388, in __init__
    self.__connect()
  File "/home/airflow/.local/lib/python3.8/site-packages/sqlalchemy/pool/base.py", line 691, in __connect
    pool.logger.debug("Error on connect(): %s", e)
  File "/home/airflow/.local/lib/python3.8/site-packages/sqlalchemy/util/langhelpers.py", line 70, in __exit__
    compat.raise_(
  File "/home/airflow/.local/lib/python3.8/site-packages/sqlalchemy/util/compat.py", line 211, in raise_
    raise exception
  File "/home/airflow/.local/lib/python3.8/site-packages/sqlalchemy/pool/base.py", line 686, in __connect
    self.dbapi_connection = connection = pool._invoke_creator(self)
  File "/home/airflow/.local/lib/python3.8/site-packages/sqlalchemy/engine/create.py", line 574, in connect
    return dialect.connect(*cargs, **cparams)
  File "/home/airflow/.local/lib/python3.8/site-packages/sqlalchemy/engine/default.py", line 598, in connect
    return self.dbapi.connect(*cargs, **cparams)
  File "/home/airflow/.local/lib/python3.8/site-packages/psycopg2/__init__.py", line 122, in connect
    conn = _connect(dsn, connection_factory=connection_factory, **kwasync)
sqlalchemy.exc.OperationalError: (psycopg2.OperationalError) could not translate host name "postgres" to address: Temporary failure in name resolution

(Background on this error at: https://sqlalche.me/e/14/e3q8)
